source name	characteristics[organism]	characteristics[organism part]	characteristics[disease]	characteristics[biological replicate]	assay name	technology type	comment[proteomics data acquisition method]	comment[label]	comment[instrument]	comment[cleavage agent details]	comment[modification parameters]	comment[modification parameters]	comment[technical replicate]	comment[fraction identifier]	comment[data file]	comment[sdrf version]	comment[sdrf template]	comment[sdrf annotation tool]
G_Aquino_070918_021018_R2_L3_21	Saccharomyces cerevisiae	not available	not available	1	G_Aquino_070918_021018_R2_L3_21	proteomic profiling by mass spectrometry	Data-dependent acquisition	NT=label free sample;AC=MS:1002038	NT=Q Exactive HF;AC=MS:1002523	NT=Trypsin;AC=MS:1001251	NT=Carbamidomethyl;AC=UNIMOD:4;TA=C;MT=Fixed	NT=Oxidation;AC=UNIMOD:35;TA=M;MT=Variable	1	1	G_Aquino_070918_021018_R2_L3_21.raw	v1.1.0	NT=ms-proteomics;VV=v1.1.0	NT=sdrf-skeleton-gen;VV=v1.0.0
G_Aquino_070918_021018_R2_L3_22	Saccharomyces cerevisiae	not available	not available	1	G_Aquino_070918_021018_R2_L3_22	proteomic profiling by mass spectrometry	Data-dependent acquisition	NT=label free sample;AC=MS:1002038	NT=Q Exactive HF;AC=MS:1002523	NT=Trypsin;AC=MS:1001251	NT=Carbamidomethyl;AC=UNIMOD:4;TA=C;MT=Fixed	NT=Oxidation;AC=UNIMOD:35;TA=M;MT=Variable	1	1	G_Aquino_070918_021018_R2_L3_22.raw	v1.1.0	NT=ms-proteomics;VV=v1.1.0	NT=sdrf-skeleton-gen;VV=v1.0.0
G_Aquino_070918_021018_R2_L3_23	Saccharomyces cerevisiae	not available	not available	1	G_Aquino_070918_021018_R2_L3_23	proteomic profiling by mass spectrometry	Data-dependent acquisition	NT=label free sample;AC=MS:1002038	NT=Q Exactive HF;AC=MS:1002523	NT=Trypsin;AC=MS:1001251	NT=Carbamidomethyl;AC=UNIMOD:4;TA=C;MT=Fixed	NT=Oxidation;AC=UNIMOD:35;TA=M;MT=Variable	1	1	G_Aquino_070918_021018_R2_L3_23.raw	v1.1.0	NT=ms-proteomics;VV=v1.1.0	NT=sdrf-skeleton-gen;VV=v1.0.0
G_Aquino_070918_021018_R2_L4_1	Saccharomyces cerevisiae	not available	not available	1	G_Aquino_070918_021018_R2_L4_1	proteomic profiling by mass spectrometry	Data-dependent acquisition	NT=label free sample;AC=MS:1002038	NT=Q Exactive HF;AC=MS:1002523	NT=Trypsin;AC=MS:1001251	NT=Carbamidomethyl;AC=UNIMOD:4;TA=C;MT=Fixed	NT=Oxidation;AC=UNIMOD:35;TA=M;MT=Variable	1	1	G_Aquino_070918_021018_R2_L4_1.raw	v1.1.0	NT=ms-proteomics;VV=v1.1.0	NT=sdrf-skeleton-gen;VV=v1.0.0
G_Aquino_070918_021018_R2_L4_10	Saccharomyces cerevisiae	not available	not available	1	G_Aquino_070918_021018_R2_L4_10	proteomic profiling by mass spectrometry	Data-dependent acquisition	NT=label free sample;AC=MS:1002038	NT=Q Exactive HF;AC=MS:1002523	NT=Trypsin;AC=MS:1001251	NT=Carbamidomethyl;AC=UNIMOD:4;TA=C;MT=Fixed	NT=Oxidation;AC=UNIMOD:35;TA=M;MT=Variable	1	1	G_Aquino_070918_021018_R2_L4_10.raw	v1.1.0	NT=ms-proteomics;VV=v1.1.0	NT=sdrf-skeleton-gen;VV=v1.0.0
G_Aquino_070918_021018_R2_L4_11	Saccharomyces cerevisiae	not available	not available	1	G_Aquino_070918_021018_R2_L4_11	proteomic profiling by mass spectrometry	Data-dependent acquisition	NT=label free sample;AC=MS:1002038	NT=Q Exactive HF;AC=MS:1002523	NT=Trypsin;AC=MS:1001251	NT=Carbamidomethyl;AC=UNIMOD:4;TA=C;MT=Fixed	NT=Oxidation;AC=UNIMOD:35;TA=M;MT=Variable	1	1	G_Aquino_070918_021018_R2_L4_11.raw	v1.1.0	NT=ms-proteomics;VV=v1.1.0	NT=sdrf-skeleton-gen;VV=v1.0.0
G_Aquino_070918_021018_R2_L4_12	Saccharomyces cerevisiae	not available	not available	1	G_Aquino_070918_021018_R2_L4_12	proteomic profiling by mass spectrometry	Data-dependent acquisition	NT=label free sample;AC=MS:1002038	NT=Q Exactive HF;AC=MS:1002523	NT=Trypsin;AC=MS:1001251	NT=Carbamidomethyl;AC=UNIMOD:4;TA=C;MT=Fixed	NT=Oxidation;AC=UNIMOD:35;TA=M;MT=Variable	1	1	G_Aquino_070918_021018_R2_L4_12.raw	v1.1.0	NT=ms-proteomics;VV=v1.1.0	NT=sdrf-skeleton-gen;VV=v1.0.0
G_Aquino_070918_021018_R2_L4_13	Saccharomyces cerevisiae	not available	not available	1	G_Aquino_070918_021018_R2_L4_13	proteomic profiling by mass spectrometry	Data-dependent acquisition	NT=label free sample;AC=MS:1002038	NT=Q Exactive HF;AC=MS:1002523	NT=Trypsin;AC=MS:1001251	NT=Carbamidomethyl;AC=UNIMOD:4;TA=C;MT=Fixed	NT=Oxidation;AC=UNIMOD:35;TA=M;MT=Variable	1	1	G_Aquino_070918_021018_R2_L4_13.raw	v1.1.0	NT=ms-proteomics;VV=v1.1.0	NT=sdrf-skeleton-gen;VV=v1.0.0
G_Aquino_070918_021018_R2_L4_14	Saccharomyces cerevisiae	not available	not available	1	G_Aquino_070918_021018_R2_L4_14	proteomic profiling by mass spectrometry	Data-dependent acquisition	NT=label free sample;AC=MS:1002038	NT=Q Exactive HF;AC=MS:1002523	NT=Trypsin;AC=MS:1001251	NT=Carbamidomethyl;AC=UNIMOD:4;TA=C;MT=Fixed	NT=Oxidation;AC=UNIMOD:35;TA=M;MT=Variable	1	1	G_Aquino_070918_021018_R2_L4_14.raw	v1.1.0	NT=ms-proteomics;VV=v1.1.0	NT=sdrf-skeleton-gen;VV=v1.0.0
G_Aquino_070918_021018_R2_L4_15	Saccharomyces cerevisiae	not available	not available	1	G_Aquino_070918_021018_R2_L4_15	proteomic profiling by mass spectrometry	Data-dependent acquisition	NT=label free sample;AC=MS:1002038	NT=Q Exactive HF;AC=MS:1002523	NT=Trypsin;AC=MS:1001251	NT=Carbamidomethyl;AC=UNIMOD:4;TA=C;MT=Fixed	NT=Oxidation;AC=UNIMOD:35;TA=M;MT=Variable	1	1	G_Aquino_070918_021018_R2_L4_15.raw	v1.1.0	NT=ms-proteomics;VV=v1.1.0	NT=sdrf-skeleton-gen;VV=v1.0.0
G_Aquino_070918_021018_R2_L4_16	Saccharomyces cerevisiae	not available	not available	1	G_Aquino_070918_021018_R2_L4_16	proteomic profiling by mass spectrometry	Data-dependent acquisition	NT=label free sample;AC=MS:1002038	NT=Q Exactive HF;AC=MS:1002523	NT=Trypsin;AC=MS:1001251	NT=Carbamidomethyl;AC=UNIMOD:4;TA=C;MT=Fixed	NT=Oxidation;AC=UNIMOD:35;TA=M;MT=Variable	1	1	G_Aquino_070918_021018_R2_L4_16.raw	v1.1.0	NT=ms-proteomics;VV=v1.1.0	NT=sdrf-skeleton-gen;VV=v1.0.0
G_Aquino_070918_021018_R2_L4_17	Saccharomyces cerevisiae	not available	not available	1	G_Aquino_070918_021018_R2_L4_17	proteomic profiling by mass spectrometry	Data-dependent acquisition	NT=label free sample;AC=MS:1002038	NT=Q Exactive HF;AC=MS:1002523	NT=Trypsin;AC=MS:1001251	NT=Carbamidomethyl;AC=UNIMOD:4;TA=C;MT=Fixed	NT=Oxidation;AC=UNIMOD:35;TA=M;MT=Variable	1	1	G_Aquino_070918_021018_R2_L4_17.raw	v1.1.0	NT=ms-proteomics;VV=v1.1.0	NT=sdrf-skeleton-gen;VV=v1.0.0
G_Aquino_070918_021018_R2_L4_18	Saccharomyces cerevisiae	not available	not available	1	G_Aquino_070918_021018_R2_L4_18	proteomic profiling by mass spectrometry	Data-dependent acquisition	NT=label free sample;AC=MS:1002038	NT=Q Exactive HF;AC=MS:1002523	NT=Trypsin;AC=MS:1001251	NT=Carbamidomethyl;AC=UNIMOD:4;TA=C;MT=Fixed	NT=Oxidation;AC=UNIMOD:35;TA=M;MT=Variable	1	1	G_Aquino_070918_021018_R2_L4_18.raw	v1.1.0	NT=ms-proteomics;VV=v1.1.0	NT=sdrf-skeleton-gen;VV=v1.0.0
G_Aquino_070918_021018_R2_L4_19	Saccharomyces cerevisiae	not available	not available	1	G_Aquino_070918_021018_R2_L4_19	proteomic profiling by mass spectrometry	Data-dependent acquisition	NT=label free sample;AC=MS:1002038	NT=Q Exactive HF;AC=MS:1002523	NT=Trypsin;AC=MS:1001251	NT=Carbamidomethyl;AC=UNIMOD:4;TA=C;MT=Fixed	NT=Oxidation;AC=UNIMOD:35;TA=M;MT=Variable	1	1	G_Aquino_070918_021018_R2_L4_19.raw	v1.1.0	NT=ms-proteomics;VV=v1.1.0	NT=sdrf-skeleton-gen;VV=v1.0.0
G_Aquino_070918_021018_R2_L4_2	Saccharomyces cerevisiae	not available	not available	1	G_Aquino_070918_021018_R2_L4_2	proteomic profiling by mass spectrometry	Data-dependent acquisition	NT=label free sample;AC=MS:1002038	NT=Q Exactive HF;AC=MS:1002523	NT=Trypsin;AC=MS:1001251	NT=Carbamidomethyl;AC=UNIMOD:4;TA=C;MT=Fixed	NT=Oxidation;AC=UNIMOD:35;TA=M;MT=Variable	1	1	G_Aquino_070918_021018_R2_L4_2.raw	v1.1.0	NT=ms-proteomics;VV=v1.1.0	NT=sdrf-skeleton-gen;VV=v1.0.0
G_Aquino_070918_021018_R2_L4_20	Saccharomyces cerevisiae	not available	not available	1	G_Aquino_070918_021018_R2_L4_20	proteomic profiling by mass spectrometry	Data-dependent acquisition	NT=label free sample;AC=MS:1002038	NT=Q Exactive HF;AC=MS:1002523	NT=Trypsin;AC=MS:1001251	NT=Carbamidomethyl;AC=UNIMOD:4;TA=C;MT=Fixed	NT=Oxidation;AC=UNIMOD:35;TA=M;MT=Variable	1	1	G_Aquino_070918_021018_R2_L4_20.raw	v1.1.0	NT=ms-proteomics;VV=v1.1.0	NT=sdrf-skeleton-gen;VV=v1.0.0
G_Aquino_070918_021018_R2_L4_21	Saccharomyces cerevisiae	not available	not available	1	G_Aquino_070918_021018_R2_L4_21	proteomic profiling by mass spectrometry	Data-dependent acquisition	NT=label free sample;AC=MS:1002038	NT=Q Exactive HF;AC=MS:1002523	NT=Trypsin;AC=MS:1001251	NT=Carbamidomethyl;AC=UNIMOD:4;TA=C;MT=Fixed	NT=Oxidation;AC=UNIMOD:35;TA=M;MT=Variable	1	1	G_Aquino_070918_021018_R2_L4_21.raw	v1.1.0	NT=ms-proteomics;VV=v1.1.0	NT=sdrf-skeleton-gen;VV=v1.0.0
G_Aquino_070918_021018_R2_L4_22	Saccharomyces cerevisiae	not available	not available	1	G_Aquino_070918_021018_R2_L4_22	proteomic profiling by mass spectrometry	Data-dependent acquisition	NT=label free sample;AC=MS:1002038	NT=Q Exactive HF;AC=MS:1002523	NT=Trypsin;AC=MS:1001251	NT=Carbamidomethyl;AC=UNIMOD:4;TA=C;MT=Fixed	NT=Oxidation;AC=UNIMOD:35;TA=M;MT=Variable	1	1	G_Aquino_070918_021018_R2_L4_22.raw	v1.1.0	NT=ms-proteomics;VV=v1.1.0	NT=sdrf-skeleton-gen;VV=v1.0.0
G_Aquino_070918_021018_R2_L4_23	Saccharomyces cerevisiae	not available	not available	1	G_Aquino_070918_021018_R2_L4_23	proteomic profiling by mass spectrometry	Data-dependent acquisition	NT=label free sample;AC=MS:1002038	NT=Q Exactive HF;AC=MS:1002523	NT=Trypsin;AC=MS:1001251	NT=Carbamidomethyl;AC=UNIMOD:4;TA=C;MT=Fixed	NT=Oxidation;AC=UNIMOD:35;TA=M;MT=Variable	1	1	G_Aquino_070918_021018_R2_L4_23.raw	v1.1.0	NT=ms-proteomics;VV=v1.1.0	NT=sdrf-skeleton-gen;VV=v1.0.0
G_Aquino_070918_021018_R2_L4_3	Saccharomyces cerevisiae	not available	not available	1	G_Aquino_070918_021018_R2_L4_3	proteomic profiling by mass spectrometry	Data-dependent acquisition	NT=label free sample;AC=MS:1002038	NT=Q Exactive HF;AC=MS:1002523	NT=Trypsin;AC=MS:1001251	NT=Carbamidomethyl;AC=UNIMOD:4;TA=C;MT=Fixed	NT=Oxidation;AC=UNIMOD:35;TA=M;MT=Variable	1	1	G_Aquino_070918_021018_R2_L4_3.raw	v1.1.0	NT=ms-proteomics;VV=v1.1.0	NT=sdrf-skeleton-gen;VV=v1.0.0
G_Aquino_070918_021018_R2_L4_4	Saccharomyces cerevisiae	not available	not available	1	G_Aquino_070918_021018_R2_L4_4	proteomic profiling by mass spectrometry	Data-dependent acquisition	NT=label free sample;AC=MS:1002038	NT=Q Exactive HF;AC=MS:1002523	NT=Trypsin;AC=MS:1001251	NT=Carbamidomethyl;AC=UNIMOD:4;TA=C;MT=Fixed	NT=Oxidation;AC=UNIMOD:35;TA=M;MT=Variable	1	1	G_Aquino_070918_021018_R2_L4_4.raw	v1.1.0	NT=ms-proteomics;VV=v1.1.0	NT=sdrf-skeleton-gen;VV=v1.0.0
G_Aquino_070918_021018_R2_L4_5	Saccharomyces cerevisiae	not available	not available	1	G_Aquino_070918_021018_R2_L4_5	proteomic profiling by mass spectrometry	Data-dependent acquisition	NT=label free sample;AC=MS:1002038	NT=Q Exactive HF;AC=MS:1002523	NT=Trypsin;AC=MS:1001251	NT=Carbamidomethyl;AC=UNIMOD:4;TA=C;MT=Fixed	NT=Oxidation;AC=UNIMOD:35;TA=M;MT=Variable	1	1	G_Aquino_070918_021018_R2_L4_5.raw	v1.1.0	NT=ms-proteomics;VV=v1.1.0	NT=sdrf-skeleton-gen;VV=v1.0.0
G_Aquino_070918_021018_R2_L4_6	Saccharomyces cerevisiae	not available	not available	1	G_Aquino_070918_021018_R2_L4_6	proteomic profiling by mass spectrometry	Data-dependent acquisition	NT=label free sample;AC=MS:1002038	NT=Q Exactive HF;AC=MS:1002523	NT=Trypsin;AC=MS:1001251	NT=Carbamidomethyl;AC=UNIMOD:4;TA=C;MT=Fixed	NT=Oxidation;AC=UNIMOD:35;TA=M;MT=Variable	1	1	G_Aquino_070918_021018_R2_L4_6.raw	v1.1.0	NT=ms-proteomics;VV=v1.1.0	NT=sdrf-skeleton-gen;VV=v1.0.0
G_Aquino_070918_021018_R2_L4_7	Saccharomyces cerevisiae	not available	not available	1	G_Aquino_070918_021018_R2_L4_7	proteomic profiling by mass spectrometry	Data-dependent acquisition	NT=label free sample;AC=MS:1002038	NT=Q Exactive HF;AC=MS:1002523	NT=Trypsin;AC=MS:1001251	NT=Carbamidomethyl;AC=UNIMOD:4;TA=C;MT=Fixed	NT=Oxidation;AC=UNIMOD:35;TA=M;MT=Variable	1	1	G_Aquino_070918_021018_R2_L4_7.raw	v1.1.0	NT=ms-proteomics;VV=v1.1.0	NT=sdrf-skeleton-gen;VV=v1.0.0
G_Aquino_070918_021018_R2_L4_8	Saccharomyces cerevisiae	not available	not available	1	G_Aquino_070918_021018_R2_L4_8	proteomic profiling by mass spectrometry	Data-dependent acquisition	NT=label free sample;AC=MS:1002038	NT=Q Exactive HF;AC=MS:1002523	NT=Trypsin;AC=MS:1001251	NT=Carbamidomethyl;AC=UNIMOD:4;TA=C;MT=Fixed	NT=Oxidation;AC=UNIMOD:35;TA=M;MT=Variable	1	1	G_Aquino_070918_021018_R2_L4_8.raw	v1.1.0	NT=ms-proteomics;VV=v1.1.0	NT=sdrf-skeleton-gen;VV=v1.0.0
G_Aquino_070918_021018_R2_L4_9	Saccharomyces cerevisiae	not available	not available	1	G_Aquino_070918_021018_R2_L4_9	proteomic profiling by mass spectrometry	Data-dependent acquisition	NT=label free sample;AC=MS:1002038	NT=Q Exactive HF;AC=MS:1002523	NT=Trypsin;AC=MS:1001251	NT=Carbamidomethyl;AC=UNIMOD:4;TA=C;MT=Fixed	NT=Oxidation;AC=UNIMOD:35;TA=M;MT=Variable	1	1	G_Aquino_070918_021018_R2_L4_9.raw	v1.1.0	NT=ms-proteomics;VV=v1.1.0	NT=sdrf-skeleton-gen;VV=v1.0.0
G_Aquino_070918_200918_R1_L1_1	Saccharomyces cerevisiae	not available	not available	1	G_Aquino_070918_200918_R1_L1_1	proteomic profiling by mass spectrometry	Data-dependent acquisition	NT=label free sample;AC=MS:1002038	NT=Q Exactive HF;AC=MS:1002523	NT=Trypsin;AC=MS:1001251	NT=Carbamidomethyl;AC=UNIMOD:4;TA=C;MT=Fixed	NT=Oxidation;AC=UNIMOD:35;TA=M;MT=Variable	1	1	G_Aquino_070918_200918_R1_L1_1.raw	v1.1.0	NT=ms-proteomics;VV=v1.1.0	NT=sdrf-skeleton-gen;VV=v1.0.0
G_Aquino_070918_200918_R1_L1_10	Saccharomyces cerevisiae	not available	not available	1	G_Aquino_070918_200918_R1_L1_10	proteomic profiling by mass spectrometry	Data-dependent acquisition	NT=label free sample;AC=MS:1002038	NT=Q Exactive HF;AC=MS:1002523	NT=Trypsin;AC=MS:1001251	NT=Carbamidomethyl;AC=UNIMOD:4;TA=C;MT=Fixed	NT=Oxidation;AC=UNIMOD:35;TA=M;MT=Variable	1	1	G_Aquino_070918_200918_R1_L1_10.raw	v1.1.0	NT=ms-proteomics;VV=v1.1.0	NT=sdrf-skeleton-gen;VV=v1.0.0
G_Aquino_070918_200918_R1_L1_11	Saccharomyces cerevisiae	not available	not available	1	G_Aquino_070918_200918_R1_L1_11	proteomic profiling by mass spectrometry	Data-dependent acquisition	NT=label free sample;AC=MS:1002038	NT=Q Exactive HF;AC=MS:1002523	NT=Trypsin;AC=MS:1001251	NT=Carbamidomethyl;AC=UNIMOD:4;TA=C;MT=Fixed	NT=Oxidation;AC=UNIMOD:35;TA=M;MT=Variable	1	1	G_Aquino_070918_200918_R1_L1_11.raw	v1.1.0	NT=ms-proteomics;VV=v1.1.0	NT=sdrf-skeleton-gen;VV=v1.0.0
G_Aquino_070918_200918_R1_L1_12	Saccharomyces cerevisiae	not available	not available	1	G_Aquino_070918_200918_R1_L1_12	proteomic profiling by mass spectrometry	Data-dependent acquisition	NT=label free sample;AC=MS:1002038	NT=Q Exactive HF;AC=MS:1002523	NT=Trypsin;AC=MS:1001251	NT=Carbamidomethyl;AC=UNIMOD:4;TA=C;MT=Fixed	NT=Oxidation;AC=UNIMOD:35;TA=M;MT=Variable	1	1	G_Aquino_070918_200918_R1_L1_12.raw	v1.1.0	NT=ms-proteomics;VV=v1.1.0	NT=sdrf-skeleton-gen;VV=v1.0.0
G_Aquino_070918_200918_R1_L1_13	Saccharomyces cerevisiae	not available	not available	1	G_Aquino_070918_200918_R1_L1_13	proteomic profiling by mass spectrometry	Data-dependent acquisition	NT=label free sample;AC=MS:1002038	NT=Q Exactive HF;AC=MS:1002523	NT=Trypsin;AC=MS:1001251	NT=Carbamidomethyl;AC=UNIMOD:4;TA=C;MT=Fixed	NT=Oxidation;AC=UNIMOD:35;TA=M;MT=Variable	1	1	G_Aquino_070918_200918_R1_L1_13.raw	v1.1.0	NT=ms-proteomics;VV=v1.1.0	NT=sdrf-skeleton-gen;VV=v1.0.0
G_Aquino_070918_200918_R1_L1_14	Saccharomyces cerevisiae	not available	not available	1	G_Aquino_070918_200918_R1_L1_14	proteomic profiling by mass spectrometry	Data-dependent acquisition	NT=label free sample;AC=MS:1002038	NT=Q Exactive HF;AC=MS:1002523	NT=Trypsin;AC=MS:1001251	NT=Carbamidomethyl;AC=UNIMOD:4;TA=C;MT=Fixed	NT=Oxidation;AC=UNIMOD:35;TA=M;MT=Variable	1	1	G_Aquino_070918_200918_R1_L1_14.raw	v1.1.0	NT=ms-proteomics;VV=v1.1.0	NT=sdrf-skeleton-gen;VV=v1.0.0
G_Aquino_070918_200918_R1_L1_15	Saccharomyces cerevisiae	not available	not available	1	G_Aquino_070918_200918_R1_L1_15	proteomic profiling by mass spectrometry	Data-dependent acquisition	NT=label free sample;AC=MS:1002038	NT=Q Exactive HF;AC=MS:1002523	NT=Trypsin;AC=MS:1001251	NT=Carbamidomethyl;AC=UNIMOD:4;TA=C;MT=Fixed	NT=Oxidation;AC=UNIMOD:35;TA=M;MT=Variable	1	1	G_Aquino_070918_200918_R1_L1_15.raw	v1.1.0	NT=ms-proteomics;VV=v1.1.0	NT=sdrf-skeleton-gen;VV=v1.0.0
G_Aquino_070918_200918_R1_L1_16	Saccharomyces cerevisiae	not available	not available	1	G_Aquino_070918_200918_R1_L1_16	proteomic profiling by mass spectrometry	Data-dependent acquisition	NT=label free sample;AC=MS:1002038	NT=Q Exactive HF;AC=MS:1002523	NT=Trypsin;AC=MS:1001251	NT=Carbamidomethyl;AC=UNIMOD:4;TA=C;MT=Fixed	NT=Oxidation;AC=UNIMOD:35;TA=M;MT=Variable	1	1	G_Aquino_070918_200918_R1_L1_16.raw	v1.1.0	NT=ms-proteomics;VV=v1.1.0	NT=sdrf-skeleton-gen;VV=v1.0.0
G_Aquino_070918_200918_R1_L1_17	Saccharomyces cerevisiae	not available	not available	1	G_Aquino_070918_200918_R1_L1_17	proteomic profiling by mass spectrometry	Data-dependent acquisition	NT=label free sample;AC=MS:1002038	NT=Q Exactive HF;AC=MS:1002523	NT=Trypsin;AC=MS:1001251	NT=Carbamidomethyl;AC=UNIMOD:4;TA=C;MT=Fixed	NT=Oxidation;AC=UNIMOD:35;TA=M;MT=Variable	1	1	G_Aquino_070918_200918_R1_L1_17.raw	v1.1.0	NT=ms-proteomics;VV=v1.1.0	NT=sdrf-skeleton-gen;VV=v1.0.0
G_Aquino_070918_200918_R1_L1_18	Saccharomyces cerevisiae	not available	not available	1	G_Aquino_070918_200918_R1_L1_18	proteomic profiling by mass spectrometry	Data-dependent acquisition	NT=label free sample;AC=MS:1002038	NT=Q Exactive HF;AC=MS:1002523	NT=Trypsin;AC=MS:1001251	NT=Carbamidomethyl;AC=UNIMOD:4;TA=C;MT=Fixed	NT=Oxidation;AC=UNIMOD:35;TA=M;MT=Variable	1	1	G_Aquino_070918_200918_R1_L1_18.raw	v1.1.0	NT=ms-proteomics;VV=v1.1.0	NT=sdrf-skeleton-gen;VV=v1.0.0
G_Aquino_070918_200918_R1_L1_19	Saccharomyces cerevisiae	not available	not available	1	G_Aquino_070918_200918_R1_L1_19	proteomic profiling by mass spectrometry	Data-dependent acquisition	NT=label free sample;AC=MS:1002038	NT=Q Exactive HF;AC=MS:1002523	NT=Trypsin;AC=MS:1001251	NT=Carbamidomethyl;AC=UNIMOD:4;TA=C;MT=Fixed	NT=Oxidation;AC=UNIMOD:35;TA=M;MT=Variable	1	1	G_Aquino_070918_200918_R1_L1_19.raw	v1.1.0	NT=ms-proteomics;VV=v1.1.0	NT=sdrf-skeleton-gen;VV=v1.0.0
G_Aquino_070918_200918_R1_L1_2	Saccharomyces cerevisiae	not available	not available	1	G_Aquino_070918_200918_R1_L1_2	proteomic profiling by mass spectrometry	Data-dependent acquisition	NT=label free sample;AC=MS:1002038	NT=Q Exactive HF;AC=MS:1002523	NT=Trypsin;AC=MS:1001251	NT=Carbamidomethyl;AC=UNIMOD:4;TA=C;MT=Fixed	NT=Oxidation;AC=UNIMOD:35;TA=M;MT=Variable	1	1	G_Aquino_070918_200918_R1_L1_2.raw	v1.1.0	NT=ms-proteomics;VV=v1.1.0	NT=sdrf-skeleton-gen;VV=v1.0.0
G_Aquino_070918_200918_R1_L1_20	Saccharomyces cerevisiae	not available	not available	1	G_Aquino_070918_200918_R1_L1_20	proteomic profiling by mass spectrometry	Data-dependent acquisition	NT=label free sample;AC=MS:1002038	NT=Q Exactive HF;AC=MS:1002523	NT=Trypsin;AC=MS:1001251	NT=Carbamidomethyl;AC=UNIMOD:4;TA=C;MT=Fixed	NT=Oxidation;AC=UNIMOD:35;TA=M;MT=Variable	1	1	G_Aquino_070918_200918_R1_L1_20.raw	v1.1.0	NT=ms-proteomics;VV=v1.1.0	NT=sdrf-skeleton-gen;VV=v1.0.0
G_Aquino_070918_200918_R1_L1_21	Saccharomyces cerevisiae	not available	not available	1	G_Aquino_070918_200918_R1_L1_21	proteomic profiling by mass spectrometry	Data-dependent acquisition	NT=label free sample;AC=MS:1002038	NT=Q Exactive HF;AC=MS:1002523	NT=Trypsin;AC=MS:1001251	NT=Carbamidomethyl;AC=UNIMOD:4;TA=C;MT=Fixed	NT=Oxidation;AC=UNIMOD:35;TA=M;MT=Variable	1	1	G_Aquino_070918_200918_R1_L1_21.raw	v1.1.0	NT=ms-proteomics;VV=v1.1.0	NT=sdrf-skeleton-gen;VV=v1.0.0
G_Aquino_070918_200918_R1_L1_22	Saccharomyces cerevisiae	not available	not available	1	G_Aquino_070918_200918_R1_L1_22	proteomic profiling by mass spectrometry	Data-dependent acquisition	NT=label free sample;AC=MS:1002038	NT=Q Exactive HF;AC=MS:1002523	NT=Trypsin;AC=MS:1001251	NT=Carbamidomethyl;AC=UNIMOD:4;TA=C;MT=Fixed	NT=Oxidation;AC=UNIMOD:35;TA=M;MT=Variable	1	1	G_Aquino_070918_200918_R1_L1_22.raw	v1.1.0	NT=ms-proteomics;VV=v1.1.0	NT=sdrf-skeleton-gen;VV=v1.0.0
G_Aquino_070918_200918_R1_L1_23	Saccharomyces cerevisiae	not available	not available	1	G_Aquino_070918_200918_R1_L1_23	proteomic profiling by mass spectrometry	Data-dependent acquisition	NT=label free sample;AC=MS:1002038	NT=Q Exactive HF;AC=MS:1002523	NT=Trypsin;AC=MS:1001251	NT=Carbamidomethyl;AC=UNIMOD:4;TA=C;MT=Fixed	NT=Oxidation;AC=UNIMOD:35;TA=M;MT=Variable	1	1	G_Aquino_070918_200918_R1_L1_23.raw	v1.1.0	NT=ms-proteomics;VV=v1.1.0	NT=sdrf-skeleton-gen;VV=v1.0.0
G_Aquino_070918_200918_R1_L1_3	Saccharomyces cerevisiae	not available	not available	1	G_Aquino_070918_200918_R1_L1_3	proteomic profiling by mass spectrometry	Data-dependent acquisition	NT=label free sample;AC=MS:1002038	NT=Q Exactive HF;AC=MS:1002523	NT=Trypsin;AC=MS:1001251	NT=Carbamidomethyl;AC=UNIMOD:4;TA=C;MT=Fixed	NT=Oxidation;AC=UNIMOD:35;TA=M;MT=Variable	1	1	G_Aquino_070918_200918_R1_L1_3.raw	v1.1.0	NT=ms-proteomics;VV=v1.1.0	NT=sdrf-skeleton-gen;VV=v1.0.0
G_Aquino_070918_200918_R1_L1_4	Saccharomyces cerevisiae	not available	not available	1	G_Aquino_070918_200918_R1_L1_4	proteomic profiling by mass spectrometry	Data-dependent acquisition	NT=label free sample;AC=MS:1002038	NT=Q Exactive HF;AC=MS:1002523	NT=Trypsin;AC=MS:1001251	NT=Carbamidomethyl;AC=UNIMOD:4;TA=C;MT=Fixed	NT=Oxidation;AC=UNIMOD:35;TA=M;MT=Variable	1	1	G_Aquino_070918_200918_R1_L1_4.raw	v1.1.0	NT=ms-proteomics;VV=v1.1.0	NT=sdrf-skeleton-gen;VV=v1.0.0
G_Aquino_070918_200918_R1_L1_5	Saccharomyces cerevisiae	not available	not available	1	G_Aquino_070918_200918_R1_L1_5	proteomic profiling by mass spectrometry	Data-dependent acquisition	NT=label free sample;AC=MS:1002038	NT=Q Exactive HF;AC=MS:1002523	NT=Trypsin;AC=MS:1001251	NT=Carbamidomethyl;AC=UNIMOD:4;TA=C;MT=Fixed	NT=Oxidation;AC=UNIMOD:35;TA=M;MT=Variable	1	1	G_Aquino_070918_200918_R1_L1_5.raw	v1.1.0	NT=ms-proteomics;VV=v1.1.0	NT=sdrf-skeleton-gen;VV=v1.0.0
G_Aquino_070918_200918_R1_L1_6	Saccharomyces cerevisiae	not available	not available	1	G_Aquino_070918_200918_R1_L1_6	proteomic profiling by mass spectrometry	Data-dependent acquisition	NT=label free sample;AC=MS:1002038	NT=Q Exactive HF;AC=MS:1002523	NT=Trypsin;AC=MS:1001251	NT=Carbamidomethyl;AC=UNIMOD:4;TA=C;MT=Fixed	NT=Oxidation;AC=UNIMOD:35;TA=M;MT=Variable	1	1	G_Aquino_070918_200918_R1_L1_6.raw	v1.1.0	NT=ms-proteomics;VV=v1.1.0	NT=sdrf-skeleton-gen;VV=v1.0.0
G_Aquino_070918_200918_R1_L1_7	Saccharomyces cerevisiae	not available	not available	1	G_Aquino_070918_200918_R1_L1_7	proteomic profiling by mass spectrometry	Data-dependent acquisition	NT=label free sample;AC=MS:1002038	NT=Q Exactive HF;AC=MS:1002523	NT=Trypsin;AC=MS:1001251	NT=Carbamidomethyl;AC=UNIMOD:4;TA=C;MT=Fixed	NT=Oxidation;AC=UNIMOD:35;TA=M;MT=Variable	1	1	G_Aquino_070918_200918_R1_L1_7.raw	v1.1.0	NT=ms-proteomics;VV=v1.1.0	NT=sdrf-skeleton-gen;VV=v1.0.0
G_Aquino_070918_200918_R1_L1_8	Saccharomyces cerevisiae	not available	not available	1	G_Aquino_070918_200918_R1_L1_8	proteomic profiling by mass spectrometry	Data-dependent acquisition	NT=label free sample;AC=MS:1002038	NT=Q Exactive HF;AC=MS:1002523	NT=Trypsin;AC=MS:1001251	NT=Carbamidomethyl;AC=UNIMOD:4;TA=C;MT=Fixed	NT=Oxidation;AC=UNIMOD:35;TA=M;MT=Variable	1	1	G_Aquino_070918_200918_R1_L1_8.raw	v1.1.0	NT=ms-proteomics;VV=v1.1.0	NT=sdrf-skeleton-gen;VV=v1.0.0
G_Aquino_070918_200918_R1_L1_9	Saccharomyces cerevisiae	not available	not available	1	G_Aquino_070918_200918_R1_L1_9	proteomic profiling by mass spectrometry	Data-dependent acquisition	NT=label free sample;AC=MS:1002038	NT=Q Exactive HF;AC=MS:1002523	NT=Trypsin;AC=MS:1001251	NT=Carbamidomethyl;AC=UNIMOD:4;TA=C;MT=Fixed	NT=Oxidation;AC=UNIMOD:35;TA=M;MT=Variable	1	1	G_Aquino_070918_200918_R1_L1_9.raw	v1.1.0	NT=ms-proteomics;VV=v1.1.0	NT=sdrf-skeleton-gen;VV=v1.0.0
G_Aquino_070918_200918_R2_L1_1	Saccharomyces cerevisiae	not available	not available	1	G_Aquino_070918_200918_R2_L1_1	proteomic profiling by mass spectrometry	Data-dependent acquisition	NT=label free sample;AC=MS:1002038	NT=Q Exactive HF;AC=MS:1002523	NT=Trypsin;AC=MS:1001251	NT=Carbamidomethyl;AC=UNIMOD:4;TA=C;MT=Fixed	NT=Oxidation;AC=UNIMOD:35;TA=M;MT=Variable	1	1	G_Aquino_070918_200918_R2_L1_1.raw	v1.1.0	NT=ms-proteomics;VV=v1.1.0	NT=sdrf-skeleton-gen;VV=v1.0.0
G_Aquino_070918_200918_R2_L1_17	Saccharomyces cerevisiae	not available	not available	1	G_Aquino_070918_200918_R2_L1_17	proteomic profiling by mass spectrometry	Data-dependent acquisition	NT=label free sample;AC=MS:1002038	NT=Q Exactive HF;AC=MS:1002523	NT=Trypsin;AC=MS:1001251	NT=Carbamidomethyl;AC=UNIMOD:4;TA=C;MT=Fixed	NT=Oxidation;AC=UNIMOD:35;TA=M;MT=Variable	1	1	G_Aquino_070918_200918_R2_L1_17.raw	v1.1.0	NT=ms-proteomics;VV=v1.1.0	NT=sdrf-skeleton-gen;VV=v1.0.0
G_Aquino_070918_200918_R2_L1_18	Saccharomyces cerevisiae	not available	not available	1	G_Aquino_070918_200918_R2_L1_18	proteomic profiling by mass spectrometry	Data-dependent acquisition	NT=label free sample;AC=MS:1002038	NT=Q Exactive HF;AC=MS:1002523	NT=Trypsin;AC=MS:1001251	NT=Carbamidomethyl;AC=UNIMOD:4;TA=C;MT=Fixed	NT=Oxidation;AC=UNIMOD:35;TA=M;MT=Variable	1	1	G_Aquino_070918_200918_R2_L1_18.raw	v1.1.0	NT=ms-proteomics;VV=v1.1.0	NT=sdrf-skeleton-gen;VV=v1.0.0
G_Aquino_070918_200918_R2_L1_19	Saccharomyces cerevisiae	not available	not available	1	G_Aquino_070918_200918_R2_L1_19	proteomic profiling by mass spectrometry	Data-dependent acquisition	NT=label free sample;AC=MS:1002038	NT=Q Exactive HF;AC=MS:1002523	NT=Trypsin;AC=MS:1001251	NT=Carbamidomethyl;AC=UNIMOD:4;TA=C;MT=Fixed	NT=Oxidation;AC=UNIMOD:35;TA=M;MT=Variable	1	1	G_Aquino_070918_200918_R2_L1_19.raw	v1.1.0	NT=ms-proteomics;VV=v1.1.0	NT=sdrf-skeleton-gen;VV=v1.0.0
G_Aquino_070918_200918_R2_L1_2	Saccharomyces cerevisiae	not available	not available	1	G_Aquino_070918_200918_R2_L1_2	proteomic profiling by mass spectrometry	Data-dependent acquisition	NT=label free sample;AC=MS:1002038	NT=Q Exactive HF;AC=MS:1002523	NT=Trypsin;AC=MS:1001251	NT=Carbamidomethyl;AC=UNIMOD:4;TA=C;MT=Fixed	NT=Oxidation;AC=UNIMOD:35;TA=M;MT=Variable	1	1	G_Aquino_070918_200918_R2_L1_2.raw	v1.1.0	NT=ms-proteomics;VV=v1.1.0	NT=sdrf-skeleton-gen;VV=v1.0.0
G_Aquino_070918_200918_R2_L1_20	Saccharomyces cerevisiae	not available	not available	1	G_Aquino_070918_200918_R2_L1_20	proteomic profiling by mass spectrometry	Data-dependent acquisition	NT=label free sample;AC=MS:1002038	NT=Q Exactive HF;AC=MS:1002523	NT=Trypsin;AC=MS:1001251	NT=Carbamidomethyl;AC=UNIMOD:4;TA=C;MT=Fixed	NT=Oxidation;AC=UNIMOD:35;TA=M;MT=Variable	1	1	G_Aquino_070918_200918_R2_L1_20.raw	v1.1.0	NT=ms-proteomics;VV=v1.1.0	NT=sdrf-skeleton-gen;VV=v1.0.0
G_Aquino_070918_200918_R2_L1_21	Saccharomyces cerevisiae	not available	not available	1	G_Aquino_070918_200918_R2_L1_21	proteomic profiling by mass spectrometry	Data-dependent acquisition	NT=label free sample;AC=MS:1002038	NT=Q Exactive HF;AC=MS:1002523	NT=Trypsin;AC=MS:1001251	NT=Carbamidomethyl;AC=UNIMOD:4;TA=C;MT=Fixed	NT=Oxidation;AC=UNIMOD:35;TA=M;MT=Variable	1	1	G_Aquino_070918_200918_R2_L1_21.raw	v1.1.0	NT=ms-proteomics;VV=v1.1.0	NT=sdrf-skeleton-gen;VV=v1.0.0
G_Aquino_070918_200918_R2_L1_22	Saccharomyces cerevisiae	not available	not available	1	G_Aquino_070918_200918_R2_L1_22	proteomic profiling by mass spectrometry	Data-dependent acquisition	NT=label free sample;AC=MS:1002038	NT=Q Exactive HF;AC=MS:1002523	NT=Trypsin;AC=MS:1001251	NT=Carbamidomethyl;AC=UNIMOD:4;TA=C;MT=Fixed	NT=Oxidation;AC=UNIMOD:35;TA=M;MT=Variable	1	1	G_Aquino_070918_200918_R2_L1_22.raw	v1.1.0	NT=ms-proteomics;VV=v1.1.0	NT=sdrf-skeleton-gen;VV=v1.0.0
G_Aquino_070918_200918_R2_L1_23	Saccharomyces cerevisiae	not available	not available	1	G_Aquino_070918_200918_R2_L1_23	proteomic profiling by mass spectrometry	Data-dependent acquisition	NT=label free sample;AC=MS:1002038	NT=Q Exactive HF;AC=MS:1002523	NT=Trypsin;AC=MS:1001251	NT=Carbamidomethyl;AC=UNIMOD:4;TA=C;MT=Fixed	NT=Oxidation;AC=UNIMOD:35;TA=M;MT=Variable	1	1	G_Aquino_070918_200918_R2_L1_23.raw	v1.1.0	NT=ms-proteomics;VV=v1.1.0	NT=sdrf-skeleton-gen;VV=v1.0.0
G_Aquino_070918_280918_R1_L3_1	Saccharomyces cerevisiae	not available	not available	1	G_Aquino_070918_280918_R1_L3_1	proteomic profiling by mass spectrometry	Data-dependent acquisition	NT=label free sample;AC=MS:1002038	NT=Q Exactive HF;AC=MS:1002523	NT=Trypsin;AC=MS:1001251	NT=Carbamidomethyl;AC=UNIMOD:4;TA=C;MT=Fixed	NT=Oxidation;AC=UNIMOD:35;TA=M;MT=Variable	1	1	G_Aquino_070918_280918_R1_L3_1.raw	v1.1.0	NT=ms-proteomics;VV=v1.1.0	NT=sdrf-skeleton-gen;VV=v1.0.0
G_Aquino_070918_280918_R1_L3_10	Saccharomyces cerevisiae	not available	not available	1	G_Aquino_070918_280918_R1_L3_10	proteomic profiling by mass spectrometry	Data-dependent acquisition	NT=label free sample;AC=MS:1002038	NT=Q Exactive HF;AC=MS:1002523	NT=Trypsin;AC=MS:1001251	NT=Carbamidomethyl;AC=UNIMOD:4;TA=C;MT=Fixed	NT=Oxidation;AC=UNIMOD:35;TA=M;MT=Variable	1	1	G_Aquino_070918_280918_R1_L3_10.raw	v1.1.0	NT=ms-proteomics;VV=v1.1.0	NT=sdrf-skeleton-gen;VV=v1.0.0
G_Aquino_070918_280918_R1_L3_11	Saccharomyces cerevisiae	not available	not available	1	G_Aquino_070918_280918_R1_L3_11	proteomic profiling by mass spectrometry	Data-dependent acquisition	NT=label free sample;AC=MS:1002038	NT=Q Exactive HF;AC=MS:1002523	NT=Trypsin;AC=MS:1001251	NT=Carbamidomethyl;AC=UNIMOD:4;TA=C;MT=Fixed	NT=Oxidation;AC=UNIMOD:35;TA=M;MT=Variable	1	1	G_Aquino_070918_280918_R1_L3_11.raw	v1.1.0	NT=ms-proteomics;VV=v1.1.0	NT=sdrf-skeleton-gen;VV=v1.0.0
G_Aquino_070918_280918_R1_L3_12	Saccharomyces cerevisiae	not available	not available	1	G_Aquino_070918_280918_R1_L3_12	proteomic profiling by mass spectrometry	Data-dependent acquisition	NT=label free sample;AC=MS:1002038	NT=Q Exactive HF;AC=MS:1002523	NT=Trypsin;AC=MS:1001251	NT=Carbamidomethyl;AC=UNIMOD:4;TA=C;MT=Fixed	NT=Oxidation;AC=UNIMOD:35;TA=M;MT=Variable	1	1	G_Aquino_070918_280918_R1_L3_12.raw	v1.1.0	NT=ms-proteomics;VV=v1.1.0	NT=sdrf-skeleton-gen;VV=v1.0.0
G_Aquino_070918_280918_R1_L3_13	Saccharomyces cerevisiae	not available	not available	1	G_Aquino_070918_280918_R1_L3_13	proteomic profiling by mass spectrometry	Data-dependent acquisition	NT=label free sample;AC=MS:1002038	NT=Q Exactive HF;AC=MS:1002523	NT=Trypsin;AC=MS:1001251	NT=Carbamidomethyl;AC=UNIMOD:4;TA=C;MT=Fixed	NT=Oxidation;AC=UNIMOD:35;TA=M;MT=Variable	1	1	G_Aquino_070918_280918_R1_L3_13.raw	v1.1.0	NT=ms-proteomics;VV=v1.1.0	NT=sdrf-skeleton-gen;VV=v1.0.0
G_Aquino_070918_280918_R1_L3_14	Saccharomyces cerevisiae	not available	not available	1	G_Aquino_070918_280918_R1_L3_14	proteomic profiling by mass spectrometry	Data-dependent acquisition	NT=label free sample;AC=MS:1002038	NT=Q Exactive HF;AC=MS:1002523	NT=Trypsin;AC=MS:1001251	NT=Carbamidomethyl;AC=UNIMOD:4;TA=C;MT=Fixed	NT=Oxidation;AC=UNIMOD:35;TA=M;MT=Variable	1	1	G_Aquino_070918_280918_R1_L3_14.raw	v1.1.0	NT=ms-proteomics;VV=v1.1.0	NT=sdrf-skeleton-gen;VV=v1.0.0
G_Aquino_070918_280918_R1_L3_15	Saccharomyces cerevisiae	not available	not available	1	G_Aquino_070918_280918_R1_L3_15	proteomic profiling by mass spectrometry	Data-dependent acquisition	NT=label free sample;AC=MS:1002038	NT=Q Exactive HF;AC=MS:1002523	NT=Trypsin;AC=MS:1001251	NT=Carbamidomethyl;AC=UNIMOD:4;TA=C;MT=Fixed	NT=Oxidation;AC=UNIMOD:35;TA=M;MT=Variable	1	1	G_Aquino_070918_280918_R1_L3_15.raw	v1.1.0	NT=ms-proteomics;VV=v1.1.0	NT=sdrf-skeleton-gen;VV=v1.0.0
G_Aquino_070918_280918_R1_L3_16	Saccharomyces cerevisiae	not available	not available	1	G_Aquino_070918_280918_R1_L3_16	proteomic profiling by mass spectrometry	Data-dependent acquisition	NT=label free sample;AC=MS:1002038	NT=Q Exactive HF;AC=MS:1002523	NT=Trypsin;AC=MS:1001251	NT=Carbamidomethyl;AC=UNIMOD:4;TA=C;MT=Fixed	NT=Oxidation;AC=UNIMOD:35;TA=M;MT=Variable	1	1	G_Aquino_070918_280918_R1_L3_16.raw	v1.1.0	NT=ms-proteomics;VV=v1.1.0	NT=sdrf-skeleton-gen;VV=v1.0.0
G_Aquino_070918_280918_R1_L3_17	Saccharomyces cerevisiae	not available	not available	1	G_Aquino_070918_280918_R1_L3_17	proteomic profiling by mass spectrometry	Data-dependent acquisition	NT=label free sample;AC=MS:1002038	NT=Q Exactive HF;AC=MS:1002523	NT=Trypsin;AC=MS:1001251	NT=Carbamidomethyl;AC=UNIMOD:4;TA=C;MT=Fixed	NT=Oxidation;AC=UNIMOD:35;TA=M;MT=Variable	1	1	G_Aquino_070918_280918_R1_L3_17.raw	v1.1.0	NT=ms-proteomics;VV=v1.1.0	NT=sdrf-skeleton-gen;VV=v1.0.0
G_Aquino_070918_280918_R1_L3_18	Saccharomyces cerevisiae	not available	not available	1	G_Aquino_070918_280918_R1_L3_18	proteomic profiling by mass spectrometry	Data-dependent acquisition	NT=label free sample;AC=MS:1002038	NT=Q Exactive HF;AC=MS:1002523	NT=Trypsin;AC=MS:1001251	NT=Carbamidomethyl;AC=UNIMOD:4;TA=C;MT=Fixed	NT=Oxidation;AC=UNIMOD:35;TA=M;MT=Variable	1	1	G_Aquino_070918_280918_R1_L3_18.raw	v1.1.0	NT=ms-proteomics;VV=v1.1.0	NT=sdrf-skeleton-gen;VV=v1.0.0
G_Aquino_070918_280918_R1_L3_19	Saccharomyces cerevisiae	not available	not available	1	G_Aquino_070918_280918_R1_L3_19	proteomic profiling by mass spectrometry	Data-dependent acquisition	NT=label free sample;AC=MS:1002038	NT=Q Exactive HF;AC=MS:1002523	NT=Trypsin;AC=MS:1001251	NT=Carbamidomethyl;AC=UNIMOD:4;TA=C;MT=Fixed	NT=Oxidation;AC=UNIMOD:35;TA=M;MT=Variable	1	1	G_Aquino_070918_280918_R1_L3_19.raw	v1.1.0	NT=ms-proteomics;VV=v1.1.0	NT=sdrf-skeleton-gen;VV=v1.0.0
G_Aquino_070918_280918_R1_L3_2	Saccharomyces cerevisiae	not available	not available	1	G_Aquino_070918_280918_R1_L3_2	proteomic profiling by mass spectrometry	Data-dependent acquisition	NT=label free sample;AC=MS:1002038	NT=Q Exactive HF;AC=MS:1002523	NT=Trypsin;AC=MS:1001251	NT=Carbamidomethyl;AC=UNIMOD:4;TA=C;MT=Fixed	NT=Oxidation;AC=UNIMOD:35;TA=M;MT=Variable	1	1	G_Aquino_070918_280918_R1_L3_2.raw	v1.1.0	NT=ms-proteomics;VV=v1.1.0	NT=sdrf-skeleton-gen;VV=v1.0.0
G_Aquino_070918_280918_R1_L3_20	Saccharomyces cerevisiae	not available	not available	1	G_Aquino_070918_280918_R1_L3_20	proteomic profiling by mass spectrometry	Data-dependent acquisition	NT=label free sample;AC=MS:1002038	NT=Q Exactive HF;AC=MS:1002523	NT=Trypsin;AC=MS:1001251	NT=Carbamidomethyl;AC=UNIMOD:4;TA=C;MT=Fixed	NT=Oxidation;AC=UNIMOD:35;TA=M;MT=Variable	1	1	G_Aquino_070918_280918_R1_L3_20.raw	v1.1.0	NT=ms-proteomics;VV=v1.1.0	NT=sdrf-skeleton-gen;VV=v1.0.0
G_Aquino_070918_280918_R1_L3_21	Saccharomyces cerevisiae	not available	not available	1	G_Aquino_070918_280918_R1_L3_21	proteomic profiling by mass spectrometry	Data-dependent acquisition	NT=label free sample;AC=MS:1002038	NT=Q Exactive HF;AC=MS:1002523	NT=Trypsin;AC=MS:1001251	NT=Carbamidomethyl;AC=UNIMOD:4;TA=C;MT=Fixed	NT=Oxidation;AC=UNIMOD:35;TA=M;MT=Variable	1	1	G_Aquino_070918_280918_R1_L3_21.raw	v1.1.0	NT=ms-proteomics;VV=v1.1.0	NT=sdrf-skeleton-gen;VV=v1.0.0
G_Aquino_070918_280918_R1_L3_22	Saccharomyces cerevisiae	not available	not available	1	G_Aquino_070918_280918_R1_L3_22	proteomic profiling by mass spectrometry	Data-dependent acquisition	NT=label free sample;AC=MS:1002038	NT=Q Exactive HF;AC=MS:1002523	NT=Trypsin;AC=MS:1001251	NT=Carbamidomethyl;AC=UNIMOD:4;TA=C;MT=Fixed	NT=Oxidation;AC=UNIMOD:35;TA=M;MT=Variable	1	1	G_Aquino_070918_280918_R1_L3_22.raw	v1.1.0	NT=ms-proteomics;VV=v1.1.0	NT=sdrf-skeleton-gen;VV=v1.0.0
G_Aquino_070918_280918_R1_L3_23	Saccharomyces cerevisiae	not available	not available	1	G_Aquino_070918_280918_R1_L3_23	proteomic profiling by mass spectrometry	Data-dependent acquisition	NT=label free sample;AC=MS:1002038	NT=Q Exactive HF;AC=MS:1002523	NT=Trypsin;AC=MS:1001251	NT=Carbamidomethyl;AC=UNIMOD:4;TA=C;MT=Fixed	NT=Oxidation;AC=UNIMOD:35;TA=M;MT=Variable	1	1	G_Aquino_070918_280918_R1_L3_23.raw	v1.1.0	NT=ms-proteomics;VV=v1.1.0	NT=sdrf-skeleton-gen;VV=v1.0.0
G_Aquino_070918_280918_R1_L3_3	Saccharomyces cerevisiae	not available	not available	1	G_Aquino_070918_280918_R1_L3_3	proteomic profiling by mass spectrometry	Data-dependent acquisition	NT=label free sample;AC=MS:1002038	NT=Q Exactive HF;AC=MS:1002523	NT=Trypsin;AC=MS:1001251	NT=Carbamidomethyl;AC=UNIMOD:4;TA=C;MT=Fixed	NT=Oxidation;AC=UNIMOD:35;TA=M;MT=Variable	1	1	G_Aquino_070918_280918_R1_L3_3.raw	v1.1.0	NT=ms-proteomics;VV=v1.1.0	NT=sdrf-skeleton-gen;VV=v1.0.0
G_Aquino_070918_280918_R1_L3_4	Saccharomyces cerevisiae	not available	not available	1	G_Aquino_070918_280918_R1_L3_4	proteomic profiling by mass spectrometry	Data-dependent acquisition	NT=label free sample;AC=MS:1002038	NT=Q Exactive HF;AC=MS:1002523	NT=Trypsin;AC=MS:1001251	NT=Carbamidomethyl;AC=UNIMOD:4;TA=C;MT=Fixed	NT=Oxidation;AC=UNIMOD:35;TA=M;MT=Variable	1	1	G_Aquino_070918_280918_R1_L3_4.raw	v1.1.0	NT=ms-proteomics;VV=v1.1.0	NT=sdrf-skeleton-gen;VV=v1.0.0
G_Aquino_070918_280918_R1_L3_5	Saccharomyces cerevisiae	not available	not available	1	G_Aquino_070918_280918_R1_L3_5	proteomic profiling by mass spectrometry	Data-dependent acquisition	NT=label free sample;AC=MS:1002038	NT=Q Exactive HF;AC=MS:1002523	NT=Trypsin;AC=MS:1001251	NT=Carbamidomethyl;AC=UNIMOD:4;TA=C;MT=Fixed	NT=Oxidation;AC=UNIMOD:35;TA=M;MT=Variable	1	1	G_Aquino_070918_280918_R1_L3_5.raw	v1.1.0	NT=ms-proteomics;VV=v1.1.0	NT=sdrf-skeleton-gen;VV=v1.0.0
G_Aquino_070918_280918_R1_L3_6	Saccharomyces cerevisiae	not available	not available	1	G_Aquino_070918_280918_R1_L3_6	proteomic profiling by mass spectrometry	Data-dependent acquisition	NT=label free sample;AC=MS:1002038	NT=Q Exactive HF;AC=MS:1002523	NT=Trypsin;AC=MS:1001251	NT=Carbamidomethyl;AC=UNIMOD:4;TA=C;MT=Fixed	NT=Oxidation;AC=UNIMOD:35;TA=M;MT=Variable	1	1	G_Aquino_070918_280918_R1_L3_6.raw	v1.1.0	NT=ms-proteomics;VV=v1.1.0	NT=sdrf-skeleton-gen;VV=v1.0.0
G_Aquino_070918_280918_R1_L3_7	Saccharomyces cerevisiae	not available	not available	1	G_Aquino_070918_280918_R1_L3_7	proteomic profiling by mass spectrometry	Data-dependent acquisition	NT=label free sample;AC=MS:1002038	NT=Q Exactive HF;AC=MS:1002523	NT=Trypsin;AC=MS:1001251	NT=Carbamidomethyl;AC=UNIMOD:4;TA=C;MT=Fixed	NT=Oxidation;AC=UNIMOD:35;TA=M;MT=Variable	1	1	G_Aquino_070918_280918_R1_L3_7.raw	v1.1.0	NT=ms-proteomics;VV=v1.1.0	NT=sdrf-skeleton-gen;VV=v1.0.0
G_Aquino_070918_280918_R1_L3_8	Saccharomyces cerevisiae	not available	not available	1	G_Aquino_070918_280918_R1_L3_8	proteomic profiling by mass spectrometry	Data-dependent acquisition	NT=label free sample;AC=MS:1002038	NT=Q Exactive HF;AC=MS:1002523	NT=Trypsin;AC=MS:1001251	NT=Carbamidomethyl;AC=UNIMOD:4;TA=C;MT=Fixed	NT=Oxidation;AC=UNIMOD:35;TA=M;MT=Variable	1	1	G_Aquino_070918_280918_R1_L3_8.raw	v1.1.0	NT=ms-proteomics;VV=v1.1.0	NT=sdrf-skeleton-gen;VV=v1.0.0
G_Aquino_070918_280918_R1_L3_9	Saccharomyces cerevisiae	not available	not available	1	G_Aquino_070918_280918_R1_L3_9	proteomic profiling by mass spectrometry	Data-dependent acquisition	NT=label free sample;AC=MS:1002038	NT=Q Exactive HF;AC=MS:1002523	NT=Trypsin;AC=MS:1001251	NT=Carbamidomethyl;AC=UNIMOD:4;TA=C;MT=Fixed	NT=Oxidation;AC=UNIMOD:35;TA=M;MT=Variable	1	1	G_Aquino_070918_280918_R1_L3_9.raw	v1.1.0	NT=ms-proteomics;VV=v1.1.0	NT=sdrf-skeleton-gen;VV=v1.0.0
G_Aquino_070918_280918_R1_L4_1	Saccharomyces cerevisiae	not available	not available	1	G_Aquino_070918_280918_R1_L4_1	proteomic profiling by mass spectrometry	Data-dependent acquisition	NT=label free sample;AC=MS:1002038	NT=Q Exactive HF;AC=MS:1002523	NT=Trypsin;AC=MS:1001251	NT=Carbamidomethyl;AC=UNIMOD:4;TA=C;MT=Fixed	NT=Oxidation;AC=UNIMOD:35;TA=M;MT=Variable	1	1	G_Aquino_070918_280918_R1_L4_1.raw	v1.1.0	NT=ms-proteomics;VV=v1.1.0	NT=sdrf-skeleton-gen;VV=v1.0.0
G_Aquino_070918_280918_R1_L4_10	Saccharomyces cerevisiae	not available	not available	1	G_Aquino_070918_280918_R1_L4_10	proteomic profiling by mass spectrometry	Data-dependent acquisition	NT=label free sample;AC=MS:1002038	NT=Q Exactive HF;AC=MS:1002523	NT=Trypsin;AC=MS:1001251	NT=Carbamidomethyl;AC=UNIMOD:4;TA=C;MT=Fixed	NT=Oxidation;AC=UNIMOD:35;TA=M;MT=Variable	1	1	G_Aquino_070918_280918_R1_L4_10.raw	v1.1.0	NT=ms-proteomics;VV=v1.1.0	NT=sdrf-skeleton-gen;VV=v1.0.0
G_Aquino_070918_280918_R1_L4_11	Saccharomyces cerevisiae	not available	not available	1	G_Aquino_070918_280918_R1_L4_11	proteomic profiling by mass spectrometry	Data-dependent acquisition	NT=label free sample;AC=MS:1002038	NT=Q Exactive HF;AC=MS:1002523	NT=Trypsin;AC=MS:1001251	NT=Carbamidomethyl;AC=UNIMOD:4;TA=C;MT=Fixed	NT=Oxidation;AC=UNIMOD:35;TA=M;MT=Variable	1	1	G_Aquino_070918_280918_R1_L4_11.raw	v1.1.0	NT=ms-proteomics;VV=v1.1.0	NT=sdrf-skeleton-gen;VV=v1.0.0
G_Aquino_070918_280918_R1_L4_12	Saccharomyces cerevisiae	not available	not available	1	G_Aquino_070918_280918_R1_L4_12	proteomic profiling by mass spectrometry	Data-dependent acquisition	NT=label free sample;AC=MS:1002038	NT=Q Exactive HF;AC=MS:1002523	NT=Trypsin;AC=MS:1001251	NT=Carbamidomethyl;AC=UNIMOD:4;TA=C;MT=Fixed	NT=Oxidation;AC=UNIMOD:35;TA=M;MT=Variable	1	1	G_Aquino_070918_280918_R1_L4_12.raw	v1.1.0	NT=ms-proteomics;VV=v1.1.0	NT=sdrf-skeleton-gen;VV=v1.0.0
G_Aquino_070918_280918_R1_L4_13	Saccharomyces cerevisiae	not available	not available	1	G_Aquino_070918_280918_R1_L4_13	proteomic profiling by mass spectrometry	Data-dependent acquisition	NT=label free sample;AC=MS:1002038	NT=Q Exactive HF;AC=MS:1002523	NT=Trypsin;AC=MS:1001251	NT=Carbamidomethyl;AC=UNIMOD:4;TA=C;MT=Fixed	NT=Oxidation;AC=UNIMOD:35;TA=M;MT=Variable	1	1	G_Aquino_070918_280918_R1_L4_13.raw	v1.1.0	NT=ms-proteomics;VV=v1.1.0	NT=sdrf-skeleton-gen;VV=v1.0.0
G_Aquino_070918_280918_R1_L4_14	Saccharomyces cerevisiae	not available	not available	1	G_Aquino_070918_280918_R1_L4_14	proteomic profiling by mass spectrometry	Data-dependent acquisition	NT=label free sample;AC=MS:1002038	NT=Q Exactive HF;AC=MS:1002523	NT=Trypsin;AC=MS:1001251	NT=Carbamidomethyl;AC=UNIMOD:4;TA=C;MT=Fixed	NT=Oxidation;AC=UNIMOD:35;TA=M;MT=Variable	1	1	G_Aquino_070918_280918_R1_L4_14.raw	v1.1.0	NT=ms-proteomics;VV=v1.1.0	NT=sdrf-skeleton-gen;VV=v1.0.0
G_Aquino_070918_280918_R1_L4_15	Saccharomyces cerevisiae	not available	not available	1	G_Aquino_070918_280918_R1_L4_15	proteomic profiling by mass spectrometry	Data-dependent acquisition	NT=label free sample;AC=MS:1002038	NT=Q Exactive HF;AC=MS:1002523	NT=Trypsin;AC=MS:1001251	NT=Carbamidomethyl;AC=UNIMOD:4;TA=C;MT=Fixed	NT=Oxidation;AC=UNIMOD:35;TA=M;MT=Variable	1	1	G_Aquino_070918_280918_R1_L4_15.raw	v1.1.0	NT=ms-proteomics;VV=v1.1.0	NT=sdrf-skeleton-gen;VV=v1.0.0
G_Aquino_070918_280918_R1_L4_16	Saccharomyces cerevisiae	not available	not available	1	G_Aquino_070918_280918_R1_L4_16	proteomic profiling by mass spectrometry	Data-dependent acquisition	NT=label free sample;AC=MS:1002038	NT=Q Exactive HF;AC=MS:1002523	NT=Trypsin;AC=MS:1001251	NT=Carbamidomethyl;AC=UNIMOD:4;TA=C;MT=Fixed	NT=Oxidation;AC=UNIMOD:35;TA=M;MT=Variable	1	1	G_Aquino_070918_280918_R1_L4_16.raw	v1.1.0	NT=ms-proteomics;VV=v1.1.0	NT=sdrf-skeleton-gen;VV=v1.0.0
G_Aquino_070918_280918_R1_L4_17	Saccharomyces cerevisiae	not available	not available	1	G_Aquino_070918_280918_R1_L4_17	proteomic profiling by mass spectrometry	Data-dependent acquisition	NT=label free sample;AC=MS:1002038	NT=Q Exactive HF;AC=MS:1002523	NT=Trypsin;AC=MS:1001251	NT=Carbamidomethyl;AC=UNIMOD:4;TA=C;MT=Fixed	NT=Oxidation;AC=UNIMOD:35;TA=M;MT=Variable	1	1	G_Aquino_070918_280918_R1_L4_17.raw	v1.1.0	NT=ms-proteomics;VV=v1.1.0	NT=sdrf-skeleton-gen;VV=v1.0.0
G_Aquino_070918_280918_R1_L4_18	Saccharomyces cerevisiae	not available	not available	1	G_Aquino_070918_280918_R1_L4_18	proteomic profiling by mass spectrometry	Data-dependent acquisition	NT=label free sample;AC=MS:1002038	NT=Q Exactive HF;AC=MS:1002523	NT=Trypsin;AC=MS:1001251	NT=Carbamidomethyl;AC=UNIMOD:4;TA=C;MT=Fixed	NT=Oxidation;AC=UNIMOD:35;TA=M;MT=Variable	1	1	G_Aquino_070918_280918_R1_L4_18.raw	v1.1.0	NT=ms-proteomics;VV=v1.1.0	NT=sdrf-skeleton-gen;VV=v1.0.0
G_Aquino_070918_280918_R1_L4_19	Saccharomyces cerevisiae	not available	not available	1	G_Aquino_070918_280918_R1_L4_19	proteomic profiling by mass spectrometry	Data-dependent acquisition	NT=label free sample;AC=MS:1002038	NT=Q Exactive HF;AC=MS:1002523	NT=Trypsin;AC=MS:1001251	NT=Carbamidomethyl;AC=UNIMOD:4;TA=C;MT=Fixed	NT=Oxidation;AC=UNIMOD:35;TA=M;MT=Variable	1	1	G_Aquino_070918_280918_R1_L4_19.raw	v1.1.0	NT=ms-proteomics;VV=v1.1.0	NT=sdrf-skeleton-gen;VV=v1.0.0
G_Aquino_070918_280918_R1_L4_2	Saccharomyces cerevisiae	not available	not available	1	G_Aquino_070918_280918_R1_L4_2	proteomic profiling by mass spectrometry	Data-dependent acquisition	NT=label free sample;AC=MS:1002038	NT=Q Exactive HF;AC=MS:1002523	NT=Trypsin;AC=MS:1001251	NT=Carbamidomethyl;AC=UNIMOD:4;TA=C;MT=Fixed	NT=Oxidation;AC=UNIMOD:35;TA=M;MT=Variable	1	1	G_Aquino_070918_280918_R1_L4_2.raw	v1.1.0	NT=ms-proteomics;VV=v1.1.0	NT=sdrf-skeleton-gen;VV=v1.0.0
G_Aquino_070918_280918_R1_L4_20	Saccharomyces cerevisiae	not available	not available	1	G_Aquino_070918_280918_R1_L4_20	proteomic profiling by mass spectrometry	Data-dependent acquisition	NT=label free sample;AC=MS:1002038	NT=Q Exactive HF;AC=MS:1002523	NT=Trypsin;AC=MS:1001251	NT=Carbamidomethyl;AC=UNIMOD:4;TA=C;MT=Fixed	NT=Oxidation;AC=UNIMOD:35;TA=M;MT=Variable	1	1	G_Aquino_070918_280918_R1_L4_20.raw	v1.1.0	NT=ms-proteomics;VV=v1.1.0	NT=sdrf-skeleton-gen;VV=v1.0.0
G_Aquino_070918_280918_R1_L4_21	Saccharomyces cerevisiae	not available	not available	1	G_Aquino_070918_280918_R1_L4_21	proteomic profiling by mass spectrometry	Data-dependent acquisition	NT=label free sample;AC=MS:1002038	NT=Q Exactive HF;AC=MS:1002523	NT=Trypsin;AC=MS:1001251	NT=Carbamidomethyl;AC=UNIMOD:4;TA=C;MT=Fixed	NT=Oxidation;AC=UNIMOD:35;TA=M;MT=Variable	1	1	G_Aquino_070918_280918_R1_L4_21.raw	v1.1.0	NT=ms-proteomics;VV=v1.1.0	NT=sdrf-skeleton-gen;VV=v1.0.0
G_Aquino_070918_280918_R1_L4_22	Saccharomyces cerevisiae	not available	not available	1	G_Aquino_070918_280918_R1_L4_22	proteomic profiling by mass spectrometry	Data-dependent acquisition	NT=label free sample;AC=MS:1002038	NT=Q Exactive HF;AC=MS:1002523	NT=Trypsin;AC=MS:1001251	NT=Carbamidomethyl;AC=UNIMOD:4;TA=C;MT=Fixed	NT=Oxidation;AC=UNIMOD:35;TA=M;MT=Variable	1	1	G_Aquino_070918_280918_R1_L4_22.raw	v1.1.0	NT=ms-proteomics;VV=v1.1.0	NT=sdrf-skeleton-gen;VV=v1.0.0
G_Aquino_070918_280918_R1_L4_23	Saccharomyces cerevisiae	not available	not available	1	G_Aquino_070918_280918_R1_L4_23	proteomic profiling by mass spectrometry	Data-dependent acquisition	NT=label free sample;AC=MS:1002038	NT=Q Exactive HF;AC=MS:1002523	NT=Trypsin;AC=MS:1001251	NT=Carbamidomethyl;AC=UNIMOD:4;TA=C;MT=Fixed	NT=Oxidation;AC=UNIMOD:35;TA=M;MT=Variable	1	1	G_Aquino_070918_280918_R1_L4_23.raw	v1.1.0	NT=ms-proteomics;VV=v1.1.0	NT=sdrf-skeleton-gen;VV=v1.0.0
G_Aquino_070918_280918_R1_L4_3	Saccharomyces cerevisiae	not available	not available	1	G_Aquino_070918_280918_R1_L4_3	proteomic profiling by mass spectrometry	Data-dependent acquisition	NT=label free sample;AC=MS:1002038	NT=Q Exactive HF;AC=MS:1002523	NT=Trypsin;AC=MS:1001251	NT=Carbamidomethyl;AC=UNIMOD:4;TA=C;MT=Fixed	NT=Oxidation;AC=UNIMOD:35;TA=M;MT=Variable	1	1	G_Aquino_070918_280918_R1_L4_3.raw	v1.1.0	NT=ms-proteomics;VV=v1.1.0	NT=sdrf-skeleton-gen;VV=v1.0.0
G_Aquino_070918_280918_R1_L4_4	Saccharomyces cerevisiae	not available	not available	1	G_Aquino_070918_280918_R1_L4_4	proteomic profiling by mass spectrometry	Data-dependent acquisition	NT=label free sample;AC=MS:1002038	NT=Q Exactive HF;AC=MS:1002523	NT=Trypsin;AC=MS:1001251	NT=Carbamidomethyl;AC=UNIMOD:4;TA=C;MT=Fixed	NT=Oxidation;AC=UNIMOD:35;TA=M;MT=Variable	1	1	G_Aquino_070918_280918_R1_L4_4.raw	v1.1.0	NT=ms-proteomics;VV=v1.1.0	NT=sdrf-skeleton-gen;VV=v1.0.0
G_Aquino_070918_280918_R1_L4_5	Saccharomyces cerevisiae	not available	not available	1	G_Aquino_070918_280918_R1_L4_5	proteomic profiling by mass spectrometry	Data-dependent acquisition	NT=label free sample;AC=MS:1002038	NT=Q Exactive HF;AC=MS:1002523	NT=Trypsin;AC=MS:1001251	NT=Carbamidomethyl;AC=UNIMOD:4;TA=C;MT=Fixed	NT=Oxidation;AC=UNIMOD:35;TA=M;MT=Variable	1	1	G_Aquino_070918_280918_R1_L4_5.raw	v1.1.0	NT=ms-proteomics;VV=v1.1.0	NT=sdrf-skeleton-gen;VV=v1.0.0
G_Aquino_070918_280918_R1_L4_6	Saccharomyces cerevisiae	not available	not available	1	G_Aquino_070918_280918_R1_L4_6	proteomic profiling by mass spectrometry	Data-dependent acquisition	NT=label free sample;AC=MS:1002038	NT=Q Exactive HF;AC=MS:1002523	NT=Trypsin;AC=MS:1001251	NT=Carbamidomethyl;AC=UNIMOD:4;TA=C;MT=Fixed	NT=Oxidation;AC=UNIMOD:35;TA=M;MT=Variable	1	1	G_Aquino_070918_280918_R1_L4_6.raw	v1.1.0	NT=ms-proteomics;VV=v1.1.0	NT=sdrf-skeleton-gen;VV=v1.0.0
G_Aquino_070918_280918_R1_L4_7	Saccharomyces cerevisiae	not available	not available	1	G_Aquino_070918_280918_R1_L4_7	proteomic profiling by mass spectrometry	Data-dependent acquisition	NT=label free sample;AC=MS:1002038	NT=Q Exactive HF;AC=MS:1002523	NT=Trypsin;AC=MS:1001251	NT=Carbamidomethyl;AC=UNIMOD:4;TA=C;MT=Fixed	NT=Oxidation;AC=UNIMOD:35;TA=M;MT=Variable	1	1	G_Aquino_070918_280918_R1_L4_7.raw	v1.1.0	NT=ms-proteomics;VV=v1.1.0	NT=sdrf-skeleton-gen;VV=v1.0.0
G_Aquino_070918_280918_R1_L4_8	Saccharomyces cerevisiae	not available	not available	1	G_Aquino_070918_280918_R1_L4_8	proteomic profiling by mass spectrometry	Data-dependent acquisition	NT=label free sample;AC=MS:1002038	NT=Q Exactive HF;AC=MS:1002523	NT=Trypsin;AC=MS:1001251	NT=Carbamidomethyl;AC=UNIMOD:4;TA=C;MT=Fixed	NT=Oxidation;AC=UNIMOD:35;TA=M;MT=Variable	1	1	G_Aquino_070918_280918_R1_L4_8.raw	v1.1.0	NT=ms-proteomics;VV=v1.1.0	NT=sdrf-skeleton-gen;VV=v1.0.0
G_Aquino_070918_280918_R1_L4_9	Saccharomyces cerevisiae	not available	not available	1	G_Aquino_070918_280918_R1_L4_9	proteomic profiling by mass spectrometry	Data-dependent acquisition	NT=label free sample;AC=MS:1002038	NT=Q Exactive HF;AC=MS:1002523	NT=Trypsin;AC=MS:1001251	NT=Carbamidomethyl;AC=UNIMOD:4;TA=C;MT=Fixed	NT=Oxidation;AC=UNIMOD:35;TA=M;MT=Variable	1	1	G_Aquino_070918_280918_R1_L4_9.raw	v1.1.0	NT=ms-proteomics;VV=v1.1.0	NT=sdrf-skeleton-gen;VV=v1.0.0
G_Aquino_070918_280918_R2_L3_1	Saccharomyces cerevisiae	not available	not available	1	G_Aquino_070918_280918_R2_L3_1	proteomic profiling by mass spectrometry	Data-dependent acquisition	NT=label free sample;AC=MS:1002038	NT=Q Exactive HF;AC=MS:1002523	NT=Trypsin;AC=MS:1001251	NT=Carbamidomethyl;AC=UNIMOD:4;TA=C;MT=Fixed	NT=Oxidation;AC=UNIMOD:35;TA=M;MT=Variable	1	1	G_Aquino_070918_280918_R2_L3_1.raw	v1.1.0	NT=ms-proteomics;VV=v1.1.0	NT=sdrf-skeleton-gen;VV=v1.0.0
G_Aquino_070918_280918_R2_L3_10	Saccharomyces cerevisiae	not available	not available	1	G_Aquino_070918_280918_R2_L3_10	proteomic profiling by mass spectrometry	Data-dependent acquisition	NT=label free sample;AC=MS:1002038	NT=Q Exactive HF;AC=MS:1002523	NT=Trypsin;AC=MS:1001251	NT=Carbamidomethyl;AC=UNIMOD:4;TA=C;MT=Fixed	NT=Oxidation;AC=UNIMOD:35;TA=M;MT=Variable	1	1	G_Aquino_070918_280918_R2_L3_10.raw	v1.1.0	NT=ms-proteomics;VV=v1.1.0	NT=sdrf-skeleton-gen;VV=v1.0.0
G_Aquino_070918_280918_R2_L3_11	Saccharomyces cerevisiae	not available	not available	1	G_Aquino_070918_280918_R2_L3_11	proteomic profiling by mass spectrometry	Data-dependent acquisition	NT=label free sample;AC=MS:1002038	NT=Q Exactive HF;AC=MS:1002523	NT=Trypsin;AC=MS:1001251	NT=Carbamidomethyl;AC=UNIMOD:4;TA=C;MT=Fixed	NT=Oxidation;AC=UNIMOD:35;TA=M;MT=Variable	1	1	G_Aquino_070918_280918_R2_L3_11.raw	v1.1.0	NT=ms-proteomics;VV=v1.1.0	NT=sdrf-skeleton-gen;VV=v1.0.0
G_Aquino_070918_280918_R2_L3_12	Saccharomyces cerevisiae	not available	not available	1	G_Aquino_070918_280918_R2_L3_12	proteomic profiling by mass spectrometry	Data-dependent acquisition	NT=label free sample;AC=MS:1002038	NT=Q Exactive HF;AC=MS:1002523	NT=Trypsin;AC=MS:1001251	NT=Carbamidomethyl;AC=UNIMOD:4;TA=C;MT=Fixed	NT=Oxidation;AC=UNIMOD:35;TA=M;MT=Variable	1	1	G_Aquino_070918_280918_R2_L3_12.raw	v1.1.0	NT=ms-proteomics;VV=v1.1.0	NT=sdrf-skeleton-gen;VV=v1.0.0
G_Aquino_070918_280918_R2_L3_13	Saccharomyces cerevisiae	not available	not available	1	G_Aquino_070918_280918_R2_L3_13	proteomic profiling by mass spectrometry	Data-dependent acquisition	NT=label free sample;AC=MS:1002038	NT=Q Exactive HF;AC=MS:1002523	NT=Trypsin;AC=MS:1001251	NT=Carbamidomethyl;AC=UNIMOD:4;TA=C;MT=Fixed	NT=Oxidation;AC=UNIMOD:35;TA=M;MT=Variable	1	1	G_Aquino_070918_280918_R2_L3_13.raw	v1.1.0	NT=ms-proteomics;VV=v1.1.0	NT=sdrf-skeleton-gen;VV=v1.0.0
G_Aquino_070918_280918_R2_L3_14	Saccharomyces cerevisiae	not available	not available	1	G_Aquino_070918_280918_R2_L3_14	proteomic profiling by mass spectrometry	Data-dependent acquisition	NT=label free sample;AC=MS:1002038	NT=Q Exactive HF;AC=MS:1002523	NT=Trypsin;AC=MS:1001251	NT=Carbamidomethyl;AC=UNIMOD:4;TA=C;MT=Fixed	NT=Oxidation;AC=UNIMOD:35;TA=M;MT=Variable	1	1	G_Aquino_070918_280918_R2_L3_14.raw	v1.1.0	NT=ms-proteomics;VV=v1.1.0	NT=sdrf-skeleton-gen;VV=v1.0.0
G_Aquino_070918_280918_R2_L3_15	Saccharomyces cerevisiae	not available	not available	1	G_Aquino_070918_280918_R2_L3_15	proteomic profiling by mass spectrometry	Data-dependent acquisition	NT=label free sample;AC=MS:1002038	NT=Q Exactive HF;AC=MS:1002523	NT=Trypsin;AC=MS:1001251	NT=Carbamidomethyl;AC=UNIMOD:4;TA=C;MT=Fixed	NT=Oxidation;AC=UNIMOD:35;TA=M;MT=Variable	1	1	G_Aquino_070918_280918_R2_L3_15.raw	v1.1.0	NT=ms-proteomics;VV=v1.1.0	NT=sdrf-skeleton-gen;VV=v1.0.0
G_Aquino_070918_280918_R2_L3_16	Saccharomyces cerevisiae	not available	not available	1	G_Aquino_070918_280918_R2_L3_16	proteomic profiling by mass spectrometry	Data-dependent acquisition	NT=label free sample;AC=MS:1002038	NT=Q Exactive HF;AC=MS:1002523	NT=Trypsin;AC=MS:1001251	NT=Carbamidomethyl;AC=UNIMOD:4;TA=C;MT=Fixed	NT=Oxidation;AC=UNIMOD:35;TA=M;MT=Variable	1	1	G_Aquino_070918_280918_R2_L3_16.raw	v1.1.0	NT=ms-proteomics;VV=v1.1.0	NT=sdrf-skeleton-gen;VV=v1.0.0
G_Aquino_070918_280918_R2_L3_17	Saccharomyces cerevisiae	not available	not available	1	G_Aquino_070918_280918_R2_L3_17	proteomic profiling by mass spectrometry	Data-dependent acquisition	NT=label free sample;AC=MS:1002038	NT=Q Exactive HF;AC=MS:1002523	NT=Trypsin;AC=MS:1001251	NT=Carbamidomethyl;AC=UNIMOD:4;TA=C;MT=Fixed	NT=Oxidation;AC=UNIMOD:35;TA=M;MT=Variable	1	1	G_Aquino_070918_280918_R2_L3_17.raw	v1.1.0	NT=ms-proteomics;VV=v1.1.0	NT=sdrf-skeleton-gen;VV=v1.0.0
G_Aquino_070918_280918_R2_L3_18	Saccharomyces cerevisiae	not available	not available	1	G_Aquino_070918_280918_R2_L3_18	proteomic profiling by mass spectrometry	Data-dependent acquisition	NT=label free sample;AC=MS:1002038	NT=Q Exactive HF;AC=MS:1002523	NT=Trypsin;AC=MS:1001251	NT=Carbamidomethyl;AC=UNIMOD:4;TA=C;MT=Fixed	NT=Oxidation;AC=UNIMOD:35;TA=M;MT=Variable	1	1	G_Aquino_070918_280918_R2_L3_18.raw	v1.1.0	NT=ms-proteomics;VV=v1.1.0	NT=sdrf-skeleton-gen;VV=v1.0.0
G_Aquino_070918_280918_R2_L3_19	Saccharomyces cerevisiae	not available	not available	1	G_Aquino_070918_280918_R2_L3_19	proteomic profiling by mass spectrometry	Data-dependent acquisition	NT=label free sample;AC=MS:1002038	NT=Q Exactive HF;AC=MS:1002523	NT=Trypsin;AC=MS:1001251	NT=Carbamidomethyl;AC=UNIMOD:4;TA=C;MT=Fixed	NT=Oxidation;AC=UNIMOD:35;TA=M;MT=Variable	1	1	G_Aquino_070918_280918_R2_L3_19.raw	v1.1.0	NT=ms-proteomics;VV=v1.1.0	NT=sdrf-skeleton-gen;VV=v1.0.0
G_Aquino_070918_280918_R2_L3_2	Saccharomyces cerevisiae	not available	not available	1	G_Aquino_070918_280918_R2_L3_2	proteomic profiling by mass spectrometry	Data-dependent acquisition	NT=label free sample;AC=MS:1002038	NT=Q Exactive HF;AC=MS:1002523	NT=Trypsin;AC=MS:1001251	NT=Carbamidomethyl;AC=UNIMOD:4;TA=C;MT=Fixed	NT=Oxidation;AC=UNIMOD:35;TA=M;MT=Variable	1	1	G_Aquino_070918_280918_R2_L3_2.raw	v1.1.0	NT=ms-proteomics;VV=v1.1.0	NT=sdrf-skeleton-gen;VV=v1.0.0
G_Aquino_070918_280918_R2_L3_20	Saccharomyces cerevisiae	not available	not available	1	G_Aquino_070918_280918_R2_L3_20	proteomic profiling by mass spectrometry	Data-dependent acquisition	NT=label free sample;AC=MS:1002038	NT=Q Exactive HF;AC=MS:1002523	NT=Trypsin;AC=MS:1001251	NT=Carbamidomethyl;AC=UNIMOD:4;TA=C;MT=Fixed	NT=Oxidation;AC=UNIMOD:35;TA=M;MT=Variable	1	1	G_Aquino_070918_280918_R2_L3_20.raw	v1.1.0	NT=ms-proteomics;VV=v1.1.0	NT=sdrf-skeleton-gen;VV=v1.0.0
G_Aquino_070918_280918_R2_L3_3	Saccharomyces cerevisiae	not available	not available	1	G_Aquino_070918_280918_R2_L3_3	proteomic profiling by mass spectrometry	Data-dependent acquisition	NT=label free sample;AC=MS:1002038	NT=Q Exactive HF;AC=MS:1002523	NT=Trypsin;AC=MS:1001251	NT=Carbamidomethyl;AC=UNIMOD:4;TA=C;MT=Fixed	NT=Oxidation;AC=UNIMOD:35;TA=M;MT=Variable	1	1	G_Aquino_070918_280918_R2_L3_3.raw	v1.1.0	NT=ms-proteomics;VV=v1.1.0	NT=sdrf-skeleton-gen;VV=v1.0.0
G_Aquino_070918_280918_R2_L3_4	Saccharomyces cerevisiae	not available	not available	1	G_Aquino_070918_280918_R2_L3_4	proteomic profiling by mass spectrometry	Data-dependent acquisition	NT=label free sample;AC=MS:1002038	NT=Q Exactive HF;AC=MS:1002523	NT=Trypsin;AC=MS:1001251	NT=Carbamidomethyl;AC=UNIMOD:4;TA=C;MT=Fixed	NT=Oxidation;AC=UNIMOD:35;TA=M;MT=Variable	1	1	G_Aquino_070918_280918_R2_L3_4.raw	v1.1.0	NT=ms-proteomics;VV=v1.1.0	NT=sdrf-skeleton-gen;VV=v1.0.0
G_Aquino_070918_280918_R2_L3_5	Saccharomyces cerevisiae	not available	not available	1	G_Aquino_070918_280918_R2_L3_5	proteomic profiling by mass spectrometry	Data-dependent acquisition	NT=label free sample;AC=MS:1002038	NT=Q Exactive HF;AC=MS:1002523	NT=Trypsin;AC=MS:1001251	NT=Carbamidomethyl;AC=UNIMOD:4;TA=C;MT=Fixed	NT=Oxidation;AC=UNIMOD:35;TA=M;MT=Variable	1	1	G_Aquino_070918_280918_R2_L3_5.raw	v1.1.0	NT=ms-proteomics;VV=v1.1.0	NT=sdrf-skeleton-gen;VV=v1.0.0
G_Aquino_070918_280918_R2_L3_6	Saccharomyces cerevisiae	not available	not available	1	G_Aquino_070918_280918_R2_L3_6	proteomic profiling by mass spectrometry	Data-dependent acquisition	NT=label free sample;AC=MS:1002038	NT=Q Exactive HF;AC=MS:1002523	NT=Trypsin;AC=MS:1001251	NT=Carbamidomethyl;AC=UNIMOD:4;TA=C;MT=Fixed	NT=Oxidation;AC=UNIMOD:35;TA=M;MT=Variable	1	1	G_Aquino_070918_280918_R2_L3_6.raw	v1.1.0	NT=ms-proteomics;VV=v1.1.0	NT=sdrf-skeleton-gen;VV=v1.0.0
G_Aquino_070918_280918_R2_L3_7	Saccharomyces cerevisiae	not available	not available	1	G_Aquino_070918_280918_R2_L3_7	proteomic profiling by mass spectrometry	Data-dependent acquisition	NT=label free sample;AC=MS:1002038	NT=Q Exactive HF;AC=MS:1002523	NT=Trypsin;AC=MS:1001251	NT=Carbamidomethyl;AC=UNIMOD:4;TA=C;MT=Fixed	NT=Oxidation;AC=UNIMOD:35;TA=M;MT=Variable	1	1	G_Aquino_070918_280918_R2_L3_7.raw	v1.1.0	NT=ms-proteomics;VV=v1.1.0	NT=sdrf-skeleton-gen;VV=v1.0.0
G_Aquino_070918_280918_R2_L3_8	Saccharomyces cerevisiae	not available	not available	1	G_Aquino_070918_280918_R2_L3_8	proteomic profiling by mass spectrometry	Data-dependent acquisition	NT=label free sample;AC=MS:1002038	NT=Q Exactive HF;AC=MS:1002523	NT=Trypsin;AC=MS:1001251	NT=Carbamidomethyl;AC=UNIMOD:4;TA=C;MT=Fixed	NT=Oxidation;AC=UNIMOD:35;TA=M;MT=Variable	1	1	G_Aquino_070918_280918_R2_L3_8.raw	v1.1.0	NT=ms-proteomics;VV=v1.1.0	NT=sdrf-skeleton-gen;VV=v1.0.0
G_Aquino_070918_280918_R2_L3_9	Saccharomyces cerevisiae	not available	not available	1	G_Aquino_070918_280918_R2_L3_9	proteomic profiling by mass spectrometry	Data-dependent acquisition	NT=label free sample;AC=MS:1002038	NT=Q Exactive HF;AC=MS:1002523	NT=Trypsin;AC=MS:1001251	NT=Carbamidomethyl;AC=UNIMOD:4;TA=C;MT=Fixed	NT=Oxidation;AC=UNIMOD:35;TA=M;MT=Variable	1	1	G_Aquino_070918_280918_R2_L3_9.raw	v1.1.0	NT=ms-proteomics;VV=v1.1.0	NT=sdrf-skeleton-gen;VV=v1.0.0
K_Bohnack_070521_260521_HFPlus_R1L6_1	Saccharomyces cerevisiae	not available	not available	1	K_Bohnack_070521_260521_HFPlus_R1L6_1	proteomic profiling by mass spectrometry	Data-dependent acquisition	NT=label free sample;AC=MS:1002038	NT=Q Exactive HF;AC=MS:1002523	NT=Trypsin;AC=MS:1001251	NT=Carbamidomethyl;AC=UNIMOD:4;TA=C;MT=Fixed	NT=Oxidation;AC=UNIMOD:35;TA=M;MT=Variable	1	1	K_Bohnack_070521_260521_HFPlus_R1L6_1.raw	v1.1.0	NT=ms-proteomics;VV=v1.1.0	NT=sdrf-skeleton-gen;VV=v1.0.0
K_Bohnack_070521_260521_HFPlus_R1L6_10	Saccharomyces cerevisiae	not available	not available	1	K_Bohnack_070521_260521_HFPlus_R1L6_10	proteomic profiling by mass spectrometry	Data-dependent acquisition	NT=label free sample;AC=MS:1002038	NT=Q Exactive HF;AC=MS:1002523	NT=Trypsin;AC=MS:1001251	NT=Carbamidomethyl;AC=UNIMOD:4;TA=C;MT=Fixed	NT=Oxidation;AC=UNIMOD:35;TA=M;MT=Variable	1	1	K_Bohnack_070521_260521_HFPlus_R1L6_10.raw	v1.1.0	NT=ms-proteomics;VV=v1.1.0	NT=sdrf-skeleton-gen;VV=v1.0.0
K_Bohnack_070521_260521_HFPlus_R1L6_11	Saccharomyces cerevisiae	not available	not available	1	K_Bohnack_070521_260521_HFPlus_R1L6_11	proteomic profiling by mass spectrometry	Data-dependent acquisition	NT=label free sample;AC=MS:1002038	NT=Q Exactive HF;AC=MS:1002523	NT=Trypsin;AC=MS:1001251	NT=Carbamidomethyl;AC=UNIMOD:4;TA=C;MT=Fixed	NT=Oxidation;AC=UNIMOD:35;TA=M;MT=Variable	1	1	K_Bohnack_070521_260521_HFPlus_R1L6_11.raw	v1.1.0	NT=ms-proteomics;VV=v1.1.0	NT=sdrf-skeleton-gen;VV=v1.0.0
K_Bohnack_070521_260521_HFPlus_R1L6_12	Saccharomyces cerevisiae	not available	not available	1	K_Bohnack_070521_260521_HFPlus_R1L6_12	proteomic profiling by mass spectrometry	Data-dependent acquisition	NT=label free sample;AC=MS:1002038	NT=Q Exactive HF;AC=MS:1002523	NT=Trypsin;AC=MS:1001251	NT=Carbamidomethyl;AC=UNIMOD:4;TA=C;MT=Fixed	NT=Oxidation;AC=UNIMOD:35;TA=M;MT=Variable	1	1	K_Bohnack_070521_260521_HFPlus_R1L6_12.raw	v1.1.0	NT=ms-proteomics;VV=v1.1.0	NT=sdrf-skeleton-gen;VV=v1.0.0
K_Bohnack_070521_260521_HFPlus_R1L6_13	Saccharomyces cerevisiae	not available	not available	1	K_Bohnack_070521_260521_HFPlus_R1L6_13	proteomic profiling by mass spectrometry	Data-dependent acquisition	NT=label free sample;AC=MS:1002038	NT=Q Exactive HF;AC=MS:1002523	NT=Trypsin;AC=MS:1001251	NT=Carbamidomethyl;AC=UNIMOD:4;TA=C;MT=Fixed	NT=Oxidation;AC=UNIMOD:35;TA=M;MT=Variable	1	1	K_Bohnack_070521_260521_HFPlus_R1L6_13.raw	v1.1.0	NT=ms-proteomics;VV=v1.1.0	NT=sdrf-skeleton-gen;VV=v1.0.0
K_Bohnack_070521_260521_HFPlus_R1L6_14	Saccharomyces cerevisiae	not available	not available	1	K_Bohnack_070521_260521_HFPlus_R1L6_14	proteomic profiling by mass spectrometry	Data-dependent acquisition	NT=label free sample;AC=MS:1002038	NT=Q Exactive HF;AC=MS:1002523	NT=Trypsin;AC=MS:1001251	NT=Carbamidomethyl;AC=UNIMOD:4;TA=C;MT=Fixed	NT=Oxidation;AC=UNIMOD:35;TA=M;MT=Variable	1	1	K_Bohnack_070521_260521_HFPlus_R1L6_14.raw	v1.1.0	NT=ms-proteomics;VV=v1.1.0	NT=sdrf-skeleton-gen;VV=v1.0.0
K_Bohnack_070521_260521_HFPlus_R1L6_15	Saccharomyces cerevisiae	not available	not available	1	K_Bohnack_070521_260521_HFPlus_R1L6_15	proteomic profiling by mass spectrometry	Data-dependent acquisition	NT=label free sample;AC=MS:1002038	NT=Q Exactive HF;AC=MS:1002523	NT=Trypsin;AC=MS:1001251	NT=Carbamidomethyl;AC=UNIMOD:4;TA=C;MT=Fixed	NT=Oxidation;AC=UNIMOD:35;TA=M;MT=Variable	1	1	K_Bohnack_070521_260521_HFPlus_R1L6_15.raw	v1.1.0	NT=ms-proteomics;VV=v1.1.0	NT=sdrf-skeleton-gen;VV=v1.0.0
K_Bohnack_070521_260521_HFPlus_R1L6_16	Saccharomyces cerevisiae	not available	not available	1	K_Bohnack_070521_260521_HFPlus_R1L6_16	proteomic profiling by mass spectrometry	Data-dependent acquisition	NT=label free sample;AC=MS:1002038	NT=Q Exactive HF;AC=MS:1002523	NT=Trypsin;AC=MS:1001251	NT=Carbamidomethyl;AC=UNIMOD:4;TA=C;MT=Fixed	NT=Oxidation;AC=UNIMOD:35;TA=M;MT=Variable	1	1	K_Bohnack_070521_260521_HFPlus_R1L6_16.raw	v1.1.0	NT=ms-proteomics;VV=v1.1.0	NT=sdrf-skeleton-gen;VV=v1.0.0
K_Bohnack_070521_260521_HFPlus_R1L6_17	Saccharomyces cerevisiae	not available	not available	1	K_Bohnack_070521_260521_HFPlus_R1L6_17	proteomic profiling by mass spectrometry	Data-dependent acquisition	NT=label free sample;AC=MS:1002038	NT=Q Exactive HF;AC=MS:1002523	NT=Trypsin;AC=MS:1001251	NT=Carbamidomethyl;AC=UNIMOD:4;TA=C;MT=Fixed	NT=Oxidation;AC=UNIMOD:35;TA=M;MT=Variable	1	1	K_Bohnack_070521_260521_HFPlus_R1L6_17.raw	v1.1.0	NT=ms-proteomics;VV=v1.1.0	NT=sdrf-skeleton-gen;VV=v1.0.0
K_Bohnack_070521_260521_HFPlus_R1L6_18	Saccharomyces cerevisiae	not available	not available	1	K_Bohnack_070521_260521_HFPlus_R1L6_18	proteomic profiling by mass spectrometry	Data-dependent acquisition	NT=label free sample;AC=MS:1002038	NT=Q Exactive HF;AC=MS:1002523	NT=Trypsin;AC=MS:1001251	NT=Carbamidomethyl;AC=UNIMOD:4;TA=C;MT=Fixed	NT=Oxidation;AC=UNIMOD:35;TA=M;MT=Variable	1	1	K_Bohnack_070521_260521_HFPlus_R1L6_18.raw	v1.1.0	NT=ms-proteomics;VV=v1.1.0	NT=sdrf-skeleton-gen;VV=v1.0.0
K_Bohnack_070521_260521_HFPlus_R1L6_19	Saccharomyces cerevisiae	not available	not available	1	K_Bohnack_070521_260521_HFPlus_R1L6_19	proteomic profiling by mass spectrometry	Data-dependent acquisition	NT=label free sample;AC=MS:1002038	NT=Q Exactive HF;AC=MS:1002523	NT=Trypsin;AC=MS:1001251	NT=Carbamidomethyl;AC=UNIMOD:4;TA=C;MT=Fixed	NT=Oxidation;AC=UNIMOD:35;TA=M;MT=Variable	1	1	K_Bohnack_070521_260521_HFPlus_R1L6_19.raw	v1.1.0	NT=ms-proteomics;VV=v1.1.0	NT=sdrf-skeleton-gen;VV=v1.0.0
K_Bohnack_070521_260521_HFPlus_R1L6_2	Saccharomyces cerevisiae	not available	not available	1	K_Bohnack_070521_260521_HFPlus_R1L6_2	proteomic profiling by mass spectrometry	Data-dependent acquisition	NT=label free sample;AC=MS:1002038	NT=Q Exactive HF;AC=MS:1002523	NT=Trypsin;AC=MS:1001251	NT=Carbamidomethyl;AC=UNIMOD:4;TA=C;MT=Fixed	NT=Oxidation;AC=UNIMOD:35;TA=M;MT=Variable	1	1	K_Bohnack_070521_260521_HFPlus_R1L6_2.raw	v1.1.0	NT=ms-proteomics;VV=v1.1.0	NT=sdrf-skeleton-gen;VV=v1.0.0
K_Bohnack_070521_260521_HFPlus_R1L6_20	Saccharomyces cerevisiae	not available	not available	1	K_Bohnack_070521_260521_HFPlus_R1L6_20	proteomic profiling by mass spectrometry	Data-dependent acquisition	NT=label free sample;AC=MS:1002038	NT=Q Exactive HF;AC=MS:1002523	NT=Trypsin;AC=MS:1001251	NT=Carbamidomethyl;AC=UNIMOD:4;TA=C;MT=Fixed	NT=Oxidation;AC=UNIMOD:35;TA=M;MT=Variable	1	1	K_Bohnack_070521_260521_HFPlus_R1L6_20.raw	v1.1.0	NT=ms-proteomics;VV=v1.1.0	NT=sdrf-skeleton-gen;VV=v1.0.0
K_Bohnack_070521_260521_HFPlus_R1L6_21	Saccharomyces cerevisiae	not available	not available	1	K_Bohnack_070521_260521_HFPlus_R1L6_21	proteomic profiling by mass spectrometry	Data-dependent acquisition	NT=label free sample;AC=MS:1002038	NT=Q Exactive HF;AC=MS:1002523	NT=Trypsin;AC=MS:1001251	NT=Carbamidomethyl;AC=UNIMOD:4;TA=C;MT=Fixed	NT=Oxidation;AC=UNIMOD:35;TA=M;MT=Variable	1	1	K_Bohnack_070521_260521_HFPlus_R1L6_21.raw	v1.1.0	NT=ms-proteomics;VV=v1.1.0	NT=sdrf-skeleton-gen;VV=v1.0.0
K_Bohnack_070521_260521_HFPlus_R1L6_22	Saccharomyces cerevisiae	not available	not available	1	K_Bohnack_070521_260521_HFPlus_R1L6_22	proteomic profiling by mass spectrometry	Data-dependent acquisition	NT=label free sample;AC=MS:1002038	NT=Q Exactive HF;AC=MS:1002523	NT=Trypsin;AC=MS:1001251	NT=Carbamidomethyl;AC=UNIMOD:4;TA=C;MT=Fixed	NT=Oxidation;AC=UNIMOD:35;TA=M;MT=Variable	1	1	K_Bohnack_070521_260521_HFPlus_R1L6_22.raw	v1.1.0	NT=ms-proteomics;VV=v1.1.0	NT=sdrf-skeleton-gen;VV=v1.0.0
K_Bohnack_070521_260521_HFPlus_R1L6_23	Saccharomyces cerevisiae	not available	not available	1	K_Bohnack_070521_260521_HFPlus_R1L6_23	proteomic profiling by mass spectrometry	Data-dependent acquisition	NT=label free sample;AC=MS:1002038	NT=Q Exactive HF;AC=MS:1002523	NT=Trypsin;AC=MS:1001251	NT=Carbamidomethyl;AC=UNIMOD:4;TA=C;MT=Fixed	NT=Oxidation;AC=UNIMOD:35;TA=M;MT=Variable	1	1	K_Bohnack_070521_260521_HFPlus_R1L6_23.raw	v1.1.0	NT=ms-proteomics;VV=v1.1.0	NT=sdrf-skeleton-gen;VV=v1.0.0
K_Bohnack_070521_260521_HFPlus_R1L6_3	Saccharomyces cerevisiae	not available	not available	1	K_Bohnack_070521_260521_HFPlus_R1L6_3	proteomic profiling by mass spectrometry	Data-dependent acquisition	NT=label free sample;AC=MS:1002038	NT=Q Exactive HF;AC=MS:1002523	NT=Trypsin;AC=MS:1001251	NT=Carbamidomethyl;AC=UNIMOD:4;TA=C;MT=Fixed	NT=Oxidation;AC=UNIMOD:35;TA=M;MT=Variable	1	1	K_Bohnack_070521_260521_HFPlus_R1L6_3.raw	v1.1.0	NT=ms-proteomics;VV=v1.1.0	NT=sdrf-skeleton-gen;VV=v1.0.0
K_Bohnack_070521_260521_HFPlus_R1L6_4	Saccharomyces cerevisiae	not available	not available	1	K_Bohnack_070521_260521_HFPlus_R1L6_4	proteomic profiling by mass spectrometry	Data-dependent acquisition	NT=label free sample;AC=MS:1002038	NT=Q Exactive HF;AC=MS:1002523	NT=Trypsin;AC=MS:1001251	NT=Carbamidomethyl;AC=UNIMOD:4;TA=C;MT=Fixed	NT=Oxidation;AC=UNIMOD:35;TA=M;MT=Variable	1	1	K_Bohnack_070521_260521_HFPlus_R1L6_4.raw	v1.1.0	NT=ms-proteomics;VV=v1.1.0	NT=sdrf-skeleton-gen;VV=v1.0.0
K_Bohnack_070521_260521_HFPlus_R1L6_5	Saccharomyces cerevisiae	not available	not available	1	K_Bohnack_070521_260521_HFPlus_R1L6_5	proteomic profiling by mass spectrometry	Data-dependent acquisition	NT=label free sample;AC=MS:1002038	NT=Q Exactive HF;AC=MS:1002523	NT=Trypsin;AC=MS:1001251	NT=Carbamidomethyl;AC=UNIMOD:4;TA=C;MT=Fixed	NT=Oxidation;AC=UNIMOD:35;TA=M;MT=Variable	1	1	K_Bohnack_070521_260521_HFPlus_R1L6_5.raw	v1.1.0	NT=ms-proteomics;VV=v1.1.0	NT=sdrf-skeleton-gen;VV=v1.0.0
K_Bohnack_070521_260521_HFPlus_R1L6_6	Saccharomyces cerevisiae	not available	not available	1	K_Bohnack_070521_260521_HFPlus_R1L6_6	proteomic profiling by mass spectrometry	Data-dependent acquisition	NT=label free sample;AC=MS:1002038	NT=Q Exactive HF;AC=MS:1002523	NT=Trypsin;AC=MS:1001251	NT=Carbamidomethyl;AC=UNIMOD:4;TA=C;MT=Fixed	NT=Oxidation;AC=UNIMOD:35;TA=M;MT=Variable	1	1	K_Bohnack_070521_260521_HFPlus_R1L6_6.raw	v1.1.0	NT=ms-proteomics;VV=v1.1.0	NT=sdrf-skeleton-gen;VV=v1.0.0
K_Bohnack_070521_260521_HFPlus_R1L6_7	Saccharomyces cerevisiae	not available	not available	1	K_Bohnack_070521_260521_HFPlus_R1L6_7	proteomic profiling by mass spectrometry	Data-dependent acquisition	NT=label free sample;AC=MS:1002038	NT=Q Exactive HF;AC=MS:1002523	NT=Trypsin;AC=MS:1001251	NT=Carbamidomethyl;AC=UNIMOD:4;TA=C;MT=Fixed	NT=Oxidation;AC=UNIMOD:35;TA=M;MT=Variable	1	1	K_Bohnack_070521_260521_HFPlus_R1L6_7.raw	v1.1.0	NT=ms-proteomics;VV=v1.1.0	NT=sdrf-skeleton-gen;VV=v1.0.0
K_Bohnack_070521_260521_HFPlus_R1L6_8	Saccharomyces cerevisiae	not available	not available	1	K_Bohnack_070521_260521_HFPlus_R1L6_8	proteomic profiling by mass spectrometry	Data-dependent acquisition	NT=label free sample;AC=MS:1002038	NT=Q Exactive HF;AC=MS:1002523	NT=Trypsin;AC=MS:1001251	NT=Carbamidomethyl;AC=UNIMOD:4;TA=C;MT=Fixed	NT=Oxidation;AC=UNIMOD:35;TA=M;MT=Variable	1	1	K_Bohnack_070521_260521_HFPlus_R1L6_8.raw	v1.1.0	NT=ms-proteomics;VV=v1.1.0	NT=sdrf-skeleton-gen;VV=v1.0.0
K_Bohnack_070521_260521_HFPlus_R1L6_9	Saccharomyces cerevisiae	not available	not available	1	K_Bohnack_070521_260521_HFPlus_R1L6_9	proteomic profiling by mass spectrometry	Data-dependent acquisition	NT=label free sample;AC=MS:1002038	NT=Q Exactive HF;AC=MS:1002523	NT=Trypsin;AC=MS:1001251	NT=Carbamidomethyl;AC=UNIMOD:4;TA=C;MT=Fixed	NT=Oxidation;AC=UNIMOD:35;TA=M;MT=Variable	1	1	K_Bohnack_070521_260521_HFPlus_R1L6_9.raw	v1.1.0	NT=ms-proteomics;VV=v1.1.0	NT=sdrf-skeleton-gen;VV=v1.0.0
K_Bohnack_070521_260521_HFPlus_R2L6_1	Saccharomyces cerevisiae	not available	not available	1	K_Bohnack_070521_260521_HFPlus_R2L6_1	proteomic profiling by mass spectrometry	Data-dependent acquisition	NT=label free sample;AC=MS:1002038	NT=Q Exactive HF;AC=MS:1002523	NT=Trypsin;AC=MS:1001251	NT=Carbamidomethyl;AC=UNIMOD:4;TA=C;MT=Fixed	NT=Oxidation;AC=UNIMOD:35;TA=M;MT=Variable	1	1	K_Bohnack_070521_260521_HFPlus_R2L6_1.raw	v1.1.0	NT=ms-proteomics;VV=v1.1.0	NT=sdrf-skeleton-gen;VV=v1.0.0
K_Bohnack_070521_260521_HFPlus_R2L6_10	Saccharomyces cerevisiae	not available	not available	1	K_Bohnack_070521_260521_HFPlus_R2L6_10	proteomic profiling by mass spectrometry	Data-dependent acquisition	NT=label free sample;AC=MS:1002038	NT=Q Exactive HF;AC=MS:1002523	NT=Trypsin;AC=MS:1001251	NT=Carbamidomethyl;AC=UNIMOD:4;TA=C;MT=Fixed	NT=Oxidation;AC=UNIMOD:35;TA=M;MT=Variable	1	1	K_Bohnack_070521_260521_HFPlus_R2L6_10.raw	v1.1.0	NT=ms-proteomics;VV=v1.1.0	NT=sdrf-skeleton-gen;VV=v1.0.0
K_Bohnack_070521_260521_HFPlus_R2L6_11	Saccharomyces cerevisiae	not available	not available	1	K_Bohnack_070521_260521_HFPlus_R2L6_11	proteomic profiling by mass spectrometry	Data-dependent acquisition	NT=label free sample;AC=MS:1002038	NT=Q Exactive HF;AC=MS:1002523	NT=Trypsin;AC=MS:1001251	NT=Carbamidomethyl;AC=UNIMOD:4;TA=C;MT=Fixed	NT=Oxidation;AC=UNIMOD:35;TA=M;MT=Variable	1	1	K_Bohnack_070521_260521_HFPlus_R2L6_11.raw	v1.1.0	NT=ms-proteomics;VV=v1.1.0	NT=sdrf-skeleton-gen;VV=v1.0.0
K_Bohnack_070521_260521_HFPlus_R2L6_12	Saccharomyces cerevisiae	not available	not available	1	K_Bohnack_070521_260521_HFPlus_R2L6_12	proteomic profiling by mass spectrometry	Data-dependent acquisition	NT=label free sample;AC=MS:1002038	NT=Q Exactive HF;AC=MS:1002523	NT=Trypsin;AC=MS:1001251	NT=Carbamidomethyl;AC=UNIMOD:4;TA=C;MT=Fixed	NT=Oxidation;AC=UNIMOD:35;TA=M;MT=Variable	1	1	K_Bohnack_070521_260521_HFPlus_R2L6_12.raw	v1.1.0	NT=ms-proteomics;VV=v1.1.0	NT=sdrf-skeleton-gen;VV=v1.0.0
K_Bohnack_070521_260521_HFPlus_R2L6_13	Saccharomyces cerevisiae	not available	not available	1	K_Bohnack_070521_260521_HFPlus_R2L6_13	proteomic profiling by mass spectrometry	Data-dependent acquisition	NT=label free sample;AC=MS:1002038	NT=Q Exactive HF;AC=MS:1002523	NT=Trypsin;AC=MS:1001251	NT=Carbamidomethyl;AC=UNIMOD:4;TA=C;MT=Fixed	NT=Oxidation;AC=UNIMOD:35;TA=M;MT=Variable	1	1	K_Bohnack_070521_260521_HFPlus_R2L6_13.raw	v1.1.0	NT=ms-proteomics;VV=v1.1.0	NT=sdrf-skeleton-gen;VV=v1.0.0
K_Bohnack_070521_260521_HFPlus_R2L6_14	Saccharomyces cerevisiae	not available	not available	1	K_Bohnack_070521_260521_HFPlus_R2L6_14	proteomic profiling by mass spectrometry	Data-dependent acquisition	NT=label free sample;AC=MS:1002038	NT=Q Exactive HF;AC=MS:1002523	NT=Trypsin;AC=MS:1001251	NT=Carbamidomethyl;AC=UNIMOD:4;TA=C;MT=Fixed	NT=Oxidation;AC=UNIMOD:35;TA=M;MT=Variable	1	1	K_Bohnack_070521_260521_HFPlus_R2L6_14.raw	v1.1.0	NT=ms-proteomics;VV=v1.1.0	NT=sdrf-skeleton-gen;VV=v1.0.0
K_Bohnack_070521_260521_HFPlus_R2L6_15	Saccharomyces cerevisiae	not available	not available	1	K_Bohnack_070521_260521_HFPlus_R2L6_15	proteomic profiling by mass spectrometry	Data-dependent acquisition	NT=label free sample;AC=MS:1002038	NT=Q Exactive HF;AC=MS:1002523	NT=Trypsin;AC=MS:1001251	NT=Carbamidomethyl;AC=UNIMOD:4;TA=C;MT=Fixed	NT=Oxidation;AC=UNIMOD:35;TA=M;MT=Variable	1	1	K_Bohnack_070521_260521_HFPlus_R2L6_15.raw	v1.1.0	NT=ms-proteomics;VV=v1.1.0	NT=sdrf-skeleton-gen;VV=v1.0.0
K_Bohnack_070521_260521_HFPlus_R2L6_16	Saccharomyces cerevisiae	not available	not available	1	K_Bohnack_070521_260521_HFPlus_R2L6_16	proteomic profiling by mass spectrometry	Data-dependent acquisition	NT=label free sample;AC=MS:1002038	NT=Q Exactive HF;AC=MS:1002523	NT=Trypsin;AC=MS:1001251	NT=Carbamidomethyl;AC=UNIMOD:4;TA=C;MT=Fixed	NT=Oxidation;AC=UNIMOD:35;TA=M;MT=Variable	1	1	K_Bohnack_070521_260521_HFPlus_R2L6_16.raw	v1.1.0	NT=ms-proteomics;VV=v1.1.0	NT=sdrf-skeleton-gen;VV=v1.0.0
K_Bohnack_070521_260521_HFPlus_R2L6_17	Saccharomyces cerevisiae	not available	not available	1	K_Bohnack_070521_260521_HFPlus_R2L6_17	proteomic profiling by mass spectrometry	Data-dependent acquisition	NT=label free sample;AC=MS:1002038	NT=Q Exactive HF;AC=MS:1002523	NT=Trypsin;AC=MS:1001251	NT=Carbamidomethyl;AC=UNIMOD:4;TA=C;MT=Fixed	NT=Oxidation;AC=UNIMOD:35;TA=M;MT=Variable	1	1	K_Bohnack_070521_260521_HFPlus_R2L6_17.raw	v1.1.0	NT=ms-proteomics;VV=v1.1.0	NT=sdrf-skeleton-gen;VV=v1.0.0
K_Bohnack_070521_260521_HFPlus_R2L6_18	Saccharomyces cerevisiae	not available	not available	1	K_Bohnack_070521_260521_HFPlus_R2L6_18	proteomic profiling by mass spectrometry	Data-dependent acquisition	NT=label free sample;AC=MS:1002038	NT=Q Exactive HF;AC=MS:1002523	NT=Trypsin;AC=MS:1001251	NT=Carbamidomethyl;AC=UNIMOD:4;TA=C;MT=Fixed	NT=Oxidation;AC=UNIMOD:35;TA=M;MT=Variable	1	1	K_Bohnack_070521_260521_HFPlus_R2L6_18.raw	v1.1.0	NT=ms-proteomics;VV=v1.1.0	NT=sdrf-skeleton-gen;VV=v1.0.0
K_Bohnack_070521_260521_HFPlus_R2L6_19	Saccharomyces cerevisiae	not available	not available	1	K_Bohnack_070521_260521_HFPlus_R2L6_19	proteomic profiling by mass spectrometry	Data-dependent acquisition	NT=label free sample;AC=MS:1002038	NT=Q Exactive HF;AC=MS:1002523	NT=Trypsin;AC=MS:1001251	NT=Carbamidomethyl;AC=UNIMOD:4;TA=C;MT=Fixed	NT=Oxidation;AC=UNIMOD:35;TA=M;MT=Variable	1	1	K_Bohnack_070521_260521_HFPlus_R2L6_19.raw	v1.1.0	NT=ms-proteomics;VV=v1.1.0	NT=sdrf-skeleton-gen;VV=v1.0.0
K_Bohnack_070521_260521_HFPlus_R2L6_2	Saccharomyces cerevisiae	not available	not available	1	K_Bohnack_070521_260521_HFPlus_R2L6_2	proteomic profiling by mass spectrometry	Data-dependent acquisition	NT=label free sample;AC=MS:1002038	NT=Q Exactive HF;AC=MS:1002523	NT=Trypsin;AC=MS:1001251	NT=Carbamidomethyl;AC=UNIMOD:4;TA=C;MT=Fixed	NT=Oxidation;AC=UNIMOD:35;TA=M;MT=Variable	1	1	K_Bohnack_070521_260521_HFPlus_R2L6_2.raw	v1.1.0	NT=ms-proteomics;VV=v1.1.0	NT=sdrf-skeleton-gen;VV=v1.0.0
K_Bohnack_070521_260521_HFPlus_R2L6_20	Saccharomyces cerevisiae	not available	not available	1	K_Bohnack_070521_260521_HFPlus_R2L6_20	proteomic profiling by mass spectrometry	Data-dependent acquisition	NT=label free sample;AC=MS:1002038	NT=Q Exactive HF;AC=MS:1002523	NT=Trypsin;AC=MS:1001251	NT=Carbamidomethyl;AC=UNIMOD:4;TA=C;MT=Fixed	NT=Oxidation;AC=UNIMOD:35;TA=M;MT=Variable	1	1	K_Bohnack_070521_260521_HFPlus_R2L6_20.raw	v1.1.0	NT=ms-proteomics;VV=v1.1.0	NT=sdrf-skeleton-gen;VV=v1.0.0
K_Bohnack_070521_260521_HFPlus_R2L6_21	Saccharomyces cerevisiae	not available	not available	1	K_Bohnack_070521_260521_HFPlus_R2L6_21	proteomic profiling by mass spectrometry	Data-dependent acquisition	NT=label free sample;AC=MS:1002038	NT=Q Exactive HF;AC=MS:1002523	NT=Trypsin;AC=MS:1001251	NT=Carbamidomethyl;AC=UNIMOD:4;TA=C;MT=Fixed	NT=Oxidation;AC=UNIMOD:35;TA=M;MT=Variable	1	1	K_Bohnack_070521_260521_HFPlus_R2L6_21.raw	v1.1.0	NT=ms-proteomics;VV=v1.1.0	NT=sdrf-skeleton-gen;VV=v1.0.0
K_Bohnack_070521_260521_HFPlus_R2L6_22	Saccharomyces cerevisiae	not available	not available	1	K_Bohnack_070521_260521_HFPlus_R2L6_22	proteomic profiling by mass spectrometry	Data-dependent acquisition	NT=label free sample;AC=MS:1002038	NT=Q Exactive HF;AC=MS:1002523	NT=Trypsin;AC=MS:1001251	NT=Carbamidomethyl;AC=UNIMOD:4;TA=C;MT=Fixed	NT=Oxidation;AC=UNIMOD:35;TA=M;MT=Variable	1	1	K_Bohnack_070521_260521_HFPlus_R2L6_22.raw	v1.1.0	NT=ms-proteomics;VV=v1.1.0	NT=sdrf-skeleton-gen;VV=v1.0.0
K_Bohnack_070521_260521_HFPlus_R2L6_23	Saccharomyces cerevisiae	not available	not available	1	K_Bohnack_070521_260521_HFPlus_R2L6_23	proteomic profiling by mass spectrometry	Data-dependent acquisition	NT=label free sample;AC=MS:1002038	NT=Q Exactive HF;AC=MS:1002523	NT=Trypsin;AC=MS:1001251	NT=Carbamidomethyl;AC=UNIMOD:4;TA=C;MT=Fixed	NT=Oxidation;AC=UNIMOD:35;TA=M;MT=Variable	1	1	K_Bohnack_070521_260521_HFPlus_R2L6_23.raw	v1.1.0	NT=ms-proteomics;VV=v1.1.0	NT=sdrf-skeleton-gen;VV=v1.0.0
K_Bohnack_070521_260521_HFPlus_R2L6_3	Saccharomyces cerevisiae	not available	not available	1	K_Bohnack_070521_260521_HFPlus_R2L6_3	proteomic profiling by mass spectrometry	Data-dependent acquisition	NT=label free sample;AC=MS:1002038	NT=Q Exactive HF;AC=MS:1002523	NT=Trypsin;AC=MS:1001251	NT=Carbamidomethyl;AC=UNIMOD:4;TA=C;MT=Fixed	NT=Oxidation;AC=UNIMOD:35;TA=M;MT=Variable	1	1	K_Bohnack_070521_260521_HFPlus_R2L6_3.raw	v1.1.0	NT=ms-proteomics;VV=v1.1.0	NT=sdrf-skeleton-gen;VV=v1.0.0
K_Bohnack_070521_260521_HFPlus_R2L6_4	Saccharomyces cerevisiae	not available	not available	1	K_Bohnack_070521_260521_HFPlus_R2L6_4	proteomic profiling by mass spectrometry	Data-dependent acquisition	NT=label free sample;AC=MS:1002038	NT=Q Exactive HF;AC=MS:1002523	NT=Trypsin;AC=MS:1001251	NT=Carbamidomethyl;AC=UNIMOD:4;TA=C;MT=Fixed	NT=Oxidation;AC=UNIMOD:35;TA=M;MT=Variable	1	1	K_Bohnack_070521_260521_HFPlus_R2L6_4.raw	v1.1.0	NT=ms-proteomics;VV=v1.1.0	NT=sdrf-skeleton-gen;VV=v1.0.0
K_Bohnack_070521_260521_HFPlus_R2L6_5	Saccharomyces cerevisiae	not available	not available	1	K_Bohnack_070521_260521_HFPlus_R2L6_5	proteomic profiling by mass spectrometry	Data-dependent acquisition	NT=label free sample;AC=MS:1002038	NT=Q Exactive HF;AC=MS:1002523	NT=Trypsin;AC=MS:1001251	NT=Carbamidomethyl;AC=UNIMOD:4;TA=C;MT=Fixed	NT=Oxidation;AC=UNIMOD:35;TA=M;MT=Variable	1	1	K_Bohnack_070521_260521_HFPlus_R2L6_5.raw	v1.1.0	NT=ms-proteomics;VV=v1.1.0	NT=sdrf-skeleton-gen;VV=v1.0.0
K_Bohnack_070521_260521_HFPlus_R2L6_6	Saccharomyces cerevisiae	not available	not available	1	K_Bohnack_070521_260521_HFPlus_R2L6_6	proteomic profiling by mass spectrometry	Data-dependent acquisition	NT=label free sample;AC=MS:1002038	NT=Q Exactive HF;AC=MS:1002523	NT=Trypsin;AC=MS:1001251	NT=Carbamidomethyl;AC=UNIMOD:4;TA=C;MT=Fixed	NT=Oxidation;AC=UNIMOD:35;TA=M;MT=Variable	1	1	K_Bohnack_070521_260521_HFPlus_R2L6_6.raw	v1.1.0	NT=ms-proteomics;VV=v1.1.0	NT=sdrf-skeleton-gen;VV=v1.0.0
K_Bohnack_070521_260521_HFPlus_R2L6_7	Saccharomyces cerevisiae	not available	not available	1	K_Bohnack_070521_260521_HFPlus_R2L6_7	proteomic profiling by mass spectrometry	Data-dependent acquisition	NT=label free sample;AC=MS:1002038	NT=Q Exactive HF;AC=MS:1002523	NT=Trypsin;AC=MS:1001251	NT=Carbamidomethyl;AC=UNIMOD:4;TA=C;MT=Fixed	NT=Oxidation;AC=UNIMOD:35;TA=M;MT=Variable	1	1	K_Bohnack_070521_260521_HFPlus_R2L6_7.raw	v1.1.0	NT=ms-proteomics;VV=v1.1.0	NT=sdrf-skeleton-gen;VV=v1.0.0
K_Bohnack_070521_260521_HFPlus_R2L6_8	Saccharomyces cerevisiae	not available	not available	1	K_Bohnack_070521_260521_HFPlus_R2L6_8	proteomic profiling by mass spectrometry	Data-dependent acquisition	NT=label free sample;AC=MS:1002038	NT=Q Exactive HF;AC=MS:1002523	NT=Trypsin;AC=MS:1001251	NT=Carbamidomethyl;AC=UNIMOD:4;TA=C;MT=Fixed	NT=Oxidation;AC=UNIMOD:35;TA=M;MT=Variable	1	1	K_Bohnack_070521_260521_HFPlus_R2L6_8.raw	v1.1.0	NT=ms-proteomics;VV=v1.1.0	NT=sdrf-skeleton-gen;VV=v1.0.0
K_Bohnack_070521_260521_HFPlus_R2L6_9	Saccharomyces cerevisiae	not available	not available	1	K_Bohnack_070521_260521_HFPlus_R2L6_9	proteomic profiling by mass spectrometry	Data-dependent acquisition	NT=label free sample;AC=MS:1002038	NT=Q Exactive HF;AC=MS:1002523	NT=Trypsin;AC=MS:1001251	NT=Carbamidomethyl;AC=UNIMOD:4;TA=C;MT=Fixed	NT=Oxidation;AC=UNIMOD:35;TA=M;MT=Variable	1	1	K_Bohnack_070521_260521_HFPlus_R2L6_9.raw	v1.1.0	NT=ms-proteomics;VV=v1.1.0	NT=sdrf-skeleton-gen;VV=v1.0.0
K_Bohnsack_070521_120521_HFPlus_R1L1_1	Saccharomyces cerevisiae	not available	not available	1	K_Bohnsack_070521_120521_HFPlus_R1L1_1	proteomic profiling by mass spectrometry	Data-dependent acquisition	NT=label free sample;AC=MS:1002038	NT=Q Exactive HF;AC=MS:1002523	NT=Trypsin;AC=MS:1001251	NT=Carbamidomethyl;AC=UNIMOD:4;TA=C;MT=Fixed	NT=Oxidation;AC=UNIMOD:35;TA=M;MT=Variable	1	1	K_Bohnsack_070521_120521_HFPlus_R1L1_1.raw	v1.1.0	NT=ms-proteomics;VV=v1.1.0	NT=sdrf-skeleton-gen;VV=v1.0.0
K_Bohnsack_070521_120521_HFPlus_R1L1_10	Saccharomyces cerevisiae	not available	not available	1	K_Bohnsack_070521_120521_HFPlus_R1L1_10	proteomic profiling by mass spectrometry	Data-dependent acquisition	NT=label free sample;AC=MS:1002038	NT=Q Exactive HF;AC=MS:1002523	NT=Trypsin;AC=MS:1001251	NT=Carbamidomethyl;AC=UNIMOD:4;TA=C;MT=Fixed	NT=Oxidation;AC=UNIMOD:35;TA=M;MT=Variable	1	1	K_Bohnsack_070521_120521_HFPlus_R1L1_10.raw	v1.1.0	NT=ms-proteomics;VV=v1.1.0	NT=sdrf-skeleton-gen;VV=v1.0.0
K_Bohnsack_070521_120521_HFPlus_R1L1_11	Saccharomyces cerevisiae	not available	not available	1	K_Bohnsack_070521_120521_HFPlus_R1L1_11	proteomic profiling by mass spectrometry	Data-dependent acquisition	NT=label free sample;AC=MS:1002038	NT=Q Exactive HF;AC=MS:1002523	NT=Trypsin;AC=MS:1001251	NT=Carbamidomethyl;AC=UNIMOD:4;TA=C;MT=Fixed	NT=Oxidation;AC=UNIMOD:35;TA=M;MT=Variable	1	1	K_Bohnsack_070521_120521_HFPlus_R1L1_11.raw	v1.1.0	NT=ms-proteomics;VV=v1.1.0	NT=sdrf-skeleton-gen;VV=v1.0.0
K_Bohnsack_070521_120521_HFPlus_R1L1_12	Saccharomyces cerevisiae	not available	not available	1	K_Bohnsack_070521_120521_HFPlus_R1L1_12	proteomic profiling by mass spectrometry	Data-dependent acquisition	NT=label free sample;AC=MS:1002038	NT=Q Exactive HF;AC=MS:1002523	NT=Trypsin;AC=MS:1001251	NT=Carbamidomethyl;AC=UNIMOD:4;TA=C;MT=Fixed	NT=Oxidation;AC=UNIMOD:35;TA=M;MT=Variable	1	1	K_Bohnsack_070521_120521_HFPlus_R1L1_12.raw	v1.1.0	NT=ms-proteomics;VV=v1.1.0	NT=sdrf-skeleton-gen;VV=v1.0.0
K_Bohnsack_070521_120521_HFPlus_R1L1_13	Saccharomyces cerevisiae	not available	not available	1	K_Bohnsack_070521_120521_HFPlus_R1L1_13	proteomic profiling by mass spectrometry	Data-dependent acquisition	NT=label free sample;AC=MS:1002038	NT=Q Exactive HF;AC=MS:1002523	NT=Trypsin;AC=MS:1001251	NT=Carbamidomethyl;AC=UNIMOD:4;TA=C;MT=Fixed	NT=Oxidation;AC=UNIMOD:35;TA=M;MT=Variable	1	1	K_Bohnsack_070521_120521_HFPlus_R1L1_13.raw	v1.1.0	NT=ms-proteomics;VV=v1.1.0	NT=sdrf-skeleton-gen;VV=v1.0.0
K_Bohnsack_070521_120521_HFPlus_R1L1_14	Saccharomyces cerevisiae	not available	not available	1	K_Bohnsack_070521_120521_HFPlus_R1L1_14	proteomic profiling by mass spectrometry	Data-dependent acquisition	NT=label free sample;AC=MS:1002038	NT=Q Exactive HF;AC=MS:1002523	NT=Trypsin;AC=MS:1001251	NT=Carbamidomethyl;AC=UNIMOD:4;TA=C;MT=Fixed	NT=Oxidation;AC=UNIMOD:35;TA=M;MT=Variable	1	1	K_Bohnsack_070521_120521_HFPlus_R1L1_14.raw	v1.1.0	NT=ms-proteomics;VV=v1.1.0	NT=sdrf-skeleton-gen;VV=v1.0.0
K_Bohnsack_070521_120521_HFPlus_R1L1_15	Saccharomyces cerevisiae	not available	not available	1	K_Bohnsack_070521_120521_HFPlus_R1L1_15	proteomic profiling by mass spectrometry	Data-dependent acquisition	NT=label free sample;AC=MS:1002038	NT=Q Exactive HF;AC=MS:1002523	NT=Trypsin;AC=MS:1001251	NT=Carbamidomethyl;AC=UNIMOD:4;TA=C;MT=Fixed	NT=Oxidation;AC=UNIMOD:35;TA=M;MT=Variable	1	1	K_Bohnsack_070521_120521_HFPlus_R1L1_15.raw	v1.1.0	NT=ms-proteomics;VV=v1.1.0	NT=sdrf-skeleton-gen;VV=v1.0.0
K_Bohnsack_070521_120521_HFPlus_R1L1_16	Saccharomyces cerevisiae	not available	not available	1	K_Bohnsack_070521_120521_HFPlus_R1L1_16	proteomic profiling by mass spectrometry	Data-dependent acquisition	NT=label free sample;AC=MS:1002038	NT=Q Exactive HF;AC=MS:1002523	NT=Trypsin;AC=MS:1001251	NT=Carbamidomethyl;AC=UNIMOD:4;TA=C;MT=Fixed	NT=Oxidation;AC=UNIMOD:35;TA=M;MT=Variable	1	1	K_Bohnsack_070521_120521_HFPlus_R1L1_16.raw	v1.1.0	NT=ms-proteomics;VV=v1.1.0	NT=sdrf-skeleton-gen;VV=v1.0.0
K_Bohnsack_070521_120521_HFPlus_R1L1_17	Saccharomyces cerevisiae	not available	not available	1	K_Bohnsack_070521_120521_HFPlus_R1L1_17	proteomic profiling by mass spectrometry	Data-dependent acquisition	NT=label free sample;AC=MS:1002038	NT=Q Exactive HF;AC=MS:1002523	NT=Trypsin;AC=MS:1001251	NT=Carbamidomethyl;AC=UNIMOD:4;TA=C;MT=Fixed	NT=Oxidation;AC=UNIMOD:35;TA=M;MT=Variable	1	1	K_Bohnsack_070521_120521_HFPlus_R1L1_17.raw	v1.1.0	NT=ms-proteomics;VV=v1.1.0	NT=sdrf-skeleton-gen;VV=v1.0.0
K_Bohnsack_070521_120521_HFPlus_R1L1_18	Saccharomyces cerevisiae	not available	not available	1	K_Bohnsack_070521_120521_HFPlus_R1L1_18	proteomic profiling by mass spectrometry	Data-dependent acquisition	NT=label free sample;AC=MS:1002038	NT=Q Exactive HF;AC=MS:1002523	NT=Trypsin;AC=MS:1001251	NT=Carbamidomethyl;AC=UNIMOD:4;TA=C;MT=Fixed	NT=Oxidation;AC=UNIMOD:35;TA=M;MT=Variable	1	1	K_Bohnsack_070521_120521_HFPlus_R1L1_18.raw	v1.1.0	NT=ms-proteomics;VV=v1.1.0	NT=sdrf-skeleton-gen;VV=v1.0.0
K_Bohnsack_070521_120521_HFPlus_R1L1_19	Saccharomyces cerevisiae	not available	not available	1	K_Bohnsack_070521_120521_HFPlus_R1L1_19	proteomic profiling by mass spectrometry	Data-dependent acquisition	NT=label free sample;AC=MS:1002038	NT=Q Exactive HF;AC=MS:1002523	NT=Trypsin;AC=MS:1001251	NT=Carbamidomethyl;AC=UNIMOD:4;TA=C;MT=Fixed	NT=Oxidation;AC=UNIMOD:35;TA=M;MT=Variable	1	1	K_Bohnsack_070521_120521_HFPlus_R1L1_19.raw	v1.1.0	NT=ms-proteomics;VV=v1.1.0	NT=sdrf-skeleton-gen;VV=v1.0.0
K_Bohnsack_070521_120521_HFPlus_R1L1_2	Saccharomyces cerevisiae	not available	not available	1	K_Bohnsack_070521_120521_HFPlus_R1L1_2	proteomic profiling by mass spectrometry	Data-dependent acquisition	NT=label free sample;AC=MS:1002038	NT=Q Exactive HF;AC=MS:1002523	NT=Trypsin;AC=MS:1001251	NT=Carbamidomethyl;AC=UNIMOD:4;TA=C;MT=Fixed	NT=Oxidation;AC=UNIMOD:35;TA=M;MT=Variable	1	1	K_Bohnsack_070521_120521_HFPlus_R1L1_2.raw	v1.1.0	NT=ms-proteomics;VV=v1.1.0	NT=sdrf-skeleton-gen;VV=v1.0.0
K_Bohnsack_070521_120521_HFPlus_R1L1_20	Saccharomyces cerevisiae	not available	not available	1	K_Bohnsack_070521_120521_HFPlus_R1L1_20	proteomic profiling by mass spectrometry	Data-dependent acquisition	NT=label free sample;AC=MS:1002038	NT=Q Exactive HF;AC=MS:1002523	NT=Trypsin;AC=MS:1001251	NT=Carbamidomethyl;AC=UNIMOD:4;TA=C;MT=Fixed	NT=Oxidation;AC=UNIMOD:35;TA=M;MT=Variable	1	1	K_Bohnsack_070521_120521_HFPlus_R1L1_20.raw	v1.1.0	NT=ms-proteomics;VV=v1.1.0	NT=sdrf-skeleton-gen;VV=v1.0.0
K_Bohnsack_070521_120521_HFPlus_R1L1_21	Saccharomyces cerevisiae	not available	not available	1	K_Bohnsack_070521_120521_HFPlus_R1L1_21	proteomic profiling by mass spectrometry	Data-dependent acquisition	NT=label free sample;AC=MS:1002038	NT=Q Exactive HF;AC=MS:1002523	NT=Trypsin;AC=MS:1001251	NT=Carbamidomethyl;AC=UNIMOD:4;TA=C;MT=Fixed	NT=Oxidation;AC=UNIMOD:35;TA=M;MT=Variable	1	1	K_Bohnsack_070521_120521_HFPlus_R1L1_21.raw	v1.1.0	NT=ms-proteomics;VV=v1.1.0	NT=sdrf-skeleton-gen;VV=v1.0.0
K_Bohnsack_070521_120521_HFPlus_R1L1_22	Saccharomyces cerevisiae	not available	not available	1	K_Bohnsack_070521_120521_HFPlus_R1L1_22	proteomic profiling by mass spectrometry	Data-dependent acquisition	NT=label free sample;AC=MS:1002038	NT=Q Exactive HF;AC=MS:1002523	NT=Trypsin;AC=MS:1001251	NT=Carbamidomethyl;AC=UNIMOD:4;TA=C;MT=Fixed	NT=Oxidation;AC=UNIMOD:35;TA=M;MT=Variable	1	1	K_Bohnsack_070521_120521_HFPlus_R1L1_22.raw	v1.1.0	NT=ms-proteomics;VV=v1.1.0	NT=sdrf-skeleton-gen;VV=v1.0.0
K_Bohnsack_070521_120521_HFPlus_R1L1_23	Saccharomyces cerevisiae	not available	not available	1	K_Bohnsack_070521_120521_HFPlus_R1L1_23	proteomic profiling by mass spectrometry	Data-dependent acquisition	NT=label free sample;AC=MS:1002038	NT=Q Exactive HF;AC=MS:1002523	NT=Trypsin;AC=MS:1001251	NT=Carbamidomethyl;AC=UNIMOD:4;TA=C;MT=Fixed	NT=Oxidation;AC=UNIMOD:35;TA=M;MT=Variable	1	1	K_Bohnsack_070521_120521_HFPlus_R1L1_23.raw	v1.1.0	NT=ms-proteomics;VV=v1.1.0	NT=sdrf-skeleton-gen;VV=v1.0.0
K_Bohnsack_070521_120521_HFPlus_R1L1_3	Saccharomyces cerevisiae	not available	not available	1	K_Bohnsack_070521_120521_HFPlus_R1L1_3	proteomic profiling by mass spectrometry	Data-dependent acquisition	NT=label free sample;AC=MS:1002038	NT=Q Exactive HF;AC=MS:1002523	NT=Trypsin;AC=MS:1001251	NT=Carbamidomethyl;AC=UNIMOD:4;TA=C;MT=Fixed	NT=Oxidation;AC=UNIMOD:35;TA=M;MT=Variable	1	1	K_Bohnsack_070521_120521_HFPlus_R1L1_3.raw	v1.1.0	NT=ms-proteomics;VV=v1.1.0	NT=sdrf-skeleton-gen;VV=v1.0.0
K_Bohnsack_070521_120521_HFPlus_R1L1_4	Saccharomyces cerevisiae	not available	not available	1	K_Bohnsack_070521_120521_HFPlus_R1L1_4	proteomic profiling by mass spectrometry	Data-dependent acquisition	NT=label free sample;AC=MS:1002038	NT=Q Exactive HF;AC=MS:1002523	NT=Trypsin;AC=MS:1001251	NT=Carbamidomethyl;AC=UNIMOD:4;TA=C;MT=Fixed	NT=Oxidation;AC=UNIMOD:35;TA=M;MT=Variable	1	1	K_Bohnsack_070521_120521_HFPlus_R1L1_4.raw	v1.1.0	NT=ms-proteomics;VV=v1.1.0	NT=sdrf-skeleton-gen;VV=v1.0.0
K_Bohnsack_070521_120521_HFPlus_R1L1_5	Saccharomyces cerevisiae	not available	not available	1	K_Bohnsack_070521_120521_HFPlus_R1L1_5	proteomic profiling by mass spectrometry	Data-dependent acquisition	NT=label free sample;AC=MS:1002038	NT=Q Exactive HF;AC=MS:1002523	NT=Trypsin;AC=MS:1001251	NT=Carbamidomethyl;AC=UNIMOD:4;TA=C;MT=Fixed	NT=Oxidation;AC=UNIMOD:35;TA=M;MT=Variable	1	1	K_Bohnsack_070521_120521_HFPlus_R1L1_5.raw	v1.1.0	NT=ms-proteomics;VV=v1.1.0	NT=sdrf-skeleton-gen;VV=v1.0.0
K_Bohnsack_070521_120521_HFPlus_R1L1_6	Saccharomyces cerevisiae	not available	not available	1	K_Bohnsack_070521_120521_HFPlus_R1L1_6	proteomic profiling by mass spectrometry	Data-dependent acquisition	NT=label free sample;AC=MS:1002038	NT=Q Exactive HF;AC=MS:1002523	NT=Trypsin;AC=MS:1001251	NT=Carbamidomethyl;AC=UNIMOD:4;TA=C;MT=Fixed	NT=Oxidation;AC=UNIMOD:35;TA=M;MT=Variable	1	1	K_Bohnsack_070521_120521_HFPlus_R1L1_6.raw	v1.1.0	NT=ms-proteomics;VV=v1.1.0	NT=sdrf-skeleton-gen;VV=v1.0.0
K_Bohnsack_070521_120521_HFPlus_R1L1_7	Saccharomyces cerevisiae	not available	not available	1	K_Bohnsack_070521_120521_HFPlus_R1L1_7	proteomic profiling by mass spectrometry	Data-dependent acquisition	NT=label free sample;AC=MS:1002038	NT=Q Exactive HF;AC=MS:1002523	NT=Trypsin;AC=MS:1001251	NT=Carbamidomethyl;AC=UNIMOD:4;TA=C;MT=Fixed	NT=Oxidation;AC=UNIMOD:35;TA=M;MT=Variable	1	1	K_Bohnsack_070521_120521_HFPlus_R1L1_7.raw	v1.1.0	NT=ms-proteomics;VV=v1.1.0	NT=sdrf-skeleton-gen;VV=v1.0.0
K_Bohnsack_070521_120521_HFPlus_R1L1_8	Saccharomyces cerevisiae	not available	not available	1	K_Bohnsack_070521_120521_HFPlus_R1L1_8	proteomic profiling by mass spectrometry	Data-dependent acquisition	NT=label free sample;AC=MS:1002038	NT=Q Exactive HF;AC=MS:1002523	NT=Trypsin;AC=MS:1001251	NT=Carbamidomethyl;AC=UNIMOD:4;TA=C;MT=Fixed	NT=Oxidation;AC=UNIMOD:35;TA=M;MT=Variable	1	1	K_Bohnsack_070521_120521_HFPlus_R1L1_8.raw	v1.1.0	NT=ms-proteomics;VV=v1.1.0	NT=sdrf-skeleton-gen;VV=v1.0.0
K_Bohnsack_070521_120521_HFPlus_R1L1_9	Saccharomyces cerevisiae	not available	not available	1	K_Bohnsack_070521_120521_HFPlus_R1L1_9	proteomic profiling by mass spectrometry	Data-dependent acquisition	NT=label free sample;AC=MS:1002038	NT=Q Exactive HF;AC=MS:1002523	NT=Trypsin;AC=MS:1001251	NT=Carbamidomethyl;AC=UNIMOD:4;TA=C;MT=Fixed	NT=Oxidation;AC=UNIMOD:35;TA=M;MT=Variable	1	1	K_Bohnsack_070521_120521_HFPlus_R1L1_9.raw	v1.1.0	NT=ms-proteomics;VV=v1.1.0	NT=sdrf-skeleton-gen;VV=v1.0.0
K_Bohnsack_070521_120521_HFPlus_R1L3_1	Saccharomyces cerevisiae	not available	not available	1	K_Bohnsack_070521_120521_HFPlus_R1L3_1	proteomic profiling by mass spectrometry	Data-dependent acquisition	NT=label free sample;AC=MS:1002038	NT=Q Exactive HF;AC=MS:1002523	NT=Trypsin;AC=MS:1001251	NT=Carbamidomethyl;AC=UNIMOD:4;TA=C;MT=Fixed	NT=Oxidation;AC=UNIMOD:35;TA=M;MT=Variable	1	1	K_Bohnsack_070521_120521_HFPlus_R1L3_1.raw	v1.1.0	NT=ms-proteomics;VV=v1.1.0	NT=sdrf-skeleton-gen;VV=v1.0.0
K_Bohnsack_070521_120521_HFPlus_R1L3_10	Saccharomyces cerevisiae	not available	not available	1	K_Bohnsack_070521_120521_HFPlus_R1L3_10	proteomic profiling by mass spectrometry	Data-dependent acquisition	NT=label free sample;AC=MS:1002038	NT=Q Exactive HF;AC=MS:1002523	NT=Trypsin;AC=MS:1001251	NT=Carbamidomethyl;AC=UNIMOD:4;TA=C;MT=Fixed	NT=Oxidation;AC=UNIMOD:35;TA=M;MT=Variable	1	1	K_Bohnsack_070521_120521_HFPlus_R1L3_10.raw	v1.1.0	NT=ms-proteomics;VV=v1.1.0	NT=sdrf-skeleton-gen;VV=v1.0.0
K_Bohnsack_070521_120521_HFPlus_R1L3_2	Saccharomyces cerevisiae	not available	not available	1	K_Bohnsack_070521_120521_HFPlus_R1L3_2	proteomic profiling by mass spectrometry	Data-dependent acquisition	NT=label free sample;AC=MS:1002038	NT=Q Exactive HF;AC=MS:1002523	NT=Trypsin;AC=MS:1001251	NT=Carbamidomethyl;AC=UNIMOD:4;TA=C;MT=Fixed	NT=Oxidation;AC=UNIMOD:35;TA=M;MT=Variable	1	1	K_Bohnsack_070521_120521_HFPlus_R1L3_2.raw	v1.1.0	NT=ms-proteomics;VV=v1.1.0	NT=sdrf-skeleton-gen;VV=v1.0.0
K_Bohnsack_070521_120521_HFPlus_R1L3_3	Saccharomyces cerevisiae	not available	not available	1	K_Bohnsack_070521_120521_HFPlus_R1L3_3	proteomic profiling by mass spectrometry	Data-dependent acquisition	NT=label free sample;AC=MS:1002038	NT=Q Exactive HF;AC=MS:1002523	NT=Trypsin;AC=MS:1001251	NT=Carbamidomethyl;AC=UNIMOD:4;TA=C;MT=Fixed	NT=Oxidation;AC=UNIMOD:35;TA=M;MT=Variable	1	1	K_Bohnsack_070521_120521_HFPlus_R1L3_3.raw	v1.1.0	NT=ms-proteomics;VV=v1.1.0	NT=sdrf-skeleton-gen;VV=v1.0.0
K_Bohnsack_070521_120521_HFPlus_R1L3_4	Saccharomyces cerevisiae	not available	not available	1	K_Bohnsack_070521_120521_HFPlus_R1L3_4	proteomic profiling by mass spectrometry	Data-dependent acquisition	NT=label free sample;AC=MS:1002038	NT=Q Exactive HF;AC=MS:1002523	NT=Trypsin;AC=MS:1001251	NT=Carbamidomethyl;AC=UNIMOD:4;TA=C;MT=Fixed	NT=Oxidation;AC=UNIMOD:35;TA=M;MT=Variable	1	1	K_Bohnsack_070521_120521_HFPlus_R1L3_4.raw	v1.1.0	NT=ms-proteomics;VV=v1.1.0	NT=sdrf-skeleton-gen;VV=v1.0.0
K_Bohnsack_070521_120521_HFPlus_R1L3_5	Saccharomyces cerevisiae	not available	not available	1	K_Bohnsack_070521_120521_HFPlus_R1L3_5	proteomic profiling by mass spectrometry	Data-dependent acquisition	NT=label free sample;AC=MS:1002038	NT=Q Exactive HF;AC=MS:1002523	NT=Trypsin;AC=MS:1001251	NT=Carbamidomethyl;AC=UNIMOD:4;TA=C;MT=Fixed	NT=Oxidation;AC=UNIMOD:35;TA=M;MT=Variable	1	1	K_Bohnsack_070521_120521_HFPlus_R1L3_5.raw	v1.1.0	NT=ms-proteomics;VV=v1.1.0	NT=sdrf-skeleton-gen;VV=v1.0.0
K_Bohnsack_070521_120521_HFPlus_R1L3_6	Saccharomyces cerevisiae	not available	not available	1	K_Bohnsack_070521_120521_HFPlus_R1L3_6	proteomic profiling by mass spectrometry	Data-dependent acquisition	NT=label free sample;AC=MS:1002038	NT=Q Exactive HF;AC=MS:1002523	NT=Trypsin;AC=MS:1001251	NT=Carbamidomethyl;AC=UNIMOD:4;TA=C;MT=Fixed	NT=Oxidation;AC=UNIMOD:35;TA=M;MT=Variable	1	1	K_Bohnsack_070521_120521_HFPlus_R1L3_6.raw	v1.1.0	NT=ms-proteomics;VV=v1.1.0	NT=sdrf-skeleton-gen;VV=v1.0.0
K_Bohnsack_070521_120521_HFPlus_R1L3_7	Saccharomyces cerevisiae	not available	not available	1	K_Bohnsack_070521_120521_HFPlus_R1L3_7	proteomic profiling by mass spectrometry	Data-dependent acquisition	NT=label free sample;AC=MS:1002038	NT=Q Exactive HF;AC=MS:1002523	NT=Trypsin;AC=MS:1001251	NT=Carbamidomethyl;AC=UNIMOD:4;TA=C;MT=Fixed	NT=Oxidation;AC=UNIMOD:35;TA=M;MT=Variable	1	1	K_Bohnsack_070521_120521_HFPlus_R1L3_7.raw	v1.1.0	NT=ms-proteomics;VV=v1.1.0	NT=sdrf-skeleton-gen;VV=v1.0.0
K_Bohnsack_070521_120521_HFPlus_R1L3_8	Saccharomyces cerevisiae	not available	not available	1	K_Bohnsack_070521_120521_HFPlus_R1L3_8	proteomic profiling by mass spectrometry	Data-dependent acquisition	NT=label free sample;AC=MS:1002038	NT=Q Exactive HF;AC=MS:1002523	NT=Trypsin;AC=MS:1001251	NT=Carbamidomethyl;AC=UNIMOD:4;TA=C;MT=Fixed	NT=Oxidation;AC=UNIMOD:35;TA=M;MT=Variable	1	1	K_Bohnsack_070521_120521_HFPlus_R1L3_8.raw	v1.1.0	NT=ms-proteomics;VV=v1.1.0	NT=sdrf-skeleton-gen;VV=v1.0.0
K_Bohnsack_070521_120521_HFPlus_R1L3_9	Saccharomyces cerevisiae	not available	not available	1	K_Bohnsack_070521_120521_HFPlus_R1L3_9	proteomic profiling by mass spectrometry	Data-dependent acquisition	NT=label free sample;AC=MS:1002038	NT=Q Exactive HF;AC=MS:1002523	NT=Trypsin;AC=MS:1001251	NT=Carbamidomethyl;AC=UNIMOD:4;TA=C;MT=Fixed	NT=Oxidation;AC=UNIMOD:35;TA=M;MT=Variable	1	1	K_Bohnsack_070521_120521_HFPlus_R1L3_9.raw	v1.1.0	NT=ms-proteomics;VV=v1.1.0	NT=sdrf-skeleton-gen;VV=v1.0.0
K_Bohnsack_070521_120521_HFPlus_R2L1_1	Saccharomyces cerevisiae	not available	not available	1	K_Bohnsack_070521_120521_HFPlus_R2L1_1	proteomic profiling by mass spectrometry	Data-dependent acquisition	NT=label free sample;AC=MS:1002038	NT=Q Exactive HF;AC=MS:1002523	NT=Trypsin;AC=MS:1001251	NT=Carbamidomethyl;AC=UNIMOD:4;TA=C;MT=Fixed	NT=Oxidation;AC=UNIMOD:35;TA=M;MT=Variable	1	1	K_Bohnsack_070521_120521_HFPlus_R2L1_1.raw	v1.1.0	NT=ms-proteomics;VV=v1.1.0	NT=sdrf-skeleton-gen;VV=v1.0.0
K_Bohnsack_070521_120521_HFPlus_R2L1_18	Saccharomyces cerevisiae	not available	not available	1	K_Bohnsack_070521_120521_HFPlus_R2L1_18	proteomic profiling by mass spectrometry	Data-dependent acquisition	NT=label free sample;AC=MS:1002038	NT=Q Exactive HF;AC=MS:1002523	NT=Trypsin;AC=MS:1001251	NT=Carbamidomethyl;AC=UNIMOD:4;TA=C;MT=Fixed	NT=Oxidation;AC=UNIMOD:35;TA=M;MT=Variable	1	1	K_Bohnsack_070521_120521_HFPlus_R2L1_18.raw	v1.1.0	NT=ms-proteomics;VV=v1.1.0	NT=sdrf-skeleton-gen;VV=v1.0.0
K_Bohnsack_070521_120521_HFPlus_R2L1_19	Saccharomyces cerevisiae	not available	not available	1	K_Bohnsack_070521_120521_HFPlus_R2L1_19	proteomic profiling by mass spectrometry	Data-dependent acquisition	NT=label free sample;AC=MS:1002038	NT=Q Exactive HF;AC=MS:1002523	NT=Trypsin;AC=MS:1001251	NT=Carbamidomethyl;AC=UNIMOD:4;TA=C;MT=Fixed	NT=Oxidation;AC=UNIMOD:35;TA=M;MT=Variable	1	1	K_Bohnsack_070521_120521_HFPlus_R2L1_19.raw	v1.1.0	NT=ms-proteomics;VV=v1.1.0	NT=sdrf-skeleton-gen;VV=v1.0.0
K_Bohnsack_070521_120521_HFPlus_R2L1_2	Saccharomyces cerevisiae	not available	not available	1	K_Bohnsack_070521_120521_HFPlus_R2L1_2	proteomic profiling by mass spectrometry	Data-dependent acquisition	NT=label free sample;AC=MS:1002038	NT=Q Exactive HF;AC=MS:1002523	NT=Trypsin;AC=MS:1001251	NT=Carbamidomethyl;AC=UNIMOD:4;TA=C;MT=Fixed	NT=Oxidation;AC=UNIMOD:35;TA=M;MT=Variable	1	1	K_Bohnsack_070521_120521_HFPlus_R2L1_2.raw	v1.1.0	NT=ms-proteomics;VV=v1.1.0	NT=sdrf-skeleton-gen;VV=v1.0.0
K_Bohnsack_070521_120521_HFPlus_R2L1_20	Saccharomyces cerevisiae	not available	not available	1	K_Bohnsack_070521_120521_HFPlus_R2L1_20	proteomic profiling by mass spectrometry	Data-dependent acquisition	NT=label free sample;AC=MS:1002038	NT=Q Exactive HF;AC=MS:1002523	NT=Trypsin;AC=MS:1001251	NT=Carbamidomethyl;AC=UNIMOD:4;TA=C;MT=Fixed	NT=Oxidation;AC=UNIMOD:35;TA=M;MT=Variable	1	1	K_Bohnsack_070521_120521_HFPlus_R2L1_20.raw	v1.1.0	NT=ms-proteomics;VV=v1.1.0	NT=sdrf-skeleton-gen;VV=v1.0.0
K_Bohnsack_070521_120521_HFPlus_R2L1_21	Saccharomyces cerevisiae	not available	not available	1	K_Bohnsack_070521_120521_HFPlus_R2L1_21	proteomic profiling by mass spectrometry	Data-dependent acquisition	NT=label free sample;AC=MS:1002038	NT=Q Exactive HF;AC=MS:1002523	NT=Trypsin;AC=MS:1001251	NT=Carbamidomethyl;AC=UNIMOD:4;TA=C;MT=Fixed	NT=Oxidation;AC=UNIMOD:35;TA=M;MT=Variable	1	1	K_Bohnsack_070521_120521_HFPlus_R2L1_21.raw	v1.1.0	NT=ms-proteomics;VV=v1.1.0	NT=sdrf-skeleton-gen;VV=v1.0.0
K_Bohnsack_070521_120521_HFPlus_R2L1_22	Saccharomyces cerevisiae	not available	not available	1	K_Bohnsack_070521_120521_HFPlus_R2L1_22	proteomic profiling by mass spectrometry	Data-dependent acquisition	NT=label free sample;AC=MS:1002038	NT=Q Exactive HF;AC=MS:1002523	NT=Trypsin;AC=MS:1001251	NT=Carbamidomethyl;AC=UNIMOD:4;TA=C;MT=Fixed	NT=Oxidation;AC=UNIMOD:35;TA=M;MT=Variable	1	1	K_Bohnsack_070521_120521_HFPlus_R2L1_22.raw	v1.1.0	NT=ms-proteomics;VV=v1.1.0	NT=sdrf-skeleton-gen;VV=v1.0.0
K_Bohnsack_070521_120521_HFPlus_R2L1_23	Saccharomyces cerevisiae	not available	not available	1	K_Bohnsack_070521_120521_HFPlus_R2L1_23	proteomic profiling by mass spectrometry	Data-dependent acquisition	NT=label free sample;AC=MS:1002038	NT=Q Exactive HF;AC=MS:1002523	NT=Trypsin;AC=MS:1001251	NT=Carbamidomethyl;AC=UNIMOD:4;TA=C;MT=Fixed	NT=Oxidation;AC=UNIMOD:35;TA=M;MT=Variable	1	1	K_Bohnsack_070521_120521_HFPlus_R2L1_23.raw	v1.1.0	NT=ms-proteomics;VV=v1.1.0	NT=sdrf-skeleton-gen;VV=v1.0.0
K_Bohnsack_070521_120521_HFPlus_R2L1_3	Saccharomyces cerevisiae	not available	not available	1	K_Bohnsack_070521_120521_HFPlus_R2L1_3	proteomic profiling by mass spectrometry	Data-dependent acquisition	NT=label free sample;AC=MS:1002038	NT=Q Exactive HF;AC=MS:1002523	NT=Trypsin;AC=MS:1001251	NT=Carbamidomethyl;AC=UNIMOD:4;TA=C;MT=Fixed	NT=Oxidation;AC=UNIMOD:35;TA=M;MT=Variable	1	1	K_Bohnsack_070521_120521_HFPlus_R2L1_3.raw	v1.1.0	NT=ms-proteomics;VV=v1.1.0	NT=sdrf-skeleton-gen;VV=v1.0.0
K_Bohnsack_070521_120521_HFPlus_R2L1_4	Saccharomyces cerevisiae	not available	not available	1	K_Bohnsack_070521_120521_HFPlus_R2L1_4	proteomic profiling by mass spectrometry	Data-dependent acquisition	NT=label free sample;AC=MS:1002038	NT=Q Exactive HF;AC=MS:1002523	NT=Trypsin;AC=MS:1001251	NT=Carbamidomethyl;AC=UNIMOD:4;TA=C;MT=Fixed	NT=Oxidation;AC=UNIMOD:35;TA=M;MT=Variable	1	1	K_Bohnsack_070521_120521_HFPlus_R2L1_4.raw	v1.1.0	NT=ms-proteomics;VV=v1.1.0	NT=sdrf-skeleton-gen;VV=v1.0.0
K_Bohnsack_070521_120521_HFPlus_R2L1_5	Saccharomyces cerevisiae	not available	not available	1	K_Bohnsack_070521_120521_HFPlus_R2L1_5	proteomic profiling by mass spectrometry	Data-dependent acquisition	NT=label free sample;AC=MS:1002038	NT=Q Exactive HF;AC=MS:1002523	NT=Trypsin;AC=MS:1001251	NT=Carbamidomethyl;AC=UNIMOD:4;TA=C;MT=Fixed	NT=Oxidation;AC=UNIMOD:35;TA=M;MT=Variable	1	1	K_Bohnsack_070521_120521_HFPlus_R2L1_5.raw	v1.1.0	NT=ms-proteomics;VV=v1.1.0	NT=sdrf-skeleton-gen;VV=v1.0.0
K_Bohnsack_070521_120521_HFPlus_R2L1_6	Saccharomyces cerevisiae	not available	not available	1	K_Bohnsack_070521_120521_HFPlus_R2L1_6	proteomic profiling by mass spectrometry	Data-dependent acquisition	NT=label free sample;AC=MS:1002038	NT=Q Exactive HF;AC=MS:1002523	NT=Trypsin;AC=MS:1001251	NT=Carbamidomethyl;AC=UNIMOD:4;TA=C;MT=Fixed	NT=Oxidation;AC=UNIMOD:35;TA=M;MT=Variable	1	1	K_Bohnsack_070521_120521_HFPlus_R2L1_6.raw	v1.1.0	NT=ms-proteomics;VV=v1.1.0	NT=sdrf-skeleton-gen;VV=v1.0.0
K_Bohnsack_070521_170521_HFPlus_R1L3_11	Saccharomyces cerevisiae	not available	not available	1	K_Bohnsack_070521_170521_HFPlus_R1L3_11	proteomic profiling by mass spectrometry	Data-dependent acquisition	NT=label free sample;AC=MS:1002038	NT=Q Exactive HF;AC=MS:1002523	NT=Trypsin;AC=MS:1001251	NT=Carbamidomethyl;AC=UNIMOD:4;TA=C;MT=Fixed	NT=Oxidation;AC=UNIMOD:35;TA=M;MT=Variable	1	1	K_Bohnsack_070521_170521_HFPlus_R1L3_11.raw	v1.1.0	NT=ms-proteomics;VV=v1.1.0	NT=sdrf-skeleton-gen;VV=v1.0.0
K_Bohnsack_070521_170521_HFPlus_R1L3_12	Saccharomyces cerevisiae	not available	not available	1	K_Bohnsack_070521_170521_HFPlus_R1L3_12	proteomic profiling by mass spectrometry	Data-dependent acquisition	NT=label free sample;AC=MS:1002038	NT=Q Exactive HF;AC=MS:1002523	NT=Trypsin;AC=MS:1001251	NT=Carbamidomethyl;AC=UNIMOD:4;TA=C;MT=Fixed	NT=Oxidation;AC=UNIMOD:35;TA=M;MT=Variable	1	1	K_Bohnsack_070521_170521_HFPlus_R1L3_12.raw	v1.1.0	NT=ms-proteomics;VV=v1.1.0	NT=sdrf-skeleton-gen;VV=v1.0.0
K_Bohnsack_070521_170521_HFPlus_R1L3_13	Saccharomyces cerevisiae	not available	not available	1	K_Bohnsack_070521_170521_HFPlus_R1L3_13	proteomic profiling by mass spectrometry	Data-dependent acquisition	NT=label free sample;AC=MS:1002038	NT=Q Exactive HF;AC=MS:1002523	NT=Trypsin;AC=MS:1001251	NT=Carbamidomethyl;AC=UNIMOD:4;TA=C;MT=Fixed	NT=Oxidation;AC=UNIMOD:35;TA=M;MT=Variable	1	1	K_Bohnsack_070521_170521_HFPlus_R1L3_13.raw	v1.1.0	NT=ms-proteomics;VV=v1.1.0	NT=sdrf-skeleton-gen;VV=v1.0.0
K_Bohnsack_070521_170521_HFPlus_R1L3_14	Saccharomyces cerevisiae	not available	not available	1	K_Bohnsack_070521_170521_HFPlus_R1L3_14	proteomic profiling by mass spectrometry	Data-dependent acquisition	NT=label free sample;AC=MS:1002038	NT=Q Exactive HF;AC=MS:1002523	NT=Trypsin;AC=MS:1001251	NT=Carbamidomethyl;AC=UNIMOD:4;TA=C;MT=Fixed	NT=Oxidation;AC=UNIMOD:35;TA=M;MT=Variable	1	1	K_Bohnsack_070521_170521_HFPlus_R1L3_14.raw	v1.1.0	NT=ms-proteomics;VV=v1.1.0	NT=sdrf-skeleton-gen;VV=v1.0.0
K_Bohnsack_070521_170521_HFPlus_R1L3_15	Saccharomyces cerevisiae	not available	not available	1	K_Bohnsack_070521_170521_HFPlus_R1L3_15	proteomic profiling by mass spectrometry	Data-dependent acquisition	NT=label free sample;AC=MS:1002038	NT=Q Exactive HF;AC=MS:1002523	NT=Trypsin;AC=MS:1001251	NT=Carbamidomethyl;AC=UNIMOD:4;TA=C;MT=Fixed	NT=Oxidation;AC=UNIMOD:35;TA=M;MT=Variable	1	1	K_Bohnsack_070521_170521_HFPlus_R1L3_15.raw	v1.1.0	NT=ms-proteomics;VV=v1.1.0	NT=sdrf-skeleton-gen;VV=v1.0.0
K_Bohnsack_070521_170521_HFPlus_R1L3_16	Saccharomyces cerevisiae	not available	not available	1	K_Bohnsack_070521_170521_HFPlus_R1L3_16	proteomic profiling by mass spectrometry	Data-dependent acquisition	NT=label free sample;AC=MS:1002038	NT=Q Exactive HF;AC=MS:1002523	NT=Trypsin;AC=MS:1001251	NT=Carbamidomethyl;AC=UNIMOD:4;TA=C;MT=Fixed	NT=Oxidation;AC=UNIMOD:35;TA=M;MT=Variable	1	1	K_Bohnsack_070521_170521_HFPlus_R1L3_16.raw	v1.1.0	NT=ms-proteomics;VV=v1.1.0	NT=sdrf-skeleton-gen;VV=v1.0.0
K_Bohnsack_070521_170521_HFPlus_R1L3_17	Saccharomyces cerevisiae	not available	not available	1	K_Bohnsack_070521_170521_HFPlus_R1L3_17	proteomic profiling by mass spectrometry	Data-dependent acquisition	NT=label free sample;AC=MS:1002038	NT=Q Exactive HF;AC=MS:1002523	NT=Trypsin;AC=MS:1001251	NT=Carbamidomethyl;AC=UNIMOD:4;TA=C;MT=Fixed	NT=Oxidation;AC=UNIMOD:35;TA=M;MT=Variable	1	1	K_Bohnsack_070521_170521_HFPlus_R1L3_17.raw	v1.1.0	NT=ms-proteomics;VV=v1.1.0	NT=sdrf-skeleton-gen;VV=v1.0.0
K_Bohnsack_070521_170521_HFPlus_R1L3_18	Saccharomyces cerevisiae	not available	not available	1	K_Bohnsack_070521_170521_HFPlus_R1L3_18	proteomic profiling by mass spectrometry	Data-dependent acquisition	NT=label free sample;AC=MS:1002038	NT=Q Exactive HF;AC=MS:1002523	NT=Trypsin;AC=MS:1001251	NT=Carbamidomethyl;AC=UNIMOD:4;TA=C;MT=Fixed	NT=Oxidation;AC=UNIMOD:35;TA=M;MT=Variable	1	1	K_Bohnsack_070521_170521_HFPlus_R1L3_18.raw	v1.1.0	NT=ms-proteomics;VV=v1.1.0	NT=sdrf-skeleton-gen;VV=v1.0.0
K_Bohnsack_070521_170521_HFPlus_R1L3_19	Saccharomyces cerevisiae	not available	not available	1	K_Bohnsack_070521_170521_HFPlus_R1L3_19	proteomic profiling by mass spectrometry	Data-dependent acquisition	NT=label free sample;AC=MS:1002038	NT=Q Exactive HF;AC=MS:1002523	NT=Trypsin;AC=MS:1001251	NT=Carbamidomethyl;AC=UNIMOD:4;TA=C;MT=Fixed	NT=Oxidation;AC=UNIMOD:35;TA=M;MT=Variable	1	1	K_Bohnsack_070521_170521_HFPlus_R1L3_19.raw	v1.1.0	NT=ms-proteomics;VV=v1.1.0	NT=sdrf-skeleton-gen;VV=v1.0.0
K_Bohnsack_070521_170521_HFPlus_R1L3_20	Saccharomyces cerevisiae	not available	not available	1	K_Bohnsack_070521_170521_HFPlus_R1L3_20	proteomic profiling by mass spectrometry	Data-dependent acquisition	NT=label free sample;AC=MS:1002038	NT=Q Exactive HF;AC=MS:1002523	NT=Trypsin;AC=MS:1001251	NT=Carbamidomethyl;AC=UNIMOD:4;TA=C;MT=Fixed	NT=Oxidation;AC=UNIMOD:35;TA=M;MT=Variable	1	1	K_Bohnsack_070521_170521_HFPlus_R1L3_20.raw	v1.1.0	NT=ms-proteomics;VV=v1.1.0	NT=sdrf-skeleton-gen;VV=v1.0.0
K_Bohnsack_070521_170521_HFPlus_R1L3_21	Saccharomyces cerevisiae	not available	not available	1	K_Bohnsack_070521_170521_HFPlus_R1L3_21	proteomic profiling by mass spectrometry	Data-dependent acquisition	NT=label free sample;AC=MS:1002038	NT=Q Exactive HF;AC=MS:1002523	NT=Trypsin;AC=MS:1001251	NT=Carbamidomethyl;AC=UNIMOD:4;TA=C;MT=Fixed	NT=Oxidation;AC=UNIMOD:35;TA=M;MT=Variable	1	1	K_Bohnsack_070521_170521_HFPlus_R1L3_21.raw	v1.1.0	NT=ms-proteomics;VV=v1.1.0	NT=sdrf-skeleton-gen;VV=v1.0.0
K_Bohnsack_070521_170521_HFPlus_R1L3_22	Saccharomyces cerevisiae	not available	not available	1	K_Bohnsack_070521_170521_HFPlus_R1L3_22	proteomic profiling by mass spectrometry	Data-dependent acquisition	NT=label free sample;AC=MS:1002038	NT=Q Exactive HF;AC=MS:1002523	NT=Trypsin;AC=MS:1001251	NT=Carbamidomethyl;AC=UNIMOD:4;TA=C;MT=Fixed	NT=Oxidation;AC=UNIMOD:35;TA=M;MT=Variable	1	1	K_Bohnsack_070521_170521_HFPlus_R1L3_22.raw	v1.1.0	NT=ms-proteomics;VV=v1.1.0	NT=sdrf-skeleton-gen;VV=v1.0.0
K_Bohnsack_070521_170521_HFPlus_R1L3_23	Saccharomyces cerevisiae	not available	not available	1	K_Bohnsack_070521_170521_HFPlus_R1L3_23	proteomic profiling by mass spectrometry	Data-dependent acquisition	NT=label free sample;AC=MS:1002038	NT=Q Exactive HF;AC=MS:1002523	NT=Trypsin;AC=MS:1001251	NT=Carbamidomethyl;AC=UNIMOD:4;TA=C;MT=Fixed	NT=Oxidation;AC=UNIMOD:35;TA=M;MT=Variable	1	1	K_Bohnsack_070521_170521_HFPlus_R1L3_23.raw	v1.1.0	NT=ms-proteomics;VV=v1.1.0	NT=sdrf-skeleton-gen;VV=v1.0.0
K_Bohnsack_070521_170521_HFPlus_R2L1_WDH_10	Saccharomyces cerevisiae	not available	not available	1	K_Bohnsack_070521_170521_HFPlus_R2L1_WDH_10	proteomic profiling by mass spectrometry	Data-dependent acquisition	NT=label free sample;AC=MS:1002038	NT=Q Exactive HF;AC=MS:1002523	NT=Trypsin;AC=MS:1001251	NT=Carbamidomethyl;AC=UNIMOD:4;TA=C;MT=Fixed	NT=Oxidation;AC=UNIMOD:35;TA=M;MT=Variable	1	1	K_Bohnsack_070521_170521_HFPlus_R2L1_WDH_10.raw	v1.1.0	NT=ms-proteomics;VV=v1.1.0	NT=sdrf-skeleton-gen;VV=v1.0.0
K_Bohnsack_070521_170521_HFPlus_R2L1_WDH_11	Saccharomyces cerevisiae	not available	not available	1	K_Bohnsack_070521_170521_HFPlus_R2L1_WDH_11	proteomic profiling by mass spectrometry	Data-dependent acquisition	NT=label free sample;AC=MS:1002038	NT=Q Exactive HF;AC=MS:1002523	NT=Trypsin;AC=MS:1001251	NT=Carbamidomethyl;AC=UNIMOD:4;TA=C;MT=Fixed	NT=Oxidation;AC=UNIMOD:35;TA=M;MT=Variable	1	1	K_Bohnsack_070521_170521_HFPlus_R2L1_WDH_11.raw	v1.1.0	NT=ms-proteomics;VV=v1.1.0	NT=sdrf-skeleton-gen;VV=v1.0.0
K_Bohnsack_070521_170521_HFPlus_R2L1_WDH_12	Saccharomyces cerevisiae	not available	not available	1	K_Bohnsack_070521_170521_HFPlus_R2L1_WDH_12	proteomic profiling by mass spectrometry	Data-dependent acquisition	NT=label free sample;AC=MS:1002038	NT=Q Exactive HF;AC=MS:1002523	NT=Trypsin;AC=MS:1001251	NT=Carbamidomethyl;AC=UNIMOD:4;TA=C;MT=Fixed	NT=Oxidation;AC=UNIMOD:35;TA=M;MT=Variable	1	1	K_Bohnsack_070521_170521_HFPlus_R2L1_WDH_12.raw	v1.1.0	NT=ms-proteomics;VV=v1.1.0	NT=sdrf-skeleton-gen;VV=v1.0.0
K_Bohnsack_070521_170521_HFPlus_R2L1_WDH_13	Saccharomyces cerevisiae	not available	not available	1	K_Bohnsack_070521_170521_HFPlus_R2L1_WDH_13	proteomic profiling by mass spectrometry	Data-dependent acquisition	NT=label free sample;AC=MS:1002038	NT=Q Exactive HF;AC=MS:1002523	NT=Trypsin;AC=MS:1001251	NT=Carbamidomethyl;AC=UNIMOD:4;TA=C;MT=Fixed	NT=Oxidation;AC=UNIMOD:35;TA=M;MT=Variable	1	1	K_Bohnsack_070521_170521_HFPlus_R2L1_WDH_13.raw	v1.1.0	NT=ms-proteomics;VV=v1.1.0	NT=sdrf-skeleton-gen;VV=v1.0.0
K_Bohnsack_070521_170521_HFPlus_R2L1_WDH_14	Saccharomyces cerevisiae	not available	not available	1	K_Bohnsack_070521_170521_HFPlus_R2L1_WDH_14	proteomic profiling by mass spectrometry	Data-dependent acquisition	NT=label free sample;AC=MS:1002038	NT=Q Exactive HF;AC=MS:1002523	NT=Trypsin;AC=MS:1001251	NT=Carbamidomethyl;AC=UNIMOD:4;TA=C;MT=Fixed	NT=Oxidation;AC=UNIMOD:35;TA=M;MT=Variable	1	1	K_Bohnsack_070521_170521_HFPlus_R2L1_WDH_14.raw	v1.1.0	NT=ms-proteomics;VV=v1.1.0	NT=sdrf-skeleton-gen;VV=v1.0.0
K_Bohnsack_070521_170521_HFPlus_R2L1_WDH_15	Saccharomyces cerevisiae	not available	not available	1	K_Bohnsack_070521_170521_HFPlus_R2L1_WDH_15	proteomic profiling by mass spectrometry	Data-dependent acquisition	NT=label free sample;AC=MS:1002038	NT=Q Exactive HF;AC=MS:1002523	NT=Trypsin;AC=MS:1001251	NT=Carbamidomethyl;AC=UNIMOD:4;TA=C;MT=Fixed	NT=Oxidation;AC=UNIMOD:35;TA=M;MT=Variable	1	1	K_Bohnsack_070521_170521_HFPlus_R2L1_WDH_15.raw	v1.1.0	NT=ms-proteomics;VV=v1.1.0	NT=sdrf-skeleton-gen;VV=v1.0.0
K_Bohnsack_070521_170521_HFPlus_R2L1_WDH_16	Saccharomyces cerevisiae	not available	not available	1	K_Bohnsack_070521_170521_HFPlus_R2L1_WDH_16	proteomic profiling by mass spectrometry	Data-dependent acquisition	NT=label free sample;AC=MS:1002038	NT=Q Exactive HF;AC=MS:1002523	NT=Trypsin;AC=MS:1001251	NT=Carbamidomethyl;AC=UNIMOD:4;TA=C;MT=Fixed	NT=Oxidation;AC=UNIMOD:35;TA=M;MT=Variable	1	1	K_Bohnsack_070521_170521_HFPlus_R2L1_WDH_16.raw	v1.1.0	NT=ms-proteomics;VV=v1.1.0	NT=sdrf-skeleton-gen;VV=v1.0.0
K_Bohnsack_070521_170521_HFPlus_R2L1_WDH_17	Saccharomyces cerevisiae	not available	not available	1	K_Bohnsack_070521_170521_HFPlus_R2L1_WDH_17	proteomic profiling by mass spectrometry	Data-dependent acquisition	NT=label free sample;AC=MS:1002038	NT=Q Exactive HF;AC=MS:1002523	NT=Trypsin;AC=MS:1001251	NT=Carbamidomethyl;AC=UNIMOD:4;TA=C;MT=Fixed	NT=Oxidation;AC=UNIMOD:35;TA=M;MT=Variable	1	1	K_Bohnsack_070521_170521_HFPlus_R2L1_WDH_17.raw	v1.1.0	NT=ms-proteomics;VV=v1.1.0	NT=sdrf-skeleton-gen;VV=v1.0.0
K_Bohnsack_070521_170521_HFPlus_R2L1_WDH_7	Saccharomyces cerevisiae	not available	not available	1	K_Bohnsack_070521_170521_HFPlus_R2L1_WDH_7	proteomic profiling by mass spectrometry	Data-dependent acquisition	NT=label free sample;AC=MS:1002038	NT=Q Exactive HF;AC=MS:1002523	NT=Trypsin;AC=MS:1001251	NT=Carbamidomethyl;AC=UNIMOD:4;TA=C;MT=Fixed	NT=Oxidation;AC=UNIMOD:35;TA=M;MT=Variable	1	1	K_Bohnsack_070521_170521_HFPlus_R2L1_WDH_7.raw	v1.1.0	NT=ms-proteomics;VV=v1.1.0	NT=sdrf-skeleton-gen;VV=v1.0.0
K_Bohnsack_070521_170521_HFPlus_R2L1_WDH_8	Saccharomyces cerevisiae	not available	not available	1	K_Bohnsack_070521_170521_HFPlus_R2L1_WDH_8	proteomic profiling by mass spectrometry	Data-dependent acquisition	NT=label free sample;AC=MS:1002038	NT=Q Exactive HF;AC=MS:1002523	NT=Trypsin;AC=MS:1001251	NT=Carbamidomethyl;AC=UNIMOD:4;TA=C;MT=Fixed	NT=Oxidation;AC=UNIMOD:35;TA=M;MT=Variable	1	1	K_Bohnsack_070521_170521_HFPlus_R2L1_WDH_8.raw	v1.1.0	NT=ms-proteomics;VV=v1.1.0	NT=sdrf-skeleton-gen;VV=v1.0.0
K_Bohnsack_070521_170521_HFPlus_R2L1_WDH_9	Saccharomyces cerevisiae	not available	not available	1	K_Bohnsack_070521_170521_HFPlus_R2L1_WDH_9	proteomic profiling by mass spectrometry	Data-dependent acquisition	NT=label free sample;AC=MS:1002038	NT=Q Exactive HF;AC=MS:1002523	NT=Trypsin;AC=MS:1001251	NT=Carbamidomethyl;AC=UNIMOD:4;TA=C;MT=Fixed	NT=Oxidation;AC=UNIMOD:35;TA=M;MT=Variable	1	1	K_Bohnsack_070521_170521_HFPlus_R2L1_WDH_9.raw	v1.1.0	NT=ms-proteomics;VV=v1.1.0	NT=sdrf-skeleton-gen;VV=v1.0.0
K_Bohnsack_070521_170521_HFPlus_R2L3_1	Saccharomyces cerevisiae	not available	not available	1	K_Bohnsack_070521_170521_HFPlus_R2L3_1	proteomic profiling by mass spectrometry	Data-dependent acquisition	NT=label free sample;AC=MS:1002038	NT=Q Exactive HF;AC=MS:1002523	NT=Trypsin;AC=MS:1001251	NT=Carbamidomethyl;AC=UNIMOD:4;TA=C;MT=Fixed	NT=Oxidation;AC=UNIMOD:35;TA=M;MT=Variable	1	1	K_Bohnsack_070521_170521_HFPlus_R2L3_1.raw	v1.1.0	NT=ms-proteomics;VV=v1.1.0	NT=sdrf-skeleton-gen;VV=v1.0.0
K_Bohnsack_070521_170521_HFPlus_R2L3_10	Saccharomyces cerevisiae	not available	not available	1	K_Bohnsack_070521_170521_HFPlus_R2L3_10	proteomic profiling by mass spectrometry	Data-dependent acquisition	NT=label free sample;AC=MS:1002038	NT=Q Exactive HF;AC=MS:1002523	NT=Trypsin;AC=MS:1001251	NT=Carbamidomethyl;AC=UNIMOD:4;TA=C;MT=Fixed	NT=Oxidation;AC=UNIMOD:35;TA=M;MT=Variable	1	1	K_Bohnsack_070521_170521_HFPlus_R2L3_10.raw	v1.1.0	NT=ms-proteomics;VV=v1.1.0	NT=sdrf-skeleton-gen;VV=v1.0.0
K_Bohnsack_070521_170521_HFPlus_R2L3_11	Saccharomyces cerevisiae	not available	not available	1	K_Bohnsack_070521_170521_HFPlus_R2L3_11	proteomic profiling by mass spectrometry	Data-dependent acquisition	NT=label free sample;AC=MS:1002038	NT=Q Exactive HF;AC=MS:1002523	NT=Trypsin;AC=MS:1001251	NT=Carbamidomethyl;AC=UNIMOD:4;TA=C;MT=Fixed	NT=Oxidation;AC=UNIMOD:35;TA=M;MT=Variable	1	1	K_Bohnsack_070521_170521_HFPlus_R2L3_11.raw	v1.1.0	NT=ms-proteomics;VV=v1.1.0	NT=sdrf-skeleton-gen;VV=v1.0.0
K_Bohnsack_070521_170521_HFPlus_R2L3_12	Saccharomyces cerevisiae	not available	not available	1	K_Bohnsack_070521_170521_HFPlus_R2L3_12	proteomic profiling by mass spectrometry	Data-dependent acquisition	NT=label free sample;AC=MS:1002038	NT=Q Exactive HF;AC=MS:1002523	NT=Trypsin;AC=MS:1001251	NT=Carbamidomethyl;AC=UNIMOD:4;TA=C;MT=Fixed	NT=Oxidation;AC=UNIMOD:35;TA=M;MT=Variable	1	1	K_Bohnsack_070521_170521_HFPlus_R2L3_12.raw	v1.1.0	NT=ms-proteomics;VV=v1.1.0	NT=sdrf-skeleton-gen;VV=v1.0.0
K_Bohnsack_070521_170521_HFPlus_R2L3_13	Saccharomyces cerevisiae	not available	not available	1	K_Bohnsack_070521_170521_HFPlus_R2L3_13	proteomic profiling by mass spectrometry	Data-dependent acquisition	NT=label free sample;AC=MS:1002038	NT=Q Exactive HF;AC=MS:1002523	NT=Trypsin;AC=MS:1001251	NT=Carbamidomethyl;AC=UNIMOD:4;TA=C;MT=Fixed	NT=Oxidation;AC=UNIMOD:35;TA=M;MT=Variable	1	1	K_Bohnsack_070521_170521_HFPlus_R2L3_13.raw	v1.1.0	NT=ms-proteomics;VV=v1.1.0	NT=sdrf-skeleton-gen;VV=v1.0.0
K_Bohnsack_070521_170521_HFPlus_R2L3_14	Saccharomyces cerevisiae	not available	not available	1	K_Bohnsack_070521_170521_HFPlus_R2L3_14	proteomic profiling by mass spectrometry	Data-dependent acquisition	NT=label free sample;AC=MS:1002038	NT=Q Exactive HF;AC=MS:1002523	NT=Trypsin;AC=MS:1001251	NT=Carbamidomethyl;AC=UNIMOD:4;TA=C;MT=Fixed	NT=Oxidation;AC=UNIMOD:35;TA=M;MT=Variable	1	1	K_Bohnsack_070521_170521_HFPlus_R2L3_14.raw	v1.1.0	NT=ms-proteomics;VV=v1.1.0	NT=sdrf-skeleton-gen;VV=v1.0.0
K_Bohnsack_070521_170521_HFPlus_R2L3_15	Saccharomyces cerevisiae	not available	not available	1	K_Bohnsack_070521_170521_HFPlus_R2L3_15	proteomic profiling by mass spectrometry	Data-dependent acquisition	NT=label free sample;AC=MS:1002038	NT=Q Exactive HF;AC=MS:1002523	NT=Trypsin;AC=MS:1001251	NT=Carbamidomethyl;AC=UNIMOD:4;TA=C;MT=Fixed	NT=Oxidation;AC=UNIMOD:35;TA=M;MT=Variable	1	1	K_Bohnsack_070521_170521_HFPlus_R2L3_15.raw	v1.1.0	NT=ms-proteomics;VV=v1.1.0	NT=sdrf-skeleton-gen;VV=v1.0.0
K_Bohnsack_070521_170521_HFPlus_R2L3_16	Saccharomyces cerevisiae	not available	not available	1	K_Bohnsack_070521_170521_HFPlus_R2L3_16	proteomic profiling by mass spectrometry	Data-dependent acquisition	NT=label free sample;AC=MS:1002038	NT=Q Exactive HF;AC=MS:1002523	NT=Trypsin;AC=MS:1001251	NT=Carbamidomethyl;AC=UNIMOD:4;TA=C;MT=Fixed	NT=Oxidation;AC=UNIMOD:35;TA=M;MT=Variable	1	1	K_Bohnsack_070521_170521_HFPlus_R2L3_16.raw	v1.1.0	NT=ms-proteomics;VV=v1.1.0	NT=sdrf-skeleton-gen;VV=v1.0.0
K_Bohnsack_070521_170521_HFPlus_R2L3_17	Saccharomyces cerevisiae	not available	not available	1	K_Bohnsack_070521_170521_HFPlus_R2L3_17	proteomic profiling by mass spectrometry	Data-dependent acquisition	NT=label free sample;AC=MS:1002038	NT=Q Exactive HF;AC=MS:1002523	NT=Trypsin;AC=MS:1001251	NT=Carbamidomethyl;AC=UNIMOD:4;TA=C;MT=Fixed	NT=Oxidation;AC=UNIMOD:35;TA=M;MT=Variable	1	1	K_Bohnsack_070521_170521_HFPlus_R2L3_17.raw	v1.1.0	NT=ms-proteomics;VV=v1.1.0	NT=sdrf-skeleton-gen;VV=v1.0.0
K_Bohnsack_070521_170521_HFPlus_R2L3_18	Saccharomyces cerevisiae	not available	not available	1	K_Bohnsack_070521_170521_HFPlus_R2L3_18	proteomic profiling by mass spectrometry	Data-dependent acquisition	NT=label free sample;AC=MS:1002038	NT=Q Exactive HF;AC=MS:1002523	NT=Trypsin;AC=MS:1001251	NT=Carbamidomethyl;AC=UNIMOD:4;TA=C;MT=Fixed	NT=Oxidation;AC=UNIMOD:35;TA=M;MT=Variable	1	1	K_Bohnsack_070521_170521_HFPlus_R2L3_18.raw	v1.1.0	NT=ms-proteomics;VV=v1.1.0	NT=sdrf-skeleton-gen;VV=v1.0.0
K_Bohnsack_070521_170521_HFPlus_R2L3_19	Saccharomyces cerevisiae	not available	not available	1	K_Bohnsack_070521_170521_HFPlus_R2L3_19	proteomic profiling by mass spectrometry	Data-dependent acquisition	NT=label free sample;AC=MS:1002038	NT=Q Exactive HF;AC=MS:1002523	NT=Trypsin;AC=MS:1001251	NT=Carbamidomethyl;AC=UNIMOD:4;TA=C;MT=Fixed	NT=Oxidation;AC=UNIMOD:35;TA=M;MT=Variable	1	1	K_Bohnsack_070521_170521_HFPlus_R2L3_19.raw	v1.1.0	NT=ms-proteomics;VV=v1.1.0	NT=sdrf-skeleton-gen;VV=v1.0.0
K_Bohnsack_070521_170521_HFPlus_R2L3_2	Saccharomyces cerevisiae	not available	not available	1	K_Bohnsack_070521_170521_HFPlus_R2L3_2	proteomic profiling by mass spectrometry	Data-dependent acquisition	NT=label free sample;AC=MS:1002038	NT=Q Exactive HF;AC=MS:1002523	NT=Trypsin;AC=MS:1001251	NT=Carbamidomethyl;AC=UNIMOD:4;TA=C;MT=Fixed	NT=Oxidation;AC=UNIMOD:35;TA=M;MT=Variable	1	1	K_Bohnsack_070521_170521_HFPlus_R2L3_2.raw	v1.1.0	NT=ms-proteomics;VV=v1.1.0	NT=sdrf-skeleton-gen;VV=v1.0.0
K_Bohnsack_070521_170521_HFPlus_R2L3_20	Saccharomyces cerevisiae	not available	not available	1	K_Bohnsack_070521_170521_HFPlus_R2L3_20	proteomic profiling by mass spectrometry	Data-dependent acquisition	NT=label free sample;AC=MS:1002038	NT=Q Exactive HF;AC=MS:1002523	NT=Trypsin;AC=MS:1001251	NT=Carbamidomethyl;AC=UNIMOD:4;TA=C;MT=Fixed	NT=Oxidation;AC=UNIMOD:35;TA=M;MT=Variable	1	1	K_Bohnsack_070521_170521_HFPlus_R2L3_20.raw	v1.1.0	NT=ms-proteomics;VV=v1.1.0	NT=sdrf-skeleton-gen;VV=v1.0.0
K_Bohnsack_070521_170521_HFPlus_R2L3_21	Saccharomyces cerevisiae	not available	not available	1	K_Bohnsack_070521_170521_HFPlus_R2L3_21	proteomic profiling by mass spectrometry	Data-dependent acquisition	NT=label free sample;AC=MS:1002038	NT=Q Exactive HF;AC=MS:1002523	NT=Trypsin;AC=MS:1001251	NT=Carbamidomethyl;AC=UNIMOD:4;TA=C;MT=Fixed	NT=Oxidation;AC=UNIMOD:35;TA=M;MT=Variable	1	1	K_Bohnsack_070521_170521_HFPlus_R2L3_21.raw	v1.1.0	NT=ms-proteomics;VV=v1.1.0	NT=sdrf-skeleton-gen;VV=v1.0.0
K_Bohnsack_070521_170521_HFPlus_R2L3_22	Saccharomyces cerevisiae	not available	not available	1	K_Bohnsack_070521_170521_HFPlus_R2L3_22	proteomic profiling by mass spectrometry	Data-dependent acquisition	NT=label free sample;AC=MS:1002038	NT=Q Exactive HF;AC=MS:1002523	NT=Trypsin;AC=MS:1001251	NT=Carbamidomethyl;AC=UNIMOD:4;TA=C;MT=Fixed	NT=Oxidation;AC=UNIMOD:35;TA=M;MT=Variable	1	1	K_Bohnsack_070521_170521_HFPlus_R2L3_22.raw	v1.1.0	NT=ms-proteomics;VV=v1.1.0	NT=sdrf-skeleton-gen;VV=v1.0.0
K_Bohnsack_070521_170521_HFPlus_R2L3_23	Saccharomyces cerevisiae	not available	not available	1	K_Bohnsack_070521_170521_HFPlus_R2L3_23	proteomic profiling by mass spectrometry	Data-dependent acquisition	NT=label free sample;AC=MS:1002038	NT=Q Exactive HF;AC=MS:1002523	NT=Trypsin;AC=MS:1001251	NT=Carbamidomethyl;AC=UNIMOD:4;TA=C;MT=Fixed	NT=Oxidation;AC=UNIMOD:35;TA=M;MT=Variable	1	1	K_Bohnsack_070521_170521_HFPlus_R2L3_23.raw	v1.1.0	NT=ms-proteomics;VV=v1.1.0	NT=sdrf-skeleton-gen;VV=v1.0.0
K_Bohnsack_070521_170521_HFPlus_R2L3_3	Saccharomyces cerevisiae	not available	not available	1	K_Bohnsack_070521_170521_HFPlus_R2L3_3	proteomic profiling by mass spectrometry	Data-dependent acquisition	NT=label free sample;AC=MS:1002038	NT=Q Exactive HF;AC=MS:1002523	NT=Trypsin;AC=MS:1001251	NT=Carbamidomethyl;AC=UNIMOD:4;TA=C;MT=Fixed	NT=Oxidation;AC=UNIMOD:35;TA=M;MT=Variable	1	1	K_Bohnsack_070521_170521_HFPlus_R2L3_3.raw	v1.1.0	NT=ms-proteomics;VV=v1.1.0	NT=sdrf-skeleton-gen;VV=v1.0.0
K_Bohnsack_070521_170521_HFPlus_R2L3_4	Saccharomyces cerevisiae	not available	not available	1	K_Bohnsack_070521_170521_HFPlus_R2L3_4	proteomic profiling by mass spectrometry	Data-dependent acquisition	NT=label free sample;AC=MS:1002038	NT=Q Exactive HF;AC=MS:1002523	NT=Trypsin;AC=MS:1001251	NT=Carbamidomethyl;AC=UNIMOD:4;TA=C;MT=Fixed	NT=Oxidation;AC=UNIMOD:35;TA=M;MT=Variable	1	1	K_Bohnsack_070521_170521_HFPlus_R2L3_4.raw	v1.1.0	NT=ms-proteomics;VV=v1.1.0	NT=sdrf-skeleton-gen;VV=v1.0.0
K_Bohnsack_070521_170521_HFPlus_R2L3_5	Saccharomyces cerevisiae	not available	not available	1	K_Bohnsack_070521_170521_HFPlus_R2L3_5	proteomic profiling by mass spectrometry	Data-dependent acquisition	NT=label free sample;AC=MS:1002038	NT=Q Exactive HF;AC=MS:1002523	NT=Trypsin;AC=MS:1001251	NT=Carbamidomethyl;AC=UNIMOD:4;TA=C;MT=Fixed	NT=Oxidation;AC=UNIMOD:35;TA=M;MT=Variable	1	1	K_Bohnsack_070521_170521_HFPlus_R2L3_5.raw	v1.1.0	NT=ms-proteomics;VV=v1.1.0	NT=sdrf-skeleton-gen;VV=v1.0.0
K_Bohnsack_070521_170521_HFPlus_R2L3_6	Saccharomyces cerevisiae	not available	not available	1	K_Bohnsack_070521_170521_HFPlus_R2L3_6	proteomic profiling by mass spectrometry	Data-dependent acquisition	NT=label free sample;AC=MS:1002038	NT=Q Exactive HF;AC=MS:1002523	NT=Trypsin;AC=MS:1001251	NT=Carbamidomethyl;AC=UNIMOD:4;TA=C;MT=Fixed	NT=Oxidation;AC=UNIMOD:35;TA=M;MT=Variable	1	1	K_Bohnsack_070521_170521_HFPlus_R2L3_6.raw	v1.1.0	NT=ms-proteomics;VV=v1.1.0	NT=sdrf-skeleton-gen;VV=v1.0.0
K_Bohnsack_070521_170521_HFPlus_R2L3_7	Saccharomyces cerevisiae	not available	not available	1	K_Bohnsack_070521_170521_HFPlus_R2L3_7	proteomic profiling by mass spectrometry	Data-dependent acquisition	NT=label free sample;AC=MS:1002038	NT=Q Exactive HF;AC=MS:1002523	NT=Trypsin;AC=MS:1001251	NT=Carbamidomethyl;AC=UNIMOD:4;TA=C;MT=Fixed	NT=Oxidation;AC=UNIMOD:35;TA=M;MT=Variable	1	1	K_Bohnsack_070521_170521_HFPlus_R2L3_7.raw	v1.1.0	NT=ms-proteomics;VV=v1.1.0	NT=sdrf-skeleton-gen;VV=v1.0.0
K_Bohnsack_070521_170521_HFPlus_R2L3_8	Saccharomyces cerevisiae	not available	not available	1	K_Bohnsack_070521_170521_HFPlus_R2L3_8	proteomic profiling by mass spectrometry	Data-dependent acquisition	NT=label free sample;AC=MS:1002038	NT=Q Exactive HF;AC=MS:1002523	NT=Trypsin;AC=MS:1001251	NT=Carbamidomethyl;AC=UNIMOD:4;TA=C;MT=Fixed	NT=Oxidation;AC=UNIMOD:35;TA=M;MT=Variable	1	1	K_Bohnsack_070521_170521_HFPlus_R2L3_8.raw	v1.1.0	NT=ms-proteomics;VV=v1.1.0	NT=sdrf-skeleton-gen;VV=v1.0.0
K_Bohnsack_070521_170521_HFPlus_R2L3_9	Saccharomyces cerevisiae	not available	not available	1	K_Bohnsack_070521_170521_HFPlus_R2L3_9	proteomic profiling by mass spectrometry	Data-dependent acquisition	NT=label free sample;AC=MS:1002038	NT=Q Exactive HF;AC=MS:1002523	NT=Trypsin;AC=MS:1001251	NT=Carbamidomethyl;AC=UNIMOD:4;TA=C;MT=Fixed	NT=Oxidation;AC=UNIMOD:35;TA=M;MT=Variable	1	1	K_Bohnsack_070521_170521_HFPlus_R2L3_9.raw	v1.1.0	NT=ms-proteomics;VV=v1.1.0	NT=sdrf-skeleton-gen;VV=v1.0.0
K_Bohnsack_070521_180521_HFPlus_R1L5_1	Saccharomyces cerevisiae	not available	not available	1	K_Bohnsack_070521_180521_HFPlus_R1L5_1	proteomic profiling by mass spectrometry	Data-dependent acquisition	NT=label free sample;AC=MS:1002038	NT=Q Exactive HF;AC=MS:1002523	NT=Trypsin;AC=MS:1001251	NT=Carbamidomethyl;AC=UNIMOD:4;TA=C;MT=Fixed	NT=Oxidation;AC=UNIMOD:35;TA=M;MT=Variable	1	1	K_Bohnsack_070521_180521_HFPlus_R1L5_1.raw	v1.1.0	NT=ms-proteomics;VV=v1.1.0	NT=sdrf-skeleton-gen;VV=v1.0.0
K_Bohnsack_070521_180521_HFPlus_R1L5_10	Saccharomyces cerevisiae	not available	not available	1	K_Bohnsack_070521_180521_HFPlus_R1L5_10	proteomic profiling by mass spectrometry	Data-dependent acquisition	NT=label free sample;AC=MS:1002038	NT=Q Exactive HF;AC=MS:1002523	NT=Trypsin;AC=MS:1001251	NT=Carbamidomethyl;AC=UNIMOD:4;TA=C;MT=Fixed	NT=Oxidation;AC=UNIMOD:35;TA=M;MT=Variable	1	1	K_Bohnsack_070521_180521_HFPlus_R1L5_10.raw	v1.1.0	NT=ms-proteomics;VV=v1.1.0	NT=sdrf-skeleton-gen;VV=v1.0.0
K_Bohnsack_070521_180521_HFPlus_R1L5_11	Saccharomyces cerevisiae	not available	not available	1	K_Bohnsack_070521_180521_HFPlus_R1L5_11	proteomic profiling by mass spectrometry	Data-dependent acquisition	NT=label free sample;AC=MS:1002038	NT=Q Exactive HF;AC=MS:1002523	NT=Trypsin;AC=MS:1001251	NT=Carbamidomethyl;AC=UNIMOD:4;TA=C;MT=Fixed	NT=Oxidation;AC=UNIMOD:35;TA=M;MT=Variable	1	1	K_Bohnsack_070521_180521_HFPlus_R1L5_11.raw	v1.1.0	NT=ms-proteomics;VV=v1.1.0	NT=sdrf-skeleton-gen;VV=v1.0.0
K_Bohnsack_070521_180521_HFPlus_R1L5_12	Saccharomyces cerevisiae	not available	not available	1	K_Bohnsack_070521_180521_HFPlus_R1L5_12	proteomic profiling by mass spectrometry	Data-dependent acquisition	NT=label free sample;AC=MS:1002038	NT=Q Exactive HF;AC=MS:1002523	NT=Trypsin;AC=MS:1001251	NT=Carbamidomethyl;AC=UNIMOD:4;TA=C;MT=Fixed	NT=Oxidation;AC=UNIMOD:35;TA=M;MT=Variable	1	1	K_Bohnsack_070521_180521_HFPlus_R1L5_12.raw	v1.1.0	NT=ms-proteomics;VV=v1.1.0	NT=sdrf-skeleton-gen;VV=v1.0.0
K_Bohnsack_070521_180521_HFPlus_R1L5_13	Saccharomyces cerevisiae	not available	not available	1	K_Bohnsack_070521_180521_HFPlus_R1L5_13	proteomic profiling by mass spectrometry	Data-dependent acquisition	NT=label free sample;AC=MS:1002038	NT=Q Exactive HF;AC=MS:1002523	NT=Trypsin;AC=MS:1001251	NT=Carbamidomethyl;AC=UNIMOD:4;TA=C;MT=Fixed	NT=Oxidation;AC=UNIMOD:35;TA=M;MT=Variable	1	1	K_Bohnsack_070521_180521_HFPlus_R1L5_13.raw	v1.1.0	NT=ms-proteomics;VV=v1.1.0	NT=sdrf-skeleton-gen;VV=v1.0.0
K_Bohnsack_070521_180521_HFPlus_R1L5_14	Saccharomyces cerevisiae	not available	not available	1	K_Bohnsack_070521_180521_HFPlus_R1L5_14	proteomic profiling by mass spectrometry	Data-dependent acquisition	NT=label free sample;AC=MS:1002038	NT=Q Exactive HF;AC=MS:1002523	NT=Trypsin;AC=MS:1001251	NT=Carbamidomethyl;AC=UNIMOD:4;TA=C;MT=Fixed	NT=Oxidation;AC=UNIMOD:35;TA=M;MT=Variable	1	1	K_Bohnsack_070521_180521_HFPlus_R1L5_14.raw	v1.1.0	NT=ms-proteomics;VV=v1.1.0	NT=sdrf-skeleton-gen;VV=v1.0.0
K_Bohnsack_070521_180521_HFPlus_R1L5_15	Saccharomyces cerevisiae	not available	not available	1	K_Bohnsack_070521_180521_HFPlus_R1L5_15	proteomic profiling by mass spectrometry	Data-dependent acquisition	NT=label free sample;AC=MS:1002038	NT=Q Exactive HF;AC=MS:1002523	NT=Trypsin;AC=MS:1001251	NT=Carbamidomethyl;AC=UNIMOD:4;TA=C;MT=Fixed	NT=Oxidation;AC=UNIMOD:35;TA=M;MT=Variable	1	1	K_Bohnsack_070521_180521_HFPlus_R1L5_15.raw	v1.1.0	NT=ms-proteomics;VV=v1.1.0	NT=sdrf-skeleton-gen;VV=v1.0.0
K_Bohnsack_070521_180521_HFPlus_R1L5_16	Saccharomyces cerevisiae	not available	not available	1	K_Bohnsack_070521_180521_HFPlus_R1L5_16	proteomic profiling by mass spectrometry	Data-dependent acquisition	NT=label free sample;AC=MS:1002038	NT=Q Exactive HF;AC=MS:1002523	NT=Trypsin;AC=MS:1001251	NT=Carbamidomethyl;AC=UNIMOD:4;TA=C;MT=Fixed	NT=Oxidation;AC=UNIMOD:35;TA=M;MT=Variable	1	1	K_Bohnsack_070521_180521_HFPlus_R1L5_16.raw	v1.1.0	NT=ms-proteomics;VV=v1.1.0	NT=sdrf-skeleton-gen;VV=v1.0.0
K_Bohnsack_070521_180521_HFPlus_R1L5_17	Saccharomyces cerevisiae	not available	not available	1	K_Bohnsack_070521_180521_HFPlus_R1L5_17	proteomic profiling by mass spectrometry	Data-dependent acquisition	NT=label free sample;AC=MS:1002038	NT=Q Exactive HF;AC=MS:1002523	NT=Trypsin;AC=MS:1001251	NT=Carbamidomethyl;AC=UNIMOD:4;TA=C;MT=Fixed	NT=Oxidation;AC=UNIMOD:35;TA=M;MT=Variable	1	1	K_Bohnsack_070521_180521_HFPlus_R1L5_17.raw	v1.1.0	NT=ms-proteomics;VV=v1.1.0	NT=sdrf-skeleton-gen;VV=v1.0.0
K_Bohnsack_070521_180521_HFPlus_R1L5_18	Saccharomyces cerevisiae	not available	not available	1	K_Bohnsack_070521_180521_HFPlus_R1L5_18	proteomic profiling by mass spectrometry	Data-dependent acquisition	NT=label free sample;AC=MS:1002038	NT=Q Exactive HF;AC=MS:1002523	NT=Trypsin;AC=MS:1001251	NT=Carbamidomethyl;AC=UNIMOD:4;TA=C;MT=Fixed	NT=Oxidation;AC=UNIMOD:35;TA=M;MT=Variable	1	1	K_Bohnsack_070521_180521_HFPlus_R1L5_18.raw	v1.1.0	NT=ms-proteomics;VV=v1.1.0	NT=sdrf-skeleton-gen;VV=v1.0.0
K_Bohnsack_070521_180521_HFPlus_R1L5_19	Saccharomyces cerevisiae	not available	not available	1	K_Bohnsack_070521_180521_HFPlus_R1L5_19	proteomic profiling by mass spectrometry	Data-dependent acquisition	NT=label free sample;AC=MS:1002038	NT=Q Exactive HF;AC=MS:1002523	NT=Trypsin;AC=MS:1001251	NT=Carbamidomethyl;AC=UNIMOD:4;TA=C;MT=Fixed	NT=Oxidation;AC=UNIMOD:35;TA=M;MT=Variable	1	1	K_Bohnsack_070521_180521_HFPlus_R1L5_19.raw	v1.1.0	NT=ms-proteomics;VV=v1.1.0	NT=sdrf-skeleton-gen;VV=v1.0.0
K_Bohnsack_070521_180521_HFPlus_R1L5_2	Saccharomyces cerevisiae	not available	not available	1	K_Bohnsack_070521_180521_HFPlus_R1L5_2	proteomic profiling by mass spectrometry	Data-dependent acquisition	NT=label free sample;AC=MS:1002038	NT=Q Exactive HF;AC=MS:1002523	NT=Trypsin;AC=MS:1001251	NT=Carbamidomethyl;AC=UNIMOD:4;TA=C;MT=Fixed	NT=Oxidation;AC=UNIMOD:35;TA=M;MT=Variable	1	1	K_Bohnsack_070521_180521_HFPlus_R1L5_2.raw	v1.1.0	NT=ms-proteomics;VV=v1.1.0	NT=sdrf-skeleton-gen;VV=v1.0.0
K_Bohnsack_070521_180521_HFPlus_R1L5_20	Saccharomyces cerevisiae	not available	not available	1	K_Bohnsack_070521_180521_HFPlus_R1L5_20	proteomic profiling by mass spectrometry	Data-dependent acquisition	NT=label free sample;AC=MS:1002038	NT=Q Exactive HF;AC=MS:1002523	NT=Trypsin;AC=MS:1001251	NT=Carbamidomethyl;AC=UNIMOD:4;TA=C;MT=Fixed	NT=Oxidation;AC=UNIMOD:35;TA=M;MT=Variable	1	1	K_Bohnsack_070521_180521_HFPlus_R1L5_20.raw	v1.1.0	NT=ms-proteomics;VV=v1.1.0	NT=sdrf-skeleton-gen;VV=v1.0.0
K_Bohnsack_070521_180521_HFPlus_R1L5_21	Saccharomyces cerevisiae	not available	not available	1	K_Bohnsack_070521_180521_HFPlus_R1L5_21	proteomic profiling by mass spectrometry	Data-dependent acquisition	NT=label free sample;AC=MS:1002038	NT=Q Exactive HF;AC=MS:1002523	NT=Trypsin;AC=MS:1001251	NT=Carbamidomethyl;AC=UNIMOD:4;TA=C;MT=Fixed	NT=Oxidation;AC=UNIMOD:35;TA=M;MT=Variable	1	1	K_Bohnsack_070521_180521_HFPlus_R1L5_21.raw	v1.1.0	NT=ms-proteomics;VV=v1.1.0	NT=sdrf-skeleton-gen;VV=v1.0.0
K_Bohnsack_070521_180521_HFPlus_R1L5_22	Saccharomyces cerevisiae	not available	not available	1	K_Bohnsack_070521_180521_HFPlus_R1L5_22	proteomic profiling by mass spectrometry	Data-dependent acquisition	NT=label free sample;AC=MS:1002038	NT=Q Exactive HF;AC=MS:1002523	NT=Trypsin;AC=MS:1001251	NT=Carbamidomethyl;AC=UNIMOD:4;TA=C;MT=Fixed	NT=Oxidation;AC=UNIMOD:35;TA=M;MT=Variable	1	1	K_Bohnsack_070521_180521_HFPlus_R1L5_22.raw	v1.1.0	NT=ms-proteomics;VV=v1.1.0	NT=sdrf-skeleton-gen;VV=v1.0.0
K_Bohnsack_070521_180521_HFPlus_R1L5_23	Saccharomyces cerevisiae	not available	not available	1	K_Bohnsack_070521_180521_HFPlus_R1L5_23	proteomic profiling by mass spectrometry	Data-dependent acquisition	NT=label free sample;AC=MS:1002038	NT=Q Exactive HF;AC=MS:1002523	NT=Trypsin;AC=MS:1001251	NT=Carbamidomethyl;AC=UNIMOD:4;TA=C;MT=Fixed	NT=Oxidation;AC=UNIMOD:35;TA=M;MT=Variable	1	1	K_Bohnsack_070521_180521_HFPlus_R1L5_23.raw	v1.1.0	NT=ms-proteomics;VV=v1.1.0	NT=sdrf-skeleton-gen;VV=v1.0.0
K_Bohnsack_070521_180521_HFPlus_R1L5_3	Saccharomyces cerevisiae	not available	not available	1	K_Bohnsack_070521_180521_HFPlus_R1L5_3	proteomic profiling by mass spectrometry	Data-dependent acquisition	NT=label free sample;AC=MS:1002038	NT=Q Exactive HF;AC=MS:1002523	NT=Trypsin;AC=MS:1001251	NT=Carbamidomethyl;AC=UNIMOD:4;TA=C;MT=Fixed	NT=Oxidation;AC=UNIMOD:35;TA=M;MT=Variable	1	1	K_Bohnsack_070521_180521_HFPlus_R1L5_3.raw	v1.1.0	NT=ms-proteomics;VV=v1.1.0	NT=sdrf-skeleton-gen;VV=v1.0.0
K_Bohnsack_070521_180521_HFPlus_R1L5_4	Saccharomyces cerevisiae	not available	not available	1	K_Bohnsack_070521_180521_HFPlus_R1L5_4	proteomic profiling by mass spectrometry	Data-dependent acquisition	NT=label free sample;AC=MS:1002038	NT=Q Exactive HF;AC=MS:1002523	NT=Trypsin;AC=MS:1001251	NT=Carbamidomethyl;AC=UNIMOD:4;TA=C;MT=Fixed	NT=Oxidation;AC=UNIMOD:35;TA=M;MT=Variable	1	1	K_Bohnsack_070521_180521_HFPlus_R1L5_4.raw	v1.1.0	NT=ms-proteomics;VV=v1.1.0	NT=sdrf-skeleton-gen;VV=v1.0.0
K_Bohnsack_070521_180521_HFPlus_R1L5_5	Saccharomyces cerevisiae	not available	not available	1	K_Bohnsack_070521_180521_HFPlus_R1L5_5	proteomic profiling by mass spectrometry	Data-dependent acquisition	NT=label free sample;AC=MS:1002038	NT=Q Exactive HF;AC=MS:1002523	NT=Trypsin;AC=MS:1001251	NT=Carbamidomethyl;AC=UNIMOD:4;TA=C;MT=Fixed	NT=Oxidation;AC=UNIMOD:35;TA=M;MT=Variable	1	1	K_Bohnsack_070521_180521_HFPlus_R1L5_5.raw	v1.1.0	NT=ms-proteomics;VV=v1.1.0	NT=sdrf-skeleton-gen;VV=v1.0.0
K_Bohnsack_070521_180521_HFPlus_R1L5_6	Saccharomyces cerevisiae	not available	not available	1	K_Bohnsack_070521_180521_HFPlus_R1L5_6	proteomic profiling by mass spectrometry	Data-dependent acquisition	NT=label free sample;AC=MS:1002038	NT=Q Exactive HF;AC=MS:1002523	NT=Trypsin;AC=MS:1001251	NT=Carbamidomethyl;AC=UNIMOD:4;TA=C;MT=Fixed	NT=Oxidation;AC=UNIMOD:35;TA=M;MT=Variable	1	1	K_Bohnsack_070521_180521_HFPlus_R1L5_6.raw	v1.1.0	NT=ms-proteomics;VV=v1.1.0	NT=sdrf-skeleton-gen;VV=v1.0.0
K_Bohnsack_070521_180521_HFPlus_R1L5_7	Saccharomyces cerevisiae	not available	not available	1	K_Bohnsack_070521_180521_HFPlus_R1L5_7	proteomic profiling by mass spectrometry	Data-dependent acquisition	NT=label free sample;AC=MS:1002038	NT=Q Exactive HF;AC=MS:1002523	NT=Trypsin;AC=MS:1001251	NT=Carbamidomethyl;AC=UNIMOD:4;TA=C;MT=Fixed	NT=Oxidation;AC=UNIMOD:35;TA=M;MT=Variable	1	1	K_Bohnsack_070521_180521_HFPlus_R1L5_7.raw	v1.1.0	NT=ms-proteomics;VV=v1.1.0	NT=sdrf-skeleton-gen;VV=v1.0.0
K_Bohnsack_070521_180521_HFPlus_R1L5_8	Saccharomyces cerevisiae	not available	not available	1	K_Bohnsack_070521_180521_HFPlus_R1L5_8	proteomic profiling by mass spectrometry	Data-dependent acquisition	NT=label free sample;AC=MS:1002038	NT=Q Exactive HF;AC=MS:1002523	NT=Trypsin;AC=MS:1001251	NT=Carbamidomethyl;AC=UNIMOD:4;TA=C;MT=Fixed	NT=Oxidation;AC=UNIMOD:35;TA=M;MT=Variable	1	1	K_Bohnsack_070521_180521_HFPlus_R1L5_8.raw	v1.1.0	NT=ms-proteomics;VV=v1.1.0	NT=sdrf-skeleton-gen;VV=v1.0.0
K_Bohnsack_070521_180521_HFPlus_R1L5_9	Saccharomyces cerevisiae	not available	not available	1	K_Bohnsack_070521_180521_HFPlus_R1L5_9	proteomic profiling by mass spectrometry	Data-dependent acquisition	NT=label free sample;AC=MS:1002038	NT=Q Exactive HF;AC=MS:1002523	NT=Trypsin;AC=MS:1001251	NT=Carbamidomethyl;AC=UNIMOD:4;TA=C;MT=Fixed	NT=Oxidation;AC=UNIMOD:35;TA=M;MT=Variable	1	1	K_Bohnsack_070521_180521_HFPlus_R1L5_9.raw	v1.1.0	NT=ms-proteomics;VV=v1.1.0	NT=sdrf-skeleton-gen;VV=v1.0.0
K_Bohnsack_070521_180521_HFPlus_R2L5_1	Saccharomyces cerevisiae	not available	not available	1	K_Bohnsack_070521_180521_HFPlus_R2L5_1	proteomic profiling by mass spectrometry	Data-dependent acquisition	NT=label free sample;AC=MS:1002038	NT=Q Exactive HF;AC=MS:1002523	NT=Trypsin;AC=MS:1001251	NT=Carbamidomethyl;AC=UNIMOD:4;TA=C;MT=Fixed	NT=Oxidation;AC=UNIMOD:35;TA=M;MT=Variable	1	1	K_Bohnsack_070521_180521_HFPlus_R2L5_1.raw	v1.1.0	NT=ms-proteomics;VV=v1.1.0	NT=sdrf-skeleton-gen;VV=v1.0.0
K_Bohnsack_070521_180521_HFPlus_R2L5_10	Saccharomyces cerevisiae	not available	not available	1	K_Bohnsack_070521_180521_HFPlus_R2L5_10	proteomic profiling by mass spectrometry	Data-dependent acquisition	NT=label free sample;AC=MS:1002038	NT=Q Exactive HF;AC=MS:1002523	NT=Trypsin;AC=MS:1001251	NT=Carbamidomethyl;AC=UNIMOD:4;TA=C;MT=Fixed	NT=Oxidation;AC=UNIMOD:35;TA=M;MT=Variable	1	1	K_Bohnsack_070521_180521_HFPlus_R2L5_10.raw	v1.1.0	NT=ms-proteomics;VV=v1.1.0	NT=sdrf-skeleton-gen;VV=v1.0.0
K_Bohnsack_070521_180521_HFPlus_R2L5_11	Saccharomyces cerevisiae	not available	not available	1	K_Bohnsack_070521_180521_HFPlus_R2L5_11	proteomic profiling by mass spectrometry	Data-dependent acquisition	NT=label free sample;AC=MS:1002038	NT=Q Exactive HF;AC=MS:1002523	NT=Trypsin;AC=MS:1001251	NT=Carbamidomethyl;AC=UNIMOD:4;TA=C;MT=Fixed	NT=Oxidation;AC=UNIMOD:35;TA=M;MT=Variable	1	1	K_Bohnsack_070521_180521_HFPlus_R2L5_11.raw	v1.1.0	NT=ms-proteomics;VV=v1.1.0	NT=sdrf-skeleton-gen;VV=v1.0.0
K_Bohnsack_070521_180521_HFPlus_R2L5_12	Saccharomyces cerevisiae	not available	not available	1	K_Bohnsack_070521_180521_HFPlus_R2L5_12	proteomic profiling by mass spectrometry	Data-dependent acquisition	NT=label free sample;AC=MS:1002038	NT=Q Exactive HF;AC=MS:1002523	NT=Trypsin;AC=MS:1001251	NT=Carbamidomethyl;AC=UNIMOD:4;TA=C;MT=Fixed	NT=Oxidation;AC=UNIMOD:35;TA=M;MT=Variable	1	1	K_Bohnsack_070521_180521_HFPlus_R2L5_12.raw	v1.1.0	NT=ms-proteomics;VV=v1.1.0	NT=sdrf-skeleton-gen;VV=v1.0.0
K_Bohnsack_070521_180521_HFPlus_R2L5_13	Saccharomyces cerevisiae	not available	not available	1	K_Bohnsack_070521_180521_HFPlus_R2L5_13	proteomic profiling by mass spectrometry	Data-dependent acquisition	NT=label free sample;AC=MS:1002038	NT=Q Exactive HF;AC=MS:1002523	NT=Trypsin;AC=MS:1001251	NT=Carbamidomethyl;AC=UNIMOD:4;TA=C;MT=Fixed	NT=Oxidation;AC=UNIMOD:35;TA=M;MT=Variable	1	1	K_Bohnsack_070521_180521_HFPlus_R2L5_13.raw	v1.1.0	NT=ms-proteomics;VV=v1.1.0	NT=sdrf-skeleton-gen;VV=v1.0.0
K_Bohnsack_070521_180521_HFPlus_R2L5_14	Saccharomyces cerevisiae	not available	not available	1	K_Bohnsack_070521_180521_HFPlus_R2L5_14	proteomic profiling by mass spectrometry	Data-dependent acquisition	NT=label free sample;AC=MS:1002038	NT=Q Exactive HF;AC=MS:1002523	NT=Trypsin;AC=MS:1001251	NT=Carbamidomethyl;AC=UNIMOD:4;TA=C;MT=Fixed	NT=Oxidation;AC=UNIMOD:35;TA=M;MT=Variable	1	1	K_Bohnsack_070521_180521_HFPlus_R2L5_14.raw	v1.1.0	NT=ms-proteomics;VV=v1.1.0	NT=sdrf-skeleton-gen;VV=v1.0.0
K_Bohnsack_070521_180521_HFPlus_R2L5_15	Saccharomyces cerevisiae	not available	not available	1	K_Bohnsack_070521_180521_HFPlus_R2L5_15	proteomic profiling by mass spectrometry	Data-dependent acquisition	NT=label free sample;AC=MS:1002038	NT=Q Exactive HF;AC=MS:1002523	NT=Trypsin;AC=MS:1001251	NT=Carbamidomethyl;AC=UNIMOD:4;TA=C;MT=Fixed	NT=Oxidation;AC=UNIMOD:35;TA=M;MT=Variable	1	1	K_Bohnsack_070521_180521_HFPlus_R2L5_15.raw	v1.1.0	NT=ms-proteomics;VV=v1.1.0	NT=sdrf-skeleton-gen;VV=v1.0.0
K_Bohnsack_070521_180521_HFPlus_R2L5_16	Saccharomyces cerevisiae	not available	not available	1	K_Bohnsack_070521_180521_HFPlus_R2L5_16	proteomic profiling by mass spectrometry	Data-dependent acquisition	NT=label free sample;AC=MS:1002038	NT=Q Exactive HF;AC=MS:1002523	NT=Trypsin;AC=MS:1001251	NT=Carbamidomethyl;AC=UNIMOD:4;TA=C;MT=Fixed	NT=Oxidation;AC=UNIMOD:35;TA=M;MT=Variable	1	1	K_Bohnsack_070521_180521_HFPlus_R2L5_16.raw	v1.1.0	NT=ms-proteomics;VV=v1.1.0	NT=sdrf-skeleton-gen;VV=v1.0.0
K_Bohnsack_070521_180521_HFPlus_R2L5_17	Saccharomyces cerevisiae	not available	not available	1	K_Bohnsack_070521_180521_HFPlus_R2L5_17	proteomic profiling by mass spectrometry	Data-dependent acquisition	NT=label free sample;AC=MS:1002038	NT=Q Exactive HF;AC=MS:1002523	NT=Trypsin;AC=MS:1001251	NT=Carbamidomethyl;AC=UNIMOD:4;TA=C;MT=Fixed	NT=Oxidation;AC=UNIMOD:35;TA=M;MT=Variable	1	1	K_Bohnsack_070521_180521_HFPlus_R2L5_17.raw	v1.1.0	NT=ms-proteomics;VV=v1.1.0	NT=sdrf-skeleton-gen;VV=v1.0.0
K_Bohnsack_070521_180521_HFPlus_R2L5_18	Saccharomyces cerevisiae	not available	not available	1	K_Bohnsack_070521_180521_HFPlus_R2L5_18	proteomic profiling by mass spectrometry	Data-dependent acquisition	NT=label free sample;AC=MS:1002038	NT=Q Exactive HF;AC=MS:1002523	NT=Trypsin;AC=MS:1001251	NT=Carbamidomethyl;AC=UNIMOD:4;TA=C;MT=Fixed	NT=Oxidation;AC=UNIMOD:35;TA=M;MT=Variable	1	1	K_Bohnsack_070521_180521_HFPlus_R2L5_18.raw	v1.1.0	NT=ms-proteomics;VV=v1.1.0	NT=sdrf-skeleton-gen;VV=v1.0.0
K_Bohnsack_070521_180521_HFPlus_R2L5_19	Saccharomyces cerevisiae	not available	not available	1	K_Bohnsack_070521_180521_HFPlus_R2L5_19	proteomic profiling by mass spectrometry	Data-dependent acquisition	NT=label free sample;AC=MS:1002038	NT=Q Exactive HF;AC=MS:1002523	NT=Trypsin;AC=MS:1001251	NT=Carbamidomethyl;AC=UNIMOD:4;TA=C;MT=Fixed	NT=Oxidation;AC=UNIMOD:35;TA=M;MT=Variable	1	1	K_Bohnsack_070521_180521_HFPlus_R2L5_19.raw	v1.1.0	NT=ms-proteomics;VV=v1.1.0	NT=sdrf-skeleton-gen;VV=v1.0.0
K_Bohnsack_070521_180521_HFPlus_R2L5_2	Saccharomyces cerevisiae	not available	not available	1	K_Bohnsack_070521_180521_HFPlus_R2L5_2	proteomic profiling by mass spectrometry	Data-dependent acquisition	NT=label free sample;AC=MS:1002038	NT=Q Exactive HF;AC=MS:1002523	NT=Trypsin;AC=MS:1001251	NT=Carbamidomethyl;AC=UNIMOD:4;TA=C;MT=Fixed	NT=Oxidation;AC=UNIMOD:35;TA=M;MT=Variable	1	1	K_Bohnsack_070521_180521_HFPlus_R2L5_2.raw	v1.1.0	NT=ms-proteomics;VV=v1.1.0	NT=sdrf-skeleton-gen;VV=v1.0.0
K_Bohnsack_070521_180521_HFPlus_R2L5_20	Saccharomyces cerevisiae	not available	not available	1	K_Bohnsack_070521_180521_HFPlus_R2L5_20	proteomic profiling by mass spectrometry	Data-dependent acquisition	NT=label free sample;AC=MS:1002038	NT=Q Exactive HF;AC=MS:1002523	NT=Trypsin;AC=MS:1001251	NT=Carbamidomethyl;AC=UNIMOD:4;TA=C;MT=Fixed	NT=Oxidation;AC=UNIMOD:35;TA=M;MT=Variable	1	1	K_Bohnsack_070521_180521_HFPlus_R2L5_20.raw	v1.1.0	NT=ms-proteomics;VV=v1.1.0	NT=sdrf-skeleton-gen;VV=v1.0.0
K_Bohnsack_070521_180521_HFPlus_R2L5_21	Saccharomyces cerevisiae	not available	not available	1	K_Bohnsack_070521_180521_HFPlus_R2L5_21	proteomic profiling by mass spectrometry	Data-dependent acquisition	NT=label free sample;AC=MS:1002038	NT=Q Exactive HF;AC=MS:1002523	NT=Trypsin;AC=MS:1001251	NT=Carbamidomethyl;AC=UNIMOD:4;TA=C;MT=Fixed	NT=Oxidation;AC=UNIMOD:35;TA=M;MT=Variable	1	1	K_Bohnsack_070521_180521_HFPlus_R2L5_21.raw	v1.1.0	NT=ms-proteomics;VV=v1.1.0	NT=sdrf-skeleton-gen;VV=v1.0.0
K_Bohnsack_070521_180521_HFPlus_R2L5_22	Saccharomyces cerevisiae	not available	not available	1	K_Bohnsack_070521_180521_HFPlus_R2L5_22	proteomic profiling by mass spectrometry	Data-dependent acquisition	NT=label free sample;AC=MS:1002038	NT=Q Exactive HF;AC=MS:1002523	NT=Trypsin;AC=MS:1001251	NT=Carbamidomethyl;AC=UNIMOD:4;TA=C;MT=Fixed	NT=Oxidation;AC=UNIMOD:35;TA=M;MT=Variable	1	1	K_Bohnsack_070521_180521_HFPlus_R2L5_22.raw	v1.1.0	NT=ms-proteomics;VV=v1.1.0	NT=sdrf-skeleton-gen;VV=v1.0.0
K_Bohnsack_070521_180521_HFPlus_R2L5_23	Saccharomyces cerevisiae	not available	not available	1	K_Bohnsack_070521_180521_HFPlus_R2L5_23	proteomic profiling by mass spectrometry	Data-dependent acquisition	NT=label free sample;AC=MS:1002038	NT=Q Exactive HF;AC=MS:1002523	NT=Trypsin;AC=MS:1001251	NT=Carbamidomethyl;AC=UNIMOD:4;TA=C;MT=Fixed	NT=Oxidation;AC=UNIMOD:35;TA=M;MT=Variable	1	1	K_Bohnsack_070521_180521_HFPlus_R2L5_23.raw	v1.1.0	NT=ms-proteomics;VV=v1.1.0	NT=sdrf-skeleton-gen;VV=v1.0.0
K_Bohnsack_070521_180521_HFPlus_R2L5_3	Saccharomyces cerevisiae	not available	not available	1	K_Bohnsack_070521_180521_HFPlus_R2L5_3	proteomic profiling by mass spectrometry	Data-dependent acquisition	NT=label free sample;AC=MS:1002038	NT=Q Exactive HF;AC=MS:1002523	NT=Trypsin;AC=MS:1001251	NT=Carbamidomethyl;AC=UNIMOD:4;TA=C;MT=Fixed	NT=Oxidation;AC=UNIMOD:35;TA=M;MT=Variable	1	1	K_Bohnsack_070521_180521_HFPlus_R2L5_3.raw	v1.1.0	NT=ms-proteomics;VV=v1.1.0	NT=sdrf-skeleton-gen;VV=v1.0.0
K_Bohnsack_070521_180521_HFPlus_R2L5_4	Saccharomyces cerevisiae	not available	not available	1	K_Bohnsack_070521_180521_HFPlus_R2L5_4	proteomic profiling by mass spectrometry	Data-dependent acquisition	NT=label free sample;AC=MS:1002038	NT=Q Exactive HF;AC=MS:1002523	NT=Trypsin;AC=MS:1001251	NT=Carbamidomethyl;AC=UNIMOD:4;TA=C;MT=Fixed	NT=Oxidation;AC=UNIMOD:35;TA=M;MT=Variable	1	1	K_Bohnsack_070521_180521_HFPlus_R2L5_4.raw	v1.1.0	NT=ms-proteomics;VV=v1.1.0	NT=sdrf-skeleton-gen;VV=v1.0.0
K_Bohnsack_070521_180521_HFPlus_R2L5_5	Saccharomyces cerevisiae	not available	not available	1	K_Bohnsack_070521_180521_HFPlus_R2L5_5	proteomic profiling by mass spectrometry	Data-dependent acquisition	NT=label free sample;AC=MS:1002038	NT=Q Exactive HF;AC=MS:1002523	NT=Trypsin;AC=MS:1001251	NT=Carbamidomethyl;AC=UNIMOD:4;TA=C;MT=Fixed	NT=Oxidation;AC=UNIMOD:35;TA=M;MT=Variable	1	1	K_Bohnsack_070521_180521_HFPlus_R2L5_5.raw	v1.1.0	NT=ms-proteomics;VV=v1.1.0	NT=sdrf-skeleton-gen;VV=v1.0.0
K_Bohnsack_070521_180521_HFPlus_R2L5_6	Saccharomyces cerevisiae	not available	not available	1	K_Bohnsack_070521_180521_HFPlus_R2L5_6	proteomic profiling by mass spectrometry	Data-dependent acquisition	NT=label free sample;AC=MS:1002038	NT=Q Exactive HF;AC=MS:1002523	NT=Trypsin;AC=MS:1001251	NT=Carbamidomethyl;AC=UNIMOD:4;TA=C;MT=Fixed	NT=Oxidation;AC=UNIMOD:35;TA=M;MT=Variable	1	1	K_Bohnsack_070521_180521_HFPlus_R2L5_6.raw	v1.1.0	NT=ms-proteomics;VV=v1.1.0	NT=sdrf-skeleton-gen;VV=v1.0.0
K_Bohnsack_070521_180521_HFPlus_R2L5_7	Saccharomyces cerevisiae	not available	not available	1	K_Bohnsack_070521_180521_HFPlus_R2L5_7	proteomic profiling by mass spectrometry	Data-dependent acquisition	NT=label free sample;AC=MS:1002038	NT=Q Exactive HF;AC=MS:1002523	NT=Trypsin;AC=MS:1001251	NT=Carbamidomethyl;AC=UNIMOD:4;TA=C;MT=Fixed	NT=Oxidation;AC=UNIMOD:35;TA=M;MT=Variable	1	1	K_Bohnsack_070521_180521_HFPlus_R2L5_7.raw	v1.1.0	NT=ms-proteomics;VV=v1.1.0	NT=sdrf-skeleton-gen;VV=v1.0.0
K_Bohnsack_070521_180521_HFPlus_R2L5_8	Saccharomyces cerevisiae	not available	not available	1	K_Bohnsack_070521_180521_HFPlus_R2L5_8	proteomic profiling by mass spectrometry	Data-dependent acquisition	NT=label free sample;AC=MS:1002038	NT=Q Exactive HF;AC=MS:1002523	NT=Trypsin;AC=MS:1001251	NT=Carbamidomethyl;AC=UNIMOD:4;TA=C;MT=Fixed	NT=Oxidation;AC=UNIMOD:35;TA=M;MT=Variable	1	1	K_Bohnsack_070521_180521_HFPlus_R2L5_8.raw	v1.1.0	NT=ms-proteomics;VV=v1.1.0	NT=sdrf-skeleton-gen;VV=v1.0.0
K_Bohnsack_070521_180521_HFPlus_R2L5_9	Saccharomyces cerevisiae	not available	not available	1	K_Bohnsack_070521_180521_HFPlus_R2L5_9	proteomic profiling by mass spectrometry	Data-dependent acquisition	NT=label free sample;AC=MS:1002038	NT=Q Exactive HF;AC=MS:1002523	NT=Trypsin;AC=MS:1001251	NT=Carbamidomethyl;AC=UNIMOD:4;TA=C;MT=Fixed	NT=Oxidation;AC=UNIMOD:35;TA=M;MT=Variable	1	1	K_Bohnsack_070521_180521_HFPlus_R2L5_9.raw	v1.1.0	NT=ms-proteomics;VV=v1.1.0	NT=sdrf-skeleton-gen;VV=v1.0.0
K_Bohnsack_070521_210521_HFPlus_R1L4_1	Saccharomyces cerevisiae	not available	not available	1	K_Bohnsack_070521_210521_HFPlus_R1L4_1	proteomic profiling by mass spectrometry	Data-dependent acquisition	NT=label free sample;AC=MS:1002038	NT=Q Exactive HF;AC=MS:1002523	NT=Trypsin;AC=MS:1001251	NT=Carbamidomethyl;AC=UNIMOD:4;TA=C;MT=Fixed	NT=Oxidation;AC=UNIMOD:35;TA=M;MT=Variable	1	1	K_Bohnsack_070521_210521_HFPlus_R1L4_1.raw	v1.1.0	NT=ms-proteomics;VV=v1.1.0	NT=sdrf-skeleton-gen;VV=v1.0.0
K_Bohnsack_070521_210521_HFPlus_R1L4_10	Saccharomyces cerevisiae	not available	not available	1	K_Bohnsack_070521_210521_HFPlus_R1L4_10	proteomic profiling by mass spectrometry	Data-dependent acquisition	NT=label free sample;AC=MS:1002038	NT=Q Exactive HF;AC=MS:1002523	NT=Trypsin;AC=MS:1001251	NT=Carbamidomethyl;AC=UNIMOD:4;TA=C;MT=Fixed	NT=Oxidation;AC=UNIMOD:35;TA=M;MT=Variable	1	1	K_Bohnsack_070521_210521_HFPlus_R1L4_10.raw	v1.1.0	NT=ms-proteomics;VV=v1.1.0	NT=sdrf-skeleton-gen;VV=v1.0.0
K_Bohnsack_070521_210521_HFPlus_R1L4_11	Saccharomyces cerevisiae	not available	not available	1	K_Bohnsack_070521_210521_HFPlus_R1L4_11	proteomic profiling by mass spectrometry	Data-dependent acquisition	NT=label free sample;AC=MS:1002038	NT=Q Exactive HF;AC=MS:1002523	NT=Trypsin;AC=MS:1001251	NT=Carbamidomethyl;AC=UNIMOD:4;TA=C;MT=Fixed	NT=Oxidation;AC=UNIMOD:35;TA=M;MT=Variable	1	1	K_Bohnsack_070521_210521_HFPlus_R1L4_11.raw	v1.1.0	NT=ms-proteomics;VV=v1.1.0	NT=sdrf-skeleton-gen;VV=v1.0.0
K_Bohnsack_070521_210521_HFPlus_R1L4_12	Saccharomyces cerevisiae	not available	not available	1	K_Bohnsack_070521_210521_HFPlus_R1L4_12	proteomic profiling by mass spectrometry	Data-dependent acquisition	NT=label free sample;AC=MS:1002038	NT=Q Exactive HF;AC=MS:1002523	NT=Trypsin;AC=MS:1001251	NT=Carbamidomethyl;AC=UNIMOD:4;TA=C;MT=Fixed	NT=Oxidation;AC=UNIMOD:35;TA=M;MT=Variable	1	1	K_Bohnsack_070521_210521_HFPlus_R1L4_12.raw	v1.1.0	NT=ms-proteomics;VV=v1.1.0	NT=sdrf-skeleton-gen;VV=v1.0.0
K_Bohnsack_070521_210521_HFPlus_R1L4_13	Saccharomyces cerevisiae	not available	not available	1	K_Bohnsack_070521_210521_HFPlus_R1L4_13	proteomic profiling by mass spectrometry	Data-dependent acquisition	NT=label free sample;AC=MS:1002038	NT=Q Exactive HF;AC=MS:1002523	NT=Trypsin;AC=MS:1001251	NT=Carbamidomethyl;AC=UNIMOD:4;TA=C;MT=Fixed	NT=Oxidation;AC=UNIMOD:35;TA=M;MT=Variable	1	1	K_Bohnsack_070521_210521_HFPlus_R1L4_13.raw	v1.1.0	NT=ms-proteomics;VV=v1.1.0	NT=sdrf-skeleton-gen;VV=v1.0.0
K_Bohnsack_070521_210521_HFPlus_R1L4_14	Saccharomyces cerevisiae	not available	not available	1	K_Bohnsack_070521_210521_HFPlus_R1L4_14	proteomic profiling by mass spectrometry	Data-dependent acquisition	NT=label free sample;AC=MS:1002038	NT=Q Exactive HF;AC=MS:1002523	NT=Trypsin;AC=MS:1001251	NT=Carbamidomethyl;AC=UNIMOD:4;TA=C;MT=Fixed	NT=Oxidation;AC=UNIMOD:35;TA=M;MT=Variable	1	1	K_Bohnsack_070521_210521_HFPlus_R1L4_14.raw	v1.1.0	NT=ms-proteomics;VV=v1.1.0	NT=sdrf-skeleton-gen;VV=v1.0.0
K_Bohnsack_070521_210521_HFPlus_R1L4_15	Saccharomyces cerevisiae	not available	not available	1	K_Bohnsack_070521_210521_HFPlus_R1L4_15	proteomic profiling by mass spectrometry	Data-dependent acquisition	NT=label free sample;AC=MS:1002038	NT=Q Exactive HF;AC=MS:1002523	NT=Trypsin;AC=MS:1001251	NT=Carbamidomethyl;AC=UNIMOD:4;TA=C;MT=Fixed	NT=Oxidation;AC=UNIMOD:35;TA=M;MT=Variable	1	1	K_Bohnsack_070521_210521_HFPlus_R1L4_15.raw	v1.1.0	NT=ms-proteomics;VV=v1.1.0	NT=sdrf-skeleton-gen;VV=v1.0.0
K_Bohnsack_070521_210521_HFPlus_R1L4_16	Saccharomyces cerevisiae	not available	not available	1	K_Bohnsack_070521_210521_HFPlus_R1L4_16	proteomic profiling by mass spectrometry	Data-dependent acquisition	NT=label free sample;AC=MS:1002038	NT=Q Exactive HF;AC=MS:1002523	NT=Trypsin;AC=MS:1001251	NT=Carbamidomethyl;AC=UNIMOD:4;TA=C;MT=Fixed	NT=Oxidation;AC=UNIMOD:35;TA=M;MT=Variable	1	1	K_Bohnsack_070521_210521_HFPlus_R1L4_16.raw	v1.1.0	NT=ms-proteomics;VV=v1.1.0	NT=sdrf-skeleton-gen;VV=v1.0.0
K_Bohnsack_070521_210521_HFPlus_R1L4_17	Saccharomyces cerevisiae	not available	not available	1	K_Bohnsack_070521_210521_HFPlus_R1L4_17	proteomic profiling by mass spectrometry	Data-dependent acquisition	NT=label free sample;AC=MS:1002038	NT=Q Exactive HF;AC=MS:1002523	NT=Trypsin;AC=MS:1001251	NT=Carbamidomethyl;AC=UNIMOD:4;TA=C;MT=Fixed	NT=Oxidation;AC=UNIMOD:35;TA=M;MT=Variable	1	1	K_Bohnsack_070521_210521_HFPlus_R1L4_17.raw	v1.1.0	NT=ms-proteomics;VV=v1.1.0	NT=sdrf-skeleton-gen;VV=v1.0.0
K_Bohnsack_070521_210521_HFPlus_R1L4_18	Saccharomyces cerevisiae	not available	not available	1	K_Bohnsack_070521_210521_HFPlus_R1L4_18	proteomic profiling by mass spectrometry	Data-dependent acquisition	NT=label free sample;AC=MS:1002038	NT=Q Exactive HF;AC=MS:1002523	NT=Trypsin;AC=MS:1001251	NT=Carbamidomethyl;AC=UNIMOD:4;TA=C;MT=Fixed	NT=Oxidation;AC=UNIMOD:35;TA=M;MT=Variable	1	1	K_Bohnsack_070521_210521_HFPlus_R1L4_18.raw	v1.1.0	NT=ms-proteomics;VV=v1.1.0	NT=sdrf-skeleton-gen;VV=v1.0.0
K_Bohnsack_070521_210521_HFPlus_R1L4_19	Saccharomyces cerevisiae	not available	not available	1	K_Bohnsack_070521_210521_HFPlus_R1L4_19	proteomic profiling by mass spectrometry	Data-dependent acquisition	NT=label free sample;AC=MS:1002038	NT=Q Exactive HF;AC=MS:1002523	NT=Trypsin;AC=MS:1001251	NT=Carbamidomethyl;AC=UNIMOD:4;TA=C;MT=Fixed	NT=Oxidation;AC=UNIMOD:35;TA=M;MT=Variable	1	1	K_Bohnsack_070521_210521_HFPlus_R1L4_19.raw	v1.1.0	NT=ms-proteomics;VV=v1.1.0	NT=sdrf-skeleton-gen;VV=v1.0.0
K_Bohnsack_070521_210521_HFPlus_R1L4_2	Saccharomyces cerevisiae	not available	not available	1	K_Bohnsack_070521_210521_HFPlus_R1L4_2	proteomic profiling by mass spectrometry	Data-dependent acquisition	NT=label free sample;AC=MS:1002038	NT=Q Exactive HF;AC=MS:1002523	NT=Trypsin;AC=MS:1001251	NT=Carbamidomethyl;AC=UNIMOD:4;TA=C;MT=Fixed	NT=Oxidation;AC=UNIMOD:35;TA=M;MT=Variable	1	1	K_Bohnsack_070521_210521_HFPlus_R1L4_2.raw	v1.1.0	NT=ms-proteomics;VV=v1.1.0	NT=sdrf-skeleton-gen;VV=v1.0.0
K_Bohnsack_070521_210521_HFPlus_R1L4_20	Saccharomyces cerevisiae	not available	not available	1	K_Bohnsack_070521_210521_HFPlus_R1L4_20	proteomic profiling by mass spectrometry	Data-dependent acquisition	NT=label free sample;AC=MS:1002038	NT=Q Exactive HF;AC=MS:1002523	NT=Trypsin;AC=MS:1001251	NT=Carbamidomethyl;AC=UNIMOD:4;TA=C;MT=Fixed	NT=Oxidation;AC=UNIMOD:35;TA=M;MT=Variable	1	1	K_Bohnsack_070521_210521_HFPlus_R1L4_20.raw	v1.1.0	NT=ms-proteomics;VV=v1.1.0	NT=sdrf-skeleton-gen;VV=v1.0.0
K_Bohnsack_070521_210521_HFPlus_R1L4_21	Saccharomyces cerevisiae	not available	not available	1	K_Bohnsack_070521_210521_HFPlus_R1L4_21	proteomic profiling by mass spectrometry	Data-dependent acquisition	NT=label free sample;AC=MS:1002038	NT=Q Exactive HF;AC=MS:1002523	NT=Trypsin;AC=MS:1001251	NT=Carbamidomethyl;AC=UNIMOD:4;TA=C;MT=Fixed	NT=Oxidation;AC=UNIMOD:35;TA=M;MT=Variable	1	1	K_Bohnsack_070521_210521_HFPlus_R1L4_21.raw	v1.1.0	NT=ms-proteomics;VV=v1.1.0	NT=sdrf-skeleton-gen;VV=v1.0.0
K_Bohnsack_070521_210521_HFPlus_R1L4_22	Saccharomyces cerevisiae	not available	not available	1	K_Bohnsack_070521_210521_HFPlus_R1L4_22	proteomic profiling by mass spectrometry	Data-dependent acquisition	NT=label free sample;AC=MS:1002038	NT=Q Exactive HF;AC=MS:1002523	NT=Trypsin;AC=MS:1001251	NT=Carbamidomethyl;AC=UNIMOD:4;TA=C;MT=Fixed	NT=Oxidation;AC=UNIMOD:35;TA=M;MT=Variable	1	1	K_Bohnsack_070521_210521_HFPlus_R1L4_22.raw	v1.1.0	NT=ms-proteomics;VV=v1.1.0	NT=sdrf-skeleton-gen;VV=v1.0.0
K_Bohnsack_070521_210521_HFPlus_R1L4_3	Saccharomyces cerevisiae	not available	not available	1	K_Bohnsack_070521_210521_HFPlus_R1L4_3	proteomic profiling by mass spectrometry	Data-dependent acquisition	NT=label free sample;AC=MS:1002038	NT=Q Exactive HF;AC=MS:1002523	NT=Trypsin;AC=MS:1001251	NT=Carbamidomethyl;AC=UNIMOD:4;TA=C;MT=Fixed	NT=Oxidation;AC=UNIMOD:35;TA=M;MT=Variable	1	1	K_Bohnsack_070521_210521_HFPlus_R1L4_3.raw	v1.1.0	NT=ms-proteomics;VV=v1.1.0	NT=sdrf-skeleton-gen;VV=v1.0.0
K_Bohnsack_070521_210521_HFPlus_R1L4_4	Saccharomyces cerevisiae	not available	not available	1	K_Bohnsack_070521_210521_HFPlus_R1L4_4	proteomic profiling by mass spectrometry	Data-dependent acquisition	NT=label free sample;AC=MS:1002038	NT=Q Exactive HF;AC=MS:1002523	NT=Trypsin;AC=MS:1001251	NT=Carbamidomethyl;AC=UNIMOD:4;TA=C;MT=Fixed	NT=Oxidation;AC=UNIMOD:35;TA=M;MT=Variable	1	1	K_Bohnsack_070521_210521_HFPlus_R1L4_4.raw	v1.1.0	NT=ms-proteomics;VV=v1.1.0	NT=sdrf-skeleton-gen;VV=v1.0.0
K_Bohnsack_070521_210521_HFPlus_R1L4_5	Saccharomyces cerevisiae	not available	not available	1	K_Bohnsack_070521_210521_HFPlus_R1L4_5	proteomic profiling by mass spectrometry	Data-dependent acquisition	NT=label free sample;AC=MS:1002038	NT=Q Exactive HF;AC=MS:1002523	NT=Trypsin;AC=MS:1001251	NT=Carbamidomethyl;AC=UNIMOD:4;TA=C;MT=Fixed	NT=Oxidation;AC=UNIMOD:35;TA=M;MT=Variable	1	1	K_Bohnsack_070521_210521_HFPlus_R1L4_5.raw	v1.1.0	NT=ms-proteomics;VV=v1.1.0	NT=sdrf-skeleton-gen;VV=v1.0.0
K_Bohnsack_070521_210521_HFPlus_R1L4_6	Saccharomyces cerevisiae	not available	not available	1	K_Bohnsack_070521_210521_HFPlus_R1L4_6	proteomic profiling by mass spectrometry	Data-dependent acquisition	NT=label free sample;AC=MS:1002038	NT=Q Exactive HF;AC=MS:1002523	NT=Trypsin;AC=MS:1001251	NT=Carbamidomethyl;AC=UNIMOD:4;TA=C;MT=Fixed	NT=Oxidation;AC=UNIMOD:35;TA=M;MT=Variable	1	1	K_Bohnsack_070521_210521_HFPlus_R1L4_6.raw	v1.1.0	NT=ms-proteomics;VV=v1.1.0	NT=sdrf-skeleton-gen;VV=v1.0.0
K_Bohnsack_070521_210521_HFPlus_R1L4_7	Saccharomyces cerevisiae	not available	not available	1	K_Bohnsack_070521_210521_HFPlus_R1L4_7	proteomic profiling by mass spectrometry	Data-dependent acquisition	NT=label free sample;AC=MS:1002038	NT=Q Exactive HF;AC=MS:1002523	NT=Trypsin;AC=MS:1001251	NT=Carbamidomethyl;AC=UNIMOD:4;TA=C;MT=Fixed	NT=Oxidation;AC=UNIMOD:35;TA=M;MT=Variable	1	1	K_Bohnsack_070521_210521_HFPlus_R1L4_7.raw	v1.1.0	NT=ms-proteomics;VV=v1.1.0	NT=sdrf-skeleton-gen;VV=v1.0.0
K_Bohnsack_070521_210521_HFPlus_R1L4_8	Saccharomyces cerevisiae	not available	not available	1	K_Bohnsack_070521_210521_HFPlus_R1L4_8	proteomic profiling by mass spectrometry	Data-dependent acquisition	NT=label free sample;AC=MS:1002038	NT=Q Exactive HF;AC=MS:1002523	NT=Trypsin;AC=MS:1001251	NT=Carbamidomethyl;AC=UNIMOD:4;TA=C;MT=Fixed	NT=Oxidation;AC=UNIMOD:35;TA=M;MT=Variable	1	1	K_Bohnsack_070521_210521_HFPlus_R1L4_8.raw	v1.1.0	NT=ms-proteomics;VV=v1.1.0	NT=sdrf-skeleton-gen;VV=v1.0.0
K_Bohnsack_070521_210521_HFPlus_R1L4_9	Saccharomyces cerevisiae	not available	not available	1	K_Bohnsack_070521_210521_HFPlus_R1L4_9	proteomic profiling by mass spectrometry	Data-dependent acquisition	NT=label free sample;AC=MS:1002038	NT=Q Exactive HF;AC=MS:1002523	NT=Trypsin;AC=MS:1001251	NT=Carbamidomethyl;AC=UNIMOD:4;TA=C;MT=Fixed	NT=Oxidation;AC=UNIMOD:35;TA=M;MT=Variable	1	1	K_Bohnsack_070521_210521_HFPlus_R1L4_9.raw	v1.1.0	NT=ms-proteomics;VV=v1.1.0	NT=sdrf-skeleton-gen;VV=v1.0.0
K_Bohnsack_070521_210521_HFPlus_R2L4_1	Saccharomyces cerevisiae	not available	not available	1	K_Bohnsack_070521_210521_HFPlus_R2L4_1	proteomic profiling by mass spectrometry	Data-dependent acquisition	NT=label free sample;AC=MS:1002038	NT=Q Exactive HF;AC=MS:1002523	NT=Trypsin;AC=MS:1001251	NT=Carbamidomethyl;AC=UNIMOD:4;TA=C;MT=Fixed	NT=Oxidation;AC=UNIMOD:35;TA=M;MT=Variable	1	1	K_Bohnsack_070521_210521_HFPlus_R2L4_1.raw	v1.1.0	NT=ms-proteomics;VV=v1.1.0	NT=sdrf-skeleton-gen;VV=v1.0.0
K_Bohnsack_070521_210521_HFPlus_R2L4_10	Saccharomyces cerevisiae	not available	not available	1	K_Bohnsack_070521_210521_HFPlus_R2L4_10	proteomic profiling by mass spectrometry	Data-dependent acquisition	NT=label free sample;AC=MS:1002038	NT=Q Exactive HF;AC=MS:1002523	NT=Trypsin;AC=MS:1001251	NT=Carbamidomethyl;AC=UNIMOD:4;TA=C;MT=Fixed	NT=Oxidation;AC=UNIMOD:35;TA=M;MT=Variable	1	1	K_Bohnsack_070521_210521_HFPlus_R2L4_10.raw	v1.1.0	NT=ms-proteomics;VV=v1.1.0	NT=sdrf-skeleton-gen;VV=v1.0.0
K_Bohnsack_070521_210521_HFPlus_R2L4_11	Saccharomyces cerevisiae	not available	not available	1	K_Bohnsack_070521_210521_HFPlus_R2L4_11	proteomic profiling by mass spectrometry	Data-dependent acquisition	NT=label free sample;AC=MS:1002038	NT=Q Exactive HF;AC=MS:1002523	NT=Trypsin;AC=MS:1001251	NT=Carbamidomethyl;AC=UNIMOD:4;TA=C;MT=Fixed	NT=Oxidation;AC=UNIMOD:35;TA=M;MT=Variable	1	1	K_Bohnsack_070521_210521_HFPlus_R2L4_11.raw	v1.1.0	NT=ms-proteomics;VV=v1.1.0	NT=sdrf-skeleton-gen;VV=v1.0.0
K_Bohnsack_070521_210521_HFPlus_R2L4_12	Saccharomyces cerevisiae	not available	not available	1	K_Bohnsack_070521_210521_HFPlus_R2L4_12	proteomic profiling by mass spectrometry	Data-dependent acquisition	NT=label free sample;AC=MS:1002038	NT=Q Exactive HF;AC=MS:1002523	NT=Trypsin;AC=MS:1001251	NT=Carbamidomethyl;AC=UNIMOD:4;TA=C;MT=Fixed	NT=Oxidation;AC=UNIMOD:35;TA=M;MT=Variable	1	1	K_Bohnsack_070521_210521_HFPlus_R2L4_12.raw	v1.1.0	NT=ms-proteomics;VV=v1.1.0	NT=sdrf-skeleton-gen;VV=v1.0.0
K_Bohnsack_070521_210521_HFPlus_R2L4_13	Saccharomyces cerevisiae	not available	not available	1	K_Bohnsack_070521_210521_HFPlus_R2L4_13	proteomic profiling by mass spectrometry	Data-dependent acquisition	NT=label free sample;AC=MS:1002038	NT=Q Exactive HF;AC=MS:1002523	NT=Trypsin;AC=MS:1001251	NT=Carbamidomethyl;AC=UNIMOD:4;TA=C;MT=Fixed	NT=Oxidation;AC=UNIMOD:35;TA=M;MT=Variable	1	1	K_Bohnsack_070521_210521_HFPlus_R2L4_13.raw	v1.1.0	NT=ms-proteomics;VV=v1.1.0	NT=sdrf-skeleton-gen;VV=v1.0.0
K_Bohnsack_070521_210521_HFPlus_R2L4_14	Saccharomyces cerevisiae	not available	not available	1	K_Bohnsack_070521_210521_HFPlus_R2L4_14	proteomic profiling by mass spectrometry	Data-dependent acquisition	NT=label free sample;AC=MS:1002038	NT=Q Exactive HF;AC=MS:1002523	NT=Trypsin;AC=MS:1001251	NT=Carbamidomethyl;AC=UNIMOD:4;TA=C;MT=Fixed	NT=Oxidation;AC=UNIMOD:35;TA=M;MT=Variable	1	1	K_Bohnsack_070521_210521_HFPlus_R2L4_14.raw	v1.1.0	NT=ms-proteomics;VV=v1.1.0	NT=sdrf-skeleton-gen;VV=v1.0.0
K_Bohnsack_070521_210521_HFPlus_R2L4_15	Saccharomyces cerevisiae	not available	not available	1	K_Bohnsack_070521_210521_HFPlus_R2L4_15	proteomic profiling by mass spectrometry	Data-dependent acquisition	NT=label free sample;AC=MS:1002038	NT=Q Exactive HF;AC=MS:1002523	NT=Trypsin;AC=MS:1001251	NT=Carbamidomethyl;AC=UNIMOD:4;TA=C;MT=Fixed	NT=Oxidation;AC=UNIMOD:35;TA=M;MT=Variable	1	1	K_Bohnsack_070521_210521_HFPlus_R2L4_15.raw	v1.1.0	NT=ms-proteomics;VV=v1.1.0	NT=sdrf-skeleton-gen;VV=v1.0.0
K_Bohnsack_070521_210521_HFPlus_R2L4_16	Saccharomyces cerevisiae	not available	not available	1	K_Bohnsack_070521_210521_HFPlus_R2L4_16	proteomic profiling by mass spectrometry	Data-dependent acquisition	NT=label free sample;AC=MS:1002038	NT=Q Exactive HF;AC=MS:1002523	NT=Trypsin;AC=MS:1001251	NT=Carbamidomethyl;AC=UNIMOD:4;TA=C;MT=Fixed	NT=Oxidation;AC=UNIMOD:35;TA=M;MT=Variable	1	1	K_Bohnsack_070521_210521_HFPlus_R2L4_16.raw	v1.1.0	NT=ms-proteomics;VV=v1.1.0	NT=sdrf-skeleton-gen;VV=v1.0.0
K_Bohnsack_070521_210521_HFPlus_R2L4_17	Saccharomyces cerevisiae	not available	not available	1	K_Bohnsack_070521_210521_HFPlus_R2L4_17	proteomic profiling by mass spectrometry	Data-dependent acquisition	NT=label free sample;AC=MS:1002038	NT=Q Exactive HF;AC=MS:1002523	NT=Trypsin;AC=MS:1001251	NT=Carbamidomethyl;AC=UNIMOD:4;TA=C;MT=Fixed	NT=Oxidation;AC=UNIMOD:35;TA=M;MT=Variable	1	1	K_Bohnsack_070521_210521_HFPlus_R2L4_17.raw	v1.1.0	NT=ms-proteomics;VV=v1.1.0	NT=sdrf-skeleton-gen;VV=v1.0.0
K_Bohnsack_070521_210521_HFPlus_R2L4_18	Saccharomyces cerevisiae	not available	not available	1	K_Bohnsack_070521_210521_HFPlus_R2L4_18	proteomic profiling by mass spectrometry	Data-dependent acquisition	NT=label free sample;AC=MS:1002038	NT=Q Exactive HF;AC=MS:1002523	NT=Trypsin;AC=MS:1001251	NT=Carbamidomethyl;AC=UNIMOD:4;TA=C;MT=Fixed	NT=Oxidation;AC=UNIMOD:35;TA=M;MT=Variable	1	1	K_Bohnsack_070521_210521_HFPlus_R2L4_18.raw	v1.1.0	NT=ms-proteomics;VV=v1.1.0	NT=sdrf-skeleton-gen;VV=v1.0.0
K_Bohnsack_070521_210521_HFPlus_R2L4_19	Saccharomyces cerevisiae	not available	not available	1	K_Bohnsack_070521_210521_HFPlus_R2L4_19	proteomic profiling by mass spectrometry	Data-dependent acquisition	NT=label free sample;AC=MS:1002038	NT=Q Exactive HF;AC=MS:1002523	NT=Trypsin;AC=MS:1001251	NT=Carbamidomethyl;AC=UNIMOD:4;TA=C;MT=Fixed	NT=Oxidation;AC=UNIMOD:35;TA=M;MT=Variable	1	1	K_Bohnsack_070521_210521_HFPlus_R2L4_19.raw	v1.1.0	NT=ms-proteomics;VV=v1.1.0	NT=sdrf-skeleton-gen;VV=v1.0.0
K_Bohnsack_070521_210521_HFPlus_R2L4_2	Saccharomyces cerevisiae	not available	not available	1	K_Bohnsack_070521_210521_HFPlus_R2L4_2	proteomic profiling by mass spectrometry	Data-dependent acquisition	NT=label free sample;AC=MS:1002038	NT=Q Exactive HF;AC=MS:1002523	NT=Trypsin;AC=MS:1001251	NT=Carbamidomethyl;AC=UNIMOD:4;TA=C;MT=Fixed	NT=Oxidation;AC=UNIMOD:35;TA=M;MT=Variable	1	1	K_Bohnsack_070521_210521_HFPlus_R2L4_2.raw	v1.1.0	NT=ms-proteomics;VV=v1.1.0	NT=sdrf-skeleton-gen;VV=v1.0.0
K_Bohnsack_070521_210521_HFPlus_R2L4_20	Saccharomyces cerevisiae	not available	not available	1	K_Bohnsack_070521_210521_HFPlus_R2L4_20	proteomic profiling by mass spectrometry	Data-dependent acquisition	NT=label free sample;AC=MS:1002038	NT=Q Exactive HF;AC=MS:1002523	NT=Trypsin;AC=MS:1001251	NT=Carbamidomethyl;AC=UNIMOD:4;TA=C;MT=Fixed	NT=Oxidation;AC=UNIMOD:35;TA=M;MT=Variable	1	1	K_Bohnsack_070521_210521_HFPlus_R2L4_20.raw	v1.1.0	NT=ms-proteomics;VV=v1.1.0	NT=sdrf-skeleton-gen;VV=v1.0.0
K_Bohnsack_070521_210521_HFPlus_R2L4_21	Saccharomyces cerevisiae	not available	not available	1	K_Bohnsack_070521_210521_HFPlus_R2L4_21	proteomic profiling by mass spectrometry	Data-dependent acquisition	NT=label free sample;AC=MS:1002038	NT=Q Exactive HF;AC=MS:1002523	NT=Trypsin;AC=MS:1001251	NT=Carbamidomethyl;AC=UNIMOD:4;TA=C;MT=Fixed	NT=Oxidation;AC=UNIMOD:35;TA=M;MT=Variable	1	1	K_Bohnsack_070521_210521_HFPlus_R2L4_21.raw	v1.1.0	NT=ms-proteomics;VV=v1.1.0	NT=sdrf-skeleton-gen;VV=v1.0.0
K_Bohnsack_070521_210521_HFPlus_R2L4_22	Saccharomyces cerevisiae	not available	not available	1	K_Bohnsack_070521_210521_HFPlus_R2L4_22	proteomic profiling by mass spectrometry	Data-dependent acquisition	NT=label free sample;AC=MS:1002038	NT=Q Exactive HF;AC=MS:1002523	NT=Trypsin;AC=MS:1001251	NT=Carbamidomethyl;AC=UNIMOD:4;TA=C;MT=Fixed	NT=Oxidation;AC=UNIMOD:35;TA=M;MT=Variable	1	1	K_Bohnsack_070521_210521_HFPlus_R2L4_22.raw	v1.1.0	NT=ms-proteomics;VV=v1.1.0	NT=sdrf-skeleton-gen;VV=v1.0.0
K_Bohnsack_070521_210521_HFPlus_R2L4_3	Saccharomyces cerevisiae	not available	not available	1	K_Bohnsack_070521_210521_HFPlus_R2L4_3	proteomic profiling by mass spectrometry	Data-dependent acquisition	NT=label free sample;AC=MS:1002038	NT=Q Exactive HF;AC=MS:1002523	NT=Trypsin;AC=MS:1001251	NT=Carbamidomethyl;AC=UNIMOD:4;TA=C;MT=Fixed	NT=Oxidation;AC=UNIMOD:35;TA=M;MT=Variable	1	1	K_Bohnsack_070521_210521_HFPlus_R2L4_3.raw	v1.1.0	NT=ms-proteomics;VV=v1.1.0	NT=sdrf-skeleton-gen;VV=v1.0.0
K_Bohnsack_070521_210521_HFPlus_R2L4_4	Saccharomyces cerevisiae	not available	not available	1	K_Bohnsack_070521_210521_HFPlus_R2L4_4	proteomic profiling by mass spectrometry	Data-dependent acquisition	NT=label free sample;AC=MS:1002038	NT=Q Exactive HF;AC=MS:1002523	NT=Trypsin;AC=MS:1001251	NT=Carbamidomethyl;AC=UNIMOD:4;TA=C;MT=Fixed	NT=Oxidation;AC=UNIMOD:35;TA=M;MT=Variable	1	1	K_Bohnsack_070521_210521_HFPlus_R2L4_4.raw	v1.1.0	NT=ms-proteomics;VV=v1.1.0	NT=sdrf-skeleton-gen;VV=v1.0.0
K_Bohnsack_070521_210521_HFPlus_R2L4_5	Saccharomyces cerevisiae	not available	not available	1	K_Bohnsack_070521_210521_HFPlus_R2L4_5	proteomic profiling by mass spectrometry	Data-dependent acquisition	NT=label free sample;AC=MS:1002038	NT=Q Exactive HF;AC=MS:1002523	NT=Trypsin;AC=MS:1001251	NT=Carbamidomethyl;AC=UNIMOD:4;TA=C;MT=Fixed	NT=Oxidation;AC=UNIMOD:35;TA=M;MT=Variable	1	1	K_Bohnsack_070521_210521_HFPlus_R2L4_5.raw	v1.1.0	NT=ms-proteomics;VV=v1.1.0	NT=sdrf-skeleton-gen;VV=v1.0.0
K_Bohnsack_070521_210521_HFPlus_R2L4_6	Saccharomyces cerevisiae	not available	not available	1	K_Bohnsack_070521_210521_HFPlus_R2L4_6	proteomic profiling by mass spectrometry	Data-dependent acquisition	NT=label free sample;AC=MS:1002038	NT=Q Exactive HF;AC=MS:1002523	NT=Trypsin;AC=MS:1001251	NT=Carbamidomethyl;AC=UNIMOD:4;TA=C;MT=Fixed	NT=Oxidation;AC=UNIMOD:35;TA=M;MT=Variable	1	1	K_Bohnsack_070521_210521_HFPlus_R2L4_6.raw	v1.1.0	NT=ms-proteomics;VV=v1.1.0	NT=sdrf-skeleton-gen;VV=v1.0.0
K_Bohnsack_070521_210521_HFPlus_R2L4_7	Saccharomyces cerevisiae	not available	not available	1	K_Bohnsack_070521_210521_HFPlus_R2L4_7	proteomic profiling by mass spectrometry	Data-dependent acquisition	NT=label free sample;AC=MS:1002038	NT=Q Exactive HF;AC=MS:1002523	NT=Trypsin;AC=MS:1001251	NT=Carbamidomethyl;AC=UNIMOD:4;TA=C;MT=Fixed	NT=Oxidation;AC=UNIMOD:35;TA=M;MT=Variable	1	1	K_Bohnsack_070521_210521_HFPlus_R2L4_7.raw	v1.1.0	NT=ms-proteomics;VV=v1.1.0	NT=sdrf-skeleton-gen;VV=v1.0.0
K_Bohnsack_070521_210521_HFPlus_R2L4_8	Saccharomyces cerevisiae	not available	not available	1	K_Bohnsack_070521_210521_HFPlus_R2L4_8	proteomic profiling by mass spectrometry	Data-dependent acquisition	NT=label free sample;AC=MS:1002038	NT=Q Exactive HF;AC=MS:1002523	NT=Trypsin;AC=MS:1001251	NT=Carbamidomethyl;AC=UNIMOD:4;TA=C;MT=Fixed	NT=Oxidation;AC=UNIMOD:35;TA=M;MT=Variable	1	1	K_Bohnsack_070521_210521_HFPlus_R2L4_8.raw	v1.1.0	NT=ms-proteomics;VV=v1.1.0	NT=sdrf-skeleton-gen;VV=v1.0.0
K_Bohnsack_070521_210521_HFPlus_R2L4_9	Saccharomyces cerevisiae	not available	not available	1	K_Bohnsack_070521_210521_HFPlus_R2L4_9	proteomic profiling by mass spectrometry	Data-dependent acquisition	NT=label free sample;AC=MS:1002038	NT=Q Exactive HF;AC=MS:1002523	NT=Trypsin;AC=MS:1001251	NT=Carbamidomethyl;AC=UNIMOD:4;TA=C;MT=Fixed	NT=Oxidation;AC=UNIMOD:35;TA=M;MT=Variable	1	1	K_Bohnsack_070521_210521_HFPlus_R2L4_9.raw	v1.1.0	NT=ms-proteomics;VV=v1.1.0	NT=sdrf-skeleton-gen;VV=v1.0.0
