source name	characteristics[organism]	characteristics[organism part]	characteristics[cell type]	characteristics[disease]	characteristics[biological replicate]	assay name	technology type	comment[proteomics data acquisition method]	comment[label]	comment[instrument]	comment[modification parameters]	comment[modification parameters]	comment[cleavage agent details]	comment[dissociation method]	comment[precursor mass tolerance]	comment[fragment mass tolerance]	comment[reduction reagent]	comment[alkylation reagent]	comment[fraction identifier]	comment[technical replicate]	comment[data file]	comment[file uri]	comment[sdrf version]	comment[sdrf template]	comment[sdrf template]	comment[sdrf annotation tool]
20241129_100_S841081_C9POD5_Control_POD5.d.zip	homo sapiens	not available	not applicable	not available	1	20241129_100_S841081_C9POD5_Control_POD5.d.zip	proteomic profiling by mass spectrometry	Data-independent acquisition	NT=label free sample;AC=MS:1002038	NT=timstof pro;AC=MS:1003005	NT=Phospho;AC=UNIMOD:21;TA=S,T,Y;MT=Variable	NT=Oxidation;AC=UNIMOD:35;TA=M;MT=Variable	NT=Trypsin;AC=MS:1001251	NT=collision-induced dissociation;AC=MS:1000133	15 ppm	15 ppm	tris(2-carboxyethyl)phosphine (tcep)	chloroacetamide (claa)	1	1	20241129_100_S841081_C9POD5_Control_POD5.d.zip	ftp://ftp.pride.ebi.ac.uk/pride/data/archive/2026/09/PXD082236/20241129_100_S841081_C9POD5_Control_POD5.d.zip	v1.1.0	NT=ms-proteomics;VV=v1.1.0	NT=dia-acquisition;VV=v1.1.0	manual curation
20241129_095_S841040_L15POD4_Diseased_POD4.d.zip	homo sapiens	not available	not applicable	not available	1	20241129_095_S841040_L15POD4_Diseased_POD4.d.zip	proteomic profiling by mass spectrometry	Data-independent acquisition	NT=label free sample;AC=MS:1002038	NT=timstof pro;AC=MS:1003005	NT=Phospho;AC=UNIMOD:21;TA=S,T,Y;MT=Variable	NT=Oxidation;AC=UNIMOD:35;TA=M;MT=Variable	NT=Trypsin;AC=MS:1001251	NT=collision-induced dissociation;AC=MS:1000133	15 ppm	15 ppm	tris(2-carboxyethyl)phosphine (tcep)	chloroacetamide (claa)	1	1	20241129_095_S841040_L15POD4_Diseased_POD4.d.zip	ftp://ftp.pride.ebi.ac.uk/pride/data/archive/2026/09/PXD082236/20241129_095_S841040_L15POD4_Diseased_POD4.d.zip	v1.1.0	NT=ms-proteomics;VV=v1.1.0	NT=dia-acquisition;VV=v1.1.0	manual curation
20241129_025_S841127_C19POD3_Control_POD3.d.zip	homo sapiens	not available	not applicable	not available	1	20241129_025_S841127_C19POD3_Control_POD3.d.zip	proteomic profiling by mass spectrometry	Data-independent acquisition	NT=label free sample;AC=MS:1002038	NT=timstof pro;AC=MS:1003005	NT=Phospho;AC=UNIMOD:21;TA=S,T,Y;MT=Variable	NT=Oxidation;AC=UNIMOD:35;TA=M;MT=Variable	NT=Trypsin;AC=MS:1001251	NT=collision-induced dissociation;AC=MS:1000133	15 ppm	15 ppm	tris(2-carboxyethyl)phosphine (tcep)	chloroacetamide (claa)	1	1	20241129_025_S841127_C19POD3_Control_POD3.d.zip	ftp://ftp.pride.ebi.ac.uk/pride/data/archive/2026/09/PXD082236/20241129_025_S841127_C19POD3_Control_POD3.d.zip	v1.1.0	NT=ms-proteomics;VV=v1.1.0	NT=dia-acquisition;VV=v1.1.0	manual curation
20241129_153_S840983_L2POD3_Diseased_POD3.d.zip	homo sapiens	not available	not applicable	not available	1	20241129_153_S840983_L2POD3_Diseased_POD3.d.zip	proteomic profiling by mass spectrometry	Data-independent acquisition	NT=label free sample;AC=MS:1002038	NT=timstof pro;AC=MS:1003005	NT=Phospho;AC=UNIMOD:21;TA=S,T,Y;MT=Variable	NT=Oxidation;AC=UNIMOD:35;TA=M;MT=Variable	NT=Trypsin;AC=MS:1001251	NT=collision-induced dissociation;AC=MS:1000133	15 ppm	15 ppm	tris(2-carboxyethyl)phosphine (tcep)	chloroacetamide (claa)	1	1	20241129_153_S840983_L2POD3_Diseased_POD3.d.zip	ftp://ftp.pride.ebi.ac.uk/pride/data/archive/2026/09/PXD082236/20241129_153_S840983_L2POD3_Diseased_POD3.d.zip	v1.1.0	NT=ms-proteomics;VV=v1.1.0	NT=dia-acquisition;VV=v1.1.0	manual curation
20241129_155_S841060_C5POD1_Control_POD1.d.zip	homo sapiens	not available	not applicable	not available	1	20241129_155_S841060_C5POD1_Control_POD1.d.zip	proteomic profiling by mass spectrometry	Data-independent acquisition	NT=label free sample;AC=MS:1002038	NT=timstof pro;AC=MS:1003005	NT=Phospho;AC=UNIMOD:21;TA=S,T,Y;MT=Variable	NT=Oxidation;AC=UNIMOD:35;TA=M;MT=Variable	NT=Trypsin;AC=MS:1001251	NT=collision-induced dissociation;AC=MS:1000133	15 ppm	15 ppm	tris(2-carboxyethyl)phosphine (tcep)	chloroacetamide (claa)	1	1	20241129_155_S841060_C5POD1_Control_POD1.d.zip	ftp://ftp.pride.ebi.ac.uk/pride/data/archive/2026/09/PXD082236/20241129_155_S841060_C5POD1_Control_POD1.d.zip	v1.1.0	NT=ms-proteomics;VV=v1.1.0	NT=dia-acquisition;VV=v1.1.0	manual curation
20241129_097_S840987_L3POD4_Diseased_POD4.d.zip	homo sapiens	not available	not applicable	not available	1	20241129_097_S840987_L3POD4_Diseased_POD4.d.zip	proteomic profiling by mass spectrometry	Data-independent acquisition	NT=label free sample;AC=MS:1002038	NT=timstof pro;AC=MS:1003005	NT=Phospho;AC=UNIMOD:21;TA=S,T,Y;MT=Variable	NT=Oxidation;AC=UNIMOD:35;TA=M;MT=Variable	NT=Trypsin;AC=MS:1001251	NT=collision-induced dissociation;AC=MS:1000133	15 ppm	15 ppm	tris(2-carboxyethyl)phosphine (tcep)	chloroacetamide (claa)	1	1	20241129_097_S840987_L3POD4_Diseased_POD4.d.zip	ftp://ftp.pride.ebi.ac.uk/pride/data/archive/2026/09/PXD082236/20241129_097_S840987_L3POD4_Diseased_POD4.d.zip	v1.1.0	NT=ms-proteomics;VV=v1.1.0	NT=dia-acquisition;VV=v1.1.0	manual curation
20241129_023_S841012_L10POD1_Diseased_POD1.d.zip	homo sapiens	not available	not applicable	not available	1	20241129_023_S841012_L10POD1_Diseased_POD1.d.zip	proteomic profiling by mass spectrometry	Data-independent acquisition	NT=label free sample;AC=MS:1002038	NT=timstof pro;AC=MS:1003005	NT=Phospho;AC=UNIMOD:21;TA=S,T,Y;MT=Variable	NT=Oxidation;AC=UNIMOD:35;TA=M;MT=Variable	NT=Trypsin;AC=MS:1001251	NT=collision-induced dissociation;AC=MS:1000133	15 ppm	15 ppm	tris(2-carboxyethyl)phosphine (tcep)	chloroacetamide (claa)	1	1	20241129_023_S841012_L10POD1_Diseased_POD1.d.zip	ftp://ftp.pride.ebi.ac.uk/pride/data/archive/2026/09/PXD082236/20241129_023_S841012_L10POD1_Diseased_POD1.d.zip	v1.1.0	NT=ms-proteomics;VV=v1.1.0	NT=dia-acquisition;VV=v1.1.0	manual curation
20241129_031_S840995_L6POD2_Diseased_POD2.d.zip	homo sapiens	not available	not applicable	not available	1	20241129_031_S840995_L6POD2_Diseased_POD2.d.zip	proteomic profiling by mass spectrometry	Data-independent acquisition	NT=label free sample;AC=MS:1002038	NT=timstof pro;AC=MS:1003005	NT=Phospho;AC=UNIMOD:21;TA=S,T,Y;MT=Variable	NT=Oxidation;AC=UNIMOD:35;TA=M;MT=Variable	NT=Trypsin;AC=MS:1001251	NT=collision-induced dissociation;AC=MS:1000133	15 ppm	15 ppm	tris(2-carboxyethyl)phosphine (tcep)	chloroacetamide (claa)	1	1	20241129_031_S840995_L6POD2_Diseased_POD2.d.zip	ftp://ftp.pride.ebi.ac.uk/pride/data/archive/2026/09/PXD082236/20241129_031_S840995_L6POD2_Diseased_POD2.d.zip	v1.1.0	NT=ms-proteomics;VV=v1.1.0	NT=dia-acquisition;VV=v1.1.0	manual curation
20241129_036_S841107_C15POD3_Control_POD3.d.zip	homo sapiens	not available	not applicable	not available	1	20241129_036_S841107_C15POD3_Control_POD3.d.zip	proteomic profiling by mass spectrometry	Data-independent acquisition	NT=label free sample;AC=MS:1002038	NT=timstof pro;AC=MS:1003005	NT=Phospho;AC=UNIMOD:21;TA=S,T,Y;MT=Variable	NT=Oxidation;AC=UNIMOD:35;TA=M;MT=Variable	NT=Trypsin;AC=MS:1001251	NT=collision-induced dissociation;AC=MS:1000133	15 ppm	15 ppm	tris(2-carboxyethyl)phosphine (tcep)	chloroacetamide (claa)	1	1	20241129_036_S841107_C15POD3_Control_POD3.d.zip	ftp://ftp.pride.ebi.ac.uk/pride/data/archive/2026/09/PXD082236/20241129_036_S841107_C15POD3_Control_POD3.d.zip	v1.1.0	NT=ms-proteomics;VV=v1.1.0	NT=dia-acquisition;VV=v1.1.0	manual curation
20241129_043_S841038_L15POD2_Diseased_POD2.d.zip	homo sapiens	not available	not applicable	not available	1	20241129_043_S841038_L15POD2_Diseased_POD2.d.zip	proteomic profiling by mass spectrometry	Data-independent acquisition	NT=label free sample;AC=MS:1002038	NT=timstof pro;AC=MS:1003005	NT=Phospho;AC=UNIMOD:21;TA=S,T,Y;MT=Variable	NT=Oxidation;AC=UNIMOD:35;TA=M;MT=Variable	NT=Trypsin;AC=MS:1001251	NT=collision-induced dissociation;AC=MS:1000133	15 ppm	15 ppm	tris(2-carboxyethyl)phosphine (tcep)	chloroacetamide (claa)	1	1	20241129_043_S841038_L15POD2_Diseased_POD2.d.zip	ftp://ftp.pride.ebi.ac.uk/pride/data/archive/2026/09/PXD082236/20241129_043_S841038_L15POD2_Diseased_POD2.d.zip	v1.1.0	NT=ms-proteomics;VV=v1.1.0	NT=dia-acquisition;VV=v1.1.0	manual curation
20241129_004_S840996_L6POD3_Diseased_POD3.d.zip	homo sapiens	not available	not applicable	not available	1	20241129_004_S840996_L6POD3_Diseased_POD3.d.zip	proteomic profiling by mass spectrometry	Data-independent acquisition	NT=label free sample;AC=MS:1002038	NT=timstof pro;AC=MS:1003005	NT=Phospho;AC=UNIMOD:21;TA=S,T,Y;MT=Variable	NT=Oxidation;AC=UNIMOD:35;TA=M;MT=Variable	NT=Trypsin;AC=MS:1001251	NT=collision-induced dissociation;AC=MS:1000133	15 ppm	15 ppm	tris(2-carboxyethyl)phosphine (tcep)	chloroacetamide (claa)	1	1	20241129_004_S840996_L6POD3_Diseased_POD3.d.zip	ftp://ftp.pride.ebi.ac.uk/pride/data/archive/2026/09/PXD082236/20241129_004_S840996_L6POD3_Diseased_POD3.d.zip	v1.1.0	NT=ms-proteomics;VV=v1.1.0	NT=dia-acquisition;VV=v1.1.0	manual curation
20241129_047_S841007_L9POD1_Diseased_POD1.d.zip	homo sapiens	not available	not applicable	not available	1	20241129_047_S841007_L9POD1_Diseased_POD1.d.zip	proteomic profiling by mass spectrometry	Data-independent acquisition	NT=label free sample;AC=MS:1002038	NT=timstof pro;AC=MS:1003005	NT=Phospho;AC=UNIMOD:21;TA=S,T,Y;MT=Variable	NT=Oxidation;AC=UNIMOD:35;TA=M;MT=Variable	NT=Trypsin;AC=MS:1001251	NT=collision-induced dissociation;AC=MS:1000133	15 ppm	15 ppm	tris(2-carboxyethyl)phosphine (tcep)	chloroacetamide (claa)	1	1	20241129_047_S841007_L9POD1_Diseased_POD1.d.zip	ftp://ftp.pride.ebi.ac.uk/pride/data/archive/2026/09/PXD082236/20241129_047_S841007_L9POD1_Diseased_POD1.d.zip	v1.1.0	NT=ms-proteomics;VV=v1.1.0	NT=dia-acquisition;VV=v1.1.0	manual curation
20241129_147_S841005_L8POD4_Diseased_POD4.d.zip	homo sapiens	not available	not applicable	not available	1	20241129_147_S841005_L8POD4_Diseased_POD4.d.zip	proteomic profiling by mass spectrometry	Data-independent acquisition	NT=label free sample;AC=MS:1002038	NT=timstof pro;AC=MS:1003005	NT=Phospho;AC=UNIMOD:21;TA=S,T,Y;MT=Variable	NT=Oxidation;AC=UNIMOD:35;TA=M;MT=Variable	NT=Trypsin;AC=MS:1001251	NT=collision-induced dissociation;AC=MS:1000133	15 ppm	15 ppm	tris(2-carboxyethyl)phosphine (tcep)	chloroacetamide (claa)	1	1	20241129_147_S841005_L8POD4_Diseased_POD4.d.zip	ftp://ftp.pride.ebi.ac.uk/pride/data/archive/2026/09/PXD082236/20241129_147_S841005_L8POD4_Diseased_POD4.d.zip	v1.1.0	NT=ms-proteomics;VV=v1.1.0	NT=dia-acquisition;VV=v1.1.0	manual curation
20241129_117_S840978_L1POD3_Diseased_POD3.d.zip	homo sapiens	not available	not applicable	not available	1	20241129_117_S840978_L1POD3_Diseased_POD3.d.zip	proteomic profiling by mass spectrometry	Data-independent acquisition	NT=label free sample;AC=MS:1002038	NT=timstof pro;AC=MS:1003005	NT=Phospho;AC=UNIMOD:21;TA=S,T,Y;MT=Variable	NT=Oxidation;AC=UNIMOD:35;TA=M;MT=Variable	NT=Trypsin;AC=MS:1001251	NT=collision-induced dissociation;AC=MS:1000133	15 ppm	15 ppm	tris(2-carboxyethyl)phosphine (tcep)	chloroacetamide (claa)	1	1	20241129_117_S840978_L1POD3_Diseased_POD3.d.zip	ftp://ftp.pride.ebi.ac.uk/pride/data/archive/2026/09/PXD082236/20241129_117_S840978_L1POD3_Diseased_POD3.d.zip	v1.1.0	NT=ms-proteomics;VV=v1.1.0	NT=dia-acquisition;VV=v1.1.0	manual curation
20241129_141r_S841054_C3POD5_Control_POD5.d.zip	homo sapiens	not available	not applicable	not available	1	20241129_141r_S841054_C3POD5_Control_POD5.d.zip	proteomic profiling by mass spectrometry	Data-independent acquisition	NT=label free sample;AC=MS:1002038	NT=timstof pro;AC=MS:1003005	NT=Phospho;AC=UNIMOD:21;TA=S,T,Y;MT=Variable	NT=Oxidation;AC=UNIMOD:35;TA=M;MT=Variable	NT=Trypsin;AC=MS:1001251	NT=collision-induced dissociation;AC=MS:1000133	15 ppm	15 ppm	tris(2-carboxyethyl)phosphine (tcep)	chloroacetamide (claa)	1	1	20241129_141r_S841054_C3POD5_Control_POD5.d.zip	ftp://ftp.pride.ebi.ac.uk/pride/data/archive/2026/09/PXD082236/20241129_141r_S841054_C3POD5_Control_POD5.d.zip	v1.1.0	NT=ms-proteomics;VV=v1.1.0	NT=dia-acquisition;VV=v1.1.0	manual curation
20241129_024r_S841058_C4POD4_Control_POD4.d.zip	homo sapiens	not available	not applicable	not available	1	20241129_024r_S841058_C4POD4_Control_POD4.d.zip	proteomic profiling by mass spectrometry	Data-independent acquisition	NT=label free sample;AC=MS:1002038	NT=timstof pro;AC=MS:1003005	NT=Phospho;AC=UNIMOD:21;TA=S,T,Y;MT=Variable	NT=Oxidation;AC=UNIMOD:35;TA=M;MT=Variable	NT=Trypsin;AC=MS:1001251	NT=collision-induced dissociation;AC=MS:1000133	15 ppm	15 ppm	tris(2-carboxyethyl)phosphine (tcep)	chloroacetamide (claa)	1	1	20241129_024r_S841058_C4POD4_Control_POD4.d.zip	ftp://ftp.pride.ebi.ac.uk/pride/data/archive/2026/09/PXD082236/20241129_024r_S841058_C4POD4_Control_POD4.d.zip	v1.1.0	NT=ms-proteomics;VV=v1.1.0	NT=dia-acquisition;VV=v1.1.0	manual curation
20241129_104_S840994_L6POD1_Diseased_POD1.d.zip	homo sapiens	not available	not applicable	not available	1	20241129_104_S840994_L6POD1_Diseased_POD1.d.zip	proteomic profiling by mass spectrometry	Data-independent acquisition	NT=label free sample;AC=MS:1002038	NT=timstof pro;AC=MS:1003005	NT=Phospho;AC=UNIMOD:21;TA=S,T,Y;MT=Variable	NT=Oxidation;AC=UNIMOD:35;TA=M;MT=Variable	NT=Trypsin;AC=MS:1001251	NT=collision-induced dissociation;AC=MS:1000133	15 ppm	15 ppm	tris(2-carboxyethyl)phosphine (tcep)	chloroacetamide (claa)	1	1	20241129_104_S840994_L6POD1_Diseased_POD1.d.zip	ftp://ftp.pride.ebi.ac.uk/pride/data/archive/2026/09/PXD082236/20241129_104_S840994_L6POD1_Diseased_POD1.d.zip	v1.1.0	NT=ms-proteomics;VV=v1.1.0	NT=dia-acquisition;VV=v1.1.0	manual curation
20241129_127_S841033_L14POD2_Diseased_POD2.d.zip	homo sapiens	not available	not applicable	not available	1	20241129_127_S841033_L14POD2_Diseased_POD2.d.zip	proteomic profiling by mass spectrometry	Data-independent acquisition	NT=label free sample;AC=MS:1002038	NT=timstof pro;AC=MS:1003005	NT=Phospho;AC=UNIMOD:21;TA=S,T,Y;MT=Variable	NT=Oxidation;AC=UNIMOD:35;TA=M;MT=Variable	NT=Trypsin;AC=MS:1001251	NT=collision-induced dissociation;AC=MS:1000133	15 ppm	15 ppm	tris(2-carboxyethyl)phosphine (tcep)	chloroacetamide (claa)	1	1	20241129_127_S841033_L14POD2_Diseased_POD2.d.zip	ftp://ftp.pride.ebi.ac.uk/pride/data/archive/2026/09/PXD082236/20241129_127_S841033_L14POD2_Diseased_POD2.d.zip	v1.1.0	NT=ms-proteomics;VV=v1.1.0	NT=dia-acquisition;VV=v1.1.0	manual curation
20241129_022_S841073_C8POD1_Control_POD1.d.zip	homo sapiens	not available	not applicable	not available	1	20241129_022_S841073_C8POD1_Control_POD1.d.zip	proteomic profiling by mass spectrometry	Data-independent acquisition	NT=label free sample;AC=MS:1002038	NT=timstof pro;AC=MS:1003005	NT=Phospho;AC=UNIMOD:21;TA=S,T,Y;MT=Variable	NT=Oxidation;AC=UNIMOD:35;TA=M;MT=Variable	NT=Trypsin;AC=MS:1001251	NT=collision-induced dissociation;AC=MS:1000133	15 ppm	15 ppm	tris(2-carboxyethyl)phosphine (tcep)	chloroacetamide (claa)	1	1	20241129_022_S841073_C8POD1_Control_POD1.d.zip	ftp://ftp.pride.ebi.ac.uk/pride/data/archive/2026/09/PXD082236/20241129_022_S841073_C8POD1_Control_POD1.d.zip	v1.1.0	NT=ms-proteomics;VV=v1.1.0	NT=dia-acquisition;VV=v1.1.0	manual curation
20241129_017_S841130_C20POD1_Control_POD1.d.zip	homo sapiens	not available	not applicable	not available	1	20241129_017_S841130_C20POD1_Control_POD1.d.zip	proteomic profiling by mass spectrometry	Data-independent acquisition	NT=label free sample;AC=MS:1002038	NT=timstof pro;AC=MS:1003005	NT=Phospho;AC=UNIMOD:21;TA=S,T,Y;MT=Variable	NT=Oxidation;AC=UNIMOD:35;TA=M;MT=Variable	NT=Trypsin;AC=MS:1001251	NT=collision-induced dissociation;AC=MS:1000133	15 ppm	15 ppm	tris(2-carboxyethyl)phosphine (tcep)	chloroacetamide (claa)	1	1	20241129_017_S841130_C20POD1_Control_POD1.d.zip	ftp://ftp.pride.ebi.ac.uk/pride/data/archive/2026/09/PXD082236/20241129_017_S841130_C20POD1_Control_POD1.d.zip	v1.1.0	NT=ms-proteomics;VV=v1.1.0	NT=dia-acquisition;VV=v1.1.0	manual curation
20241129_081_S841115_C17POD1_Control_POD1.d.zip	homo sapiens	not available	not applicable	not available	1	20241129_081_S841115_C17POD1_Control_POD1.d.zip	proteomic profiling by mass spectrometry	Data-independent acquisition	NT=label free sample;AC=MS:1002038	NT=timstof pro;AC=MS:1003005	NT=Phospho;AC=UNIMOD:21;TA=S,T,Y;MT=Variable	NT=Oxidation;AC=UNIMOD:35;TA=M;MT=Variable	NT=Trypsin;AC=MS:1001251	NT=collision-induced dissociation;AC=MS:1000133	15 ppm	15 ppm	tris(2-carboxyethyl)phosphine (tcep)	chloroacetamide (claa)	1	1	20241129_081_S841115_C17POD1_Control_POD1.d.zip	ftp://ftp.pride.ebi.ac.uk/pride/data/archive/2026/09/PXD082236/20241129_081_S841115_C17POD1_Control_POD1.d.zip	v1.1.0	NT=ms-proteomics;VV=v1.1.0	NT=dia-acquisition;VV=v1.1.0	manual curation
20241129_091_S841075_C8POD3_Control_POD3.d.zip	homo sapiens	not available	not applicable	not available	1	20241129_091_S841075_C8POD3_Control_POD3.d.zip	proteomic profiling by mass spectrometry	Data-independent acquisition	NT=label free sample;AC=MS:1002038	NT=timstof pro;AC=MS:1003005	NT=Phospho;AC=UNIMOD:21;TA=S,T,Y;MT=Variable	NT=Oxidation;AC=UNIMOD:35;TA=M;MT=Variable	NT=Trypsin;AC=MS:1001251	NT=collision-induced dissociation;AC=MS:1000133	15 ppm	15 ppm	tris(2-carboxyethyl)phosphine (tcep)	chloroacetamide (claa)	1	1	20241129_091_S841075_C8POD3_Control_POD3.d.zip	ftp://ftp.pride.ebi.ac.uk/pride/data/archive/2026/09/PXD082236/20241129_091_S841075_C8POD3_Control_POD3.d.zip	v1.1.0	NT=ms-proteomics;VV=v1.1.0	NT=dia-acquisition;VV=v1.1.0	manual curation
20241129_108_S841080_C9POD4_Control_POD4.d.zip	homo sapiens	not available	not applicable	not available	1	20241129_108_S841080_C9POD4_Control_POD4.d.zip	proteomic profiling by mass spectrometry	Data-independent acquisition	NT=label free sample;AC=MS:1002038	NT=timstof pro;AC=MS:1003005	NT=Phospho;AC=UNIMOD:21;TA=S,T,Y;MT=Variable	NT=Oxidation;AC=UNIMOD:35;TA=M;MT=Variable	NT=Trypsin;AC=MS:1001251	NT=collision-induced dissociation;AC=MS:1000133	15 ppm	15 ppm	tris(2-carboxyethyl)phosphine (tcep)	chloroacetamide (claa)	1	1	20241129_108_S841080_C9POD4_Control_POD4.d.zip	ftp://ftp.pride.ebi.ac.uk/pride/data/archive/2026/09/PXD082236/20241129_108_S841080_C9POD4_Control_POD4.d.zip	v1.1.0	NT=ms-proteomics;VV=v1.1.0	NT=dia-acquisition;VV=v1.1.0	manual curation
20241129_014_S841121_C18POD2_Control_POD2.d.zip	homo sapiens	not available	not applicable	not available	1	20241129_014_S841121_C18POD2_Control_POD2.d.zip	proteomic profiling by mass spectrometry	Data-independent acquisition	NT=label free sample;AC=MS:1002038	NT=timstof pro;AC=MS:1003005	NT=Phospho;AC=UNIMOD:21;TA=S,T,Y;MT=Variable	NT=Oxidation;AC=UNIMOD:35;TA=M;MT=Variable	NT=Trypsin;AC=MS:1001251	NT=collision-induced dissociation;AC=MS:1000133	15 ppm	15 ppm	tris(2-carboxyethyl)phosphine (tcep)	chloroacetamide (claa)	1	1	20241129_014_S841121_C18POD2_Control_POD2.d.zip	ftp://ftp.pride.ebi.ac.uk/pride/data/archive/2026/09/PXD082236/20241129_014_S841121_C18POD2_Control_POD2.d.zip	v1.1.0	NT=ms-proteomics;VV=v1.1.0	NT=dia-acquisition;VV=v1.1.0	manual curation
20241129_143r_S841125_C19POD1_Control_POD1.d.zip	homo sapiens	not available	not applicable	not available	1	20241129_143r_S841125_C19POD1_Control_POD1.d.zip	proteomic profiling by mass spectrometry	Data-independent acquisition	NT=label free sample;AC=MS:1002038	NT=timstof pro;AC=MS:1003005	NT=Phospho;AC=UNIMOD:21;TA=S,T,Y;MT=Variable	NT=Oxidation;AC=UNIMOD:35;TA=M;MT=Variable	NT=Trypsin;AC=MS:1001251	NT=collision-induced dissociation;AC=MS:1000133	15 ppm	15 ppm	tris(2-carboxyethyl)phosphine (tcep)	chloroacetamide (claa)	1	1	20241129_143r_S841125_C19POD1_Control_POD1.d.zip	ftp://ftp.pride.ebi.ac.uk/pride/data/archive/2026/09/PXD082236/20241129_143r_S841125_C19POD1_Control_POD1.d.zip	v1.1.0	NT=ms-proteomics;VV=v1.1.0	NT=dia-acquisition;VV=v1.1.0	manual curation
20241129_099_S841057_C4POD3_Control_POD3.d.zip	homo sapiens	not available	not applicable	not available	1	20241129_099_S841057_C4POD3_Control_POD3.d.zip	proteomic profiling by mass spectrometry	Data-independent acquisition	NT=label free sample;AC=MS:1002038	NT=timstof pro;AC=MS:1003005	NT=Phospho;AC=UNIMOD:21;TA=S,T,Y;MT=Variable	NT=Oxidation;AC=UNIMOD:35;TA=M;MT=Variable	NT=Trypsin;AC=MS:1001251	NT=collision-induced dissociation;AC=MS:1000133	15 ppm	15 ppm	tris(2-carboxyethyl)phosphine (tcep)	chloroacetamide (claa)	1	1	20241129_099_S841057_C4POD3_Control_POD3.d.zip	ftp://ftp.pride.ebi.ac.uk/pride/data/archive/2026/09/PXD082236/20241129_099_S841057_C4POD3_Control_POD3.d.zip	v1.1.0	NT=ms-proteomics;VV=v1.1.0	NT=dia-acquisition;VV=v1.1.0	manual curation
20241129_079_S841048_C2POD4_Control_POD4.d.zip	homo sapiens	not available	not applicable	not available	1	20241129_079_S841048_C2POD4_Control_POD4.d.zip	proteomic profiling by mass spectrometry	Data-independent acquisition	NT=label free sample;AC=MS:1002038	NT=timstof pro;AC=MS:1003005	NT=Phospho;AC=UNIMOD:21;TA=S,T,Y;MT=Variable	NT=Oxidation;AC=UNIMOD:35;TA=M;MT=Variable	NT=Trypsin;AC=MS:1001251	NT=collision-induced dissociation;AC=MS:1000133	15 ppm	15 ppm	tris(2-carboxyethyl)phosphine (tcep)	chloroacetamide (claa)	1	1	20241129_079_S841048_C2POD4_Control_POD4.d.zip	ftp://ftp.pride.ebi.ac.uk/pride/data/archive/2026/09/PXD082236/20241129_079_S841048_C2POD4_Control_POD4.d.zip	v1.1.0	NT=ms-proteomics;VV=v1.1.0	NT=dia-acquisition;VV=v1.1.0	manual curation
20241129_006_S841063_C5POD4_Control_POD4.d.zip	homo sapiens	not available	not applicable	not available	1	20241129_006_S841063_C5POD4_Control_POD4.d.zip	proteomic profiling by mass spectrometry	Data-independent acquisition	NT=label free sample;AC=MS:1002038	NT=timstof pro;AC=MS:1003005	NT=Phospho;AC=UNIMOD:21;TA=S,T,Y;MT=Variable	NT=Oxidation;AC=UNIMOD:35;TA=M;MT=Variable	NT=Trypsin;AC=MS:1001251	NT=collision-induced dissociation;AC=MS:1000133	15 ppm	15 ppm	tris(2-carboxyethyl)phosphine (tcep)	chloroacetamide (claa)	1	1	20241129_006_S841063_C5POD4_Control_POD4.d.zip	ftp://ftp.pride.ebi.ac.uk/pride/data/archive/2026/09/PXD082236/20241129_006_S841063_C5POD4_Control_POD4.d.zip	v1.1.0	NT=ms-proteomics;VV=v1.1.0	NT=dia-acquisition;VV=v1.1.0	manual curation
20241129_114_S841089_C11POD3_Control_POD3.d.zip	homo sapiens	not available	not applicable	not available	1	20241129_114_S841089_C11POD3_Control_POD3.d.zip	proteomic profiling by mass spectrometry	Data-independent acquisition	NT=label free sample;AC=MS:1002038	NT=timstof pro;AC=MS:1003005	NT=Phospho;AC=UNIMOD:21;TA=S,T,Y;MT=Variable	NT=Oxidation;AC=UNIMOD:35;TA=M;MT=Variable	NT=Trypsin;AC=MS:1001251	NT=collision-induced dissociation;AC=MS:1000133	15 ppm	15 ppm	tris(2-carboxyethyl)phosphine (tcep)	chloroacetamide (claa)	1	1	20241129_114_S841089_C11POD3_Control_POD3.d.zip	ftp://ftp.pride.ebi.ac.uk/pride/data/archive/2026/09/PXD082236/20241129_114_S841089_C11POD3_Control_POD3.d.zip	v1.1.0	NT=ms-proteomics;VV=v1.1.0	NT=dia-acquisition;VV=v1.1.0	manual curation
20241129_007_S840982_L2POD2_Diseased_POD2.d.zip	homo sapiens	not available	not applicable	not available	1	20241129_007_S840982_L2POD2_Diseased_POD2.d.zip	proteomic profiling by mass spectrometry	Data-independent acquisition	NT=label free sample;AC=MS:1002038	NT=timstof pro;AC=MS:1003005	NT=Phospho;AC=UNIMOD:21;TA=S,T,Y;MT=Variable	NT=Oxidation;AC=UNIMOD:35;TA=M;MT=Variable	NT=Trypsin;AC=MS:1001251	NT=collision-induced dissociation;AC=MS:1000133	15 ppm	15 ppm	tris(2-carboxyethyl)phosphine (tcep)	chloroacetamide (claa)	1	1	20241129_007_S840982_L2POD2_Diseased_POD2.d.zip	ftp://ftp.pride.ebi.ac.uk/pride/data/archive/2026/09/PXD082236/20241129_007_S840982_L2POD2_Diseased_POD2.d.zip	v1.1.0	NT=ms-proteomics;VV=v1.1.0	NT=dia-acquisition;VV=v1.1.0	manual curation
20241129_090r_S841046_C2POD2_Control_POD2.d.zip	homo sapiens	not available	not applicable	not available	1	20241129_090r_S841046_C2POD2_Control_POD2.d.zip	proteomic profiling by mass spectrometry	Data-independent acquisition	NT=label free sample;AC=MS:1002038	NT=timstof pro;AC=MS:1003005	NT=Phospho;AC=UNIMOD:21;TA=S,T,Y;MT=Variable	NT=Oxidation;AC=UNIMOD:35;TA=M;MT=Variable	NT=Trypsin;AC=MS:1001251	NT=collision-induced dissociation;AC=MS:1000133	15 ppm	15 ppm	tris(2-carboxyethyl)phosphine (tcep)	chloroacetamide (claa)	1	1	20241129_090r_S841046_C2POD2_Control_POD2.d.zip	ftp://ftp.pride.ebi.ac.uk/pride/data/archive/2026/09/PXD082236/20241129_090r_S841046_C2POD2_Control_POD2.d.zip	v1.1.0	NT=ms-proteomics;VV=v1.1.0	NT=dia-acquisition;VV=v1.1.0	manual curation
20241129_050_S841030_L13POD4_Diseased_POD4.d.zip	homo sapiens	not available	not applicable	not available	1	20241129_050_S841030_L13POD4_Diseased_POD4.d.zip	proteomic profiling by mass spectrometry	Data-independent acquisition	NT=label free sample;AC=MS:1002038	NT=timstof pro;AC=MS:1003005	NT=Phospho;AC=UNIMOD:21;TA=S,T,Y;MT=Variable	NT=Oxidation;AC=UNIMOD:35;TA=M;MT=Variable	NT=Trypsin;AC=MS:1001251	NT=collision-induced dissociation;AC=MS:1000133	15 ppm	15 ppm	tris(2-carboxyethyl)phosphine (tcep)	chloroacetamide (claa)	1	1	20241129_050_S841030_L13POD4_Diseased_POD4.d.zip	ftp://ftp.pride.ebi.ac.uk/pride/data/archive/2026/09/PXD082236/20241129_050_S841030_L13POD4_Diseased_POD4.d.zip	v1.1.0	NT=ms-proteomics;VV=v1.1.0	NT=dia-acquisition;VV=v1.1.0	manual curation
20241129_068_S841082_C10POD1_Control_POD1.d.zip	homo sapiens	not available	not applicable	not available	1	20241129_068_S841082_C10POD1_Control_POD1.d.zip	proteomic profiling by mass spectrometry	Data-independent acquisition	NT=label free sample;AC=MS:1002038	NT=timstof pro;AC=MS:1003005	NT=Phospho;AC=UNIMOD:21;TA=S,T,Y;MT=Variable	NT=Oxidation;AC=UNIMOD:35;TA=M;MT=Variable	NT=Trypsin;AC=MS:1001251	NT=collision-induced dissociation;AC=MS:1000133	15 ppm	15 ppm	tris(2-carboxyethyl)phosphine (tcep)	chloroacetamide (claa)	1	1	20241129_068_S841082_C10POD1_Control_POD1.d.zip	ftp://ftp.pride.ebi.ac.uk/pride/data/archive/2026/09/PXD082236/20241129_068_S841082_C10POD1_Control_POD1.d.zip	v1.1.0	NT=ms-proteomics;VV=v1.1.0	NT=dia-acquisition;VV=v1.1.0	manual curation
20241129_151_S841083_C10POD2_Control_POD2.d.zip	homo sapiens	not available	not applicable	not available	1	20241129_151_S841083_C10POD2_Control_POD2.d.zip	proteomic profiling by mass spectrometry	Data-independent acquisition	NT=label free sample;AC=MS:1002038	NT=timstof pro;AC=MS:1003005	NT=Phospho;AC=UNIMOD:21;TA=S,T,Y;MT=Variable	NT=Oxidation;AC=UNIMOD:35;TA=M;MT=Variable	NT=Trypsin;AC=MS:1001251	NT=collision-induced dissociation;AC=MS:1000133	15 ppm	15 ppm	tris(2-carboxyethyl)phosphine (tcep)	chloroacetamide (claa)	1	1	20241129_151_S841083_C10POD2_Control_POD2.d.zip	ftp://ftp.pride.ebi.ac.uk/pride/data/archive/2026/09/PXD082236/20241129_151_S841083_C10POD2_Control_POD2.d.zip	v1.1.0	NT=ms-proteomics;VV=v1.1.0	NT=dia-acquisition;VV=v1.1.0	manual curation
20241129_089_S840990_L4POD3_Diseased_POD3.d.zip	homo sapiens	not available	not applicable	not available	1	20241129_089_S840990_L4POD3_Diseased_POD3.d.zip	proteomic profiling by mass spectrometry	Data-independent acquisition	NT=label free sample;AC=MS:1002038	NT=timstof pro;AC=MS:1003005	NT=Phospho;AC=UNIMOD:21;TA=S,T,Y;MT=Variable	NT=Oxidation;AC=UNIMOD:35;TA=M;MT=Variable	NT=Trypsin;AC=MS:1001251	NT=collision-induced dissociation;AC=MS:1000133	15 ppm	15 ppm	tris(2-carboxyethyl)phosphine (tcep)	chloroacetamide (claa)	1	1	20241129_089_S840990_L4POD3_Diseased_POD3.d.zip	ftp://ftp.pride.ebi.ac.uk/pride/data/archive/2026/09/PXD082236/20241129_089_S840990_L4POD3_Diseased_POD3.d.zip	v1.1.0	NT=ms-proteomics;VV=v1.1.0	NT=dia-acquisition;VV=v1.1.0	manual curation
20241129_092_S841088_C11POD2_Control_POD2.d.zip	homo sapiens	not available	not applicable	not available	1	20241129_092_S841088_C11POD2_Control_POD2.d.zip	proteomic profiling by mass spectrometry	Data-independent acquisition	NT=label free sample;AC=MS:1002038	NT=timstof pro;AC=MS:1003005	NT=Phospho;AC=UNIMOD:21;TA=S,T,Y;MT=Variable	NT=Oxidation;AC=UNIMOD:35;TA=M;MT=Variable	NT=Trypsin;AC=MS:1001251	NT=collision-induced dissociation;AC=MS:1000133	15 ppm	15 ppm	tris(2-carboxyethyl)phosphine (tcep)	chloroacetamide (claa)	1	1	20241129_092_S841088_C11POD2_Control_POD2.d.zip	ftp://ftp.pride.ebi.ac.uk/pride/data/archive/2026/09/PXD082236/20241129_092_S841088_C11POD2_Control_POD2.d.zip	v1.1.0	NT=ms-proteomics;VV=v1.1.0	NT=dia-acquisition;VV=v1.1.0	manual curation
20241129_148r_S840986_L3POD3_Diseased_POD3.d.zip	homo sapiens	not available	not applicable	not available	1	20241129_148r_S840986_L3POD3_Diseased_POD3.d.zip	proteomic profiling by mass spectrometry	Data-independent acquisition	NT=label free sample;AC=MS:1002038	NT=timstof pro;AC=MS:1003005	NT=Phospho;AC=UNIMOD:21;TA=S,T,Y;MT=Variable	NT=Oxidation;AC=UNIMOD:35;TA=M;MT=Variable	NT=Trypsin;AC=MS:1001251	NT=collision-induced dissociation;AC=MS:1000133	15 ppm	15 ppm	tris(2-carboxyethyl)phosphine (tcep)	chloroacetamide (claa)	1	1	20241129_148r_S840986_L3POD3_Diseased_POD3.d.zip	ftp://ftp.pride.ebi.ac.uk/pride/data/archive/2026/09/PXD082236/20241129_148r_S840986_L3POD3_Diseased_POD3.d.zip	v1.1.0	NT=ms-proteomics;VV=v1.1.0	NT=dia-acquisition;VV=v1.1.0	manual curation
20241129_075r_S841006_L8POD5_Diseased_POD5.d.zip	homo sapiens	not available	not applicable	not available	1	20241129_075r_S841006_L8POD5_Diseased_POD5.d.zip	proteomic profiling by mass spectrometry	Data-independent acquisition	NT=label free sample;AC=MS:1002038	NT=timstof pro;AC=MS:1003005	NT=Phospho;AC=UNIMOD:21;TA=S,T,Y;MT=Variable	NT=Oxidation;AC=UNIMOD:35;TA=M;MT=Variable	NT=Trypsin;AC=MS:1001251	NT=collision-induced dissociation;AC=MS:1000133	15 ppm	15 ppm	tris(2-carboxyethyl)phosphine (tcep)	chloroacetamide (claa)	1	1	20241129_075r_S841006_L8POD5_Diseased_POD5.d.zip	ftp://ftp.pride.ebi.ac.uk/pride/data/archive/2026/09/PXD082236/20241129_075r_S841006_L8POD5_Diseased_POD5.d.zip	v1.1.0	NT=ms-proteomics;VV=v1.1.0	NT=dia-acquisition;VV=v1.1.0	manual curation
20241129_020_S841122_C18POD3_Control_POD3.d.zip	homo sapiens	not available	not applicable	not available	1	20241129_020_S841122_C18POD3_Control_POD3.d.zip	proteomic profiling by mass spectrometry	Data-independent acquisition	NT=label free sample;AC=MS:1002038	NT=timstof pro;AC=MS:1003005	NT=Phospho;AC=UNIMOD:21;TA=S,T,Y;MT=Variable	NT=Oxidation;AC=UNIMOD:35;TA=M;MT=Variable	NT=Trypsin;AC=MS:1001251	NT=collision-induced dissociation;AC=MS:1000133	15 ppm	15 ppm	tris(2-carboxyethyl)phosphine (tcep)	chloroacetamide (claa)	1	1	20241129_020_S841122_C18POD3_Control_POD3.d.zip	ftp://ftp.pride.ebi.ac.uk/pride/data/archive/2026/09/PXD082236/20241129_020_S841122_C18POD3_Control_POD3.d.zip	v1.1.0	NT=ms-proteomics;VV=v1.1.0	NT=dia-acquisition;VV=v1.1.0	manual curation
20241129_122_S841049_C2POD5_Control_POD5.d.zip	homo sapiens	not available	not applicable	not available	1	20241129_122_S841049_C2POD5_Control_POD5.d.zip	proteomic profiling by mass spectrometry	Data-independent acquisition	NT=label free sample;AC=MS:1002038	NT=timstof pro;AC=MS:1003005	NT=Phospho;AC=UNIMOD:21;TA=S,T,Y;MT=Variable	NT=Oxidation;AC=UNIMOD:35;TA=M;MT=Variable	NT=Trypsin;AC=MS:1001251	NT=collision-induced dissociation;AC=MS:1000133	15 ppm	15 ppm	tris(2-carboxyethyl)phosphine (tcep)	chloroacetamide (claa)	1	1	20241129_122_S841049_C2POD5_Control_POD5.d.zip	ftp://ftp.pride.ebi.ac.uk/pride/data/archive/2026/09/PXD082236/20241129_122_S841049_C2POD5_Control_POD5.d.zip	v1.1.0	NT=ms-proteomics;VV=v1.1.0	NT=dia-acquisition;VV=v1.1.0	manual curation
20241129_051_S840993_L5POD3_Diseased_POD3.d.zip	homo sapiens	not available	not applicable	not available	1	20241129_051_S840993_L5POD3_Diseased_POD3.d.zip	proteomic profiling by mass spectrometry	Data-independent acquisition	NT=label free sample;AC=MS:1002038	NT=timstof pro;AC=MS:1003005	NT=Phospho;AC=UNIMOD:21;TA=S,T,Y;MT=Variable	NT=Oxidation;AC=UNIMOD:35;TA=M;MT=Variable	NT=Trypsin;AC=MS:1001251	NT=collision-induced dissociation;AC=MS:1000133	15 ppm	15 ppm	tris(2-carboxyethyl)phosphine (tcep)	chloroacetamide (claa)	1	1	20241129_051_S840993_L5POD3_Diseased_POD3.d.zip	ftp://ftp.pride.ebi.ac.uk/pride/data/archive/2026/09/PXD082236/20241129_051_S840993_L5POD3_Diseased_POD3.d.zip	v1.1.0	NT=ms-proteomics;VV=v1.1.0	NT=dia-acquisition;VV=v1.1.0	manual curation
20241129_120_S841002_L8POD1_Diseased_POD1.d.zip	homo sapiens	not available	not applicable	not available	1	20241129_120_S841002_L8POD1_Diseased_POD1.d.zip	proteomic profiling by mass spectrometry	Data-independent acquisition	NT=label free sample;AC=MS:1002038	NT=timstof pro;AC=MS:1003005	NT=Phospho;AC=UNIMOD:21;TA=S,T,Y;MT=Variable	NT=Oxidation;AC=UNIMOD:35;TA=M;MT=Variable	NT=Trypsin;AC=MS:1001251	NT=collision-induced dissociation;AC=MS:1000133	15 ppm	15 ppm	tris(2-carboxyethyl)phosphine (tcep)	chloroacetamide (claa)	1	1	20241129_120_S841002_L8POD1_Diseased_POD1.d.zip	ftp://ftp.pride.ebi.ac.uk/pride/data/archive/2026/09/PXD082236/20241129_120_S841002_L8POD1_Diseased_POD1.d.zip	v1.1.0	NT=ms-proteomics;VV=v1.1.0	NT=dia-acquisition;VV=v1.1.0	manual curation
20241129_061_S841070_C7POD2_Control_POD2.d.zip	homo sapiens	not available	not applicable	not available	1	20241129_061_S841070_C7POD2_Control_POD2.d.zip	proteomic profiling by mass spectrometry	Data-independent acquisition	NT=label free sample;AC=MS:1002038	NT=timstof pro;AC=MS:1003005	NT=Phospho;AC=UNIMOD:21;TA=S,T,Y;MT=Variable	NT=Oxidation;AC=UNIMOD:35;TA=M;MT=Variable	NT=Trypsin;AC=MS:1001251	NT=collision-induced dissociation;AC=MS:1000133	15 ppm	15 ppm	tris(2-carboxyethyl)phosphine (tcep)	chloroacetamide (claa)	1	1	20241129_061_S841070_C7POD2_Control_POD2.d.zip	ftp://ftp.pride.ebi.ac.uk/pride/data/archive/2026/09/PXD082236/20241129_061_S841070_C7POD2_Control_POD2.d.zip	v1.1.0	NT=ms-proteomics;VV=v1.1.0	NT=dia-acquisition;VV=v1.1.0	manual curation
20241129_011_S841094_C12POD4_Control_POD4.d.zip	homo sapiens	not available	not applicable	not available	1	20241129_011_S841094_C12POD4_Control_POD4.d.zip	proteomic profiling by mass spectrometry	Data-independent acquisition	NT=label free sample;AC=MS:1002038	NT=timstof pro;AC=MS:1003005	NT=Phospho;AC=UNIMOD:21;TA=S,T,Y;MT=Variable	NT=Oxidation;AC=UNIMOD:35;TA=M;MT=Variable	NT=Trypsin;AC=MS:1001251	NT=collision-induced dissociation;AC=MS:1000133	15 ppm	15 ppm	tris(2-carboxyethyl)phosphine (tcep)	chloroacetamide (claa)	1	1	20241129_011_S841094_C12POD4_Control_POD4.d.zip	ftp://ftp.pride.ebi.ac.uk/pride/data/archive/2026/09/PXD082236/20241129_011_S841094_C12POD4_Control_POD4.d.zip	v1.1.0	NT=ms-proteomics;VV=v1.1.0	NT=dia-acquisition;VV=v1.1.0	manual curation
20241129_111r_S841051_C3POD2_Control_POD2.d.zip	homo sapiens	not available	not applicable	not available	1	20241129_111r_S841051_C3POD2_Control_POD2.d.zip	proteomic profiling by mass spectrometry	Data-independent acquisition	NT=label free sample;AC=MS:1002038	NT=timstof pro;AC=MS:1003005	NT=Phospho;AC=UNIMOD:21;TA=S,T,Y;MT=Variable	NT=Oxidation;AC=UNIMOD:35;TA=M;MT=Variable	NT=Trypsin;AC=MS:1001251	NT=collision-induced dissociation;AC=MS:1000133	15 ppm	15 ppm	tris(2-carboxyethyl)phosphine (tcep)	chloroacetamide (claa)	1	1	20241129_111r_S841051_C3POD2_Control_POD2.d.zip	ftp://ftp.pride.ebi.ac.uk/pride/data/archive/2026/09/PXD082236/20241129_111r_S841051_C3POD2_Control_POD2.d.zip	v1.1.0	NT=ms-proteomics;VV=v1.1.0	NT=dia-acquisition;VV=v1.1.0	manual curation
20241129_154_S840980_L1POD5_Diseased_POD5.d.zip	homo sapiens	not available	not applicable	not available	1	20241129_154_S840980_L1POD5_Diseased_POD5.d.zip	proteomic profiling by mass spectrometry	Data-independent acquisition	NT=label free sample;AC=MS:1002038	NT=timstof pro;AC=MS:1003005	NT=Phospho;AC=UNIMOD:21;TA=S,T,Y;MT=Variable	NT=Oxidation;AC=UNIMOD:35;TA=M;MT=Variable	NT=Trypsin;AC=MS:1001251	NT=collision-induced dissociation;AC=MS:1000133	15 ppm	15 ppm	tris(2-carboxyethyl)phosphine (tcep)	chloroacetamide (claa)	1	1	20241129_154_S840980_L1POD5_Diseased_POD5.d.zip	ftp://ftp.pride.ebi.ac.uk/pride/data/archive/2026/09/PXD082236/20241129_154_S840980_L1POD5_Diseased_POD5.d.zip	v1.1.0	NT=ms-proteomics;VV=v1.1.0	NT=dia-acquisition;VV=v1.1.0	manual curation
20241129_021_S841008_L9POD2_Diseased_POD2.d.zip	homo sapiens	not available	not applicable	not available	1	20241129_021_S841008_L9POD2_Diseased_POD2.d.zip	proteomic profiling by mass spectrometry	Data-independent acquisition	NT=label free sample;AC=MS:1002038	NT=timstof pro;AC=MS:1003005	NT=Phospho;AC=UNIMOD:21;TA=S,T,Y;MT=Variable	NT=Oxidation;AC=UNIMOD:35;TA=M;MT=Variable	NT=Trypsin;AC=MS:1001251	NT=collision-induced dissociation;AC=MS:1000133	15 ppm	15 ppm	tris(2-carboxyethyl)phosphine (tcep)	chloroacetamide (claa)	1	1	20241129_021_S841008_L9POD2_Diseased_POD2.d.zip	ftp://ftp.pride.ebi.ac.uk/pride/data/archive/2026/09/PXD082236/20241129_021_S841008_L9POD2_Diseased_POD2.d.zip	v1.1.0	NT=ms-proteomics;VV=v1.1.0	NT=dia-acquisition;VV=v1.1.0	manual curation
20241129_131_S840979_L1POD4_Diseased_POD4.d.zip	homo sapiens	not available	not applicable	not available	1	20241129_131_S840979_L1POD4_Diseased_POD4.d.zip	proteomic profiling by mass spectrometry	Data-independent acquisition	NT=label free sample;AC=MS:1002038	NT=timstof pro;AC=MS:1003005	NT=Phospho;AC=UNIMOD:21;TA=S,T,Y;MT=Variable	NT=Oxidation;AC=UNIMOD:35;TA=M;MT=Variable	NT=Trypsin;AC=MS:1001251	NT=collision-induced dissociation;AC=MS:1000133	15 ppm	15 ppm	tris(2-carboxyethyl)phosphine (tcep)	chloroacetamide (claa)	1	1	20241129_131_S840979_L1POD4_Diseased_POD4.d.zip	ftp://ftp.pride.ebi.ac.uk/pride/data/archive/2026/09/PXD082236/20241129_131_S840979_L1POD4_Diseased_POD4.d.zip	v1.1.0	NT=ms-proteomics;VV=v1.1.0	NT=dia-acquisition;VV=v1.1.0	manual curation
20241129_115_S841056_C4POD2_Control_POD2.d.zip	homo sapiens	not available	not applicable	not available	1	20241129_115_S841056_C4POD2_Control_POD2.d.zip	proteomic profiling by mass spectrometry	Data-independent acquisition	NT=label free sample;AC=MS:1002038	NT=timstof pro;AC=MS:1003005	NT=Phospho;AC=UNIMOD:21;TA=S,T,Y;MT=Variable	NT=Oxidation;AC=UNIMOD:35;TA=M;MT=Variable	NT=Trypsin;AC=MS:1001251	NT=collision-induced dissociation;AC=MS:1000133	15 ppm	15 ppm	tris(2-carboxyethyl)phosphine (tcep)	chloroacetamide (claa)	1	1	20241129_115_S841056_C4POD2_Control_POD2.d.zip	ftp://ftp.pride.ebi.ac.uk/pride/data/archive/2026/09/PXD082236/20241129_115_S841056_C4POD2_Control_POD2.d.zip	v1.1.0	NT=ms-proteomics;VV=v1.1.0	NT=dia-acquisition;VV=v1.1.0	manual curation
20241129_049_S840977_L1POD2_Diseased_POD2.d.zip	homo sapiens	not available	not applicable	not available	1	20241129_049_S840977_L1POD2_Diseased_POD2.d.zip	proteomic profiling by mass spectrometry	Data-independent acquisition	NT=label free sample;AC=MS:1002038	NT=timstof pro;AC=MS:1003005	NT=Phospho;AC=UNIMOD:21;TA=S,T,Y;MT=Variable	NT=Oxidation;AC=UNIMOD:35;TA=M;MT=Variable	NT=Trypsin;AC=MS:1001251	NT=collision-induced dissociation;AC=MS:1000133	15 ppm	15 ppm	tris(2-carboxyethyl)phosphine (tcep)	chloroacetamide (claa)	1	1	20241129_049_S840977_L1POD2_Diseased_POD2.d.zip	ftp://ftp.pride.ebi.ac.uk/pride/data/archive/2026/09/PXD082236/20241129_049_S840977_L1POD2_Diseased_POD2.d.zip	v1.1.0	NT=ms-proteomics;VV=v1.1.0	NT=dia-acquisition;VV=v1.1.0	manual curation
20241129_073_S841084_C10POD3_Control_POD3.d.zip	homo sapiens	not available	not applicable	not available	1	20241129_073_S841084_C10POD3_Control_POD3.d.zip	proteomic profiling by mass spectrometry	Data-independent acquisition	NT=label free sample;AC=MS:1002038	NT=timstof pro;AC=MS:1003005	NT=Phospho;AC=UNIMOD:21;TA=S,T,Y;MT=Variable	NT=Oxidation;AC=UNIMOD:35;TA=M;MT=Variable	NT=Trypsin;AC=MS:1001251	NT=collision-induced dissociation;AC=MS:1000133	15 ppm	15 ppm	tris(2-carboxyethyl)phosphine (tcep)	chloroacetamide (claa)	1	1	20241129_073_S841084_C10POD3_Control_POD3.d.zip	ftp://ftp.pride.ebi.ac.uk/pride/data/archive/2026/09/PXD082236/20241129_073_S841084_C10POD3_Control_POD3.d.zip	v1.1.0	NT=ms-proteomics;VV=v1.1.0	NT=dia-acquisition;VV=v1.1.0	manual curation
20241129_156_S841071_C7POD3_Control_POD3.d.zip	homo sapiens	not available	not applicable	not available	1	20241129_156_S841071_C7POD3_Control_POD3.d.zip	proteomic profiling by mass spectrometry	Data-independent acquisition	NT=label free sample;AC=MS:1002038	NT=timstof pro;AC=MS:1003005	NT=Phospho;AC=UNIMOD:21;TA=S,T,Y;MT=Variable	NT=Oxidation;AC=UNIMOD:35;TA=M;MT=Variable	NT=Trypsin;AC=MS:1001251	NT=collision-induced dissociation;AC=MS:1000133	15 ppm	15 ppm	tris(2-carboxyethyl)phosphine (tcep)	chloroacetamide (claa)	1	1	20241129_156_S841071_C7POD3_Control_POD3.d.zip	ftp://ftp.pride.ebi.ac.uk/pride/data/archive/2026/09/PXD082236/20241129_156_S841071_C7POD3_Control_POD3.d.zip	v1.1.0	NT=ms-proteomics;VV=v1.1.0	NT=dia-acquisition;VV=v1.1.0	manual curation
20241129_063_S841096_C13POD2_Control_POD2.d.zip	homo sapiens	not available	not applicable	not available	1	20241129_063_S841096_C13POD2_Control_POD2.d.zip	proteomic profiling by mass spectrometry	Data-independent acquisition	NT=label free sample;AC=MS:1002038	NT=timstof pro;AC=MS:1003005	NT=Phospho;AC=UNIMOD:21;TA=S,T,Y;MT=Variable	NT=Oxidation;AC=UNIMOD:35;TA=M;MT=Variable	NT=Trypsin;AC=MS:1001251	NT=collision-induced dissociation;AC=MS:1000133	15 ppm	15 ppm	tris(2-carboxyethyl)phosphine (tcep)	chloroacetamide (claa)	1	1	20241129_063_S841096_C13POD2_Control_POD2.d.zip	ftp://ftp.pride.ebi.ac.uk/pride/data/archive/2026/09/PXD082236/20241129_063_S841096_C13POD2_Control_POD2.d.zip	v1.1.0	NT=ms-proteomics;VV=v1.1.0	NT=dia-acquisition;VV=v1.1.0	manual curation
20241129_098_S841092_C12POD2_Control_POD2.d.zip	homo sapiens	not available	not applicable	not available	1	20241129_098_S841092_C12POD2_Control_POD2.d.zip	proteomic profiling by mass spectrometry	Data-independent acquisition	NT=label free sample;AC=MS:1002038	NT=timstof pro;AC=MS:1003005	NT=Phospho;AC=UNIMOD:21;TA=S,T,Y;MT=Variable	NT=Oxidation;AC=UNIMOD:35;TA=M;MT=Variable	NT=Trypsin;AC=MS:1001251	NT=collision-induced dissociation;AC=MS:1000133	15 ppm	15 ppm	tris(2-carboxyethyl)phosphine (tcep)	chloroacetamide (claa)	1	1	20241129_098_S841092_C12POD2_Control_POD2.d.zip	ftp://ftp.pride.ebi.ac.uk/pride/data/archive/2026/09/PXD082236/20241129_098_S841092_C12POD2_Control_POD2.d.zip	v1.1.0	NT=ms-proteomics;VV=v1.1.0	NT=dia-acquisition;VV=v1.1.0	manual curation
20241129_064_S841034_L14POD3_Diseased_POD3.d.zip	homo sapiens	not available	not applicable	not available	1	20241129_064_S841034_L14POD3_Diseased_POD3.d.zip	proteomic profiling by mass spectrometry	Data-independent acquisition	NT=label free sample;AC=MS:1002038	NT=timstof pro;AC=MS:1003005	NT=Phospho;AC=UNIMOD:21;TA=S,T,Y;MT=Variable	NT=Oxidation;AC=UNIMOD:35;TA=M;MT=Variable	NT=Trypsin;AC=MS:1001251	NT=collision-induced dissociation;AC=MS:1000133	15 ppm	15 ppm	tris(2-carboxyethyl)phosphine (tcep)	chloroacetamide (claa)	1	1	20241129_064_S841034_L14POD3_Diseased_POD3.d.zip	ftp://ftp.pride.ebi.ac.uk/pride/data/archive/2026/09/PXD082236/20241129_064_S841034_L14POD3_Diseased_POD3.d.zip	v1.1.0	NT=ms-proteomics;VV=v1.1.0	NT=dia-acquisition;VV=v1.1.0	manual curation
20241129_146_S841013_L10POD2_Diseased_POD2.d.zip	homo sapiens	not available	not applicable	not available	1	20241129_146_S841013_L10POD2_Diseased_POD2.d.zip	proteomic profiling by mass spectrometry	Data-independent acquisition	NT=label free sample;AC=MS:1002038	NT=timstof pro;AC=MS:1003005	NT=Phospho;AC=UNIMOD:21;TA=S,T,Y;MT=Variable	NT=Oxidation;AC=UNIMOD:35;TA=M;MT=Variable	NT=Trypsin;AC=MS:1001251	NT=collision-induced dissociation;AC=MS:1000133	15 ppm	15 ppm	tris(2-carboxyethyl)phosphine (tcep)	chloroacetamide (claa)	1	1	20241129_146_S841013_L10POD2_Diseased_POD2.d.zip	ftp://ftp.pride.ebi.ac.uk/pride/data/archive/2026/09/PXD082236/20241129_146_S841013_L10POD2_Diseased_POD2.d.zip	v1.1.0	NT=ms-proteomics;VV=v1.1.0	NT=dia-acquisition;VV=v1.1.0	manual curation
20241129_118_S841035_L14POD4_Diseased_POD4.d.zip	homo sapiens	not available	not applicable	not available	1	20241129_118_S841035_L14POD4_Diseased_POD4.d.zip	proteomic profiling by mass spectrometry	Data-independent acquisition	NT=label free sample;AC=MS:1002038	NT=timstof pro;AC=MS:1003005	NT=Phospho;AC=UNIMOD:21;TA=S,T,Y;MT=Variable	NT=Oxidation;AC=UNIMOD:35;TA=M;MT=Variable	NT=Trypsin;AC=MS:1001251	NT=collision-induced dissociation;AC=MS:1000133	15 ppm	15 ppm	tris(2-carboxyethyl)phosphine (tcep)	chloroacetamide (claa)	1	1	20241129_118_S841035_L14POD4_Diseased_POD4.d.zip	ftp://ftp.pride.ebi.ac.uk/pride/data/archive/2026/09/PXD082236/20241129_118_S841035_L14POD4_Diseased_POD4.d.zip	v1.1.0	NT=ms-proteomics;VV=v1.1.0	NT=dia-acquisition;VV=v1.1.0	manual curation
20241129_113_S841037_L15POD1_Diseased_POD1.d.zip	homo sapiens	not available	not applicable	not available	1	20241129_113_S841037_L15POD1_Diseased_POD1.d.zip	proteomic profiling by mass spectrometry	Data-independent acquisition	NT=label free sample;AC=MS:1002038	NT=timstof pro;AC=MS:1003005	NT=Phospho;AC=UNIMOD:21;TA=S,T,Y;MT=Variable	NT=Oxidation;AC=UNIMOD:35;TA=M;MT=Variable	NT=Trypsin;AC=MS:1001251	NT=collision-induced dissociation;AC=MS:1000133	15 ppm	15 ppm	tris(2-carboxyethyl)phosphine (tcep)	chloroacetamide (claa)	1	1	20241129_113_S841037_L15POD1_Diseased_POD1.d.zip	ftp://ftp.pride.ebi.ac.uk/pride/data/archive/2026/09/PXD082236/20241129_113_S841037_L15POD1_Diseased_POD1.d.zip	v1.1.0	NT=ms-proteomics;VV=v1.1.0	NT=dia-acquisition;VV=v1.1.0	manual curation
20241129_032_S841003_L8POD2_Diseased_POD2.d.zip	homo sapiens	not available	not applicable	not available	1	20241129_032_S841003_L8POD2_Diseased_POD2.d.zip	proteomic profiling by mass spectrometry	Data-independent acquisition	NT=label free sample;AC=MS:1002038	NT=timstof pro;AC=MS:1003005	NT=Phospho;AC=UNIMOD:21;TA=S,T,Y;MT=Variable	NT=Oxidation;AC=UNIMOD:35;TA=M;MT=Variable	NT=Trypsin;AC=MS:1001251	NT=collision-induced dissociation;AC=MS:1000133	15 ppm	15 ppm	tris(2-carboxyethyl)phosphine (tcep)	chloroacetamide (claa)	1	1	20241129_032_S841003_L8POD2_Diseased_POD2.d.zip	ftp://ftp.pride.ebi.ac.uk/pride/data/archive/2026/09/PXD082236/20241129_032_S841003_L8POD2_Diseased_POD2.d.zip	v1.1.0	NT=ms-proteomics;VV=v1.1.0	NT=dia-acquisition;VV=v1.1.0	manual curation
20241129_125_S841120_C18POD1_Control_POD1.d.zip	homo sapiens	not available	not applicable	not available	1	20241129_125_S841120_C18POD1_Control_POD1.d.zip	proteomic profiling by mass spectrometry	Data-independent acquisition	NT=label free sample;AC=MS:1002038	NT=timstof pro;AC=MS:1003005	NT=Phospho;AC=UNIMOD:21;TA=S,T,Y;MT=Variable	NT=Oxidation;AC=UNIMOD:35;TA=M;MT=Variable	NT=Trypsin;AC=MS:1001251	NT=collision-induced dissociation;AC=MS:1000133	15 ppm	15 ppm	tris(2-carboxyethyl)phosphine (tcep)	chloroacetamide (claa)	1	1	20241129_125_S841120_C18POD1_Control_POD1.d.zip	ftp://ftp.pride.ebi.ac.uk/pride/data/archive/2026/09/PXD082236/20241129_125_S841120_C18POD1_Control_POD1.d.zip	v1.1.0	NT=ms-proteomics;VV=v1.1.0	NT=dia-acquisition;VV=v1.1.0	manual curation
20241129_065_S840998_L6POD5_Diseased_POD5.d.zip	homo sapiens	not available	not applicable	not available	1	20241129_065_S840998_L6POD5_Diseased_POD5.d.zip	proteomic profiling by mass spectrometry	Data-independent acquisition	NT=label free sample;AC=MS:1002038	NT=timstof pro;AC=MS:1003005	NT=Phospho;AC=UNIMOD:21;TA=S,T,Y;MT=Variable	NT=Oxidation;AC=UNIMOD:35;TA=M;MT=Variable	NT=Trypsin;AC=MS:1001251	NT=collision-induced dissociation;AC=MS:1000133	15 ppm	15 ppm	tris(2-carboxyethyl)phosphine (tcep)	chloroacetamide (claa)	1	1	20241129_065_S840998_L6POD5_Diseased_POD5.d.zip	ftp://ftp.pride.ebi.ac.uk/pride/data/archive/2026/09/PXD082236/20241129_065_S840998_L6POD5_Diseased_POD5.d.zip	v1.1.0	NT=ms-proteomics;VV=v1.1.0	NT=dia-acquisition;VV=v1.1.0	manual curation
20241129_009_S841068_C6POD4_Control_POD4.d.zip	homo sapiens	not available	not applicable	not available	1	20241129_009_S841068_C6POD4_Control_POD4.d.zip	proteomic profiling by mass spectrometry	Data-independent acquisition	NT=label free sample;AC=MS:1002038	NT=timstof pro;AC=MS:1003005	NT=Phospho;AC=UNIMOD:21;TA=S,T,Y;MT=Variable	NT=Oxidation;AC=UNIMOD:35;TA=M;MT=Variable	NT=Trypsin;AC=MS:1001251	NT=collision-induced dissociation;AC=MS:1000133	15 ppm	15 ppm	tris(2-carboxyethyl)phosphine (tcep)	chloroacetamide (claa)	1	1	20241129_009_S841068_C6POD4_Control_POD4.d.zip	ftp://ftp.pride.ebi.ac.uk/pride/data/archive/2026/09/PXD082236/20241129_009_S841068_C6POD4_Control_POD4.d.zip	v1.1.0	NT=ms-proteomics;VV=v1.1.0	NT=dia-acquisition;VV=v1.1.0	manual curation
20241129_094_S841059_C4POD5_Control_POD5.d.zip	homo sapiens	not available	not applicable	not available	1	20241129_094_S841059_C4POD5_Control_POD5.d.zip	proteomic profiling by mass spectrometry	Data-independent acquisition	NT=label free sample;AC=MS:1002038	NT=timstof pro;AC=MS:1003005	NT=Phospho;AC=UNIMOD:21;TA=S,T,Y;MT=Variable	NT=Oxidation;AC=UNIMOD:35;TA=M;MT=Variable	NT=Trypsin;AC=MS:1001251	NT=collision-induced dissociation;AC=MS:1000133	15 ppm	15 ppm	tris(2-carboxyethyl)phosphine (tcep)	chloroacetamide (claa)	1	1	20241129_094_S841059_C4POD5_Control_POD5.d.zip	ftp://ftp.pride.ebi.ac.uk/pride/data/archive/2026/09/PXD082236/20241129_094_S841059_C4POD5_Control_POD5.d.zip	v1.1.0	NT=ms-proteomics;VV=v1.1.0	NT=dia-acquisition;VV=v1.1.0	manual curation
20241129_071_S841072_C7POD4_Control_POD4.d.zip	homo sapiens	not available	not applicable	not available	1	20241129_071_S841072_C7POD4_Control_POD4.d.zip	proteomic profiling by mass spectrometry	Data-independent acquisition	NT=label free sample;AC=MS:1002038	NT=timstof pro;AC=MS:1003005	NT=Phospho;AC=UNIMOD:21;TA=S,T,Y;MT=Variable	NT=Oxidation;AC=UNIMOD:35;TA=M;MT=Variable	NT=Trypsin;AC=MS:1001251	NT=collision-induced dissociation;AC=MS:1000133	15 ppm	15 ppm	tris(2-carboxyethyl)phosphine (tcep)	chloroacetamide (claa)	1	1	20241129_071_S841072_C7POD4_Control_POD4.d.zip	ftp://ftp.pride.ebi.ac.uk/pride/data/archive/2026/09/PXD082236/20241129_071_S841072_C7POD4_Control_POD4.d.zip	v1.1.0	NT=ms-proteomics;VV=v1.1.0	NT=dia-acquisition;VV=v1.1.0	manual curation
20241129_016_S841009_L9POD3_Diseased_POD3.d.zip	homo sapiens	not available	not applicable	not available	1	20241129_016_S841009_L9POD3_Diseased_POD3.d.zip	proteomic profiling by mass spectrometry	Data-independent acquisition	NT=label free sample;AC=MS:1002038	NT=timstof pro;AC=MS:1003005	NT=Phospho;AC=UNIMOD:21;TA=S,T,Y;MT=Variable	NT=Oxidation;AC=UNIMOD:35;TA=M;MT=Variable	NT=Trypsin;AC=MS:1001251	NT=collision-induced dissociation;AC=MS:1000133	15 ppm	15 ppm	tris(2-carboxyethyl)phosphine (tcep)	chloroacetamide (claa)	1	1	20241129_016_S841009_L9POD3_Diseased_POD3.d.zip	ftp://ftp.pride.ebi.ac.uk/pride/data/archive/2026/09/PXD082236/20241129_016_S841009_L9POD3_Diseased_POD3.d.zip	v1.1.0	NT=ms-proteomics;VV=v1.1.0	NT=dia-acquisition;VV=v1.1.0	manual curation
20241129_057_S841093_C12POD3_Control_POD3.d.zip	homo sapiens	not available	not applicable	not available	1	20241129_057_S841093_C12POD3_Control_POD3.d.zip	proteomic profiling by mass spectrometry	Data-independent acquisition	NT=label free sample;AC=MS:1002038	NT=timstof pro;AC=MS:1003005	NT=Phospho;AC=UNIMOD:21;TA=S,T,Y;MT=Variable	NT=Oxidation;AC=UNIMOD:35;TA=M;MT=Variable	NT=Trypsin;AC=MS:1001251	NT=collision-induced dissociation;AC=MS:1000133	15 ppm	15 ppm	tris(2-carboxyethyl)phosphine (tcep)	chloroacetamide (claa)	1	1	20241129_057_S841093_C12POD3_Control_POD3.d.zip	ftp://ftp.pride.ebi.ac.uk/pride/data/archive/2026/09/PXD082236/20241129_057_S841093_C12POD3_Control_POD3.d.zip	v1.1.0	NT=ms-proteomics;VV=v1.1.0	NT=dia-acquisition;VV=v1.1.0	manual curation
20241129_019r_S841029_L13POD3_Diseased_POD3.d.zip	homo sapiens	not available	not applicable	not available	1	20241129_019r_S841029_L13POD3_Diseased_POD3.d.zip	proteomic profiling by mass spectrometry	Data-independent acquisition	NT=label free sample;AC=MS:1002038	NT=timstof pro;AC=MS:1003005	NT=Phospho;AC=UNIMOD:21;TA=S,T,Y;MT=Variable	NT=Oxidation;AC=UNIMOD:35;TA=M;MT=Variable	NT=Trypsin;AC=MS:1001251	NT=collision-induced dissociation;AC=MS:1000133	15 ppm	15 ppm	tris(2-carboxyethyl)phosphine (tcep)	chloroacetamide (claa)	1	1	20241129_019r_S841029_L13POD3_Diseased_POD3.d.zip	ftp://ftp.pride.ebi.ac.uk/pride/data/archive/2026/09/PXD082236/20241129_019r_S841029_L13POD3_Diseased_POD3.d.zip	v1.1.0	NT=ms-proteomics;VV=v1.1.0	NT=dia-acquisition;VV=v1.1.0	manual curation
20241129_005_S841095_C13POD1_Control_POD1.d.zip	homo sapiens	not available	not applicable	not available	1	20241129_005_S841095_C13POD1_Control_POD1.d.zip	proteomic profiling by mass spectrometry	Data-independent acquisition	NT=label free sample;AC=MS:1002038	NT=timstof pro;AC=MS:1003005	NT=Phospho;AC=UNIMOD:21;TA=S,T,Y;MT=Variable	NT=Oxidation;AC=UNIMOD:35;TA=M;MT=Variable	NT=Trypsin;AC=MS:1001251	NT=collision-induced dissociation;AC=MS:1000133	15 ppm	15 ppm	tris(2-carboxyethyl)phosphine (tcep)	chloroacetamide (claa)	1	1	20241129_005_S841095_C13POD1_Control_POD1.d.zip	ftp://ftp.pride.ebi.ac.uk/pride/data/archive/2026/09/PXD082236/20241129_005_S841095_C13POD1_Control_POD1.d.zip	v1.1.0	NT=ms-proteomics;VV=v1.1.0	NT=dia-acquisition;VV=v1.1.0	manual curation
20241129_107_S841077_C9POD1_Control_POD1.d.zip	homo sapiens	not available	not applicable	not available	1	20241129_107_S841077_C9POD1_Control_POD1.d.zip	proteomic profiling by mass spectrometry	Data-independent acquisition	NT=label free sample;AC=MS:1002038	NT=timstof pro;AC=MS:1003005	NT=Phospho;AC=UNIMOD:21;TA=S,T,Y;MT=Variable	NT=Oxidation;AC=UNIMOD:35;TA=M;MT=Variable	NT=Trypsin;AC=MS:1001251	NT=collision-induced dissociation;AC=MS:1000133	15 ppm	15 ppm	tris(2-carboxyethyl)phosphine (tcep)	chloroacetamide (claa)	1	1	20241129_107_S841077_C9POD1_Control_POD1.d.zip	ftp://ftp.pride.ebi.ac.uk/pride/data/archive/2026/09/PXD082236/20241129_107_S841077_C9POD1_Control_POD1.d.zip	v1.1.0	NT=ms-proteomics;VV=v1.1.0	NT=dia-acquisition;VV=v1.1.0	manual curation
20241129_038_S841118_C17POD4_Control_POD4.d.zip	homo sapiens	not available	not applicable	not available	1	20241129_038_S841118_C17POD4_Control_POD4.d.zip	proteomic profiling by mass spectrometry	Data-independent acquisition	NT=label free sample;AC=MS:1002038	NT=timstof pro;AC=MS:1003005	NT=Phospho;AC=UNIMOD:21;TA=S,T,Y;MT=Variable	NT=Oxidation;AC=UNIMOD:35;TA=M;MT=Variable	NT=Trypsin;AC=MS:1001251	NT=collision-induced dissociation;AC=MS:1000133	15 ppm	15 ppm	tris(2-carboxyethyl)phosphine (tcep)	chloroacetamide (claa)	1	1	20241129_038_S841118_C17POD4_Control_POD4.d.zip	ftp://ftp.pride.ebi.ac.uk/pride/data/archive/2026/09/PXD082236/20241129_038_S841118_C17POD4_Control_POD4.d.zip	v1.1.0	NT=ms-proteomics;VV=v1.1.0	NT=dia-acquisition;VV=v1.1.0	manual curation
20241129_130_S841044_C1POD3_Control_POD3.d.zip	homo sapiens	not available	not applicable	not available	1	20241129_130_S841044_C1POD3_Control_POD3.d.zip	proteomic profiling by mass spectrometry	Data-independent acquisition	NT=label free sample;AC=MS:1002038	NT=timstof pro;AC=MS:1003005	NT=Phospho;AC=UNIMOD:21;TA=S,T,Y;MT=Variable	NT=Oxidation;AC=UNIMOD:35;TA=M;MT=Variable	NT=Trypsin;AC=MS:1001251	NT=collision-induced dissociation;AC=MS:1000133	15 ppm	15 ppm	tris(2-carboxyethyl)phosphine (tcep)	chloroacetamide (claa)	1	1	20241129_130_S841044_C1POD3_Control_POD3.d.zip	ftp://ftp.pride.ebi.ac.uk/pride/data/archive/2026/09/PXD082236/20241129_130_S841044_C1POD3_Control_POD3.d.zip	v1.1.0	NT=ms-proteomics;VV=v1.1.0	NT=dia-acquisition;VV=v1.1.0	manual curation
20241129_149_S841024_L12POD3_Diseased_POD3.d.zip	homo sapiens	not available	not applicable	not available	1	20241129_149_S841024_L12POD3_Diseased_POD3.d.zip	proteomic profiling by mass spectrometry	Data-independent acquisition	NT=label free sample;AC=MS:1002038	NT=timstof pro;AC=MS:1003005	NT=Phospho;AC=UNIMOD:21;TA=S,T,Y;MT=Variable	NT=Oxidation;AC=UNIMOD:35;TA=M;MT=Variable	NT=Trypsin;AC=MS:1001251	NT=collision-induced dissociation;AC=MS:1000133	15 ppm	15 ppm	tris(2-carboxyethyl)phosphine (tcep)	chloroacetamide (claa)	1	1	20241129_149_S841024_L12POD3_Diseased_POD3.d.zip	ftp://ftp.pride.ebi.ac.uk/pride/data/archive/2026/09/PXD082236/20241129_149_S841024_L12POD3_Diseased_POD3.d.zip	v1.1.0	NT=ms-proteomics;VV=v1.1.0	NT=dia-acquisition;VV=v1.1.0	manual curation
20241129_121_S841055_C4POD1_Control_POD1.d.zip	homo sapiens	not available	not applicable	not available	1	20241129_121_S841055_C4POD1_Control_POD1.d.zip	proteomic profiling by mass spectrometry	Data-independent acquisition	NT=label free sample;AC=MS:1002038	NT=timstof pro;AC=MS:1003005	NT=Phospho;AC=UNIMOD:21;TA=S,T,Y;MT=Variable	NT=Oxidation;AC=UNIMOD:35;TA=M;MT=Variable	NT=Trypsin;AC=MS:1001251	NT=collision-induced dissociation;AC=MS:1000133	15 ppm	15 ppm	tris(2-carboxyethyl)phosphine (tcep)	chloroacetamide (claa)	1	1	20241129_121_S841055_C4POD1_Control_POD1.d.zip	ftp://ftp.pride.ebi.ac.uk/pride/data/archive/2026/09/PXD082236/20241129_121_S841055_C4POD1_Control_POD1.d.zip	v1.1.0	NT=ms-proteomics;VV=v1.1.0	NT=dia-acquisition;VV=v1.1.0	manual curation
20241129_003_S841074_C8POD2_Control_POD2.d.zip	homo sapiens	not available	not applicable	not available	1	20241129_003_S841074_C8POD2_Control_POD2.d.zip	proteomic profiling by mass spectrometry	Data-independent acquisition	NT=label free sample;AC=MS:1002038	NT=timstof pro;AC=MS:1003005	NT=Phospho;AC=UNIMOD:21;TA=S,T,Y;MT=Variable	NT=Oxidation;AC=UNIMOD:35;TA=M;MT=Variable	NT=Trypsin;AC=MS:1001251	NT=collision-induced dissociation;AC=MS:1000133	15 ppm	15 ppm	tris(2-carboxyethyl)phosphine (tcep)	chloroacetamide (claa)	1	1	20241129_003_S841074_C8POD2_Control_POD2.d.zip	ftp://ftp.pride.ebi.ac.uk/pride/data/archive/2026/09/PXD082236/20241129_003_S841074_C8POD2_Control_POD2.d.zip	v1.1.0	NT=ms-proteomics;VV=v1.1.0	NT=dia-acquisition;VV=v1.1.0	manual curation
20241129_145r_S841032_L14POD1_Diseased_POD1.d.zip	homo sapiens	not available	not applicable	not available	1	20241129_145r_S841032_L14POD1_Diseased_POD1.d.zip	proteomic profiling by mass spectrometry	Data-independent acquisition	NT=label free sample;AC=MS:1002038	NT=timstof pro;AC=MS:1003005	NT=Phospho;AC=UNIMOD:21;TA=S,T,Y;MT=Variable	NT=Oxidation;AC=UNIMOD:35;TA=M;MT=Variable	NT=Trypsin;AC=MS:1001251	NT=collision-induced dissociation;AC=MS:1000133	15 ppm	15 ppm	tris(2-carboxyethyl)phosphine (tcep)	chloroacetamide (claa)	1	1	20241129_145r_S841032_L14POD1_Diseased_POD1.d.zip	ftp://ftp.pride.ebi.ac.uk/pride/data/archive/2026/09/PXD082236/20241129_145r_S841032_L14POD1_Diseased_POD1.d.zip	v1.1.0	NT=ms-proteomics;VV=v1.1.0	NT=dia-acquisition;VV=v1.1.0	manual curation
20241129_103_S841065_C6POD1_Control_POD1.d.zip	homo sapiens	not available	not applicable	not available	1	20241129_103_S841065_C6POD1_Control_POD1.d.zip	proteomic profiling by mass spectrometry	Data-independent acquisition	NT=label free sample;AC=MS:1002038	NT=timstof pro;AC=MS:1003005	NT=Phospho;AC=UNIMOD:21;TA=S,T,Y;MT=Variable	NT=Oxidation;AC=UNIMOD:35;TA=M;MT=Variable	NT=Trypsin;AC=MS:1001251	NT=collision-induced dissociation;AC=MS:1000133	15 ppm	15 ppm	tris(2-carboxyethyl)phosphine (tcep)	chloroacetamide (claa)	1	1	20241129_103_S841065_C6POD1_Control_POD1.d.zip	ftp://ftp.pride.ebi.ac.uk/pride/data/archive/2026/09/PXD082236/20241129_103_S841065_C6POD1_Control_POD1.d.zip	v1.1.0	NT=ms-proteomics;VV=v1.1.0	NT=dia-acquisition;VV=v1.1.0	manual curation
20241129_105_S841050_C3POD1_Control_POD1.d.zip	homo sapiens	not available	not applicable	not available	1	20241129_105_S841050_C3POD1_Control_POD1.d.zip	proteomic profiling by mass spectrometry	Data-independent acquisition	NT=label free sample;AC=MS:1002038	NT=timstof pro;AC=MS:1003005	NT=Phospho;AC=UNIMOD:21;TA=S,T,Y;MT=Variable	NT=Oxidation;AC=UNIMOD:35;TA=M;MT=Variable	NT=Trypsin;AC=MS:1001251	NT=collision-induced dissociation;AC=MS:1000133	15 ppm	15 ppm	tris(2-carboxyethyl)phosphine (tcep)	chloroacetamide (claa)	1	1	20241129_105_S841050_C3POD1_Control_POD1.d.zip	ftp://ftp.pride.ebi.ac.uk/pride/data/archive/2026/09/PXD082236/20241129_105_S841050_C3POD1_Control_POD1.d.zip	v1.1.0	NT=ms-proteomics;VV=v1.1.0	NT=dia-acquisition;VV=v1.1.0	manual curation
20241129_037_S841023_L12POD2_Diseased_POD2.d.zip	homo sapiens	not available	not applicable	not available	1	20241129_037_S841023_L12POD2_Diseased_POD2.d.zip	proteomic profiling by mass spectrometry	Data-independent acquisition	NT=label free sample;AC=MS:1002038	NT=timstof pro;AC=MS:1003005	NT=Phospho;AC=UNIMOD:21;TA=S,T,Y;MT=Variable	NT=Oxidation;AC=UNIMOD:35;TA=M;MT=Variable	NT=Trypsin;AC=MS:1001251	NT=collision-induced dissociation;AC=MS:1000133	15 ppm	15 ppm	tris(2-carboxyethyl)phosphine (tcep)	chloroacetamide (claa)	1	1	20241129_037_S841023_L12POD2_Diseased_POD2.d.zip	ftp://ftp.pride.ebi.ac.uk/pride/data/archive/2026/09/PXD082236/20241129_037_S841023_L12POD2_Diseased_POD2.d.zip	v1.1.0	NT=ms-proteomics;VV=v1.1.0	NT=dia-acquisition;VV=v1.1.0	manual curation
20241129_134_S841114_C16POD5_Control_POD5.d.zip	homo sapiens	not available	not applicable	not available	1	20241129_134_S841114_C16POD5_Control_POD5.d.zip	proteomic profiling by mass spectrometry	Data-independent acquisition	NT=label free sample;AC=MS:1002038	NT=timstof pro;AC=MS:1003005	NT=Phospho;AC=UNIMOD:21;TA=S,T,Y;MT=Variable	NT=Oxidation;AC=UNIMOD:35;TA=M;MT=Variable	NT=Trypsin;AC=MS:1001251	NT=collision-induced dissociation;AC=MS:1000133	15 ppm	15 ppm	tris(2-carboxyethyl)phosphine (tcep)	chloroacetamide (claa)	1	1	20241129_134_S841114_C16POD5_Control_POD5.d.zip	ftp://ftp.pride.ebi.ac.uk/pride/data/archive/2026/09/PXD082236/20241129_134_S841114_C16POD5_Control_POD5.d.zip	v1.1.0	NT=ms-proteomics;VV=v1.1.0	NT=dia-acquisition;VV=v1.1.0	manual curation
20241129_093_S841117_C17POD3_Control_POD3.d.zip	homo sapiens	not available	not applicable	not available	1	20241129_093_S841117_C17POD3_Control_POD3.d.zip	proteomic profiling by mass spectrometry	Data-independent acquisition	NT=label free sample;AC=MS:1002038	NT=timstof pro;AC=MS:1003005	NT=Phospho;AC=UNIMOD:21;TA=S,T,Y;MT=Variable	NT=Oxidation;AC=UNIMOD:35;TA=M;MT=Variable	NT=Trypsin;AC=MS:1001251	NT=collision-induced dissociation;AC=MS:1000133	15 ppm	15 ppm	tris(2-carboxyethyl)phosphine (tcep)	chloroacetamide (claa)	1	1	20241129_093_S841117_C17POD3_Control_POD3.d.zip	ftp://ftp.pride.ebi.ac.uk/pride/data/archive/2026/09/PXD082236/20241129_093_S841117_C17POD3_Control_POD3.d.zip	v1.1.0	NT=ms-proteomics;VV=v1.1.0	NT=dia-acquisition;VV=v1.1.0	manual curation
20241129_060_S841064_C5POD5_Control_POD5.d.zip	homo sapiens	not available	not applicable	not available	1	20241129_060_S841064_C5POD5_Control_POD5.d.zip	proteomic profiling by mass spectrometry	Data-independent acquisition	NT=label free sample;AC=MS:1002038	NT=timstof pro;AC=MS:1003005	NT=Phospho;AC=UNIMOD:21;TA=S,T,Y;MT=Variable	NT=Oxidation;AC=UNIMOD:35;TA=M;MT=Variable	NT=Trypsin;AC=MS:1001251	NT=collision-induced dissociation;AC=MS:1000133	15 ppm	15 ppm	tris(2-carboxyethyl)phosphine (tcep)	chloroacetamide (claa)	1	1	20241129_060_S841064_C5POD5_Control_POD5.d.zip	ftp://ftp.pride.ebi.ac.uk/pride/data/archive/2026/09/PXD082236/20241129_060_S841064_C5POD5_Control_POD5.d.zip	v1.1.0	NT=ms-proteomics;VV=v1.1.0	NT=dia-acquisition;VV=v1.1.0	manual curation
20241129_008_S841062_C5POD3_Control_POD3.d.zip	homo sapiens	not available	not applicable	not available	1	20241129_008_S841062_C5POD3_Control_POD3.d.zip	proteomic profiling by mass spectrometry	Data-independent acquisition	NT=label free sample;AC=MS:1002038	NT=timstof pro;AC=MS:1003005	NT=Phospho;AC=UNIMOD:21;TA=S,T,Y;MT=Variable	NT=Oxidation;AC=UNIMOD:35;TA=M;MT=Variable	NT=Trypsin;AC=MS:1001251	NT=collision-induced dissociation;AC=MS:1000133	15 ppm	15 ppm	tris(2-carboxyethyl)phosphine (tcep)	chloroacetamide (claa)	1	1	20241129_008_S841062_C5POD3_Control_POD3.d.zip	ftp://ftp.pride.ebi.ac.uk/pride/data/archive/2026/09/PXD082236/20241129_008_S841062_C5POD3_Control_POD3.d.zip	v1.1.0	NT=ms-proteomics;VV=v1.1.0	NT=dia-acquisition;VV=v1.1.0	manual curation
20241129_030_S841100_C14POD1_Control_POD1.d.zip	homo sapiens	not available	not applicable	not available	1	20241129_030_S841100_C14POD1_Control_POD1.d.zip	proteomic profiling by mass spectrometry	Data-independent acquisition	NT=label free sample;AC=MS:1002038	NT=timstof pro;AC=MS:1003005	NT=Phospho;AC=UNIMOD:21;TA=S,T,Y;MT=Variable	NT=Oxidation;AC=UNIMOD:35;TA=M;MT=Variable	NT=Trypsin;AC=MS:1001251	NT=collision-induced dissociation;AC=MS:1000133	15 ppm	15 ppm	tris(2-carboxyethyl)phosphine (tcep)	chloroacetamide (claa)	1	1	20241129_030_S841100_C14POD1_Control_POD1.d.zip	ftp://ftp.pride.ebi.ac.uk/pride/data/archive/2026/09/PXD082236/20241129_030_S841100_C14POD1_Control_POD1.d.zip	v1.1.0	NT=ms-proteomics;VV=v1.1.0	NT=dia-acquisition;VV=v1.1.0	manual curation
20241129_140_S841104_C14POD5_Control_POD5.d.zip	homo sapiens	not available	not applicable	not available	1	20241129_140_S841104_C14POD5_Control_POD5.d.zip	proteomic profiling by mass spectrometry	Data-independent acquisition	NT=label free sample;AC=MS:1002038	NT=timstof pro;AC=MS:1003005	NT=Phospho;AC=UNIMOD:21;TA=S,T,Y;MT=Variable	NT=Oxidation;AC=UNIMOD:35;TA=M;MT=Variable	NT=Trypsin;AC=MS:1001251	NT=collision-induced dissociation;AC=MS:1000133	15 ppm	15 ppm	tris(2-carboxyethyl)phosphine (tcep)	chloroacetamide (claa)	1	1	20241129_140_S841104_C14POD5_Control_POD5.d.zip	ftp://ftp.pride.ebi.ac.uk/pride/data/archive/2026/09/PXD082236/20241129_140_S841104_C14POD5_Control_POD5.d.zip	v1.1.0	NT=ms-proteomics;VV=v1.1.0	NT=dia-acquisition;VV=v1.1.0	manual curation
20241129_078_S841052_C3POD3_Control_POD3.d.zip	homo sapiens	not available	not applicable	not available	1	20241129_078_S841052_C3POD3_Control_POD3.d.zip	proteomic profiling by mass spectrometry	Data-independent acquisition	NT=label free sample;AC=MS:1002038	NT=timstof pro;AC=MS:1003005	NT=Phospho;AC=UNIMOD:21;TA=S,T,Y;MT=Variable	NT=Oxidation;AC=UNIMOD:35;TA=M;MT=Variable	NT=Trypsin;AC=MS:1001251	NT=collision-induced dissociation;AC=MS:1000133	15 ppm	15 ppm	tris(2-carboxyethyl)phosphine (tcep)	chloroacetamide (claa)	1	1	20241129_078_S841052_C3POD3_Control_POD3.d.zip	ftp://ftp.pride.ebi.ac.uk/pride/data/archive/2026/09/PXD082236/20241129_078_S841052_C3POD3_Control_POD3.d.zip	v1.1.0	NT=ms-proteomics;VV=v1.1.0	NT=dia-acquisition;VV=v1.1.0	manual curation
20241129_059_S841079_C9POD3_Control_POD3.d.zip	homo sapiens	not available	not applicable	not available	1	20241129_059_S841079_C9POD3_Control_POD3.d.zip	proteomic profiling by mass spectrometry	Data-independent acquisition	NT=label free sample;AC=MS:1002038	NT=timstof pro;AC=MS:1003005	NT=Phospho;AC=UNIMOD:21;TA=S,T,Y;MT=Variable	NT=Oxidation;AC=UNIMOD:35;TA=M;MT=Variable	NT=Trypsin;AC=MS:1001251	NT=collision-induced dissociation;AC=MS:1000133	15 ppm	15 ppm	tris(2-carboxyethyl)phosphine (tcep)	chloroacetamide (claa)	1	1	20241129_059_S841079_C9POD3_Control_POD3.d.zip	ftp://ftp.pride.ebi.ac.uk/pride/data/archive/2026/09/PXD082236/20241129_059_S841079_C9POD3_Control_POD3.d.zip	v1.1.0	NT=ms-proteomics;VV=v1.1.0	NT=dia-acquisition;VV=v1.1.0	manual curation
20241129_053_S841067_C6POD3_Control_POD3.d.zip	homo sapiens	not available	not applicable	not available	1	20241129_053_S841067_C6POD3_Control_POD3.d.zip	proteomic profiling by mass spectrometry	Data-independent acquisition	NT=label free sample;AC=MS:1002038	NT=timstof pro;AC=MS:1003005	NT=Phospho;AC=UNIMOD:21;TA=S,T,Y;MT=Variable	NT=Oxidation;AC=UNIMOD:35;TA=M;MT=Variable	NT=Trypsin;AC=MS:1001251	NT=collision-induced dissociation;AC=MS:1000133	15 ppm	15 ppm	tris(2-carboxyethyl)phosphine (tcep)	chloroacetamide (claa)	1	1	20241129_053_S841067_C6POD3_Control_POD3.d.zip	ftp://ftp.pride.ebi.ac.uk/pride/data/archive/2026/09/PXD082236/20241129_053_S841067_C6POD3_Control_POD3.d.zip	v1.1.0	NT=ms-proteomics;VV=v1.1.0	NT=dia-acquisition;VV=v1.1.0	manual curation
20241129_026_S841027_L13POD1_Diseased_POD1.d.zip	homo sapiens	not available	not applicable	not available	1	20241129_026_S841027_L13POD1_Diseased_POD1.d.zip	proteomic profiling by mass spectrometry	Data-independent acquisition	NT=label free sample;AC=MS:1002038	NT=timstof pro;AC=MS:1003005	NT=Phospho;AC=UNIMOD:21;TA=S,T,Y;MT=Variable	NT=Oxidation;AC=UNIMOD:35;TA=M;MT=Variable	NT=Trypsin;AC=MS:1001251	NT=collision-induced dissociation;AC=MS:1000133	15 ppm	15 ppm	tris(2-carboxyethyl)phosphine (tcep)	chloroacetamide (claa)	1	1	20241129_026_S841027_L13POD1_Diseased_POD1.d.zip	ftp://ftp.pride.ebi.ac.uk/pride/data/archive/2026/09/PXD082236/20241129_026_S841027_L13POD1_Diseased_POD1.d.zip	v1.1.0	NT=ms-proteomics;VV=v1.1.0	NT=dia-acquisition;VV=v1.1.0	manual curation
20241129_010_S841014_L10POD3_Diseased_POD3.d.zip	homo sapiens	not available	not applicable	not available	1	20241129_010_S841014_L10POD3_Diseased_POD3.d.zip	proteomic profiling by mass spectrometry	Data-independent acquisition	NT=label free sample;AC=MS:1002038	NT=timstof pro;AC=MS:1003005	NT=Phospho;AC=UNIMOD:21;TA=S,T,Y;MT=Variable	NT=Oxidation;AC=UNIMOD:35;TA=M;MT=Variable	NT=Trypsin;AC=MS:1001251	NT=collision-induced dissociation;AC=MS:1000133	15 ppm	15 ppm	tris(2-carboxyethyl)phosphine (tcep)	chloroacetamide (claa)	1	1	20241129_010_S841014_L10POD3_Diseased_POD3.d.zip	ftp://ftp.pride.ebi.ac.uk/pride/data/archive/2026/09/PXD082236/20241129_010_S841014_L10POD3_Diseased_POD3.d.zip	v1.1.0	NT=ms-proteomics;VV=v1.1.0	NT=dia-acquisition;VV=v1.1.0	manual curation
20241129_067_S841132_C20POD3_Control_POD3.d.zip	homo sapiens	not available	not applicable	not available	1	20241129_067_S841132_C20POD3_Control_POD3.d.zip	proteomic profiling by mass spectrometry	Data-independent acquisition	NT=label free sample;AC=MS:1002038	NT=timstof pro;AC=MS:1003005	NT=Phospho;AC=UNIMOD:21;TA=S,T,Y;MT=Variable	NT=Oxidation;AC=UNIMOD:35;TA=M;MT=Variable	NT=Trypsin;AC=MS:1001251	NT=collision-induced dissociation;AC=MS:1000133	15 ppm	15 ppm	tris(2-carboxyethyl)phosphine (tcep)	chloroacetamide (claa)	1	1	20241129_067_S841132_C20POD3_Control_POD3.d.zip	ftp://ftp.pride.ebi.ac.uk/pride/data/archive/2026/09/PXD082236/20241129_067_S841132_C20POD3_Control_POD3.d.zip	v1.1.0	NT=ms-proteomics;VV=v1.1.0	NT=dia-acquisition;VV=v1.1.0	manual curation
20241129_101_S841111_C16POD2_Control_POD2.d.zip	homo sapiens	not available	not applicable	not available	1	20241129_101_S841111_C16POD2_Control_POD2.d.zip	proteomic profiling by mass spectrometry	Data-independent acquisition	NT=label free sample;AC=MS:1002038	NT=timstof pro;AC=MS:1003005	NT=Phospho;AC=UNIMOD:21;TA=S,T,Y;MT=Variable	NT=Oxidation;AC=UNIMOD:35;TA=M;MT=Variable	NT=Trypsin;AC=MS:1001251	NT=collision-induced dissociation;AC=MS:1000133	15 ppm	15 ppm	tris(2-carboxyethyl)phosphine (tcep)	chloroacetamide (claa)	1	1	20241129_101_S841111_C16POD2_Control_POD2.d.zip	ftp://ftp.pride.ebi.ac.uk/pride/data/archive/2026/09/PXD082236/20241129_101_S841111_C16POD2_Control_POD2.d.zip	v1.1.0	NT=ms-proteomics;VV=v1.1.0	NT=dia-acquisition;VV=v1.1.0	manual curation
20241129_048_S840989_L4POD2_Diseased_POD2.d.zip	homo sapiens	not available	not applicable	not available	1	20241129_048_S840989_L4POD2_Diseased_POD2.d.zip	proteomic profiling by mass spectrometry	Data-independent acquisition	NT=label free sample;AC=MS:1002038	NT=timstof pro;AC=MS:1003005	NT=Phospho;AC=UNIMOD:21;TA=S,T,Y;MT=Variable	NT=Oxidation;AC=UNIMOD:35;TA=M;MT=Variable	NT=Trypsin;AC=MS:1001251	NT=collision-induced dissociation;AC=MS:1000133	15 ppm	15 ppm	tris(2-carboxyethyl)phosphine (tcep)	chloroacetamide (claa)	1	1	20241129_048_S840989_L4POD2_Diseased_POD2.d.zip	ftp://ftp.pride.ebi.ac.uk/pride/data/archive/2026/09/PXD082236/20241129_048_S840989_L4POD2_Diseased_POD2.d.zip	v1.1.0	NT=ms-proteomics;VV=v1.1.0	NT=dia-acquisition;VV=v1.1.0	manual curation
20241129_045_S840981_L2POD1_Diseased_POD1.d.zip	homo sapiens	not available	not applicable	not available	1	20241129_045_S840981_L2POD1_Diseased_POD1.d.zip	proteomic profiling by mass spectrometry	Data-independent acquisition	NT=label free sample;AC=MS:1002038	NT=timstof pro;AC=MS:1003005	NT=Phospho;AC=UNIMOD:21;TA=S,T,Y;MT=Variable	NT=Oxidation;AC=UNIMOD:35;TA=M;MT=Variable	NT=Trypsin;AC=MS:1001251	NT=collision-induced dissociation;AC=MS:1000133	15 ppm	15 ppm	tris(2-carboxyethyl)phosphine (tcep)	chloroacetamide (claa)	1	1	20241129_045_S840981_L2POD1_Diseased_POD1.d.zip	ftp://ftp.pride.ebi.ac.uk/pride/data/archive/2026/09/PXD082236/20241129_045_S840981_L2POD1_Diseased_POD1.d.zip	v1.1.0	NT=ms-proteomics;VV=v1.1.0	NT=dia-acquisition;VV=v1.1.0	manual curation
20241129_144_S841113_C16POD4_Control_POD4.d.zip	homo sapiens	not available	not applicable	not available	1	20241129_144_S841113_C16POD4_Control_POD4.d.zip	proteomic profiling by mass spectrometry	Data-independent acquisition	NT=label free sample;AC=MS:1002038	NT=timstof pro;AC=MS:1003005	NT=Phospho;AC=UNIMOD:21;TA=S,T,Y;MT=Variable	NT=Oxidation;AC=UNIMOD:35;TA=M;MT=Variable	NT=Trypsin;AC=MS:1001251	NT=collision-induced dissociation;AC=MS:1000133	15 ppm	15 ppm	tris(2-carboxyethyl)phosphine (tcep)	chloroacetamide (claa)	1	1	20241129_144_S841113_C16POD4_Control_POD4.d.zip	ftp://ftp.pride.ebi.ac.uk/pride/data/archive/2026/09/PXD082236/20241129_144_S841113_C16POD4_Control_POD4.d.zip	v1.1.0	NT=ms-proteomics;VV=v1.1.0	NT=dia-acquisition;VV=v1.1.0	manual curation
20241129_046_S840999_L7POD1_Diseased_POD1.d.zip	homo sapiens	not available	not applicable	not available	1	20241129_046_S840999_L7POD1_Diseased_POD1.d.zip	proteomic profiling by mass spectrometry	Data-independent acquisition	NT=label free sample;AC=MS:1002038	NT=timstof pro;AC=MS:1003005	NT=Phospho;AC=UNIMOD:21;TA=S,T,Y;MT=Variable	NT=Oxidation;AC=UNIMOD:35;TA=M;MT=Variable	NT=Trypsin;AC=MS:1001251	NT=collision-induced dissociation;AC=MS:1000133	15 ppm	15 ppm	tris(2-carboxyethyl)phosphine (tcep)	chloroacetamide (claa)	1	1	20241129_046_S840999_L7POD1_Diseased_POD1.d.zip	ftp://ftp.pride.ebi.ac.uk/pride/data/archive/2026/09/PXD082236/20241129_046_S840999_L7POD1_Diseased_POD1.d.zip	v1.1.0	NT=ms-proteomics;VV=v1.1.0	NT=dia-acquisition;VV=v1.1.0	manual curation
20241129_119_S841126_C19POD2_Control_POD2.d.zip	homo sapiens	not available	not applicable	not available	1	20241129_119_S841126_C19POD2_Control_POD2.d.zip	proteomic profiling by mass spectrometry	Data-independent acquisition	NT=label free sample;AC=MS:1002038	NT=timstof pro;AC=MS:1003005	NT=Phospho;AC=UNIMOD:21;TA=S,T,Y;MT=Variable	NT=Oxidation;AC=UNIMOD:35;TA=M;MT=Variable	NT=Trypsin;AC=MS:1001251	NT=collision-induced dissociation;AC=MS:1000133	15 ppm	15 ppm	tris(2-carboxyethyl)phosphine (tcep)	chloroacetamide (claa)	1	1	20241129_119_S841126_C19POD2_Control_POD2.d.zip	ftp://ftp.pride.ebi.ac.uk/pride/data/archive/2026/09/PXD082236/20241129_119_S841126_C19POD2_Control_POD2.d.zip	v1.1.0	NT=ms-proteomics;VV=v1.1.0	NT=dia-acquisition;VV=v1.1.0	manual curation
20241129_062_S840988_L4POD1_Diseased_POD1.d.zip	homo sapiens	not available	not applicable	not available	1	20241129_062_S840988_L4POD1_Diseased_POD1.d.zip	proteomic profiling by mass spectrometry	Data-independent acquisition	NT=label free sample;AC=MS:1002038	NT=timstof pro;AC=MS:1003005	NT=Phospho;AC=UNIMOD:21;TA=S,T,Y;MT=Variable	NT=Oxidation;AC=UNIMOD:35;TA=M;MT=Variable	NT=Trypsin;AC=MS:1001251	NT=collision-induced dissociation;AC=MS:1000133	15 ppm	15 ppm	tris(2-carboxyethyl)phosphine (tcep)	chloroacetamide (claa)	1	1	20241129_062_S840988_L4POD1_Diseased_POD1.d.zip	ftp://ftp.pride.ebi.ac.uk/pride/data/archive/2026/09/PXD082236/20241129_062_S840988_L4POD1_Diseased_POD1.d.zip	v1.1.0	NT=ms-proteomics;VV=v1.1.0	NT=dia-acquisition;VV=v1.1.0	manual curation
20241129_129_S840991_L5POD1_Diseased_POD1.d.zip	homo sapiens	not available	not applicable	not available	1	20241129_129_S840991_L5POD1_Diseased_POD1.d.zip	proteomic profiling by mass spectrometry	Data-independent acquisition	NT=label free sample;AC=MS:1002038	NT=timstof pro;AC=MS:1003005	NT=Phospho;AC=UNIMOD:21;TA=S,T,Y;MT=Variable	NT=Oxidation;AC=UNIMOD:35;TA=M;MT=Variable	NT=Trypsin;AC=MS:1001251	NT=collision-induced dissociation;AC=MS:1000133	15 ppm	15 ppm	tris(2-carboxyethyl)phosphine (tcep)	chloroacetamide (claa)	1	1	20241129_129_S840991_L5POD1_Diseased_POD1.d.zip	ftp://ftp.pride.ebi.ac.uk/pride/data/archive/2026/09/PXD082236/20241129_129_S840991_L5POD1_Diseased_POD1.d.zip	v1.1.0	NT=ms-proteomics;VV=v1.1.0	NT=dia-acquisition;VV=v1.1.0	manual curation
20241129_086_S841028_L13POD2_Diseased_POD2.d.zip	homo sapiens	not available	not applicable	not available	1	20241129_086_S841028_L13POD2_Diseased_POD2.d.zip	proteomic profiling by mass spectrometry	Data-independent acquisition	NT=label free sample;AC=MS:1002038	NT=timstof pro;AC=MS:1003005	NT=Phospho;AC=UNIMOD:21;TA=S,T,Y;MT=Variable	NT=Oxidation;AC=UNIMOD:35;TA=M;MT=Variable	NT=Trypsin;AC=MS:1001251	NT=collision-induced dissociation;AC=MS:1000133	15 ppm	15 ppm	tris(2-carboxyethyl)phosphine (tcep)	chloroacetamide (claa)	1	1	20241129_086_S841028_L13POD2_Diseased_POD2.d.zip	ftp://ftp.pride.ebi.ac.uk/pride/data/archive/2026/09/PXD082236/20241129_086_S841028_L13POD2_Diseased_POD2.d.zip	v1.1.0	NT=ms-proteomics;VV=v1.1.0	NT=dia-acquisition;VV=v1.1.0	manual curation
20241129_027_S841015_L10POD4_Diseased_POD4.d.zip	homo sapiens	not available	not applicable	not available	1	20241129_027_S841015_L10POD4_Diseased_POD4.d.zip	proteomic profiling by mass spectrometry	Data-independent acquisition	NT=label free sample;AC=MS:1002038	NT=timstof pro;AC=MS:1003005	NT=Phospho;AC=UNIMOD:21;TA=S,T,Y;MT=Variable	NT=Oxidation;AC=UNIMOD:35;TA=M;MT=Variable	NT=Trypsin;AC=MS:1001251	NT=collision-induced dissociation;AC=MS:1000133	15 ppm	15 ppm	tris(2-carboxyethyl)phosphine (tcep)	chloroacetamide (claa)	1	1	20241129_027_S841015_L10POD4_Diseased_POD4.d.zip	ftp://ftp.pride.ebi.ac.uk/pride/data/archive/2026/09/PXD082236/20241129_027_S841015_L10POD4_Diseased_POD4.d.zip	v1.1.0	NT=ms-proteomics;VV=v1.1.0	NT=dia-acquisition;VV=v1.1.0	manual curation
20241129_135r_S841041_L15POD5_Diseased_POD5.d.zip	homo sapiens	not available	not applicable	not available	1	20241129_135r_S841041_L15POD5_Diseased_POD5.d.zip	proteomic profiling by mass spectrometry	Data-independent acquisition	NT=label free sample;AC=MS:1002038	NT=timstof pro;AC=MS:1003005	NT=Phospho;AC=UNIMOD:21;TA=S,T,Y;MT=Variable	NT=Oxidation;AC=UNIMOD:35;TA=M;MT=Variable	NT=Trypsin;AC=MS:1001251	NT=collision-induced dissociation;AC=MS:1000133	15 ppm	15 ppm	tris(2-carboxyethyl)phosphine (tcep)	chloroacetamide (claa)	1	1	20241129_135r_S841041_L15POD5_Diseased_POD5.d.zip	ftp://ftp.pride.ebi.ac.uk/pride/data/archive/2026/09/PXD082236/20241129_135r_S841041_L15POD5_Diseased_POD5.d.zip	v1.1.0	NT=ms-proteomics;VV=v1.1.0	NT=dia-acquisition;VV=v1.1.0	manual curation
20241129_041_S841022_L12POD1_Diseased_POD1.d.zip	homo sapiens	not available	not applicable	not available	1	20241129_041_S841022_L12POD1_Diseased_POD1.d.zip	proteomic profiling by mass spectrometry	Data-independent acquisition	NT=label free sample;AC=MS:1002038	NT=timstof pro;AC=MS:1003005	NT=Phospho;AC=UNIMOD:21;TA=S,T,Y;MT=Variable	NT=Oxidation;AC=UNIMOD:35;TA=M;MT=Variable	NT=Trypsin;AC=MS:1001251	NT=collision-induced dissociation;AC=MS:1000133	15 ppm	15 ppm	tris(2-carboxyethyl)phosphine (tcep)	chloroacetamide (claa)	1	1	20241129_041_S841022_L12POD1_Diseased_POD1.d.zip	ftp://ftp.pride.ebi.ac.uk/pride/data/archive/2026/09/PXD082236/20241129_041_S841022_L12POD1_Diseased_POD1.d.zip	v1.1.0	NT=ms-proteomics;VV=v1.1.0	NT=dia-acquisition;VV=v1.1.0	manual curation
20241129_074_S841131_C20POD2_Control_POD2.d.zip	homo sapiens	not available	not applicable	not available	1	20241129_074_S841131_C20POD2_Control_POD2.d.zip	proteomic profiling by mass spectrometry	Data-independent acquisition	NT=label free sample;AC=MS:1002038	NT=timstof pro;AC=MS:1003005	NT=Phospho;AC=UNIMOD:21;TA=S,T,Y;MT=Variable	NT=Oxidation;AC=UNIMOD:35;TA=M;MT=Variable	NT=Trypsin;AC=MS:1001251	NT=collision-induced dissociation;AC=MS:1000133	15 ppm	15 ppm	tris(2-carboxyethyl)phosphine (tcep)	chloroacetamide (claa)	1	1	20241129_074_S841131_C20POD2_Control_POD2.d.zip	ftp://ftp.pride.ebi.ac.uk/pride/data/archive/2026/09/PXD082236/20241129_074_S841131_C20POD2_Control_POD2.d.zip	v1.1.0	NT=ms-proteomics;VV=v1.1.0	NT=dia-acquisition;VV=v1.1.0	manual curation
20241129_087_S841047_C2POD3_Control_POD3.d.zip	homo sapiens	not available	not applicable	not available	1	20241129_087_S841047_C2POD3_Control_POD3.d.zip	proteomic profiling by mass spectrometry	Data-independent acquisition	NT=label free sample;AC=MS:1002038	NT=timstof pro;AC=MS:1003005	NT=Phospho;AC=UNIMOD:21;TA=S,T,Y;MT=Variable	NT=Oxidation;AC=UNIMOD:35;TA=M;MT=Variable	NT=Trypsin;AC=MS:1001251	NT=collision-induced dissociation;AC=MS:1000133	15 ppm	15 ppm	tris(2-carboxyethyl)phosphine (tcep)	chloroacetamide (claa)	1	1	20241129_087_S841047_C2POD3_Control_POD3.d.zip	ftp://ftp.pride.ebi.ac.uk/pride/data/archive/2026/09/PXD082236/20241129_087_S841047_C2POD3_Control_POD3.d.zip	v1.1.0	NT=ms-proteomics;VV=v1.1.0	NT=dia-acquisition;VV=v1.1.0	manual curation
20241129_132_S841085_C10POD4_Control_POD4.d.zip	homo sapiens	not available	not applicable	not available	1	20241129_132_S841085_C10POD4_Control_POD4.d.zip	proteomic profiling by mass spectrometry	Data-independent acquisition	NT=label free sample;AC=MS:1002038	NT=timstof pro;AC=MS:1003005	NT=Phospho;AC=UNIMOD:21;TA=S,T,Y;MT=Variable	NT=Oxidation;AC=UNIMOD:35;TA=M;MT=Variable	NT=Trypsin;AC=MS:1001251	NT=collision-induced dissociation;AC=MS:1000133	15 ppm	15 ppm	tris(2-carboxyethyl)phosphine (tcep)	chloroacetamide (claa)	1	1	20241129_132_S841085_C10POD4_Control_POD4.d.zip	ftp://ftp.pride.ebi.ac.uk/pride/data/archive/2026/09/PXD082236/20241129_132_S841085_C10POD4_Control_POD4.d.zip	v1.1.0	NT=ms-proteomics;VV=v1.1.0	NT=dia-acquisition;VV=v1.1.0	manual curation
20241129_013_S841090_C11POD4_Control_POD4.d.zip	homo sapiens	not available	not applicable	not available	1	20241129_013_S841090_C11POD4_Control_POD4.d.zip	proteomic profiling by mass spectrometry	Data-independent acquisition	NT=label free sample;AC=MS:1002038	NT=timstof pro;AC=MS:1003005	NT=Phospho;AC=UNIMOD:21;TA=S,T,Y;MT=Variable	NT=Oxidation;AC=UNIMOD:35;TA=M;MT=Variable	NT=Trypsin;AC=MS:1001251	NT=collision-induced dissociation;AC=MS:1000133	15 ppm	15 ppm	tris(2-carboxyethyl)phosphine (tcep)	chloroacetamide (claa)	1	1	20241129_013_S841090_C11POD4_Control_POD4.d.zip	ftp://ftp.pride.ebi.ac.uk/pride/data/archive/2026/09/PXD082236/20241129_013_S841090_C11POD4_Control_POD4.d.zip	v1.1.0	NT=ms-proteomics;VV=v1.1.0	NT=dia-acquisition;VV=v1.1.0	manual curation
20241129_124_S841103_C14POD4_Control_POD4.d.zip	homo sapiens	not available	not applicable	not available	1	20241129_124_S841103_C14POD4_Control_POD4.d.zip	proteomic profiling by mass spectrometry	Data-independent acquisition	NT=label free sample;AC=MS:1002038	NT=timstof pro;AC=MS:1003005	NT=Phospho;AC=UNIMOD:21;TA=S,T,Y;MT=Variable	NT=Oxidation;AC=UNIMOD:35;TA=M;MT=Variable	NT=Trypsin;AC=MS:1001251	NT=collision-induced dissociation;AC=MS:1000133	15 ppm	15 ppm	tris(2-carboxyethyl)phosphine (tcep)	chloroacetamide (claa)	1	1	20241129_124_S841103_C14POD4_Control_POD4.d.zip	ftp://ftp.pride.ebi.ac.uk/pride/data/archive/2026/09/PXD082236/20241129_124_S841103_C14POD4_Control_POD4.d.zip	v1.1.0	NT=ms-proteomics;VV=v1.1.0	NT=dia-acquisition;VV=v1.1.0	manual curation
20241129_033_S841102_C14POD3_Control_POD3.d.zip	homo sapiens	not available	not applicable	not available	1	20241129_033_S841102_C14POD3_Control_POD3.d.zip	proteomic profiling by mass spectrometry	Data-independent acquisition	NT=label free sample;AC=MS:1002038	NT=timstof pro;AC=MS:1003005	NT=Phospho;AC=UNIMOD:21;TA=S,T,Y;MT=Variable	NT=Oxidation;AC=UNIMOD:35;TA=M;MT=Variable	NT=Trypsin;AC=MS:1001251	NT=collision-induced dissociation;AC=MS:1000133	15 ppm	15 ppm	tris(2-carboxyethyl)phosphine (tcep)	chloroacetamide (claa)	1	1	20241129_033_S841102_C14POD3_Control_POD3.d.zip	ftp://ftp.pride.ebi.ac.uk/pride/data/archive/2026/09/PXD082236/20241129_033_S841102_C14POD3_Control_POD3.d.zip	v1.1.0	NT=ms-proteomics;VV=v1.1.0	NT=dia-acquisition;VV=v1.1.0	manual curation
20241129_126_S841039_L15POD3_Diseased_POD3.d.zip	homo sapiens	not available	not applicable	not available	1	20241129_126_S841039_L15POD3_Diseased_POD3.d.zip	proteomic profiling by mass spectrometry	Data-independent acquisition	NT=label free sample;AC=MS:1002038	NT=timstof pro;AC=MS:1003005	NT=Phospho;AC=UNIMOD:21;TA=S,T,Y;MT=Variable	NT=Oxidation;AC=UNIMOD:35;TA=M;MT=Variable	NT=Trypsin;AC=MS:1001251	NT=collision-induced dissociation;AC=MS:1000133	15 ppm	15 ppm	tris(2-carboxyethyl)phosphine (tcep)	chloroacetamide (claa)	1	1	20241129_126_S841039_L15POD3_Diseased_POD3.d.zip	ftp://ftp.pride.ebi.ac.uk/pride/data/archive/2026/09/PXD082236/20241129_126_S841039_L15POD3_Diseased_POD3.d.zip	v1.1.0	NT=ms-proteomics;VV=v1.1.0	NT=dia-acquisition;VV=v1.1.0	manual curation
20241129_077_S841066_C6POD2_Control_POD2.d.zip	homo sapiens	not available	not applicable	not available	1	20241129_077_S841066_C6POD2_Control_POD2.d.zip	proteomic profiling by mass spectrometry	Data-independent acquisition	NT=label free sample;AC=MS:1002038	NT=timstof pro;AC=MS:1003005	NT=Phospho;AC=UNIMOD:21;TA=S,T,Y;MT=Variable	NT=Oxidation;AC=UNIMOD:35;TA=M;MT=Variable	NT=Trypsin;AC=MS:1001251	NT=collision-induced dissociation;AC=MS:1000133	15 ppm	15 ppm	tris(2-carboxyethyl)phosphine (tcep)	chloroacetamide (claa)	1	1	20241129_077_S841066_C6POD2_Control_POD2.d.zip	ftp://ftp.pride.ebi.ac.uk/pride/data/archive/2026/09/PXD082236/20241129_077_S841066_C6POD2_Control_POD2.d.zip	v1.1.0	NT=ms-proteomics;VV=v1.1.0	NT=dia-acquisition;VV=v1.1.0	manual curation
20241129_044_S841105_C15POD1_Control_POD1.d.zip	homo sapiens	not available	not applicable	not available	1	20241129_044_S841105_C15POD1_Control_POD1.d.zip	proteomic profiling by mass spectrometry	Data-independent acquisition	NT=label free sample;AC=MS:1002038	NT=timstof pro;AC=MS:1003005	NT=Phospho;AC=UNIMOD:21;TA=S,T,Y;MT=Variable	NT=Oxidation;AC=UNIMOD:35;TA=M;MT=Variable	NT=Trypsin;AC=MS:1001251	NT=collision-induced dissociation;AC=MS:1000133	15 ppm	15 ppm	tris(2-carboxyethyl)phosphine (tcep)	chloroacetamide (claa)	1	1	20241129_044_S841105_C15POD1_Control_POD1.d.zip	ftp://ftp.pride.ebi.ac.uk/pride/data/archive/2026/09/PXD082236/20241129_044_S841105_C15POD1_Control_POD1.d.zip	v1.1.0	NT=ms-proteomics;VV=v1.1.0	NT=dia-acquisition;VV=v1.1.0	manual curation
20241129_106_S841108_C15POD4_Control_POD4.d.zip	homo sapiens	not available	not applicable	not available	1	20241129_106_S841108_C15POD4_Control_POD4.d.zip	proteomic profiling by mass spectrometry	Data-independent acquisition	NT=label free sample;AC=MS:1002038	NT=timstof pro;AC=MS:1003005	NT=Phospho;AC=UNIMOD:21;TA=S,T,Y;MT=Variable	NT=Oxidation;AC=UNIMOD:35;TA=M;MT=Variable	NT=Trypsin;AC=MS:1001251	NT=collision-induced dissociation;AC=MS:1000133	15 ppm	15 ppm	tris(2-carboxyethyl)phosphine (tcep)	chloroacetamide (claa)	1	1	20241129_106_S841108_C15POD4_Control_POD4.d.zip	ftp://ftp.pride.ebi.ac.uk/pride/data/archive/2026/09/PXD082236/20241129_106_S841108_C15POD4_Control_POD4.d.zip	v1.1.0	NT=ms-proteomics;VV=v1.1.0	NT=dia-acquisition;VV=v1.1.0	manual curation
20241129_112rr_S841086_C10POD5_Control_POD5.d.zip	homo sapiens	not available	not applicable	not available	1	20241129_112rr_S841086_C10POD5_Control_POD5.d.zip	proteomic profiling by mass spectrometry	Data-independent acquisition	NT=label free sample;AC=MS:1002038	NT=timstof pro;AC=MS:1003005	NT=Phospho;AC=UNIMOD:21;TA=S,T,Y;MT=Variable	NT=Oxidation;AC=UNIMOD:35;TA=M;MT=Variable	NT=Trypsin;AC=MS:1001251	NT=collision-induced dissociation;AC=MS:1000133	15 ppm	15 ppm	tris(2-carboxyethyl)phosphine (tcep)	chloroacetamide (claa)	1	1	20241129_112rr_S841086_C10POD5_Control_POD5.d.zip	ftp://ftp.pride.ebi.ac.uk/pride/data/archive/2026/09/PXD082236/20241129_112rr_S841086_C10POD5_Control_POD5.d.zip	v1.1.0	NT=ms-proteomics;VV=v1.1.0	NT=dia-acquisition;VV=v1.1.0	manual curation
20241129_102_S841109_C15POD5_Control_POD5.d.zip	homo sapiens	not available	not applicable	not available	1	20241129_102_S841109_C15POD5_Control_POD5.d.zip	proteomic profiling by mass spectrometry	Data-independent acquisition	NT=label free sample;AC=MS:1002038	NT=timstof pro;AC=MS:1003005	NT=Phospho;AC=UNIMOD:21;TA=S,T,Y;MT=Variable	NT=Oxidation;AC=UNIMOD:35;TA=M;MT=Variable	NT=Trypsin;AC=MS:1001251	NT=collision-induced dissociation;AC=MS:1000133	15 ppm	15 ppm	tris(2-carboxyethyl)phosphine (tcep)	chloroacetamide (claa)	1	1	20241129_102_S841109_C15POD5_Control_POD5.d.zip	ftp://ftp.pride.ebi.ac.uk/pride/data/archive/2026/09/PXD082236/20241129_102_S841109_C15POD5_Control_POD5.d.zip	v1.1.0	NT=ms-proteomics;VV=v1.1.0	NT=dia-acquisition;VV=v1.1.0	manual curation
20241129_072r_S841110_C16POD1_Control_POD1.d.zip	homo sapiens	not available	not applicable	not available	1	20241129_072r_S841110_C16POD1_Control_POD1.d.zip	proteomic profiling by mass spectrometry	Data-independent acquisition	NT=label free sample;AC=MS:1002038	NT=timstof pro;AC=MS:1003005	NT=Phospho;AC=UNIMOD:21;TA=S,T,Y;MT=Variable	NT=Oxidation;AC=UNIMOD:35;TA=M;MT=Variable	NT=Trypsin;AC=MS:1001251	NT=collision-induced dissociation;AC=MS:1000133	15 ppm	15 ppm	tris(2-carboxyethyl)phosphine (tcep)	chloroacetamide (claa)	1	1	20241129_072r_S841110_C16POD1_Control_POD1.d.zip	ftp://ftp.pride.ebi.ac.uk/pride/data/archive/2026/09/PXD082236/20241129_072r_S841110_C16POD1_Control_POD1.d.zip	v1.1.0	NT=ms-proteomics;VV=v1.1.0	NT=dia-acquisition;VV=v1.1.0	manual curation
20241129_138_S841087_C11POD1_Control_POD1.d.zip	homo sapiens	not available	not applicable	not available	1	20241129_138_S841087_C11POD1_Control_POD1.d.zip	proteomic profiling by mass spectrometry	Data-independent acquisition	NT=label free sample;AC=MS:1002038	NT=timstof pro;AC=MS:1003005	NT=Phospho;AC=UNIMOD:21;TA=S,T,Y;MT=Variable	NT=Oxidation;AC=UNIMOD:35;TA=M;MT=Variable	NT=Trypsin;AC=MS:1001251	NT=collision-induced dissociation;AC=MS:1000133	15 ppm	15 ppm	tris(2-carboxyethyl)phosphine (tcep)	chloroacetamide (claa)	1	1	20241129_138_S841087_C11POD1_Control_POD1.d.zip	ftp://ftp.pride.ebi.ac.uk/pride/data/archive/2026/09/PXD082236/20241129_138_S841087_C11POD1_Control_POD1.d.zip	v1.1.0	NT=ms-proteomics;VV=v1.1.0	NT=dia-acquisition;VV=v1.1.0	manual curation
20241129_070r_S841101_C14POD2_Control_POD2.d.zip	homo sapiens	not available	not applicable	not available	1	20241129_070r_S841101_C14POD2_Control_POD2.d.zip	proteomic profiling by mass spectrometry	Data-independent acquisition	NT=label free sample;AC=MS:1002038	NT=timstof pro;AC=MS:1003005	NT=Phospho;AC=UNIMOD:21;TA=S,T,Y;MT=Variable	NT=Oxidation;AC=UNIMOD:35;TA=M;MT=Variable	NT=Trypsin;AC=MS:1001251	NT=collision-induced dissociation;AC=MS:1000133	15 ppm	15 ppm	tris(2-carboxyethyl)phosphine (tcep)	chloroacetamide (claa)	1	1	20241129_070r_S841101_C14POD2_Control_POD2.d.zip	ftp://ftp.pride.ebi.ac.uk/pride/data/archive/2026/09/PXD082236/20241129_070r_S841101_C14POD2_Control_POD2.d.zip	v1.1.0	NT=ms-proteomics;VV=v1.1.0	NT=dia-acquisition;VV=v1.1.0	manual curation
20241129_116r_S841116_C17POD2_Control_POD2.d.zip	homo sapiens	not available	not applicable	not available	1	20241129_116r_S841116_C17POD2_Control_POD2.d.zip	proteomic profiling by mass spectrometry	Data-independent acquisition	NT=label free sample;AC=MS:1002038	NT=timstof pro;AC=MS:1003005	NT=Phospho;AC=UNIMOD:21;TA=S,T,Y;MT=Variable	NT=Oxidation;AC=UNIMOD:35;TA=M;MT=Variable	NT=Trypsin;AC=MS:1001251	NT=collision-induced dissociation;AC=MS:1000133	15 ppm	15 ppm	tris(2-carboxyethyl)phosphine (tcep)	chloroacetamide (claa)	1	1	20241129_116r_S841116_C17POD2_Control_POD2.d.zip	ftp://ftp.pride.ebi.ac.uk/pride/data/archive/2026/09/PXD082236/20241129_116r_S841116_C17POD2_Control_POD2.d.zip	v1.1.0	NT=ms-proteomics;VV=v1.1.0	NT=dia-acquisition;VV=v1.1.0	manual curation
20241129_084_S840985_L3POD2_Diseased_POD2.d.zip	homo sapiens	not available	not applicable	not available	1	20241129_084_S840985_L3POD2_Diseased_POD2.d.zip	proteomic profiling by mass spectrometry	Data-independent acquisition	NT=label free sample;AC=MS:1002038	NT=timstof pro;AC=MS:1003005	NT=Phospho;AC=UNIMOD:21;TA=S,T,Y;MT=Variable	NT=Oxidation;AC=UNIMOD:35;TA=M;MT=Variable	NT=Trypsin;AC=MS:1001251	NT=collision-induced dissociation;AC=MS:1000133	15 ppm	15 ppm	tris(2-carboxyethyl)phosphine (tcep)	chloroacetamide (claa)	1	1	20241129_084_S840985_L3POD2_Diseased_POD2.d.zip	ftp://ftp.pride.ebi.ac.uk/pride/data/archive/2026/09/PXD082236/20241129_084_S840985_L3POD2_Diseased_POD2.d.zip	v1.1.0	NT=ms-proteomics;VV=v1.1.0	NT=dia-acquisition;VV=v1.1.0	manual curation
20241129_128_S841106_C15POD2_Control_POD2.d.zip	homo sapiens	not available	not applicable	not available	1	20241129_128_S841106_C15POD2_Control_POD2.d.zip	proteomic profiling by mass spectrometry	Data-independent acquisition	NT=label free sample;AC=MS:1002038	NT=timstof pro;AC=MS:1003005	NT=Phospho;AC=UNIMOD:21;TA=S,T,Y;MT=Variable	NT=Oxidation;AC=UNIMOD:35;TA=M;MT=Variable	NT=Trypsin;AC=MS:1001251	NT=collision-induced dissociation;AC=MS:1000133	15 ppm	15 ppm	tris(2-carboxyethyl)phosphine (tcep)	chloroacetamide (claa)	1	1	20241129_128_S841106_C15POD2_Control_POD2.d.zip	ftp://ftp.pride.ebi.ac.uk/pride/data/archive/2026/09/PXD082236/20241129_128_S841106_C15POD2_Control_POD2.d.zip	v1.1.0	NT=ms-proteomics;VV=v1.1.0	NT=dia-acquisition;VV=v1.1.0	manual curation
20241129_085_S840976_L1POD1_Diseased_POD1.d.zip	homo sapiens	not available	not applicable	not available	1	20241129_085_S840976_L1POD1_Diseased_POD1.d.zip	proteomic profiling by mass spectrometry	Data-independent acquisition	NT=label free sample;AC=MS:1002038	NT=timstof pro;AC=MS:1003005	NT=Phospho;AC=UNIMOD:21;TA=S,T,Y;MT=Variable	NT=Oxidation;AC=UNIMOD:35;TA=M;MT=Variable	NT=Trypsin;AC=MS:1001251	NT=collision-induced dissociation;AC=MS:1000133	15 ppm	15 ppm	tris(2-carboxyethyl)phosphine (tcep)	chloroacetamide (claa)	1	1	20241129_085_S840976_L1POD1_Diseased_POD1.d.zip	ftp://ftp.pride.ebi.ac.uk/pride/data/archive/2026/09/PXD082236/20241129_085_S840976_L1POD1_Diseased_POD1.d.zip	v1.1.0	NT=ms-proteomics;VV=v1.1.0	NT=dia-acquisition;VV=v1.1.0	manual curation
20241129_142_S841069_C7POD1_Control_POD1.d.zip	homo sapiens	not available	not applicable	not available	1	20241129_142_S841069_C7POD1_Control_POD1.d.zip	proteomic profiling by mass spectrometry	Data-independent acquisition	NT=label free sample;AC=MS:1002038	NT=timstof pro;AC=MS:1003005	NT=Phospho;AC=UNIMOD:21;TA=S,T,Y;MT=Variable	NT=Oxidation;AC=UNIMOD:35;TA=M;MT=Variable	NT=Trypsin;AC=MS:1001251	NT=collision-induced dissociation;AC=MS:1000133	15 ppm	15 ppm	tris(2-carboxyethyl)phosphine (tcep)	chloroacetamide (claa)	1	1	20241129_142_S841069_C7POD1_Control_POD1.d.zip	ftp://ftp.pride.ebi.ac.uk/pride/data/archive/2026/09/PXD082236/20241129_142_S841069_C7POD1_Control_POD1.d.zip	v1.1.0	NT=ms-proteomics;VV=v1.1.0	NT=dia-acquisition;VV=v1.1.0	manual curation
20241129_058_S841098_C13POD4_Control_POD4.d.zip	homo sapiens	not available	not applicable	not available	1	20241129_058_S841098_C13POD4_Control_POD4.d.zip	proteomic profiling by mass spectrometry	Data-independent acquisition	NT=label free sample;AC=MS:1002038	NT=timstof pro;AC=MS:1003005	NT=Phospho;AC=UNIMOD:21;TA=S,T,Y;MT=Variable	NT=Oxidation;AC=UNIMOD:35;TA=M;MT=Variable	NT=Trypsin;AC=MS:1001251	NT=collision-induced dissociation;AC=MS:1000133	15 ppm	15 ppm	tris(2-carboxyethyl)phosphine (tcep)	chloroacetamide (claa)	1	1	20241129_058_S841098_C13POD4_Control_POD4.d.zip	ftp://ftp.pride.ebi.ac.uk/pride/data/archive/2026/09/PXD082236/20241129_058_S841098_C13POD4_Control_POD4.d.zip	v1.1.0	NT=ms-proteomics;VV=v1.1.0	NT=dia-acquisition;VV=v1.1.0	manual curation
20241129_066_S841004_L8POD3_Diseased_POD3.d.zip	homo sapiens	not available	not applicable	not available	1	20241129_066_S841004_L8POD3_Diseased_POD3.d.zip	proteomic profiling by mass spectrometry	Data-independent acquisition	NT=label free sample;AC=MS:1002038	NT=timstof pro;AC=MS:1003005	NT=Phospho;AC=UNIMOD:21;TA=S,T,Y;MT=Variable	NT=Oxidation;AC=UNIMOD:35;TA=M;MT=Variable	NT=Trypsin;AC=MS:1001251	NT=collision-induced dissociation;AC=MS:1000133	15 ppm	15 ppm	tris(2-carboxyethyl)phosphine (tcep)	chloroacetamide (claa)	1	1	20241129_066_S841004_L8POD3_Diseased_POD3.d.zip	ftp://ftp.pride.ebi.ac.uk/pride/data/archive/2026/09/PXD082236/20241129_066_S841004_L8POD3_Diseased_POD3.d.zip	v1.1.0	NT=ms-proteomics;VV=v1.1.0	NT=dia-acquisition;VV=v1.1.0	manual curation
20241129_054_S841053_C3POD4_Control_POD4.d.zip	homo sapiens	not available	not applicable	not available	1	20241129_054_S841053_C3POD4_Control_POD4.d.zip	proteomic profiling by mass spectrometry	Data-independent acquisition	NT=label free sample;AC=MS:1002038	NT=timstof pro;AC=MS:1003005	NT=Phospho;AC=UNIMOD:21;TA=S,T,Y;MT=Variable	NT=Oxidation;AC=UNIMOD:35;TA=M;MT=Variable	NT=Trypsin;AC=MS:1001251	NT=collision-induced dissociation;AC=MS:1000133	15 ppm	15 ppm	tris(2-carboxyethyl)phosphine (tcep)	chloroacetamide (claa)	1	1	20241129_054_S841053_C3POD4_Control_POD4.d.zip	ftp://ftp.pride.ebi.ac.uk/pride/data/archive/2026/09/PXD082236/20241129_054_S841053_C3POD4_Control_POD4.d.zip	v1.1.0	NT=ms-proteomics;VV=v1.1.0	NT=dia-acquisition;VV=v1.1.0	manual curation
20241129_040r_S841097_C13POD3_Control_POD3.d.zip	homo sapiens	not available	not applicable	not available	1	20241129_040r_S841097_C13POD3_Control_POD3.d.zip	proteomic profiling by mass spectrometry	Data-independent acquisition	NT=label free sample;AC=MS:1002038	NT=timstof pro;AC=MS:1003005	NT=Phospho;AC=UNIMOD:21;TA=S,T,Y;MT=Variable	NT=Oxidation;AC=UNIMOD:35;TA=M;MT=Variable	NT=Trypsin;AC=MS:1001251	NT=collision-induced dissociation;AC=MS:1000133	15 ppm	15 ppm	tris(2-carboxyethyl)phosphine (tcep)	chloroacetamide (claa)	1	1	20241129_040r_S841097_C13POD3_Control_POD3.d.zip	ftp://ftp.pride.ebi.ac.uk/pride/data/archive/2026/09/PXD082236/20241129_040r_S841097_C13POD3_Control_POD3.d.zip	v1.1.0	NT=ms-proteomics;VV=v1.1.0	NT=dia-acquisition;VV=v1.1.0	manual curation
20241129_076_S840992_L5POD2_Diseased_POD2.d.zip	homo sapiens	not available	not applicable	not available	1	20241129_076_S840992_L5POD2_Diseased_POD2.d.zip	proteomic profiling by mass spectrometry	Data-independent acquisition	NT=label free sample;AC=MS:1002038	NT=timstof pro;AC=MS:1003005	NT=Phospho;AC=UNIMOD:21;TA=S,T,Y;MT=Variable	NT=Oxidation;AC=UNIMOD:35;TA=M;MT=Variable	NT=Trypsin;AC=MS:1001251	NT=collision-induced dissociation;AC=MS:1000133	15 ppm	15 ppm	tris(2-carboxyethyl)phosphine (tcep)	chloroacetamide (claa)	1	1	20241129_076_S840992_L5POD2_Diseased_POD2.d.zip	ftp://ftp.pride.ebi.ac.uk/pride/data/archive/2026/09/PXD082236/20241129_076_S840992_L5POD2_Diseased_POD2.d.zip	v1.1.0	NT=ms-proteomics;VV=v1.1.0	NT=dia-acquisition;VV=v1.1.0	manual curation
20241129_052_S840997_L6POD4_Diseased_POD4.d.zip	homo sapiens	not available	not applicable	not available	1	20241129_052_S840997_L6POD4_Diseased_POD4.d.zip	proteomic profiling by mass spectrometry	Data-independent acquisition	NT=label free sample;AC=MS:1002038	NT=timstof pro;AC=MS:1003005	NT=Phospho;AC=UNIMOD:21;TA=S,T,Y;MT=Variable	NT=Oxidation;AC=UNIMOD:35;TA=M;MT=Variable	NT=Trypsin;AC=MS:1001251	NT=collision-induced dissociation;AC=MS:1000133	15 ppm	15 ppm	tris(2-carboxyethyl)phosphine (tcep)	chloroacetamide (claa)	1	1	20241129_052_S840997_L6POD4_Diseased_POD4.d.zip	ftp://ftp.pride.ebi.ac.uk/pride/data/archive/2026/09/PXD082236/20241129_052_S840997_L6POD4_Diseased_POD4.d.zip	v1.1.0	NT=ms-proteomics;VV=v1.1.0	NT=dia-acquisition;VV=v1.1.0	manual curation
20241129_034_S841112_C16POD3_Control_POD3.d.zip	homo sapiens	not available	not applicable	not available	1	20241129_034_S841112_C16POD3_Control_POD3.d.zip	proteomic profiling by mass spectrometry	Data-independent acquisition	NT=label free sample;AC=MS:1002038	NT=timstof pro;AC=MS:1003005	NT=Phospho;AC=UNIMOD:21;TA=S,T,Y;MT=Variable	NT=Oxidation;AC=UNIMOD:35;TA=M;MT=Variable	NT=Trypsin;AC=MS:1001251	NT=collision-induced dissociation;AC=MS:1000133	15 ppm	15 ppm	tris(2-carboxyethyl)phosphine (tcep)	chloroacetamide (claa)	1	1	20241129_034_S841112_C16POD3_Control_POD3.d.zip	ftp://ftp.pride.ebi.ac.uk/pride/data/archive/2026/09/PXD082236/20241129_034_S841112_C16POD3_Control_POD3.d.zip	v1.1.0	NT=ms-proteomics;VV=v1.1.0	NT=dia-acquisition;VV=v1.1.0	manual curation
20241129_133_S841045_C2POD1_Control_POD1.d.zip	homo sapiens	not available	not applicable	not available	1	20241129_133_S841045_C2POD1_Control_POD1.d.zip	proteomic profiling by mass spectrometry	Data-independent acquisition	NT=label free sample;AC=MS:1002038	NT=timstof pro;AC=MS:1003005	NT=Phospho;AC=UNIMOD:21;TA=S,T,Y;MT=Variable	NT=Oxidation;AC=UNIMOD:35;TA=M;MT=Variable	NT=Trypsin;AC=MS:1001251	NT=collision-induced dissociation;AC=MS:1000133	15 ppm	15 ppm	tris(2-carboxyethyl)phosphine (tcep)	chloroacetamide (claa)	1	1	20241129_133_S841045_C2POD1_Control_POD1.d.zip	ftp://ftp.pride.ebi.ac.uk/pride/data/archive/2026/09/PXD082236/20241129_133_S841045_C2POD1_Control_POD1.d.zip	v1.1.0	NT=ms-proteomics;VV=v1.1.0	NT=dia-acquisition;VV=v1.1.0	manual curation
20241129_080_S841091_C12POD1_Control_POD1.d.zip	homo sapiens	not available	not applicable	not available	1	20241129_080_S841091_C12POD1_Control_POD1.d.zip	proteomic profiling by mass spectrometry	Data-independent acquisition	NT=label free sample;AC=MS:1002038	NT=timstof pro;AC=MS:1003005	NT=Phospho;AC=UNIMOD:21;TA=S,T,Y;MT=Variable	NT=Oxidation;AC=UNIMOD:35;TA=M;MT=Variable	NT=Trypsin;AC=MS:1001251	NT=collision-induced dissociation;AC=MS:1000133	15 ppm	15 ppm	tris(2-carboxyethyl)phosphine (tcep)	chloroacetamide (claa)	1	1	20241129_080_S841091_C12POD1_Control_POD1.d.zip	ftp://ftp.pride.ebi.ac.uk/pride/data/archive/2026/09/PXD082236/20241129_080_S841091_C12POD1_Control_POD1.d.zip	v1.1.0	NT=ms-proteomics;VV=v1.1.0	NT=dia-acquisition;VV=v1.1.0	manual curation
20241129_012_S841099_C13POD5_Control_POD5.d.zip	homo sapiens	not available	not applicable	not available	1	20241129_012_S841099_C13POD5_Control_POD5.d.zip	proteomic profiling by mass spectrometry	Data-independent acquisition	NT=label free sample;AC=MS:1002038	NT=timstof pro;AC=MS:1003005	NT=Phospho;AC=UNIMOD:21;TA=S,T,Y;MT=Variable	NT=Oxidation;AC=UNIMOD:35;TA=M;MT=Variable	NT=Trypsin;AC=MS:1001251	NT=collision-induced dissociation;AC=MS:1000133	15 ppm	15 ppm	tris(2-carboxyethyl)phosphine (tcep)	chloroacetamide (claa)	1	1	20241129_012_S841099_C13POD5_Control_POD5.d.zip	ftp://ftp.pride.ebi.ac.uk/pride/data/archive/2026/09/PXD082236/20241129_012_S841099_C13POD5_Control_POD5.d.zip	v1.1.0	NT=ms-proteomics;VV=v1.1.0	NT=dia-acquisition;VV=v1.1.0	manual curation
20241129_088_S841001_L7POD3_Diseased_POD3.d.zip	homo sapiens	not available	not applicable	not available	1	20241129_088_S841001_L7POD3_Diseased_POD3.d.zip	proteomic profiling by mass spectrometry	Data-independent acquisition	NT=label free sample;AC=MS:1002038	NT=timstof pro;AC=MS:1003005	NT=Phospho;AC=UNIMOD:21;TA=S,T,Y;MT=Variable	NT=Oxidation;AC=UNIMOD:35;TA=M;MT=Variable	NT=Trypsin;AC=MS:1001251	NT=collision-induced dissociation;AC=MS:1000133	15 ppm	15 ppm	tris(2-carboxyethyl)phosphine (tcep)	chloroacetamide (claa)	1	1	20241129_088_S841001_L7POD3_Diseased_POD3.d.zip	ftp://ftp.pride.ebi.ac.uk/pride/data/archive/2026/09/PXD082236/20241129_088_S841001_L7POD3_Diseased_POD3.d.zip	v1.1.0	NT=ms-proteomics;VV=v1.1.0	NT=dia-acquisition;VV=v1.1.0	manual curation
20241129_018r_S841078_C9POD2_Control_POD2.d.zip	homo sapiens	not available	not applicable	not available	1	20241129_018r_S841078_C9POD2_Control_POD2.d.zip	proteomic profiling by mass spectrometry	Data-independent acquisition	NT=label free sample;AC=MS:1002038	NT=timstof pro;AC=MS:1003005	NT=Phospho;AC=UNIMOD:21;TA=S,T,Y;MT=Variable	NT=Oxidation;AC=UNIMOD:35;TA=M;MT=Variable	NT=Trypsin;AC=MS:1001251	NT=collision-induced dissociation;AC=MS:1000133	15 ppm	15 ppm	tris(2-carboxyethyl)phosphine (tcep)	chloroacetamide (claa)	1	1	20241129_018r_S841078_C9POD2_Control_POD2.d.zip	ftp://ftp.pride.ebi.ac.uk/pride/data/archive/2026/09/PXD082236/20241129_018r_S841078_C9POD2_Control_POD2.d.zip	v1.1.0	NT=ms-proteomics;VV=v1.1.0	NT=dia-acquisition;VV=v1.1.0	manual curation
20241129_035_S841076_C8POD4_Control_POD4.d.zip	homo sapiens	not available	not applicable	not available	1	20241129_035_S841076_C8POD4_Control_POD4.d.zip	proteomic profiling by mass spectrometry	Data-independent acquisition	NT=label free sample;AC=MS:1002038	NT=timstof pro;AC=MS:1003005	NT=Phospho;AC=UNIMOD:21;TA=S,T,Y;MT=Variable	NT=Oxidation;AC=UNIMOD:35;TA=M;MT=Variable	NT=Trypsin;AC=MS:1001251	NT=collision-induced dissociation;AC=MS:1000133	15 ppm	15 ppm	tris(2-carboxyethyl)phosphine (tcep)	chloroacetamide (claa)	1	1	20241129_035_S841076_C8POD4_Control_POD4.d.zip	ftp://ftp.pride.ebi.ac.uk/pride/data/archive/2026/09/PXD082236/20241129_035_S841076_C8POD4_Control_POD4.d.zip	v1.1.0	NT=ms-proteomics;VV=v1.1.0	NT=dia-acquisition;VV=v1.1.0	manual curation
20241129_139_S840984_L3POD1_Diseased_POD1.d.zip	homo sapiens	not available	not applicable	not available	1	20241129_139_S840984_L3POD1_Diseased_POD1.d.zip	proteomic profiling by mass spectrometry	Data-independent acquisition	NT=label free sample;AC=MS:1002038	NT=timstof pro;AC=MS:1003005	NT=Phospho;AC=UNIMOD:21;TA=S,T,Y;MT=Variable	NT=Oxidation;AC=UNIMOD:35;TA=M;MT=Variable	NT=Trypsin;AC=MS:1001251	NT=collision-induced dissociation;AC=MS:1000133	15 ppm	15 ppm	tris(2-carboxyethyl)phosphine (tcep)	chloroacetamide (claa)	1	1	20241129_139_S840984_L3POD1_Diseased_POD1.d.zip	ftp://ftp.pride.ebi.ac.uk/pride/data/archive/2026/09/PXD082236/20241129_139_S840984_L3POD1_Diseased_POD1.d.zip	v1.1.0	NT=ms-proteomics;VV=v1.1.0	NT=dia-acquisition;VV=v1.1.0	manual curation
20241129_039_S841000_L7POD2_Diseased_POD2.d.zip	homo sapiens	not available	not applicable	not available	1	20241129_039_S841000_L7POD2_Diseased_POD2.d.zip	proteomic profiling by mass spectrometry	Data-independent acquisition	NT=label free sample;AC=MS:1002038	NT=timstof pro;AC=MS:1003005	NT=Phospho;AC=UNIMOD:21;TA=S,T,Y;MT=Variable	NT=Oxidation;AC=UNIMOD:35;TA=M;MT=Variable	NT=Trypsin;AC=MS:1001251	NT=collision-induced dissociation;AC=MS:1000133	15 ppm	15 ppm	tris(2-carboxyethyl)phosphine (tcep)	chloroacetamide (claa)	1	1	20241129_039_S841000_L7POD2_Diseased_POD2.d.zip	ftp://ftp.pride.ebi.ac.uk/pride/data/archive/2026/09/PXD082236/20241129_039_S841000_L7POD2_Diseased_POD2.d.zip	v1.1.0	NT=ms-proteomics;VV=v1.1.0	NT=dia-acquisition;VV=v1.1.0	manual curation
20241129_152r_S841043_C1POD2_Control_POD2.d.zip	homo sapiens	not available	not applicable	not available	1	20241129_152r_S841043_C1POD2_Control_POD2.d.zip	proteomic profiling by mass spectrometry	Data-independent acquisition	NT=label free sample;AC=MS:1002038	NT=timstof pro;AC=MS:1003005	NT=Phospho;AC=UNIMOD:21;TA=S,T,Y;MT=Variable	NT=Oxidation;AC=UNIMOD:35;TA=M;MT=Variable	NT=Trypsin;AC=MS:1001251	NT=collision-induced dissociation;AC=MS:1000133	15 ppm	15 ppm	tris(2-carboxyethyl)phosphine (tcep)	chloroacetamide (claa)	1	1	20241129_152r_S841043_C1POD2_Control_POD2.d.zip	ftp://ftp.pride.ebi.ac.uk/pride/data/archive/2026/09/PXD082236/20241129_152r_S841043_C1POD2_Control_POD2.d.zip	v1.1.0	NT=ms-proteomics;VV=v1.1.0	NT=dia-acquisition;VV=v1.1.0	manual curation
