source name	characteristics[organism]	characteristics[organism part]	characteristics[disease]	characteristics[biological replicate]	assay name	technology type	comment[proteomics data acquisition method]	comment[label]	comment[instrument]	comment[cleavage agent details]	comment[modification parameters]	comment[modification parameters]	comment[technical replicate]	comment[fraction identifier]	comment[data file]	comment[sdrf version]	comment[sdrf template]	comment[sdrf annotation tool]
20200923_QEP2_FBU_AS_Yeast_RBPs_YAF000_WT_01	Saccharomyces cerevisiae	not available	not available	1	20200923_QEP2_FBU_AS_Yeast_RBPs_YAF000_WT_01	proteomic profiling by mass spectrometry	Data-dependent acquisition	NT=label free sample;AC=MS:1002038	NT=Q Exactive HF;AC=MS:1002523	NT=Lys-C;AC=MS:1001309	NT=Carbamidomethyl;AC=UNIMOD:4;TA=C;MT=Fixed	NT=Oxidation;AC=UNIMOD:35;TA=M;MT=Variable	1	1	20200923_QEP2_FBU_AS_Yeast_RBPs_YAF000_WT_01.raw	v1.1.0	NT=ms-proteomics;VV=v1.1.0	NT=sdrf-skeleton-gen;VV=v1.0.0
20200923_QEP2_FBU_AS_Yeast_RBPs_YAF000_WT_02	Saccharomyces cerevisiae	not available	not available	1	20200923_QEP2_FBU_AS_Yeast_RBPs_YAF000_WT_02	proteomic profiling by mass spectrometry	Data-dependent acquisition	NT=label free sample;AC=MS:1002038	NT=Q Exactive HF;AC=MS:1002523	NT=Lys-C;AC=MS:1001309	NT=Carbamidomethyl;AC=UNIMOD:4;TA=C;MT=Fixed	NT=Oxidation;AC=UNIMOD:35;TA=M;MT=Variable	1	1	20200923_QEP2_FBU_AS_Yeast_RBPs_YAF000_WT_02.raw	v1.1.0	NT=ms-proteomics;VV=v1.1.0	NT=sdrf-skeleton-gen;VV=v1.0.0
20200923_QEP2_FBU_AS_Yeast_RBPs_YAF000_WT_03	Saccharomyces cerevisiae	not available	not available	1	20200923_QEP2_FBU_AS_Yeast_RBPs_YAF000_WT_03	proteomic profiling by mass spectrometry	Data-dependent acquisition	NT=label free sample;AC=MS:1002038	NT=Q Exactive HF;AC=MS:1002523	NT=Lys-C;AC=MS:1001309	NT=Carbamidomethyl;AC=UNIMOD:4;TA=C;MT=Fixed	NT=Oxidation;AC=UNIMOD:35;TA=M;MT=Variable	1	1	20200923_QEP2_FBU_AS_Yeast_RBPs_YAF000_WT_03.raw	v1.1.0	NT=ms-proteomics;VV=v1.1.0	NT=sdrf-skeleton-gen;VV=v1.0.0
20200923_QEP2_FBU_AS_Yeast_RBPs_YAF000_WT_04	Saccharomyces cerevisiae	not available	not available	1	20200923_QEP2_FBU_AS_Yeast_RBPs_YAF000_WT_04	proteomic profiling by mass spectrometry	Data-dependent acquisition	NT=label free sample;AC=MS:1002038	NT=Q Exactive HF;AC=MS:1002523	NT=Lys-C;AC=MS:1001309	NT=Carbamidomethyl;AC=UNIMOD:4;TA=C;MT=Fixed	NT=Oxidation;AC=UNIMOD:35;TA=M;MT=Variable	1	1	20200923_QEP2_FBU_AS_Yeast_RBPs_YAF000_WT_04.raw	v1.1.0	NT=ms-proteomics;VV=v1.1.0	NT=sdrf-skeleton-gen;VV=v1.0.0
20200923_QEP2_FBU_AS_Yeast_RBPs_YAF002_IP_01	Saccharomyces cerevisiae	not available	not available	1	20200923_QEP2_FBU_AS_Yeast_RBPs_YAF002_IP_01	proteomic profiling by mass spectrometry	Data-dependent acquisition	NT=label free sample;AC=MS:1002038	NT=Q Exactive HF;AC=MS:1002523	NT=Lys-C;AC=MS:1001309	NT=Carbamidomethyl;AC=UNIMOD:4;TA=C;MT=Fixed	NT=Oxidation;AC=UNIMOD:35;TA=M;MT=Variable	1	1	20200923_QEP2_FBU_AS_Yeast_RBPs_YAF002_IP_01.raw	v1.1.0	NT=ms-proteomics;VV=v1.1.0	NT=sdrf-skeleton-gen;VV=v1.0.0
20200923_QEP2_FBU_AS_Yeast_RBPs_YAF002_IP_02	Saccharomyces cerevisiae	not available	not available	1	20200923_QEP2_FBU_AS_Yeast_RBPs_YAF002_IP_02	proteomic profiling by mass spectrometry	Data-dependent acquisition	NT=label free sample;AC=MS:1002038	NT=Q Exactive HF;AC=MS:1002523	NT=Lys-C;AC=MS:1001309	NT=Carbamidomethyl;AC=UNIMOD:4;TA=C;MT=Fixed	NT=Oxidation;AC=UNIMOD:35;TA=M;MT=Variable	1	1	20200923_QEP2_FBU_AS_Yeast_RBPs_YAF002_IP_02.raw	v1.1.0	NT=ms-proteomics;VV=v1.1.0	NT=sdrf-skeleton-gen;VV=v1.0.0
20200923_QEP2_FBU_AS_Yeast_RBPs_YAF002_IP_03	Saccharomyces cerevisiae	not available	not available	1	20200923_QEP2_FBU_AS_Yeast_RBPs_YAF002_IP_03	proteomic profiling by mass spectrometry	Data-dependent acquisition	NT=label free sample;AC=MS:1002038	NT=Q Exactive HF;AC=MS:1002523	NT=Lys-C;AC=MS:1001309	NT=Carbamidomethyl;AC=UNIMOD:4;TA=C;MT=Fixed	NT=Oxidation;AC=UNIMOD:35;TA=M;MT=Variable	1	1	20200923_QEP2_FBU_AS_Yeast_RBPs_YAF002_IP_03.raw	v1.1.0	NT=ms-proteomics;VV=v1.1.0	NT=sdrf-skeleton-gen;VV=v1.0.0
20200923_QEP2_FBU_AS_Yeast_RBPs_YAF002_IP_04	Saccharomyces cerevisiae	not available	not available	1	20200923_QEP2_FBU_AS_Yeast_RBPs_YAF002_IP_04	proteomic profiling by mass spectrometry	Data-dependent acquisition	NT=label free sample;AC=MS:1002038	NT=Q Exactive HF;AC=MS:1002523	NT=Lys-C;AC=MS:1001309	NT=Carbamidomethyl;AC=UNIMOD:4;TA=C;MT=Fixed	NT=Oxidation;AC=UNIMOD:35;TA=M;MT=Variable	1	1	20200923_QEP2_FBU_AS_Yeast_RBPs_YAF002_IP_04.raw	v1.1.0	NT=ms-proteomics;VV=v1.1.0	NT=sdrf-skeleton-gen;VV=v1.0.0
20200923_QEP2_FBU_AS_Yeast_RBPs_YAF002_RNAse_01	Saccharomyces cerevisiae	not available	not available	1	20200923_QEP2_FBU_AS_Yeast_RBPs_YAF002_RNAse_01	proteomic profiling by mass spectrometry	Data-dependent acquisition	NT=label free sample;AC=MS:1002038	NT=Q Exactive HF;AC=MS:1002523	NT=Lys-C;AC=MS:1001309	NT=Carbamidomethyl;AC=UNIMOD:4;TA=C;MT=Fixed	NT=Oxidation;AC=UNIMOD:35;TA=M;MT=Variable	1	1	20200923_QEP2_FBU_AS_Yeast_RBPs_YAF002_RNAse_01.raw	v1.1.0	NT=ms-proteomics;VV=v1.1.0	NT=sdrf-skeleton-gen;VV=v1.0.0
20200923_QEP2_FBU_AS_Yeast_RBPs_YAF002_RNAse_02	Saccharomyces cerevisiae	not available	not available	1	20200923_QEP2_FBU_AS_Yeast_RBPs_YAF002_RNAse_02	proteomic profiling by mass spectrometry	Data-dependent acquisition	NT=label free sample;AC=MS:1002038	NT=Q Exactive HF;AC=MS:1002523	NT=Lys-C;AC=MS:1001309	NT=Carbamidomethyl;AC=UNIMOD:4;TA=C;MT=Fixed	NT=Oxidation;AC=UNIMOD:35;TA=M;MT=Variable	1	1	20200923_QEP2_FBU_AS_Yeast_RBPs_YAF002_RNAse_02.raw	v1.1.0	NT=ms-proteomics;VV=v1.1.0	NT=sdrf-skeleton-gen;VV=v1.0.0
20200923_QEP2_FBU_AS_Yeast_RBPs_YAF002_RNAse_03	Saccharomyces cerevisiae	not available	not available	1	20200923_QEP2_FBU_AS_Yeast_RBPs_YAF002_RNAse_03	proteomic profiling by mass spectrometry	Data-dependent acquisition	NT=label free sample;AC=MS:1002038	NT=Q Exactive HF;AC=MS:1002523	NT=Lys-C;AC=MS:1001309	NT=Carbamidomethyl;AC=UNIMOD:4;TA=C;MT=Fixed	NT=Oxidation;AC=UNIMOD:35;TA=M;MT=Variable	1	1	20200923_QEP2_FBU_AS_Yeast_RBPs_YAF002_RNAse_03.raw	v1.1.0	NT=ms-proteomics;VV=v1.1.0	NT=sdrf-skeleton-gen;VV=v1.0.0
20200923_QEP2_FBU_AS_Yeast_RBPs_YAF002_RNAse_04	Saccharomyces cerevisiae	not available	not available	1	20200923_QEP2_FBU_AS_Yeast_RBPs_YAF002_RNAse_04	proteomic profiling by mass spectrometry	Data-dependent acquisition	NT=label free sample;AC=MS:1002038	NT=Q Exactive HF;AC=MS:1002523	NT=Lys-C;AC=MS:1001309	NT=Carbamidomethyl;AC=UNIMOD:4;TA=C;MT=Fixed	NT=Oxidation;AC=UNIMOD:35;TA=M;MT=Variable	1	1	20200923_QEP2_FBU_AS_Yeast_RBPs_YAF002_RNAse_04.raw	v1.1.0	NT=ms-proteomics;VV=v1.1.0	NT=sdrf-skeleton-gen;VV=v1.0.0
20200923_QEP2_FBU_AS_Yeast_RBPs_YAF003_IP_01	Saccharomyces cerevisiae	not available	not available	1	20200923_QEP2_FBU_AS_Yeast_RBPs_YAF003_IP_01	proteomic profiling by mass spectrometry	Data-dependent acquisition	NT=label free sample;AC=MS:1002038	NT=Q Exactive HF;AC=MS:1002523	NT=Lys-C;AC=MS:1001309	NT=Carbamidomethyl;AC=UNIMOD:4;TA=C;MT=Fixed	NT=Oxidation;AC=UNIMOD:35;TA=M;MT=Variable	1	1	20200923_QEP2_FBU_AS_Yeast_RBPs_YAF003_IP_01.raw	v1.1.0	NT=ms-proteomics;VV=v1.1.0	NT=sdrf-skeleton-gen;VV=v1.0.0
20200923_QEP2_FBU_AS_Yeast_RBPs_YAF003_IP_02	Saccharomyces cerevisiae	not available	not available	1	20200923_QEP2_FBU_AS_Yeast_RBPs_YAF003_IP_02	proteomic profiling by mass spectrometry	Data-dependent acquisition	NT=label free sample;AC=MS:1002038	NT=Q Exactive HF;AC=MS:1002523	NT=Lys-C;AC=MS:1001309	NT=Carbamidomethyl;AC=UNIMOD:4;TA=C;MT=Fixed	NT=Oxidation;AC=UNIMOD:35;TA=M;MT=Variable	1	1	20200923_QEP2_FBU_AS_Yeast_RBPs_YAF003_IP_02.raw	v1.1.0	NT=ms-proteomics;VV=v1.1.0	NT=sdrf-skeleton-gen;VV=v1.0.0
20200923_QEP2_FBU_AS_Yeast_RBPs_YAF003_IP_03	Saccharomyces cerevisiae	not available	not available	1	20200923_QEP2_FBU_AS_Yeast_RBPs_YAF003_IP_03	proteomic profiling by mass spectrometry	Data-dependent acquisition	NT=label free sample;AC=MS:1002038	NT=Q Exactive HF;AC=MS:1002523	NT=Lys-C;AC=MS:1001309	NT=Carbamidomethyl;AC=UNIMOD:4;TA=C;MT=Fixed	NT=Oxidation;AC=UNIMOD:35;TA=M;MT=Variable	1	1	20200923_QEP2_FBU_AS_Yeast_RBPs_YAF003_IP_03.raw	v1.1.0	NT=ms-proteomics;VV=v1.1.0	NT=sdrf-skeleton-gen;VV=v1.0.0
20200923_QEP2_FBU_AS_Yeast_RBPs_YAF003_IP_04	Saccharomyces cerevisiae	not available	not available	1	20200923_QEP2_FBU_AS_Yeast_RBPs_YAF003_IP_04	proteomic profiling by mass spectrometry	Data-dependent acquisition	NT=label free sample;AC=MS:1002038	NT=Q Exactive HF;AC=MS:1002523	NT=Lys-C;AC=MS:1001309	NT=Carbamidomethyl;AC=UNIMOD:4;TA=C;MT=Fixed	NT=Oxidation;AC=UNIMOD:35;TA=M;MT=Variable	1	1	20200923_QEP2_FBU_AS_Yeast_RBPs_YAF003_IP_04.raw	v1.1.0	NT=ms-proteomics;VV=v1.1.0	NT=sdrf-skeleton-gen;VV=v1.0.0
20200923_QEP2_FBU_AS_Yeast_RBPs_YAF003_RNAse_01	Saccharomyces cerevisiae	not available	not available	1	20200923_QEP2_FBU_AS_Yeast_RBPs_YAF003_RNAse_01	proteomic profiling by mass spectrometry	Data-dependent acquisition	NT=label free sample;AC=MS:1002038	NT=Q Exactive HF;AC=MS:1002523	NT=Lys-C;AC=MS:1001309	NT=Carbamidomethyl;AC=UNIMOD:4;TA=C;MT=Fixed	NT=Oxidation;AC=UNIMOD:35;TA=M;MT=Variable	1	1	20200923_QEP2_FBU_AS_Yeast_RBPs_YAF003_RNAse_01.raw	v1.1.0	NT=ms-proteomics;VV=v1.1.0	NT=sdrf-skeleton-gen;VV=v1.0.0
20200923_QEP2_FBU_AS_Yeast_RBPs_YAF003_RNAse_02	Saccharomyces cerevisiae	not available	not available	1	20200923_QEP2_FBU_AS_Yeast_RBPs_YAF003_RNAse_02	proteomic profiling by mass spectrometry	Data-dependent acquisition	NT=label free sample;AC=MS:1002038	NT=Q Exactive HF;AC=MS:1002523	NT=Lys-C;AC=MS:1001309	NT=Carbamidomethyl;AC=UNIMOD:4;TA=C;MT=Fixed	NT=Oxidation;AC=UNIMOD:35;TA=M;MT=Variable	1	1	20200923_QEP2_FBU_AS_Yeast_RBPs_YAF003_RNAse_02.raw	v1.1.0	NT=ms-proteomics;VV=v1.1.0	NT=sdrf-skeleton-gen;VV=v1.0.0
20200923_QEP2_FBU_AS_Yeast_RBPs_YAF003_RNAse_03	Saccharomyces cerevisiae	not available	not available	1	20200923_QEP2_FBU_AS_Yeast_RBPs_YAF003_RNAse_03	proteomic profiling by mass spectrometry	Data-dependent acquisition	NT=label free sample;AC=MS:1002038	NT=Q Exactive HF;AC=MS:1002523	NT=Lys-C;AC=MS:1001309	NT=Carbamidomethyl;AC=UNIMOD:4;TA=C;MT=Fixed	NT=Oxidation;AC=UNIMOD:35;TA=M;MT=Variable	1	1	20200923_QEP2_FBU_AS_Yeast_RBPs_YAF003_RNAse_03.raw	v1.1.0	NT=ms-proteomics;VV=v1.1.0	NT=sdrf-skeleton-gen;VV=v1.0.0
20200923_QEP2_FBU_AS_Yeast_RBPs_YAF003_RNAse_04	Saccharomyces cerevisiae	not available	not available	1	20200923_QEP2_FBU_AS_Yeast_RBPs_YAF003_RNAse_04	proteomic profiling by mass spectrometry	Data-dependent acquisition	NT=label free sample;AC=MS:1002038	NT=Q Exactive HF;AC=MS:1002523	NT=Lys-C;AC=MS:1001309	NT=Carbamidomethyl;AC=UNIMOD:4;TA=C;MT=Fixed	NT=Oxidation;AC=UNIMOD:35;TA=M;MT=Variable	1	1	20200923_QEP2_FBU_AS_Yeast_RBPs_YAF003_RNAse_04.raw	v1.1.0	NT=ms-proteomics;VV=v1.1.0	NT=sdrf-skeleton-gen;VV=v1.0.0
20200923_QEP2_FBU_AS_Yeast_RBPs_YAF005_IP_01	Saccharomyces cerevisiae	not available	not available	1	20200923_QEP2_FBU_AS_Yeast_RBPs_YAF005_IP_01	proteomic profiling by mass spectrometry	Data-dependent acquisition	NT=label free sample;AC=MS:1002038	NT=Q Exactive HF;AC=MS:1002523	NT=Lys-C;AC=MS:1001309	NT=Carbamidomethyl;AC=UNIMOD:4;TA=C;MT=Fixed	NT=Oxidation;AC=UNIMOD:35;TA=M;MT=Variable	1	1	20200923_QEP2_FBU_AS_Yeast_RBPs_YAF005_IP_01.raw	v1.1.0	NT=ms-proteomics;VV=v1.1.0	NT=sdrf-skeleton-gen;VV=v1.0.0
20200923_QEP2_FBU_AS_Yeast_RBPs_YAF005_IP_02	Saccharomyces cerevisiae	not available	not available	1	20200923_QEP2_FBU_AS_Yeast_RBPs_YAF005_IP_02	proteomic profiling by mass spectrometry	Data-dependent acquisition	NT=label free sample;AC=MS:1002038	NT=Q Exactive HF;AC=MS:1002523	NT=Lys-C;AC=MS:1001309	NT=Carbamidomethyl;AC=UNIMOD:4;TA=C;MT=Fixed	NT=Oxidation;AC=UNIMOD:35;TA=M;MT=Variable	1	1	20200923_QEP2_FBU_AS_Yeast_RBPs_YAF005_IP_02.raw	v1.1.0	NT=ms-proteomics;VV=v1.1.0	NT=sdrf-skeleton-gen;VV=v1.0.0
20200923_QEP2_FBU_AS_Yeast_RBPs_YAF005_IP_03	Saccharomyces cerevisiae	not available	not available	1	20200923_QEP2_FBU_AS_Yeast_RBPs_YAF005_IP_03	proteomic profiling by mass spectrometry	Data-dependent acquisition	NT=label free sample;AC=MS:1002038	NT=Q Exactive HF;AC=MS:1002523	NT=Lys-C;AC=MS:1001309	NT=Carbamidomethyl;AC=UNIMOD:4;TA=C;MT=Fixed	NT=Oxidation;AC=UNIMOD:35;TA=M;MT=Variable	1	1	20200923_QEP2_FBU_AS_Yeast_RBPs_YAF005_IP_03.raw	v1.1.0	NT=ms-proteomics;VV=v1.1.0	NT=sdrf-skeleton-gen;VV=v1.0.0
20200923_QEP2_FBU_AS_Yeast_RBPs_YAF005_IP_04	Saccharomyces cerevisiae	not available	not available	1	20200923_QEP2_FBU_AS_Yeast_RBPs_YAF005_IP_04	proteomic profiling by mass spectrometry	Data-dependent acquisition	NT=label free sample;AC=MS:1002038	NT=Q Exactive HF;AC=MS:1002523	NT=Lys-C;AC=MS:1001309	NT=Carbamidomethyl;AC=UNIMOD:4;TA=C;MT=Fixed	NT=Oxidation;AC=UNIMOD:35;TA=M;MT=Variable	1	1	20200923_QEP2_FBU_AS_Yeast_RBPs_YAF005_IP_04.raw	v1.1.0	NT=ms-proteomics;VV=v1.1.0	NT=sdrf-skeleton-gen;VV=v1.0.0
20200923_QEP2_FBU_AS_Yeast_RBPs_YAF005_RNAse_01	Saccharomyces cerevisiae	not available	not available	1	20200923_QEP2_FBU_AS_Yeast_RBPs_YAF005_RNAse_01	proteomic profiling by mass spectrometry	Data-dependent acquisition	NT=label free sample;AC=MS:1002038	NT=Q Exactive HF;AC=MS:1002523	NT=Lys-C;AC=MS:1001309	NT=Carbamidomethyl;AC=UNIMOD:4;TA=C;MT=Fixed	NT=Oxidation;AC=UNIMOD:35;TA=M;MT=Variable	1	1	20200923_QEP2_FBU_AS_Yeast_RBPs_YAF005_RNAse_01.raw	v1.1.0	NT=ms-proteomics;VV=v1.1.0	NT=sdrf-skeleton-gen;VV=v1.0.0
20200923_QEP2_FBU_AS_Yeast_RBPs_YAF005_RNAse_02	Saccharomyces cerevisiae	not available	not available	1	20200923_QEP2_FBU_AS_Yeast_RBPs_YAF005_RNAse_02	proteomic profiling by mass spectrometry	Data-dependent acquisition	NT=label free sample;AC=MS:1002038	NT=Q Exactive HF;AC=MS:1002523	NT=Lys-C;AC=MS:1001309	NT=Carbamidomethyl;AC=UNIMOD:4;TA=C;MT=Fixed	NT=Oxidation;AC=UNIMOD:35;TA=M;MT=Variable	1	1	20200923_QEP2_FBU_AS_Yeast_RBPs_YAF005_RNAse_02.raw	v1.1.0	NT=ms-proteomics;VV=v1.1.0	NT=sdrf-skeleton-gen;VV=v1.0.0
20200923_QEP2_FBU_AS_Yeast_RBPs_YAF005_RNAse_03	Saccharomyces cerevisiae	not available	not available	1	20200923_QEP2_FBU_AS_Yeast_RBPs_YAF005_RNAse_03	proteomic profiling by mass spectrometry	Data-dependent acquisition	NT=label free sample;AC=MS:1002038	NT=Q Exactive HF;AC=MS:1002523	NT=Lys-C;AC=MS:1001309	NT=Carbamidomethyl;AC=UNIMOD:4;TA=C;MT=Fixed	NT=Oxidation;AC=UNIMOD:35;TA=M;MT=Variable	1	1	20200923_QEP2_FBU_AS_Yeast_RBPs_YAF005_RNAse_03.raw	v1.1.0	NT=ms-proteomics;VV=v1.1.0	NT=sdrf-skeleton-gen;VV=v1.0.0
20200923_QEP2_FBU_AS_Yeast_RBPs_YAF005_RNAse_04	Saccharomyces cerevisiae	not available	not available	1	20200923_QEP2_FBU_AS_Yeast_RBPs_YAF005_RNAse_04	proteomic profiling by mass spectrometry	Data-dependent acquisition	NT=label free sample;AC=MS:1002038	NT=Q Exactive HF;AC=MS:1002523	NT=Lys-C;AC=MS:1001309	NT=Carbamidomethyl;AC=UNIMOD:4;TA=C;MT=Fixed	NT=Oxidation;AC=UNIMOD:35;TA=M;MT=Variable	1	1	20200923_QEP2_FBU_AS_Yeast_RBPs_YAF005_RNAse_04.raw	v1.1.0	NT=ms-proteomics;VV=v1.1.0	NT=sdrf-skeleton-gen;VV=v1.0.0
20200923_QEP2_FBU_AS_Yeast_RBPs_YAF006_IP_01	Saccharomyces cerevisiae	not available	not available	1	20200923_QEP2_FBU_AS_Yeast_RBPs_YAF006_IP_01	proteomic profiling by mass spectrometry	Data-dependent acquisition	NT=label free sample;AC=MS:1002038	NT=Q Exactive HF;AC=MS:1002523	NT=Lys-C;AC=MS:1001309	NT=Carbamidomethyl;AC=UNIMOD:4;TA=C;MT=Fixed	NT=Oxidation;AC=UNIMOD:35;TA=M;MT=Variable	1	1	20200923_QEP2_FBU_AS_Yeast_RBPs_YAF006_IP_01.raw	v1.1.0	NT=ms-proteomics;VV=v1.1.0	NT=sdrf-skeleton-gen;VV=v1.0.0
20200923_QEP2_FBU_AS_Yeast_RBPs_YAF006_IP_02	Saccharomyces cerevisiae	not available	not available	1	20200923_QEP2_FBU_AS_Yeast_RBPs_YAF006_IP_02	proteomic profiling by mass spectrometry	Data-dependent acquisition	NT=label free sample;AC=MS:1002038	NT=Q Exactive HF;AC=MS:1002523	NT=Lys-C;AC=MS:1001309	NT=Carbamidomethyl;AC=UNIMOD:4;TA=C;MT=Fixed	NT=Oxidation;AC=UNIMOD:35;TA=M;MT=Variable	1	1	20200923_QEP2_FBU_AS_Yeast_RBPs_YAF006_IP_02.raw	v1.1.0	NT=ms-proteomics;VV=v1.1.0	NT=sdrf-skeleton-gen;VV=v1.0.0
20200923_QEP2_FBU_AS_Yeast_RBPs_YAF006_IP_03	Saccharomyces cerevisiae	not available	not available	1	20200923_QEP2_FBU_AS_Yeast_RBPs_YAF006_IP_03	proteomic profiling by mass spectrometry	Data-dependent acquisition	NT=label free sample;AC=MS:1002038	NT=Q Exactive HF;AC=MS:1002523	NT=Lys-C;AC=MS:1001309	NT=Carbamidomethyl;AC=UNIMOD:4;TA=C;MT=Fixed	NT=Oxidation;AC=UNIMOD:35;TA=M;MT=Variable	1	1	20200923_QEP2_FBU_AS_Yeast_RBPs_YAF006_IP_03.raw	v1.1.0	NT=ms-proteomics;VV=v1.1.0	NT=sdrf-skeleton-gen;VV=v1.0.0
20200923_QEP2_FBU_AS_Yeast_RBPs_YAF006_IP_04	Saccharomyces cerevisiae	not available	not available	1	20200923_QEP2_FBU_AS_Yeast_RBPs_YAF006_IP_04	proteomic profiling by mass spectrometry	Data-dependent acquisition	NT=label free sample;AC=MS:1002038	NT=Q Exactive HF;AC=MS:1002523	NT=Lys-C;AC=MS:1001309	NT=Carbamidomethyl;AC=UNIMOD:4;TA=C;MT=Fixed	NT=Oxidation;AC=UNIMOD:35;TA=M;MT=Variable	1	1	20200923_QEP2_FBU_AS_Yeast_RBPs_YAF006_IP_04.raw	v1.1.0	NT=ms-proteomics;VV=v1.1.0	NT=sdrf-skeleton-gen;VV=v1.0.0
20200923_QEP2_FBU_AS_Yeast_RBPs_YAF006_RNAse_01	Saccharomyces cerevisiae	not available	not available	1	20200923_QEP2_FBU_AS_Yeast_RBPs_YAF006_RNAse_01	proteomic profiling by mass spectrometry	Data-dependent acquisition	NT=label free sample;AC=MS:1002038	NT=Q Exactive HF;AC=MS:1002523	NT=Lys-C;AC=MS:1001309	NT=Carbamidomethyl;AC=UNIMOD:4;TA=C;MT=Fixed	NT=Oxidation;AC=UNIMOD:35;TA=M;MT=Variable	1	1	20200923_QEP2_FBU_AS_Yeast_RBPs_YAF006_RNAse_01.raw	v1.1.0	NT=ms-proteomics;VV=v1.1.0	NT=sdrf-skeleton-gen;VV=v1.0.0
20200923_QEP2_FBU_AS_Yeast_RBPs_YAF006_RNAse_02	Saccharomyces cerevisiae	not available	not available	1	20200923_QEP2_FBU_AS_Yeast_RBPs_YAF006_RNAse_02	proteomic profiling by mass spectrometry	Data-dependent acquisition	NT=label free sample;AC=MS:1002038	NT=Q Exactive HF;AC=MS:1002523	NT=Lys-C;AC=MS:1001309	NT=Carbamidomethyl;AC=UNIMOD:4;TA=C;MT=Fixed	NT=Oxidation;AC=UNIMOD:35;TA=M;MT=Variable	1	1	20200923_QEP2_FBU_AS_Yeast_RBPs_YAF006_RNAse_02.raw	v1.1.0	NT=ms-proteomics;VV=v1.1.0	NT=sdrf-skeleton-gen;VV=v1.0.0
20200923_QEP2_FBU_AS_Yeast_RBPs_YAF006_RNAse_03	Saccharomyces cerevisiae	not available	not available	1	20200923_QEP2_FBU_AS_Yeast_RBPs_YAF006_RNAse_03	proteomic profiling by mass spectrometry	Data-dependent acquisition	NT=label free sample;AC=MS:1002038	NT=Q Exactive HF;AC=MS:1002523	NT=Lys-C;AC=MS:1001309	NT=Carbamidomethyl;AC=UNIMOD:4;TA=C;MT=Fixed	NT=Oxidation;AC=UNIMOD:35;TA=M;MT=Variable	1	1	20200923_QEP2_FBU_AS_Yeast_RBPs_YAF006_RNAse_03.raw	v1.1.0	NT=ms-proteomics;VV=v1.1.0	NT=sdrf-skeleton-gen;VV=v1.0.0
20200923_QEP2_FBU_AS_Yeast_RBPs_YAF006_RNAse_04	Saccharomyces cerevisiae	not available	not available	1	20200923_QEP2_FBU_AS_Yeast_RBPs_YAF006_RNAse_04	proteomic profiling by mass spectrometry	Data-dependent acquisition	NT=label free sample;AC=MS:1002038	NT=Q Exactive HF;AC=MS:1002523	NT=Lys-C;AC=MS:1001309	NT=Carbamidomethyl;AC=UNIMOD:4;TA=C;MT=Fixed	NT=Oxidation;AC=UNIMOD:35;TA=M;MT=Variable	1	1	20200923_QEP2_FBU_AS_Yeast_RBPs_YAF006_RNAse_04.raw	v1.1.0	NT=ms-proteomics;VV=v1.1.0	NT=sdrf-skeleton-gen;VV=v1.0.0
20201007_QEP2_FBU_AS_Yeast_RBPs_YAF000_RNAse_01	Saccharomyces cerevisiae	not available	not available	1	20201007_QEP2_FBU_AS_Yeast_RBPs_YAF000_RNAse_01	proteomic profiling by mass spectrometry	Data-dependent acquisition	NT=label free sample;AC=MS:1002038	NT=Q Exactive HF;AC=MS:1002523	NT=Lys-C;AC=MS:1001309	NT=Carbamidomethyl;AC=UNIMOD:4;TA=C;MT=Fixed	NT=Oxidation;AC=UNIMOD:35;TA=M;MT=Variable	1	1	20201007_QEP2_FBU_AS_Yeast_RBPs_YAF000_RNAse_01.raw	v1.1.0	NT=ms-proteomics;VV=v1.1.0	NT=sdrf-skeleton-gen;VV=v1.0.0
20201007_QEP2_FBU_AS_Yeast_RBPs_YAF000_RNAse_02	Saccharomyces cerevisiae	not available	not available	1	20201007_QEP2_FBU_AS_Yeast_RBPs_YAF000_RNAse_02	proteomic profiling by mass spectrometry	Data-dependent acquisition	NT=label free sample;AC=MS:1002038	NT=Q Exactive HF;AC=MS:1002523	NT=Lys-C;AC=MS:1001309	NT=Carbamidomethyl;AC=UNIMOD:4;TA=C;MT=Fixed	NT=Oxidation;AC=UNIMOD:35;TA=M;MT=Variable	1	1	20201007_QEP2_FBU_AS_Yeast_RBPs_YAF000_RNAse_02.raw	v1.1.0	NT=ms-proteomics;VV=v1.1.0	NT=sdrf-skeleton-gen;VV=v1.0.0
20201007_QEP2_FBU_AS_Yeast_RBPs_YAF000_RNAse_03	Saccharomyces cerevisiae	not available	not available	1	20201007_QEP2_FBU_AS_Yeast_RBPs_YAF000_RNAse_03	proteomic profiling by mass spectrometry	Data-dependent acquisition	NT=label free sample;AC=MS:1002038	NT=Q Exactive HF;AC=MS:1002523	NT=Lys-C;AC=MS:1001309	NT=Carbamidomethyl;AC=UNIMOD:4;TA=C;MT=Fixed	NT=Oxidation;AC=UNIMOD:35;TA=M;MT=Variable	1	1	20201007_QEP2_FBU_AS_Yeast_RBPs_YAF000_RNAse_03.raw	v1.1.0	NT=ms-proteomics;VV=v1.1.0	NT=sdrf-skeleton-gen;VV=v1.0.0
20201007_QEP2_FBU_AS_Yeast_RBPs_YAF000_RNAse_04	Saccharomyces cerevisiae	not available	not available	1	20201007_QEP2_FBU_AS_Yeast_RBPs_YAF000_RNAse_04	proteomic profiling by mass spectrometry	Data-dependent acquisition	NT=label free sample;AC=MS:1002038	NT=Q Exactive HF;AC=MS:1002523	NT=Lys-C;AC=MS:1001309	NT=Carbamidomethyl;AC=UNIMOD:4;TA=C;MT=Fixed	NT=Oxidation;AC=UNIMOD:35;TA=M;MT=Variable	1	1	20201007_QEP2_FBU_AS_Yeast_RBPs_YAF000_RNAse_04.raw	v1.1.0	NT=ms-proteomics;VV=v1.1.0	NT=sdrf-skeleton-gen;VV=v1.0.0
20201007_QEP2_FBU_AS_Yeast_RBPs_YAF007_IP_01	Saccharomyces cerevisiae	not available	not available	1	20201007_QEP2_FBU_AS_Yeast_RBPs_YAF007_IP_01	proteomic profiling by mass spectrometry	Data-dependent acquisition	NT=label free sample;AC=MS:1002038	NT=Q Exactive HF;AC=MS:1002523	NT=Lys-C;AC=MS:1001309	NT=Carbamidomethyl;AC=UNIMOD:4;TA=C;MT=Fixed	NT=Oxidation;AC=UNIMOD:35;TA=M;MT=Variable	1	1	20201007_QEP2_FBU_AS_Yeast_RBPs_YAF007_IP_01.raw	v1.1.0	NT=ms-proteomics;VV=v1.1.0	NT=sdrf-skeleton-gen;VV=v1.0.0
20201007_QEP2_FBU_AS_Yeast_RBPs_YAF007_IP_02	Saccharomyces cerevisiae	not available	not available	1	20201007_QEP2_FBU_AS_Yeast_RBPs_YAF007_IP_02	proteomic profiling by mass spectrometry	Data-dependent acquisition	NT=label free sample;AC=MS:1002038	NT=Q Exactive HF;AC=MS:1002523	NT=Lys-C;AC=MS:1001309	NT=Carbamidomethyl;AC=UNIMOD:4;TA=C;MT=Fixed	NT=Oxidation;AC=UNIMOD:35;TA=M;MT=Variable	1	1	20201007_QEP2_FBU_AS_Yeast_RBPs_YAF007_IP_02.raw	v1.1.0	NT=ms-proteomics;VV=v1.1.0	NT=sdrf-skeleton-gen;VV=v1.0.0
20201007_QEP2_FBU_AS_Yeast_RBPs_YAF007_IP_03	Saccharomyces cerevisiae	not available	not available	1	20201007_QEP2_FBU_AS_Yeast_RBPs_YAF007_IP_03	proteomic profiling by mass spectrometry	Data-dependent acquisition	NT=label free sample;AC=MS:1002038	NT=Q Exactive HF;AC=MS:1002523	NT=Lys-C;AC=MS:1001309	NT=Carbamidomethyl;AC=UNIMOD:4;TA=C;MT=Fixed	NT=Oxidation;AC=UNIMOD:35;TA=M;MT=Variable	1	1	20201007_QEP2_FBU_AS_Yeast_RBPs_YAF007_IP_03.raw	v1.1.0	NT=ms-proteomics;VV=v1.1.0	NT=sdrf-skeleton-gen;VV=v1.0.0
20201007_QEP2_FBU_AS_Yeast_RBPs_YAF007_IP_04	Saccharomyces cerevisiae	not available	not available	1	20201007_QEP2_FBU_AS_Yeast_RBPs_YAF007_IP_04	proteomic profiling by mass spectrometry	Data-dependent acquisition	NT=label free sample;AC=MS:1002038	NT=Q Exactive HF;AC=MS:1002523	NT=Lys-C;AC=MS:1001309	NT=Carbamidomethyl;AC=UNIMOD:4;TA=C;MT=Fixed	NT=Oxidation;AC=UNIMOD:35;TA=M;MT=Variable	1	1	20201007_QEP2_FBU_AS_Yeast_RBPs_YAF007_IP_04.raw	v1.1.0	NT=ms-proteomics;VV=v1.1.0	NT=sdrf-skeleton-gen;VV=v1.0.0
20201007_QEP2_FBU_AS_Yeast_RBPs_YAF007_RNAse_01	Saccharomyces cerevisiae	not available	not available	1	20201007_QEP2_FBU_AS_Yeast_RBPs_YAF007_RNAse_01	proteomic profiling by mass spectrometry	Data-dependent acquisition	NT=label free sample;AC=MS:1002038	NT=Q Exactive HF;AC=MS:1002523	NT=Lys-C;AC=MS:1001309	NT=Carbamidomethyl;AC=UNIMOD:4;TA=C;MT=Fixed	NT=Oxidation;AC=UNIMOD:35;TA=M;MT=Variable	1	1	20201007_QEP2_FBU_AS_Yeast_RBPs_YAF007_RNAse_01.raw	v1.1.0	NT=ms-proteomics;VV=v1.1.0	NT=sdrf-skeleton-gen;VV=v1.0.0
20201007_QEP2_FBU_AS_Yeast_RBPs_YAF007_RNAse_02	Saccharomyces cerevisiae	not available	not available	1	20201007_QEP2_FBU_AS_Yeast_RBPs_YAF007_RNAse_02	proteomic profiling by mass spectrometry	Data-dependent acquisition	NT=label free sample;AC=MS:1002038	NT=Q Exactive HF;AC=MS:1002523	NT=Lys-C;AC=MS:1001309	NT=Carbamidomethyl;AC=UNIMOD:4;TA=C;MT=Fixed	NT=Oxidation;AC=UNIMOD:35;TA=M;MT=Variable	1	1	20201007_QEP2_FBU_AS_Yeast_RBPs_YAF007_RNAse_02.raw	v1.1.0	NT=ms-proteomics;VV=v1.1.0	NT=sdrf-skeleton-gen;VV=v1.0.0
20201007_QEP2_FBU_AS_Yeast_RBPs_YAF007_RNAse_03	Saccharomyces cerevisiae	not available	not available	1	20201007_QEP2_FBU_AS_Yeast_RBPs_YAF007_RNAse_03	proteomic profiling by mass spectrometry	Data-dependent acquisition	NT=label free sample;AC=MS:1002038	NT=Q Exactive HF;AC=MS:1002523	NT=Lys-C;AC=MS:1001309	NT=Carbamidomethyl;AC=UNIMOD:4;TA=C;MT=Fixed	NT=Oxidation;AC=UNIMOD:35;TA=M;MT=Variable	1	1	20201007_QEP2_FBU_AS_Yeast_RBPs_YAF007_RNAse_03.raw	v1.1.0	NT=ms-proteomics;VV=v1.1.0	NT=sdrf-skeleton-gen;VV=v1.0.0
20201007_QEP2_FBU_AS_Yeast_RBPs_YAF007_RNAse_04	Saccharomyces cerevisiae	not available	not available	1	20201007_QEP2_FBU_AS_Yeast_RBPs_YAF007_RNAse_04	proteomic profiling by mass spectrometry	Data-dependent acquisition	NT=label free sample;AC=MS:1002038	NT=Q Exactive HF;AC=MS:1002523	NT=Lys-C;AC=MS:1001309	NT=Carbamidomethyl;AC=UNIMOD:4;TA=C;MT=Fixed	NT=Oxidation;AC=UNIMOD:35;TA=M;MT=Variable	1	1	20201007_QEP2_FBU_AS_Yeast_RBPs_YAF007_RNAse_04.raw	v1.1.0	NT=ms-proteomics;VV=v1.1.0	NT=sdrf-skeleton-gen;VV=v1.0.0
20201007_QEP2_FBU_AS_Yeast_RBPs_YAF008_IP_01	Saccharomyces cerevisiae	not available	not available	1	20201007_QEP2_FBU_AS_Yeast_RBPs_YAF008_IP_01	proteomic profiling by mass spectrometry	Data-dependent acquisition	NT=label free sample;AC=MS:1002038	NT=Q Exactive HF;AC=MS:1002523	NT=Lys-C;AC=MS:1001309	NT=Carbamidomethyl;AC=UNIMOD:4;TA=C;MT=Fixed	NT=Oxidation;AC=UNIMOD:35;TA=M;MT=Variable	1	1	20201007_QEP2_FBU_AS_Yeast_RBPs_YAF008_IP_01.raw	v1.1.0	NT=ms-proteomics;VV=v1.1.0	NT=sdrf-skeleton-gen;VV=v1.0.0
20201007_QEP2_FBU_AS_Yeast_RBPs_YAF008_IP_02	Saccharomyces cerevisiae	not available	not available	1	20201007_QEP2_FBU_AS_Yeast_RBPs_YAF008_IP_02	proteomic profiling by mass spectrometry	Data-dependent acquisition	NT=label free sample;AC=MS:1002038	NT=Q Exactive HF;AC=MS:1002523	NT=Lys-C;AC=MS:1001309	NT=Carbamidomethyl;AC=UNIMOD:4;TA=C;MT=Fixed	NT=Oxidation;AC=UNIMOD:35;TA=M;MT=Variable	1	1	20201007_QEP2_FBU_AS_Yeast_RBPs_YAF008_IP_02.raw	v1.1.0	NT=ms-proteomics;VV=v1.1.0	NT=sdrf-skeleton-gen;VV=v1.0.0
20201007_QEP2_FBU_AS_Yeast_RBPs_YAF008_IP_03	Saccharomyces cerevisiae	not available	not available	1	20201007_QEP2_FBU_AS_Yeast_RBPs_YAF008_IP_03	proteomic profiling by mass spectrometry	Data-dependent acquisition	NT=label free sample;AC=MS:1002038	NT=Q Exactive HF;AC=MS:1002523	NT=Lys-C;AC=MS:1001309	NT=Carbamidomethyl;AC=UNIMOD:4;TA=C;MT=Fixed	NT=Oxidation;AC=UNIMOD:35;TA=M;MT=Variable	1	1	20201007_QEP2_FBU_AS_Yeast_RBPs_YAF008_IP_03.raw	v1.1.0	NT=ms-proteomics;VV=v1.1.0	NT=sdrf-skeleton-gen;VV=v1.0.0
20201007_QEP2_FBU_AS_Yeast_RBPs_YAF008_IP_04	Saccharomyces cerevisiae	not available	not available	1	20201007_QEP2_FBU_AS_Yeast_RBPs_YAF008_IP_04	proteomic profiling by mass spectrometry	Data-dependent acquisition	NT=label free sample;AC=MS:1002038	NT=Q Exactive HF;AC=MS:1002523	NT=Lys-C;AC=MS:1001309	NT=Carbamidomethyl;AC=UNIMOD:4;TA=C;MT=Fixed	NT=Oxidation;AC=UNIMOD:35;TA=M;MT=Variable	1	1	20201007_QEP2_FBU_AS_Yeast_RBPs_YAF008_IP_04.raw	v1.1.0	NT=ms-proteomics;VV=v1.1.0	NT=sdrf-skeleton-gen;VV=v1.0.0
20201007_QEP2_FBU_AS_Yeast_RBPs_YAF008_RNAse_01	Saccharomyces cerevisiae	not available	not available	1	20201007_QEP2_FBU_AS_Yeast_RBPs_YAF008_RNAse_01	proteomic profiling by mass spectrometry	Data-dependent acquisition	NT=label free sample;AC=MS:1002038	NT=Q Exactive HF;AC=MS:1002523	NT=Lys-C;AC=MS:1001309	NT=Carbamidomethyl;AC=UNIMOD:4;TA=C;MT=Fixed	NT=Oxidation;AC=UNIMOD:35;TA=M;MT=Variable	1	1	20201007_QEP2_FBU_AS_Yeast_RBPs_YAF008_RNAse_01.raw	v1.1.0	NT=ms-proteomics;VV=v1.1.0	NT=sdrf-skeleton-gen;VV=v1.0.0
20201007_QEP2_FBU_AS_Yeast_RBPs_YAF008_RNAse_02	Saccharomyces cerevisiae	not available	not available	1	20201007_QEP2_FBU_AS_Yeast_RBPs_YAF008_RNAse_02	proteomic profiling by mass spectrometry	Data-dependent acquisition	NT=label free sample;AC=MS:1002038	NT=Q Exactive HF;AC=MS:1002523	NT=Lys-C;AC=MS:1001309	NT=Carbamidomethyl;AC=UNIMOD:4;TA=C;MT=Fixed	NT=Oxidation;AC=UNIMOD:35;TA=M;MT=Variable	1	1	20201007_QEP2_FBU_AS_Yeast_RBPs_YAF008_RNAse_02.raw	v1.1.0	NT=ms-proteomics;VV=v1.1.0	NT=sdrf-skeleton-gen;VV=v1.0.0
20201007_QEP2_FBU_AS_Yeast_RBPs_YAF008_RNAse_03	Saccharomyces cerevisiae	not available	not available	1	20201007_QEP2_FBU_AS_Yeast_RBPs_YAF008_RNAse_03	proteomic profiling by mass spectrometry	Data-dependent acquisition	NT=label free sample;AC=MS:1002038	NT=Q Exactive HF;AC=MS:1002523	NT=Lys-C;AC=MS:1001309	NT=Carbamidomethyl;AC=UNIMOD:4;TA=C;MT=Fixed	NT=Oxidation;AC=UNIMOD:35;TA=M;MT=Variable	1	1	20201007_QEP2_FBU_AS_Yeast_RBPs_YAF008_RNAse_03.raw	v1.1.0	NT=ms-proteomics;VV=v1.1.0	NT=sdrf-skeleton-gen;VV=v1.0.0
20201007_QEP2_FBU_AS_Yeast_RBPs_YAF008_RNAse_04	Saccharomyces cerevisiae	not available	not available	1	20201007_QEP2_FBU_AS_Yeast_RBPs_YAF008_RNAse_04	proteomic profiling by mass spectrometry	Data-dependent acquisition	NT=label free sample;AC=MS:1002038	NT=Q Exactive HF;AC=MS:1002523	NT=Lys-C;AC=MS:1001309	NT=Carbamidomethyl;AC=UNIMOD:4;TA=C;MT=Fixed	NT=Oxidation;AC=UNIMOD:35;TA=M;MT=Variable	1	1	20201007_QEP2_FBU_AS_Yeast_RBPs_YAF008_RNAse_04.raw	v1.1.0	NT=ms-proteomics;VV=v1.1.0	NT=sdrf-skeleton-gen;VV=v1.0.0
20201007_QEP2_FBU_AS_Yeast_RBPs_YAF009_IP_01	Saccharomyces cerevisiae	not available	not available	1	20201007_QEP2_FBU_AS_Yeast_RBPs_YAF009_IP_01	proteomic profiling by mass spectrometry	Data-dependent acquisition	NT=label free sample;AC=MS:1002038	NT=Q Exactive HF;AC=MS:1002523	NT=Lys-C;AC=MS:1001309	NT=Carbamidomethyl;AC=UNIMOD:4;TA=C;MT=Fixed	NT=Oxidation;AC=UNIMOD:35;TA=M;MT=Variable	1	1	20201007_QEP2_FBU_AS_Yeast_RBPs_YAF009_IP_01.raw	v1.1.0	NT=ms-proteomics;VV=v1.1.0	NT=sdrf-skeleton-gen;VV=v1.0.0
20201007_QEP2_FBU_AS_Yeast_RBPs_YAF009_IP_02	Saccharomyces cerevisiae	not available	not available	1	20201007_QEP2_FBU_AS_Yeast_RBPs_YAF009_IP_02	proteomic profiling by mass spectrometry	Data-dependent acquisition	NT=label free sample;AC=MS:1002038	NT=Q Exactive HF;AC=MS:1002523	NT=Lys-C;AC=MS:1001309	NT=Carbamidomethyl;AC=UNIMOD:4;TA=C;MT=Fixed	NT=Oxidation;AC=UNIMOD:35;TA=M;MT=Variable	1	1	20201007_QEP2_FBU_AS_Yeast_RBPs_YAF009_IP_02.raw	v1.1.0	NT=ms-proteomics;VV=v1.1.0	NT=sdrf-skeleton-gen;VV=v1.0.0
20201007_QEP2_FBU_AS_Yeast_RBPs_YAF009_IP_03	Saccharomyces cerevisiae	not available	not available	1	20201007_QEP2_FBU_AS_Yeast_RBPs_YAF009_IP_03	proteomic profiling by mass spectrometry	Data-dependent acquisition	NT=label free sample;AC=MS:1002038	NT=Q Exactive HF;AC=MS:1002523	NT=Lys-C;AC=MS:1001309	NT=Carbamidomethyl;AC=UNIMOD:4;TA=C;MT=Fixed	NT=Oxidation;AC=UNIMOD:35;TA=M;MT=Variable	1	1	20201007_QEP2_FBU_AS_Yeast_RBPs_YAF009_IP_03.raw	v1.1.0	NT=ms-proteomics;VV=v1.1.0	NT=sdrf-skeleton-gen;VV=v1.0.0
20201007_QEP2_FBU_AS_Yeast_RBPs_YAF009_IP_04	Saccharomyces cerevisiae	not available	not available	1	20201007_QEP2_FBU_AS_Yeast_RBPs_YAF009_IP_04	proteomic profiling by mass spectrometry	Data-dependent acquisition	NT=label free sample;AC=MS:1002038	NT=Q Exactive HF;AC=MS:1002523	NT=Lys-C;AC=MS:1001309	NT=Carbamidomethyl;AC=UNIMOD:4;TA=C;MT=Fixed	NT=Oxidation;AC=UNIMOD:35;TA=M;MT=Variable	1	1	20201007_QEP2_FBU_AS_Yeast_RBPs_YAF009_IP_04.raw	v1.1.0	NT=ms-proteomics;VV=v1.1.0	NT=sdrf-skeleton-gen;VV=v1.0.0
20201007_QEP2_FBU_AS_Yeast_RBPs_YAF009_RNAse_01	Saccharomyces cerevisiae	not available	not available	1	20201007_QEP2_FBU_AS_Yeast_RBPs_YAF009_RNAse_01	proteomic profiling by mass spectrometry	Data-dependent acquisition	NT=label free sample;AC=MS:1002038	NT=Q Exactive HF;AC=MS:1002523	NT=Lys-C;AC=MS:1001309	NT=Carbamidomethyl;AC=UNIMOD:4;TA=C;MT=Fixed	NT=Oxidation;AC=UNIMOD:35;TA=M;MT=Variable	1	1	20201007_QEP2_FBU_AS_Yeast_RBPs_YAF009_RNAse_01.raw	v1.1.0	NT=ms-proteomics;VV=v1.1.0	NT=sdrf-skeleton-gen;VV=v1.0.0
20201007_QEP2_FBU_AS_Yeast_RBPs_YAF009_RNAse_02	Saccharomyces cerevisiae	not available	not available	1	20201007_QEP2_FBU_AS_Yeast_RBPs_YAF009_RNAse_02	proteomic profiling by mass spectrometry	Data-dependent acquisition	NT=label free sample;AC=MS:1002038	NT=Q Exactive HF;AC=MS:1002523	NT=Lys-C;AC=MS:1001309	NT=Carbamidomethyl;AC=UNIMOD:4;TA=C;MT=Fixed	NT=Oxidation;AC=UNIMOD:35;TA=M;MT=Variable	1	1	20201007_QEP2_FBU_AS_Yeast_RBPs_YAF009_RNAse_02.raw	v1.1.0	NT=ms-proteomics;VV=v1.1.0	NT=sdrf-skeleton-gen;VV=v1.0.0
20201007_QEP2_FBU_AS_Yeast_RBPs_YAF009_RNAse_03	Saccharomyces cerevisiae	not available	not available	1	20201007_QEP2_FBU_AS_Yeast_RBPs_YAF009_RNAse_03	proteomic profiling by mass spectrometry	Data-dependent acquisition	NT=label free sample;AC=MS:1002038	NT=Q Exactive HF;AC=MS:1002523	NT=Lys-C;AC=MS:1001309	NT=Carbamidomethyl;AC=UNIMOD:4;TA=C;MT=Fixed	NT=Oxidation;AC=UNIMOD:35;TA=M;MT=Variable	1	1	20201007_QEP2_FBU_AS_Yeast_RBPs_YAF009_RNAse_03.raw	v1.1.0	NT=ms-proteomics;VV=v1.1.0	NT=sdrf-skeleton-gen;VV=v1.0.0
20201007_QEP2_FBU_AS_Yeast_RBPs_YAF009_RNAse_04	Saccharomyces cerevisiae	not available	not available	1	20201007_QEP2_FBU_AS_Yeast_RBPs_YAF009_RNAse_04	proteomic profiling by mass spectrometry	Data-dependent acquisition	NT=label free sample;AC=MS:1002038	NT=Q Exactive HF;AC=MS:1002523	NT=Lys-C;AC=MS:1001309	NT=Carbamidomethyl;AC=UNIMOD:4;TA=C;MT=Fixed	NT=Oxidation;AC=UNIMOD:35;TA=M;MT=Variable	1	1	20201007_QEP2_FBU_AS_Yeast_RBPs_YAF009_RNAse_04.raw	v1.1.0	NT=ms-proteomics;VV=v1.1.0	NT=sdrf-skeleton-gen;VV=v1.0.0
20201007_QEP2_FBU_AS_Yeast_RBPs_YAF010_IP_01	Saccharomyces cerevisiae	not available	not available	1	20201007_QEP2_FBU_AS_Yeast_RBPs_YAF010_IP_01	proteomic profiling by mass spectrometry	Data-dependent acquisition	NT=label free sample;AC=MS:1002038	NT=Q Exactive HF;AC=MS:1002523	NT=Lys-C;AC=MS:1001309	NT=Carbamidomethyl;AC=UNIMOD:4;TA=C;MT=Fixed	NT=Oxidation;AC=UNIMOD:35;TA=M;MT=Variable	1	1	20201007_QEP2_FBU_AS_Yeast_RBPs_YAF010_IP_01.raw	v1.1.0	NT=ms-proteomics;VV=v1.1.0	NT=sdrf-skeleton-gen;VV=v1.0.0
20201007_QEP2_FBU_AS_Yeast_RBPs_YAF010_IP_02	Saccharomyces cerevisiae	not available	not available	1	20201007_QEP2_FBU_AS_Yeast_RBPs_YAF010_IP_02	proteomic profiling by mass spectrometry	Data-dependent acquisition	NT=label free sample;AC=MS:1002038	NT=Q Exactive HF;AC=MS:1002523	NT=Lys-C;AC=MS:1001309	NT=Carbamidomethyl;AC=UNIMOD:4;TA=C;MT=Fixed	NT=Oxidation;AC=UNIMOD:35;TA=M;MT=Variable	1	1	20201007_QEP2_FBU_AS_Yeast_RBPs_YAF010_IP_02.raw	v1.1.0	NT=ms-proteomics;VV=v1.1.0	NT=sdrf-skeleton-gen;VV=v1.0.0
20201007_QEP2_FBU_AS_Yeast_RBPs_YAF010_IP_03	Saccharomyces cerevisiae	not available	not available	1	20201007_QEP2_FBU_AS_Yeast_RBPs_YAF010_IP_03	proteomic profiling by mass spectrometry	Data-dependent acquisition	NT=label free sample;AC=MS:1002038	NT=Q Exactive HF;AC=MS:1002523	NT=Lys-C;AC=MS:1001309	NT=Carbamidomethyl;AC=UNIMOD:4;TA=C;MT=Fixed	NT=Oxidation;AC=UNIMOD:35;TA=M;MT=Variable	1	1	20201007_QEP2_FBU_AS_Yeast_RBPs_YAF010_IP_03.raw	v1.1.0	NT=ms-proteomics;VV=v1.1.0	NT=sdrf-skeleton-gen;VV=v1.0.0
20201007_QEP2_FBU_AS_Yeast_RBPs_YAF010_IP_04	Saccharomyces cerevisiae	not available	not available	1	20201007_QEP2_FBU_AS_Yeast_RBPs_YAF010_IP_04	proteomic profiling by mass spectrometry	Data-dependent acquisition	NT=label free sample;AC=MS:1002038	NT=Q Exactive HF;AC=MS:1002523	NT=Lys-C;AC=MS:1001309	NT=Carbamidomethyl;AC=UNIMOD:4;TA=C;MT=Fixed	NT=Oxidation;AC=UNIMOD:35;TA=M;MT=Variable	1	1	20201007_QEP2_FBU_AS_Yeast_RBPs_YAF010_IP_04.raw	v1.1.0	NT=ms-proteomics;VV=v1.1.0	NT=sdrf-skeleton-gen;VV=v1.0.0
20201007_QEP2_FBU_AS_Yeast_RBPs_YAF010_RNAse_01	Saccharomyces cerevisiae	not available	not available	1	20201007_QEP2_FBU_AS_Yeast_RBPs_YAF010_RNAse_01	proteomic profiling by mass spectrometry	Data-dependent acquisition	NT=label free sample;AC=MS:1002038	NT=Q Exactive HF;AC=MS:1002523	NT=Lys-C;AC=MS:1001309	NT=Carbamidomethyl;AC=UNIMOD:4;TA=C;MT=Fixed	NT=Oxidation;AC=UNIMOD:35;TA=M;MT=Variable	1	1	20201007_QEP2_FBU_AS_Yeast_RBPs_YAF010_RNAse_01.raw	v1.1.0	NT=ms-proteomics;VV=v1.1.0	NT=sdrf-skeleton-gen;VV=v1.0.0
20201007_QEP2_FBU_AS_Yeast_RBPs_YAF010_RNAse_02	Saccharomyces cerevisiae	not available	not available	1	20201007_QEP2_FBU_AS_Yeast_RBPs_YAF010_RNAse_02	proteomic profiling by mass spectrometry	Data-dependent acquisition	NT=label free sample;AC=MS:1002038	NT=Q Exactive HF;AC=MS:1002523	NT=Lys-C;AC=MS:1001309	NT=Carbamidomethyl;AC=UNIMOD:4;TA=C;MT=Fixed	NT=Oxidation;AC=UNIMOD:35;TA=M;MT=Variable	1	1	20201007_QEP2_FBU_AS_Yeast_RBPs_YAF010_RNAse_02.raw	v1.1.0	NT=ms-proteomics;VV=v1.1.0	NT=sdrf-skeleton-gen;VV=v1.0.0
20201007_QEP2_FBU_AS_Yeast_RBPs_YAF010_RNAse_03	Saccharomyces cerevisiae	not available	not available	1	20201007_QEP2_FBU_AS_Yeast_RBPs_YAF010_RNAse_03	proteomic profiling by mass spectrometry	Data-dependent acquisition	NT=label free sample;AC=MS:1002038	NT=Q Exactive HF;AC=MS:1002523	NT=Lys-C;AC=MS:1001309	NT=Carbamidomethyl;AC=UNIMOD:4;TA=C;MT=Fixed	NT=Oxidation;AC=UNIMOD:35;TA=M;MT=Variable	1	1	20201007_QEP2_FBU_AS_Yeast_RBPs_YAF010_RNAse_03.raw	v1.1.0	NT=ms-proteomics;VV=v1.1.0	NT=sdrf-skeleton-gen;VV=v1.0.0
20201007_QEP2_FBU_AS_Yeast_RBPs_YAF010_RNAse_04	Saccharomyces cerevisiae	not available	not available	1	20201007_QEP2_FBU_AS_Yeast_RBPs_YAF010_RNAse_04	proteomic profiling by mass spectrometry	Data-dependent acquisition	NT=label free sample;AC=MS:1002038	NT=Q Exactive HF;AC=MS:1002523	NT=Lys-C;AC=MS:1001309	NT=Carbamidomethyl;AC=UNIMOD:4;TA=C;MT=Fixed	NT=Oxidation;AC=UNIMOD:35;TA=M;MT=Variable	1	1	20201007_QEP2_FBU_AS_Yeast_RBPs_YAF010_RNAse_04.raw	v1.1.0	NT=ms-proteomics;VV=v1.1.0	NT=sdrf-skeleton-gen;VV=v1.0.0
20201007_QEP2_FBU_AS_Yeast_RBPs_YAF011_IP_01	Saccharomyces cerevisiae	not available	not available	1	20201007_QEP2_FBU_AS_Yeast_RBPs_YAF011_IP_01	proteomic profiling by mass spectrometry	Data-dependent acquisition	NT=label free sample;AC=MS:1002038	NT=Q Exactive HF;AC=MS:1002523	NT=Lys-C;AC=MS:1001309	NT=Carbamidomethyl;AC=UNIMOD:4;TA=C;MT=Fixed	NT=Oxidation;AC=UNIMOD:35;TA=M;MT=Variable	1	1	20201007_QEP2_FBU_AS_Yeast_RBPs_YAF011_IP_01.raw	v1.1.0	NT=ms-proteomics;VV=v1.1.0	NT=sdrf-skeleton-gen;VV=v1.0.0
20201007_QEP2_FBU_AS_Yeast_RBPs_YAF011_IP_02	Saccharomyces cerevisiae	not available	not available	1	20201007_QEP2_FBU_AS_Yeast_RBPs_YAF011_IP_02	proteomic profiling by mass spectrometry	Data-dependent acquisition	NT=label free sample;AC=MS:1002038	NT=Q Exactive HF;AC=MS:1002523	NT=Lys-C;AC=MS:1001309	NT=Carbamidomethyl;AC=UNIMOD:4;TA=C;MT=Fixed	NT=Oxidation;AC=UNIMOD:35;TA=M;MT=Variable	1	1	20201007_QEP2_FBU_AS_Yeast_RBPs_YAF011_IP_02.raw	v1.1.0	NT=ms-proteomics;VV=v1.1.0	NT=sdrf-skeleton-gen;VV=v1.0.0
20201007_QEP2_FBU_AS_Yeast_RBPs_YAF011_IP_03	Saccharomyces cerevisiae	not available	not available	1	20201007_QEP2_FBU_AS_Yeast_RBPs_YAF011_IP_03	proteomic profiling by mass spectrometry	Data-dependent acquisition	NT=label free sample;AC=MS:1002038	NT=Q Exactive HF;AC=MS:1002523	NT=Lys-C;AC=MS:1001309	NT=Carbamidomethyl;AC=UNIMOD:4;TA=C;MT=Fixed	NT=Oxidation;AC=UNIMOD:35;TA=M;MT=Variable	1	1	20201007_QEP2_FBU_AS_Yeast_RBPs_YAF011_IP_03.raw	v1.1.0	NT=ms-proteomics;VV=v1.1.0	NT=sdrf-skeleton-gen;VV=v1.0.0
20201007_QEP2_FBU_AS_Yeast_RBPs_YAF011_IP_04	Saccharomyces cerevisiae	not available	not available	1	20201007_QEP2_FBU_AS_Yeast_RBPs_YAF011_IP_04	proteomic profiling by mass spectrometry	Data-dependent acquisition	NT=label free sample;AC=MS:1002038	NT=Q Exactive HF;AC=MS:1002523	NT=Lys-C;AC=MS:1001309	NT=Carbamidomethyl;AC=UNIMOD:4;TA=C;MT=Fixed	NT=Oxidation;AC=UNIMOD:35;TA=M;MT=Variable	1	1	20201007_QEP2_FBU_AS_Yeast_RBPs_YAF011_IP_04.raw	v1.1.0	NT=ms-proteomics;VV=v1.1.0	NT=sdrf-skeleton-gen;VV=v1.0.0
20201007_QEP2_FBU_AS_Yeast_RBPs_YAF011_RNAse_01	Saccharomyces cerevisiae	not available	not available	1	20201007_QEP2_FBU_AS_Yeast_RBPs_YAF011_RNAse_01	proteomic profiling by mass spectrometry	Data-dependent acquisition	NT=label free sample;AC=MS:1002038	NT=Q Exactive HF;AC=MS:1002523	NT=Lys-C;AC=MS:1001309	NT=Carbamidomethyl;AC=UNIMOD:4;TA=C;MT=Fixed	NT=Oxidation;AC=UNIMOD:35;TA=M;MT=Variable	1	1	20201007_QEP2_FBU_AS_Yeast_RBPs_YAF011_RNAse_01.raw	v1.1.0	NT=ms-proteomics;VV=v1.1.0	NT=sdrf-skeleton-gen;VV=v1.0.0
20201007_QEP2_FBU_AS_Yeast_RBPs_YAF011_RNAse_02	Saccharomyces cerevisiae	not available	not available	1	20201007_QEP2_FBU_AS_Yeast_RBPs_YAF011_RNAse_02	proteomic profiling by mass spectrometry	Data-dependent acquisition	NT=label free sample;AC=MS:1002038	NT=Q Exactive HF;AC=MS:1002523	NT=Lys-C;AC=MS:1001309	NT=Carbamidomethyl;AC=UNIMOD:4;TA=C;MT=Fixed	NT=Oxidation;AC=UNIMOD:35;TA=M;MT=Variable	1	1	20201007_QEP2_FBU_AS_Yeast_RBPs_YAF011_RNAse_02.raw	v1.1.0	NT=ms-proteomics;VV=v1.1.0	NT=sdrf-skeleton-gen;VV=v1.0.0
20201007_QEP2_FBU_AS_Yeast_RBPs_YAF011_RNAse_03	Saccharomyces cerevisiae	not available	not available	1	20201007_QEP2_FBU_AS_Yeast_RBPs_YAF011_RNAse_03	proteomic profiling by mass spectrometry	Data-dependent acquisition	NT=label free sample;AC=MS:1002038	NT=Q Exactive HF;AC=MS:1002523	NT=Lys-C;AC=MS:1001309	NT=Carbamidomethyl;AC=UNIMOD:4;TA=C;MT=Fixed	NT=Oxidation;AC=UNIMOD:35;TA=M;MT=Variable	1	1	20201007_QEP2_FBU_AS_Yeast_RBPs_YAF011_RNAse_03.raw	v1.1.0	NT=ms-proteomics;VV=v1.1.0	NT=sdrf-skeleton-gen;VV=v1.0.0
20201007_QEP2_FBU_AS_Yeast_RBPs_YAF011_RNAse_04	Saccharomyces cerevisiae	not available	not available	1	20201007_QEP2_FBU_AS_Yeast_RBPs_YAF011_RNAse_04	proteomic profiling by mass spectrometry	Data-dependent acquisition	NT=label free sample;AC=MS:1002038	NT=Q Exactive HF;AC=MS:1002523	NT=Lys-C;AC=MS:1001309	NT=Carbamidomethyl;AC=UNIMOD:4;TA=C;MT=Fixed	NT=Oxidation;AC=UNIMOD:35;TA=M;MT=Variable	1	1	20201007_QEP2_FBU_AS_Yeast_RBPs_YAF011_RNAse_04.raw	v1.1.0	NT=ms-proteomics;VV=v1.1.0	NT=sdrf-skeleton-gen;VV=v1.0.0
20201021_QEP2_FBU_AS_Yeast_RBPs_YAF000_BUP_RNAse_02	Saccharomyces cerevisiae	not available	not available	1	20201021_QEP2_FBU_AS_Yeast_RBPs_YAF000_BUP_RNAse_02	proteomic profiling by mass spectrometry	Data-dependent acquisition	NT=label free sample;AC=MS:1002038	NT=Q Exactive HF;AC=MS:1002523	NT=Lys-C;AC=MS:1001309	NT=Carbamidomethyl;AC=UNIMOD:4;TA=C;MT=Fixed	NT=Oxidation;AC=UNIMOD:35;TA=M;MT=Variable	1	1	20201021_QEP2_FBU_AS_Yeast_RBPs_YAF000_BUP_RNAse_02.raw	v1.1.0	NT=ms-proteomics;VV=v1.1.0	NT=sdrf-skeleton-gen;VV=v1.0.0
20201021_QEP2_FBU_AS_Yeast_RBPs_YAF000_BUP_RNAse_03	Saccharomyces cerevisiae	not available	not available	1	20201021_QEP2_FBU_AS_Yeast_RBPs_YAF000_BUP_RNAse_03	proteomic profiling by mass spectrometry	Data-dependent acquisition	NT=label free sample;AC=MS:1002038	NT=Q Exactive HF;AC=MS:1002523	NT=Lys-C;AC=MS:1001309	NT=Carbamidomethyl;AC=UNIMOD:4;TA=C;MT=Fixed	NT=Oxidation;AC=UNIMOD:35;TA=M;MT=Variable	1	1	20201021_QEP2_FBU_AS_Yeast_RBPs_YAF000_BUP_RNAse_03.raw	v1.1.0	NT=ms-proteomics;VV=v1.1.0	NT=sdrf-skeleton-gen;VV=v1.0.0
20201021_QEP2_FBU_AS_Yeast_RBPs_YAF000_BUP_RNAse_04	Saccharomyces cerevisiae	not available	not available	1	20201021_QEP2_FBU_AS_Yeast_RBPs_YAF000_BUP_RNAse_04	proteomic profiling by mass spectrometry	Data-dependent acquisition	NT=label free sample;AC=MS:1002038	NT=Q Exactive HF;AC=MS:1002523	NT=Lys-C;AC=MS:1001309	NT=Carbamidomethyl;AC=UNIMOD:4;TA=C;MT=Fixed	NT=Oxidation;AC=UNIMOD:35;TA=M;MT=Variable	1	1	20201021_QEP2_FBU_AS_Yeast_RBPs_YAF000_BUP_RNAse_04.raw	v1.1.0	NT=ms-proteomics;VV=v1.1.0	NT=sdrf-skeleton-gen;VV=v1.0.0
20201021_QEP2_FBU_AS_Yeast_RBPs_YAF000_RNAse_01	Saccharomyces cerevisiae	not available	not available	1	20201021_QEP2_FBU_AS_Yeast_RBPs_YAF000_RNAse_01	proteomic profiling by mass spectrometry	Data-dependent acquisition	NT=label free sample;AC=MS:1002038	NT=Q Exactive HF;AC=MS:1002523	NT=Lys-C;AC=MS:1001309	NT=Carbamidomethyl;AC=UNIMOD:4;TA=C;MT=Fixed	NT=Oxidation;AC=UNIMOD:35;TA=M;MT=Variable	1	1	20201021_QEP2_FBU_AS_Yeast_RBPs_YAF000_RNAse_01.raw	v1.1.0	NT=ms-proteomics;VV=v1.1.0	NT=sdrf-skeleton-gen;VV=v1.0.0
20201021_QEP2_FBU_AS_Yeast_RBPs_YAF012_BUP_IP_04	Saccharomyces cerevisiae	not available	not available	1	20201021_QEP2_FBU_AS_Yeast_RBPs_YAF012_BUP_IP_04	proteomic profiling by mass spectrometry	Data-dependent acquisition	NT=label free sample;AC=MS:1002038	NT=Q Exactive HF;AC=MS:1002523	NT=Lys-C;AC=MS:1001309	NT=Carbamidomethyl;AC=UNIMOD:4;TA=C;MT=Fixed	NT=Oxidation;AC=UNIMOD:35;TA=M;MT=Variable	1	1	20201021_QEP2_FBU_AS_Yeast_RBPs_YAF012_BUP_IP_04.raw	v1.1.0	NT=ms-proteomics;VV=v1.1.0	NT=sdrf-skeleton-gen;VV=v1.0.0
20201021_QEP2_FBU_AS_Yeast_RBPs_YAF012_IP_01	Saccharomyces cerevisiae	not available	not available	1	20201021_QEP2_FBU_AS_Yeast_RBPs_YAF012_IP_01	proteomic profiling by mass spectrometry	Data-dependent acquisition	NT=label free sample;AC=MS:1002038	NT=Q Exactive HF;AC=MS:1002523	NT=Lys-C;AC=MS:1001309	NT=Carbamidomethyl;AC=UNIMOD:4;TA=C;MT=Fixed	NT=Oxidation;AC=UNIMOD:35;TA=M;MT=Variable	1	1	20201021_QEP2_FBU_AS_Yeast_RBPs_YAF012_IP_01.raw	v1.1.0	NT=ms-proteomics;VV=v1.1.0	NT=sdrf-skeleton-gen;VV=v1.0.0
20201021_QEP2_FBU_AS_Yeast_RBPs_YAF012_IP_02	Saccharomyces cerevisiae	not available	not available	1	20201021_QEP2_FBU_AS_Yeast_RBPs_YAF012_IP_02	proteomic profiling by mass spectrometry	Data-dependent acquisition	NT=label free sample;AC=MS:1002038	NT=Q Exactive HF;AC=MS:1002523	NT=Lys-C;AC=MS:1001309	NT=Carbamidomethyl;AC=UNIMOD:4;TA=C;MT=Fixed	NT=Oxidation;AC=UNIMOD:35;TA=M;MT=Variable	1	1	20201021_QEP2_FBU_AS_Yeast_RBPs_YAF012_IP_02.raw	v1.1.0	NT=ms-proteomics;VV=v1.1.0	NT=sdrf-skeleton-gen;VV=v1.0.0
20201021_QEP2_FBU_AS_Yeast_RBPs_YAF012_IP_03	Saccharomyces cerevisiae	not available	not available	1	20201021_QEP2_FBU_AS_Yeast_RBPs_YAF012_IP_03	proteomic profiling by mass spectrometry	Data-dependent acquisition	NT=label free sample;AC=MS:1002038	NT=Q Exactive HF;AC=MS:1002523	NT=Lys-C;AC=MS:1001309	NT=Carbamidomethyl;AC=UNIMOD:4;TA=C;MT=Fixed	NT=Oxidation;AC=UNIMOD:35;TA=M;MT=Variable	1	1	20201021_QEP2_FBU_AS_Yeast_RBPs_YAF012_IP_03.raw	v1.1.0	NT=ms-proteomics;VV=v1.1.0	NT=sdrf-skeleton-gen;VV=v1.0.0
20201021_QEP2_FBU_AS_Yeast_RBPs_YAF012_RNAse_01	Saccharomyces cerevisiae	not available	not available	1	20201021_QEP2_FBU_AS_Yeast_RBPs_YAF012_RNAse_01	proteomic profiling by mass spectrometry	Data-dependent acquisition	NT=label free sample;AC=MS:1002038	NT=Q Exactive HF;AC=MS:1002523	NT=Lys-C;AC=MS:1001309	NT=Carbamidomethyl;AC=UNIMOD:4;TA=C;MT=Fixed	NT=Oxidation;AC=UNIMOD:35;TA=M;MT=Variable	1	1	20201021_QEP2_FBU_AS_Yeast_RBPs_YAF012_RNAse_01.raw	v1.1.0	NT=ms-proteomics;VV=v1.1.0	NT=sdrf-skeleton-gen;VV=v1.0.0
20201021_QEP2_FBU_AS_Yeast_RBPs_YAF012_RNAse_02	Saccharomyces cerevisiae	not available	not available	1	20201021_QEP2_FBU_AS_Yeast_RBPs_YAF012_RNAse_02	proteomic profiling by mass spectrometry	Data-dependent acquisition	NT=label free sample;AC=MS:1002038	NT=Q Exactive HF;AC=MS:1002523	NT=Lys-C;AC=MS:1001309	NT=Carbamidomethyl;AC=UNIMOD:4;TA=C;MT=Fixed	NT=Oxidation;AC=UNIMOD:35;TA=M;MT=Variable	1	1	20201021_QEP2_FBU_AS_Yeast_RBPs_YAF012_RNAse_02.raw	v1.1.0	NT=ms-proteomics;VV=v1.1.0	NT=sdrf-skeleton-gen;VV=v1.0.0
20201021_QEP2_FBU_AS_Yeast_RBPs_YAF012_RNAse_03	Saccharomyces cerevisiae	not available	not available	1	20201021_QEP2_FBU_AS_Yeast_RBPs_YAF012_RNAse_03	proteomic profiling by mass spectrometry	Data-dependent acquisition	NT=label free sample;AC=MS:1002038	NT=Q Exactive HF;AC=MS:1002523	NT=Lys-C;AC=MS:1001309	NT=Carbamidomethyl;AC=UNIMOD:4;TA=C;MT=Fixed	NT=Oxidation;AC=UNIMOD:35;TA=M;MT=Variable	1	1	20201021_QEP2_FBU_AS_Yeast_RBPs_YAF012_RNAse_03.raw	v1.1.0	NT=ms-proteomics;VV=v1.1.0	NT=sdrf-skeleton-gen;VV=v1.0.0
20201021_QEP2_FBU_AS_Yeast_RBPs_YAF012_RNAse_04	Saccharomyces cerevisiae	not available	not available	1	20201021_QEP2_FBU_AS_Yeast_RBPs_YAF012_RNAse_04	proteomic profiling by mass spectrometry	Data-dependent acquisition	NT=label free sample;AC=MS:1002038	NT=Q Exactive HF;AC=MS:1002523	NT=Lys-C;AC=MS:1001309	NT=Carbamidomethyl;AC=UNIMOD:4;TA=C;MT=Fixed	NT=Oxidation;AC=UNIMOD:35;TA=M;MT=Variable	1	1	20201021_QEP2_FBU_AS_Yeast_RBPs_YAF012_RNAse_04.raw	v1.1.0	NT=ms-proteomics;VV=v1.1.0	NT=sdrf-skeleton-gen;VV=v1.0.0
20201021_QEP2_FBU_AS_Yeast_RBPs_YAF013_IP_01	Saccharomyces cerevisiae	not available	not available	1	20201021_QEP2_FBU_AS_Yeast_RBPs_YAF013_IP_01	proteomic profiling by mass spectrometry	Data-dependent acquisition	NT=label free sample;AC=MS:1002038	NT=Q Exactive HF;AC=MS:1002523	NT=Lys-C;AC=MS:1001309	NT=Carbamidomethyl;AC=UNIMOD:4;TA=C;MT=Fixed	NT=Oxidation;AC=UNIMOD:35;TA=M;MT=Variable	1	1	20201021_QEP2_FBU_AS_Yeast_RBPs_YAF013_IP_01.raw	v1.1.0	NT=ms-proteomics;VV=v1.1.0	NT=sdrf-skeleton-gen;VV=v1.0.0
20201021_QEP2_FBU_AS_Yeast_RBPs_YAF013_IP_02	Saccharomyces cerevisiae	not available	not available	1	20201021_QEP2_FBU_AS_Yeast_RBPs_YAF013_IP_02	proteomic profiling by mass spectrometry	Data-dependent acquisition	NT=label free sample;AC=MS:1002038	NT=Q Exactive HF;AC=MS:1002523	NT=Lys-C;AC=MS:1001309	NT=Carbamidomethyl;AC=UNIMOD:4;TA=C;MT=Fixed	NT=Oxidation;AC=UNIMOD:35;TA=M;MT=Variable	1	1	20201021_QEP2_FBU_AS_Yeast_RBPs_YAF013_IP_02.raw	v1.1.0	NT=ms-proteomics;VV=v1.1.0	NT=sdrf-skeleton-gen;VV=v1.0.0
20201021_QEP2_FBU_AS_Yeast_RBPs_YAF013_IP_03	Saccharomyces cerevisiae	not available	not available	1	20201021_QEP2_FBU_AS_Yeast_RBPs_YAF013_IP_03	proteomic profiling by mass spectrometry	Data-dependent acquisition	NT=label free sample;AC=MS:1002038	NT=Q Exactive HF;AC=MS:1002523	NT=Lys-C;AC=MS:1001309	NT=Carbamidomethyl;AC=UNIMOD:4;TA=C;MT=Fixed	NT=Oxidation;AC=UNIMOD:35;TA=M;MT=Variable	1	1	20201021_QEP2_FBU_AS_Yeast_RBPs_YAF013_IP_03.raw	v1.1.0	NT=ms-proteomics;VV=v1.1.0	NT=sdrf-skeleton-gen;VV=v1.0.0
20201021_QEP2_FBU_AS_Yeast_RBPs_YAF013_IP_04	Saccharomyces cerevisiae	not available	not available	1	20201021_QEP2_FBU_AS_Yeast_RBPs_YAF013_IP_04	proteomic profiling by mass spectrometry	Data-dependent acquisition	NT=label free sample;AC=MS:1002038	NT=Q Exactive HF;AC=MS:1002523	NT=Lys-C;AC=MS:1001309	NT=Carbamidomethyl;AC=UNIMOD:4;TA=C;MT=Fixed	NT=Oxidation;AC=UNIMOD:35;TA=M;MT=Variable	1	1	20201021_QEP2_FBU_AS_Yeast_RBPs_YAF013_IP_04.raw	v1.1.0	NT=ms-proteomics;VV=v1.1.0	NT=sdrf-skeleton-gen;VV=v1.0.0
20201021_QEP2_FBU_AS_Yeast_RBPs_YAF013_RNAse_01	Saccharomyces cerevisiae	not available	not available	1	20201021_QEP2_FBU_AS_Yeast_RBPs_YAF013_RNAse_01	proteomic profiling by mass spectrometry	Data-dependent acquisition	NT=label free sample;AC=MS:1002038	NT=Q Exactive HF;AC=MS:1002523	NT=Lys-C;AC=MS:1001309	NT=Carbamidomethyl;AC=UNIMOD:4;TA=C;MT=Fixed	NT=Oxidation;AC=UNIMOD:35;TA=M;MT=Variable	1	1	20201021_QEP2_FBU_AS_Yeast_RBPs_YAF013_RNAse_01.raw	v1.1.0	NT=ms-proteomics;VV=v1.1.0	NT=sdrf-skeleton-gen;VV=v1.0.0
20201021_QEP2_FBU_AS_Yeast_RBPs_YAF013_RNAse_02	Saccharomyces cerevisiae	not available	not available	1	20201021_QEP2_FBU_AS_Yeast_RBPs_YAF013_RNAse_02	proteomic profiling by mass spectrometry	Data-dependent acquisition	NT=label free sample;AC=MS:1002038	NT=Q Exactive HF;AC=MS:1002523	NT=Lys-C;AC=MS:1001309	NT=Carbamidomethyl;AC=UNIMOD:4;TA=C;MT=Fixed	NT=Oxidation;AC=UNIMOD:35;TA=M;MT=Variable	1	1	20201021_QEP2_FBU_AS_Yeast_RBPs_YAF013_RNAse_02.raw	v1.1.0	NT=ms-proteomics;VV=v1.1.0	NT=sdrf-skeleton-gen;VV=v1.0.0
20201021_QEP2_FBU_AS_Yeast_RBPs_YAF013_RNAse_03	Saccharomyces cerevisiae	not available	not available	1	20201021_QEP2_FBU_AS_Yeast_RBPs_YAF013_RNAse_03	proteomic profiling by mass spectrometry	Data-dependent acquisition	NT=label free sample;AC=MS:1002038	NT=Q Exactive HF;AC=MS:1002523	NT=Lys-C;AC=MS:1001309	NT=Carbamidomethyl;AC=UNIMOD:4;TA=C;MT=Fixed	NT=Oxidation;AC=UNIMOD:35;TA=M;MT=Variable	1	1	20201021_QEP2_FBU_AS_Yeast_RBPs_YAF013_RNAse_03.raw	v1.1.0	NT=ms-proteomics;VV=v1.1.0	NT=sdrf-skeleton-gen;VV=v1.0.0
20201021_QEP2_FBU_AS_Yeast_RBPs_YAF013_RNAse_04	Saccharomyces cerevisiae	not available	not available	1	20201021_QEP2_FBU_AS_Yeast_RBPs_YAF013_RNAse_04	proteomic profiling by mass spectrometry	Data-dependent acquisition	NT=label free sample;AC=MS:1002038	NT=Q Exactive HF;AC=MS:1002523	NT=Lys-C;AC=MS:1001309	NT=Carbamidomethyl;AC=UNIMOD:4;TA=C;MT=Fixed	NT=Oxidation;AC=UNIMOD:35;TA=M;MT=Variable	1	1	20201021_QEP2_FBU_AS_Yeast_RBPs_YAF013_RNAse_04.raw	v1.1.0	NT=ms-proteomics;VV=v1.1.0	NT=sdrf-skeleton-gen;VV=v1.0.0
20201021_QEP2_FBU_AS_Yeast_RBPs_YAF014_IP_01	Saccharomyces cerevisiae	not available	not available	1	20201021_QEP2_FBU_AS_Yeast_RBPs_YAF014_IP_01	proteomic profiling by mass spectrometry	Data-dependent acquisition	NT=label free sample;AC=MS:1002038	NT=Q Exactive HF;AC=MS:1002523	NT=Lys-C;AC=MS:1001309	NT=Carbamidomethyl;AC=UNIMOD:4;TA=C;MT=Fixed	NT=Oxidation;AC=UNIMOD:35;TA=M;MT=Variable	1	1	20201021_QEP2_FBU_AS_Yeast_RBPs_YAF014_IP_01.raw	v1.1.0	NT=ms-proteomics;VV=v1.1.0	NT=sdrf-skeleton-gen;VV=v1.0.0
20201021_QEP2_FBU_AS_Yeast_RBPs_YAF014_IP_02	Saccharomyces cerevisiae	not available	not available	1	20201021_QEP2_FBU_AS_Yeast_RBPs_YAF014_IP_02	proteomic profiling by mass spectrometry	Data-dependent acquisition	NT=label free sample;AC=MS:1002038	NT=Q Exactive HF;AC=MS:1002523	NT=Lys-C;AC=MS:1001309	NT=Carbamidomethyl;AC=UNIMOD:4;TA=C;MT=Fixed	NT=Oxidation;AC=UNIMOD:35;TA=M;MT=Variable	1	1	20201021_QEP2_FBU_AS_Yeast_RBPs_YAF014_IP_02.raw	v1.1.0	NT=ms-proteomics;VV=v1.1.0	NT=sdrf-skeleton-gen;VV=v1.0.0
20201021_QEP2_FBU_AS_Yeast_RBPs_YAF014_IP_03	Saccharomyces cerevisiae	not available	not available	1	20201021_QEP2_FBU_AS_Yeast_RBPs_YAF014_IP_03	proteomic profiling by mass spectrometry	Data-dependent acquisition	NT=label free sample;AC=MS:1002038	NT=Q Exactive HF;AC=MS:1002523	NT=Lys-C;AC=MS:1001309	NT=Carbamidomethyl;AC=UNIMOD:4;TA=C;MT=Fixed	NT=Oxidation;AC=UNIMOD:35;TA=M;MT=Variable	1	1	20201021_QEP2_FBU_AS_Yeast_RBPs_YAF014_IP_03.raw	v1.1.0	NT=ms-proteomics;VV=v1.1.0	NT=sdrf-skeleton-gen;VV=v1.0.0
20201021_QEP2_FBU_AS_Yeast_RBPs_YAF014_IP_04	Saccharomyces cerevisiae	not available	not available	1	20201021_QEP2_FBU_AS_Yeast_RBPs_YAF014_IP_04	proteomic profiling by mass spectrometry	Data-dependent acquisition	NT=label free sample;AC=MS:1002038	NT=Q Exactive HF;AC=MS:1002523	NT=Lys-C;AC=MS:1001309	NT=Carbamidomethyl;AC=UNIMOD:4;TA=C;MT=Fixed	NT=Oxidation;AC=UNIMOD:35;TA=M;MT=Variable	1	1	20201021_QEP2_FBU_AS_Yeast_RBPs_YAF014_IP_04.raw	v1.1.0	NT=ms-proteomics;VV=v1.1.0	NT=sdrf-skeleton-gen;VV=v1.0.0
20201021_QEP2_FBU_AS_Yeast_RBPs_YAF014_RNAse_01	Saccharomyces cerevisiae	not available	not available	1	20201021_QEP2_FBU_AS_Yeast_RBPs_YAF014_RNAse_01	proteomic profiling by mass spectrometry	Data-dependent acquisition	NT=label free sample;AC=MS:1002038	NT=Q Exactive HF;AC=MS:1002523	NT=Lys-C;AC=MS:1001309	NT=Carbamidomethyl;AC=UNIMOD:4;TA=C;MT=Fixed	NT=Oxidation;AC=UNIMOD:35;TA=M;MT=Variable	1	1	20201021_QEP2_FBU_AS_Yeast_RBPs_YAF014_RNAse_01.raw	v1.1.0	NT=ms-proteomics;VV=v1.1.0	NT=sdrf-skeleton-gen;VV=v1.0.0
20201021_QEP2_FBU_AS_Yeast_RBPs_YAF014_RNAse_02	Saccharomyces cerevisiae	not available	not available	1	20201021_QEP2_FBU_AS_Yeast_RBPs_YAF014_RNAse_02	proteomic profiling by mass spectrometry	Data-dependent acquisition	NT=label free sample;AC=MS:1002038	NT=Q Exactive HF;AC=MS:1002523	NT=Lys-C;AC=MS:1001309	NT=Carbamidomethyl;AC=UNIMOD:4;TA=C;MT=Fixed	NT=Oxidation;AC=UNIMOD:35;TA=M;MT=Variable	1	1	20201021_QEP2_FBU_AS_Yeast_RBPs_YAF014_RNAse_02.raw	v1.1.0	NT=ms-proteomics;VV=v1.1.0	NT=sdrf-skeleton-gen;VV=v1.0.0
20201021_QEP2_FBU_AS_Yeast_RBPs_YAF014_RNAse_03	Saccharomyces cerevisiae	not available	not available	1	20201021_QEP2_FBU_AS_Yeast_RBPs_YAF014_RNAse_03	proteomic profiling by mass spectrometry	Data-dependent acquisition	NT=label free sample;AC=MS:1002038	NT=Q Exactive HF;AC=MS:1002523	NT=Lys-C;AC=MS:1001309	NT=Carbamidomethyl;AC=UNIMOD:4;TA=C;MT=Fixed	NT=Oxidation;AC=UNIMOD:35;TA=M;MT=Variable	1	1	20201021_QEP2_FBU_AS_Yeast_RBPs_YAF014_RNAse_03.raw	v1.1.0	NT=ms-proteomics;VV=v1.1.0	NT=sdrf-skeleton-gen;VV=v1.0.0
20201021_QEP2_FBU_AS_Yeast_RBPs_YAF014_RNAse_04	Saccharomyces cerevisiae	not available	not available	1	20201021_QEP2_FBU_AS_Yeast_RBPs_YAF014_RNAse_04	proteomic profiling by mass spectrometry	Data-dependent acquisition	NT=label free sample;AC=MS:1002038	NT=Q Exactive HF;AC=MS:1002523	NT=Lys-C;AC=MS:1001309	NT=Carbamidomethyl;AC=UNIMOD:4;TA=C;MT=Fixed	NT=Oxidation;AC=UNIMOD:35;TA=M;MT=Variable	1	1	20201021_QEP2_FBU_AS_Yeast_RBPs_YAF014_RNAse_04.raw	v1.1.0	NT=ms-proteomics;VV=v1.1.0	NT=sdrf-skeleton-gen;VV=v1.0.0
20201021_QEP2_FBU_AS_Yeast_RBPs_YAF015_IP_01	Saccharomyces cerevisiae	not available	not available	1	20201021_QEP2_FBU_AS_Yeast_RBPs_YAF015_IP_01	proteomic profiling by mass spectrometry	Data-dependent acquisition	NT=label free sample;AC=MS:1002038	NT=Q Exactive HF;AC=MS:1002523	NT=Lys-C;AC=MS:1001309	NT=Carbamidomethyl;AC=UNIMOD:4;TA=C;MT=Fixed	NT=Oxidation;AC=UNIMOD:35;TA=M;MT=Variable	1	1	20201021_QEP2_FBU_AS_Yeast_RBPs_YAF015_IP_01.raw	v1.1.0	NT=ms-proteomics;VV=v1.1.0	NT=sdrf-skeleton-gen;VV=v1.0.0
20201021_QEP2_FBU_AS_Yeast_RBPs_YAF015_IP_02	Saccharomyces cerevisiae	not available	not available	1	20201021_QEP2_FBU_AS_Yeast_RBPs_YAF015_IP_02	proteomic profiling by mass spectrometry	Data-dependent acquisition	NT=label free sample;AC=MS:1002038	NT=Q Exactive HF;AC=MS:1002523	NT=Lys-C;AC=MS:1001309	NT=Carbamidomethyl;AC=UNIMOD:4;TA=C;MT=Fixed	NT=Oxidation;AC=UNIMOD:35;TA=M;MT=Variable	1	1	20201021_QEP2_FBU_AS_Yeast_RBPs_YAF015_IP_02.raw	v1.1.0	NT=ms-proteomics;VV=v1.1.0	NT=sdrf-skeleton-gen;VV=v1.0.0
20201021_QEP2_FBU_AS_Yeast_RBPs_YAF015_IP_03	Saccharomyces cerevisiae	not available	not available	1	20201021_QEP2_FBU_AS_Yeast_RBPs_YAF015_IP_03	proteomic profiling by mass spectrometry	Data-dependent acquisition	NT=label free sample;AC=MS:1002038	NT=Q Exactive HF;AC=MS:1002523	NT=Lys-C;AC=MS:1001309	NT=Carbamidomethyl;AC=UNIMOD:4;TA=C;MT=Fixed	NT=Oxidation;AC=UNIMOD:35;TA=M;MT=Variable	1	1	20201021_QEP2_FBU_AS_Yeast_RBPs_YAF015_IP_03.raw	v1.1.0	NT=ms-proteomics;VV=v1.1.0	NT=sdrf-skeleton-gen;VV=v1.0.0
20201021_QEP2_FBU_AS_Yeast_RBPs_YAF015_IP_04	Saccharomyces cerevisiae	not available	not available	1	20201021_QEP2_FBU_AS_Yeast_RBPs_YAF015_IP_04	proteomic profiling by mass spectrometry	Data-dependent acquisition	NT=label free sample;AC=MS:1002038	NT=Q Exactive HF;AC=MS:1002523	NT=Lys-C;AC=MS:1001309	NT=Carbamidomethyl;AC=UNIMOD:4;TA=C;MT=Fixed	NT=Oxidation;AC=UNIMOD:35;TA=M;MT=Variable	1	1	20201021_QEP2_FBU_AS_Yeast_RBPs_YAF015_IP_04.raw	v1.1.0	NT=ms-proteomics;VV=v1.1.0	NT=sdrf-skeleton-gen;VV=v1.0.0
20201021_QEP2_FBU_AS_Yeast_RBPs_YAF015_RNAse_01	Saccharomyces cerevisiae	not available	not available	1	20201021_QEP2_FBU_AS_Yeast_RBPs_YAF015_RNAse_01	proteomic profiling by mass spectrometry	Data-dependent acquisition	NT=label free sample;AC=MS:1002038	NT=Q Exactive HF;AC=MS:1002523	NT=Lys-C;AC=MS:1001309	NT=Carbamidomethyl;AC=UNIMOD:4;TA=C;MT=Fixed	NT=Oxidation;AC=UNIMOD:35;TA=M;MT=Variable	1	1	20201021_QEP2_FBU_AS_Yeast_RBPs_YAF015_RNAse_01.raw	v1.1.0	NT=ms-proteomics;VV=v1.1.0	NT=sdrf-skeleton-gen;VV=v1.0.0
20201021_QEP2_FBU_AS_Yeast_RBPs_YAF015_RNAse_02	Saccharomyces cerevisiae	not available	not available	1	20201021_QEP2_FBU_AS_Yeast_RBPs_YAF015_RNAse_02	proteomic profiling by mass spectrometry	Data-dependent acquisition	NT=label free sample;AC=MS:1002038	NT=Q Exactive HF;AC=MS:1002523	NT=Lys-C;AC=MS:1001309	NT=Carbamidomethyl;AC=UNIMOD:4;TA=C;MT=Fixed	NT=Oxidation;AC=UNIMOD:35;TA=M;MT=Variable	1	1	20201021_QEP2_FBU_AS_Yeast_RBPs_YAF015_RNAse_02.raw	v1.1.0	NT=ms-proteomics;VV=v1.1.0	NT=sdrf-skeleton-gen;VV=v1.0.0
20201021_QEP2_FBU_AS_Yeast_RBPs_YAF015_RNAse_03	Saccharomyces cerevisiae	not available	not available	1	20201021_QEP2_FBU_AS_Yeast_RBPs_YAF015_RNAse_03	proteomic profiling by mass spectrometry	Data-dependent acquisition	NT=label free sample;AC=MS:1002038	NT=Q Exactive HF;AC=MS:1002523	NT=Lys-C;AC=MS:1001309	NT=Carbamidomethyl;AC=UNIMOD:4;TA=C;MT=Fixed	NT=Oxidation;AC=UNIMOD:35;TA=M;MT=Variable	1	1	20201021_QEP2_FBU_AS_Yeast_RBPs_YAF015_RNAse_03.raw	v1.1.0	NT=ms-proteomics;VV=v1.1.0	NT=sdrf-skeleton-gen;VV=v1.0.0
20201021_QEP2_FBU_AS_Yeast_RBPs_YAF015_RNAse_04	Saccharomyces cerevisiae	not available	not available	1	20201021_QEP2_FBU_AS_Yeast_RBPs_YAF015_RNAse_04	proteomic profiling by mass spectrometry	Data-dependent acquisition	NT=label free sample;AC=MS:1002038	NT=Q Exactive HF;AC=MS:1002523	NT=Lys-C;AC=MS:1001309	NT=Carbamidomethyl;AC=UNIMOD:4;TA=C;MT=Fixed	NT=Oxidation;AC=UNIMOD:35;TA=M;MT=Variable	1	1	20201021_QEP2_FBU_AS_Yeast_RBPs_YAF015_RNAse_04.raw	v1.1.0	NT=ms-proteomics;VV=v1.1.0	NT=sdrf-skeleton-gen;VV=v1.0.0
20201021_QEP2_FBU_AS_Yeast_RBPs_YAF016_IP_01	Saccharomyces cerevisiae	not available	not available	1	20201021_QEP2_FBU_AS_Yeast_RBPs_YAF016_IP_01	proteomic profiling by mass spectrometry	Data-dependent acquisition	NT=label free sample;AC=MS:1002038	NT=Q Exactive HF;AC=MS:1002523	NT=Lys-C;AC=MS:1001309	NT=Carbamidomethyl;AC=UNIMOD:4;TA=C;MT=Fixed	NT=Oxidation;AC=UNIMOD:35;TA=M;MT=Variable	1	1	20201021_QEP2_FBU_AS_Yeast_RBPs_YAF016_IP_01.raw	v1.1.0	NT=ms-proteomics;VV=v1.1.0	NT=sdrf-skeleton-gen;VV=v1.0.0
20201021_QEP2_FBU_AS_Yeast_RBPs_YAF016_IP_02	Saccharomyces cerevisiae	not available	not available	1	20201021_QEP2_FBU_AS_Yeast_RBPs_YAF016_IP_02	proteomic profiling by mass spectrometry	Data-dependent acquisition	NT=label free sample;AC=MS:1002038	NT=Q Exactive HF;AC=MS:1002523	NT=Lys-C;AC=MS:1001309	NT=Carbamidomethyl;AC=UNIMOD:4;TA=C;MT=Fixed	NT=Oxidation;AC=UNIMOD:35;TA=M;MT=Variable	1	1	20201021_QEP2_FBU_AS_Yeast_RBPs_YAF016_IP_02.raw	v1.1.0	NT=ms-proteomics;VV=v1.1.0	NT=sdrf-skeleton-gen;VV=v1.0.0
20201021_QEP2_FBU_AS_Yeast_RBPs_YAF016_IP_03	Saccharomyces cerevisiae	not available	not available	1	20201021_QEP2_FBU_AS_Yeast_RBPs_YAF016_IP_03	proteomic profiling by mass spectrometry	Data-dependent acquisition	NT=label free sample;AC=MS:1002038	NT=Q Exactive HF;AC=MS:1002523	NT=Lys-C;AC=MS:1001309	NT=Carbamidomethyl;AC=UNIMOD:4;TA=C;MT=Fixed	NT=Oxidation;AC=UNIMOD:35;TA=M;MT=Variable	1	1	20201021_QEP2_FBU_AS_Yeast_RBPs_YAF016_IP_03.raw	v1.1.0	NT=ms-proteomics;VV=v1.1.0	NT=sdrf-skeleton-gen;VV=v1.0.0
20201021_QEP2_FBU_AS_Yeast_RBPs_YAF016_IP_04	Saccharomyces cerevisiae	not available	not available	1	20201021_QEP2_FBU_AS_Yeast_RBPs_YAF016_IP_04	proteomic profiling by mass spectrometry	Data-dependent acquisition	NT=label free sample;AC=MS:1002038	NT=Q Exactive HF;AC=MS:1002523	NT=Lys-C;AC=MS:1001309	NT=Carbamidomethyl;AC=UNIMOD:4;TA=C;MT=Fixed	NT=Oxidation;AC=UNIMOD:35;TA=M;MT=Variable	1	1	20201021_QEP2_FBU_AS_Yeast_RBPs_YAF016_IP_04.raw	v1.1.0	NT=ms-proteomics;VV=v1.1.0	NT=sdrf-skeleton-gen;VV=v1.0.0
20201021_QEP2_FBU_AS_Yeast_RBPs_YAF016_RNAse_01	Saccharomyces cerevisiae	not available	not available	1	20201021_QEP2_FBU_AS_Yeast_RBPs_YAF016_RNAse_01	proteomic profiling by mass spectrometry	Data-dependent acquisition	NT=label free sample;AC=MS:1002038	NT=Q Exactive HF;AC=MS:1002523	NT=Lys-C;AC=MS:1001309	NT=Carbamidomethyl;AC=UNIMOD:4;TA=C;MT=Fixed	NT=Oxidation;AC=UNIMOD:35;TA=M;MT=Variable	1	1	20201021_QEP2_FBU_AS_Yeast_RBPs_YAF016_RNAse_01.raw	v1.1.0	NT=ms-proteomics;VV=v1.1.0	NT=sdrf-skeleton-gen;VV=v1.0.0
20201021_QEP2_FBU_AS_Yeast_RBPs_YAF016_RNAse_02	Saccharomyces cerevisiae	not available	not available	1	20201021_QEP2_FBU_AS_Yeast_RBPs_YAF016_RNAse_02	proteomic profiling by mass spectrometry	Data-dependent acquisition	NT=label free sample;AC=MS:1002038	NT=Q Exactive HF;AC=MS:1002523	NT=Lys-C;AC=MS:1001309	NT=Carbamidomethyl;AC=UNIMOD:4;TA=C;MT=Fixed	NT=Oxidation;AC=UNIMOD:35;TA=M;MT=Variable	1	1	20201021_QEP2_FBU_AS_Yeast_RBPs_YAF016_RNAse_02.raw	v1.1.0	NT=ms-proteomics;VV=v1.1.0	NT=sdrf-skeleton-gen;VV=v1.0.0
20201021_QEP2_FBU_AS_Yeast_RBPs_YAF016_RNAse_03	Saccharomyces cerevisiae	not available	not available	1	20201021_QEP2_FBU_AS_Yeast_RBPs_YAF016_RNAse_03	proteomic profiling by mass spectrometry	Data-dependent acquisition	NT=label free sample;AC=MS:1002038	NT=Q Exactive HF;AC=MS:1002523	NT=Lys-C;AC=MS:1001309	NT=Carbamidomethyl;AC=UNIMOD:4;TA=C;MT=Fixed	NT=Oxidation;AC=UNIMOD:35;TA=M;MT=Variable	1	1	20201021_QEP2_FBU_AS_Yeast_RBPs_YAF016_RNAse_03.raw	v1.1.0	NT=ms-proteomics;VV=v1.1.0	NT=sdrf-skeleton-gen;VV=v1.0.0
20201021_QEP2_FBU_AS_Yeast_RBPs_YAF016_RNAse_04	Saccharomyces cerevisiae	not available	not available	1	20201021_QEP2_FBU_AS_Yeast_RBPs_YAF016_RNAse_04	proteomic profiling by mass spectrometry	Data-dependent acquisition	NT=label free sample;AC=MS:1002038	NT=Q Exactive HF;AC=MS:1002523	NT=Lys-C;AC=MS:1001309	NT=Carbamidomethyl;AC=UNIMOD:4;TA=C;MT=Fixed	NT=Oxidation;AC=UNIMOD:35;TA=M;MT=Variable	1	1	20201021_QEP2_FBU_AS_Yeast_RBPs_YAF016_RNAse_04.raw	v1.1.0	NT=ms-proteomics;VV=v1.1.0	NT=sdrf-skeleton-gen;VV=v1.0.0
20201118_QEP2_FBU_AS_Yeast_RBPs_YAF000_RNAse_01	Saccharomyces cerevisiae	not available	not available	1	20201118_QEP2_FBU_AS_Yeast_RBPs_YAF000_RNAse_01	proteomic profiling by mass spectrometry	Data-dependent acquisition	NT=label free sample;AC=MS:1002038	NT=Q Exactive HF;AC=MS:1002523	NT=Lys-C;AC=MS:1001309	NT=Carbamidomethyl;AC=UNIMOD:4;TA=C;MT=Fixed	NT=Oxidation;AC=UNIMOD:35;TA=M;MT=Variable	1	1	20201118_QEP2_FBU_AS_Yeast_RBPs_YAF000_RNAse_01.raw	v1.1.0	NT=ms-proteomics;VV=v1.1.0	NT=sdrf-skeleton-gen;VV=v1.0.0
20201118_QEP2_FBU_AS_Yeast_RBPs_YAF000_RNAse_02	Saccharomyces cerevisiae	not available	not available	1	20201118_QEP2_FBU_AS_Yeast_RBPs_YAF000_RNAse_02	proteomic profiling by mass spectrometry	Data-dependent acquisition	NT=label free sample;AC=MS:1002038	NT=Q Exactive HF;AC=MS:1002523	NT=Lys-C;AC=MS:1001309	NT=Carbamidomethyl;AC=UNIMOD:4;TA=C;MT=Fixed	NT=Oxidation;AC=UNIMOD:35;TA=M;MT=Variable	1	1	20201118_QEP2_FBU_AS_Yeast_RBPs_YAF000_RNAse_02.raw	v1.1.0	NT=ms-proteomics;VV=v1.1.0	NT=sdrf-skeleton-gen;VV=v1.0.0
20201118_QEP2_FBU_AS_Yeast_RBPs_YAF000_RNAse_03	Saccharomyces cerevisiae	not available	not available	1	20201118_QEP2_FBU_AS_Yeast_RBPs_YAF000_RNAse_03	proteomic profiling by mass spectrometry	Data-dependent acquisition	NT=label free sample;AC=MS:1002038	NT=Q Exactive HF;AC=MS:1002523	NT=Lys-C;AC=MS:1001309	NT=Carbamidomethyl;AC=UNIMOD:4;TA=C;MT=Fixed	NT=Oxidation;AC=UNIMOD:35;TA=M;MT=Variable	1	1	20201118_QEP2_FBU_AS_Yeast_RBPs_YAF000_RNAse_03.raw	v1.1.0	NT=ms-proteomics;VV=v1.1.0	NT=sdrf-skeleton-gen;VV=v1.0.0
20201118_QEP2_FBU_AS_Yeast_RBPs_YAF000_RNAse_04	Saccharomyces cerevisiae	not available	not available	1	20201118_QEP2_FBU_AS_Yeast_RBPs_YAF000_RNAse_04	proteomic profiling by mass spectrometry	Data-dependent acquisition	NT=label free sample;AC=MS:1002038	NT=Q Exactive HF;AC=MS:1002523	NT=Lys-C;AC=MS:1001309	NT=Carbamidomethyl;AC=UNIMOD:4;TA=C;MT=Fixed	NT=Oxidation;AC=UNIMOD:35;TA=M;MT=Variable	1	1	20201118_QEP2_FBU_AS_Yeast_RBPs_YAF000_RNAse_04.raw	v1.1.0	NT=ms-proteomics;VV=v1.1.0	NT=sdrf-skeleton-gen;VV=v1.0.0
20201118_QEP2_FBU_AS_Yeast_RBPs_YAF017_IP_01	Saccharomyces cerevisiae	not available	not available	1	20201118_QEP2_FBU_AS_Yeast_RBPs_YAF017_IP_01	proteomic profiling by mass spectrometry	Data-dependent acquisition	NT=label free sample;AC=MS:1002038	NT=Q Exactive HF;AC=MS:1002523	NT=Lys-C;AC=MS:1001309	NT=Carbamidomethyl;AC=UNIMOD:4;TA=C;MT=Fixed	NT=Oxidation;AC=UNIMOD:35;TA=M;MT=Variable	1	1	20201118_QEP2_FBU_AS_Yeast_RBPs_YAF017_IP_01.raw	v1.1.0	NT=ms-proteomics;VV=v1.1.0	NT=sdrf-skeleton-gen;VV=v1.0.0
20201118_QEP2_FBU_AS_Yeast_RBPs_YAF017_IP_02	Saccharomyces cerevisiae	not available	not available	1	20201118_QEP2_FBU_AS_Yeast_RBPs_YAF017_IP_02	proteomic profiling by mass spectrometry	Data-dependent acquisition	NT=label free sample;AC=MS:1002038	NT=Q Exactive HF;AC=MS:1002523	NT=Lys-C;AC=MS:1001309	NT=Carbamidomethyl;AC=UNIMOD:4;TA=C;MT=Fixed	NT=Oxidation;AC=UNIMOD:35;TA=M;MT=Variable	1	1	20201118_QEP2_FBU_AS_Yeast_RBPs_YAF017_IP_02.raw	v1.1.0	NT=ms-proteomics;VV=v1.1.0	NT=sdrf-skeleton-gen;VV=v1.0.0
20201118_QEP2_FBU_AS_Yeast_RBPs_YAF017_IP_03	Saccharomyces cerevisiae	not available	not available	1	20201118_QEP2_FBU_AS_Yeast_RBPs_YAF017_IP_03	proteomic profiling by mass spectrometry	Data-dependent acquisition	NT=label free sample;AC=MS:1002038	NT=Q Exactive HF;AC=MS:1002523	NT=Lys-C;AC=MS:1001309	NT=Carbamidomethyl;AC=UNIMOD:4;TA=C;MT=Fixed	NT=Oxidation;AC=UNIMOD:35;TA=M;MT=Variable	1	1	20201118_QEP2_FBU_AS_Yeast_RBPs_YAF017_IP_03.raw	v1.1.0	NT=ms-proteomics;VV=v1.1.0	NT=sdrf-skeleton-gen;VV=v1.0.0
20201118_QEP2_FBU_AS_Yeast_RBPs_YAF017_IP_04	Saccharomyces cerevisiae	not available	not available	1	20201118_QEP2_FBU_AS_Yeast_RBPs_YAF017_IP_04	proteomic profiling by mass spectrometry	Data-dependent acquisition	NT=label free sample;AC=MS:1002038	NT=Q Exactive HF;AC=MS:1002523	NT=Lys-C;AC=MS:1001309	NT=Carbamidomethyl;AC=UNIMOD:4;TA=C;MT=Fixed	NT=Oxidation;AC=UNIMOD:35;TA=M;MT=Variable	1	1	20201118_QEP2_FBU_AS_Yeast_RBPs_YAF017_IP_04.raw	v1.1.0	NT=ms-proteomics;VV=v1.1.0	NT=sdrf-skeleton-gen;VV=v1.0.0
20201118_QEP2_FBU_AS_Yeast_RBPs_YAF017_RNAse_01	Saccharomyces cerevisiae	not available	not available	1	20201118_QEP2_FBU_AS_Yeast_RBPs_YAF017_RNAse_01	proteomic profiling by mass spectrometry	Data-dependent acquisition	NT=label free sample;AC=MS:1002038	NT=Q Exactive HF;AC=MS:1002523	NT=Lys-C;AC=MS:1001309	NT=Carbamidomethyl;AC=UNIMOD:4;TA=C;MT=Fixed	NT=Oxidation;AC=UNIMOD:35;TA=M;MT=Variable	1	1	20201118_QEP2_FBU_AS_Yeast_RBPs_YAF017_RNAse_01.raw	v1.1.0	NT=ms-proteomics;VV=v1.1.0	NT=sdrf-skeleton-gen;VV=v1.0.0
20201118_QEP2_FBU_AS_Yeast_RBPs_YAF017_RNAse_02	Saccharomyces cerevisiae	not available	not available	1	20201118_QEP2_FBU_AS_Yeast_RBPs_YAF017_RNAse_02	proteomic profiling by mass spectrometry	Data-dependent acquisition	NT=label free sample;AC=MS:1002038	NT=Q Exactive HF;AC=MS:1002523	NT=Lys-C;AC=MS:1001309	NT=Carbamidomethyl;AC=UNIMOD:4;TA=C;MT=Fixed	NT=Oxidation;AC=UNIMOD:35;TA=M;MT=Variable	1	1	20201118_QEP2_FBU_AS_Yeast_RBPs_YAF017_RNAse_02.raw	v1.1.0	NT=ms-proteomics;VV=v1.1.0	NT=sdrf-skeleton-gen;VV=v1.0.0
20201118_QEP2_FBU_AS_Yeast_RBPs_YAF017_RNAse_03	Saccharomyces cerevisiae	not available	not available	1	20201118_QEP2_FBU_AS_Yeast_RBPs_YAF017_RNAse_03	proteomic profiling by mass spectrometry	Data-dependent acquisition	NT=label free sample;AC=MS:1002038	NT=Q Exactive HF;AC=MS:1002523	NT=Lys-C;AC=MS:1001309	NT=Carbamidomethyl;AC=UNIMOD:4;TA=C;MT=Fixed	NT=Oxidation;AC=UNIMOD:35;TA=M;MT=Variable	1	1	20201118_QEP2_FBU_AS_Yeast_RBPs_YAF017_RNAse_03.raw	v1.1.0	NT=ms-proteomics;VV=v1.1.0	NT=sdrf-skeleton-gen;VV=v1.0.0
20201118_QEP2_FBU_AS_Yeast_RBPs_YAF017_RNAse_04	Saccharomyces cerevisiae	not available	not available	1	20201118_QEP2_FBU_AS_Yeast_RBPs_YAF017_RNAse_04	proteomic profiling by mass spectrometry	Data-dependent acquisition	NT=label free sample;AC=MS:1002038	NT=Q Exactive HF;AC=MS:1002523	NT=Lys-C;AC=MS:1001309	NT=Carbamidomethyl;AC=UNIMOD:4;TA=C;MT=Fixed	NT=Oxidation;AC=UNIMOD:35;TA=M;MT=Variable	1	1	20201118_QEP2_FBU_AS_Yeast_RBPs_YAF017_RNAse_04.raw	v1.1.0	NT=ms-proteomics;VV=v1.1.0	NT=sdrf-skeleton-gen;VV=v1.0.0
20201118_QEP2_FBU_AS_Yeast_RBPs_YAF018_IP_01	Saccharomyces cerevisiae	not available	not available	1	20201118_QEP2_FBU_AS_Yeast_RBPs_YAF018_IP_01	proteomic profiling by mass spectrometry	Data-dependent acquisition	NT=label free sample;AC=MS:1002038	NT=Q Exactive HF;AC=MS:1002523	NT=Lys-C;AC=MS:1001309	NT=Carbamidomethyl;AC=UNIMOD:4;TA=C;MT=Fixed	NT=Oxidation;AC=UNIMOD:35;TA=M;MT=Variable	1	1	20201118_QEP2_FBU_AS_Yeast_RBPs_YAF018_IP_01.raw	v1.1.0	NT=ms-proteomics;VV=v1.1.0	NT=sdrf-skeleton-gen;VV=v1.0.0
20201118_QEP2_FBU_AS_Yeast_RBPs_YAF018_IP_02	Saccharomyces cerevisiae	not available	not available	1	20201118_QEP2_FBU_AS_Yeast_RBPs_YAF018_IP_02	proteomic profiling by mass spectrometry	Data-dependent acquisition	NT=label free sample;AC=MS:1002038	NT=Q Exactive HF;AC=MS:1002523	NT=Lys-C;AC=MS:1001309	NT=Carbamidomethyl;AC=UNIMOD:4;TA=C;MT=Fixed	NT=Oxidation;AC=UNIMOD:35;TA=M;MT=Variable	1	1	20201118_QEP2_FBU_AS_Yeast_RBPs_YAF018_IP_02.raw	v1.1.0	NT=ms-proteomics;VV=v1.1.0	NT=sdrf-skeleton-gen;VV=v1.0.0
20201118_QEP2_FBU_AS_Yeast_RBPs_YAF018_IP_03	Saccharomyces cerevisiae	not available	not available	1	20201118_QEP2_FBU_AS_Yeast_RBPs_YAF018_IP_03	proteomic profiling by mass spectrometry	Data-dependent acquisition	NT=label free sample;AC=MS:1002038	NT=Q Exactive HF;AC=MS:1002523	NT=Lys-C;AC=MS:1001309	NT=Carbamidomethyl;AC=UNIMOD:4;TA=C;MT=Fixed	NT=Oxidation;AC=UNIMOD:35;TA=M;MT=Variable	1	1	20201118_QEP2_FBU_AS_Yeast_RBPs_YAF018_IP_03.raw	v1.1.0	NT=ms-proteomics;VV=v1.1.0	NT=sdrf-skeleton-gen;VV=v1.0.0
20201118_QEP2_FBU_AS_Yeast_RBPs_YAF018_IP_04	Saccharomyces cerevisiae	not available	not available	1	20201118_QEP2_FBU_AS_Yeast_RBPs_YAF018_IP_04	proteomic profiling by mass spectrometry	Data-dependent acquisition	NT=label free sample;AC=MS:1002038	NT=Q Exactive HF;AC=MS:1002523	NT=Lys-C;AC=MS:1001309	NT=Carbamidomethyl;AC=UNIMOD:4;TA=C;MT=Fixed	NT=Oxidation;AC=UNIMOD:35;TA=M;MT=Variable	1	1	20201118_QEP2_FBU_AS_Yeast_RBPs_YAF018_IP_04.raw	v1.1.0	NT=ms-proteomics;VV=v1.1.0	NT=sdrf-skeleton-gen;VV=v1.0.0
20201118_QEP2_FBU_AS_Yeast_RBPs_YAF018_RNAse_01	Saccharomyces cerevisiae	not available	not available	1	20201118_QEP2_FBU_AS_Yeast_RBPs_YAF018_RNAse_01	proteomic profiling by mass spectrometry	Data-dependent acquisition	NT=label free sample;AC=MS:1002038	NT=Q Exactive HF;AC=MS:1002523	NT=Lys-C;AC=MS:1001309	NT=Carbamidomethyl;AC=UNIMOD:4;TA=C;MT=Fixed	NT=Oxidation;AC=UNIMOD:35;TA=M;MT=Variable	1	1	20201118_QEP2_FBU_AS_Yeast_RBPs_YAF018_RNAse_01.raw	v1.1.0	NT=ms-proteomics;VV=v1.1.0	NT=sdrf-skeleton-gen;VV=v1.0.0
20201118_QEP2_FBU_AS_Yeast_RBPs_YAF018_RNAse_02	Saccharomyces cerevisiae	not available	not available	1	20201118_QEP2_FBU_AS_Yeast_RBPs_YAF018_RNAse_02	proteomic profiling by mass spectrometry	Data-dependent acquisition	NT=label free sample;AC=MS:1002038	NT=Q Exactive HF;AC=MS:1002523	NT=Lys-C;AC=MS:1001309	NT=Carbamidomethyl;AC=UNIMOD:4;TA=C;MT=Fixed	NT=Oxidation;AC=UNIMOD:35;TA=M;MT=Variable	1	1	20201118_QEP2_FBU_AS_Yeast_RBPs_YAF018_RNAse_02.raw	v1.1.0	NT=ms-proteomics;VV=v1.1.0	NT=sdrf-skeleton-gen;VV=v1.0.0
20201118_QEP2_FBU_AS_Yeast_RBPs_YAF018_RNAse_03	Saccharomyces cerevisiae	not available	not available	1	20201118_QEP2_FBU_AS_Yeast_RBPs_YAF018_RNAse_03	proteomic profiling by mass spectrometry	Data-dependent acquisition	NT=label free sample;AC=MS:1002038	NT=Q Exactive HF;AC=MS:1002523	NT=Lys-C;AC=MS:1001309	NT=Carbamidomethyl;AC=UNIMOD:4;TA=C;MT=Fixed	NT=Oxidation;AC=UNIMOD:35;TA=M;MT=Variable	1	1	20201118_QEP2_FBU_AS_Yeast_RBPs_YAF018_RNAse_03.raw	v1.1.0	NT=ms-proteomics;VV=v1.1.0	NT=sdrf-skeleton-gen;VV=v1.0.0
20201118_QEP2_FBU_AS_Yeast_RBPs_YAF018_RNAse_04	Saccharomyces cerevisiae	not available	not available	1	20201118_QEP2_FBU_AS_Yeast_RBPs_YAF018_RNAse_04	proteomic profiling by mass spectrometry	Data-dependent acquisition	NT=label free sample;AC=MS:1002038	NT=Q Exactive HF;AC=MS:1002523	NT=Lys-C;AC=MS:1001309	NT=Carbamidomethyl;AC=UNIMOD:4;TA=C;MT=Fixed	NT=Oxidation;AC=UNIMOD:35;TA=M;MT=Variable	1	1	20201118_QEP2_FBU_AS_Yeast_RBPs_YAF018_RNAse_04.raw	v1.1.0	NT=ms-proteomics;VV=v1.1.0	NT=sdrf-skeleton-gen;VV=v1.0.0
20201118_QEP2_FBU_AS_Yeast_RBPs_YAF019_IP_01	Saccharomyces cerevisiae	not available	not available	1	20201118_QEP2_FBU_AS_Yeast_RBPs_YAF019_IP_01	proteomic profiling by mass spectrometry	Data-dependent acquisition	NT=label free sample;AC=MS:1002038	NT=Q Exactive HF;AC=MS:1002523	NT=Lys-C;AC=MS:1001309	NT=Carbamidomethyl;AC=UNIMOD:4;TA=C;MT=Fixed	NT=Oxidation;AC=UNIMOD:35;TA=M;MT=Variable	1	1	20201118_QEP2_FBU_AS_Yeast_RBPs_YAF019_IP_01.raw	v1.1.0	NT=ms-proteomics;VV=v1.1.0	NT=sdrf-skeleton-gen;VV=v1.0.0
20201118_QEP2_FBU_AS_Yeast_RBPs_YAF019_IP_02	Saccharomyces cerevisiae	not available	not available	1	20201118_QEP2_FBU_AS_Yeast_RBPs_YAF019_IP_02	proteomic profiling by mass spectrometry	Data-dependent acquisition	NT=label free sample;AC=MS:1002038	NT=Q Exactive HF;AC=MS:1002523	NT=Lys-C;AC=MS:1001309	NT=Carbamidomethyl;AC=UNIMOD:4;TA=C;MT=Fixed	NT=Oxidation;AC=UNIMOD:35;TA=M;MT=Variable	1	1	20201118_QEP2_FBU_AS_Yeast_RBPs_YAF019_IP_02.raw	v1.1.0	NT=ms-proteomics;VV=v1.1.0	NT=sdrf-skeleton-gen;VV=v1.0.0
20201118_QEP2_FBU_AS_Yeast_RBPs_YAF019_IP_03	Saccharomyces cerevisiae	not available	not available	1	20201118_QEP2_FBU_AS_Yeast_RBPs_YAF019_IP_03	proteomic profiling by mass spectrometry	Data-dependent acquisition	NT=label free sample;AC=MS:1002038	NT=Q Exactive HF;AC=MS:1002523	NT=Lys-C;AC=MS:1001309	NT=Carbamidomethyl;AC=UNIMOD:4;TA=C;MT=Fixed	NT=Oxidation;AC=UNIMOD:35;TA=M;MT=Variable	1	1	20201118_QEP2_FBU_AS_Yeast_RBPs_YAF019_IP_03.raw	v1.1.0	NT=ms-proteomics;VV=v1.1.0	NT=sdrf-skeleton-gen;VV=v1.0.0
20201118_QEP2_FBU_AS_Yeast_RBPs_YAF019_IP_04	Saccharomyces cerevisiae	not available	not available	1	20201118_QEP2_FBU_AS_Yeast_RBPs_YAF019_IP_04	proteomic profiling by mass spectrometry	Data-dependent acquisition	NT=label free sample;AC=MS:1002038	NT=Q Exactive HF;AC=MS:1002523	NT=Lys-C;AC=MS:1001309	NT=Carbamidomethyl;AC=UNIMOD:4;TA=C;MT=Fixed	NT=Oxidation;AC=UNIMOD:35;TA=M;MT=Variable	1	1	20201118_QEP2_FBU_AS_Yeast_RBPs_YAF019_IP_04.raw	v1.1.0	NT=ms-proteomics;VV=v1.1.0	NT=sdrf-skeleton-gen;VV=v1.0.0
20201118_QEP2_FBU_AS_Yeast_RBPs_YAF019_RNAse_01	Saccharomyces cerevisiae	not available	not available	1	20201118_QEP2_FBU_AS_Yeast_RBPs_YAF019_RNAse_01	proteomic profiling by mass spectrometry	Data-dependent acquisition	NT=label free sample;AC=MS:1002038	NT=Q Exactive HF;AC=MS:1002523	NT=Lys-C;AC=MS:1001309	NT=Carbamidomethyl;AC=UNIMOD:4;TA=C;MT=Fixed	NT=Oxidation;AC=UNIMOD:35;TA=M;MT=Variable	1	1	20201118_QEP2_FBU_AS_Yeast_RBPs_YAF019_RNAse_01.raw	v1.1.0	NT=ms-proteomics;VV=v1.1.0	NT=sdrf-skeleton-gen;VV=v1.0.0
20201118_QEP2_FBU_AS_Yeast_RBPs_YAF019_RNAse_02	Saccharomyces cerevisiae	not available	not available	1	20201118_QEP2_FBU_AS_Yeast_RBPs_YAF019_RNAse_02	proteomic profiling by mass spectrometry	Data-dependent acquisition	NT=label free sample;AC=MS:1002038	NT=Q Exactive HF;AC=MS:1002523	NT=Lys-C;AC=MS:1001309	NT=Carbamidomethyl;AC=UNIMOD:4;TA=C;MT=Fixed	NT=Oxidation;AC=UNIMOD:35;TA=M;MT=Variable	1	1	20201118_QEP2_FBU_AS_Yeast_RBPs_YAF019_RNAse_02.raw	v1.1.0	NT=ms-proteomics;VV=v1.1.0	NT=sdrf-skeleton-gen;VV=v1.0.0
20201118_QEP2_FBU_AS_Yeast_RBPs_YAF019_RNAse_03	Saccharomyces cerevisiae	not available	not available	1	20201118_QEP2_FBU_AS_Yeast_RBPs_YAF019_RNAse_03	proteomic profiling by mass spectrometry	Data-dependent acquisition	NT=label free sample;AC=MS:1002038	NT=Q Exactive HF;AC=MS:1002523	NT=Lys-C;AC=MS:1001309	NT=Carbamidomethyl;AC=UNIMOD:4;TA=C;MT=Fixed	NT=Oxidation;AC=UNIMOD:35;TA=M;MT=Variable	1	1	20201118_QEP2_FBU_AS_Yeast_RBPs_YAF019_RNAse_03.raw	v1.1.0	NT=ms-proteomics;VV=v1.1.0	NT=sdrf-skeleton-gen;VV=v1.0.0
20201118_QEP2_FBU_AS_Yeast_RBPs_YAF019_RNAse_04	Saccharomyces cerevisiae	not available	not available	1	20201118_QEP2_FBU_AS_Yeast_RBPs_YAF019_RNAse_04	proteomic profiling by mass spectrometry	Data-dependent acquisition	NT=label free sample;AC=MS:1002038	NT=Q Exactive HF;AC=MS:1002523	NT=Lys-C;AC=MS:1001309	NT=Carbamidomethyl;AC=UNIMOD:4;TA=C;MT=Fixed	NT=Oxidation;AC=UNIMOD:35;TA=M;MT=Variable	1	1	20201118_QEP2_FBU_AS_Yeast_RBPs_YAF019_RNAse_04.raw	v1.1.0	NT=ms-proteomics;VV=v1.1.0	NT=sdrf-skeleton-gen;VV=v1.0.0
20201118_QEP2_FBU_AS_Yeast_RBPs_YAF020_IP_01	Saccharomyces cerevisiae	not available	not available	1	20201118_QEP2_FBU_AS_Yeast_RBPs_YAF020_IP_01	proteomic profiling by mass spectrometry	Data-dependent acquisition	NT=label free sample;AC=MS:1002038	NT=Q Exactive HF;AC=MS:1002523	NT=Lys-C;AC=MS:1001309	NT=Carbamidomethyl;AC=UNIMOD:4;TA=C;MT=Fixed	NT=Oxidation;AC=UNIMOD:35;TA=M;MT=Variable	1	1	20201118_QEP2_FBU_AS_Yeast_RBPs_YAF020_IP_01.raw	v1.1.0	NT=ms-proteomics;VV=v1.1.0	NT=sdrf-skeleton-gen;VV=v1.0.0
20201118_QEP2_FBU_AS_Yeast_RBPs_YAF020_IP_02	Saccharomyces cerevisiae	not available	not available	1	20201118_QEP2_FBU_AS_Yeast_RBPs_YAF020_IP_02	proteomic profiling by mass spectrometry	Data-dependent acquisition	NT=label free sample;AC=MS:1002038	NT=Q Exactive HF;AC=MS:1002523	NT=Lys-C;AC=MS:1001309	NT=Carbamidomethyl;AC=UNIMOD:4;TA=C;MT=Fixed	NT=Oxidation;AC=UNIMOD:35;TA=M;MT=Variable	1	1	20201118_QEP2_FBU_AS_Yeast_RBPs_YAF020_IP_02.raw	v1.1.0	NT=ms-proteomics;VV=v1.1.0	NT=sdrf-skeleton-gen;VV=v1.0.0
20201118_QEP2_FBU_AS_Yeast_RBPs_YAF020_IP_03	Saccharomyces cerevisiae	not available	not available	1	20201118_QEP2_FBU_AS_Yeast_RBPs_YAF020_IP_03	proteomic profiling by mass spectrometry	Data-dependent acquisition	NT=label free sample;AC=MS:1002038	NT=Q Exactive HF;AC=MS:1002523	NT=Lys-C;AC=MS:1001309	NT=Carbamidomethyl;AC=UNIMOD:4;TA=C;MT=Fixed	NT=Oxidation;AC=UNIMOD:35;TA=M;MT=Variable	1	1	20201118_QEP2_FBU_AS_Yeast_RBPs_YAF020_IP_03.raw	v1.1.0	NT=ms-proteomics;VV=v1.1.0	NT=sdrf-skeleton-gen;VV=v1.0.0
20201118_QEP2_FBU_AS_Yeast_RBPs_YAF020_IP_04	Saccharomyces cerevisiae	not available	not available	1	20201118_QEP2_FBU_AS_Yeast_RBPs_YAF020_IP_04	proteomic profiling by mass spectrometry	Data-dependent acquisition	NT=label free sample;AC=MS:1002038	NT=Q Exactive HF;AC=MS:1002523	NT=Lys-C;AC=MS:1001309	NT=Carbamidomethyl;AC=UNIMOD:4;TA=C;MT=Fixed	NT=Oxidation;AC=UNIMOD:35;TA=M;MT=Variable	1	1	20201118_QEP2_FBU_AS_Yeast_RBPs_YAF020_IP_04.raw	v1.1.0	NT=ms-proteomics;VV=v1.1.0	NT=sdrf-skeleton-gen;VV=v1.0.0
20201118_QEP2_FBU_AS_Yeast_RBPs_YAF020_RNAse_01	Saccharomyces cerevisiae	not available	not available	1	20201118_QEP2_FBU_AS_Yeast_RBPs_YAF020_RNAse_01	proteomic profiling by mass spectrometry	Data-dependent acquisition	NT=label free sample;AC=MS:1002038	NT=Q Exactive HF;AC=MS:1002523	NT=Lys-C;AC=MS:1001309	NT=Carbamidomethyl;AC=UNIMOD:4;TA=C;MT=Fixed	NT=Oxidation;AC=UNIMOD:35;TA=M;MT=Variable	1	1	20201118_QEP2_FBU_AS_Yeast_RBPs_YAF020_RNAse_01.raw	v1.1.0	NT=ms-proteomics;VV=v1.1.0	NT=sdrf-skeleton-gen;VV=v1.0.0
20201118_QEP2_FBU_AS_Yeast_RBPs_YAF020_RNAse_02	Saccharomyces cerevisiae	not available	not available	1	20201118_QEP2_FBU_AS_Yeast_RBPs_YAF020_RNAse_02	proteomic profiling by mass spectrometry	Data-dependent acquisition	NT=label free sample;AC=MS:1002038	NT=Q Exactive HF;AC=MS:1002523	NT=Lys-C;AC=MS:1001309	NT=Carbamidomethyl;AC=UNIMOD:4;TA=C;MT=Fixed	NT=Oxidation;AC=UNIMOD:35;TA=M;MT=Variable	1	1	20201118_QEP2_FBU_AS_Yeast_RBPs_YAF020_RNAse_02.raw	v1.1.0	NT=ms-proteomics;VV=v1.1.0	NT=sdrf-skeleton-gen;VV=v1.0.0
20201118_QEP2_FBU_AS_Yeast_RBPs_YAF020_RNAse_03	Saccharomyces cerevisiae	not available	not available	1	20201118_QEP2_FBU_AS_Yeast_RBPs_YAF020_RNAse_03	proteomic profiling by mass spectrometry	Data-dependent acquisition	NT=label free sample;AC=MS:1002038	NT=Q Exactive HF;AC=MS:1002523	NT=Lys-C;AC=MS:1001309	NT=Carbamidomethyl;AC=UNIMOD:4;TA=C;MT=Fixed	NT=Oxidation;AC=UNIMOD:35;TA=M;MT=Variable	1	1	20201118_QEP2_FBU_AS_Yeast_RBPs_YAF020_RNAse_03.raw	v1.1.0	NT=ms-proteomics;VV=v1.1.0	NT=sdrf-skeleton-gen;VV=v1.0.0
20201118_QEP2_FBU_AS_Yeast_RBPs_YAF020_RNAse_04	Saccharomyces cerevisiae	not available	not available	1	20201118_QEP2_FBU_AS_Yeast_RBPs_YAF020_RNAse_04	proteomic profiling by mass spectrometry	Data-dependent acquisition	NT=label free sample;AC=MS:1002038	NT=Q Exactive HF;AC=MS:1002523	NT=Lys-C;AC=MS:1001309	NT=Carbamidomethyl;AC=UNIMOD:4;TA=C;MT=Fixed	NT=Oxidation;AC=UNIMOD:35;TA=M;MT=Variable	1	1	20201118_QEP2_FBU_AS_Yeast_RBPs_YAF020_RNAse_04.raw	v1.1.0	NT=ms-proteomics;VV=v1.1.0	NT=sdrf-skeleton-gen;VV=v1.0.0
20201118_QEP2_FBU_AS_Yeast_RBPs_YAF021_IP_01	Saccharomyces cerevisiae	not available	not available	1	20201118_QEP2_FBU_AS_Yeast_RBPs_YAF021_IP_01	proteomic profiling by mass spectrometry	Data-dependent acquisition	NT=label free sample;AC=MS:1002038	NT=Q Exactive HF;AC=MS:1002523	NT=Lys-C;AC=MS:1001309	NT=Carbamidomethyl;AC=UNIMOD:4;TA=C;MT=Fixed	NT=Oxidation;AC=UNIMOD:35;TA=M;MT=Variable	1	1	20201118_QEP2_FBU_AS_Yeast_RBPs_YAF021_IP_01.raw	v1.1.0	NT=ms-proteomics;VV=v1.1.0	NT=sdrf-skeleton-gen;VV=v1.0.0
20201118_QEP2_FBU_AS_Yeast_RBPs_YAF021_IP_02	Saccharomyces cerevisiae	not available	not available	1	20201118_QEP2_FBU_AS_Yeast_RBPs_YAF021_IP_02	proteomic profiling by mass spectrometry	Data-dependent acquisition	NT=label free sample;AC=MS:1002038	NT=Q Exactive HF;AC=MS:1002523	NT=Lys-C;AC=MS:1001309	NT=Carbamidomethyl;AC=UNIMOD:4;TA=C;MT=Fixed	NT=Oxidation;AC=UNIMOD:35;TA=M;MT=Variable	1	1	20201118_QEP2_FBU_AS_Yeast_RBPs_YAF021_IP_02.raw	v1.1.0	NT=ms-proteomics;VV=v1.1.0	NT=sdrf-skeleton-gen;VV=v1.0.0
20201118_QEP2_FBU_AS_Yeast_RBPs_YAF021_IP_03	Saccharomyces cerevisiae	not available	not available	1	20201118_QEP2_FBU_AS_Yeast_RBPs_YAF021_IP_03	proteomic profiling by mass spectrometry	Data-dependent acquisition	NT=label free sample;AC=MS:1002038	NT=Q Exactive HF;AC=MS:1002523	NT=Lys-C;AC=MS:1001309	NT=Carbamidomethyl;AC=UNIMOD:4;TA=C;MT=Fixed	NT=Oxidation;AC=UNIMOD:35;TA=M;MT=Variable	1	1	20201118_QEP2_FBU_AS_Yeast_RBPs_YAF021_IP_03.raw	v1.1.0	NT=ms-proteomics;VV=v1.1.0	NT=sdrf-skeleton-gen;VV=v1.0.0
20201118_QEP2_FBU_AS_Yeast_RBPs_YAF021_IP_04	Saccharomyces cerevisiae	not available	not available	1	20201118_QEP2_FBU_AS_Yeast_RBPs_YAF021_IP_04	proteomic profiling by mass spectrometry	Data-dependent acquisition	NT=label free sample;AC=MS:1002038	NT=Q Exactive HF;AC=MS:1002523	NT=Lys-C;AC=MS:1001309	NT=Carbamidomethyl;AC=UNIMOD:4;TA=C;MT=Fixed	NT=Oxidation;AC=UNIMOD:35;TA=M;MT=Variable	1	1	20201118_QEP2_FBU_AS_Yeast_RBPs_YAF021_IP_04.raw	v1.1.0	NT=ms-proteomics;VV=v1.1.0	NT=sdrf-skeleton-gen;VV=v1.0.0
20201118_QEP2_FBU_AS_Yeast_RBPs_YAF021_RNAse_01	Saccharomyces cerevisiae	not available	not available	1	20201118_QEP2_FBU_AS_Yeast_RBPs_YAF021_RNAse_01	proteomic profiling by mass spectrometry	Data-dependent acquisition	NT=label free sample;AC=MS:1002038	NT=Q Exactive HF;AC=MS:1002523	NT=Lys-C;AC=MS:1001309	NT=Carbamidomethyl;AC=UNIMOD:4;TA=C;MT=Fixed	NT=Oxidation;AC=UNIMOD:35;TA=M;MT=Variable	1	1	20201118_QEP2_FBU_AS_Yeast_RBPs_YAF021_RNAse_01.raw	v1.1.0	NT=ms-proteomics;VV=v1.1.0	NT=sdrf-skeleton-gen;VV=v1.0.0
20201118_QEP2_FBU_AS_Yeast_RBPs_YAF021_RNAse_02	Saccharomyces cerevisiae	not available	not available	1	20201118_QEP2_FBU_AS_Yeast_RBPs_YAF021_RNAse_02	proteomic profiling by mass spectrometry	Data-dependent acquisition	NT=label free sample;AC=MS:1002038	NT=Q Exactive HF;AC=MS:1002523	NT=Lys-C;AC=MS:1001309	NT=Carbamidomethyl;AC=UNIMOD:4;TA=C;MT=Fixed	NT=Oxidation;AC=UNIMOD:35;TA=M;MT=Variable	1	1	20201118_QEP2_FBU_AS_Yeast_RBPs_YAF021_RNAse_02.raw	v1.1.0	NT=ms-proteomics;VV=v1.1.0	NT=sdrf-skeleton-gen;VV=v1.0.0
20201118_QEP2_FBU_AS_Yeast_RBPs_YAF021_RNAse_03	Saccharomyces cerevisiae	not available	not available	1	20201118_QEP2_FBU_AS_Yeast_RBPs_YAF021_RNAse_03	proteomic profiling by mass spectrometry	Data-dependent acquisition	NT=label free sample;AC=MS:1002038	NT=Q Exactive HF;AC=MS:1002523	NT=Lys-C;AC=MS:1001309	NT=Carbamidomethyl;AC=UNIMOD:4;TA=C;MT=Fixed	NT=Oxidation;AC=UNIMOD:35;TA=M;MT=Variable	1	1	20201118_QEP2_FBU_AS_Yeast_RBPs_YAF021_RNAse_03.raw	v1.1.0	NT=ms-proteomics;VV=v1.1.0	NT=sdrf-skeleton-gen;VV=v1.0.0
20201118_QEP2_FBU_AS_Yeast_RBPs_YAF021_RNAse_04	Saccharomyces cerevisiae	not available	not available	1	20201118_QEP2_FBU_AS_Yeast_RBPs_YAF021_RNAse_04	proteomic profiling by mass spectrometry	Data-dependent acquisition	NT=label free sample;AC=MS:1002038	NT=Q Exactive HF;AC=MS:1002523	NT=Lys-C;AC=MS:1001309	NT=Carbamidomethyl;AC=UNIMOD:4;TA=C;MT=Fixed	NT=Oxidation;AC=UNIMOD:35;TA=M;MT=Variable	1	1	20201118_QEP2_FBU_AS_Yeast_RBPs_YAF021_RNAse_04.raw	v1.1.0	NT=ms-proteomics;VV=v1.1.0	NT=sdrf-skeleton-gen;VV=v1.0.0
20201201_QEP2_FBU_AS_Yeast_RBPs_YAF000_RNAse_01	Saccharomyces cerevisiae	not available	not available	1	20201201_QEP2_FBU_AS_Yeast_RBPs_YAF000_RNAse_01	proteomic profiling by mass spectrometry	Data-dependent acquisition	NT=label free sample;AC=MS:1002038	NT=Q Exactive HF;AC=MS:1002523	NT=Lys-C;AC=MS:1001309	NT=Carbamidomethyl;AC=UNIMOD:4;TA=C;MT=Fixed	NT=Oxidation;AC=UNIMOD:35;TA=M;MT=Variable	1	1	20201201_QEP2_FBU_AS_Yeast_RBPs_YAF000_RNAse_01.raw	v1.1.0	NT=ms-proteomics;VV=v1.1.0	NT=sdrf-skeleton-gen;VV=v1.0.0
20201201_QEP2_FBU_AS_Yeast_RBPs_YAF000_RNAse_02	Saccharomyces cerevisiae	not available	not available	1	20201201_QEP2_FBU_AS_Yeast_RBPs_YAF000_RNAse_02	proteomic profiling by mass spectrometry	Data-dependent acquisition	NT=label free sample;AC=MS:1002038	NT=Q Exactive HF;AC=MS:1002523	NT=Lys-C;AC=MS:1001309	NT=Carbamidomethyl;AC=UNIMOD:4;TA=C;MT=Fixed	NT=Oxidation;AC=UNIMOD:35;TA=M;MT=Variable	1	1	20201201_QEP2_FBU_AS_Yeast_RBPs_YAF000_RNAse_02.raw	v1.1.0	NT=ms-proteomics;VV=v1.1.0	NT=sdrf-skeleton-gen;VV=v1.0.0
20201201_QEP2_FBU_AS_Yeast_RBPs_YAF000_RNAse_03	Saccharomyces cerevisiae	not available	not available	1	20201201_QEP2_FBU_AS_Yeast_RBPs_YAF000_RNAse_03	proteomic profiling by mass spectrometry	Data-dependent acquisition	NT=label free sample;AC=MS:1002038	NT=Q Exactive HF;AC=MS:1002523	NT=Lys-C;AC=MS:1001309	NT=Carbamidomethyl;AC=UNIMOD:4;TA=C;MT=Fixed	NT=Oxidation;AC=UNIMOD:35;TA=M;MT=Variable	1	1	20201201_QEP2_FBU_AS_Yeast_RBPs_YAF000_RNAse_03.raw	v1.1.0	NT=ms-proteomics;VV=v1.1.0	NT=sdrf-skeleton-gen;VV=v1.0.0
20201201_QEP2_FBU_AS_Yeast_RBPs_YAF000_RNAse_04	Saccharomyces cerevisiae	not available	not available	1	20201201_QEP2_FBU_AS_Yeast_RBPs_YAF000_RNAse_04	proteomic profiling by mass spectrometry	Data-dependent acquisition	NT=label free sample;AC=MS:1002038	NT=Q Exactive HF;AC=MS:1002523	NT=Lys-C;AC=MS:1001309	NT=Carbamidomethyl;AC=UNIMOD:4;TA=C;MT=Fixed	NT=Oxidation;AC=UNIMOD:35;TA=M;MT=Variable	1	1	20201201_QEP2_FBU_AS_Yeast_RBPs_YAF000_RNAse_04.raw	v1.1.0	NT=ms-proteomics;VV=v1.1.0	NT=sdrf-skeleton-gen;VV=v1.0.0
20201201_QEP2_FBU_AS_Yeast_RBPs_YAF022_IP_01	Saccharomyces cerevisiae	not available	not available	1	20201201_QEP2_FBU_AS_Yeast_RBPs_YAF022_IP_01	proteomic profiling by mass spectrometry	Data-dependent acquisition	NT=label free sample;AC=MS:1002038	NT=Q Exactive HF;AC=MS:1002523	NT=Lys-C;AC=MS:1001309	NT=Carbamidomethyl;AC=UNIMOD:4;TA=C;MT=Fixed	NT=Oxidation;AC=UNIMOD:35;TA=M;MT=Variable	1	1	20201201_QEP2_FBU_AS_Yeast_RBPs_YAF022_IP_01.raw	v1.1.0	NT=ms-proteomics;VV=v1.1.0	NT=sdrf-skeleton-gen;VV=v1.0.0
20201201_QEP2_FBU_AS_Yeast_RBPs_YAF022_IP_02	Saccharomyces cerevisiae	not available	not available	1	20201201_QEP2_FBU_AS_Yeast_RBPs_YAF022_IP_02	proteomic profiling by mass spectrometry	Data-dependent acquisition	NT=label free sample;AC=MS:1002038	NT=Q Exactive HF;AC=MS:1002523	NT=Lys-C;AC=MS:1001309	NT=Carbamidomethyl;AC=UNIMOD:4;TA=C;MT=Fixed	NT=Oxidation;AC=UNIMOD:35;TA=M;MT=Variable	1	1	20201201_QEP2_FBU_AS_Yeast_RBPs_YAF022_IP_02.raw	v1.1.0	NT=ms-proteomics;VV=v1.1.0	NT=sdrf-skeleton-gen;VV=v1.0.0
20201201_QEP2_FBU_AS_Yeast_RBPs_YAF022_IP_03	Saccharomyces cerevisiae	not available	not available	1	20201201_QEP2_FBU_AS_Yeast_RBPs_YAF022_IP_03	proteomic profiling by mass spectrometry	Data-dependent acquisition	NT=label free sample;AC=MS:1002038	NT=Q Exactive HF;AC=MS:1002523	NT=Lys-C;AC=MS:1001309	NT=Carbamidomethyl;AC=UNIMOD:4;TA=C;MT=Fixed	NT=Oxidation;AC=UNIMOD:35;TA=M;MT=Variable	1	1	20201201_QEP2_FBU_AS_Yeast_RBPs_YAF022_IP_03.raw	v1.1.0	NT=ms-proteomics;VV=v1.1.0	NT=sdrf-skeleton-gen;VV=v1.0.0
20201201_QEP2_FBU_AS_Yeast_RBPs_YAF022_IP_04	Saccharomyces cerevisiae	not available	not available	1	20201201_QEP2_FBU_AS_Yeast_RBPs_YAF022_IP_04	proteomic profiling by mass spectrometry	Data-dependent acquisition	NT=label free sample;AC=MS:1002038	NT=Q Exactive HF;AC=MS:1002523	NT=Lys-C;AC=MS:1001309	NT=Carbamidomethyl;AC=UNIMOD:4;TA=C;MT=Fixed	NT=Oxidation;AC=UNIMOD:35;TA=M;MT=Variable	1	1	20201201_QEP2_FBU_AS_Yeast_RBPs_YAF022_IP_04.raw	v1.1.0	NT=ms-proteomics;VV=v1.1.0	NT=sdrf-skeleton-gen;VV=v1.0.0
20201201_QEP2_FBU_AS_Yeast_RBPs_YAF022_RNAse_01	Saccharomyces cerevisiae	not available	not available	1	20201201_QEP2_FBU_AS_Yeast_RBPs_YAF022_RNAse_01	proteomic profiling by mass spectrometry	Data-dependent acquisition	NT=label free sample;AC=MS:1002038	NT=Q Exactive HF;AC=MS:1002523	NT=Lys-C;AC=MS:1001309	NT=Carbamidomethyl;AC=UNIMOD:4;TA=C;MT=Fixed	NT=Oxidation;AC=UNIMOD:35;TA=M;MT=Variable	1	1	20201201_QEP2_FBU_AS_Yeast_RBPs_YAF022_RNAse_01.raw	v1.1.0	NT=ms-proteomics;VV=v1.1.0	NT=sdrf-skeleton-gen;VV=v1.0.0
20201201_QEP2_FBU_AS_Yeast_RBPs_YAF022_RNAse_02	Saccharomyces cerevisiae	not available	not available	1	20201201_QEP2_FBU_AS_Yeast_RBPs_YAF022_RNAse_02	proteomic profiling by mass spectrometry	Data-dependent acquisition	NT=label free sample;AC=MS:1002038	NT=Q Exactive HF;AC=MS:1002523	NT=Lys-C;AC=MS:1001309	NT=Carbamidomethyl;AC=UNIMOD:4;TA=C;MT=Fixed	NT=Oxidation;AC=UNIMOD:35;TA=M;MT=Variable	1	1	20201201_QEP2_FBU_AS_Yeast_RBPs_YAF022_RNAse_02.raw	v1.1.0	NT=ms-proteomics;VV=v1.1.0	NT=sdrf-skeleton-gen;VV=v1.0.0
20201201_QEP2_FBU_AS_Yeast_RBPs_YAF022_RNAse_03	Saccharomyces cerevisiae	not available	not available	1	20201201_QEP2_FBU_AS_Yeast_RBPs_YAF022_RNAse_03	proteomic profiling by mass spectrometry	Data-dependent acquisition	NT=label free sample;AC=MS:1002038	NT=Q Exactive HF;AC=MS:1002523	NT=Lys-C;AC=MS:1001309	NT=Carbamidomethyl;AC=UNIMOD:4;TA=C;MT=Fixed	NT=Oxidation;AC=UNIMOD:35;TA=M;MT=Variable	1	1	20201201_QEP2_FBU_AS_Yeast_RBPs_YAF022_RNAse_03.raw	v1.1.0	NT=ms-proteomics;VV=v1.1.0	NT=sdrf-skeleton-gen;VV=v1.0.0
20201201_QEP2_FBU_AS_Yeast_RBPs_YAF022_RNAse_04	Saccharomyces cerevisiae	not available	not available	1	20201201_QEP2_FBU_AS_Yeast_RBPs_YAF022_RNAse_04	proteomic profiling by mass spectrometry	Data-dependent acquisition	NT=label free sample;AC=MS:1002038	NT=Q Exactive HF;AC=MS:1002523	NT=Lys-C;AC=MS:1001309	NT=Carbamidomethyl;AC=UNIMOD:4;TA=C;MT=Fixed	NT=Oxidation;AC=UNIMOD:35;TA=M;MT=Variable	1	1	20201201_QEP2_FBU_AS_Yeast_RBPs_YAF022_RNAse_04.raw	v1.1.0	NT=ms-proteomics;VV=v1.1.0	NT=sdrf-skeleton-gen;VV=v1.0.0
20201201_QEP2_FBU_AS_Yeast_RBPs_YAF023_IP_01	Saccharomyces cerevisiae	not available	not available	1	20201201_QEP2_FBU_AS_Yeast_RBPs_YAF023_IP_01	proteomic profiling by mass spectrometry	Data-dependent acquisition	NT=label free sample;AC=MS:1002038	NT=Q Exactive HF;AC=MS:1002523	NT=Lys-C;AC=MS:1001309	NT=Carbamidomethyl;AC=UNIMOD:4;TA=C;MT=Fixed	NT=Oxidation;AC=UNIMOD:35;TA=M;MT=Variable	1	1	20201201_QEP2_FBU_AS_Yeast_RBPs_YAF023_IP_01.raw	v1.1.0	NT=ms-proteomics;VV=v1.1.0	NT=sdrf-skeleton-gen;VV=v1.0.0
20201201_QEP2_FBU_AS_Yeast_RBPs_YAF023_IP_02	Saccharomyces cerevisiae	not available	not available	1	20201201_QEP2_FBU_AS_Yeast_RBPs_YAF023_IP_02	proteomic profiling by mass spectrometry	Data-dependent acquisition	NT=label free sample;AC=MS:1002038	NT=Q Exactive HF;AC=MS:1002523	NT=Lys-C;AC=MS:1001309	NT=Carbamidomethyl;AC=UNIMOD:4;TA=C;MT=Fixed	NT=Oxidation;AC=UNIMOD:35;TA=M;MT=Variable	1	1	20201201_QEP2_FBU_AS_Yeast_RBPs_YAF023_IP_02.raw	v1.1.0	NT=ms-proteomics;VV=v1.1.0	NT=sdrf-skeleton-gen;VV=v1.0.0
20201201_QEP2_FBU_AS_Yeast_RBPs_YAF023_IP_03	Saccharomyces cerevisiae	not available	not available	1	20201201_QEP2_FBU_AS_Yeast_RBPs_YAF023_IP_03	proteomic profiling by mass spectrometry	Data-dependent acquisition	NT=label free sample;AC=MS:1002038	NT=Q Exactive HF;AC=MS:1002523	NT=Lys-C;AC=MS:1001309	NT=Carbamidomethyl;AC=UNIMOD:4;TA=C;MT=Fixed	NT=Oxidation;AC=UNIMOD:35;TA=M;MT=Variable	1	1	20201201_QEP2_FBU_AS_Yeast_RBPs_YAF023_IP_03.raw	v1.1.0	NT=ms-proteomics;VV=v1.1.0	NT=sdrf-skeleton-gen;VV=v1.0.0
20201201_QEP2_FBU_AS_Yeast_RBPs_YAF023_IP_04	Saccharomyces cerevisiae	not available	not available	1	20201201_QEP2_FBU_AS_Yeast_RBPs_YAF023_IP_04	proteomic profiling by mass spectrometry	Data-dependent acquisition	NT=label free sample;AC=MS:1002038	NT=Q Exactive HF;AC=MS:1002523	NT=Lys-C;AC=MS:1001309	NT=Carbamidomethyl;AC=UNIMOD:4;TA=C;MT=Fixed	NT=Oxidation;AC=UNIMOD:35;TA=M;MT=Variable	1	1	20201201_QEP2_FBU_AS_Yeast_RBPs_YAF023_IP_04.raw	v1.1.0	NT=ms-proteomics;VV=v1.1.0	NT=sdrf-skeleton-gen;VV=v1.0.0
20201201_QEP2_FBU_AS_Yeast_RBPs_YAF023_RNAse_01	Saccharomyces cerevisiae	not available	not available	1	20201201_QEP2_FBU_AS_Yeast_RBPs_YAF023_RNAse_01	proteomic profiling by mass spectrometry	Data-dependent acquisition	NT=label free sample;AC=MS:1002038	NT=Q Exactive HF;AC=MS:1002523	NT=Lys-C;AC=MS:1001309	NT=Carbamidomethyl;AC=UNIMOD:4;TA=C;MT=Fixed	NT=Oxidation;AC=UNIMOD:35;TA=M;MT=Variable	1	1	20201201_QEP2_FBU_AS_Yeast_RBPs_YAF023_RNAse_01.raw	v1.1.0	NT=ms-proteomics;VV=v1.1.0	NT=sdrf-skeleton-gen;VV=v1.0.0
20201201_QEP2_FBU_AS_Yeast_RBPs_YAF023_RNAse_02	Saccharomyces cerevisiae	not available	not available	1	20201201_QEP2_FBU_AS_Yeast_RBPs_YAF023_RNAse_02	proteomic profiling by mass spectrometry	Data-dependent acquisition	NT=label free sample;AC=MS:1002038	NT=Q Exactive HF;AC=MS:1002523	NT=Lys-C;AC=MS:1001309	NT=Carbamidomethyl;AC=UNIMOD:4;TA=C;MT=Fixed	NT=Oxidation;AC=UNIMOD:35;TA=M;MT=Variable	1	1	20201201_QEP2_FBU_AS_Yeast_RBPs_YAF023_RNAse_02.raw	v1.1.0	NT=ms-proteomics;VV=v1.1.0	NT=sdrf-skeleton-gen;VV=v1.0.0
20201201_QEP2_FBU_AS_Yeast_RBPs_YAF023_RNAse_03	Saccharomyces cerevisiae	not available	not available	1	20201201_QEP2_FBU_AS_Yeast_RBPs_YAF023_RNAse_03	proteomic profiling by mass spectrometry	Data-dependent acquisition	NT=label free sample;AC=MS:1002038	NT=Q Exactive HF;AC=MS:1002523	NT=Lys-C;AC=MS:1001309	NT=Carbamidomethyl;AC=UNIMOD:4;TA=C;MT=Fixed	NT=Oxidation;AC=UNIMOD:35;TA=M;MT=Variable	1	1	20201201_QEP2_FBU_AS_Yeast_RBPs_YAF023_RNAse_03.raw	v1.1.0	NT=ms-proteomics;VV=v1.1.0	NT=sdrf-skeleton-gen;VV=v1.0.0
20201201_QEP2_FBU_AS_Yeast_RBPs_YAF023_RNAse_04	Saccharomyces cerevisiae	not available	not available	1	20201201_QEP2_FBU_AS_Yeast_RBPs_YAF023_RNAse_04	proteomic profiling by mass spectrometry	Data-dependent acquisition	NT=label free sample;AC=MS:1002038	NT=Q Exactive HF;AC=MS:1002523	NT=Lys-C;AC=MS:1001309	NT=Carbamidomethyl;AC=UNIMOD:4;TA=C;MT=Fixed	NT=Oxidation;AC=UNIMOD:35;TA=M;MT=Variable	1	1	20201201_QEP2_FBU_AS_Yeast_RBPs_YAF023_RNAse_04.raw	v1.1.0	NT=ms-proteomics;VV=v1.1.0	NT=sdrf-skeleton-gen;VV=v1.0.0
20201201_QEP2_FBU_AS_Yeast_RBPs_YAF024_IP_01	Saccharomyces cerevisiae	not available	not available	1	20201201_QEP2_FBU_AS_Yeast_RBPs_YAF024_IP_01	proteomic profiling by mass spectrometry	Data-dependent acquisition	NT=label free sample;AC=MS:1002038	NT=Q Exactive HF;AC=MS:1002523	NT=Lys-C;AC=MS:1001309	NT=Carbamidomethyl;AC=UNIMOD:4;TA=C;MT=Fixed	NT=Oxidation;AC=UNIMOD:35;TA=M;MT=Variable	1	1	20201201_QEP2_FBU_AS_Yeast_RBPs_YAF024_IP_01.raw	v1.1.0	NT=ms-proteomics;VV=v1.1.0	NT=sdrf-skeleton-gen;VV=v1.0.0
20201201_QEP2_FBU_AS_Yeast_RBPs_YAF024_IP_02	Saccharomyces cerevisiae	not available	not available	1	20201201_QEP2_FBU_AS_Yeast_RBPs_YAF024_IP_02	proteomic profiling by mass spectrometry	Data-dependent acquisition	NT=label free sample;AC=MS:1002038	NT=Q Exactive HF;AC=MS:1002523	NT=Lys-C;AC=MS:1001309	NT=Carbamidomethyl;AC=UNIMOD:4;TA=C;MT=Fixed	NT=Oxidation;AC=UNIMOD:35;TA=M;MT=Variable	1	1	20201201_QEP2_FBU_AS_Yeast_RBPs_YAF024_IP_02.raw	v1.1.0	NT=ms-proteomics;VV=v1.1.0	NT=sdrf-skeleton-gen;VV=v1.0.0
20201201_QEP2_FBU_AS_Yeast_RBPs_YAF024_IP_03	Saccharomyces cerevisiae	not available	not available	1	20201201_QEP2_FBU_AS_Yeast_RBPs_YAF024_IP_03	proteomic profiling by mass spectrometry	Data-dependent acquisition	NT=label free sample;AC=MS:1002038	NT=Q Exactive HF;AC=MS:1002523	NT=Lys-C;AC=MS:1001309	NT=Carbamidomethyl;AC=UNIMOD:4;TA=C;MT=Fixed	NT=Oxidation;AC=UNIMOD:35;TA=M;MT=Variable	1	1	20201201_QEP2_FBU_AS_Yeast_RBPs_YAF024_IP_03.raw	v1.1.0	NT=ms-proteomics;VV=v1.1.0	NT=sdrf-skeleton-gen;VV=v1.0.0
20201201_QEP2_FBU_AS_Yeast_RBPs_YAF024_IP_04	Saccharomyces cerevisiae	not available	not available	1	20201201_QEP2_FBU_AS_Yeast_RBPs_YAF024_IP_04	proteomic profiling by mass spectrometry	Data-dependent acquisition	NT=label free sample;AC=MS:1002038	NT=Q Exactive HF;AC=MS:1002523	NT=Lys-C;AC=MS:1001309	NT=Carbamidomethyl;AC=UNIMOD:4;TA=C;MT=Fixed	NT=Oxidation;AC=UNIMOD:35;TA=M;MT=Variable	1	1	20201201_QEP2_FBU_AS_Yeast_RBPs_YAF024_IP_04.raw	v1.1.0	NT=ms-proteomics;VV=v1.1.0	NT=sdrf-skeleton-gen;VV=v1.0.0
20201201_QEP2_FBU_AS_Yeast_RBPs_YAF024_RNAse_01	Saccharomyces cerevisiae	not available	not available	1	20201201_QEP2_FBU_AS_Yeast_RBPs_YAF024_RNAse_01	proteomic profiling by mass spectrometry	Data-dependent acquisition	NT=label free sample;AC=MS:1002038	NT=Q Exactive HF;AC=MS:1002523	NT=Lys-C;AC=MS:1001309	NT=Carbamidomethyl;AC=UNIMOD:4;TA=C;MT=Fixed	NT=Oxidation;AC=UNIMOD:35;TA=M;MT=Variable	1	1	20201201_QEP2_FBU_AS_Yeast_RBPs_YAF024_RNAse_01.raw	v1.1.0	NT=ms-proteomics;VV=v1.1.0	NT=sdrf-skeleton-gen;VV=v1.0.0
20201201_QEP2_FBU_AS_Yeast_RBPs_YAF024_RNAse_02	Saccharomyces cerevisiae	not available	not available	1	20201201_QEP2_FBU_AS_Yeast_RBPs_YAF024_RNAse_02	proteomic profiling by mass spectrometry	Data-dependent acquisition	NT=label free sample;AC=MS:1002038	NT=Q Exactive HF;AC=MS:1002523	NT=Lys-C;AC=MS:1001309	NT=Carbamidomethyl;AC=UNIMOD:4;TA=C;MT=Fixed	NT=Oxidation;AC=UNIMOD:35;TA=M;MT=Variable	1	1	20201201_QEP2_FBU_AS_Yeast_RBPs_YAF024_RNAse_02.raw	v1.1.0	NT=ms-proteomics;VV=v1.1.0	NT=sdrf-skeleton-gen;VV=v1.0.0
20201201_QEP2_FBU_AS_Yeast_RBPs_YAF024_RNAse_03	Saccharomyces cerevisiae	not available	not available	1	20201201_QEP2_FBU_AS_Yeast_RBPs_YAF024_RNAse_03	proteomic profiling by mass spectrometry	Data-dependent acquisition	NT=label free sample;AC=MS:1002038	NT=Q Exactive HF;AC=MS:1002523	NT=Lys-C;AC=MS:1001309	NT=Carbamidomethyl;AC=UNIMOD:4;TA=C;MT=Fixed	NT=Oxidation;AC=UNIMOD:35;TA=M;MT=Variable	1	1	20201201_QEP2_FBU_AS_Yeast_RBPs_YAF024_RNAse_03.raw	v1.1.0	NT=ms-proteomics;VV=v1.1.0	NT=sdrf-skeleton-gen;VV=v1.0.0
20201201_QEP2_FBU_AS_Yeast_RBPs_YAF024_RNAse_04	Saccharomyces cerevisiae	not available	not available	1	20201201_QEP2_FBU_AS_Yeast_RBPs_YAF024_RNAse_04	proteomic profiling by mass spectrometry	Data-dependent acquisition	NT=label free sample;AC=MS:1002038	NT=Q Exactive HF;AC=MS:1002523	NT=Lys-C;AC=MS:1001309	NT=Carbamidomethyl;AC=UNIMOD:4;TA=C;MT=Fixed	NT=Oxidation;AC=UNIMOD:35;TA=M;MT=Variable	1	1	20201201_QEP2_FBU_AS_Yeast_RBPs_YAF024_RNAse_04.raw	v1.1.0	NT=ms-proteomics;VV=v1.1.0	NT=sdrf-skeleton-gen;VV=v1.0.0
20201201_QEP2_FBU_AS_Yeast_RBPs_YAF025_IP_01	Saccharomyces cerevisiae	not available	not available	1	20201201_QEP2_FBU_AS_Yeast_RBPs_YAF025_IP_01	proteomic profiling by mass spectrometry	Data-dependent acquisition	NT=label free sample;AC=MS:1002038	NT=Q Exactive HF;AC=MS:1002523	NT=Lys-C;AC=MS:1001309	NT=Carbamidomethyl;AC=UNIMOD:4;TA=C;MT=Fixed	NT=Oxidation;AC=UNIMOD:35;TA=M;MT=Variable	1	1	20201201_QEP2_FBU_AS_Yeast_RBPs_YAF025_IP_01.raw	v1.1.0	NT=ms-proteomics;VV=v1.1.0	NT=sdrf-skeleton-gen;VV=v1.0.0
20201201_QEP2_FBU_AS_Yeast_RBPs_YAF025_IP_02	Saccharomyces cerevisiae	not available	not available	1	20201201_QEP2_FBU_AS_Yeast_RBPs_YAF025_IP_02	proteomic profiling by mass spectrometry	Data-dependent acquisition	NT=label free sample;AC=MS:1002038	NT=Q Exactive HF;AC=MS:1002523	NT=Lys-C;AC=MS:1001309	NT=Carbamidomethyl;AC=UNIMOD:4;TA=C;MT=Fixed	NT=Oxidation;AC=UNIMOD:35;TA=M;MT=Variable	1	1	20201201_QEP2_FBU_AS_Yeast_RBPs_YAF025_IP_02.raw	v1.1.0	NT=ms-proteomics;VV=v1.1.0	NT=sdrf-skeleton-gen;VV=v1.0.0
20201201_QEP2_FBU_AS_Yeast_RBPs_YAF025_IP_03	Saccharomyces cerevisiae	not available	not available	1	20201201_QEP2_FBU_AS_Yeast_RBPs_YAF025_IP_03	proteomic profiling by mass spectrometry	Data-dependent acquisition	NT=label free sample;AC=MS:1002038	NT=Q Exactive HF;AC=MS:1002523	NT=Lys-C;AC=MS:1001309	NT=Carbamidomethyl;AC=UNIMOD:4;TA=C;MT=Fixed	NT=Oxidation;AC=UNIMOD:35;TA=M;MT=Variable	1	1	20201201_QEP2_FBU_AS_Yeast_RBPs_YAF025_IP_03.raw	v1.1.0	NT=ms-proteomics;VV=v1.1.0	NT=sdrf-skeleton-gen;VV=v1.0.0
20201201_QEP2_FBU_AS_Yeast_RBPs_YAF025_IP_04	Saccharomyces cerevisiae	not available	not available	1	20201201_QEP2_FBU_AS_Yeast_RBPs_YAF025_IP_04	proteomic profiling by mass spectrometry	Data-dependent acquisition	NT=label free sample;AC=MS:1002038	NT=Q Exactive HF;AC=MS:1002523	NT=Lys-C;AC=MS:1001309	NT=Carbamidomethyl;AC=UNIMOD:4;TA=C;MT=Fixed	NT=Oxidation;AC=UNIMOD:35;TA=M;MT=Variable	1	1	20201201_QEP2_FBU_AS_Yeast_RBPs_YAF025_IP_04.raw	v1.1.0	NT=ms-proteomics;VV=v1.1.0	NT=sdrf-skeleton-gen;VV=v1.0.0
20201201_QEP2_FBU_AS_Yeast_RBPs_YAF025_RNAse_01	Saccharomyces cerevisiae	not available	not available	1	20201201_QEP2_FBU_AS_Yeast_RBPs_YAF025_RNAse_01	proteomic profiling by mass spectrometry	Data-dependent acquisition	NT=label free sample;AC=MS:1002038	NT=Q Exactive HF;AC=MS:1002523	NT=Lys-C;AC=MS:1001309	NT=Carbamidomethyl;AC=UNIMOD:4;TA=C;MT=Fixed	NT=Oxidation;AC=UNIMOD:35;TA=M;MT=Variable	1	1	20201201_QEP2_FBU_AS_Yeast_RBPs_YAF025_RNAse_01.raw	v1.1.0	NT=ms-proteomics;VV=v1.1.0	NT=sdrf-skeleton-gen;VV=v1.0.0
20201201_QEP2_FBU_AS_Yeast_RBPs_YAF025_RNAse_02	Saccharomyces cerevisiae	not available	not available	1	20201201_QEP2_FBU_AS_Yeast_RBPs_YAF025_RNAse_02	proteomic profiling by mass spectrometry	Data-dependent acquisition	NT=label free sample;AC=MS:1002038	NT=Q Exactive HF;AC=MS:1002523	NT=Lys-C;AC=MS:1001309	NT=Carbamidomethyl;AC=UNIMOD:4;TA=C;MT=Fixed	NT=Oxidation;AC=UNIMOD:35;TA=M;MT=Variable	1	1	20201201_QEP2_FBU_AS_Yeast_RBPs_YAF025_RNAse_02.raw	v1.1.0	NT=ms-proteomics;VV=v1.1.0	NT=sdrf-skeleton-gen;VV=v1.0.0
20201201_QEP2_FBU_AS_Yeast_RBPs_YAF025_RNAse_03	Saccharomyces cerevisiae	not available	not available	1	20201201_QEP2_FBU_AS_Yeast_RBPs_YAF025_RNAse_03	proteomic profiling by mass spectrometry	Data-dependent acquisition	NT=label free sample;AC=MS:1002038	NT=Q Exactive HF;AC=MS:1002523	NT=Lys-C;AC=MS:1001309	NT=Carbamidomethyl;AC=UNIMOD:4;TA=C;MT=Fixed	NT=Oxidation;AC=UNIMOD:35;TA=M;MT=Variable	1	1	20201201_QEP2_FBU_AS_Yeast_RBPs_YAF025_RNAse_03.raw	v1.1.0	NT=ms-proteomics;VV=v1.1.0	NT=sdrf-skeleton-gen;VV=v1.0.0
20201201_QEP2_FBU_AS_Yeast_RBPs_YAF025_RNAse_04	Saccharomyces cerevisiae	not available	not available	1	20201201_QEP2_FBU_AS_Yeast_RBPs_YAF025_RNAse_04	proteomic profiling by mass spectrometry	Data-dependent acquisition	NT=label free sample;AC=MS:1002038	NT=Q Exactive HF;AC=MS:1002523	NT=Lys-C;AC=MS:1001309	NT=Carbamidomethyl;AC=UNIMOD:4;TA=C;MT=Fixed	NT=Oxidation;AC=UNIMOD:35;TA=M;MT=Variable	1	1	20201201_QEP2_FBU_AS_Yeast_RBPs_YAF025_RNAse_04.raw	v1.1.0	NT=ms-proteomics;VV=v1.1.0	NT=sdrf-skeleton-gen;VV=v1.0.0
20201201_QEP2_FBU_AS_Yeast_RBPs_YAF026_IP_01	Saccharomyces cerevisiae	not available	not available	1	20201201_QEP2_FBU_AS_Yeast_RBPs_YAF026_IP_01	proteomic profiling by mass spectrometry	Data-dependent acquisition	NT=label free sample;AC=MS:1002038	NT=Q Exactive HF;AC=MS:1002523	NT=Lys-C;AC=MS:1001309	NT=Carbamidomethyl;AC=UNIMOD:4;TA=C;MT=Fixed	NT=Oxidation;AC=UNIMOD:35;TA=M;MT=Variable	1	1	20201201_QEP2_FBU_AS_Yeast_RBPs_YAF026_IP_01.raw	v1.1.0	NT=ms-proteomics;VV=v1.1.0	NT=sdrf-skeleton-gen;VV=v1.0.0
20201201_QEP2_FBU_AS_Yeast_RBPs_YAF026_IP_02	Saccharomyces cerevisiae	not available	not available	1	20201201_QEP2_FBU_AS_Yeast_RBPs_YAF026_IP_02	proteomic profiling by mass spectrometry	Data-dependent acquisition	NT=label free sample;AC=MS:1002038	NT=Q Exactive HF;AC=MS:1002523	NT=Lys-C;AC=MS:1001309	NT=Carbamidomethyl;AC=UNIMOD:4;TA=C;MT=Fixed	NT=Oxidation;AC=UNIMOD:35;TA=M;MT=Variable	1	1	20201201_QEP2_FBU_AS_Yeast_RBPs_YAF026_IP_02.raw	v1.1.0	NT=ms-proteomics;VV=v1.1.0	NT=sdrf-skeleton-gen;VV=v1.0.0
20201201_QEP2_FBU_AS_Yeast_RBPs_YAF026_IP_03	Saccharomyces cerevisiae	not available	not available	1	20201201_QEP2_FBU_AS_Yeast_RBPs_YAF026_IP_03	proteomic profiling by mass spectrometry	Data-dependent acquisition	NT=label free sample;AC=MS:1002038	NT=Q Exactive HF;AC=MS:1002523	NT=Lys-C;AC=MS:1001309	NT=Carbamidomethyl;AC=UNIMOD:4;TA=C;MT=Fixed	NT=Oxidation;AC=UNIMOD:35;TA=M;MT=Variable	1	1	20201201_QEP2_FBU_AS_Yeast_RBPs_YAF026_IP_03.raw	v1.1.0	NT=ms-proteomics;VV=v1.1.0	NT=sdrf-skeleton-gen;VV=v1.0.0
20201201_QEP2_FBU_AS_Yeast_RBPs_YAF026_IP_04	Saccharomyces cerevisiae	not available	not available	1	20201201_QEP2_FBU_AS_Yeast_RBPs_YAF026_IP_04	proteomic profiling by mass spectrometry	Data-dependent acquisition	NT=label free sample;AC=MS:1002038	NT=Q Exactive HF;AC=MS:1002523	NT=Lys-C;AC=MS:1001309	NT=Carbamidomethyl;AC=UNIMOD:4;TA=C;MT=Fixed	NT=Oxidation;AC=UNIMOD:35;TA=M;MT=Variable	1	1	20201201_QEP2_FBU_AS_Yeast_RBPs_YAF026_IP_04.raw	v1.1.0	NT=ms-proteomics;VV=v1.1.0	NT=sdrf-skeleton-gen;VV=v1.0.0
20201201_QEP2_FBU_AS_Yeast_RBPs_YAF026_RNAse_01	Saccharomyces cerevisiae	not available	not available	1	20201201_QEP2_FBU_AS_Yeast_RBPs_YAF026_RNAse_01	proteomic profiling by mass spectrometry	Data-dependent acquisition	NT=label free sample;AC=MS:1002038	NT=Q Exactive HF;AC=MS:1002523	NT=Lys-C;AC=MS:1001309	NT=Carbamidomethyl;AC=UNIMOD:4;TA=C;MT=Fixed	NT=Oxidation;AC=UNIMOD:35;TA=M;MT=Variable	1	1	20201201_QEP2_FBU_AS_Yeast_RBPs_YAF026_RNAse_01.raw	v1.1.0	NT=ms-proteomics;VV=v1.1.0	NT=sdrf-skeleton-gen;VV=v1.0.0
20201201_QEP2_FBU_AS_Yeast_RBPs_YAF026_RNAse_02	Saccharomyces cerevisiae	not available	not available	1	20201201_QEP2_FBU_AS_Yeast_RBPs_YAF026_RNAse_02	proteomic profiling by mass spectrometry	Data-dependent acquisition	NT=label free sample;AC=MS:1002038	NT=Q Exactive HF;AC=MS:1002523	NT=Lys-C;AC=MS:1001309	NT=Carbamidomethyl;AC=UNIMOD:4;TA=C;MT=Fixed	NT=Oxidation;AC=UNIMOD:35;TA=M;MT=Variable	1	1	20201201_QEP2_FBU_AS_Yeast_RBPs_YAF026_RNAse_02.raw	v1.1.0	NT=ms-proteomics;VV=v1.1.0	NT=sdrf-skeleton-gen;VV=v1.0.0
20201201_QEP2_FBU_AS_Yeast_RBPs_YAF026_RNAse_03	Saccharomyces cerevisiae	not available	not available	1	20201201_QEP2_FBU_AS_Yeast_RBPs_YAF026_RNAse_03	proteomic profiling by mass spectrometry	Data-dependent acquisition	NT=label free sample;AC=MS:1002038	NT=Q Exactive HF;AC=MS:1002523	NT=Lys-C;AC=MS:1001309	NT=Carbamidomethyl;AC=UNIMOD:4;TA=C;MT=Fixed	NT=Oxidation;AC=UNIMOD:35;TA=M;MT=Variable	1	1	20201201_QEP2_FBU_AS_Yeast_RBPs_YAF026_RNAse_03.raw	v1.1.0	NT=ms-proteomics;VV=v1.1.0	NT=sdrf-skeleton-gen;VV=v1.0.0
20201201_QEP2_FBU_AS_Yeast_RBPs_YAF026_RNAse_04	Saccharomyces cerevisiae	not available	not available	1	20201201_QEP2_FBU_AS_Yeast_RBPs_YAF026_RNAse_04	proteomic profiling by mass spectrometry	Data-dependent acquisition	NT=label free sample;AC=MS:1002038	NT=Q Exactive HF;AC=MS:1002523	NT=Lys-C;AC=MS:1001309	NT=Carbamidomethyl;AC=UNIMOD:4;TA=C;MT=Fixed	NT=Oxidation;AC=UNIMOD:35;TA=M;MT=Variable	1	1	20201201_QEP2_FBU_AS_Yeast_RBPs_YAF026_RNAse_04.raw	v1.1.0	NT=ms-proteomics;VV=v1.1.0	NT=sdrf-skeleton-gen;VV=v1.0.0
20210227_QEP2_FBU_AS_Yeast_RBPs_YAF029_BUP_IP_01	Saccharomyces cerevisiae	not available	not available	1	20210227_QEP2_FBU_AS_Yeast_RBPs_YAF029_BUP_IP_01	proteomic profiling by mass spectrometry	Data-dependent acquisition	NT=label free sample;AC=MS:1002038	NT=Q Exactive HF;AC=MS:1002523	NT=Lys-C;AC=MS:1001309	NT=Carbamidomethyl;AC=UNIMOD:4;TA=C;MT=Fixed	NT=Oxidation;AC=UNIMOD:35;TA=M;MT=Variable	1	1	20210227_QEP2_FBU_AS_Yeast_RBPs_YAF029_BUP_IP_01.raw	v1.1.0	NT=ms-proteomics;VV=v1.1.0	NT=sdrf-skeleton-gen;VV=v1.0.0
20210227_QEP2_FBU_AS_Yeast_RBPs_YAF029_BUP_IP_02	Saccharomyces cerevisiae	not available	not available	1	20210227_QEP2_FBU_AS_Yeast_RBPs_YAF029_BUP_IP_02	proteomic profiling by mass spectrometry	Data-dependent acquisition	NT=label free sample;AC=MS:1002038	NT=Q Exactive HF;AC=MS:1002523	NT=Lys-C;AC=MS:1001309	NT=Carbamidomethyl;AC=UNIMOD:4;TA=C;MT=Fixed	NT=Oxidation;AC=UNIMOD:35;TA=M;MT=Variable	1	1	20210227_QEP2_FBU_AS_Yeast_RBPs_YAF029_BUP_IP_02.raw	v1.1.0	NT=ms-proteomics;VV=v1.1.0	NT=sdrf-skeleton-gen;VV=v1.0.0
20210227_QEP2_FBU_AS_Yeast_RBPs_YAF029_BUP_IP_03	Saccharomyces cerevisiae	not available	not available	1	20210227_QEP2_FBU_AS_Yeast_RBPs_YAF029_BUP_IP_03	proteomic profiling by mass spectrometry	Data-dependent acquisition	NT=label free sample;AC=MS:1002038	NT=Q Exactive HF;AC=MS:1002523	NT=Lys-C;AC=MS:1001309	NT=Carbamidomethyl;AC=UNIMOD:4;TA=C;MT=Fixed	NT=Oxidation;AC=UNIMOD:35;TA=M;MT=Variable	1	1	20210227_QEP2_FBU_AS_Yeast_RBPs_YAF029_BUP_IP_03.raw	v1.1.0	NT=ms-proteomics;VV=v1.1.0	NT=sdrf-skeleton-gen;VV=v1.0.0
20210227_QEP2_FBU_AS_Yeast_RBPs_YAF029_BUP_IP_04	Saccharomyces cerevisiae	not available	not available	1	20210227_QEP2_FBU_AS_Yeast_RBPs_YAF029_BUP_IP_04	proteomic profiling by mass spectrometry	Data-dependent acquisition	NT=label free sample;AC=MS:1002038	NT=Q Exactive HF;AC=MS:1002523	NT=Lys-C;AC=MS:1001309	NT=Carbamidomethyl;AC=UNIMOD:4;TA=C;MT=Fixed	NT=Oxidation;AC=UNIMOD:35;TA=M;MT=Variable	1	1	20210227_QEP2_FBU_AS_Yeast_RBPs_YAF029_BUP_IP_04.raw	v1.1.0	NT=ms-proteomics;VV=v1.1.0	NT=sdrf-skeleton-gen;VV=v1.0.0
20210227_QEP2_FBU_AS_Yeast_RBPs_YAF029_BUP_RNAse_01	Saccharomyces cerevisiae	not available	not available	1	20210227_QEP2_FBU_AS_Yeast_RBPs_YAF029_BUP_RNAse_01	proteomic profiling by mass spectrometry	Data-dependent acquisition	NT=label free sample;AC=MS:1002038	NT=Q Exactive HF;AC=MS:1002523	NT=Lys-C;AC=MS:1001309	NT=Carbamidomethyl;AC=UNIMOD:4;TA=C;MT=Fixed	NT=Oxidation;AC=UNIMOD:35;TA=M;MT=Variable	1	1	20210227_QEP2_FBU_AS_Yeast_RBPs_YAF029_BUP_RNAse_01.raw	v1.1.0	NT=ms-proteomics;VV=v1.1.0	NT=sdrf-skeleton-gen;VV=v1.0.0
20210227_QEP2_FBU_AS_Yeast_RBPs_YAF029_BUP_RNAse_02	Saccharomyces cerevisiae	not available	not available	1	20210227_QEP2_FBU_AS_Yeast_RBPs_YAF029_BUP_RNAse_02	proteomic profiling by mass spectrometry	Data-dependent acquisition	NT=label free sample;AC=MS:1002038	NT=Q Exactive HF;AC=MS:1002523	NT=Lys-C;AC=MS:1001309	NT=Carbamidomethyl;AC=UNIMOD:4;TA=C;MT=Fixed	NT=Oxidation;AC=UNIMOD:35;TA=M;MT=Variable	1	1	20210227_QEP2_FBU_AS_Yeast_RBPs_YAF029_BUP_RNAse_02.raw	v1.1.0	NT=ms-proteomics;VV=v1.1.0	NT=sdrf-skeleton-gen;VV=v1.0.0
20210227_QEP2_FBU_AS_Yeast_RBPs_YAF029_BUP_RNAse_03	Saccharomyces cerevisiae	not available	not available	1	20210227_QEP2_FBU_AS_Yeast_RBPs_YAF029_BUP_RNAse_03	proteomic profiling by mass spectrometry	Data-dependent acquisition	NT=label free sample;AC=MS:1002038	NT=Q Exactive HF;AC=MS:1002523	NT=Lys-C;AC=MS:1001309	NT=Carbamidomethyl;AC=UNIMOD:4;TA=C;MT=Fixed	NT=Oxidation;AC=UNIMOD:35;TA=M;MT=Variable	1	1	20210227_QEP2_FBU_AS_Yeast_RBPs_YAF029_BUP_RNAse_03.raw	v1.1.0	NT=ms-proteomics;VV=v1.1.0	NT=sdrf-skeleton-gen;VV=v1.0.0
20210227_QEP2_FBU_AS_Yeast_RBPs_YAF029_BUP_RNAse_04	Saccharomyces cerevisiae	not available	not available	1	20210227_QEP2_FBU_AS_Yeast_RBPs_YAF029_BUP_RNAse_04	proteomic profiling by mass spectrometry	Data-dependent acquisition	NT=label free sample;AC=MS:1002038	NT=Q Exactive HF;AC=MS:1002523	NT=Lys-C;AC=MS:1001309	NT=Carbamidomethyl;AC=UNIMOD:4;TA=C;MT=Fixed	NT=Oxidation;AC=UNIMOD:35;TA=M;MT=Variable	1	1	20210227_QEP2_FBU_AS_Yeast_RBPs_YAF029_BUP_RNAse_04.raw	v1.1.0	NT=ms-proteomics;VV=v1.1.0	NT=sdrf-skeleton-gen;VV=v1.0.0
20210227_QEP2_FBU_AS_Yeast_RBPs_YAF030_BUP_IP_01	Saccharomyces cerevisiae	not available	not available	1	20210227_QEP2_FBU_AS_Yeast_RBPs_YAF030_BUP_IP_01	proteomic profiling by mass spectrometry	Data-dependent acquisition	NT=label free sample;AC=MS:1002038	NT=Q Exactive HF;AC=MS:1002523	NT=Lys-C;AC=MS:1001309	NT=Carbamidomethyl;AC=UNIMOD:4;TA=C;MT=Fixed	NT=Oxidation;AC=UNIMOD:35;TA=M;MT=Variable	1	1	20210227_QEP2_FBU_AS_Yeast_RBPs_YAF030_BUP_IP_01.raw	v1.1.0	NT=ms-proteomics;VV=v1.1.0	NT=sdrf-skeleton-gen;VV=v1.0.0
20210227_QEP2_FBU_AS_Yeast_RBPs_YAF030_BUP_IP_02	Saccharomyces cerevisiae	not available	not available	1	20210227_QEP2_FBU_AS_Yeast_RBPs_YAF030_BUP_IP_02	proteomic profiling by mass spectrometry	Data-dependent acquisition	NT=label free sample;AC=MS:1002038	NT=Q Exactive HF;AC=MS:1002523	NT=Lys-C;AC=MS:1001309	NT=Carbamidomethyl;AC=UNIMOD:4;TA=C;MT=Fixed	NT=Oxidation;AC=UNIMOD:35;TA=M;MT=Variable	1	1	20210227_QEP2_FBU_AS_Yeast_RBPs_YAF030_BUP_IP_02.raw	v1.1.0	NT=ms-proteomics;VV=v1.1.0	NT=sdrf-skeleton-gen;VV=v1.0.0
20210227_QEP2_FBU_AS_Yeast_RBPs_YAF030_BUP_IP_03	Saccharomyces cerevisiae	not available	not available	1	20210227_QEP2_FBU_AS_Yeast_RBPs_YAF030_BUP_IP_03	proteomic profiling by mass spectrometry	Data-dependent acquisition	NT=label free sample;AC=MS:1002038	NT=Q Exactive HF;AC=MS:1002523	NT=Lys-C;AC=MS:1001309	NT=Carbamidomethyl;AC=UNIMOD:4;TA=C;MT=Fixed	NT=Oxidation;AC=UNIMOD:35;TA=M;MT=Variable	1	1	20210227_QEP2_FBU_AS_Yeast_RBPs_YAF030_BUP_IP_03.raw	v1.1.0	NT=ms-proteomics;VV=v1.1.0	NT=sdrf-skeleton-gen;VV=v1.0.0
20210227_QEP2_FBU_AS_Yeast_RBPs_YAF030_BUP_IP_04	Saccharomyces cerevisiae	not available	not available	1	20210227_QEP2_FBU_AS_Yeast_RBPs_YAF030_BUP_IP_04	proteomic profiling by mass spectrometry	Data-dependent acquisition	NT=label free sample;AC=MS:1002038	NT=Q Exactive HF;AC=MS:1002523	NT=Lys-C;AC=MS:1001309	NT=Carbamidomethyl;AC=UNIMOD:4;TA=C;MT=Fixed	NT=Oxidation;AC=UNIMOD:35;TA=M;MT=Variable	1	1	20210227_QEP2_FBU_AS_Yeast_RBPs_YAF030_BUP_IP_04.raw	v1.1.0	NT=ms-proteomics;VV=v1.1.0	NT=sdrf-skeleton-gen;VV=v1.0.0
20210227_QEP2_FBU_AS_Yeast_RBPs_YAF030_BUP_RNAse_01	Saccharomyces cerevisiae	not available	not available	1	20210227_QEP2_FBU_AS_Yeast_RBPs_YAF030_BUP_RNAse_01	proteomic profiling by mass spectrometry	Data-dependent acquisition	NT=label free sample;AC=MS:1002038	NT=Q Exactive HF;AC=MS:1002523	NT=Lys-C;AC=MS:1001309	NT=Carbamidomethyl;AC=UNIMOD:4;TA=C;MT=Fixed	NT=Oxidation;AC=UNIMOD:35;TA=M;MT=Variable	1	1	20210227_QEP2_FBU_AS_Yeast_RBPs_YAF030_BUP_RNAse_01.raw	v1.1.0	NT=ms-proteomics;VV=v1.1.0	NT=sdrf-skeleton-gen;VV=v1.0.0
20210227_QEP2_FBU_AS_Yeast_RBPs_YAF030_BUP_RNAse_02	Saccharomyces cerevisiae	not available	not available	1	20210227_QEP2_FBU_AS_Yeast_RBPs_YAF030_BUP_RNAse_02	proteomic profiling by mass spectrometry	Data-dependent acquisition	NT=label free sample;AC=MS:1002038	NT=Q Exactive HF;AC=MS:1002523	NT=Lys-C;AC=MS:1001309	NT=Carbamidomethyl;AC=UNIMOD:4;TA=C;MT=Fixed	NT=Oxidation;AC=UNIMOD:35;TA=M;MT=Variable	1	1	20210227_QEP2_FBU_AS_Yeast_RBPs_YAF030_BUP_RNAse_02.raw	v1.1.0	NT=ms-proteomics;VV=v1.1.0	NT=sdrf-skeleton-gen;VV=v1.0.0
20210227_QEP2_FBU_AS_Yeast_RBPs_YAF030_BUP_RNAse_03	Saccharomyces cerevisiae	not available	not available	1	20210227_QEP2_FBU_AS_Yeast_RBPs_YAF030_BUP_RNAse_03	proteomic profiling by mass spectrometry	Data-dependent acquisition	NT=label free sample;AC=MS:1002038	NT=Q Exactive HF;AC=MS:1002523	NT=Lys-C;AC=MS:1001309	NT=Carbamidomethyl;AC=UNIMOD:4;TA=C;MT=Fixed	NT=Oxidation;AC=UNIMOD:35;TA=M;MT=Variable	1	1	20210227_QEP2_FBU_AS_Yeast_RBPs_YAF030_BUP_RNAse_03.raw	v1.1.0	NT=ms-proteomics;VV=v1.1.0	NT=sdrf-skeleton-gen;VV=v1.0.0
20210227_QEP2_FBU_AS_Yeast_RBPs_YAF030_BUP_RNAse_04	Saccharomyces cerevisiae	not available	not available	1	20210227_QEP2_FBU_AS_Yeast_RBPs_YAF030_BUP_RNAse_04	proteomic profiling by mass spectrometry	Data-dependent acquisition	NT=label free sample;AC=MS:1002038	NT=Q Exactive HF;AC=MS:1002523	NT=Lys-C;AC=MS:1001309	NT=Carbamidomethyl;AC=UNIMOD:4;TA=C;MT=Fixed	NT=Oxidation;AC=UNIMOD:35;TA=M;MT=Variable	1	1	20210227_QEP2_FBU_AS_Yeast_RBPs_YAF030_BUP_RNAse_04.raw	v1.1.0	NT=ms-proteomics;VV=v1.1.0	NT=sdrf-skeleton-gen;VV=v1.0.0
20210227_QEP2_FBU_AS_Yeast_RBPs_YAF031_BUP_IP_01	Saccharomyces cerevisiae	not available	not available	1	20210227_QEP2_FBU_AS_Yeast_RBPs_YAF031_BUP_IP_01	proteomic profiling by mass spectrometry	Data-dependent acquisition	NT=label free sample;AC=MS:1002038	NT=Q Exactive HF;AC=MS:1002523	NT=Lys-C;AC=MS:1001309	NT=Carbamidomethyl;AC=UNIMOD:4;TA=C;MT=Fixed	NT=Oxidation;AC=UNIMOD:35;TA=M;MT=Variable	1	1	20210227_QEP2_FBU_AS_Yeast_RBPs_YAF031_BUP_IP_01.raw	v1.1.0	NT=ms-proteomics;VV=v1.1.0	NT=sdrf-skeleton-gen;VV=v1.0.0
20210227_QEP2_FBU_AS_Yeast_RBPs_YAF031_BUP_IP_02	Saccharomyces cerevisiae	not available	not available	1	20210227_QEP2_FBU_AS_Yeast_RBPs_YAF031_BUP_IP_02	proteomic profiling by mass spectrometry	Data-dependent acquisition	NT=label free sample;AC=MS:1002038	NT=Q Exactive HF;AC=MS:1002523	NT=Lys-C;AC=MS:1001309	NT=Carbamidomethyl;AC=UNIMOD:4;TA=C;MT=Fixed	NT=Oxidation;AC=UNIMOD:35;TA=M;MT=Variable	1	1	20210227_QEP2_FBU_AS_Yeast_RBPs_YAF031_BUP_IP_02.raw	v1.1.0	NT=ms-proteomics;VV=v1.1.0	NT=sdrf-skeleton-gen;VV=v1.0.0
20210227_QEP2_FBU_AS_Yeast_RBPs_YAF031_BUP_IP_03	Saccharomyces cerevisiae	not available	not available	1	20210227_QEP2_FBU_AS_Yeast_RBPs_YAF031_BUP_IP_03	proteomic profiling by mass spectrometry	Data-dependent acquisition	NT=label free sample;AC=MS:1002038	NT=Q Exactive HF;AC=MS:1002523	NT=Lys-C;AC=MS:1001309	NT=Carbamidomethyl;AC=UNIMOD:4;TA=C;MT=Fixed	NT=Oxidation;AC=UNIMOD:35;TA=M;MT=Variable	1	1	20210227_QEP2_FBU_AS_Yeast_RBPs_YAF031_BUP_IP_03.raw	v1.1.0	NT=ms-proteomics;VV=v1.1.0	NT=sdrf-skeleton-gen;VV=v1.0.0
20210227_QEP2_FBU_AS_Yeast_RBPs_YAF031_BUP_IP_04	Saccharomyces cerevisiae	not available	not available	1	20210227_QEP2_FBU_AS_Yeast_RBPs_YAF031_BUP_IP_04	proteomic profiling by mass spectrometry	Data-dependent acquisition	NT=label free sample;AC=MS:1002038	NT=Q Exactive HF;AC=MS:1002523	NT=Lys-C;AC=MS:1001309	NT=Carbamidomethyl;AC=UNIMOD:4;TA=C;MT=Fixed	NT=Oxidation;AC=UNIMOD:35;TA=M;MT=Variable	1	1	20210227_QEP2_FBU_AS_Yeast_RBPs_YAF031_BUP_IP_04.raw	v1.1.0	NT=ms-proteomics;VV=v1.1.0	NT=sdrf-skeleton-gen;VV=v1.0.0
20210227_QEP2_FBU_AS_Yeast_RBPs_YAF031_BUP_RNAse_01	Saccharomyces cerevisiae	not available	not available	1	20210227_QEP2_FBU_AS_Yeast_RBPs_YAF031_BUP_RNAse_01	proteomic profiling by mass spectrometry	Data-dependent acquisition	NT=label free sample;AC=MS:1002038	NT=Q Exactive HF;AC=MS:1002523	NT=Lys-C;AC=MS:1001309	NT=Carbamidomethyl;AC=UNIMOD:4;TA=C;MT=Fixed	NT=Oxidation;AC=UNIMOD:35;TA=M;MT=Variable	1	1	20210227_QEP2_FBU_AS_Yeast_RBPs_YAF031_BUP_RNAse_01.raw	v1.1.0	NT=ms-proteomics;VV=v1.1.0	NT=sdrf-skeleton-gen;VV=v1.0.0
20210227_QEP2_FBU_AS_Yeast_RBPs_YAF031_BUP_RNAse_02	Saccharomyces cerevisiae	not available	not available	1	20210227_QEP2_FBU_AS_Yeast_RBPs_YAF031_BUP_RNAse_02	proteomic profiling by mass spectrometry	Data-dependent acquisition	NT=label free sample;AC=MS:1002038	NT=Q Exactive HF;AC=MS:1002523	NT=Lys-C;AC=MS:1001309	NT=Carbamidomethyl;AC=UNIMOD:4;TA=C;MT=Fixed	NT=Oxidation;AC=UNIMOD:35;TA=M;MT=Variable	1	1	20210227_QEP2_FBU_AS_Yeast_RBPs_YAF031_BUP_RNAse_02.raw	v1.1.0	NT=ms-proteomics;VV=v1.1.0	NT=sdrf-skeleton-gen;VV=v1.0.0
20210227_QEP2_FBU_AS_Yeast_RBPs_YAF031_BUP_RNAse_03	Saccharomyces cerevisiae	not available	not available	1	20210227_QEP2_FBU_AS_Yeast_RBPs_YAF031_BUP_RNAse_03	proteomic profiling by mass spectrometry	Data-dependent acquisition	NT=label free sample;AC=MS:1002038	NT=Q Exactive HF;AC=MS:1002523	NT=Lys-C;AC=MS:1001309	NT=Carbamidomethyl;AC=UNIMOD:4;TA=C;MT=Fixed	NT=Oxidation;AC=UNIMOD:35;TA=M;MT=Variable	1	1	20210227_QEP2_FBU_AS_Yeast_RBPs_YAF031_BUP_RNAse_03.raw	v1.1.0	NT=ms-proteomics;VV=v1.1.0	NT=sdrf-skeleton-gen;VV=v1.0.0
20210227_QEP2_FBU_AS_Yeast_RBPs_YAF031_BUP_RNAse_04	Saccharomyces cerevisiae	not available	not available	1	20210227_QEP2_FBU_AS_Yeast_RBPs_YAF031_BUP_RNAse_04	proteomic profiling by mass spectrometry	Data-dependent acquisition	NT=label free sample;AC=MS:1002038	NT=Q Exactive HF;AC=MS:1002523	NT=Lys-C;AC=MS:1001309	NT=Carbamidomethyl;AC=UNIMOD:4;TA=C;MT=Fixed	NT=Oxidation;AC=UNIMOD:35;TA=M;MT=Variable	1	1	20210227_QEP2_FBU_AS_Yeast_RBPs_YAF031_BUP_RNAse_04.raw	v1.1.0	NT=ms-proteomics;VV=v1.1.0	NT=sdrf-skeleton-gen;VV=v1.0.0
20210301_QEP2_FBU_AS_Yeast_RBPs_YAF000_BUP_RNAse_01	Saccharomyces cerevisiae	not available	not available	1	20210301_QEP2_FBU_AS_Yeast_RBPs_YAF000_BUP_RNAse_01	proteomic profiling by mass spectrometry	Data-dependent acquisition	NT=label free sample;AC=MS:1002038	NT=Q Exactive HF;AC=MS:1002523	NT=Lys-C;AC=MS:1001309	NT=Carbamidomethyl;AC=UNIMOD:4;TA=C;MT=Fixed	NT=Oxidation;AC=UNIMOD:35;TA=M;MT=Variable	1	1	20210301_QEP2_FBU_AS_Yeast_RBPs_YAF000_BUP_RNAse_01.raw	v1.1.0	NT=ms-proteomics;VV=v1.1.0	NT=sdrf-skeleton-gen;VV=v1.0.0
20210301_QEP2_FBU_AS_Yeast_RBPs_YAF000_BUP_RNAse_02	Saccharomyces cerevisiae	not available	not available	1	20210301_QEP2_FBU_AS_Yeast_RBPs_YAF000_BUP_RNAse_02	proteomic profiling by mass spectrometry	Data-dependent acquisition	NT=label free sample;AC=MS:1002038	NT=Q Exactive HF;AC=MS:1002523	NT=Lys-C;AC=MS:1001309	NT=Carbamidomethyl;AC=UNIMOD:4;TA=C;MT=Fixed	NT=Oxidation;AC=UNIMOD:35;TA=M;MT=Variable	1	1	20210301_QEP2_FBU_AS_Yeast_RBPs_YAF000_BUP_RNAse_02.raw	v1.1.0	NT=ms-proteomics;VV=v1.1.0	NT=sdrf-skeleton-gen;VV=v1.0.0
20210301_QEP2_FBU_AS_Yeast_RBPs_YAF000_BUP_RNAse_03	Saccharomyces cerevisiae	not available	not available	1	20210301_QEP2_FBU_AS_Yeast_RBPs_YAF000_BUP_RNAse_03	proteomic profiling by mass spectrometry	Data-dependent acquisition	NT=label free sample;AC=MS:1002038	NT=Q Exactive HF;AC=MS:1002523	NT=Lys-C;AC=MS:1001309	NT=Carbamidomethyl;AC=UNIMOD:4;TA=C;MT=Fixed	NT=Oxidation;AC=UNIMOD:35;TA=M;MT=Variable	1	1	20210301_QEP2_FBU_AS_Yeast_RBPs_YAF000_BUP_RNAse_03.raw	v1.1.0	NT=ms-proteomics;VV=v1.1.0	NT=sdrf-skeleton-gen;VV=v1.0.0
20210301_QEP2_FBU_AS_Yeast_RBPs_YAF000_BUP_RNAse_04	Saccharomyces cerevisiae	not available	not available	1	20210301_QEP2_FBU_AS_Yeast_RBPs_YAF000_BUP_RNAse_04	proteomic profiling by mass spectrometry	Data-dependent acquisition	NT=label free sample;AC=MS:1002038	NT=Q Exactive HF;AC=MS:1002523	NT=Lys-C;AC=MS:1001309	NT=Carbamidomethyl;AC=UNIMOD:4;TA=C;MT=Fixed	NT=Oxidation;AC=UNIMOD:35;TA=M;MT=Variable	1	1	20210301_QEP2_FBU_AS_Yeast_RBPs_YAF000_BUP_RNAse_04.raw	v1.1.0	NT=ms-proteomics;VV=v1.1.0	NT=sdrf-skeleton-gen;VV=v1.0.0
20210301_QEP2_FBU_AS_Yeast_RBPs_YAF033_BUP_IP_01	Saccharomyces cerevisiae	not available	not available	1	20210301_QEP2_FBU_AS_Yeast_RBPs_YAF033_BUP_IP_01	proteomic profiling by mass spectrometry	Data-dependent acquisition	NT=label free sample;AC=MS:1002038	NT=Q Exactive HF;AC=MS:1002523	NT=Lys-C;AC=MS:1001309	NT=Carbamidomethyl;AC=UNIMOD:4;TA=C;MT=Fixed	NT=Oxidation;AC=UNIMOD:35;TA=M;MT=Variable	1	1	20210301_QEP2_FBU_AS_Yeast_RBPs_YAF033_BUP_IP_01.raw	v1.1.0	NT=ms-proteomics;VV=v1.1.0	NT=sdrf-skeleton-gen;VV=v1.0.0
20210301_QEP2_FBU_AS_Yeast_RBPs_YAF033_BUP_IP_02	Saccharomyces cerevisiae	not available	not available	1	20210301_QEP2_FBU_AS_Yeast_RBPs_YAF033_BUP_IP_02	proteomic profiling by mass spectrometry	Data-dependent acquisition	NT=label free sample;AC=MS:1002038	NT=Q Exactive HF;AC=MS:1002523	NT=Lys-C;AC=MS:1001309	NT=Carbamidomethyl;AC=UNIMOD:4;TA=C;MT=Fixed	NT=Oxidation;AC=UNIMOD:35;TA=M;MT=Variable	1	1	20210301_QEP2_FBU_AS_Yeast_RBPs_YAF033_BUP_IP_02.raw	v1.1.0	NT=ms-proteomics;VV=v1.1.0	NT=sdrf-skeleton-gen;VV=v1.0.0
20210301_QEP2_FBU_AS_Yeast_RBPs_YAF033_BUP_IP_03	Saccharomyces cerevisiae	not available	not available	1	20210301_QEP2_FBU_AS_Yeast_RBPs_YAF033_BUP_IP_03	proteomic profiling by mass spectrometry	Data-dependent acquisition	NT=label free sample;AC=MS:1002038	NT=Q Exactive HF;AC=MS:1002523	NT=Lys-C;AC=MS:1001309	NT=Carbamidomethyl;AC=UNIMOD:4;TA=C;MT=Fixed	NT=Oxidation;AC=UNIMOD:35;TA=M;MT=Variable	1	1	20210301_QEP2_FBU_AS_Yeast_RBPs_YAF033_BUP_IP_03.raw	v1.1.0	NT=ms-proteomics;VV=v1.1.0	NT=sdrf-skeleton-gen;VV=v1.0.0
20210301_QEP2_FBU_AS_Yeast_RBPs_YAF033_BUP_IP_04	Saccharomyces cerevisiae	not available	not available	1	20210301_QEP2_FBU_AS_Yeast_RBPs_YAF033_BUP_IP_04	proteomic profiling by mass spectrometry	Data-dependent acquisition	NT=label free sample;AC=MS:1002038	NT=Q Exactive HF;AC=MS:1002523	NT=Lys-C;AC=MS:1001309	NT=Carbamidomethyl;AC=UNIMOD:4;TA=C;MT=Fixed	NT=Oxidation;AC=UNIMOD:35;TA=M;MT=Variable	1	1	20210301_QEP2_FBU_AS_Yeast_RBPs_YAF033_BUP_IP_04.raw	v1.1.0	NT=ms-proteomics;VV=v1.1.0	NT=sdrf-skeleton-gen;VV=v1.0.0
20210301_QEP2_FBU_AS_Yeast_RBPs_YAF033_BUP_RNAse_01	Saccharomyces cerevisiae	not available	not available	1	20210301_QEP2_FBU_AS_Yeast_RBPs_YAF033_BUP_RNAse_01	proteomic profiling by mass spectrometry	Data-dependent acquisition	NT=label free sample;AC=MS:1002038	NT=Q Exactive HF;AC=MS:1002523	NT=Lys-C;AC=MS:1001309	NT=Carbamidomethyl;AC=UNIMOD:4;TA=C;MT=Fixed	NT=Oxidation;AC=UNIMOD:35;TA=M;MT=Variable	1	1	20210301_QEP2_FBU_AS_Yeast_RBPs_YAF033_BUP_RNAse_01.raw	v1.1.0	NT=ms-proteomics;VV=v1.1.0	NT=sdrf-skeleton-gen;VV=v1.0.0
20210301_QEP2_FBU_AS_Yeast_RBPs_YAF033_BUP_RNAse_02	Saccharomyces cerevisiae	not available	not available	1	20210301_QEP2_FBU_AS_Yeast_RBPs_YAF033_BUP_RNAse_02	proteomic profiling by mass spectrometry	Data-dependent acquisition	NT=label free sample;AC=MS:1002038	NT=Q Exactive HF;AC=MS:1002523	NT=Lys-C;AC=MS:1001309	NT=Carbamidomethyl;AC=UNIMOD:4;TA=C;MT=Fixed	NT=Oxidation;AC=UNIMOD:35;TA=M;MT=Variable	1	1	20210301_QEP2_FBU_AS_Yeast_RBPs_YAF033_BUP_RNAse_02.raw	v1.1.0	NT=ms-proteomics;VV=v1.1.0	NT=sdrf-skeleton-gen;VV=v1.0.0
20210301_QEP2_FBU_AS_Yeast_RBPs_YAF033_BUP_RNAse_03	Saccharomyces cerevisiae	not available	not available	1	20210301_QEP2_FBU_AS_Yeast_RBPs_YAF033_BUP_RNAse_03	proteomic profiling by mass spectrometry	Data-dependent acquisition	NT=label free sample;AC=MS:1002038	NT=Q Exactive HF;AC=MS:1002523	NT=Lys-C;AC=MS:1001309	NT=Carbamidomethyl;AC=UNIMOD:4;TA=C;MT=Fixed	NT=Oxidation;AC=UNIMOD:35;TA=M;MT=Variable	1	1	20210301_QEP2_FBU_AS_Yeast_RBPs_YAF033_BUP_RNAse_03.raw	v1.1.0	NT=ms-proteomics;VV=v1.1.0	NT=sdrf-skeleton-gen;VV=v1.0.0
20210301_QEP2_FBU_AS_Yeast_RBPs_YAF033_BUP_RNAse_04	Saccharomyces cerevisiae	not available	not available	1	20210301_QEP2_FBU_AS_Yeast_RBPs_YAF033_BUP_RNAse_04	proteomic profiling by mass spectrometry	Data-dependent acquisition	NT=label free sample;AC=MS:1002038	NT=Q Exactive HF;AC=MS:1002523	NT=Lys-C;AC=MS:1001309	NT=Carbamidomethyl;AC=UNIMOD:4;TA=C;MT=Fixed	NT=Oxidation;AC=UNIMOD:35;TA=M;MT=Variable	1	1	20210301_QEP2_FBU_AS_Yeast_RBPs_YAF033_BUP_RNAse_04.raw	v1.1.0	NT=ms-proteomics;VV=v1.1.0	NT=sdrf-skeleton-gen;VV=v1.0.0
20210301_QEP2_FBU_AS_Yeast_RBPs_YAF034_BUP_IP_01	Saccharomyces cerevisiae	not available	not available	1	20210301_QEP2_FBU_AS_Yeast_RBPs_YAF034_BUP_IP_01	proteomic profiling by mass spectrometry	Data-dependent acquisition	NT=label free sample;AC=MS:1002038	NT=Q Exactive HF;AC=MS:1002523	NT=Lys-C;AC=MS:1001309	NT=Carbamidomethyl;AC=UNIMOD:4;TA=C;MT=Fixed	NT=Oxidation;AC=UNIMOD:35;TA=M;MT=Variable	1	1	20210301_QEP2_FBU_AS_Yeast_RBPs_YAF034_BUP_IP_01.raw	v1.1.0	NT=ms-proteomics;VV=v1.1.0	NT=sdrf-skeleton-gen;VV=v1.0.0
20210301_QEP2_FBU_AS_Yeast_RBPs_YAF034_BUP_IP_02	Saccharomyces cerevisiae	not available	not available	1	20210301_QEP2_FBU_AS_Yeast_RBPs_YAF034_BUP_IP_02	proteomic profiling by mass spectrometry	Data-dependent acquisition	NT=label free sample;AC=MS:1002038	NT=Q Exactive HF;AC=MS:1002523	NT=Lys-C;AC=MS:1001309	NT=Carbamidomethyl;AC=UNIMOD:4;TA=C;MT=Fixed	NT=Oxidation;AC=UNIMOD:35;TA=M;MT=Variable	1	1	20210301_QEP2_FBU_AS_Yeast_RBPs_YAF034_BUP_IP_02.raw	v1.1.0	NT=ms-proteomics;VV=v1.1.0	NT=sdrf-skeleton-gen;VV=v1.0.0
20210301_QEP2_FBU_AS_Yeast_RBPs_YAF034_BUP_IP_03	Saccharomyces cerevisiae	not available	not available	1	20210301_QEP2_FBU_AS_Yeast_RBPs_YAF034_BUP_IP_03	proteomic profiling by mass spectrometry	Data-dependent acquisition	NT=label free sample;AC=MS:1002038	NT=Q Exactive HF;AC=MS:1002523	NT=Lys-C;AC=MS:1001309	NT=Carbamidomethyl;AC=UNIMOD:4;TA=C;MT=Fixed	NT=Oxidation;AC=UNIMOD:35;TA=M;MT=Variable	1	1	20210301_QEP2_FBU_AS_Yeast_RBPs_YAF034_BUP_IP_03.raw	v1.1.0	NT=ms-proteomics;VV=v1.1.0	NT=sdrf-skeleton-gen;VV=v1.0.0
20210301_QEP2_FBU_AS_Yeast_RBPs_YAF034_BUP_IP_04	Saccharomyces cerevisiae	not available	not available	1	20210301_QEP2_FBU_AS_Yeast_RBPs_YAF034_BUP_IP_04	proteomic profiling by mass spectrometry	Data-dependent acquisition	NT=label free sample;AC=MS:1002038	NT=Q Exactive HF;AC=MS:1002523	NT=Lys-C;AC=MS:1001309	NT=Carbamidomethyl;AC=UNIMOD:4;TA=C;MT=Fixed	NT=Oxidation;AC=UNIMOD:35;TA=M;MT=Variable	1	1	20210301_QEP2_FBU_AS_Yeast_RBPs_YAF034_BUP_IP_04.raw	v1.1.0	NT=ms-proteomics;VV=v1.1.0	NT=sdrf-skeleton-gen;VV=v1.0.0
20210301_QEP2_FBU_AS_Yeast_RBPs_YAF034_BUP_RNAse_01	Saccharomyces cerevisiae	not available	not available	1	20210301_QEP2_FBU_AS_Yeast_RBPs_YAF034_BUP_RNAse_01	proteomic profiling by mass spectrometry	Data-dependent acquisition	NT=label free sample;AC=MS:1002038	NT=Q Exactive HF;AC=MS:1002523	NT=Lys-C;AC=MS:1001309	NT=Carbamidomethyl;AC=UNIMOD:4;TA=C;MT=Fixed	NT=Oxidation;AC=UNIMOD:35;TA=M;MT=Variable	1	1	20210301_QEP2_FBU_AS_Yeast_RBPs_YAF034_BUP_RNAse_01.raw	v1.1.0	NT=ms-proteomics;VV=v1.1.0	NT=sdrf-skeleton-gen;VV=v1.0.0
20210301_QEP2_FBU_AS_Yeast_RBPs_YAF034_BUP_RNAse_02	Saccharomyces cerevisiae	not available	not available	1	20210301_QEP2_FBU_AS_Yeast_RBPs_YAF034_BUP_RNAse_02	proteomic profiling by mass spectrometry	Data-dependent acquisition	NT=label free sample;AC=MS:1002038	NT=Q Exactive HF;AC=MS:1002523	NT=Lys-C;AC=MS:1001309	NT=Carbamidomethyl;AC=UNIMOD:4;TA=C;MT=Fixed	NT=Oxidation;AC=UNIMOD:35;TA=M;MT=Variable	1	1	20210301_QEP2_FBU_AS_Yeast_RBPs_YAF034_BUP_RNAse_02.raw	v1.1.0	NT=ms-proteomics;VV=v1.1.0	NT=sdrf-skeleton-gen;VV=v1.0.0
20210301_QEP2_FBU_AS_Yeast_RBPs_YAF034_BUP_RNAse_03	Saccharomyces cerevisiae	not available	not available	1	20210301_QEP2_FBU_AS_Yeast_RBPs_YAF034_BUP_RNAse_03	proteomic profiling by mass spectrometry	Data-dependent acquisition	NT=label free sample;AC=MS:1002038	NT=Q Exactive HF;AC=MS:1002523	NT=Lys-C;AC=MS:1001309	NT=Carbamidomethyl;AC=UNIMOD:4;TA=C;MT=Fixed	NT=Oxidation;AC=UNIMOD:35;TA=M;MT=Variable	1	1	20210301_QEP2_FBU_AS_Yeast_RBPs_YAF034_BUP_RNAse_03.raw	v1.1.0	NT=ms-proteomics;VV=v1.1.0	NT=sdrf-skeleton-gen;VV=v1.0.0
20210301_QEP2_FBU_AS_Yeast_RBPs_YAF034_BUP_RNAse_04	Saccharomyces cerevisiae	not available	not available	1	20210301_QEP2_FBU_AS_Yeast_RBPs_YAF034_BUP_RNAse_04	proteomic profiling by mass spectrometry	Data-dependent acquisition	NT=label free sample;AC=MS:1002038	NT=Q Exactive HF;AC=MS:1002523	NT=Lys-C;AC=MS:1001309	NT=Carbamidomethyl;AC=UNIMOD:4;TA=C;MT=Fixed	NT=Oxidation;AC=UNIMOD:35;TA=M;MT=Variable	1	1	20210301_QEP2_FBU_AS_Yeast_RBPs_YAF034_BUP_RNAse_04.raw	v1.1.0	NT=ms-proteomics;VV=v1.1.0	NT=sdrf-skeleton-gen;VV=v1.0.0
20210301_QEP2_FBU_AS_Yeast_RBPs_YAF035_BUP_IP_01	Saccharomyces cerevisiae	not available	not available	1	20210301_QEP2_FBU_AS_Yeast_RBPs_YAF035_BUP_IP_01	proteomic profiling by mass spectrometry	Data-dependent acquisition	NT=label free sample;AC=MS:1002038	NT=Q Exactive HF;AC=MS:1002523	NT=Lys-C;AC=MS:1001309	NT=Carbamidomethyl;AC=UNIMOD:4;TA=C;MT=Fixed	NT=Oxidation;AC=UNIMOD:35;TA=M;MT=Variable	1	1	20210301_QEP2_FBU_AS_Yeast_RBPs_YAF035_BUP_IP_01.raw	v1.1.0	NT=ms-proteomics;VV=v1.1.0	NT=sdrf-skeleton-gen;VV=v1.0.0
20210301_QEP2_FBU_AS_Yeast_RBPs_YAF035_BUP_IP_02	Saccharomyces cerevisiae	not available	not available	1	20210301_QEP2_FBU_AS_Yeast_RBPs_YAF035_BUP_IP_02	proteomic profiling by mass spectrometry	Data-dependent acquisition	NT=label free sample;AC=MS:1002038	NT=Q Exactive HF;AC=MS:1002523	NT=Lys-C;AC=MS:1001309	NT=Carbamidomethyl;AC=UNIMOD:4;TA=C;MT=Fixed	NT=Oxidation;AC=UNIMOD:35;TA=M;MT=Variable	1	1	20210301_QEP2_FBU_AS_Yeast_RBPs_YAF035_BUP_IP_02.raw	v1.1.0	NT=ms-proteomics;VV=v1.1.0	NT=sdrf-skeleton-gen;VV=v1.0.0
20210301_QEP2_FBU_AS_Yeast_RBPs_YAF035_BUP_IP_03	Saccharomyces cerevisiae	not available	not available	1	20210301_QEP2_FBU_AS_Yeast_RBPs_YAF035_BUP_IP_03	proteomic profiling by mass spectrometry	Data-dependent acquisition	NT=label free sample;AC=MS:1002038	NT=Q Exactive HF;AC=MS:1002523	NT=Lys-C;AC=MS:1001309	NT=Carbamidomethyl;AC=UNIMOD:4;TA=C;MT=Fixed	NT=Oxidation;AC=UNIMOD:35;TA=M;MT=Variable	1	1	20210301_QEP2_FBU_AS_Yeast_RBPs_YAF035_BUP_IP_03.raw	v1.1.0	NT=ms-proteomics;VV=v1.1.0	NT=sdrf-skeleton-gen;VV=v1.0.0
20210301_QEP2_FBU_AS_Yeast_RBPs_YAF035_BUP_IP_04	Saccharomyces cerevisiae	not available	not available	1	20210301_QEP2_FBU_AS_Yeast_RBPs_YAF035_BUP_IP_04	proteomic profiling by mass spectrometry	Data-dependent acquisition	NT=label free sample;AC=MS:1002038	NT=Q Exactive HF;AC=MS:1002523	NT=Lys-C;AC=MS:1001309	NT=Carbamidomethyl;AC=UNIMOD:4;TA=C;MT=Fixed	NT=Oxidation;AC=UNIMOD:35;TA=M;MT=Variable	1	1	20210301_QEP2_FBU_AS_Yeast_RBPs_YAF035_BUP_IP_04.raw	v1.1.0	NT=ms-proteomics;VV=v1.1.0	NT=sdrf-skeleton-gen;VV=v1.0.0
20210301_QEP2_FBU_AS_Yeast_RBPs_YAF035_BUP_RNAse_01	Saccharomyces cerevisiae	not available	not available	1	20210301_QEP2_FBU_AS_Yeast_RBPs_YAF035_BUP_RNAse_01	proteomic profiling by mass spectrometry	Data-dependent acquisition	NT=label free sample;AC=MS:1002038	NT=Q Exactive HF;AC=MS:1002523	NT=Lys-C;AC=MS:1001309	NT=Carbamidomethyl;AC=UNIMOD:4;TA=C;MT=Fixed	NT=Oxidation;AC=UNIMOD:35;TA=M;MT=Variable	1	1	20210301_QEP2_FBU_AS_Yeast_RBPs_YAF035_BUP_RNAse_01.raw	v1.1.0	NT=ms-proteomics;VV=v1.1.0	NT=sdrf-skeleton-gen;VV=v1.0.0
20210301_QEP2_FBU_AS_Yeast_RBPs_YAF035_BUP_RNAse_02	Saccharomyces cerevisiae	not available	not available	1	20210301_QEP2_FBU_AS_Yeast_RBPs_YAF035_BUP_RNAse_02	proteomic profiling by mass spectrometry	Data-dependent acquisition	NT=label free sample;AC=MS:1002038	NT=Q Exactive HF;AC=MS:1002523	NT=Lys-C;AC=MS:1001309	NT=Carbamidomethyl;AC=UNIMOD:4;TA=C;MT=Fixed	NT=Oxidation;AC=UNIMOD:35;TA=M;MT=Variable	1	1	20210301_QEP2_FBU_AS_Yeast_RBPs_YAF035_BUP_RNAse_02.raw	v1.1.0	NT=ms-proteomics;VV=v1.1.0	NT=sdrf-skeleton-gen;VV=v1.0.0
20210301_QEP2_FBU_AS_Yeast_RBPs_YAF035_BUP_RNAse_03	Saccharomyces cerevisiae	not available	not available	1	20210301_QEP2_FBU_AS_Yeast_RBPs_YAF035_BUP_RNAse_03	proteomic profiling by mass spectrometry	Data-dependent acquisition	NT=label free sample;AC=MS:1002038	NT=Q Exactive HF;AC=MS:1002523	NT=Lys-C;AC=MS:1001309	NT=Carbamidomethyl;AC=UNIMOD:4;TA=C;MT=Fixed	NT=Oxidation;AC=UNIMOD:35;TA=M;MT=Variable	1	1	20210301_QEP2_FBU_AS_Yeast_RBPs_YAF035_BUP_RNAse_03.raw	v1.1.0	NT=ms-proteomics;VV=v1.1.0	NT=sdrf-skeleton-gen;VV=v1.0.0
20210301_QEP2_FBU_AS_Yeast_RBPs_YAF035_BUP_RNAse_04	Saccharomyces cerevisiae	not available	not available	1	20210301_QEP2_FBU_AS_Yeast_RBPs_YAF035_BUP_RNAse_04	proteomic profiling by mass spectrometry	Data-dependent acquisition	NT=label free sample;AC=MS:1002038	NT=Q Exactive HF;AC=MS:1002523	NT=Lys-C;AC=MS:1001309	NT=Carbamidomethyl;AC=UNIMOD:4;TA=C;MT=Fixed	NT=Oxidation;AC=UNIMOD:35;TA=M;MT=Variable	1	1	20210301_QEP2_FBU_AS_Yeast_RBPs_YAF035_BUP_RNAse_04.raw	v1.1.0	NT=ms-proteomics;VV=v1.1.0	NT=sdrf-skeleton-gen;VV=v1.0.0
20210301_QEP2_FBU_AS_Yeast_RBPs_YAF036_BUP_IP_01	Saccharomyces cerevisiae	not available	not available	1	20210301_QEP2_FBU_AS_Yeast_RBPs_YAF036_BUP_IP_01	proteomic profiling by mass spectrometry	Data-dependent acquisition	NT=label free sample;AC=MS:1002038	NT=Q Exactive HF;AC=MS:1002523	NT=Lys-C;AC=MS:1001309	NT=Carbamidomethyl;AC=UNIMOD:4;TA=C;MT=Fixed	NT=Oxidation;AC=UNIMOD:35;TA=M;MT=Variable	1	1	20210301_QEP2_FBU_AS_Yeast_RBPs_YAF036_BUP_IP_01.raw	v1.1.0	NT=ms-proteomics;VV=v1.1.0	NT=sdrf-skeleton-gen;VV=v1.0.0
20210301_QEP2_FBU_AS_Yeast_RBPs_YAF036_BUP_IP_02	Saccharomyces cerevisiae	not available	not available	1	20210301_QEP2_FBU_AS_Yeast_RBPs_YAF036_BUP_IP_02	proteomic profiling by mass spectrometry	Data-dependent acquisition	NT=label free sample;AC=MS:1002038	NT=Q Exactive HF;AC=MS:1002523	NT=Lys-C;AC=MS:1001309	NT=Carbamidomethyl;AC=UNIMOD:4;TA=C;MT=Fixed	NT=Oxidation;AC=UNIMOD:35;TA=M;MT=Variable	1	1	20210301_QEP2_FBU_AS_Yeast_RBPs_YAF036_BUP_IP_02.raw	v1.1.0	NT=ms-proteomics;VV=v1.1.0	NT=sdrf-skeleton-gen;VV=v1.0.0
20210301_QEP2_FBU_AS_Yeast_RBPs_YAF036_BUP_IP_03	Saccharomyces cerevisiae	not available	not available	1	20210301_QEP2_FBU_AS_Yeast_RBPs_YAF036_BUP_IP_03	proteomic profiling by mass spectrometry	Data-dependent acquisition	NT=label free sample;AC=MS:1002038	NT=Q Exactive HF;AC=MS:1002523	NT=Lys-C;AC=MS:1001309	NT=Carbamidomethyl;AC=UNIMOD:4;TA=C;MT=Fixed	NT=Oxidation;AC=UNIMOD:35;TA=M;MT=Variable	1	1	20210301_QEP2_FBU_AS_Yeast_RBPs_YAF036_BUP_IP_03.raw	v1.1.0	NT=ms-proteomics;VV=v1.1.0	NT=sdrf-skeleton-gen;VV=v1.0.0
20210301_QEP2_FBU_AS_Yeast_RBPs_YAF036_BUP_IP_04	Saccharomyces cerevisiae	not available	not available	1	20210301_QEP2_FBU_AS_Yeast_RBPs_YAF036_BUP_IP_04	proteomic profiling by mass spectrometry	Data-dependent acquisition	NT=label free sample;AC=MS:1002038	NT=Q Exactive HF;AC=MS:1002523	NT=Lys-C;AC=MS:1001309	NT=Carbamidomethyl;AC=UNIMOD:4;TA=C;MT=Fixed	NT=Oxidation;AC=UNIMOD:35;TA=M;MT=Variable	1	1	20210301_QEP2_FBU_AS_Yeast_RBPs_YAF036_BUP_IP_04.raw	v1.1.0	NT=ms-proteomics;VV=v1.1.0	NT=sdrf-skeleton-gen;VV=v1.0.0
20210301_QEP2_FBU_AS_Yeast_RBPs_YAF036_BUP_RNAse_01	Saccharomyces cerevisiae	not available	not available	1	20210301_QEP2_FBU_AS_Yeast_RBPs_YAF036_BUP_RNAse_01	proteomic profiling by mass spectrometry	Data-dependent acquisition	NT=label free sample;AC=MS:1002038	NT=Q Exactive HF;AC=MS:1002523	NT=Lys-C;AC=MS:1001309	NT=Carbamidomethyl;AC=UNIMOD:4;TA=C;MT=Fixed	NT=Oxidation;AC=UNIMOD:35;TA=M;MT=Variable	1	1	20210301_QEP2_FBU_AS_Yeast_RBPs_YAF036_BUP_RNAse_01.raw	v1.1.0	NT=ms-proteomics;VV=v1.1.0	NT=sdrf-skeleton-gen;VV=v1.0.0
20210301_QEP2_FBU_AS_Yeast_RBPs_YAF036_BUP_RNAse_02	Saccharomyces cerevisiae	not available	not available	1	20210301_QEP2_FBU_AS_Yeast_RBPs_YAF036_BUP_RNAse_02	proteomic profiling by mass spectrometry	Data-dependent acquisition	NT=label free sample;AC=MS:1002038	NT=Q Exactive HF;AC=MS:1002523	NT=Lys-C;AC=MS:1001309	NT=Carbamidomethyl;AC=UNIMOD:4;TA=C;MT=Fixed	NT=Oxidation;AC=UNIMOD:35;TA=M;MT=Variable	1	1	20210301_QEP2_FBU_AS_Yeast_RBPs_YAF036_BUP_RNAse_02.raw	v1.1.0	NT=ms-proteomics;VV=v1.1.0	NT=sdrf-skeleton-gen;VV=v1.0.0
20210301_QEP2_FBU_AS_Yeast_RBPs_YAF036_BUP_RNAse_03	Saccharomyces cerevisiae	not available	not available	1	20210301_QEP2_FBU_AS_Yeast_RBPs_YAF036_BUP_RNAse_03	proteomic profiling by mass spectrometry	Data-dependent acquisition	NT=label free sample;AC=MS:1002038	NT=Q Exactive HF;AC=MS:1002523	NT=Lys-C;AC=MS:1001309	NT=Carbamidomethyl;AC=UNIMOD:4;TA=C;MT=Fixed	NT=Oxidation;AC=UNIMOD:35;TA=M;MT=Variable	1	1	20210301_QEP2_FBU_AS_Yeast_RBPs_YAF036_BUP_RNAse_03.raw	v1.1.0	NT=ms-proteomics;VV=v1.1.0	NT=sdrf-skeleton-gen;VV=v1.0.0
20210303_QEP2_FBU_AS_Yeast_RBPs_YAF000_BUP_RNAse_01	Saccharomyces cerevisiae	not available	not available	1	20210303_QEP2_FBU_AS_Yeast_RBPs_YAF000_BUP_RNAse_01	proteomic profiling by mass spectrometry	Data-dependent acquisition	NT=label free sample;AC=MS:1002038	NT=Q Exactive HF;AC=MS:1002523	NT=Lys-C;AC=MS:1001309	NT=Carbamidomethyl;AC=UNIMOD:4;TA=C;MT=Fixed	NT=Oxidation;AC=UNIMOD:35;TA=M;MT=Variable	1	1	20210303_QEP2_FBU_AS_Yeast_RBPs_YAF000_BUP_RNAse_01.raw	v1.1.0	NT=ms-proteomics;VV=v1.1.0	NT=sdrf-skeleton-gen;VV=v1.0.0
20210303_QEP2_FBU_AS_Yeast_RBPs_YAF000_BUP_RNAse_02	Saccharomyces cerevisiae	not available	not available	1	20210303_QEP2_FBU_AS_Yeast_RBPs_YAF000_BUP_RNAse_02	proteomic profiling by mass spectrometry	Data-dependent acquisition	NT=label free sample;AC=MS:1002038	NT=Q Exactive HF;AC=MS:1002523	NT=Lys-C;AC=MS:1001309	NT=Carbamidomethyl;AC=UNIMOD:4;TA=C;MT=Fixed	NT=Oxidation;AC=UNIMOD:35;TA=M;MT=Variable	1	1	20210303_QEP2_FBU_AS_Yeast_RBPs_YAF000_BUP_RNAse_02.raw	v1.1.0	NT=ms-proteomics;VV=v1.1.0	NT=sdrf-skeleton-gen;VV=v1.0.0
20210303_QEP2_FBU_AS_Yeast_RBPs_YAF000_BUP_RNAse_03	Saccharomyces cerevisiae	not available	not available	1	20210303_QEP2_FBU_AS_Yeast_RBPs_YAF000_BUP_RNAse_03	proteomic profiling by mass spectrometry	Data-dependent acquisition	NT=label free sample;AC=MS:1002038	NT=Q Exactive HF;AC=MS:1002523	NT=Lys-C;AC=MS:1001309	NT=Carbamidomethyl;AC=UNIMOD:4;TA=C;MT=Fixed	NT=Oxidation;AC=UNIMOD:35;TA=M;MT=Variable	1	1	20210303_QEP2_FBU_AS_Yeast_RBPs_YAF000_BUP_RNAse_03.raw	v1.1.0	NT=ms-proteomics;VV=v1.1.0	NT=sdrf-skeleton-gen;VV=v1.0.0
20210303_QEP2_FBU_AS_Yeast_RBPs_YAF000_BUP_RNAse_04	Saccharomyces cerevisiae	not available	not available	1	20210303_QEP2_FBU_AS_Yeast_RBPs_YAF000_BUP_RNAse_04	proteomic profiling by mass spectrometry	Data-dependent acquisition	NT=label free sample;AC=MS:1002038	NT=Q Exactive HF;AC=MS:1002523	NT=Lys-C;AC=MS:1001309	NT=Carbamidomethyl;AC=UNIMOD:4;TA=C;MT=Fixed	NT=Oxidation;AC=UNIMOD:35;TA=M;MT=Variable	1	1	20210303_QEP2_FBU_AS_Yeast_RBPs_YAF000_BUP_RNAse_04.raw	v1.1.0	NT=ms-proteomics;VV=v1.1.0	NT=sdrf-skeleton-gen;VV=v1.0.0
20210303_QEP2_FBU_AS_Yeast_RBPs_YAF027_BUP_IP_01	Saccharomyces cerevisiae	not available	not available	1	20210303_QEP2_FBU_AS_Yeast_RBPs_YAF027_BUP_IP_01	proteomic profiling by mass spectrometry	Data-dependent acquisition	NT=label free sample;AC=MS:1002038	NT=Q Exactive HF;AC=MS:1002523	NT=Lys-C;AC=MS:1001309	NT=Carbamidomethyl;AC=UNIMOD:4;TA=C;MT=Fixed	NT=Oxidation;AC=UNIMOD:35;TA=M;MT=Variable	1	1	20210303_QEP2_FBU_AS_Yeast_RBPs_YAF027_BUP_IP_01.raw	v1.1.0	NT=ms-proteomics;VV=v1.1.0	NT=sdrf-skeleton-gen;VV=v1.0.0
20210303_QEP2_FBU_AS_Yeast_RBPs_YAF027_BUP_IP_02	Saccharomyces cerevisiae	not available	not available	1	20210303_QEP2_FBU_AS_Yeast_RBPs_YAF027_BUP_IP_02	proteomic profiling by mass spectrometry	Data-dependent acquisition	NT=label free sample;AC=MS:1002038	NT=Q Exactive HF;AC=MS:1002523	NT=Lys-C;AC=MS:1001309	NT=Carbamidomethyl;AC=UNIMOD:4;TA=C;MT=Fixed	NT=Oxidation;AC=UNIMOD:35;TA=M;MT=Variable	1	1	20210303_QEP2_FBU_AS_Yeast_RBPs_YAF027_BUP_IP_02.raw	v1.1.0	NT=ms-proteomics;VV=v1.1.0	NT=sdrf-skeleton-gen;VV=v1.0.0
20210303_QEP2_FBU_AS_Yeast_RBPs_YAF027_BUP_IP_03	Saccharomyces cerevisiae	not available	not available	1	20210303_QEP2_FBU_AS_Yeast_RBPs_YAF027_BUP_IP_03	proteomic profiling by mass spectrometry	Data-dependent acquisition	NT=label free sample;AC=MS:1002038	NT=Q Exactive HF;AC=MS:1002523	NT=Lys-C;AC=MS:1001309	NT=Carbamidomethyl;AC=UNIMOD:4;TA=C;MT=Fixed	NT=Oxidation;AC=UNIMOD:35;TA=M;MT=Variable	1	1	20210303_QEP2_FBU_AS_Yeast_RBPs_YAF027_BUP_IP_03.raw	v1.1.0	NT=ms-proteomics;VV=v1.1.0	NT=sdrf-skeleton-gen;VV=v1.0.0
20210303_QEP2_FBU_AS_Yeast_RBPs_YAF027_BUP_IP_04	Saccharomyces cerevisiae	not available	not available	1	20210303_QEP2_FBU_AS_Yeast_RBPs_YAF027_BUP_IP_04	proteomic profiling by mass spectrometry	Data-dependent acquisition	NT=label free sample;AC=MS:1002038	NT=Q Exactive HF;AC=MS:1002523	NT=Lys-C;AC=MS:1001309	NT=Carbamidomethyl;AC=UNIMOD:4;TA=C;MT=Fixed	NT=Oxidation;AC=UNIMOD:35;TA=M;MT=Variable	1	1	20210303_QEP2_FBU_AS_Yeast_RBPs_YAF027_BUP_IP_04.raw	v1.1.0	NT=ms-proteomics;VV=v1.1.0	NT=sdrf-skeleton-gen;VV=v1.0.0
20210303_QEP2_FBU_AS_Yeast_RBPs_YAF027_BUP_RNAse_01	Saccharomyces cerevisiae	not available	not available	1	20210303_QEP2_FBU_AS_Yeast_RBPs_YAF027_BUP_RNAse_01	proteomic profiling by mass spectrometry	Data-dependent acquisition	NT=label free sample;AC=MS:1002038	NT=Q Exactive HF;AC=MS:1002523	NT=Lys-C;AC=MS:1001309	NT=Carbamidomethyl;AC=UNIMOD:4;TA=C;MT=Fixed	NT=Oxidation;AC=UNIMOD:35;TA=M;MT=Variable	1	1	20210303_QEP2_FBU_AS_Yeast_RBPs_YAF027_BUP_RNAse_01.raw	v1.1.0	NT=ms-proteomics;VV=v1.1.0	NT=sdrf-skeleton-gen;VV=v1.0.0
20210303_QEP2_FBU_AS_Yeast_RBPs_YAF027_BUP_RNAse_02	Saccharomyces cerevisiae	not available	not available	1	20210303_QEP2_FBU_AS_Yeast_RBPs_YAF027_BUP_RNAse_02	proteomic profiling by mass spectrometry	Data-dependent acquisition	NT=label free sample;AC=MS:1002038	NT=Q Exactive HF;AC=MS:1002523	NT=Lys-C;AC=MS:1001309	NT=Carbamidomethyl;AC=UNIMOD:4;TA=C;MT=Fixed	NT=Oxidation;AC=UNIMOD:35;TA=M;MT=Variable	1	1	20210303_QEP2_FBU_AS_Yeast_RBPs_YAF027_BUP_RNAse_02.raw	v1.1.0	NT=ms-proteomics;VV=v1.1.0	NT=sdrf-skeleton-gen;VV=v1.0.0
20210303_QEP2_FBU_AS_Yeast_RBPs_YAF027_BUP_RNAse_03	Saccharomyces cerevisiae	not available	not available	1	20210303_QEP2_FBU_AS_Yeast_RBPs_YAF027_BUP_RNAse_03	proteomic profiling by mass spectrometry	Data-dependent acquisition	NT=label free sample;AC=MS:1002038	NT=Q Exactive HF;AC=MS:1002523	NT=Lys-C;AC=MS:1001309	NT=Carbamidomethyl;AC=UNIMOD:4;TA=C;MT=Fixed	NT=Oxidation;AC=UNIMOD:35;TA=M;MT=Variable	1	1	20210303_QEP2_FBU_AS_Yeast_RBPs_YAF027_BUP_RNAse_03.raw	v1.1.0	NT=ms-proteomics;VV=v1.1.0	NT=sdrf-skeleton-gen;VV=v1.0.0
20210303_QEP2_FBU_AS_Yeast_RBPs_YAF027_BUP_RNAse_04	Saccharomyces cerevisiae	not available	not available	1	20210303_QEP2_FBU_AS_Yeast_RBPs_YAF027_BUP_RNAse_04	proteomic profiling by mass spectrometry	Data-dependent acquisition	NT=label free sample;AC=MS:1002038	NT=Q Exactive HF;AC=MS:1002523	NT=Lys-C;AC=MS:1001309	NT=Carbamidomethyl;AC=UNIMOD:4;TA=C;MT=Fixed	NT=Oxidation;AC=UNIMOD:35;TA=M;MT=Variable	1	1	20210303_QEP2_FBU_AS_Yeast_RBPs_YAF027_BUP_RNAse_04.raw	v1.1.0	NT=ms-proteomics;VV=v1.1.0	NT=sdrf-skeleton-gen;VV=v1.0.0
20210303_QEP2_FBU_AS_Yeast_RBPs_YAF028_BUP_IP_01	Saccharomyces cerevisiae	not available	not available	1	20210303_QEP2_FBU_AS_Yeast_RBPs_YAF028_BUP_IP_01	proteomic profiling by mass spectrometry	Data-dependent acquisition	NT=label free sample;AC=MS:1002038	NT=Q Exactive HF;AC=MS:1002523	NT=Lys-C;AC=MS:1001309	NT=Carbamidomethyl;AC=UNIMOD:4;TA=C;MT=Fixed	NT=Oxidation;AC=UNIMOD:35;TA=M;MT=Variable	1	1	20210303_QEP2_FBU_AS_Yeast_RBPs_YAF028_BUP_IP_01.raw	v1.1.0	NT=ms-proteomics;VV=v1.1.0	NT=sdrf-skeleton-gen;VV=v1.0.0
20210303_QEP2_FBU_AS_Yeast_RBPs_YAF028_BUP_IP_02	Saccharomyces cerevisiae	not available	not available	1	20210303_QEP2_FBU_AS_Yeast_RBPs_YAF028_BUP_IP_02	proteomic profiling by mass spectrometry	Data-dependent acquisition	NT=label free sample;AC=MS:1002038	NT=Q Exactive HF;AC=MS:1002523	NT=Lys-C;AC=MS:1001309	NT=Carbamidomethyl;AC=UNIMOD:4;TA=C;MT=Fixed	NT=Oxidation;AC=UNIMOD:35;TA=M;MT=Variable	1	1	20210303_QEP2_FBU_AS_Yeast_RBPs_YAF028_BUP_IP_02.raw	v1.1.0	NT=ms-proteomics;VV=v1.1.0	NT=sdrf-skeleton-gen;VV=v1.0.0
20210303_QEP2_FBU_AS_Yeast_RBPs_YAF028_BUP_IP_03	Saccharomyces cerevisiae	not available	not available	1	20210303_QEP2_FBU_AS_Yeast_RBPs_YAF028_BUP_IP_03	proteomic profiling by mass spectrometry	Data-dependent acquisition	NT=label free sample;AC=MS:1002038	NT=Q Exactive HF;AC=MS:1002523	NT=Lys-C;AC=MS:1001309	NT=Carbamidomethyl;AC=UNIMOD:4;TA=C;MT=Fixed	NT=Oxidation;AC=UNIMOD:35;TA=M;MT=Variable	1	1	20210303_QEP2_FBU_AS_Yeast_RBPs_YAF028_BUP_IP_03.raw	v1.1.0	NT=ms-proteomics;VV=v1.1.0	NT=sdrf-skeleton-gen;VV=v1.0.0
20210303_QEP2_FBU_AS_Yeast_RBPs_YAF028_BUP_IP_04	Saccharomyces cerevisiae	not available	not available	1	20210303_QEP2_FBU_AS_Yeast_RBPs_YAF028_BUP_IP_04	proteomic profiling by mass spectrometry	Data-dependent acquisition	NT=label free sample;AC=MS:1002038	NT=Q Exactive HF;AC=MS:1002523	NT=Lys-C;AC=MS:1001309	NT=Carbamidomethyl;AC=UNIMOD:4;TA=C;MT=Fixed	NT=Oxidation;AC=UNIMOD:35;TA=M;MT=Variable	1	1	20210303_QEP2_FBU_AS_Yeast_RBPs_YAF028_BUP_IP_04.raw	v1.1.0	NT=ms-proteomics;VV=v1.1.0	NT=sdrf-skeleton-gen;VV=v1.0.0
20210303_QEP2_FBU_AS_Yeast_RBPs_YAF028_BUP_RNAse_01	Saccharomyces cerevisiae	not available	not available	1	20210303_QEP2_FBU_AS_Yeast_RBPs_YAF028_BUP_RNAse_01	proteomic profiling by mass spectrometry	Data-dependent acquisition	NT=label free sample;AC=MS:1002038	NT=Q Exactive HF;AC=MS:1002523	NT=Lys-C;AC=MS:1001309	NT=Carbamidomethyl;AC=UNIMOD:4;TA=C;MT=Fixed	NT=Oxidation;AC=UNIMOD:35;TA=M;MT=Variable	1	1	20210303_QEP2_FBU_AS_Yeast_RBPs_YAF028_BUP_RNAse_01.raw	v1.1.0	NT=ms-proteomics;VV=v1.1.0	NT=sdrf-skeleton-gen;VV=v1.0.0
20210303_QEP2_FBU_AS_Yeast_RBPs_YAF028_BUP_RNAse_02	Saccharomyces cerevisiae	not available	not available	1	20210303_QEP2_FBU_AS_Yeast_RBPs_YAF028_BUP_RNAse_02	proteomic profiling by mass spectrometry	Data-dependent acquisition	NT=label free sample;AC=MS:1002038	NT=Q Exactive HF;AC=MS:1002523	NT=Lys-C;AC=MS:1001309	NT=Carbamidomethyl;AC=UNIMOD:4;TA=C;MT=Fixed	NT=Oxidation;AC=UNIMOD:35;TA=M;MT=Variable	1	1	20210303_QEP2_FBU_AS_Yeast_RBPs_YAF028_BUP_RNAse_02.raw	v1.1.0	NT=ms-proteomics;VV=v1.1.0	NT=sdrf-skeleton-gen;VV=v1.0.0
20210303_QEP2_FBU_AS_Yeast_RBPs_YAF028_BUP_RNAse_03	Saccharomyces cerevisiae	not available	not available	1	20210303_QEP2_FBU_AS_Yeast_RBPs_YAF028_BUP_RNAse_03	proteomic profiling by mass spectrometry	Data-dependent acquisition	NT=label free sample;AC=MS:1002038	NT=Q Exactive HF;AC=MS:1002523	NT=Lys-C;AC=MS:1001309	NT=Carbamidomethyl;AC=UNIMOD:4;TA=C;MT=Fixed	NT=Oxidation;AC=UNIMOD:35;TA=M;MT=Variable	1	1	20210303_QEP2_FBU_AS_Yeast_RBPs_YAF028_BUP_RNAse_03.raw	v1.1.0	NT=ms-proteomics;VV=v1.1.0	NT=sdrf-skeleton-gen;VV=v1.0.0
20210303_QEP2_FBU_AS_Yeast_RBPs_YAF028_BUP_RNAse_04	Saccharomyces cerevisiae	not available	not available	1	20210303_QEP2_FBU_AS_Yeast_RBPs_YAF028_BUP_RNAse_04	proteomic profiling by mass spectrometry	Data-dependent acquisition	NT=label free sample;AC=MS:1002038	NT=Q Exactive HF;AC=MS:1002523	NT=Lys-C;AC=MS:1001309	NT=Carbamidomethyl;AC=UNIMOD:4;TA=C;MT=Fixed	NT=Oxidation;AC=UNIMOD:35;TA=M;MT=Variable	1	1	20210303_QEP2_FBU_AS_Yeast_RBPs_YAF028_BUP_RNAse_04.raw	v1.1.0	NT=ms-proteomics;VV=v1.1.0	NT=sdrf-skeleton-gen;VV=v1.0.0
20210409_QEP2_FBU_AS_Yeast_RBPs_YAF000_RNAse_01	Saccharomyces cerevisiae	not available	not available	1	20210409_QEP2_FBU_AS_Yeast_RBPs_YAF000_RNAse_01	proteomic profiling by mass spectrometry	Data-dependent acquisition	NT=label free sample;AC=MS:1002038	NT=Q Exactive HF;AC=MS:1002523	NT=Lys-C;AC=MS:1001309	NT=Carbamidomethyl;AC=UNIMOD:4;TA=C;MT=Fixed	NT=Oxidation;AC=UNIMOD:35;TA=M;MT=Variable	1	1	20210409_QEP2_FBU_AS_Yeast_RBPs_YAF000_RNAse_01.raw	v1.1.0	NT=ms-proteomics;VV=v1.1.0	NT=sdrf-skeleton-gen;VV=v1.0.0
20210409_QEP2_FBU_AS_Yeast_RBPs_YAF000_RNAse_02	Saccharomyces cerevisiae	not available	not available	1	20210409_QEP2_FBU_AS_Yeast_RBPs_YAF000_RNAse_02	proteomic profiling by mass spectrometry	Data-dependent acquisition	NT=label free sample;AC=MS:1002038	NT=Q Exactive HF;AC=MS:1002523	NT=Lys-C;AC=MS:1001309	NT=Carbamidomethyl;AC=UNIMOD:4;TA=C;MT=Fixed	NT=Oxidation;AC=UNIMOD:35;TA=M;MT=Variable	1	1	20210409_QEP2_FBU_AS_Yeast_RBPs_YAF000_RNAse_02.raw	v1.1.0	NT=ms-proteomics;VV=v1.1.0	NT=sdrf-skeleton-gen;VV=v1.0.0
20210409_QEP2_FBU_AS_Yeast_RBPs_YAF000_RNAse_03	Saccharomyces cerevisiae	not available	not available	1	20210409_QEP2_FBU_AS_Yeast_RBPs_YAF000_RNAse_03	proteomic profiling by mass spectrometry	Data-dependent acquisition	NT=label free sample;AC=MS:1002038	NT=Q Exactive HF;AC=MS:1002523	NT=Lys-C;AC=MS:1001309	NT=Carbamidomethyl;AC=UNIMOD:4;TA=C;MT=Fixed	NT=Oxidation;AC=UNIMOD:35;TA=M;MT=Variable	1	1	20210409_QEP2_FBU_AS_Yeast_RBPs_YAF000_RNAse_03.raw	v1.1.0	NT=ms-proteomics;VV=v1.1.0	NT=sdrf-skeleton-gen;VV=v1.0.0
20210409_QEP2_FBU_AS_Yeast_RBPs_YAF000_RNAse_04	Saccharomyces cerevisiae	not available	not available	1	20210409_QEP2_FBU_AS_Yeast_RBPs_YAF000_RNAse_04	proteomic profiling by mass spectrometry	Data-dependent acquisition	NT=label free sample;AC=MS:1002038	NT=Q Exactive HF;AC=MS:1002523	NT=Lys-C;AC=MS:1001309	NT=Carbamidomethyl;AC=UNIMOD:4;TA=C;MT=Fixed	NT=Oxidation;AC=UNIMOD:35;TA=M;MT=Variable	1	1	20210409_QEP2_FBU_AS_Yeast_RBPs_YAF000_RNAse_04.raw	v1.1.0	NT=ms-proteomics;VV=v1.1.0	NT=sdrf-skeleton-gen;VV=v1.0.0
20210409_QEP2_FBU_AS_Yeast_RBPs_YAF037_IP_01	Saccharomyces cerevisiae	not available	not available	1	20210409_QEP2_FBU_AS_Yeast_RBPs_YAF037_IP_01	proteomic profiling by mass spectrometry	Data-dependent acquisition	NT=label free sample;AC=MS:1002038	NT=Q Exactive HF;AC=MS:1002523	NT=Lys-C;AC=MS:1001309	NT=Carbamidomethyl;AC=UNIMOD:4;TA=C;MT=Fixed	NT=Oxidation;AC=UNIMOD:35;TA=M;MT=Variable	1	1	20210409_QEP2_FBU_AS_Yeast_RBPs_YAF037_IP_01.raw	v1.1.0	NT=ms-proteomics;VV=v1.1.0	NT=sdrf-skeleton-gen;VV=v1.0.0
20210409_QEP2_FBU_AS_Yeast_RBPs_YAF037_IP_02	Saccharomyces cerevisiae	not available	not available	1	20210409_QEP2_FBU_AS_Yeast_RBPs_YAF037_IP_02	proteomic profiling by mass spectrometry	Data-dependent acquisition	NT=label free sample;AC=MS:1002038	NT=Q Exactive HF;AC=MS:1002523	NT=Lys-C;AC=MS:1001309	NT=Carbamidomethyl;AC=UNIMOD:4;TA=C;MT=Fixed	NT=Oxidation;AC=UNIMOD:35;TA=M;MT=Variable	1	1	20210409_QEP2_FBU_AS_Yeast_RBPs_YAF037_IP_02.raw	v1.1.0	NT=ms-proteomics;VV=v1.1.0	NT=sdrf-skeleton-gen;VV=v1.0.0
20210409_QEP2_FBU_AS_Yeast_RBPs_YAF037_IP_03	Saccharomyces cerevisiae	not available	not available	1	20210409_QEP2_FBU_AS_Yeast_RBPs_YAF037_IP_03	proteomic profiling by mass spectrometry	Data-dependent acquisition	NT=label free sample;AC=MS:1002038	NT=Q Exactive HF;AC=MS:1002523	NT=Lys-C;AC=MS:1001309	NT=Carbamidomethyl;AC=UNIMOD:4;TA=C;MT=Fixed	NT=Oxidation;AC=UNIMOD:35;TA=M;MT=Variable	1	1	20210409_QEP2_FBU_AS_Yeast_RBPs_YAF037_IP_03.raw	v1.1.0	NT=ms-proteomics;VV=v1.1.0	NT=sdrf-skeleton-gen;VV=v1.0.0
20210409_QEP2_FBU_AS_Yeast_RBPs_YAF037_IP_04	Saccharomyces cerevisiae	not available	not available	1	20210409_QEP2_FBU_AS_Yeast_RBPs_YAF037_IP_04	proteomic profiling by mass spectrometry	Data-dependent acquisition	NT=label free sample;AC=MS:1002038	NT=Q Exactive HF;AC=MS:1002523	NT=Lys-C;AC=MS:1001309	NT=Carbamidomethyl;AC=UNIMOD:4;TA=C;MT=Fixed	NT=Oxidation;AC=UNIMOD:35;TA=M;MT=Variable	1	1	20210409_QEP2_FBU_AS_Yeast_RBPs_YAF037_IP_04.raw	v1.1.0	NT=ms-proteomics;VV=v1.1.0	NT=sdrf-skeleton-gen;VV=v1.0.0
20210409_QEP2_FBU_AS_Yeast_RBPs_YAF037_RNAse_01	Saccharomyces cerevisiae	not available	not available	1	20210409_QEP2_FBU_AS_Yeast_RBPs_YAF037_RNAse_01	proteomic profiling by mass spectrometry	Data-dependent acquisition	NT=label free sample;AC=MS:1002038	NT=Q Exactive HF;AC=MS:1002523	NT=Lys-C;AC=MS:1001309	NT=Carbamidomethyl;AC=UNIMOD:4;TA=C;MT=Fixed	NT=Oxidation;AC=UNIMOD:35;TA=M;MT=Variable	1	1	20210409_QEP2_FBU_AS_Yeast_RBPs_YAF037_RNAse_01.raw	v1.1.0	NT=ms-proteomics;VV=v1.1.0	NT=sdrf-skeleton-gen;VV=v1.0.0
20210409_QEP2_FBU_AS_Yeast_RBPs_YAF037_RNAse_02	Saccharomyces cerevisiae	not available	not available	1	20210409_QEP2_FBU_AS_Yeast_RBPs_YAF037_RNAse_02	proteomic profiling by mass spectrometry	Data-dependent acquisition	NT=label free sample;AC=MS:1002038	NT=Q Exactive HF;AC=MS:1002523	NT=Lys-C;AC=MS:1001309	NT=Carbamidomethyl;AC=UNIMOD:4;TA=C;MT=Fixed	NT=Oxidation;AC=UNIMOD:35;TA=M;MT=Variable	1	1	20210409_QEP2_FBU_AS_Yeast_RBPs_YAF037_RNAse_02.raw	v1.1.0	NT=ms-proteomics;VV=v1.1.0	NT=sdrf-skeleton-gen;VV=v1.0.0
20210409_QEP2_FBU_AS_Yeast_RBPs_YAF037_RNAse_03	Saccharomyces cerevisiae	not available	not available	1	20210409_QEP2_FBU_AS_Yeast_RBPs_YAF037_RNAse_03	proteomic profiling by mass spectrometry	Data-dependent acquisition	NT=label free sample;AC=MS:1002038	NT=Q Exactive HF;AC=MS:1002523	NT=Lys-C;AC=MS:1001309	NT=Carbamidomethyl;AC=UNIMOD:4;TA=C;MT=Fixed	NT=Oxidation;AC=UNIMOD:35;TA=M;MT=Variable	1	1	20210409_QEP2_FBU_AS_Yeast_RBPs_YAF037_RNAse_03.raw	v1.1.0	NT=ms-proteomics;VV=v1.1.0	NT=sdrf-skeleton-gen;VV=v1.0.0
20210409_QEP2_FBU_AS_Yeast_RBPs_YAF037_RNAse_04	Saccharomyces cerevisiae	not available	not available	1	20210409_QEP2_FBU_AS_Yeast_RBPs_YAF037_RNAse_04	proteomic profiling by mass spectrometry	Data-dependent acquisition	NT=label free sample;AC=MS:1002038	NT=Q Exactive HF;AC=MS:1002523	NT=Lys-C;AC=MS:1001309	NT=Carbamidomethyl;AC=UNIMOD:4;TA=C;MT=Fixed	NT=Oxidation;AC=UNIMOD:35;TA=M;MT=Variable	1	1	20210409_QEP2_FBU_AS_Yeast_RBPs_YAF037_RNAse_04.raw	v1.1.0	NT=ms-proteomics;VV=v1.1.0	NT=sdrf-skeleton-gen;VV=v1.0.0
20210409_QEP2_FBU_AS_Yeast_RBPs_YAF040_IP_01	Saccharomyces cerevisiae	not available	not available	1	20210409_QEP2_FBU_AS_Yeast_RBPs_YAF040_IP_01	proteomic profiling by mass spectrometry	Data-dependent acquisition	NT=label free sample;AC=MS:1002038	NT=Q Exactive HF;AC=MS:1002523	NT=Lys-C;AC=MS:1001309	NT=Carbamidomethyl;AC=UNIMOD:4;TA=C;MT=Fixed	NT=Oxidation;AC=UNIMOD:35;TA=M;MT=Variable	1	1	20210409_QEP2_FBU_AS_Yeast_RBPs_YAF040_IP_01.raw	v1.1.0	NT=ms-proteomics;VV=v1.1.0	NT=sdrf-skeleton-gen;VV=v1.0.0
20210409_QEP2_FBU_AS_Yeast_RBPs_YAF040_IP_02	Saccharomyces cerevisiae	not available	not available	1	20210409_QEP2_FBU_AS_Yeast_RBPs_YAF040_IP_02	proteomic profiling by mass spectrometry	Data-dependent acquisition	NT=label free sample;AC=MS:1002038	NT=Q Exactive HF;AC=MS:1002523	NT=Lys-C;AC=MS:1001309	NT=Carbamidomethyl;AC=UNIMOD:4;TA=C;MT=Fixed	NT=Oxidation;AC=UNIMOD:35;TA=M;MT=Variable	1	1	20210409_QEP2_FBU_AS_Yeast_RBPs_YAF040_IP_02.raw	v1.1.0	NT=ms-proteomics;VV=v1.1.0	NT=sdrf-skeleton-gen;VV=v1.0.0
20210409_QEP2_FBU_AS_Yeast_RBPs_YAF040_IP_03	Saccharomyces cerevisiae	not available	not available	1	20210409_QEP2_FBU_AS_Yeast_RBPs_YAF040_IP_03	proteomic profiling by mass spectrometry	Data-dependent acquisition	NT=label free sample;AC=MS:1002038	NT=Q Exactive HF;AC=MS:1002523	NT=Lys-C;AC=MS:1001309	NT=Carbamidomethyl;AC=UNIMOD:4;TA=C;MT=Fixed	NT=Oxidation;AC=UNIMOD:35;TA=M;MT=Variable	1	1	20210409_QEP2_FBU_AS_Yeast_RBPs_YAF040_IP_03.raw	v1.1.0	NT=ms-proteomics;VV=v1.1.0	NT=sdrf-skeleton-gen;VV=v1.0.0
20210409_QEP2_FBU_AS_Yeast_RBPs_YAF040_IP_04	Saccharomyces cerevisiae	not available	not available	1	20210409_QEP2_FBU_AS_Yeast_RBPs_YAF040_IP_04	proteomic profiling by mass spectrometry	Data-dependent acquisition	NT=label free sample;AC=MS:1002038	NT=Q Exactive HF;AC=MS:1002523	NT=Lys-C;AC=MS:1001309	NT=Carbamidomethyl;AC=UNIMOD:4;TA=C;MT=Fixed	NT=Oxidation;AC=UNIMOD:35;TA=M;MT=Variable	1	1	20210409_QEP2_FBU_AS_Yeast_RBPs_YAF040_IP_04.raw	v1.1.0	NT=ms-proteomics;VV=v1.1.0	NT=sdrf-skeleton-gen;VV=v1.0.0
20210409_QEP2_FBU_AS_Yeast_RBPs_YAF040_RNAse_01	Saccharomyces cerevisiae	not available	not available	1	20210409_QEP2_FBU_AS_Yeast_RBPs_YAF040_RNAse_01	proteomic profiling by mass spectrometry	Data-dependent acquisition	NT=label free sample;AC=MS:1002038	NT=Q Exactive HF;AC=MS:1002523	NT=Lys-C;AC=MS:1001309	NT=Carbamidomethyl;AC=UNIMOD:4;TA=C;MT=Fixed	NT=Oxidation;AC=UNIMOD:35;TA=M;MT=Variable	1	1	20210409_QEP2_FBU_AS_Yeast_RBPs_YAF040_RNAse_01.raw	v1.1.0	NT=ms-proteomics;VV=v1.1.0	NT=sdrf-skeleton-gen;VV=v1.0.0
20210409_QEP2_FBU_AS_Yeast_RBPs_YAF040_RNAse_02	Saccharomyces cerevisiae	not available	not available	1	20210409_QEP2_FBU_AS_Yeast_RBPs_YAF040_RNAse_02	proteomic profiling by mass spectrometry	Data-dependent acquisition	NT=label free sample;AC=MS:1002038	NT=Q Exactive HF;AC=MS:1002523	NT=Lys-C;AC=MS:1001309	NT=Carbamidomethyl;AC=UNIMOD:4;TA=C;MT=Fixed	NT=Oxidation;AC=UNIMOD:35;TA=M;MT=Variable	1	1	20210409_QEP2_FBU_AS_Yeast_RBPs_YAF040_RNAse_02.raw	v1.1.0	NT=ms-proteomics;VV=v1.1.0	NT=sdrf-skeleton-gen;VV=v1.0.0
20210409_QEP2_FBU_AS_Yeast_RBPs_YAF040_RNAse_03	Saccharomyces cerevisiae	not available	not available	1	20210409_QEP2_FBU_AS_Yeast_RBPs_YAF040_RNAse_03	proteomic profiling by mass spectrometry	Data-dependent acquisition	NT=label free sample;AC=MS:1002038	NT=Q Exactive HF;AC=MS:1002523	NT=Lys-C;AC=MS:1001309	NT=Carbamidomethyl;AC=UNIMOD:4;TA=C;MT=Fixed	NT=Oxidation;AC=UNIMOD:35;TA=M;MT=Variable	1	1	20210409_QEP2_FBU_AS_Yeast_RBPs_YAF040_RNAse_03.raw	v1.1.0	NT=ms-proteomics;VV=v1.1.0	NT=sdrf-skeleton-gen;VV=v1.0.0
20210409_QEP2_FBU_AS_Yeast_RBPs_YAF040_RNAse_04	Saccharomyces cerevisiae	not available	not available	1	20210409_QEP2_FBU_AS_Yeast_RBPs_YAF040_RNAse_04	proteomic profiling by mass spectrometry	Data-dependent acquisition	NT=label free sample;AC=MS:1002038	NT=Q Exactive HF;AC=MS:1002523	NT=Lys-C;AC=MS:1001309	NT=Carbamidomethyl;AC=UNIMOD:4;TA=C;MT=Fixed	NT=Oxidation;AC=UNIMOD:35;TA=M;MT=Variable	1	1	20210409_QEP2_FBU_AS_Yeast_RBPs_YAF040_RNAse_04.raw	v1.1.0	NT=ms-proteomics;VV=v1.1.0	NT=sdrf-skeleton-gen;VV=v1.0.0
20210409_QEP2_FBU_AS_Yeast_RBPs_YAF041_IP_01	Saccharomyces cerevisiae	not available	not available	1	20210409_QEP2_FBU_AS_Yeast_RBPs_YAF041_IP_01	proteomic profiling by mass spectrometry	Data-dependent acquisition	NT=label free sample;AC=MS:1002038	NT=Q Exactive HF;AC=MS:1002523	NT=Lys-C;AC=MS:1001309	NT=Carbamidomethyl;AC=UNIMOD:4;TA=C;MT=Fixed	NT=Oxidation;AC=UNIMOD:35;TA=M;MT=Variable	1	1	20210409_QEP2_FBU_AS_Yeast_RBPs_YAF041_IP_01.raw	v1.1.0	NT=ms-proteomics;VV=v1.1.0	NT=sdrf-skeleton-gen;VV=v1.0.0
20210409_QEP2_FBU_AS_Yeast_RBPs_YAF041_IP_02	Saccharomyces cerevisiae	not available	not available	1	20210409_QEP2_FBU_AS_Yeast_RBPs_YAF041_IP_02	proteomic profiling by mass spectrometry	Data-dependent acquisition	NT=label free sample;AC=MS:1002038	NT=Q Exactive HF;AC=MS:1002523	NT=Lys-C;AC=MS:1001309	NT=Carbamidomethyl;AC=UNIMOD:4;TA=C;MT=Fixed	NT=Oxidation;AC=UNIMOD:35;TA=M;MT=Variable	1	1	20210409_QEP2_FBU_AS_Yeast_RBPs_YAF041_IP_02.raw	v1.1.0	NT=ms-proteomics;VV=v1.1.0	NT=sdrf-skeleton-gen;VV=v1.0.0
20210409_QEP2_FBU_AS_Yeast_RBPs_YAF041_IP_03	Saccharomyces cerevisiae	not available	not available	1	20210409_QEP2_FBU_AS_Yeast_RBPs_YAF041_IP_03	proteomic profiling by mass spectrometry	Data-dependent acquisition	NT=label free sample;AC=MS:1002038	NT=Q Exactive HF;AC=MS:1002523	NT=Lys-C;AC=MS:1001309	NT=Carbamidomethyl;AC=UNIMOD:4;TA=C;MT=Fixed	NT=Oxidation;AC=UNIMOD:35;TA=M;MT=Variable	1	1	20210409_QEP2_FBU_AS_Yeast_RBPs_YAF041_IP_03.raw	v1.1.0	NT=ms-proteomics;VV=v1.1.0	NT=sdrf-skeleton-gen;VV=v1.0.0
20210409_QEP2_FBU_AS_Yeast_RBPs_YAF041_IP_04	Saccharomyces cerevisiae	not available	not available	1	20210409_QEP2_FBU_AS_Yeast_RBPs_YAF041_IP_04	proteomic profiling by mass spectrometry	Data-dependent acquisition	NT=label free sample;AC=MS:1002038	NT=Q Exactive HF;AC=MS:1002523	NT=Lys-C;AC=MS:1001309	NT=Carbamidomethyl;AC=UNIMOD:4;TA=C;MT=Fixed	NT=Oxidation;AC=UNIMOD:35;TA=M;MT=Variable	1	1	20210409_QEP2_FBU_AS_Yeast_RBPs_YAF041_IP_04.raw	v1.1.0	NT=ms-proteomics;VV=v1.1.0	NT=sdrf-skeleton-gen;VV=v1.0.0
20210409_QEP2_FBU_AS_Yeast_RBPs_YAF041_RNAse_01	Saccharomyces cerevisiae	not available	not available	1	20210409_QEP2_FBU_AS_Yeast_RBPs_YAF041_RNAse_01	proteomic profiling by mass spectrometry	Data-dependent acquisition	NT=label free sample;AC=MS:1002038	NT=Q Exactive HF;AC=MS:1002523	NT=Lys-C;AC=MS:1001309	NT=Carbamidomethyl;AC=UNIMOD:4;TA=C;MT=Fixed	NT=Oxidation;AC=UNIMOD:35;TA=M;MT=Variable	1	1	20210409_QEP2_FBU_AS_Yeast_RBPs_YAF041_RNAse_01.raw	v1.1.0	NT=ms-proteomics;VV=v1.1.0	NT=sdrf-skeleton-gen;VV=v1.0.0
20210409_QEP2_FBU_AS_Yeast_RBPs_YAF041_RNAse_02	Saccharomyces cerevisiae	not available	not available	1	20210409_QEP2_FBU_AS_Yeast_RBPs_YAF041_RNAse_02	proteomic profiling by mass spectrometry	Data-dependent acquisition	NT=label free sample;AC=MS:1002038	NT=Q Exactive HF;AC=MS:1002523	NT=Lys-C;AC=MS:1001309	NT=Carbamidomethyl;AC=UNIMOD:4;TA=C;MT=Fixed	NT=Oxidation;AC=UNIMOD:35;TA=M;MT=Variable	1	1	20210409_QEP2_FBU_AS_Yeast_RBPs_YAF041_RNAse_02.raw	v1.1.0	NT=ms-proteomics;VV=v1.1.0	NT=sdrf-skeleton-gen;VV=v1.0.0
20210409_QEP2_FBU_AS_Yeast_RBPs_YAF041_RNAse_03	Saccharomyces cerevisiae	not available	not available	1	20210409_QEP2_FBU_AS_Yeast_RBPs_YAF041_RNAse_03	proteomic profiling by mass spectrometry	Data-dependent acquisition	NT=label free sample;AC=MS:1002038	NT=Q Exactive HF;AC=MS:1002523	NT=Lys-C;AC=MS:1001309	NT=Carbamidomethyl;AC=UNIMOD:4;TA=C;MT=Fixed	NT=Oxidation;AC=UNIMOD:35;TA=M;MT=Variable	1	1	20210409_QEP2_FBU_AS_Yeast_RBPs_YAF041_RNAse_03.raw	v1.1.0	NT=ms-proteomics;VV=v1.1.0	NT=sdrf-skeleton-gen;VV=v1.0.0
20210409_QEP2_FBU_AS_Yeast_RBPs_YAF041_RNAse_04	Saccharomyces cerevisiae	not available	not available	1	20210409_QEP2_FBU_AS_Yeast_RBPs_YAF041_RNAse_04	proteomic profiling by mass spectrometry	Data-dependent acquisition	NT=label free sample;AC=MS:1002038	NT=Q Exactive HF;AC=MS:1002523	NT=Lys-C;AC=MS:1001309	NT=Carbamidomethyl;AC=UNIMOD:4;TA=C;MT=Fixed	NT=Oxidation;AC=UNIMOD:35;TA=M;MT=Variable	1	1	20210409_QEP2_FBU_AS_Yeast_RBPs_YAF041_RNAse_04.raw	v1.1.0	NT=ms-proteomics;VV=v1.1.0	NT=sdrf-skeleton-gen;VV=v1.0.0
20210417_QEP2_FBU_AS_Yeast_RBPs_YAF000_RNAse_01	Saccharomyces cerevisiae	not available	not available	1	20210417_QEP2_FBU_AS_Yeast_RBPs_YAF000_RNAse_01	proteomic profiling by mass spectrometry	Data-dependent acquisition	NT=label free sample;AC=MS:1002038	NT=Q Exactive HF;AC=MS:1002523	NT=Lys-C;AC=MS:1001309	NT=Carbamidomethyl;AC=UNIMOD:4;TA=C;MT=Fixed	NT=Oxidation;AC=UNIMOD:35;TA=M;MT=Variable	1	1	20210417_QEP2_FBU_AS_Yeast_RBPs_YAF000_RNAse_01.raw	v1.1.0	NT=ms-proteomics;VV=v1.1.0	NT=sdrf-skeleton-gen;VV=v1.0.0
20210417_QEP2_FBU_AS_Yeast_RBPs_YAF000_RNAse_02	Saccharomyces cerevisiae	not available	not available	1	20210417_QEP2_FBU_AS_Yeast_RBPs_YAF000_RNAse_02	proteomic profiling by mass spectrometry	Data-dependent acquisition	NT=label free sample;AC=MS:1002038	NT=Q Exactive HF;AC=MS:1002523	NT=Lys-C;AC=MS:1001309	NT=Carbamidomethyl;AC=UNIMOD:4;TA=C;MT=Fixed	NT=Oxidation;AC=UNIMOD:35;TA=M;MT=Variable	1	1	20210417_QEP2_FBU_AS_Yeast_RBPs_YAF000_RNAse_02.raw	v1.1.0	NT=ms-proteomics;VV=v1.1.0	NT=sdrf-skeleton-gen;VV=v1.0.0
20210417_QEP2_FBU_AS_Yeast_RBPs_YAF000_RNAse_03	Saccharomyces cerevisiae	not available	not available	1	20210417_QEP2_FBU_AS_Yeast_RBPs_YAF000_RNAse_03	proteomic profiling by mass spectrometry	Data-dependent acquisition	NT=label free sample;AC=MS:1002038	NT=Q Exactive HF;AC=MS:1002523	NT=Lys-C;AC=MS:1001309	NT=Carbamidomethyl;AC=UNIMOD:4;TA=C;MT=Fixed	NT=Oxidation;AC=UNIMOD:35;TA=M;MT=Variable	1	1	20210417_QEP2_FBU_AS_Yeast_RBPs_YAF000_RNAse_03.raw	v1.1.0	NT=ms-proteomics;VV=v1.1.0	NT=sdrf-skeleton-gen;VV=v1.0.0
20210417_QEP2_FBU_AS_Yeast_RBPs_YAF000_RNAse_04	Saccharomyces cerevisiae	not available	not available	1	20210417_QEP2_FBU_AS_Yeast_RBPs_YAF000_RNAse_04	proteomic profiling by mass spectrometry	Data-dependent acquisition	NT=label free sample;AC=MS:1002038	NT=Q Exactive HF;AC=MS:1002523	NT=Lys-C;AC=MS:1001309	NT=Carbamidomethyl;AC=UNIMOD:4;TA=C;MT=Fixed	NT=Oxidation;AC=UNIMOD:35;TA=M;MT=Variable	1	1	20210417_QEP2_FBU_AS_Yeast_RBPs_YAF000_RNAse_04.raw	v1.1.0	NT=ms-proteomics;VV=v1.1.0	NT=sdrf-skeleton-gen;VV=v1.0.0
20210417_QEP2_FBU_AS_Yeast_RBPs_YAF039_IP_01	Saccharomyces cerevisiae	not available	not available	1	20210417_QEP2_FBU_AS_Yeast_RBPs_YAF039_IP_01	proteomic profiling by mass spectrometry	Data-dependent acquisition	NT=label free sample;AC=MS:1002038	NT=Q Exactive HF;AC=MS:1002523	NT=Lys-C;AC=MS:1001309	NT=Carbamidomethyl;AC=UNIMOD:4;TA=C;MT=Fixed	NT=Oxidation;AC=UNIMOD:35;TA=M;MT=Variable	1	1	20210417_QEP2_FBU_AS_Yeast_RBPs_YAF039_IP_01.raw	v1.1.0	NT=ms-proteomics;VV=v1.1.0	NT=sdrf-skeleton-gen;VV=v1.0.0
20210417_QEP2_FBU_AS_Yeast_RBPs_YAF039_IP_02	Saccharomyces cerevisiae	not available	not available	1	20210417_QEP2_FBU_AS_Yeast_RBPs_YAF039_IP_02	proteomic profiling by mass spectrometry	Data-dependent acquisition	NT=label free sample;AC=MS:1002038	NT=Q Exactive HF;AC=MS:1002523	NT=Lys-C;AC=MS:1001309	NT=Carbamidomethyl;AC=UNIMOD:4;TA=C;MT=Fixed	NT=Oxidation;AC=UNIMOD:35;TA=M;MT=Variable	1	1	20210417_QEP2_FBU_AS_Yeast_RBPs_YAF039_IP_02.raw	v1.1.0	NT=ms-proteomics;VV=v1.1.0	NT=sdrf-skeleton-gen;VV=v1.0.0
20210417_QEP2_FBU_AS_Yeast_RBPs_YAF039_IP_03	Saccharomyces cerevisiae	not available	not available	1	20210417_QEP2_FBU_AS_Yeast_RBPs_YAF039_IP_03	proteomic profiling by mass spectrometry	Data-dependent acquisition	NT=label free sample;AC=MS:1002038	NT=Q Exactive HF;AC=MS:1002523	NT=Lys-C;AC=MS:1001309	NT=Carbamidomethyl;AC=UNIMOD:4;TA=C;MT=Fixed	NT=Oxidation;AC=UNIMOD:35;TA=M;MT=Variable	1	1	20210417_QEP2_FBU_AS_Yeast_RBPs_YAF039_IP_03.raw	v1.1.0	NT=ms-proteomics;VV=v1.1.0	NT=sdrf-skeleton-gen;VV=v1.0.0
20210417_QEP2_FBU_AS_Yeast_RBPs_YAF039_IP_04	Saccharomyces cerevisiae	not available	not available	1	20210417_QEP2_FBU_AS_Yeast_RBPs_YAF039_IP_04	proteomic profiling by mass spectrometry	Data-dependent acquisition	NT=label free sample;AC=MS:1002038	NT=Q Exactive HF;AC=MS:1002523	NT=Lys-C;AC=MS:1001309	NT=Carbamidomethyl;AC=UNIMOD:4;TA=C;MT=Fixed	NT=Oxidation;AC=UNIMOD:35;TA=M;MT=Variable	1	1	20210417_QEP2_FBU_AS_Yeast_RBPs_YAF039_IP_04.raw	v1.1.0	NT=ms-proteomics;VV=v1.1.0	NT=sdrf-skeleton-gen;VV=v1.0.0
20210417_QEP2_FBU_AS_Yeast_RBPs_YAF039_RNAse_01	Saccharomyces cerevisiae	not available	not available	1	20210417_QEP2_FBU_AS_Yeast_RBPs_YAF039_RNAse_01	proteomic profiling by mass spectrometry	Data-dependent acquisition	NT=label free sample;AC=MS:1002038	NT=Q Exactive HF;AC=MS:1002523	NT=Lys-C;AC=MS:1001309	NT=Carbamidomethyl;AC=UNIMOD:4;TA=C;MT=Fixed	NT=Oxidation;AC=UNIMOD:35;TA=M;MT=Variable	1	1	20210417_QEP2_FBU_AS_Yeast_RBPs_YAF039_RNAse_01.raw	v1.1.0	NT=ms-proteomics;VV=v1.1.0	NT=sdrf-skeleton-gen;VV=v1.0.0
20210417_QEP2_FBU_AS_Yeast_RBPs_YAF039_RNAse_02	Saccharomyces cerevisiae	not available	not available	1	20210417_QEP2_FBU_AS_Yeast_RBPs_YAF039_RNAse_02	proteomic profiling by mass spectrometry	Data-dependent acquisition	NT=label free sample;AC=MS:1002038	NT=Q Exactive HF;AC=MS:1002523	NT=Lys-C;AC=MS:1001309	NT=Carbamidomethyl;AC=UNIMOD:4;TA=C;MT=Fixed	NT=Oxidation;AC=UNIMOD:35;TA=M;MT=Variable	1	1	20210417_QEP2_FBU_AS_Yeast_RBPs_YAF039_RNAse_02.raw	v1.1.0	NT=ms-proteomics;VV=v1.1.0	NT=sdrf-skeleton-gen;VV=v1.0.0
20210417_QEP2_FBU_AS_Yeast_RBPs_YAF039_RNAse_03	Saccharomyces cerevisiae	not available	not available	1	20210417_QEP2_FBU_AS_Yeast_RBPs_YAF039_RNAse_03	proteomic profiling by mass spectrometry	Data-dependent acquisition	NT=label free sample;AC=MS:1002038	NT=Q Exactive HF;AC=MS:1002523	NT=Lys-C;AC=MS:1001309	NT=Carbamidomethyl;AC=UNIMOD:4;TA=C;MT=Fixed	NT=Oxidation;AC=UNIMOD:35;TA=M;MT=Variable	1	1	20210417_QEP2_FBU_AS_Yeast_RBPs_YAF039_RNAse_03.raw	v1.1.0	NT=ms-proteomics;VV=v1.1.0	NT=sdrf-skeleton-gen;VV=v1.0.0
20210417_QEP2_FBU_AS_Yeast_RBPs_YAF039_RNAse_04	Saccharomyces cerevisiae	not available	not available	1	20210417_QEP2_FBU_AS_Yeast_RBPs_YAF039_RNAse_04	proteomic profiling by mass spectrometry	Data-dependent acquisition	NT=label free sample;AC=MS:1002038	NT=Q Exactive HF;AC=MS:1002523	NT=Lys-C;AC=MS:1001309	NT=Carbamidomethyl;AC=UNIMOD:4;TA=C;MT=Fixed	NT=Oxidation;AC=UNIMOD:35;TA=M;MT=Variable	1	1	20210417_QEP2_FBU_AS_Yeast_RBPs_YAF039_RNAse_04.raw	v1.1.0	NT=ms-proteomics;VV=v1.1.0	NT=sdrf-skeleton-gen;VV=v1.0.0
20210417_QEP2_FBU_AS_Yeast_RBPs_YAF042_IP_01	Saccharomyces cerevisiae	not available	not available	1	20210417_QEP2_FBU_AS_Yeast_RBPs_YAF042_IP_01	proteomic profiling by mass spectrometry	Data-dependent acquisition	NT=label free sample;AC=MS:1002038	NT=Q Exactive HF;AC=MS:1002523	NT=Lys-C;AC=MS:1001309	NT=Carbamidomethyl;AC=UNIMOD:4;TA=C;MT=Fixed	NT=Oxidation;AC=UNIMOD:35;TA=M;MT=Variable	1	1	20210417_QEP2_FBU_AS_Yeast_RBPs_YAF042_IP_01.raw	v1.1.0	NT=ms-proteomics;VV=v1.1.0	NT=sdrf-skeleton-gen;VV=v1.0.0
20210417_QEP2_FBU_AS_Yeast_RBPs_YAF042_IP_02	Saccharomyces cerevisiae	not available	not available	1	20210417_QEP2_FBU_AS_Yeast_RBPs_YAF042_IP_02	proteomic profiling by mass spectrometry	Data-dependent acquisition	NT=label free sample;AC=MS:1002038	NT=Q Exactive HF;AC=MS:1002523	NT=Lys-C;AC=MS:1001309	NT=Carbamidomethyl;AC=UNIMOD:4;TA=C;MT=Fixed	NT=Oxidation;AC=UNIMOD:35;TA=M;MT=Variable	1	1	20210417_QEP2_FBU_AS_Yeast_RBPs_YAF042_IP_02.raw	v1.1.0	NT=ms-proteomics;VV=v1.1.0	NT=sdrf-skeleton-gen;VV=v1.0.0
20210417_QEP2_FBU_AS_Yeast_RBPs_YAF042_IP_03	Saccharomyces cerevisiae	not available	not available	1	20210417_QEP2_FBU_AS_Yeast_RBPs_YAF042_IP_03	proteomic profiling by mass spectrometry	Data-dependent acquisition	NT=label free sample;AC=MS:1002038	NT=Q Exactive HF;AC=MS:1002523	NT=Lys-C;AC=MS:1001309	NT=Carbamidomethyl;AC=UNIMOD:4;TA=C;MT=Fixed	NT=Oxidation;AC=UNIMOD:35;TA=M;MT=Variable	1	1	20210417_QEP2_FBU_AS_Yeast_RBPs_YAF042_IP_03.raw	v1.1.0	NT=ms-proteomics;VV=v1.1.0	NT=sdrf-skeleton-gen;VV=v1.0.0
20210417_QEP2_FBU_AS_Yeast_RBPs_YAF042_IP_04	Saccharomyces cerevisiae	not available	not available	1	20210417_QEP2_FBU_AS_Yeast_RBPs_YAF042_IP_04	proteomic profiling by mass spectrometry	Data-dependent acquisition	NT=label free sample;AC=MS:1002038	NT=Q Exactive HF;AC=MS:1002523	NT=Lys-C;AC=MS:1001309	NT=Carbamidomethyl;AC=UNIMOD:4;TA=C;MT=Fixed	NT=Oxidation;AC=UNIMOD:35;TA=M;MT=Variable	1	1	20210417_QEP2_FBU_AS_Yeast_RBPs_YAF042_IP_04.raw	v1.1.0	NT=ms-proteomics;VV=v1.1.0	NT=sdrf-skeleton-gen;VV=v1.0.0
20210417_QEP2_FBU_AS_Yeast_RBPs_YAF042_RNAse_01	Saccharomyces cerevisiae	not available	not available	1	20210417_QEP2_FBU_AS_Yeast_RBPs_YAF042_RNAse_01	proteomic profiling by mass spectrometry	Data-dependent acquisition	NT=label free sample;AC=MS:1002038	NT=Q Exactive HF;AC=MS:1002523	NT=Lys-C;AC=MS:1001309	NT=Carbamidomethyl;AC=UNIMOD:4;TA=C;MT=Fixed	NT=Oxidation;AC=UNIMOD:35;TA=M;MT=Variable	1	1	20210417_QEP2_FBU_AS_Yeast_RBPs_YAF042_RNAse_01.raw	v1.1.0	NT=ms-proteomics;VV=v1.1.0	NT=sdrf-skeleton-gen;VV=v1.0.0
20210417_QEP2_FBU_AS_Yeast_RBPs_YAF042_RNAse_02	Saccharomyces cerevisiae	not available	not available	1	20210417_QEP2_FBU_AS_Yeast_RBPs_YAF042_RNAse_02	proteomic profiling by mass spectrometry	Data-dependent acquisition	NT=label free sample;AC=MS:1002038	NT=Q Exactive HF;AC=MS:1002523	NT=Lys-C;AC=MS:1001309	NT=Carbamidomethyl;AC=UNIMOD:4;TA=C;MT=Fixed	NT=Oxidation;AC=UNIMOD:35;TA=M;MT=Variable	1	1	20210417_QEP2_FBU_AS_Yeast_RBPs_YAF042_RNAse_02.raw	v1.1.0	NT=ms-proteomics;VV=v1.1.0	NT=sdrf-skeleton-gen;VV=v1.0.0
20210417_QEP2_FBU_AS_Yeast_RBPs_YAF042_RNAse_03	Saccharomyces cerevisiae	not available	not available	1	20210417_QEP2_FBU_AS_Yeast_RBPs_YAF042_RNAse_03	proteomic profiling by mass spectrometry	Data-dependent acquisition	NT=label free sample;AC=MS:1002038	NT=Q Exactive HF;AC=MS:1002523	NT=Lys-C;AC=MS:1001309	NT=Carbamidomethyl;AC=UNIMOD:4;TA=C;MT=Fixed	NT=Oxidation;AC=UNIMOD:35;TA=M;MT=Variable	1	1	20210417_QEP2_FBU_AS_Yeast_RBPs_YAF042_RNAse_03.raw	v1.1.0	NT=ms-proteomics;VV=v1.1.0	NT=sdrf-skeleton-gen;VV=v1.0.0
20210417_QEP2_FBU_AS_Yeast_RBPs_YAF042_RNAse_04	Saccharomyces cerevisiae	not available	not available	1	20210417_QEP2_FBU_AS_Yeast_RBPs_YAF042_RNAse_04	proteomic profiling by mass spectrometry	Data-dependent acquisition	NT=label free sample;AC=MS:1002038	NT=Q Exactive HF;AC=MS:1002523	NT=Lys-C;AC=MS:1001309	NT=Carbamidomethyl;AC=UNIMOD:4;TA=C;MT=Fixed	NT=Oxidation;AC=UNIMOD:35;TA=M;MT=Variable	1	1	20210417_QEP2_FBU_AS_Yeast_RBPs_YAF042_RNAse_04.raw	v1.1.0	NT=ms-proteomics;VV=v1.1.0	NT=sdrf-skeleton-gen;VV=v1.0.0
20210417_QEP2_FBU_AS_Yeast_RBPs_YAF043_IP_01	Saccharomyces cerevisiae	not available	not available	1	20210417_QEP2_FBU_AS_Yeast_RBPs_YAF043_IP_01	proteomic profiling by mass spectrometry	Data-dependent acquisition	NT=label free sample;AC=MS:1002038	NT=Q Exactive HF;AC=MS:1002523	NT=Lys-C;AC=MS:1001309	NT=Carbamidomethyl;AC=UNIMOD:4;TA=C;MT=Fixed	NT=Oxidation;AC=UNIMOD:35;TA=M;MT=Variable	1	1	20210417_QEP2_FBU_AS_Yeast_RBPs_YAF043_IP_01.raw	v1.1.0	NT=ms-proteomics;VV=v1.1.0	NT=sdrf-skeleton-gen;VV=v1.0.0
20210417_QEP2_FBU_AS_Yeast_RBPs_YAF043_IP_02	Saccharomyces cerevisiae	not available	not available	1	20210417_QEP2_FBU_AS_Yeast_RBPs_YAF043_IP_02	proteomic profiling by mass spectrometry	Data-dependent acquisition	NT=label free sample;AC=MS:1002038	NT=Q Exactive HF;AC=MS:1002523	NT=Lys-C;AC=MS:1001309	NT=Carbamidomethyl;AC=UNIMOD:4;TA=C;MT=Fixed	NT=Oxidation;AC=UNIMOD:35;TA=M;MT=Variable	1	1	20210417_QEP2_FBU_AS_Yeast_RBPs_YAF043_IP_02.raw	v1.1.0	NT=ms-proteomics;VV=v1.1.0	NT=sdrf-skeleton-gen;VV=v1.0.0
20210417_QEP2_FBU_AS_Yeast_RBPs_YAF043_IP_03	Saccharomyces cerevisiae	not available	not available	1	20210417_QEP2_FBU_AS_Yeast_RBPs_YAF043_IP_03	proteomic profiling by mass spectrometry	Data-dependent acquisition	NT=label free sample;AC=MS:1002038	NT=Q Exactive HF;AC=MS:1002523	NT=Lys-C;AC=MS:1001309	NT=Carbamidomethyl;AC=UNIMOD:4;TA=C;MT=Fixed	NT=Oxidation;AC=UNIMOD:35;TA=M;MT=Variable	1	1	20210417_QEP2_FBU_AS_Yeast_RBPs_YAF043_IP_03.raw	v1.1.0	NT=ms-proteomics;VV=v1.1.0	NT=sdrf-skeleton-gen;VV=v1.0.0
20210417_QEP2_FBU_AS_Yeast_RBPs_YAF043_IP_04	Saccharomyces cerevisiae	not available	not available	1	20210417_QEP2_FBU_AS_Yeast_RBPs_YAF043_IP_04	proteomic profiling by mass spectrometry	Data-dependent acquisition	NT=label free sample;AC=MS:1002038	NT=Q Exactive HF;AC=MS:1002523	NT=Lys-C;AC=MS:1001309	NT=Carbamidomethyl;AC=UNIMOD:4;TA=C;MT=Fixed	NT=Oxidation;AC=UNIMOD:35;TA=M;MT=Variable	1	1	20210417_QEP2_FBU_AS_Yeast_RBPs_YAF043_IP_04.raw	v1.1.0	NT=ms-proteomics;VV=v1.1.0	NT=sdrf-skeleton-gen;VV=v1.0.0
20210417_QEP2_FBU_AS_Yeast_RBPs_YAF043_RNAse_01	Saccharomyces cerevisiae	not available	not available	1	20210417_QEP2_FBU_AS_Yeast_RBPs_YAF043_RNAse_01	proteomic profiling by mass spectrometry	Data-dependent acquisition	NT=label free sample;AC=MS:1002038	NT=Q Exactive HF;AC=MS:1002523	NT=Lys-C;AC=MS:1001309	NT=Carbamidomethyl;AC=UNIMOD:4;TA=C;MT=Fixed	NT=Oxidation;AC=UNIMOD:35;TA=M;MT=Variable	1	1	20210417_QEP2_FBU_AS_Yeast_RBPs_YAF043_RNAse_01.raw	v1.1.0	NT=ms-proteomics;VV=v1.1.0	NT=sdrf-skeleton-gen;VV=v1.0.0
20210417_QEP2_FBU_AS_Yeast_RBPs_YAF043_RNAse_02	Saccharomyces cerevisiae	not available	not available	1	20210417_QEP2_FBU_AS_Yeast_RBPs_YAF043_RNAse_02	proteomic profiling by mass spectrometry	Data-dependent acquisition	NT=label free sample;AC=MS:1002038	NT=Q Exactive HF;AC=MS:1002523	NT=Lys-C;AC=MS:1001309	NT=Carbamidomethyl;AC=UNIMOD:4;TA=C;MT=Fixed	NT=Oxidation;AC=UNIMOD:35;TA=M;MT=Variable	1	1	20210417_QEP2_FBU_AS_Yeast_RBPs_YAF043_RNAse_02.raw	v1.1.0	NT=ms-proteomics;VV=v1.1.0	NT=sdrf-skeleton-gen;VV=v1.0.0
20210417_QEP2_FBU_AS_Yeast_RBPs_YAF043_RNAse_03	Saccharomyces cerevisiae	not available	not available	1	20210417_QEP2_FBU_AS_Yeast_RBPs_YAF043_RNAse_03	proteomic profiling by mass spectrometry	Data-dependent acquisition	NT=label free sample;AC=MS:1002038	NT=Q Exactive HF;AC=MS:1002523	NT=Lys-C;AC=MS:1001309	NT=Carbamidomethyl;AC=UNIMOD:4;TA=C;MT=Fixed	NT=Oxidation;AC=UNIMOD:35;TA=M;MT=Variable	1	1	20210417_QEP2_FBU_AS_Yeast_RBPs_YAF043_RNAse_03.raw	v1.1.0	NT=ms-proteomics;VV=v1.1.0	NT=sdrf-skeleton-gen;VV=v1.0.0
20210417_QEP2_FBU_AS_Yeast_RBPs_YAF043_RNAse_04	Saccharomyces cerevisiae	not available	not available	1	20210417_QEP2_FBU_AS_Yeast_RBPs_YAF043_RNAse_04	proteomic profiling by mass spectrometry	Data-dependent acquisition	NT=label free sample;AC=MS:1002038	NT=Q Exactive HF;AC=MS:1002523	NT=Lys-C;AC=MS:1001309	NT=Carbamidomethyl;AC=UNIMOD:4;TA=C;MT=Fixed	NT=Oxidation;AC=UNIMOD:35;TA=M;MT=Variable	1	1	20210417_QEP2_FBU_AS_Yeast_RBPs_YAF043_RNAse_04.raw	v1.1.0	NT=ms-proteomics;VV=v1.1.0	NT=sdrf-skeleton-gen;VV=v1.0.0
20210417_QEP2_FBU_AS_Yeast_RBPs_YAF044_IP_01	Saccharomyces cerevisiae	not available	not available	1	20210417_QEP2_FBU_AS_Yeast_RBPs_YAF044_IP_01	proteomic profiling by mass spectrometry	Data-dependent acquisition	NT=label free sample;AC=MS:1002038	NT=Q Exactive HF;AC=MS:1002523	NT=Lys-C;AC=MS:1001309	NT=Carbamidomethyl;AC=UNIMOD:4;TA=C;MT=Fixed	NT=Oxidation;AC=UNIMOD:35;TA=M;MT=Variable	1	1	20210417_QEP2_FBU_AS_Yeast_RBPs_YAF044_IP_01.raw	v1.1.0	NT=ms-proteomics;VV=v1.1.0	NT=sdrf-skeleton-gen;VV=v1.0.0
20210417_QEP2_FBU_AS_Yeast_RBPs_YAF044_IP_02	Saccharomyces cerevisiae	not available	not available	1	20210417_QEP2_FBU_AS_Yeast_RBPs_YAF044_IP_02	proteomic profiling by mass spectrometry	Data-dependent acquisition	NT=label free sample;AC=MS:1002038	NT=Q Exactive HF;AC=MS:1002523	NT=Lys-C;AC=MS:1001309	NT=Carbamidomethyl;AC=UNIMOD:4;TA=C;MT=Fixed	NT=Oxidation;AC=UNIMOD:35;TA=M;MT=Variable	1	1	20210417_QEP2_FBU_AS_Yeast_RBPs_YAF044_IP_02.raw	v1.1.0	NT=ms-proteomics;VV=v1.1.0	NT=sdrf-skeleton-gen;VV=v1.0.0
20210417_QEP2_FBU_AS_Yeast_RBPs_YAF044_IP_03	Saccharomyces cerevisiae	not available	not available	1	20210417_QEP2_FBU_AS_Yeast_RBPs_YAF044_IP_03	proteomic profiling by mass spectrometry	Data-dependent acquisition	NT=label free sample;AC=MS:1002038	NT=Q Exactive HF;AC=MS:1002523	NT=Lys-C;AC=MS:1001309	NT=Carbamidomethyl;AC=UNIMOD:4;TA=C;MT=Fixed	NT=Oxidation;AC=UNIMOD:35;TA=M;MT=Variable	1	1	20210417_QEP2_FBU_AS_Yeast_RBPs_YAF044_IP_03.raw	v1.1.0	NT=ms-proteomics;VV=v1.1.0	NT=sdrf-skeleton-gen;VV=v1.0.0
20210417_QEP2_FBU_AS_Yeast_RBPs_YAF044_IP_04	Saccharomyces cerevisiae	not available	not available	1	20210417_QEP2_FBU_AS_Yeast_RBPs_YAF044_IP_04	proteomic profiling by mass spectrometry	Data-dependent acquisition	NT=label free sample;AC=MS:1002038	NT=Q Exactive HF;AC=MS:1002523	NT=Lys-C;AC=MS:1001309	NT=Carbamidomethyl;AC=UNIMOD:4;TA=C;MT=Fixed	NT=Oxidation;AC=UNIMOD:35;TA=M;MT=Variable	1	1	20210417_QEP2_FBU_AS_Yeast_RBPs_YAF044_IP_04.raw	v1.1.0	NT=ms-proteomics;VV=v1.1.0	NT=sdrf-skeleton-gen;VV=v1.0.0
20210417_QEP2_FBU_AS_Yeast_RBPs_YAF044_RNAse_01	Saccharomyces cerevisiae	not available	not available	1	20210417_QEP2_FBU_AS_Yeast_RBPs_YAF044_RNAse_01	proteomic profiling by mass spectrometry	Data-dependent acquisition	NT=label free sample;AC=MS:1002038	NT=Q Exactive HF;AC=MS:1002523	NT=Lys-C;AC=MS:1001309	NT=Carbamidomethyl;AC=UNIMOD:4;TA=C;MT=Fixed	NT=Oxidation;AC=UNIMOD:35;TA=M;MT=Variable	1	1	20210417_QEP2_FBU_AS_Yeast_RBPs_YAF044_RNAse_01.raw	v1.1.0	NT=ms-proteomics;VV=v1.1.0	NT=sdrf-skeleton-gen;VV=v1.0.0
20210417_QEP2_FBU_AS_Yeast_RBPs_YAF044_RNAse_02	Saccharomyces cerevisiae	not available	not available	1	20210417_QEP2_FBU_AS_Yeast_RBPs_YAF044_RNAse_02	proteomic profiling by mass spectrometry	Data-dependent acquisition	NT=label free sample;AC=MS:1002038	NT=Q Exactive HF;AC=MS:1002523	NT=Lys-C;AC=MS:1001309	NT=Carbamidomethyl;AC=UNIMOD:4;TA=C;MT=Fixed	NT=Oxidation;AC=UNIMOD:35;TA=M;MT=Variable	1	1	20210417_QEP2_FBU_AS_Yeast_RBPs_YAF044_RNAse_02.raw	v1.1.0	NT=ms-proteomics;VV=v1.1.0	NT=sdrf-skeleton-gen;VV=v1.0.0
20210417_QEP2_FBU_AS_Yeast_RBPs_YAF044_RNAse_03	Saccharomyces cerevisiae	not available	not available	1	20210417_QEP2_FBU_AS_Yeast_RBPs_YAF044_RNAse_03	proteomic profiling by mass spectrometry	Data-dependent acquisition	NT=label free sample;AC=MS:1002038	NT=Q Exactive HF;AC=MS:1002523	NT=Lys-C;AC=MS:1001309	NT=Carbamidomethyl;AC=UNIMOD:4;TA=C;MT=Fixed	NT=Oxidation;AC=UNIMOD:35;TA=M;MT=Variable	1	1	20210417_QEP2_FBU_AS_Yeast_RBPs_YAF044_RNAse_03.raw	v1.1.0	NT=ms-proteomics;VV=v1.1.0	NT=sdrf-skeleton-gen;VV=v1.0.0
20210417_QEP2_FBU_AS_Yeast_RBPs_YAF044_RNAse_04	Saccharomyces cerevisiae	not available	not available	1	20210417_QEP2_FBU_AS_Yeast_RBPs_YAF044_RNAse_04	proteomic profiling by mass spectrometry	Data-dependent acquisition	NT=label free sample;AC=MS:1002038	NT=Q Exactive HF;AC=MS:1002523	NT=Lys-C;AC=MS:1001309	NT=Carbamidomethyl;AC=UNIMOD:4;TA=C;MT=Fixed	NT=Oxidation;AC=UNIMOD:35;TA=M;MT=Variable	1	1	20210417_QEP2_FBU_AS_Yeast_RBPs_YAF044_RNAse_04.raw	v1.1.0	NT=ms-proteomics;VV=v1.1.0	NT=sdrf-skeleton-gen;VV=v1.0.0
