source name	characteristics[organism]	characteristics[organism part]	characteristics[cell type]	characteristics[disease]	characteristics[biological replicate]	assay name	technology type	comment[proteomics data acquisition method]	comment[label]	comment[instrument]	comment[modification parameters]	comment[modification parameters]	comment[cleavage agent details]	comment[dissociation method]	comment[precursor mass tolerance]	comment[fragment mass tolerance]	comment[reduction reagent]	comment[fraction identifier]	comment[technical replicate]	comment[data file]	comment[file uri]	comment[sdrf version]	comment[sdrf template]	comment[sdrf annotation tool]	factor value[organism part]
ESC_Expl_2_column_2_micron_25cm_60min_no_PFF_SNCA_DM__EGFP_NES_R1_F2	homo sapiens	column	not applicable	not available	1	ESC_Expl_2_column_2_micron_25cm_60min_no_PFF_SNCA_DM__EGFP_NES_R1_F2	proteomic profiling by mass spectrometry	NT=Data-dependent acquisition;AC=PRIDE:0000627	NT=label free sample;AC=MS:1002038	NT=orbitrap exploris 240;AC=MS:1003094	NT=Carbamidomethyl;AC=UNIMOD:4;TA=C;MT=Fixed	NT=Oxidation;AC=UNIMOD:35;TA=M;MT=Variable	NT=Trypsin;AC=MS:1001251	NT=collision-induced dissociation;AC=MS:1000133	5 ppm	0.02 Da	beta-mercaptoethanol (bme)	2	1	ESC_Expl_2_column_2_micron_25cm_60min_no_PFF_SNCA_DM__EGFP_NES_R1_F2.raw	ftp://ftp.pride.ebi.ac.uk/pride/data/archive/2026/09/PXD075151/ESC_Expl_2_column_2_micron_25cm_60min_no_PFF_SNCA_DM__EGFP_NES_R1_F2.raw	v1.1.0	NT=ms-proteomics;VV=v1.1.0	manual curation	column
ESC_Expl_2_column_2_micron_25cm_60min_no_PFF_EGFP_NES_3_F1	homo sapiens	column	not applicable	not available	1	ESC_Expl_2_column_2_micron_25cm_60min_no_PFF_EGFP_NES_3_F1	proteomic profiling by mass spectrometry	NT=Data-dependent acquisition;AC=PRIDE:0000627	NT=label free sample;AC=MS:1002038	NT=orbitrap exploris 240;AC=MS:1003094	NT=Carbamidomethyl;AC=UNIMOD:4;TA=C;MT=Fixed	NT=Oxidation;AC=UNIMOD:35;TA=M;MT=Variable	NT=Trypsin;AC=MS:1001251	NT=collision-induced dissociation;AC=MS:1000133	5 ppm	0.02 Da	beta-mercaptoethanol (bme)	1	1	ESC_Expl_2_column_2_micron_25cm_60min_no_PFF_EGFP_NES_3_F1.raw	ftp://ftp.pride.ebi.ac.uk/pride/data/archive/2026/09/PXD075151/ESC_Expl_2_column_2_micron_25cm_60min_no_PFF_EGFP_NES_3_F1.raw	v1.1.0	NT=ms-proteomics;VV=v1.1.0	manual curation	column
ESC_Expl_2_column_2_micron_25cm_60min_no_PFF_SNCA_DM__EGFP_NLS_R2_F8	homo sapiens	column	not applicable	not available	1	ESC_Expl_2_column_2_micron_25cm_60min_no_PFF_SNCA_DM__EGFP_NLS_R2_F8	proteomic profiling by mass spectrometry	NT=Data-dependent acquisition;AC=PRIDE:0000627	NT=label free sample;AC=MS:1002038	NT=orbitrap exploris 240;AC=MS:1003094	NT=Carbamidomethyl;AC=UNIMOD:4;TA=C;MT=Fixed	NT=Oxidation;AC=UNIMOD:35;TA=M;MT=Variable	NT=Trypsin;AC=MS:1001251	NT=collision-induced dissociation;AC=MS:1000133	5 ppm	0.02 Da	beta-mercaptoethanol (bme)	8	1	ESC_Expl_2_column_2_micron_25cm_60min_no_PFF_SNCA_DM__EGFP_NLS_R2_F8.raw	ftp://ftp.pride.ebi.ac.uk/pride/data/archive/2026/09/PXD075151/ESC_Expl_2_column_2_micron_25cm_60min_no_PFF_SNCA_DM__EGFP_NLS_R2_F8.raw	v1.1.0	NT=ms-proteomics;VV=v1.1.0	manual curation	column
ESC_Expl_2_column_2_micron_25cm_60min_no_PFF_SNCA_DM__EGFP_R1_F5	homo sapiens	column	not applicable	not available	1	ESC_Expl_2_column_2_micron_25cm_60min_no_PFF_SNCA_DM__EGFP_R1_F5	proteomic profiling by mass spectrometry	NT=Data-dependent acquisition;AC=PRIDE:0000627	NT=label free sample;AC=MS:1002038	NT=orbitrap exploris 240;AC=MS:1003094	NT=Carbamidomethyl;AC=UNIMOD:4;TA=C;MT=Fixed	NT=Oxidation;AC=UNIMOD:35;TA=M;MT=Variable	NT=Trypsin;AC=MS:1001251	NT=collision-induced dissociation;AC=MS:1000133	5 ppm	0.02 Da	beta-mercaptoethanol (bme)	5	1	ESC_Expl_2_column_2_micron_25cm_60min_no_PFF_SNCA_DM__EGFP_R1_F5.raw	ftp://ftp.pride.ebi.ac.uk/pride/data/archive/2026/09/PXD075151/ESC_Expl_2_column_2_micron_25cm_60min_no_PFF_SNCA_DM__EGFP_R1_F5.raw	v1.1.0	NT=ms-proteomics;VV=v1.1.0	manual curation	column
ESC_Expl_2_column_2_micron_25cm_60min_no_PFF_EGFP_NLS_R1_F3	homo sapiens	column	not applicable	not available	1	ESC_Expl_2_column_2_micron_25cm_60min_no_PFF_EGFP_NLS_R1_F3	proteomic profiling by mass spectrometry	NT=Data-dependent acquisition;AC=PRIDE:0000627	NT=label free sample;AC=MS:1002038	NT=orbitrap exploris 240;AC=MS:1003094	NT=Carbamidomethyl;AC=UNIMOD:4;TA=C;MT=Fixed	NT=Oxidation;AC=UNIMOD:35;TA=M;MT=Variable	NT=Trypsin;AC=MS:1001251	NT=collision-induced dissociation;AC=MS:1000133	5 ppm	0.02 Da	beta-mercaptoethanol (bme)	3	1	ESC_Expl_2_column_2_micron_25cm_60min_no_PFF_EGFP_NLS_R1_F3.raw	ftp://ftp.pride.ebi.ac.uk/pride/data/archive/2026/09/PXD075151/ESC_Expl_2_column_2_micron_25cm_60min_no_PFF_EGFP_NLS_R1_F3.raw	v1.1.0	NT=ms-proteomics;VV=v1.1.0	manual curation	column
ESC_Expl_2_column_2_micron_25cm_60min_no_PFF_EGFP_NLS_R2_F2	homo sapiens	column	not applicable	not available	1	ESC_Expl_2_column_2_micron_25cm_60min_no_PFF_EGFP_NLS_R2_F2	proteomic profiling by mass spectrometry	NT=Data-dependent acquisition;AC=PRIDE:0000627	NT=label free sample;AC=MS:1002038	NT=orbitrap exploris 240;AC=MS:1003094	NT=Carbamidomethyl;AC=UNIMOD:4;TA=C;MT=Fixed	NT=Oxidation;AC=UNIMOD:35;TA=M;MT=Variable	NT=Trypsin;AC=MS:1001251	NT=collision-induced dissociation;AC=MS:1000133	5 ppm	0.02 Da	beta-mercaptoethanol (bme)	2	1	ESC_Expl_2_column_2_micron_25cm_60min_no_PFF_EGFP_NLS_R2_F2.raw	ftp://ftp.pride.ebi.ac.uk/pride/data/archive/2026/09/PXD075151/ESC_Expl_2_column_2_micron_25cm_60min_no_PFF_EGFP_NLS_R2_F2.raw	v1.1.0	NT=ms-proteomics;VV=v1.1.0	manual curation	column
ESC_Expl_2_column_2_micron_25cm_60min_no_PFF_SNCA_DM__EGFP_3_F6	homo sapiens	column	not applicable	not available	1	ESC_Expl_2_column_2_micron_25cm_60min_no_PFF_SNCA_DM__EGFP_3_F6	proteomic profiling by mass spectrometry	NT=Data-dependent acquisition;AC=PRIDE:0000627	NT=label free sample;AC=MS:1002038	NT=orbitrap exploris 240;AC=MS:1003094	NT=Carbamidomethyl;AC=UNIMOD:4;TA=C;MT=Fixed	NT=Oxidation;AC=UNIMOD:35;TA=M;MT=Variable	NT=Trypsin;AC=MS:1001251	NT=collision-induced dissociation;AC=MS:1000133	5 ppm	0.02 Da	beta-mercaptoethanol (bme)	6	1	ESC_Expl_2_column_2_micron_25cm_60min_no_PFF_SNCA_DM__EGFP_3_F6.raw	ftp://ftp.pride.ebi.ac.uk/pride/data/archive/2026/09/PXD075151/ESC_Expl_2_column_2_micron_25cm_60min_no_PFF_SNCA_DM__EGFP_3_F6.raw	v1.1.0	NT=ms-proteomics;VV=v1.1.0	manual curation	column
ESC_Expl_2_column_2_micron_25cm_60min_no_PFF_SNCA_DM__EGFP_R1_F1	homo sapiens	column	not applicable	not available	1	ESC_Expl_2_column_2_micron_25cm_60min_no_PFF_SNCA_DM__EGFP_R1_F1	proteomic profiling by mass spectrometry	NT=Data-dependent acquisition;AC=PRIDE:0000627	NT=label free sample;AC=MS:1002038	NT=orbitrap exploris 240;AC=MS:1003094	NT=Carbamidomethyl;AC=UNIMOD:4;TA=C;MT=Fixed	NT=Oxidation;AC=UNIMOD:35;TA=M;MT=Variable	NT=Trypsin;AC=MS:1001251	NT=collision-induced dissociation;AC=MS:1000133	5 ppm	0.02 Da	beta-mercaptoethanol (bme)	1	1	ESC_Expl_2_column_2_micron_25cm_60min_no_PFF_SNCA_DM__EGFP_R1_F1.raw	ftp://ftp.pride.ebi.ac.uk/pride/data/archive/2026/09/PXD075151/ESC_Expl_2_column_2_micron_25cm_60min_no_PFF_SNCA_DM__EGFP_R1_F1.raw	v1.1.0	NT=ms-proteomics;VV=v1.1.0	manual curation	column
ESC_Expl_2_column_2_micron_25cm_60min_no_PFF_EGFP_NES_R2_F4	homo sapiens	column	not applicable	not available	1	ESC_Expl_2_column_2_micron_25cm_60min_no_PFF_EGFP_NES_R2_F4	proteomic profiling by mass spectrometry	NT=Data-dependent acquisition;AC=PRIDE:0000627	NT=label free sample;AC=MS:1002038	NT=orbitrap exploris 240;AC=MS:1003094	NT=Carbamidomethyl;AC=UNIMOD:4;TA=C;MT=Fixed	NT=Oxidation;AC=UNIMOD:35;TA=M;MT=Variable	NT=Trypsin;AC=MS:1001251	NT=collision-induced dissociation;AC=MS:1000133	5 ppm	0.02 Da	beta-mercaptoethanol (bme)	4	1	ESC_Expl_2_column_2_micron_25cm_60min_no_PFF_EGFP_NES_R2_F4.raw	ftp://ftp.pride.ebi.ac.uk/pride/data/archive/2026/09/PXD075151/ESC_Expl_2_column_2_micron_25cm_60min_no_PFF_EGFP_NES_R2_F4.raw	v1.1.0	NT=ms-proteomics;VV=v1.1.0	manual curation	column
ESC_Expl_2_column_2_micron_25cm_60min_no_PFF_EGFP_R2_F8	homo sapiens	column	not applicable	not available	1	ESC_Expl_2_column_2_micron_25cm_60min_no_PFF_EGFP_R2_F8	proteomic profiling by mass spectrometry	NT=Data-dependent acquisition;AC=PRIDE:0000627	NT=label free sample;AC=MS:1002038	NT=orbitrap exploris 240;AC=MS:1003094	NT=Carbamidomethyl;AC=UNIMOD:4;TA=C;MT=Fixed	NT=Oxidation;AC=UNIMOD:35;TA=M;MT=Variable	NT=Trypsin;AC=MS:1001251	NT=collision-induced dissociation;AC=MS:1000133	5 ppm	0.02 Da	beta-mercaptoethanol (bme)	8	1	ESC_Expl_2_column_2_micron_25cm_60min_no_PFF_EGFP_R2_F8.raw	ftp://ftp.pride.ebi.ac.uk/pride/data/archive/2026/09/PXD075151/ESC_Expl_2_column_2_micron_25cm_60min_no_PFF_EGFP_R2_F8.raw	v1.1.0	NT=ms-proteomics;VV=v1.1.0	manual curation	column
ESC_Expl_2_column_2_micron_25cm_60min_no_PFF_SNCA_DM__EGFP_NES_R1_F3	homo sapiens	column	not applicable	not available	1	ESC_Expl_2_column_2_micron_25cm_60min_no_PFF_SNCA_DM__EGFP_NES_R1_F3	proteomic profiling by mass spectrometry	NT=Data-dependent acquisition;AC=PRIDE:0000627	NT=label free sample;AC=MS:1002038	NT=orbitrap exploris 240;AC=MS:1003094	NT=Carbamidomethyl;AC=UNIMOD:4;TA=C;MT=Fixed	NT=Oxidation;AC=UNIMOD:35;TA=M;MT=Variable	NT=Trypsin;AC=MS:1001251	NT=collision-induced dissociation;AC=MS:1000133	5 ppm	0.02 Da	beta-mercaptoethanol (bme)	3	1	ESC_Expl_2_column_2_micron_25cm_60min_no_PFF_SNCA_DM__EGFP_NES_R1_F3.raw	ftp://ftp.pride.ebi.ac.uk/pride/data/archive/2026/09/PXD075151/ESC_Expl_2_column_2_micron_25cm_60min_no_PFF_SNCA_DM__EGFP_NES_R1_F3.raw	v1.1.0	NT=ms-proteomics;VV=v1.1.0	manual curation	column
ESC_Expl_2_column_2_micron_25cm_60min_no_PFF_SNCA_DM__EGFP_R1_F6	homo sapiens	column	not applicable	not available	1	ESC_Expl_2_column_2_micron_25cm_60min_no_PFF_SNCA_DM__EGFP_R1_F6	proteomic profiling by mass spectrometry	NT=Data-dependent acquisition;AC=PRIDE:0000627	NT=label free sample;AC=MS:1002038	NT=orbitrap exploris 240;AC=MS:1003094	NT=Carbamidomethyl;AC=UNIMOD:4;TA=C;MT=Fixed	NT=Oxidation;AC=UNIMOD:35;TA=M;MT=Variable	NT=Trypsin;AC=MS:1001251	NT=collision-induced dissociation;AC=MS:1000133	5 ppm	0.02 Da	beta-mercaptoethanol (bme)	6	1	ESC_Expl_2_column_2_micron_25cm_60min_no_PFF_SNCA_DM__EGFP_R1_F6.raw	ftp://ftp.pride.ebi.ac.uk/pride/data/archive/2026/09/PXD075151/ESC_Expl_2_column_2_micron_25cm_60min_no_PFF_SNCA_DM__EGFP_R1_F6.raw	v1.1.0	NT=ms-proteomics;VV=v1.1.0	manual curation	column
ESC_Expl_2_column_2_micron_25cm_60min_no_PFF_SNCA_DM__EGFP_NLS_R2_F1	homo sapiens	column	not applicable	not available	1	ESC_Expl_2_column_2_micron_25cm_60min_no_PFF_SNCA_DM__EGFP_NLS_R2_F1	proteomic profiling by mass spectrometry	NT=Data-dependent acquisition;AC=PRIDE:0000627	NT=label free sample;AC=MS:1002038	NT=orbitrap exploris 240;AC=MS:1003094	NT=Carbamidomethyl;AC=UNIMOD:4;TA=C;MT=Fixed	NT=Oxidation;AC=UNIMOD:35;TA=M;MT=Variable	NT=Trypsin;AC=MS:1001251	NT=collision-induced dissociation;AC=MS:1000133	5 ppm	0.02 Da	beta-mercaptoethanol (bme)	1	1	ESC_Expl_2_column_2_micron_25cm_60min_no_PFF_SNCA_DM__EGFP_NLS_R2_F1.raw	ftp://ftp.pride.ebi.ac.uk/pride/data/archive/2026/09/PXD075151/ESC_Expl_2_column_2_micron_25cm_60min_no_PFF_SNCA_DM__EGFP_NLS_R2_F1.raw	v1.1.0	NT=ms-proteomics;VV=v1.1.0	manual curation	column
ESC_Expl_2_column_2_micron_25cm_60min_no_PFF_SNCA_DM__EGFP_R1_F3	homo sapiens	column	not applicable	not available	1	ESC_Expl_2_column_2_micron_25cm_60min_no_PFF_SNCA_DM__EGFP_R1_F3	proteomic profiling by mass spectrometry	NT=Data-dependent acquisition;AC=PRIDE:0000627	NT=label free sample;AC=MS:1002038	NT=orbitrap exploris 240;AC=MS:1003094	NT=Carbamidomethyl;AC=UNIMOD:4;TA=C;MT=Fixed	NT=Oxidation;AC=UNIMOD:35;TA=M;MT=Variable	NT=Trypsin;AC=MS:1001251	NT=collision-induced dissociation;AC=MS:1000133	5 ppm	0.02 Da	beta-mercaptoethanol (bme)	3	1	ESC_Expl_2_column_2_micron_25cm_60min_no_PFF_SNCA_DM__EGFP_R1_F3.raw	ftp://ftp.pride.ebi.ac.uk/pride/data/archive/2026/09/PXD075151/ESC_Expl_2_column_2_micron_25cm_60min_no_PFF_SNCA_DM__EGFP_R1_F3.raw	v1.1.0	NT=ms-proteomics;VV=v1.1.0	manual curation	column
ESC_Expl_2_column_2_micron_25cm_60min_no_PFF_SNCA_DM__EGFP_NLS_R1_F4	homo sapiens	column	not applicable	not available	1	ESC_Expl_2_column_2_micron_25cm_60min_no_PFF_SNCA_DM__EGFP_NLS_R1_F4	proteomic profiling by mass spectrometry	NT=Data-dependent acquisition;AC=PRIDE:0000627	NT=label free sample;AC=MS:1002038	NT=orbitrap exploris 240;AC=MS:1003094	NT=Carbamidomethyl;AC=UNIMOD:4;TA=C;MT=Fixed	NT=Oxidation;AC=UNIMOD:35;TA=M;MT=Variable	NT=Trypsin;AC=MS:1001251	NT=collision-induced dissociation;AC=MS:1000133	5 ppm	0.02 Da	beta-mercaptoethanol (bme)	4	1	ESC_Expl_2_column_2_micron_25cm_60min_no_PFF_SNCA_DM__EGFP_NLS_R1_F4.raw	ftp://ftp.pride.ebi.ac.uk/pride/data/archive/2026/09/PXD075151/ESC_Expl_2_column_2_micron_25cm_60min_no_PFF_SNCA_DM__EGFP_NLS_R1_F4.raw	v1.1.0	NT=ms-proteomics;VV=v1.1.0	manual curation	column
ESC_Expl_2_column_2_micron_25cm_60min_no_PFF_EGFP_NES_3_F6	homo sapiens	column	not applicable	not available	1	ESC_Expl_2_column_2_micron_25cm_60min_no_PFF_EGFP_NES_3_F6	proteomic profiling by mass spectrometry	NT=Data-dependent acquisition;AC=PRIDE:0000627	NT=label free sample;AC=MS:1002038	NT=orbitrap exploris 240;AC=MS:1003094	NT=Carbamidomethyl;AC=UNIMOD:4;TA=C;MT=Fixed	NT=Oxidation;AC=UNIMOD:35;TA=M;MT=Variable	NT=Trypsin;AC=MS:1001251	NT=collision-induced dissociation;AC=MS:1000133	5 ppm	0.02 Da	beta-mercaptoethanol (bme)	6	1	ESC_Expl_2_column_2_micron_25cm_60min_no_PFF_EGFP_NES_3_F6.raw	ftp://ftp.pride.ebi.ac.uk/pride/data/archive/2026/09/PXD075151/ESC_Expl_2_column_2_micron_25cm_60min_no_PFF_EGFP_NES_3_F6.raw	v1.1.0	NT=ms-proteomics;VV=v1.1.0	manual curation	column
ESC_Expl_2_column_2_micron_25cm_60min_no_PFF_SNCA_DM__EGFP_NES_R2_F3	homo sapiens	column	not applicable	not available	1	ESC_Expl_2_column_2_micron_25cm_60min_no_PFF_SNCA_DM__EGFP_NES_R2_F3	proteomic profiling by mass spectrometry	NT=Data-dependent acquisition;AC=PRIDE:0000627	NT=label free sample;AC=MS:1002038	NT=orbitrap exploris 240;AC=MS:1003094	NT=Carbamidomethyl;AC=UNIMOD:4;TA=C;MT=Fixed	NT=Oxidation;AC=UNIMOD:35;TA=M;MT=Variable	NT=Trypsin;AC=MS:1001251	NT=collision-induced dissociation;AC=MS:1000133	5 ppm	0.02 Da	beta-mercaptoethanol (bme)	3	1	ESC_Expl_2_column_2_micron_25cm_60min_no_PFF_SNCA_DM__EGFP_NES_R2_F3.raw	ftp://ftp.pride.ebi.ac.uk/pride/data/archive/2026/09/PXD075151/ESC_Expl_2_column_2_micron_25cm_60min_no_PFF_SNCA_DM__EGFP_NES_R2_F3.raw	v1.1.0	NT=ms-proteomics;VV=v1.1.0	manual curation	column
ESC_Expl_2_column_2_micron_25cm_60min_no_PFF_EGFP_NES_R2_F6	homo sapiens	column	not applicable	not available	1	ESC_Expl_2_column_2_micron_25cm_60min_no_PFF_EGFP_NES_R2_F6	proteomic profiling by mass spectrometry	NT=Data-dependent acquisition;AC=PRIDE:0000627	NT=label free sample;AC=MS:1002038	NT=orbitrap exploris 240;AC=MS:1003094	NT=Carbamidomethyl;AC=UNIMOD:4;TA=C;MT=Fixed	NT=Oxidation;AC=UNIMOD:35;TA=M;MT=Variable	NT=Trypsin;AC=MS:1001251	NT=collision-induced dissociation;AC=MS:1000133	5 ppm	0.02 Da	beta-mercaptoethanol (bme)	6	1	ESC_Expl_2_column_2_micron_25cm_60min_no_PFF_EGFP_NES_R2_F6.raw	ftp://ftp.pride.ebi.ac.uk/pride/data/archive/2026/09/PXD075151/ESC_Expl_2_column_2_micron_25cm_60min_no_PFF_EGFP_NES_R2_F6.raw	v1.1.0	NT=ms-proteomics;VV=v1.1.0	manual curation	column
ESC_Expl_2_column_2_micron_25cm_60min_no_PFF_EGFP_3_F4	homo sapiens	column	not applicable	not available	1	ESC_Expl_2_column_2_micron_25cm_60min_no_PFF_EGFP_3_F4	proteomic profiling by mass spectrometry	NT=Data-dependent acquisition;AC=PRIDE:0000627	NT=label free sample;AC=MS:1002038	NT=orbitrap exploris 240;AC=MS:1003094	NT=Carbamidomethyl;AC=UNIMOD:4;TA=C;MT=Fixed	NT=Oxidation;AC=UNIMOD:35;TA=M;MT=Variable	NT=Trypsin;AC=MS:1001251	NT=collision-induced dissociation;AC=MS:1000133	5 ppm	0.02 Da	beta-mercaptoethanol (bme)	4	1	ESC_Expl_2_column_2_micron_25cm_60min_no_PFF_EGFP_3_F4.raw	ftp://ftp.pride.ebi.ac.uk/pride/data/archive/2026/09/PXD075151/ESC_Expl_2_column_2_micron_25cm_60min_no_PFF_EGFP_3_F4.raw	v1.1.0	NT=ms-proteomics;VV=v1.1.0	manual curation	column
ESC_Expl_2_column_2_micron_25cm_60min_no_PFF_EGFP_NLS_R2_F3	homo sapiens	column	not applicable	not available	1	ESC_Expl_2_column_2_micron_25cm_60min_no_PFF_EGFP_NLS_R2_F3	proteomic profiling by mass spectrometry	NT=Data-dependent acquisition;AC=PRIDE:0000627	NT=label free sample;AC=MS:1002038	NT=orbitrap exploris 240;AC=MS:1003094	NT=Carbamidomethyl;AC=UNIMOD:4;TA=C;MT=Fixed	NT=Oxidation;AC=UNIMOD:35;TA=M;MT=Variable	NT=Trypsin;AC=MS:1001251	NT=collision-induced dissociation;AC=MS:1000133	5 ppm	0.02 Da	beta-mercaptoethanol (bme)	3	1	ESC_Expl_2_column_2_micron_25cm_60min_no_PFF_EGFP_NLS_R2_F3.raw	ftp://ftp.pride.ebi.ac.uk/pride/data/archive/2026/09/PXD075151/ESC_Expl_2_column_2_micron_25cm_60min_no_PFF_EGFP_NLS_R2_F3.raw	v1.1.0	NT=ms-proteomics;VV=v1.1.0	manual curation	column
ESC_Expl_2_column_2_micron_25cm_60min_no_PFF_SNCA_DM__EGFP_NLS_R1_F2	homo sapiens	column	not applicable	not available	1	ESC_Expl_2_column_2_micron_25cm_60min_no_PFF_SNCA_DM__EGFP_NLS_R1_F2	proteomic profiling by mass spectrometry	NT=Data-dependent acquisition;AC=PRIDE:0000627	NT=label free sample;AC=MS:1002038	NT=orbitrap exploris 240;AC=MS:1003094	NT=Carbamidomethyl;AC=UNIMOD:4;TA=C;MT=Fixed	NT=Oxidation;AC=UNIMOD:35;TA=M;MT=Variable	NT=Trypsin;AC=MS:1001251	NT=collision-induced dissociation;AC=MS:1000133	5 ppm	0.02 Da	beta-mercaptoethanol (bme)	2	1	ESC_Expl_2_column_2_micron_25cm_60min_no_PFF_SNCA_DM__EGFP_NLS_R1_F2.raw	ftp://ftp.pride.ebi.ac.uk/pride/data/archive/2026/09/PXD075151/ESC_Expl_2_column_2_micron_25cm_60min_no_PFF_SNCA_DM__EGFP_NLS_R1_F2.raw	v1.1.0	NT=ms-proteomics;VV=v1.1.0	manual curation	column
ESC_Expl_2_column_2_micron_25cm_60min_no_PFF_SNCA_DM__EGFP_3_F4	homo sapiens	column	not applicable	not available	1	ESC_Expl_2_column_2_micron_25cm_60min_no_PFF_SNCA_DM__EGFP_3_F4	proteomic profiling by mass spectrometry	NT=Data-dependent acquisition;AC=PRIDE:0000627	NT=label free sample;AC=MS:1002038	NT=orbitrap exploris 240;AC=MS:1003094	NT=Carbamidomethyl;AC=UNIMOD:4;TA=C;MT=Fixed	NT=Oxidation;AC=UNIMOD:35;TA=M;MT=Variable	NT=Trypsin;AC=MS:1001251	NT=collision-induced dissociation;AC=MS:1000133	5 ppm	0.02 Da	beta-mercaptoethanol (bme)	4	1	ESC_Expl_2_column_2_micron_25cm_60min_no_PFF_SNCA_DM__EGFP_3_F4.raw	ftp://ftp.pride.ebi.ac.uk/pride/data/archive/2026/09/PXD075151/ESC_Expl_2_column_2_micron_25cm_60min_no_PFF_SNCA_DM__EGFP_3_F4.raw	v1.1.0	NT=ms-proteomics;VV=v1.1.0	manual curation	column
ESC_Expl_2_column_2_micron_25cm_60min_no_PFF_SNCA_DM__EGFP_NES_3_F1	homo sapiens	column	not applicable	not available	1	ESC_Expl_2_column_2_micron_25cm_60min_no_PFF_SNCA_DM__EGFP_NES_3_F1	proteomic profiling by mass spectrometry	NT=Data-dependent acquisition;AC=PRIDE:0000627	NT=label free sample;AC=MS:1002038	NT=orbitrap exploris 240;AC=MS:1003094	NT=Carbamidomethyl;AC=UNIMOD:4;TA=C;MT=Fixed	NT=Oxidation;AC=UNIMOD:35;TA=M;MT=Variable	NT=Trypsin;AC=MS:1001251	NT=collision-induced dissociation;AC=MS:1000133	5 ppm	0.02 Da	beta-mercaptoethanol (bme)	1	1	ESC_Expl_2_column_2_micron_25cm_60min_no_PFF_SNCA_DM__EGFP_NES_3_F1.raw	ftp://ftp.pride.ebi.ac.uk/pride/data/archive/2026/09/PXD075151/ESC_Expl_2_column_2_micron_25cm_60min_no_PFF_SNCA_DM__EGFP_NES_3_F1.raw	v1.1.0	NT=ms-proteomics;VV=v1.1.0	manual curation	column
ESC_Expl_2_column_2_micron_25cm_60min_no_PFF_EGFP_3_F1	homo sapiens	column	not applicable	not available	1	ESC_Expl_2_column_2_micron_25cm_60min_no_PFF_EGFP_3_F1	proteomic profiling by mass spectrometry	NT=Data-dependent acquisition;AC=PRIDE:0000627	NT=label free sample;AC=MS:1002038	NT=orbitrap exploris 240;AC=MS:1003094	NT=Carbamidomethyl;AC=UNIMOD:4;TA=C;MT=Fixed	NT=Oxidation;AC=UNIMOD:35;TA=M;MT=Variable	NT=Trypsin;AC=MS:1001251	NT=collision-induced dissociation;AC=MS:1000133	5 ppm	0.02 Da	beta-mercaptoethanol (bme)	1	1	ESC_Expl_2_column_2_micron_25cm_60min_no_PFF_EGFP_3_F1.raw	ftp://ftp.pride.ebi.ac.uk/pride/data/archive/2026/09/PXD075151/ESC_Expl_2_column_2_micron_25cm_60min_no_PFF_EGFP_3_F1.raw	v1.1.0	NT=ms-proteomics;VV=v1.1.0	manual curation	column
ESC_Expl_2_column_2_micron_25cm_60min_no_PFF_EGFP_NLS_R1_F4	homo sapiens	column	not applicable	not available	1	ESC_Expl_2_column_2_micron_25cm_60min_no_PFF_EGFP_NLS_R1_F4	proteomic profiling by mass spectrometry	NT=Data-dependent acquisition;AC=PRIDE:0000627	NT=label free sample;AC=MS:1002038	NT=orbitrap exploris 240;AC=MS:1003094	NT=Carbamidomethyl;AC=UNIMOD:4;TA=C;MT=Fixed	NT=Oxidation;AC=UNIMOD:35;TA=M;MT=Variable	NT=Trypsin;AC=MS:1001251	NT=collision-induced dissociation;AC=MS:1000133	5 ppm	0.02 Da	beta-mercaptoethanol (bme)	4	1	ESC_Expl_2_column_2_micron_25cm_60min_no_PFF_EGFP_NLS_R1_F4.raw	ftp://ftp.pride.ebi.ac.uk/pride/data/archive/2026/09/PXD075151/ESC_Expl_2_column_2_micron_25cm_60min_no_PFF_EGFP_NLS_R1_F4.raw	v1.1.0	NT=ms-proteomics;VV=v1.1.0	manual curation	column
ESC_Expl_2_column_2_micron_25cm_60min_no_PFF_EGFP_NLS_R1_F7	homo sapiens	column	not applicable	not available	1	ESC_Expl_2_column_2_micron_25cm_60min_no_PFF_EGFP_NLS_R1_F7	proteomic profiling by mass spectrometry	NT=Data-dependent acquisition;AC=PRIDE:0000627	NT=label free sample;AC=MS:1002038	NT=orbitrap exploris 240;AC=MS:1003094	NT=Carbamidomethyl;AC=UNIMOD:4;TA=C;MT=Fixed	NT=Oxidation;AC=UNIMOD:35;TA=M;MT=Variable	NT=Trypsin;AC=MS:1001251	NT=collision-induced dissociation;AC=MS:1000133	5 ppm	0.02 Da	beta-mercaptoethanol (bme)	7	1	ESC_Expl_2_column_2_micron_25cm_60min_no_PFF_EGFP_NLS_R1_F7.raw	ftp://ftp.pride.ebi.ac.uk/pride/data/archive/2026/09/PXD075151/ESC_Expl_2_column_2_micron_25cm_60min_no_PFF_EGFP_NLS_R1_F7.raw	v1.1.0	NT=ms-proteomics;VV=v1.1.0	manual curation	column
ESC_Expl_2_column_2_micron_25cm_60min_no_PFF_EGFP_NLS_3_F3	homo sapiens	column	not applicable	not available	1	ESC_Expl_2_column_2_micron_25cm_60min_no_PFF_EGFP_NLS_3_F3	proteomic profiling by mass spectrometry	NT=Data-dependent acquisition;AC=PRIDE:0000627	NT=label free sample;AC=MS:1002038	NT=orbitrap exploris 240;AC=MS:1003094	NT=Carbamidomethyl;AC=UNIMOD:4;TA=C;MT=Fixed	NT=Oxidation;AC=UNIMOD:35;TA=M;MT=Variable	NT=Trypsin;AC=MS:1001251	NT=collision-induced dissociation;AC=MS:1000133	5 ppm	0.02 Da	beta-mercaptoethanol (bme)	3	1	ESC_Expl_2_column_2_micron_25cm_60min_no_PFF_EGFP_NLS_3_F3.raw	ftp://ftp.pride.ebi.ac.uk/pride/data/archive/2026/09/PXD075151/ESC_Expl_2_column_2_micron_25cm_60min_no_PFF_EGFP_NLS_3_F3.raw	v1.1.0	NT=ms-proteomics;VV=v1.1.0	manual curation	column
ESC_Expl_2_column_2_micron_25cm_60min_no_PFF_SNCA_DM__EGFP_R2_F6	homo sapiens	column	not applicable	not available	1	ESC_Expl_2_column_2_micron_25cm_60min_no_PFF_SNCA_DM__EGFP_R2_F6	proteomic profiling by mass spectrometry	NT=Data-dependent acquisition;AC=PRIDE:0000627	NT=label free sample;AC=MS:1002038	NT=orbitrap exploris 240;AC=MS:1003094	NT=Carbamidomethyl;AC=UNIMOD:4;TA=C;MT=Fixed	NT=Oxidation;AC=UNIMOD:35;TA=M;MT=Variable	NT=Trypsin;AC=MS:1001251	NT=collision-induced dissociation;AC=MS:1000133	5 ppm	0.02 Da	beta-mercaptoethanol (bme)	6	1	ESC_Expl_2_column_2_micron_25cm_60min_no_PFF_SNCA_DM__EGFP_R2_F6.raw	ftp://ftp.pride.ebi.ac.uk/pride/data/archive/2026/09/PXD075151/ESC_Expl_2_column_2_micron_25cm_60min_no_PFF_SNCA_DM__EGFP_R2_F6.raw	v1.1.0	NT=ms-proteomics;VV=v1.1.0	manual curation	column
ESC_Expl_2_column_2_micron_25cm_60min_no_PFF_EGFP_3_F2	homo sapiens	column	not applicable	not available	1	ESC_Expl_2_column_2_micron_25cm_60min_no_PFF_EGFP_3_F2	proteomic profiling by mass spectrometry	NT=Data-dependent acquisition;AC=PRIDE:0000627	NT=label free sample;AC=MS:1002038	NT=orbitrap exploris 240;AC=MS:1003094	NT=Carbamidomethyl;AC=UNIMOD:4;TA=C;MT=Fixed	NT=Oxidation;AC=UNIMOD:35;TA=M;MT=Variable	NT=Trypsin;AC=MS:1001251	NT=collision-induced dissociation;AC=MS:1000133	5 ppm	0.02 Da	beta-mercaptoethanol (bme)	2	1	ESC_Expl_2_column_2_micron_25cm_60min_no_PFF_EGFP_3_F2.raw	ftp://ftp.pride.ebi.ac.uk/pride/data/archive/2026/09/PXD075151/ESC_Expl_2_column_2_micron_25cm_60min_no_PFF_EGFP_3_F2.raw	v1.1.0	NT=ms-proteomics;VV=v1.1.0	manual curation	column
ESC_Expl_2_column_2_micron_25cm_60min_no_PFF_SNCA_DM__EGFP_NES_R2_F4	homo sapiens	column	not applicable	not available	1	ESC_Expl_2_column_2_micron_25cm_60min_no_PFF_SNCA_DM__EGFP_NES_R2_F4	proteomic profiling by mass spectrometry	NT=Data-dependent acquisition;AC=PRIDE:0000627	NT=label free sample;AC=MS:1002038	NT=orbitrap exploris 240;AC=MS:1003094	NT=Carbamidomethyl;AC=UNIMOD:4;TA=C;MT=Fixed	NT=Oxidation;AC=UNIMOD:35;TA=M;MT=Variable	NT=Trypsin;AC=MS:1001251	NT=collision-induced dissociation;AC=MS:1000133	5 ppm	0.02 Da	beta-mercaptoethanol (bme)	4	1	ESC_Expl_2_column_2_micron_25cm_60min_no_PFF_SNCA_DM__EGFP_NES_R2_F4.raw	ftp://ftp.pride.ebi.ac.uk/pride/data/archive/2026/09/PXD075151/ESC_Expl_2_column_2_micron_25cm_60min_no_PFF_SNCA_DM__EGFP_NES_R2_F4.raw	v1.1.0	NT=ms-proteomics;VV=v1.1.0	manual curation	column
ESC_Expl_2_column_2_micron_25cm_60min_no_PFF_EGFP_NLS_R1_F6	homo sapiens	column	not applicable	not available	1	ESC_Expl_2_column_2_micron_25cm_60min_no_PFF_EGFP_NLS_R1_F6	proteomic profiling by mass spectrometry	NT=Data-dependent acquisition;AC=PRIDE:0000627	NT=label free sample;AC=MS:1002038	NT=orbitrap exploris 240;AC=MS:1003094	NT=Carbamidomethyl;AC=UNIMOD:4;TA=C;MT=Fixed	NT=Oxidation;AC=UNIMOD:35;TA=M;MT=Variable	NT=Trypsin;AC=MS:1001251	NT=collision-induced dissociation;AC=MS:1000133	5 ppm	0.02 Da	beta-mercaptoethanol (bme)	6	1	ESC_Expl_2_column_2_micron_25cm_60min_no_PFF_EGFP_NLS_R1_F6.raw	ftp://ftp.pride.ebi.ac.uk/pride/data/archive/2026/09/PXD075151/ESC_Expl_2_column_2_micron_25cm_60min_no_PFF_EGFP_NLS_R1_F6.raw	v1.1.0	NT=ms-proteomics;VV=v1.1.0	manual curation	column
ESC_Expl_2_column_2_micron_25cm_60min_no_PFF_EGFP_NES_R1_F5	homo sapiens	column	not applicable	not available	1	ESC_Expl_2_column_2_micron_25cm_60min_no_PFF_EGFP_NES_R1_F5	proteomic profiling by mass spectrometry	NT=Data-dependent acquisition;AC=PRIDE:0000627	NT=label free sample;AC=MS:1002038	NT=orbitrap exploris 240;AC=MS:1003094	NT=Carbamidomethyl;AC=UNIMOD:4;TA=C;MT=Fixed	NT=Oxidation;AC=UNIMOD:35;TA=M;MT=Variable	NT=Trypsin;AC=MS:1001251	NT=collision-induced dissociation;AC=MS:1000133	5 ppm	0.02 Da	beta-mercaptoethanol (bme)	5	1	ESC_Expl_2_column_2_micron_25cm_60min_no_PFF_EGFP_NES_R1_F5.raw	ftp://ftp.pride.ebi.ac.uk/pride/data/archive/2026/09/PXD075151/ESC_Expl_2_column_2_micron_25cm_60min_no_PFF_EGFP_NES_R1_F5.raw	v1.1.0	NT=ms-proteomics;VV=v1.1.0	manual curation	column
ESC_Expl_2_column_2_micron_25cm_60min_no_PFF_SNCA_DM__EGFP_NES_R2_F2	homo sapiens	column	not applicable	not available	1	ESC_Expl_2_column_2_micron_25cm_60min_no_PFF_SNCA_DM__EGFP_NES_R2_F2	proteomic profiling by mass spectrometry	NT=Data-dependent acquisition;AC=PRIDE:0000627	NT=label free sample;AC=MS:1002038	NT=orbitrap exploris 240;AC=MS:1003094	NT=Carbamidomethyl;AC=UNIMOD:4;TA=C;MT=Fixed	NT=Oxidation;AC=UNIMOD:35;TA=M;MT=Variable	NT=Trypsin;AC=MS:1001251	NT=collision-induced dissociation;AC=MS:1000133	5 ppm	0.02 Da	beta-mercaptoethanol (bme)	2	1	ESC_Expl_2_column_2_micron_25cm_60min_no_PFF_SNCA_DM__EGFP_NES_R2_F2.raw	ftp://ftp.pride.ebi.ac.uk/pride/data/archive/2026/09/PXD075151/ESC_Expl_2_column_2_micron_25cm_60min_no_PFF_SNCA_DM__EGFP_NES_R2_F2.raw	v1.1.0	NT=ms-proteomics;VV=v1.1.0	manual curation	column
ESC_Expl_2_column_2_micron_25cm_60min_no_PFF_EGFP_3_F6	homo sapiens	column	not applicable	not available	1	ESC_Expl_2_column_2_micron_25cm_60min_no_PFF_EGFP_3_F6	proteomic profiling by mass spectrometry	NT=Data-dependent acquisition;AC=PRIDE:0000627	NT=label free sample;AC=MS:1002038	NT=orbitrap exploris 240;AC=MS:1003094	NT=Carbamidomethyl;AC=UNIMOD:4;TA=C;MT=Fixed	NT=Oxidation;AC=UNIMOD:35;TA=M;MT=Variable	NT=Trypsin;AC=MS:1001251	NT=collision-induced dissociation;AC=MS:1000133	5 ppm	0.02 Da	beta-mercaptoethanol (bme)	6	1	ESC_Expl_2_column_2_micron_25cm_60min_no_PFF_EGFP_3_F6.raw	ftp://ftp.pride.ebi.ac.uk/pride/data/archive/2026/09/PXD075151/ESC_Expl_2_column_2_micron_25cm_60min_no_PFF_EGFP_3_F6.raw	v1.1.0	NT=ms-proteomics;VV=v1.1.0	manual curation	column
ESC_Expl_2_column_2_micron_25cm_60min_no_PFF_EGFP_NES_R2_F3	homo sapiens	column	not applicable	not available	1	ESC_Expl_2_column_2_micron_25cm_60min_no_PFF_EGFP_NES_R2_F3	proteomic profiling by mass spectrometry	NT=Data-dependent acquisition;AC=PRIDE:0000627	NT=label free sample;AC=MS:1002038	NT=orbitrap exploris 240;AC=MS:1003094	NT=Carbamidomethyl;AC=UNIMOD:4;TA=C;MT=Fixed	NT=Oxidation;AC=UNIMOD:35;TA=M;MT=Variable	NT=Trypsin;AC=MS:1001251	NT=collision-induced dissociation;AC=MS:1000133	5 ppm	0.02 Da	beta-mercaptoethanol (bme)	3	1	ESC_Expl_2_column_2_micron_25cm_60min_no_PFF_EGFP_NES_R2_F3.raw	ftp://ftp.pride.ebi.ac.uk/pride/data/archive/2026/09/PXD075151/ESC_Expl_2_column_2_micron_25cm_60min_no_PFF_EGFP_NES_R2_F3.raw	v1.1.0	NT=ms-proteomics;VV=v1.1.0	manual curation	column
ESC_Expl_2_column_2_micron_25cm_60min_no_PFF_SNCA_DM__EGFP_NLS_3_F3	homo sapiens	column	not applicable	not available	1	ESC_Expl_2_column_2_micron_25cm_60min_no_PFF_SNCA_DM__EGFP_NLS_3_F3	proteomic profiling by mass spectrometry	NT=Data-dependent acquisition;AC=PRIDE:0000627	NT=label free sample;AC=MS:1002038	NT=orbitrap exploris 240;AC=MS:1003094	NT=Carbamidomethyl;AC=UNIMOD:4;TA=C;MT=Fixed	NT=Oxidation;AC=UNIMOD:35;TA=M;MT=Variable	NT=Trypsin;AC=MS:1001251	NT=collision-induced dissociation;AC=MS:1000133	5 ppm	0.02 Da	beta-mercaptoethanol (bme)	3	1	ESC_Expl_2_column_2_micron_25cm_60min_no_PFF_SNCA_DM__EGFP_NLS_3_F3.raw	ftp://ftp.pride.ebi.ac.uk/pride/data/archive/2026/09/PXD075151/ESC_Expl_2_column_2_micron_25cm_60min_no_PFF_SNCA_DM__EGFP_NLS_3_F3.raw	v1.1.0	NT=ms-proteomics;VV=v1.1.0	manual curation	column
ESC_Expl_2_column_2_micron_25cm_60min_no_PFF_SNCA_DM__EGFP_NES_R1_F7	homo sapiens	column	not applicable	not available	1	ESC_Expl_2_column_2_micron_25cm_60min_no_PFF_SNCA_DM__EGFP_NES_R1_F7	proteomic profiling by mass spectrometry	NT=Data-dependent acquisition;AC=PRIDE:0000627	NT=label free sample;AC=MS:1002038	NT=orbitrap exploris 240;AC=MS:1003094	NT=Carbamidomethyl;AC=UNIMOD:4;TA=C;MT=Fixed	NT=Oxidation;AC=UNIMOD:35;TA=M;MT=Variable	NT=Trypsin;AC=MS:1001251	NT=collision-induced dissociation;AC=MS:1000133	5 ppm	0.02 Da	beta-mercaptoethanol (bme)	7	1	ESC_Expl_2_column_2_micron_25cm_60min_no_PFF_SNCA_DM__EGFP_NES_R1_F7.raw	ftp://ftp.pride.ebi.ac.uk/pride/data/archive/2026/09/PXD075151/ESC_Expl_2_column_2_micron_25cm_60min_no_PFF_SNCA_DM__EGFP_NES_R1_F7.raw	v1.1.0	NT=ms-proteomics;VV=v1.1.0	manual curation	column
ESC_Expl_2_column_2_micron_25cm_60min_no_PFF_SNCA_DM__EGFP_NLS_3_F4	homo sapiens	column	not applicable	not available	1	ESC_Expl_2_column_2_micron_25cm_60min_no_PFF_SNCA_DM__EGFP_NLS_3_F4	proteomic profiling by mass spectrometry	NT=Data-dependent acquisition;AC=PRIDE:0000627	NT=label free sample;AC=MS:1002038	NT=orbitrap exploris 240;AC=MS:1003094	NT=Carbamidomethyl;AC=UNIMOD:4;TA=C;MT=Fixed	NT=Oxidation;AC=UNIMOD:35;TA=M;MT=Variable	NT=Trypsin;AC=MS:1001251	NT=collision-induced dissociation;AC=MS:1000133	5 ppm	0.02 Da	beta-mercaptoethanol (bme)	4	1	ESC_Expl_2_column_2_micron_25cm_60min_no_PFF_SNCA_DM__EGFP_NLS_3_F4.raw	ftp://ftp.pride.ebi.ac.uk/pride/data/archive/2026/09/PXD075151/ESC_Expl_2_column_2_micron_25cm_60min_no_PFF_SNCA_DM__EGFP_NLS_3_F4.raw	v1.1.0	NT=ms-proteomics;VV=v1.1.0	manual curation	column
ESC_Expl_2_column_2_micron_25cm_60min_no_PFF_EGFP_R1_F4	homo sapiens	column	not applicable	not available	1	ESC_Expl_2_column_2_micron_25cm_60min_no_PFF_EGFP_R1_F4	proteomic profiling by mass spectrometry	NT=Data-dependent acquisition;AC=PRIDE:0000627	NT=label free sample;AC=MS:1002038	NT=orbitrap exploris 240;AC=MS:1003094	NT=Carbamidomethyl;AC=UNIMOD:4;TA=C;MT=Fixed	NT=Oxidation;AC=UNIMOD:35;TA=M;MT=Variable	NT=Trypsin;AC=MS:1001251	NT=collision-induced dissociation;AC=MS:1000133	5 ppm	0.02 Da	beta-mercaptoethanol (bme)	4	1	ESC_Expl_2_column_2_micron_25cm_60min_no_PFF_EGFP_R1_F4.raw	ftp://ftp.pride.ebi.ac.uk/pride/data/archive/2026/09/PXD075151/ESC_Expl_2_column_2_micron_25cm_60min_no_PFF_EGFP_R1_F4.raw	v1.1.0	NT=ms-proteomics;VV=v1.1.0	manual curation	column
ESC_Expl_2_column_2_micron_25cm_60min_no_PFF_EGFP_R2_F2	homo sapiens	column	not applicable	not available	1	ESC_Expl_2_column_2_micron_25cm_60min_no_PFF_EGFP_R2_F2	proteomic profiling by mass spectrometry	NT=Data-dependent acquisition;AC=PRIDE:0000627	NT=label free sample;AC=MS:1002038	NT=orbitrap exploris 240;AC=MS:1003094	NT=Carbamidomethyl;AC=UNIMOD:4;TA=C;MT=Fixed	NT=Oxidation;AC=UNIMOD:35;TA=M;MT=Variable	NT=Trypsin;AC=MS:1001251	NT=collision-induced dissociation;AC=MS:1000133	5 ppm	0.02 Da	beta-mercaptoethanol (bme)	2	1	ESC_Expl_2_column_2_micron_25cm_60min_no_PFF_EGFP_R2_F2.raw	ftp://ftp.pride.ebi.ac.uk/pride/data/archive/2026/09/PXD075151/ESC_Expl_2_column_2_micron_25cm_60min_no_PFF_EGFP_R2_F2.raw	v1.1.0	NT=ms-proteomics;VV=v1.1.0	manual curation	column
ESC_Expl_2_column_2_micron_25cm_60min_no_PFF_EGFP_R1_F5	homo sapiens	column	not applicable	not available	1	ESC_Expl_2_column_2_micron_25cm_60min_no_PFF_EGFP_R1_F5	proteomic profiling by mass spectrometry	NT=Data-dependent acquisition;AC=PRIDE:0000627	NT=label free sample;AC=MS:1002038	NT=orbitrap exploris 240;AC=MS:1003094	NT=Carbamidomethyl;AC=UNIMOD:4;TA=C;MT=Fixed	NT=Oxidation;AC=UNIMOD:35;TA=M;MT=Variable	NT=Trypsin;AC=MS:1001251	NT=collision-induced dissociation;AC=MS:1000133	5 ppm	0.02 Da	beta-mercaptoethanol (bme)	5	1	ESC_Expl_2_column_2_micron_25cm_60min_no_PFF_EGFP_R1_F5.raw	ftp://ftp.pride.ebi.ac.uk/pride/data/archive/2026/09/PXD075151/ESC_Expl_2_column_2_micron_25cm_60min_no_PFF_EGFP_R1_F5.raw	v1.1.0	NT=ms-proteomics;VV=v1.1.0	manual curation	column
ESC_Expl_2_column_2_micron_25cm_60min_no_PFF_SNCA_DM__EGFP_R2_F7	homo sapiens	column	not applicable	not available	1	ESC_Expl_2_column_2_micron_25cm_60min_no_PFF_SNCA_DM__EGFP_R2_F7	proteomic profiling by mass spectrometry	NT=Data-dependent acquisition;AC=PRIDE:0000627	NT=label free sample;AC=MS:1002038	NT=orbitrap exploris 240;AC=MS:1003094	NT=Carbamidomethyl;AC=UNIMOD:4;TA=C;MT=Fixed	NT=Oxidation;AC=UNIMOD:35;TA=M;MT=Variable	NT=Trypsin;AC=MS:1001251	NT=collision-induced dissociation;AC=MS:1000133	5 ppm	0.02 Da	beta-mercaptoethanol (bme)	7	1	ESC_Expl_2_column_2_micron_25cm_60min_no_PFF_SNCA_DM__EGFP_R2_F7.raw	ftp://ftp.pride.ebi.ac.uk/pride/data/archive/2026/09/PXD075151/ESC_Expl_2_column_2_micron_25cm_60min_no_PFF_SNCA_DM__EGFP_R2_F7.raw	v1.1.0	NT=ms-proteomics;VV=v1.1.0	manual curation	column
ESC_Expl_2_column_2_micron_25cm_60min_no_PFF_SNCA_DM__EGFP_3_F7	homo sapiens	column	not applicable	not available	1	ESC_Expl_2_column_2_micron_25cm_60min_no_PFF_SNCA_DM__EGFP_3_F7	proteomic profiling by mass spectrometry	NT=Data-dependent acquisition;AC=PRIDE:0000627	NT=label free sample;AC=MS:1002038	NT=orbitrap exploris 240;AC=MS:1003094	NT=Carbamidomethyl;AC=UNIMOD:4;TA=C;MT=Fixed	NT=Oxidation;AC=UNIMOD:35;TA=M;MT=Variable	NT=Trypsin;AC=MS:1001251	NT=collision-induced dissociation;AC=MS:1000133	5 ppm	0.02 Da	beta-mercaptoethanol (bme)	7	1	ESC_Expl_2_column_2_micron_25cm_60min_no_PFF_SNCA_DM__EGFP_3_F7.raw	ftp://ftp.pride.ebi.ac.uk/pride/data/archive/2026/09/PXD075151/ESC_Expl_2_column_2_micron_25cm_60min_no_PFF_SNCA_DM__EGFP_3_F7.raw	v1.1.0	NT=ms-proteomics;VV=v1.1.0	manual curation	column
ESC_Expl_2_column_2_micron_25cm_60min_no_PFF_EGFP_R2_F4	homo sapiens	column	not applicable	not available	1	ESC_Expl_2_column_2_micron_25cm_60min_no_PFF_EGFP_R2_F4	proteomic profiling by mass spectrometry	NT=Data-dependent acquisition;AC=PRIDE:0000627	NT=label free sample;AC=MS:1002038	NT=orbitrap exploris 240;AC=MS:1003094	NT=Carbamidomethyl;AC=UNIMOD:4;TA=C;MT=Fixed	NT=Oxidation;AC=UNIMOD:35;TA=M;MT=Variable	NT=Trypsin;AC=MS:1001251	NT=collision-induced dissociation;AC=MS:1000133	5 ppm	0.02 Da	beta-mercaptoethanol (bme)	4	1	ESC_Expl_2_column_2_micron_25cm_60min_no_PFF_EGFP_R2_F4.raw	ftp://ftp.pride.ebi.ac.uk/pride/data/archive/2026/09/PXD075151/ESC_Expl_2_column_2_micron_25cm_60min_no_PFF_EGFP_R2_F4.raw	v1.1.0	NT=ms-proteomics;VV=v1.1.0	manual curation	column
ESC_Expl_2_column_2_micron_25cm_60min_no_PFF_EGFP_NES_R1_F6	homo sapiens	column	not applicable	not available	1	ESC_Expl_2_column_2_micron_25cm_60min_no_PFF_EGFP_NES_R1_F6	proteomic profiling by mass spectrometry	NT=Data-dependent acquisition;AC=PRIDE:0000627	NT=label free sample;AC=MS:1002038	NT=orbitrap exploris 240;AC=MS:1003094	NT=Carbamidomethyl;AC=UNIMOD:4;TA=C;MT=Fixed	NT=Oxidation;AC=UNIMOD:35;TA=M;MT=Variable	NT=Trypsin;AC=MS:1001251	NT=collision-induced dissociation;AC=MS:1000133	5 ppm	0.02 Da	beta-mercaptoethanol (bme)	6	1	ESC_Expl_2_column_2_micron_25cm_60min_no_PFF_EGFP_NES_R1_F6.raw	ftp://ftp.pride.ebi.ac.uk/pride/data/archive/2026/09/PXD075151/ESC_Expl_2_column_2_micron_25cm_60min_no_PFF_EGFP_NES_R1_F6.raw	v1.1.0	NT=ms-proteomics;VV=v1.1.0	manual curation	column
ESC_Expl_2_column_2_micron_25cm_60min_no_PFF_SNCA_DM__EGFP_NES_R1_F4	homo sapiens	column	not applicable	not available	1	ESC_Expl_2_column_2_micron_25cm_60min_no_PFF_SNCA_DM__EGFP_NES_R1_F4	proteomic profiling by mass spectrometry	NT=Data-dependent acquisition;AC=PRIDE:0000627	NT=label free sample;AC=MS:1002038	NT=orbitrap exploris 240;AC=MS:1003094	NT=Carbamidomethyl;AC=UNIMOD:4;TA=C;MT=Fixed	NT=Oxidation;AC=UNIMOD:35;TA=M;MT=Variable	NT=Trypsin;AC=MS:1001251	NT=collision-induced dissociation;AC=MS:1000133	5 ppm	0.02 Da	beta-mercaptoethanol (bme)	4	1	ESC_Expl_2_column_2_micron_25cm_60min_no_PFF_SNCA_DM__EGFP_NES_R1_F4.raw	ftp://ftp.pride.ebi.ac.uk/pride/data/archive/2026/09/PXD075151/ESC_Expl_2_column_2_micron_25cm_60min_no_PFF_SNCA_DM__EGFP_NES_R1_F4.raw	v1.1.0	NT=ms-proteomics;VV=v1.1.0	manual curation	column
ESC_Expl_2_column_2_micron_25cm_60min_no_PFF_EGFP_R1_F3	homo sapiens	column	not applicable	not available	1	ESC_Expl_2_column_2_micron_25cm_60min_no_PFF_EGFP_R1_F3	proteomic profiling by mass spectrometry	NT=Data-dependent acquisition;AC=PRIDE:0000627	NT=label free sample;AC=MS:1002038	NT=orbitrap exploris 240;AC=MS:1003094	NT=Carbamidomethyl;AC=UNIMOD:4;TA=C;MT=Fixed	NT=Oxidation;AC=UNIMOD:35;TA=M;MT=Variable	NT=Trypsin;AC=MS:1001251	NT=collision-induced dissociation;AC=MS:1000133	5 ppm	0.02 Da	beta-mercaptoethanol (bme)	3	1	ESC_Expl_2_column_2_micron_25cm_60min_no_PFF_EGFP_R1_F3.raw	ftp://ftp.pride.ebi.ac.uk/pride/data/archive/2026/09/PXD075151/ESC_Expl_2_column_2_micron_25cm_60min_no_PFF_EGFP_R1_F3.raw	v1.1.0	NT=ms-proteomics;VV=v1.1.0	manual curation	column
ESC_Expl_2_column_2_micron_25cm_60min_no_PFF_SNCA_DM__EGFP_3_F5	homo sapiens	column	not applicable	not available	1	ESC_Expl_2_column_2_micron_25cm_60min_no_PFF_SNCA_DM__EGFP_3_F5	proteomic profiling by mass spectrometry	NT=Data-dependent acquisition;AC=PRIDE:0000627	NT=label free sample;AC=MS:1002038	NT=orbitrap exploris 240;AC=MS:1003094	NT=Carbamidomethyl;AC=UNIMOD:4;TA=C;MT=Fixed	NT=Oxidation;AC=UNIMOD:35;TA=M;MT=Variable	NT=Trypsin;AC=MS:1001251	NT=collision-induced dissociation;AC=MS:1000133	5 ppm	0.02 Da	beta-mercaptoethanol (bme)	5	1	ESC_Expl_2_column_2_micron_25cm_60min_no_PFF_SNCA_DM__EGFP_3_F5.raw	ftp://ftp.pride.ebi.ac.uk/pride/data/archive/2026/09/PXD075151/ESC_Expl_2_column_2_micron_25cm_60min_no_PFF_SNCA_DM__EGFP_3_F5.raw	v1.1.0	NT=ms-proteomics;VV=v1.1.0	manual curation	column
ESC_Expl_2_column_2_micron_25cm_60min_no_PFF_SNCA_DM__EGFP_NLS_R2_F7	homo sapiens	column	not applicable	not available	1	ESC_Expl_2_column_2_micron_25cm_60min_no_PFF_SNCA_DM__EGFP_NLS_R2_F7	proteomic profiling by mass spectrometry	NT=Data-dependent acquisition;AC=PRIDE:0000627	NT=label free sample;AC=MS:1002038	NT=orbitrap exploris 240;AC=MS:1003094	NT=Carbamidomethyl;AC=UNIMOD:4;TA=C;MT=Fixed	NT=Oxidation;AC=UNIMOD:35;TA=M;MT=Variable	NT=Trypsin;AC=MS:1001251	NT=collision-induced dissociation;AC=MS:1000133	5 ppm	0.02 Da	beta-mercaptoethanol (bme)	7	1	ESC_Expl_2_column_2_micron_25cm_60min_no_PFF_SNCA_DM__EGFP_NLS_R2_F7.raw	ftp://ftp.pride.ebi.ac.uk/pride/data/archive/2026/09/PXD075151/ESC_Expl_2_column_2_micron_25cm_60min_no_PFF_SNCA_DM__EGFP_NLS_R2_F7.raw	v1.1.0	NT=ms-proteomics;VV=v1.1.0	manual curation	column
ESC_Expl_2_column_2_micron_25cm_60min_no_PFF_SNCA_DM__EGFP_NLS_R1_F7	homo sapiens	column	not applicable	not available	1	ESC_Expl_2_column_2_micron_25cm_60min_no_PFF_SNCA_DM__EGFP_NLS_R1_F7	proteomic profiling by mass spectrometry	NT=Data-dependent acquisition;AC=PRIDE:0000627	NT=label free sample;AC=MS:1002038	NT=orbitrap exploris 240;AC=MS:1003094	NT=Carbamidomethyl;AC=UNIMOD:4;TA=C;MT=Fixed	NT=Oxidation;AC=UNIMOD:35;TA=M;MT=Variable	NT=Trypsin;AC=MS:1001251	NT=collision-induced dissociation;AC=MS:1000133	5 ppm	0.02 Da	beta-mercaptoethanol (bme)	7	1	ESC_Expl_2_column_2_micron_25cm_60min_no_PFF_SNCA_DM__EGFP_NLS_R1_F7.raw	ftp://ftp.pride.ebi.ac.uk/pride/data/archive/2026/09/PXD075151/ESC_Expl_2_column_2_micron_25cm_60min_no_PFF_SNCA_DM__EGFP_NLS_R1_F7.raw	v1.1.0	NT=ms-proteomics;VV=v1.1.0	manual curation	column
ESC_Expl_2_column_2_micron_25cm_60min_no_PFF_SNCA_DM__EGFP_NES_R2_F8	homo sapiens	column	not applicable	not available	1	ESC_Expl_2_column_2_micron_25cm_60min_no_PFF_SNCA_DM__EGFP_NES_R2_F8	proteomic profiling by mass spectrometry	NT=Data-dependent acquisition;AC=PRIDE:0000627	NT=label free sample;AC=MS:1002038	NT=orbitrap exploris 240;AC=MS:1003094	NT=Carbamidomethyl;AC=UNIMOD:4;TA=C;MT=Fixed	NT=Oxidation;AC=UNIMOD:35;TA=M;MT=Variable	NT=Trypsin;AC=MS:1001251	NT=collision-induced dissociation;AC=MS:1000133	5 ppm	0.02 Da	beta-mercaptoethanol (bme)	8	1	ESC_Expl_2_column_2_micron_25cm_60min_no_PFF_SNCA_DM__EGFP_NES_R2_F8.raw	ftp://ftp.pride.ebi.ac.uk/pride/data/archive/2026/09/PXD075151/ESC_Expl_2_column_2_micron_25cm_60min_no_PFF_SNCA_DM__EGFP_NES_R2_F8.raw	v1.1.0	NT=ms-proteomics;VV=v1.1.0	manual curation	column
ESC_Expl_2_column_2_micron_25cm_60min_no_PFF_EGFP_NLS_R2_F8	homo sapiens	column	not applicable	not available	1	ESC_Expl_2_column_2_micron_25cm_60min_no_PFF_EGFP_NLS_R2_F8	proteomic profiling by mass spectrometry	NT=Data-dependent acquisition;AC=PRIDE:0000627	NT=label free sample;AC=MS:1002038	NT=orbitrap exploris 240;AC=MS:1003094	NT=Carbamidomethyl;AC=UNIMOD:4;TA=C;MT=Fixed	NT=Oxidation;AC=UNIMOD:35;TA=M;MT=Variable	NT=Trypsin;AC=MS:1001251	NT=collision-induced dissociation;AC=MS:1000133	5 ppm	0.02 Da	beta-mercaptoethanol (bme)	8	1	ESC_Expl_2_column_2_micron_25cm_60min_no_PFF_EGFP_NLS_R2_F8.raw	ftp://ftp.pride.ebi.ac.uk/pride/data/archive/2026/09/PXD075151/ESC_Expl_2_column_2_micron_25cm_60min_no_PFF_EGFP_NLS_R2_F8.raw	v1.1.0	NT=ms-proteomics;VV=v1.1.0	manual curation	column
ESC_Expl_2_column_2_micron_25cm_60min_no_PFF_EGFP_NLS_R2_F1	homo sapiens	column	not applicable	not available	1	ESC_Expl_2_column_2_micron_25cm_60min_no_PFF_EGFP_NLS_R2_F1	proteomic profiling by mass spectrometry	NT=Data-dependent acquisition;AC=PRIDE:0000627	NT=label free sample;AC=MS:1002038	NT=orbitrap exploris 240;AC=MS:1003094	NT=Carbamidomethyl;AC=UNIMOD:4;TA=C;MT=Fixed	NT=Oxidation;AC=UNIMOD:35;TA=M;MT=Variable	NT=Trypsin;AC=MS:1001251	NT=collision-induced dissociation;AC=MS:1000133	5 ppm	0.02 Da	beta-mercaptoethanol (bme)	1	1	ESC_Expl_2_column_2_micron_25cm_60min_no_PFF_EGFP_NLS_R2_F1.raw	ftp://ftp.pride.ebi.ac.uk/pride/data/archive/2026/09/PXD075151/ESC_Expl_2_column_2_micron_25cm_60min_no_PFF_EGFP_NLS_R2_F1.raw	v1.1.0	NT=ms-proteomics;VV=v1.1.0	manual curation	column
ESC_Expl_2_column_2_micron_25cm_60min_no_PFF_SNCA_DM__EGFP_NLS_R2_F4	homo sapiens	column	not applicable	not available	1	ESC_Expl_2_column_2_micron_25cm_60min_no_PFF_SNCA_DM__EGFP_NLS_R2_F4	proteomic profiling by mass spectrometry	NT=Data-dependent acquisition;AC=PRIDE:0000627	NT=label free sample;AC=MS:1002038	NT=orbitrap exploris 240;AC=MS:1003094	NT=Carbamidomethyl;AC=UNIMOD:4;TA=C;MT=Fixed	NT=Oxidation;AC=UNIMOD:35;TA=M;MT=Variable	NT=Trypsin;AC=MS:1001251	NT=collision-induced dissociation;AC=MS:1000133	5 ppm	0.02 Da	beta-mercaptoethanol (bme)	4	1	ESC_Expl_2_column_2_micron_25cm_60min_no_PFF_SNCA_DM__EGFP_NLS_R2_F4.raw	ftp://ftp.pride.ebi.ac.uk/pride/data/archive/2026/09/PXD075151/ESC_Expl_2_column_2_micron_25cm_60min_no_PFF_SNCA_DM__EGFP_NLS_R2_F4.raw	v1.1.0	NT=ms-proteomics;VV=v1.1.0	manual curation	column
ESC_Expl_2_column_2_micron_25cm_60min_no_PFF_EGFP_NLS_3_F2	homo sapiens	column	not applicable	not available	1	ESC_Expl_2_column_2_micron_25cm_60min_no_PFF_EGFP_NLS_3_F2	proteomic profiling by mass spectrometry	NT=Data-dependent acquisition;AC=PRIDE:0000627	NT=label free sample;AC=MS:1002038	NT=orbitrap exploris 240;AC=MS:1003094	NT=Carbamidomethyl;AC=UNIMOD:4;TA=C;MT=Fixed	NT=Oxidation;AC=UNIMOD:35;TA=M;MT=Variable	NT=Trypsin;AC=MS:1001251	NT=collision-induced dissociation;AC=MS:1000133	5 ppm	0.02 Da	beta-mercaptoethanol (bme)	2	1	ESC_Expl_2_column_2_micron_25cm_60min_no_PFF_EGFP_NLS_3_F2.raw	ftp://ftp.pride.ebi.ac.uk/pride/data/archive/2026/09/PXD075151/ESC_Expl_2_column_2_micron_25cm_60min_no_PFF_EGFP_NLS_3_F2.raw	v1.1.0	NT=ms-proteomics;VV=v1.1.0	manual curation	column
ESC_Expl_2_column_2_micron_25cm_60min_no_PFF_EGFP_NLS_R1_F1	homo sapiens	column	not applicable	not available	1	ESC_Expl_2_column_2_micron_25cm_60min_no_PFF_EGFP_NLS_R1_F1	proteomic profiling by mass spectrometry	NT=Data-dependent acquisition;AC=PRIDE:0000627	NT=label free sample;AC=MS:1002038	NT=orbitrap exploris 240;AC=MS:1003094	NT=Carbamidomethyl;AC=UNIMOD:4;TA=C;MT=Fixed	NT=Oxidation;AC=UNIMOD:35;TA=M;MT=Variable	NT=Trypsin;AC=MS:1001251	NT=collision-induced dissociation;AC=MS:1000133	5 ppm	0.02 Da	beta-mercaptoethanol (bme)	1	1	ESC_Expl_2_column_2_micron_25cm_60min_no_PFF_EGFP_NLS_R1_F1.raw	ftp://ftp.pride.ebi.ac.uk/pride/data/archive/2026/09/PXD075151/ESC_Expl_2_column_2_micron_25cm_60min_no_PFF_EGFP_NLS_R1_F1.raw	v1.1.0	NT=ms-proteomics;VV=v1.1.0	manual curation	column
ESC_Expl_2_column_2_micron_25cm_60min_no_PFF_SNCA_DM__EGFP_R2_F5	homo sapiens	column	not applicable	not available	1	ESC_Expl_2_column_2_micron_25cm_60min_no_PFF_SNCA_DM__EGFP_R2_F5	proteomic profiling by mass spectrometry	NT=Data-dependent acquisition;AC=PRIDE:0000627	NT=label free sample;AC=MS:1002038	NT=orbitrap exploris 240;AC=MS:1003094	NT=Carbamidomethyl;AC=UNIMOD:4;TA=C;MT=Fixed	NT=Oxidation;AC=UNIMOD:35;TA=M;MT=Variable	NT=Trypsin;AC=MS:1001251	NT=collision-induced dissociation;AC=MS:1000133	5 ppm	0.02 Da	beta-mercaptoethanol (bme)	5	1	ESC_Expl_2_column_2_micron_25cm_60min_no_PFF_SNCA_DM__EGFP_R2_F5.raw	ftp://ftp.pride.ebi.ac.uk/pride/data/archive/2026/09/PXD075151/ESC_Expl_2_column_2_micron_25cm_60min_no_PFF_SNCA_DM__EGFP_R2_F5.raw	v1.1.0	NT=ms-proteomics;VV=v1.1.0	manual curation	column
ESC_Expl_2_column_2_micron_25cm_60min_no_PFF_EGFP_NES_R2_F2	homo sapiens	column	not applicable	not available	1	ESC_Expl_2_column_2_micron_25cm_60min_no_PFF_EGFP_NES_R2_F2	proteomic profiling by mass spectrometry	NT=Data-dependent acquisition;AC=PRIDE:0000627	NT=label free sample;AC=MS:1002038	NT=orbitrap exploris 240;AC=MS:1003094	NT=Carbamidomethyl;AC=UNIMOD:4;TA=C;MT=Fixed	NT=Oxidation;AC=UNIMOD:35;TA=M;MT=Variable	NT=Trypsin;AC=MS:1001251	NT=collision-induced dissociation;AC=MS:1000133	5 ppm	0.02 Da	beta-mercaptoethanol (bme)	2	1	ESC_Expl_2_column_2_micron_25cm_60min_no_PFF_EGFP_NES_R2_F2.raw	ftp://ftp.pride.ebi.ac.uk/pride/data/archive/2026/09/PXD075151/ESC_Expl_2_column_2_micron_25cm_60min_no_PFF_EGFP_NES_R2_F2.raw	v1.1.0	NT=ms-proteomics;VV=v1.1.0	manual curation	column
ESC_Expl_2_column_2_micron_25cm_60min_no_PFF_EGFP_R1_F1	homo sapiens	column	not applicable	not available	1	ESC_Expl_2_column_2_micron_25cm_60min_no_PFF_EGFP_R1_F1	proteomic profiling by mass spectrometry	NT=Data-dependent acquisition;AC=PRIDE:0000627	NT=label free sample;AC=MS:1002038	NT=orbitrap exploris 240;AC=MS:1003094	NT=Carbamidomethyl;AC=UNIMOD:4;TA=C;MT=Fixed	NT=Oxidation;AC=UNIMOD:35;TA=M;MT=Variable	NT=Trypsin;AC=MS:1001251	NT=collision-induced dissociation;AC=MS:1000133	5 ppm	0.02 Da	beta-mercaptoethanol (bme)	1	1	ESC_Expl_2_column_2_micron_25cm_60min_no_PFF_EGFP_R1_F1.raw	ftp://ftp.pride.ebi.ac.uk/pride/data/archive/2026/09/PXD075151/ESC_Expl_2_column_2_micron_25cm_60min_no_PFF_EGFP_R1_F1.raw	v1.1.0	NT=ms-proteomics;VV=v1.1.0	manual curation	column
ESC_Expl_2_column_2_micron_25cm_60min_no_PFF_EGFP_NLS_R1_F5	homo sapiens	column	not applicable	not available	1	ESC_Expl_2_column_2_micron_25cm_60min_no_PFF_EGFP_NLS_R1_F5	proteomic profiling by mass spectrometry	NT=Data-dependent acquisition;AC=PRIDE:0000627	NT=label free sample;AC=MS:1002038	NT=orbitrap exploris 240;AC=MS:1003094	NT=Carbamidomethyl;AC=UNIMOD:4;TA=C;MT=Fixed	NT=Oxidation;AC=UNIMOD:35;TA=M;MT=Variable	NT=Trypsin;AC=MS:1001251	NT=collision-induced dissociation;AC=MS:1000133	5 ppm	0.02 Da	beta-mercaptoethanol (bme)	5	1	ESC_Expl_2_column_2_micron_25cm_60min_no_PFF_EGFP_NLS_R1_F5.raw	ftp://ftp.pride.ebi.ac.uk/pride/data/archive/2026/09/PXD075151/ESC_Expl_2_column_2_micron_25cm_60min_no_PFF_EGFP_NLS_R1_F5.raw	v1.1.0	NT=ms-proteomics;VV=v1.1.0	manual curation	column
ESC_Expl_2_column_2_micron_25cm_60min_no_PFF_EGFP_NLS_3_F7	homo sapiens	column	not applicable	not available	1	ESC_Expl_2_column_2_micron_25cm_60min_no_PFF_EGFP_NLS_3_F7	proteomic profiling by mass spectrometry	NT=Data-dependent acquisition;AC=PRIDE:0000627	NT=label free sample;AC=MS:1002038	NT=orbitrap exploris 240;AC=MS:1003094	NT=Carbamidomethyl;AC=UNIMOD:4;TA=C;MT=Fixed	NT=Oxidation;AC=UNIMOD:35;TA=M;MT=Variable	NT=Trypsin;AC=MS:1001251	NT=collision-induced dissociation;AC=MS:1000133	5 ppm	0.02 Da	beta-mercaptoethanol (bme)	7	1	ESC_Expl_2_column_2_micron_25cm_60min_no_PFF_EGFP_NLS_3_F7.raw	ftp://ftp.pride.ebi.ac.uk/pride/data/archive/2026/09/PXD075151/ESC_Expl_2_column_2_micron_25cm_60min_no_PFF_EGFP_NLS_3_F7.raw	v1.1.0	NT=ms-proteomics;VV=v1.1.0	manual curation	column
ESC_Expl_2_column_2_micron_25cm_60min_no_PFF_SNCA_DM__EGFP_NES_3_F5	homo sapiens	column	not applicable	not available	1	ESC_Expl_2_column_2_micron_25cm_60min_no_PFF_SNCA_DM__EGFP_NES_3_F5	proteomic profiling by mass spectrometry	NT=Data-dependent acquisition;AC=PRIDE:0000627	NT=label free sample;AC=MS:1002038	NT=orbitrap exploris 240;AC=MS:1003094	NT=Carbamidomethyl;AC=UNIMOD:4;TA=C;MT=Fixed	NT=Oxidation;AC=UNIMOD:35;TA=M;MT=Variable	NT=Trypsin;AC=MS:1001251	NT=collision-induced dissociation;AC=MS:1000133	5 ppm	0.02 Da	beta-mercaptoethanol (bme)	5	1	ESC_Expl_2_column_2_micron_25cm_60min_no_PFF_SNCA_DM__EGFP_NES_3_F5.raw	ftp://ftp.pride.ebi.ac.uk/pride/data/archive/2026/09/PXD075151/ESC_Expl_2_column_2_micron_25cm_60min_no_PFF_SNCA_DM__EGFP_NES_3_F5.raw	v1.1.0	NT=ms-proteomics;VV=v1.1.0	manual curation	column
ESC_Expl_2_column_2_micron_25cm_60min_no_PFF_EGFP_NES_R2_F8	homo sapiens	column	not applicable	not available	1	ESC_Expl_2_column_2_micron_25cm_60min_no_PFF_EGFP_NES_R2_F8	proteomic profiling by mass spectrometry	NT=Data-dependent acquisition;AC=PRIDE:0000627	NT=label free sample;AC=MS:1002038	NT=orbitrap exploris 240;AC=MS:1003094	NT=Carbamidomethyl;AC=UNIMOD:4;TA=C;MT=Fixed	NT=Oxidation;AC=UNIMOD:35;TA=M;MT=Variable	NT=Trypsin;AC=MS:1001251	NT=collision-induced dissociation;AC=MS:1000133	5 ppm	0.02 Da	beta-mercaptoethanol (bme)	8	1	ESC_Expl_2_column_2_micron_25cm_60min_no_PFF_EGFP_NES_R2_F8.raw	ftp://ftp.pride.ebi.ac.uk/pride/data/archive/2026/09/PXD075151/ESC_Expl_2_column_2_micron_25cm_60min_no_PFF_EGFP_NES_R2_F8.raw	v1.1.0	NT=ms-proteomics;VV=v1.1.0	manual curation	column
ESC_Expl_2_column_2_micron_25cm_60min_no_PFF_SNCA_DM__EGFP_NLS_3_F2	homo sapiens	column	not applicable	not available	1	ESC_Expl_2_column_2_micron_25cm_60min_no_PFF_SNCA_DM__EGFP_NLS_3_F2	proteomic profiling by mass spectrometry	NT=Data-dependent acquisition;AC=PRIDE:0000627	NT=label free sample;AC=MS:1002038	NT=orbitrap exploris 240;AC=MS:1003094	NT=Carbamidomethyl;AC=UNIMOD:4;TA=C;MT=Fixed	NT=Oxidation;AC=UNIMOD:35;TA=M;MT=Variable	NT=Trypsin;AC=MS:1001251	NT=collision-induced dissociation;AC=MS:1000133	5 ppm	0.02 Da	beta-mercaptoethanol (bme)	2	1	ESC_Expl_2_column_2_micron_25cm_60min_no_PFF_SNCA_DM__EGFP_NLS_3_F2.raw	ftp://ftp.pride.ebi.ac.uk/pride/data/archive/2026/09/PXD075151/ESC_Expl_2_column_2_micron_25cm_60min_no_PFF_SNCA_DM__EGFP_NLS_3_F2.raw	v1.1.0	NT=ms-proteomics;VV=v1.1.0	manual curation	column
ESC_Expl_2_column_2_micron_25cm_60min_no_PFF_EGFP_NES_3_F7	homo sapiens	column	not applicable	not available	1	ESC_Expl_2_column_2_micron_25cm_60min_no_PFF_EGFP_NES_3_F7	proteomic profiling by mass spectrometry	NT=Data-dependent acquisition;AC=PRIDE:0000627	NT=label free sample;AC=MS:1002038	NT=orbitrap exploris 240;AC=MS:1003094	NT=Carbamidomethyl;AC=UNIMOD:4;TA=C;MT=Fixed	NT=Oxidation;AC=UNIMOD:35;TA=M;MT=Variable	NT=Trypsin;AC=MS:1001251	NT=collision-induced dissociation;AC=MS:1000133	5 ppm	0.02 Da	beta-mercaptoethanol (bme)	7	1	ESC_Expl_2_column_2_micron_25cm_60min_no_PFF_EGFP_NES_3_F7.raw	ftp://ftp.pride.ebi.ac.uk/pride/data/archive/2026/09/PXD075151/ESC_Expl_2_column_2_micron_25cm_60min_no_PFF_EGFP_NES_3_F7.raw	v1.1.0	NT=ms-proteomics;VV=v1.1.0	manual curation	column
ESC_Expl_2_column_2_micron_25cm_60min_no_PFF_EGFP_NES_3_F4	homo sapiens	column	not applicable	not available	1	ESC_Expl_2_column_2_micron_25cm_60min_no_PFF_EGFP_NES_3_F4	proteomic profiling by mass spectrometry	NT=Data-dependent acquisition;AC=PRIDE:0000627	NT=label free sample;AC=MS:1002038	NT=orbitrap exploris 240;AC=MS:1003094	NT=Carbamidomethyl;AC=UNIMOD:4;TA=C;MT=Fixed	NT=Oxidation;AC=UNIMOD:35;TA=M;MT=Variable	NT=Trypsin;AC=MS:1001251	NT=collision-induced dissociation;AC=MS:1000133	5 ppm	0.02 Da	beta-mercaptoethanol (bme)	4	1	ESC_Expl_2_column_2_micron_25cm_60min_no_PFF_EGFP_NES_3_F4.raw	ftp://ftp.pride.ebi.ac.uk/pride/data/archive/2026/09/PXD075151/ESC_Expl_2_column_2_micron_25cm_60min_no_PFF_EGFP_NES_3_F4.raw	v1.1.0	NT=ms-proteomics;VV=v1.1.0	manual curation	column
ESC_Expl_2_column_2_micron_25cm_60min_no_PFF_SNCA_DM__EGFP_3_F2	homo sapiens	column	not applicable	not available	1	ESC_Expl_2_column_2_micron_25cm_60min_no_PFF_SNCA_DM__EGFP_3_F2	proteomic profiling by mass spectrometry	NT=Data-dependent acquisition;AC=PRIDE:0000627	NT=label free sample;AC=MS:1002038	NT=orbitrap exploris 240;AC=MS:1003094	NT=Carbamidomethyl;AC=UNIMOD:4;TA=C;MT=Fixed	NT=Oxidation;AC=UNIMOD:35;TA=M;MT=Variable	NT=Trypsin;AC=MS:1001251	NT=collision-induced dissociation;AC=MS:1000133	5 ppm	0.02 Da	beta-mercaptoethanol (bme)	2	1	ESC_Expl_2_column_2_micron_25cm_60min_no_PFF_SNCA_DM__EGFP_3_F2.raw	ftp://ftp.pride.ebi.ac.uk/pride/data/archive/2026/09/PXD075151/ESC_Expl_2_column_2_micron_25cm_60min_no_PFF_SNCA_DM__EGFP_3_F2.raw	v1.1.0	NT=ms-proteomics;VV=v1.1.0	manual curation	column
ESC_Expl_2_column_2_micron_25cm_60min_no_PFF_SNCA_DM__EGFP_NLS_3_F8	homo sapiens	column	not applicable	not available	1	ESC_Expl_2_column_2_micron_25cm_60min_no_PFF_SNCA_DM__EGFP_NLS_3_F8	proteomic profiling by mass spectrometry	NT=Data-dependent acquisition;AC=PRIDE:0000627	NT=label free sample;AC=MS:1002038	NT=orbitrap exploris 240;AC=MS:1003094	NT=Carbamidomethyl;AC=UNIMOD:4;TA=C;MT=Fixed	NT=Oxidation;AC=UNIMOD:35;TA=M;MT=Variable	NT=Trypsin;AC=MS:1001251	NT=collision-induced dissociation;AC=MS:1000133	5 ppm	0.02 Da	beta-mercaptoethanol (bme)	8	1	ESC_Expl_2_column_2_micron_25cm_60min_no_PFF_SNCA_DM__EGFP_NLS_3_F8.raw	ftp://ftp.pride.ebi.ac.uk/pride/data/archive/2026/09/PXD075151/ESC_Expl_2_column_2_micron_25cm_60min_no_PFF_SNCA_DM__EGFP_NLS_3_F8.raw	v1.1.0	NT=ms-proteomics;VV=v1.1.0	manual curation	column
ESC_Expl_2_column_2_micron_25cm_60min_no_PFF_SNCA_DM__EGFP_NES_R2_F5	homo sapiens	column	not applicable	not available	1	ESC_Expl_2_column_2_micron_25cm_60min_no_PFF_SNCA_DM__EGFP_NES_R2_F5	proteomic profiling by mass spectrometry	NT=Data-dependent acquisition;AC=PRIDE:0000627	NT=label free sample;AC=MS:1002038	NT=orbitrap exploris 240;AC=MS:1003094	NT=Carbamidomethyl;AC=UNIMOD:4;TA=C;MT=Fixed	NT=Oxidation;AC=UNIMOD:35;TA=M;MT=Variable	NT=Trypsin;AC=MS:1001251	NT=collision-induced dissociation;AC=MS:1000133	5 ppm	0.02 Da	beta-mercaptoethanol (bme)	5	1	ESC_Expl_2_column_2_micron_25cm_60min_no_PFF_SNCA_DM__EGFP_NES_R2_F5.raw	ftp://ftp.pride.ebi.ac.uk/pride/data/archive/2026/09/PXD075151/ESC_Expl_2_column_2_micron_25cm_60min_no_PFF_SNCA_DM__EGFP_NES_R2_F5.raw	v1.1.0	NT=ms-proteomics;VV=v1.1.0	manual curation	column
ESC_Expl_2_column_2_micron_25cm_60min_no_PFF_SNCA_DM__EGFP_NLS_R1_F8	homo sapiens	column	not applicable	not available	1	ESC_Expl_2_column_2_micron_25cm_60min_no_PFF_SNCA_DM__EGFP_NLS_R1_F8	proteomic profiling by mass spectrometry	NT=Data-dependent acquisition;AC=PRIDE:0000627	NT=label free sample;AC=MS:1002038	NT=orbitrap exploris 240;AC=MS:1003094	NT=Carbamidomethyl;AC=UNIMOD:4;TA=C;MT=Fixed	NT=Oxidation;AC=UNIMOD:35;TA=M;MT=Variable	NT=Trypsin;AC=MS:1001251	NT=collision-induced dissociation;AC=MS:1000133	5 ppm	0.02 Da	beta-mercaptoethanol (bme)	8	1	ESC_Expl_2_column_2_micron_25cm_60min_no_PFF_SNCA_DM__EGFP_NLS_R1_F8.raw	ftp://ftp.pride.ebi.ac.uk/pride/data/archive/2026/09/PXD075151/ESC_Expl_2_column_2_micron_25cm_60min_no_PFF_SNCA_DM__EGFP_NLS_R1_F8.raw	v1.1.0	NT=ms-proteomics;VV=v1.1.0	manual curation	column
ESC_Expl_2_column_2_micron_25cm_60min_no_PFF_EGFP_3_F7	homo sapiens	column	not applicable	not available	1	ESC_Expl_2_column_2_micron_25cm_60min_no_PFF_EGFP_3_F7	proteomic profiling by mass spectrometry	NT=Data-dependent acquisition;AC=PRIDE:0000627	NT=label free sample;AC=MS:1002038	NT=orbitrap exploris 240;AC=MS:1003094	NT=Carbamidomethyl;AC=UNIMOD:4;TA=C;MT=Fixed	NT=Oxidation;AC=UNIMOD:35;TA=M;MT=Variable	NT=Trypsin;AC=MS:1001251	NT=collision-induced dissociation;AC=MS:1000133	5 ppm	0.02 Da	beta-mercaptoethanol (bme)	7	1	ESC_Expl_2_column_2_micron_25cm_60min_no_PFF_EGFP_3_F7.raw	ftp://ftp.pride.ebi.ac.uk/pride/data/archive/2026/09/PXD075151/ESC_Expl_2_column_2_micron_25cm_60min_no_PFF_EGFP_3_F7.raw	v1.1.0	NT=ms-proteomics;VV=v1.1.0	manual curation	column
ESC_Expl_2_column_2_micron_25cm_60min_no_PFF_EGFP_NLS_R2_F5	homo sapiens	column	not applicable	not available	1	ESC_Expl_2_column_2_micron_25cm_60min_no_PFF_EGFP_NLS_R2_F5	proteomic profiling by mass spectrometry	NT=Data-dependent acquisition;AC=PRIDE:0000627	NT=label free sample;AC=MS:1002038	NT=orbitrap exploris 240;AC=MS:1003094	NT=Carbamidomethyl;AC=UNIMOD:4;TA=C;MT=Fixed	NT=Oxidation;AC=UNIMOD:35;TA=M;MT=Variable	NT=Trypsin;AC=MS:1001251	NT=collision-induced dissociation;AC=MS:1000133	5 ppm	0.02 Da	beta-mercaptoethanol (bme)	5	1	ESC_Expl_2_column_2_micron_25cm_60min_no_PFF_EGFP_NLS_R2_F5.raw	ftp://ftp.pride.ebi.ac.uk/pride/data/archive/2026/09/PXD075151/ESC_Expl_2_column_2_micron_25cm_60min_no_PFF_EGFP_NLS_R2_F5.raw	v1.1.0	NT=ms-proteomics;VV=v1.1.0	manual curation	column
ESC_Expl_2_column_2_micron_25cm_60min_no_PFF_EGFP_NES_3_F8	homo sapiens	column	not applicable	not available	1	ESC_Expl_2_column_2_micron_25cm_60min_no_PFF_EGFP_NES_3_F8	proteomic profiling by mass spectrometry	NT=Data-dependent acquisition;AC=PRIDE:0000627	NT=label free sample;AC=MS:1002038	NT=orbitrap exploris 240;AC=MS:1003094	NT=Carbamidomethyl;AC=UNIMOD:4;TA=C;MT=Fixed	NT=Oxidation;AC=UNIMOD:35;TA=M;MT=Variable	NT=Trypsin;AC=MS:1001251	NT=collision-induced dissociation;AC=MS:1000133	5 ppm	0.02 Da	beta-mercaptoethanol (bme)	8	1	ESC_Expl_2_column_2_micron_25cm_60min_no_PFF_EGFP_NES_3_F8.raw	ftp://ftp.pride.ebi.ac.uk/pride/data/archive/2026/09/PXD075151/ESC_Expl_2_column_2_micron_25cm_60min_no_PFF_EGFP_NES_3_F8.raw	v1.1.0	NT=ms-proteomics;VV=v1.1.0	manual curation	column
ESC_Expl_2_column_2_micron_25cm_60min_no_PFF_SNCA_DM__EGFP_NES_3_F4	homo sapiens	column	not applicable	not available	1	ESC_Expl_2_column_2_micron_25cm_60min_no_PFF_SNCA_DM__EGFP_NES_3_F4	proteomic profiling by mass spectrometry	NT=Data-dependent acquisition;AC=PRIDE:0000627	NT=label free sample;AC=MS:1002038	NT=orbitrap exploris 240;AC=MS:1003094	NT=Carbamidomethyl;AC=UNIMOD:4;TA=C;MT=Fixed	NT=Oxidation;AC=UNIMOD:35;TA=M;MT=Variable	NT=Trypsin;AC=MS:1001251	NT=collision-induced dissociation;AC=MS:1000133	5 ppm	0.02 Da	beta-mercaptoethanol (bme)	4	1	ESC_Expl_2_column_2_micron_25cm_60min_no_PFF_SNCA_DM__EGFP_NES_3_F4.raw	ftp://ftp.pride.ebi.ac.uk/pride/data/archive/2026/09/PXD075151/ESC_Expl_2_column_2_micron_25cm_60min_no_PFF_SNCA_DM__EGFP_NES_3_F4.raw	v1.1.0	NT=ms-proteomics;VV=v1.1.0	manual curation	column
ESC_Expl_2_column_2_micron_25cm_60min_no_PFF_EGFP_3_F5	homo sapiens	column	not applicable	not available	1	ESC_Expl_2_column_2_micron_25cm_60min_no_PFF_EGFP_3_F5	proteomic profiling by mass spectrometry	NT=Data-dependent acquisition;AC=PRIDE:0000627	NT=label free sample;AC=MS:1002038	NT=orbitrap exploris 240;AC=MS:1003094	NT=Carbamidomethyl;AC=UNIMOD:4;TA=C;MT=Fixed	NT=Oxidation;AC=UNIMOD:35;TA=M;MT=Variable	NT=Trypsin;AC=MS:1001251	NT=collision-induced dissociation;AC=MS:1000133	5 ppm	0.02 Da	beta-mercaptoethanol (bme)	5	1	ESC_Expl_2_column_2_micron_25cm_60min_no_PFF_EGFP_3_F5.raw	ftp://ftp.pride.ebi.ac.uk/pride/data/archive/2026/09/PXD075151/ESC_Expl_2_column_2_micron_25cm_60min_no_PFF_EGFP_3_F5.raw	v1.1.0	NT=ms-proteomics;VV=v1.1.0	manual curation	column
ESC_Expl_2_column_2_micron_25cm_60min_no_PFF_SNCA_DM__EGFP_R1_F2	homo sapiens	column	not applicable	not available	1	ESC_Expl_2_column_2_micron_25cm_60min_no_PFF_SNCA_DM__EGFP_R1_F2	proteomic profiling by mass spectrometry	NT=Data-dependent acquisition;AC=PRIDE:0000627	NT=label free sample;AC=MS:1002038	NT=orbitrap exploris 240;AC=MS:1003094	NT=Carbamidomethyl;AC=UNIMOD:4;TA=C;MT=Fixed	NT=Oxidation;AC=UNIMOD:35;TA=M;MT=Variable	NT=Trypsin;AC=MS:1001251	NT=collision-induced dissociation;AC=MS:1000133	5 ppm	0.02 Da	beta-mercaptoethanol (bme)	2	1	ESC_Expl_2_column_2_micron_25cm_60min_no_PFF_SNCA_DM__EGFP_R1_F2.raw	ftp://ftp.pride.ebi.ac.uk/pride/data/archive/2026/09/PXD075151/ESC_Expl_2_column_2_micron_25cm_60min_no_PFF_SNCA_DM__EGFP_R1_F2.raw	v1.1.0	NT=ms-proteomics;VV=v1.1.0	manual curation	column
ESC_Expl_2_column_2_micron_25cm_60min_no_PFF_SNCA_DM__EGFP_3_F8	homo sapiens	column	not applicable	not available	1	ESC_Expl_2_column_2_micron_25cm_60min_no_PFF_SNCA_DM__EGFP_3_F8	proteomic profiling by mass spectrometry	NT=Data-dependent acquisition;AC=PRIDE:0000627	NT=label free sample;AC=MS:1002038	NT=orbitrap exploris 240;AC=MS:1003094	NT=Carbamidomethyl;AC=UNIMOD:4;TA=C;MT=Fixed	NT=Oxidation;AC=UNIMOD:35;TA=M;MT=Variable	NT=Trypsin;AC=MS:1001251	NT=collision-induced dissociation;AC=MS:1000133	5 ppm	0.02 Da	beta-mercaptoethanol (bme)	8	1	ESC_Expl_2_column_2_micron_25cm_60min_no_PFF_SNCA_DM__EGFP_3_F8.raw	ftp://ftp.pride.ebi.ac.uk/pride/data/archive/2026/09/PXD075151/ESC_Expl_2_column_2_micron_25cm_60min_no_PFF_SNCA_DM__EGFP_3_F8.raw	v1.1.0	NT=ms-proteomics;VV=v1.1.0	manual curation	column
ESC_Expl_2_column_2_micron_25cm_60min_no_PFF_SNCA_DM__EGFP_NES_R1_F6	homo sapiens	column	not applicable	not available	1	ESC_Expl_2_column_2_micron_25cm_60min_no_PFF_SNCA_DM__EGFP_NES_R1_F6	proteomic profiling by mass spectrometry	NT=Data-dependent acquisition;AC=PRIDE:0000627	NT=label free sample;AC=MS:1002038	NT=orbitrap exploris 240;AC=MS:1003094	NT=Carbamidomethyl;AC=UNIMOD:4;TA=C;MT=Fixed	NT=Oxidation;AC=UNIMOD:35;TA=M;MT=Variable	NT=Trypsin;AC=MS:1001251	NT=collision-induced dissociation;AC=MS:1000133	5 ppm	0.02 Da	beta-mercaptoethanol (bme)	6	1	ESC_Expl_2_column_2_micron_25cm_60min_no_PFF_SNCA_DM__EGFP_NES_R1_F6.raw	ftp://ftp.pride.ebi.ac.uk/pride/data/archive/2026/09/PXD075151/ESC_Expl_2_column_2_micron_25cm_60min_no_PFF_SNCA_DM__EGFP_NES_R1_F6.raw	v1.1.0	NT=ms-proteomics;VV=v1.1.0	manual curation	column
ESC_Expl_2_column_2_micron_25cm_60min_no_PFF_EGFP_NES_R2_F1	homo sapiens	column	not applicable	not available	1	ESC_Expl_2_column_2_micron_25cm_60min_no_PFF_EGFP_NES_R2_F1	proteomic profiling by mass spectrometry	NT=Data-dependent acquisition;AC=PRIDE:0000627	NT=label free sample;AC=MS:1002038	NT=orbitrap exploris 240;AC=MS:1003094	NT=Carbamidomethyl;AC=UNIMOD:4;TA=C;MT=Fixed	NT=Oxidation;AC=UNIMOD:35;TA=M;MT=Variable	NT=Trypsin;AC=MS:1001251	NT=collision-induced dissociation;AC=MS:1000133	5 ppm	0.02 Da	beta-mercaptoethanol (bme)	1	1	ESC_Expl_2_column_2_micron_25cm_60min_no_PFF_EGFP_NES_R2_F1.raw	ftp://ftp.pride.ebi.ac.uk/pride/data/archive/2026/09/PXD075151/ESC_Expl_2_column_2_micron_25cm_60min_no_PFF_EGFP_NES_R2_F1.raw	v1.1.0	NT=ms-proteomics;VV=v1.1.0	manual curation	column
ESC_Expl_2_column_2_micron_25cm_60min_no_PFF_EGFP_R2_F3	homo sapiens	column	not applicable	not available	1	ESC_Expl_2_column_2_micron_25cm_60min_no_PFF_EGFP_R2_F3	proteomic profiling by mass spectrometry	NT=Data-dependent acquisition;AC=PRIDE:0000627	NT=label free sample;AC=MS:1002038	NT=orbitrap exploris 240;AC=MS:1003094	NT=Carbamidomethyl;AC=UNIMOD:4;TA=C;MT=Fixed	NT=Oxidation;AC=UNIMOD:35;TA=M;MT=Variable	NT=Trypsin;AC=MS:1001251	NT=collision-induced dissociation;AC=MS:1000133	5 ppm	0.02 Da	beta-mercaptoethanol (bme)	3	1	ESC_Expl_2_column_2_micron_25cm_60min_no_PFF_EGFP_R2_F3.raw	ftp://ftp.pride.ebi.ac.uk/pride/data/archive/2026/09/PXD075151/ESC_Expl_2_column_2_micron_25cm_60min_no_PFF_EGFP_R2_F3.raw	v1.1.0	NT=ms-proteomics;VV=v1.1.0	manual curation	column
ESC_Expl_2_column_2_micron_25cm_60min_no_PFF_EGFP_NES_R1_F4	homo sapiens	column	not applicable	not available	1	ESC_Expl_2_column_2_micron_25cm_60min_no_PFF_EGFP_NES_R1_F4	proteomic profiling by mass spectrometry	NT=Data-dependent acquisition;AC=PRIDE:0000627	NT=label free sample;AC=MS:1002038	NT=orbitrap exploris 240;AC=MS:1003094	NT=Carbamidomethyl;AC=UNIMOD:4;TA=C;MT=Fixed	NT=Oxidation;AC=UNIMOD:35;TA=M;MT=Variable	NT=Trypsin;AC=MS:1001251	NT=collision-induced dissociation;AC=MS:1000133	5 ppm	0.02 Da	beta-mercaptoethanol (bme)	4	1	ESC_Expl_2_column_2_micron_25cm_60min_no_PFF_EGFP_NES_R1_F4.raw	ftp://ftp.pride.ebi.ac.uk/pride/data/archive/2026/09/PXD075151/ESC_Expl_2_column_2_micron_25cm_60min_no_PFF_EGFP_NES_R1_F4.raw	v1.1.0	NT=ms-proteomics;VV=v1.1.0	manual curation	column
ESC_Expl_2_column_2_micron_25cm_60min_no_PFF_EGFP_R1_F6	homo sapiens	column	not applicable	not available	1	ESC_Expl_2_column_2_micron_25cm_60min_no_PFF_EGFP_R1_F6	proteomic profiling by mass spectrometry	NT=Data-dependent acquisition;AC=PRIDE:0000627	NT=label free sample;AC=MS:1002038	NT=orbitrap exploris 240;AC=MS:1003094	NT=Carbamidomethyl;AC=UNIMOD:4;TA=C;MT=Fixed	NT=Oxidation;AC=UNIMOD:35;TA=M;MT=Variable	NT=Trypsin;AC=MS:1001251	NT=collision-induced dissociation;AC=MS:1000133	5 ppm	0.02 Da	beta-mercaptoethanol (bme)	6	1	ESC_Expl_2_column_2_micron_25cm_60min_no_PFF_EGFP_R1_F6.raw	ftp://ftp.pride.ebi.ac.uk/pride/data/archive/2026/09/PXD075151/ESC_Expl_2_column_2_micron_25cm_60min_no_PFF_EGFP_R1_F6.raw	v1.1.0	NT=ms-proteomics;VV=v1.1.0	manual curation	column
ESC_Expl_2_column_2_micron_25cm_60min_no_PFF_EGFP_NLS_R2_F7	homo sapiens	column	not applicable	not available	1	ESC_Expl_2_column_2_micron_25cm_60min_no_PFF_EGFP_NLS_R2_F7	proteomic profiling by mass spectrometry	NT=Data-dependent acquisition;AC=PRIDE:0000627	NT=label free sample;AC=MS:1002038	NT=orbitrap exploris 240;AC=MS:1003094	NT=Carbamidomethyl;AC=UNIMOD:4;TA=C;MT=Fixed	NT=Oxidation;AC=UNIMOD:35;TA=M;MT=Variable	NT=Trypsin;AC=MS:1001251	NT=collision-induced dissociation;AC=MS:1000133	5 ppm	0.02 Da	beta-mercaptoethanol (bme)	7	1	ESC_Expl_2_column_2_micron_25cm_60min_no_PFF_EGFP_NLS_R2_F7.raw	ftp://ftp.pride.ebi.ac.uk/pride/data/archive/2026/09/PXD075151/ESC_Expl_2_column_2_micron_25cm_60min_no_PFF_EGFP_NLS_R2_F7.raw	v1.1.0	NT=ms-proteomics;VV=v1.1.0	manual curation	column
ESC_Expl_2_column_2_micron_25cm_60min_no_PFF_SNCA_DM__EGFP_3_F1	homo sapiens	column	not applicable	not available	1	ESC_Expl_2_column_2_micron_25cm_60min_no_PFF_SNCA_DM__EGFP_3_F1	proteomic profiling by mass spectrometry	NT=Data-dependent acquisition;AC=PRIDE:0000627	NT=label free sample;AC=MS:1002038	NT=orbitrap exploris 240;AC=MS:1003094	NT=Carbamidomethyl;AC=UNIMOD:4;TA=C;MT=Fixed	NT=Oxidation;AC=UNIMOD:35;TA=M;MT=Variable	NT=Trypsin;AC=MS:1001251	NT=collision-induced dissociation;AC=MS:1000133	5 ppm	0.02 Da	beta-mercaptoethanol (bme)	1	1	ESC_Expl_2_column_2_micron_25cm_60min_no_PFF_SNCA_DM__EGFP_3_F1.raw	ftp://ftp.pride.ebi.ac.uk/pride/data/archive/2026/09/PXD075151/ESC_Expl_2_column_2_micron_25cm_60min_no_PFF_SNCA_DM__EGFP_3_F1.raw	v1.1.0	NT=ms-proteomics;VV=v1.1.0	manual curation	column
ESC_Expl_2_column_2_micron_25cm_60min_no_PFF_EGFP_NES_R1_F1	homo sapiens	column	not applicable	not available	1	ESC_Expl_2_column_2_micron_25cm_60min_no_PFF_EGFP_NES_R1_F1	proteomic profiling by mass spectrometry	NT=Data-dependent acquisition;AC=PRIDE:0000627	NT=label free sample;AC=MS:1002038	NT=orbitrap exploris 240;AC=MS:1003094	NT=Carbamidomethyl;AC=UNIMOD:4;TA=C;MT=Fixed	NT=Oxidation;AC=UNIMOD:35;TA=M;MT=Variable	NT=Trypsin;AC=MS:1001251	NT=collision-induced dissociation;AC=MS:1000133	5 ppm	0.02 Da	beta-mercaptoethanol (bme)	1	1	ESC_Expl_2_column_2_micron_25cm_60min_no_PFF_EGFP_NES_R1_F1.raw	ftp://ftp.pride.ebi.ac.uk/pride/data/archive/2026/09/PXD075151/ESC_Expl_2_column_2_micron_25cm_60min_no_PFF_EGFP_NES_R1_F1.raw	v1.1.0	NT=ms-proteomics;VV=v1.1.0	manual curation	column
ESC_Expl_2_column_2_micron_25cm_60min_no_PFF_SNCA_DM__EGFP_R2_F8	homo sapiens	column	not applicable	not available	1	ESC_Expl_2_column_2_micron_25cm_60min_no_PFF_SNCA_DM__EGFP_R2_F8	proteomic profiling by mass spectrometry	NT=Data-dependent acquisition;AC=PRIDE:0000627	NT=label free sample;AC=MS:1002038	NT=orbitrap exploris 240;AC=MS:1003094	NT=Carbamidomethyl;AC=UNIMOD:4;TA=C;MT=Fixed	NT=Oxidation;AC=UNIMOD:35;TA=M;MT=Variable	NT=Trypsin;AC=MS:1001251	NT=collision-induced dissociation;AC=MS:1000133	5 ppm	0.02 Da	beta-mercaptoethanol (bme)	8	1	ESC_Expl_2_column_2_micron_25cm_60min_no_PFF_SNCA_DM__EGFP_R2_F8.raw	ftp://ftp.pride.ebi.ac.uk/pride/data/archive/2026/09/PXD075151/ESC_Expl_2_column_2_micron_25cm_60min_no_PFF_SNCA_DM__EGFP_R2_F8.raw	v1.1.0	NT=ms-proteomics;VV=v1.1.0	manual curation	column
ESC_Expl_2_column_2_micron_25cm_60min_no_PFF_EGFP_NLS_R1_F2	homo sapiens	column	not applicable	not available	1	ESC_Expl_2_column_2_micron_25cm_60min_no_PFF_EGFP_NLS_R1_F2	proteomic profiling by mass spectrometry	NT=Data-dependent acquisition;AC=PRIDE:0000627	NT=label free sample;AC=MS:1002038	NT=orbitrap exploris 240;AC=MS:1003094	NT=Carbamidomethyl;AC=UNIMOD:4;TA=C;MT=Fixed	NT=Oxidation;AC=UNIMOD:35;TA=M;MT=Variable	NT=Trypsin;AC=MS:1001251	NT=collision-induced dissociation;AC=MS:1000133	5 ppm	0.02 Da	beta-mercaptoethanol (bme)	2	1	ESC_Expl_2_column_2_micron_25cm_60min_no_PFF_EGFP_NLS_R1_F2.raw	ftp://ftp.pride.ebi.ac.uk/pride/data/archive/2026/09/PXD075151/ESC_Expl_2_column_2_micron_25cm_60min_no_PFF_EGFP_NLS_R1_F2.raw	v1.1.0	NT=ms-proteomics;VV=v1.1.0	manual curation	column
ESC_Expl_2_column_2_micron_25cm_60min_no_PFF_SNCA_DM__EGFP_R2_F3	homo sapiens	column	not applicable	not available	1	ESC_Expl_2_column_2_micron_25cm_60min_no_PFF_SNCA_DM__EGFP_R2_F3	proteomic profiling by mass spectrometry	NT=Data-dependent acquisition;AC=PRIDE:0000627	NT=label free sample;AC=MS:1002038	NT=orbitrap exploris 240;AC=MS:1003094	NT=Carbamidomethyl;AC=UNIMOD:4;TA=C;MT=Fixed	NT=Oxidation;AC=UNIMOD:35;TA=M;MT=Variable	NT=Trypsin;AC=MS:1001251	NT=collision-induced dissociation;AC=MS:1000133	5 ppm	0.02 Da	beta-mercaptoethanol (bme)	3	1	ESC_Expl_2_column_2_micron_25cm_60min_no_PFF_SNCA_DM__EGFP_R2_F3.raw	ftp://ftp.pride.ebi.ac.uk/pride/data/archive/2026/09/PXD075151/ESC_Expl_2_column_2_micron_25cm_60min_no_PFF_SNCA_DM__EGFP_R2_F3.raw	v1.1.0	NT=ms-proteomics;VV=v1.1.0	manual curation	column
ESC_Expl_2_column_2_micron_25cm_60min_no_PFF_SNCA_DM__EGFP_NES_R2_F6	homo sapiens	column	not applicable	not available	1	ESC_Expl_2_column_2_micron_25cm_60min_no_PFF_SNCA_DM__EGFP_NES_R2_F6	proteomic profiling by mass spectrometry	NT=Data-dependent acquisition;AC=PRIDE:0000627	NT=label free sample;AC=MS:1002038	NT=orbitrap exploris 240;AC=MS:1003094	NT=Carbamidomethyl;AC=UNIMOD:4;TA=C;MT=Fixed	NT=Oxidation;AC=UNIMOD:35;TA=M;MT=Variable	NT=Trypsin;AC=MS:1001251	NT=collision-induced dissociation;AC=MS:1000133	5 ppm	0.02 Da	beta-mercaptoethanol (bme)	6	1	ESC_Expl_2_column_2_micron_25cm_60min_no_PFF_SNCA_DM__EGFP_NES_R2_F6.raw	ftp://ftp.pride.ebi.ac.uk/pride/data/archive/2026/09/PXD075151/ESC_Expl_2_column_2_micron_25cm_60min_no_PFF_SNCA_DM__EGFP_NES_R2_F6.raw	v1.1.0	NT=ms-proteomics;VV=v1.1.0	manual curation	column
ESC_Expl_2_column_2_micron_25cm_60min_no_PFF_SNCA_DM__EGFP_NLS_R2_F2	homo sapiens	column	not applicable	not available	1	ESC_Expl_2_column_2_micron_25cm_60min_no_PFF_SNCA_DM__EGFP_NLS_R2_F2	proteomic profiling by mass spectrometry	NT=Data-dependent acquisition;AC=PRIDE:0000627	NT=label free sample;AC=MS:1002038	NT=orbitrap exploris 240;AC=MS:1003094	NT=Carbamidomethyl;AC=UNIMOD:4;TA=C;MT=Fixed	NT=Oxidation;AC=UNIMOD:35;TA=M;MT=Variable	NT=Trypsin;AC=MS:1001251	NT=collision-induced dissociation;AC=MS:1000133	5 ppm	0.02 Da	beta-mercaptoethanol (bme)	2	1	ESC_Expl_2_column_2_micron_25cm_60min_no_PFF_SNCA_DM__EGFP_NLS_R2_F2.raw	ftp://ftp.pride.ebi.ac.uk/pride/data/archive/2026/09/PXD075151/ESC_Expl_2_column_2_micron_25cm_60min_no_PFF_SNCA_DM__EGFP_NLS_R2_F2.raw	v1.1.0	NT=ms-proteomics;VV=v1.1.0	manual curation	column
ESC_Expl_2_column_2_micron_25cm_60min_no_PFF_SNCA_DM__EGFP_NLS_R2_F5	homo sapiens	column	not applicable	not available	1	ESC_Expl_2_column_2_micron_25cm_60min_no_PFF_SNCA_DM__EGFP_NLS_R2_F5	proteomic profiling by mass spectrometry	NT=Data-dependent acquisition;AC=PRIDE:0000627	NT=label free sample;AC=MS:1002038	NT=orbitrap exploris 240;AC=MS:1003094	NT=Carbamidomethyl;AC=UNIMOD:4;TA=C;MT=Fixed	NT=Oxidation;AC=UNIMOD:35;TA=M;MT=Variable	NT=Trypsin;AC=MS:1001251	NT=collision-induced dissociation;AC=MS:1000133	5 ppm	0.02 Da	beta-mercaptoethanol (bme)	5	1	ESC_Expl_2_column_2_micron_25cm_60min_no_PFF_SNCA_DM__EGFP_NLS_R2_F5.raw	ftp://ftp.pride.ebi.ac.uk/pride/data/archive/2026/09/PXD075151/ESC_Expl_2_column_2_micron_25cm_60min_no_PFF_SNCA_DM__EGFP_NLS_R2_F5.raw	v1.1.0	NT=ms-proteomics;VV=v1.1.0	manual curation	column
ESC_Expl_2_column_2_micron_25cm_60min_no_PFF_EGFP_R2_F7	homo sapiens	column	not applicable	not available	1	ESC_Expl_2_column_2_micron_25cm_60min_no_PFF_EGFP_R2_F7	proteomic profiling by mass spectrometry	NT=Data-dependent acquisition;AC=PRIDE:0000627	NT=label free sample;AC=MS:1002038	NT=orbitrap exploris 240;AC=MS:1003094	NT=Carbamidomethyl;AC=UNIMOD:4;TA=C;MT=Fixed	NT=Oxidation;AC=UNIMOD:35;TA=M;MT=Variable	NT=Trypsin;AC=MS:1001251	NT=collision-induced dissociation;AC=MS:1000133	5 ppm	0.02 Da	beta-mercaptoethanol (bme)	7	1	ESC_Expl_2_column_2_micron_25cm_60min_no_PFF_EGFP_R2_F7.raw	ftp://ftp.pride.ebi.ac.uk/pride/data/archive/2026/09/PXD075151/ESC_Expl_2_column_2_micron_25cm_60min_no_PFF_EGFP_R2_F7.raw	v1.1.0	NT=ms-proteomics;VV=v1.1.0	manual curation	column
ESC_Expl_2_column_2_micron_25cm_60min_no_PFF_SNCA_DM__EGFP_NLS_R1_F1	homo sapiens	column	not applicable	not available	1	ESC_Expl_2_column_2_micron_25cm_60min_no_PFF_SNCA_DM__EGFP_NLS_R1_F1	proteomic profiling by mass spectrometry	NT=Data-dependent acquisition;AC=PRIDE:0000627	NT=label free sample;AC=MS:1002038	NT=orbitrap exploris 240;AC=MS:1003094	NT=Carbamidomethyl;AC=UNIMOD:4;TA=C;MT=Fixed	NT=Oxidation;AC=UNIMOD:35;TA=M;MT=Variable	NT=Trypsin;AC=MS:1001251	NT=collision-induced dissociation;AC=MS:1000133	5 ppm	0.02 Da	beta-mercaptoethanol (bme)	1	1	ESC_Expl_2_column_2_micron_25cm_60min_no_PFF_SNCA_DM__EGFP_NLS_R1_F1.raw	ftp://ftp.pride.ebi.ac.uk/pride/data/archive/2026/09/PXD075151/ESC_Expl_2_column_2_micron_25cm_60min_no_PFF_SNCA_DM__EGFP_NLS_R1_F1.raw	v1.1.0	NT=ms-proteomics;VV=v1.1.0	manual curation	column
ESC_Expl_2_column_2_micron_25cm_60min_no_PFF_SNCA_DM__EGFP_NES_R2_F7	homo sapiens	column	not applicable	not available	1	ESC_Expl_2_column_2_micron_25cm_60min_no_PFF_SNCA_DM__EGFP_NES_R2_F7	proteomic profiling by mass spectrometry	NT=Data-dependent acquisition;AC=PRIDE:0000627	NT=label free sample;AC=MS:1002038	NT=orbitrap exploris 240;AC=MS:1003094	NT=Carbamidomethyl;AC=UNIMOD:4;TA=C;MT=Fixed	NT=Oxidation;AC=UNIMOD:35;TA=M;MT=Variable	NT=Trypsin;AC=MS:1001251	NT=collision-induced dissociation;AC=MS:1000133	5 ppm	0.02 Da	beta-mercaptoethanol (bme)	7	1	ESC_Expl_2_column_2_micron_25cm_60min_no_PFF_SNCA_DM__EGFP_NES_R2_F7.raw	ftp://ftp.pride.ebi.ac.uk/pride/data/archive/2026/09/PXD075151/ESC_Expl_2_column_2_micron_25cm_60min_no_PFF_SNCA_DM__EGFP_NES_R2_F7.raw	v1.1.0	NT=ms-proteomics;VV=v1.1.0	manual curation	column
ESC_Expl_2_column_2_micron_25cm_60min_no_PFF_EGFP_NES_3_F3	homo sapiens	column	not applicable	not available	1	ESC_Expl_2_column_2_micron_25cm_60min_no_PFF_EGFP_NES_3_F3	proteomic profiling by mass spectrometry	NT=Data-dependent acquisition;AC=PRIDE:0000627	NT=label free sample;AC=MS:1002038	NT=orbitrap exploris 240;AC=MS:1003094	NT=Carbamidomethyl;AC=UNIMOD:4;TA=C;MT=Fixed	NT=Oxidation;AC=UNIMOD:35;TA=M;MT=Variable	NT=Trypsin;AC=MS:1001251	NT=collision-induced dissociation;AC=MS:1000133	5 ppm	0.02 Da	beta-mercaptoethanol (bme)	3	1	ESC_Expl_2_column_2_micron_25cm_60min_no_PFF_EGFP_NES_3_F3.raw	ftp://ftp.pride.ebi.ac.uk/pride/data/archive/2026/09/PXD075151/ESC_Expl_2_column_2_micron_25cm_60min_no_PFF_EGFP_NES_3_F3.raw	v1.1.0	NT=ms-proteomics;VV=v1.1.0	manual curation	column
ESC_Expl_2_column_2_micron_25cm_60min_no_PFF_EGFP_NES_3_F5	homo sapiens	column	not applicable	not available	1	ESC_Expl_2_column_2_micron_25cm_60min_no_PFF_EGFP_NES_3_F5	proteomic profiling by mass spectrometry	NT=Data-dependent acquisition;AC=PRIDE:0000627	NT=label free sample;AC=MS:1002038	NT=orbitrap exploris 240;AC=MS:1003094	NT=Carbamidomethyl;AC=UNIMOD:4;TA=C;MT=Fixed	NT=Oxidation;AC=UNIMOD:35;TA=M;MT=Variable	NT=Trypsin;AC=MS:1001251	NT=collision-induced dissociation;AC=MS:1000133	5 ppm	0.02 Da	beta-mercaptoethanol (bme)	5	1	ESC_Expl_2_column_2_micron_25cm_60min_no_PFF_EGFP_NES_3_F5.raw	ftp://ftp.pride.ebi.ac.uk/pride/data/archive/2026/09/PXD075151/ESC_Expl_2_column_2_micron_25cm_60min_no_PFF_EGFP_NES_3_F5.raw	v1.1.0	NT=ms-proteomics;VV=v1.1.0	manual curation	column
ESC_Expl_2_column_2_micron_25cm_60min_no_PFF_SNCA_DM__EGFP_NES_3_F7	homo sapiens	column	not applicable	not available	1	ESC_Expl_2_column_2_micron_25cm_60min_no_PFF_SNCA_DM__EGFP_NES_3_F7	proteomic profiling by mass spectrometry	NT=Data-dependent acquisition;AC=PRIDE:0000627	NT=label free sample;AC=MS:1002038	NT=orbitrap exploris 240;AC=MS:1003094	NT=Carbamidomethyl;AC=UNIMOD:4;TA=C;MT=Fixed	NT=Oxidation;AC=UNIMOD:35;TA=M;MT=Variable	NT=Trypsin;AC=MS:1001251	NT=collision-induced dissociation;AC=MS:1000133	5 ppm	0.02 Da	beta-mercaptoethanol (bme)	7	1	ESC_Expl_2_column_2_micron_25cm_60min_no_PFF_SNCA_DM__EGFP_NES_3_F7.raw	ftp://ftp.pride.ebi.ac.uk/pride/data/archive/2026/09/PXD075151/ESC_Expl_2_column_2_micron_25cm_60min_no_PFF_SNCA_DM__EGFP_NES_3_F7.raw	v1.1.0	NT=ms-proteomics;VV=v1.1.0	manual curation	column
ESC_Expl_2_column_2_micron_25cm_60min_no_PFF_SNCA_DM__EGFP_R2_F4	homo sapiens	column	not applicable	not available	1	ESC_Expl_2_column_2_micron_25cm_60min_no_PFF_SNCA_DM__EGFP_R2_F4	proteomic profiling by mass spectrometry	NT=Data-dependent acquisition;AC=PRIDE:0000627	NT=label free sample;AC=MS:1002038	NT=orbitrap exploris 240;AC=MS:1003094	NT=Carbamidomethyl;AC=UNIMOD:4;TA=C;MT=Fixed	NT=Oxidation;AC=UNIMOD:35;TA=M;MT=Variable	NT=Trypsin;AC=MS:1001251	NT=collision-induced dissociation;AC=MS:1000133	5 ppm	0.02 Da	beta-mercaptoethanol (bme)	4	1	ESC_Expl_2_column_2_micron_25cm_60min_no_PFF_SNCA_DM__EGFP_R2_F4.raw	ftp://ftp.pride.ebi.ac.uk/pride/data/archive/2026/09/PXD075151/ESC_Expl_2_column_2_micron_25cm_60min_no_PFF_SNCA_DM__EGFP_R2_F4.raw	v1.1.0	NT=ms-proteomics;VV=v1.1.0	manual curation	column
ESC_Expl_2_column_2_micron_25cm_60min_no_PFF_EGFP_NLS_3_F8	homo sapiens	column	not applicable	not available	1	ESC_Expl_2_column_2_micron_25cm_60min_no_PFF_EGFP_NLS_3_F8	proteomic profiling by mass spectrometry	NT=Data-dependent acquisition;AC=PRIDE:0000627	NT=label free sample;AC=MS:1002038	NT=orbitrap exploris 240;AC=MS:1003094	NT=Carbamidomethyl;AC=UNIMOD:4;TA=C;MT=Fixed	NT=Oxidation;AC=UNIMOD:35;TA=M;MT=Variable	NT=Trypsin;AC=MS:1001251	NT=collision-induced dissociation;AC=MS:1000133	5 ppm	0.02 Da	beta-mercaptoethanol (bme)	8	1	ESC_Expl_2_column_2_micron_25cm_60min_no_PFF_EGFP_NLS_3_F8.raw	ftp://ftp.pride.ebi.ac.uk/pride/data/archive/2026/09/PXD075151/ESC_Expl_2_column_2_micron_25cm_60min_no_PFF_EGFP_NLS_3_F8.raw	v1.1.0	NT=ms-proteomics;VV=v1.1.0	manual curation	column
ESC_Expl_2_column_2_micron_25cm_60min_no_PFF_SNCA_DM__EGFP_R2_F2	homo sapiens	column	not applicable	not available	1	ESC_Expl_2_column_2_micron_25cm_60min_no_PFF_SNCA_DM__EGFP_R2_F2	proteomic profiling by mass spectrometry	NT=Data-dependent acquisition;AC=PRIDE:0000627	NT=label free sample;AC=MS:1002038	NT=orbitrap exploris 240;AC=MS:1003094	NT=Carbamidomethyl;AC=UNIMOD:4;TA=C;MT=Fixed	NT=Oxidation;AC=UNIMOD:35;TA=M;MT=Variable	NT=Trypsin;AC=MS:1001251	NT=collision-induced dissociation;AC=MS:1000133	5 ppm	0.02 Da	beta-mercaptoethanol (bme)	2	1	ESC_Expl_2_column_2_micron_25cm_60min_no_PFF_SNCA_DM__EGFP_R2_F2.raw	ftp://ftp.pride.ebi.ac.uk/pride/data/archive/2026/09/PXD075151/ESC_Expl_2_column_2_micron_25cm_60min_no_PFF_SNCA_DM__EGFP_R2_F2.raw	v1.1.0	NT=ms-proteomics;VV=v1.1.0	manual curation	column
ESC_Expl_2_column_2_micron_25cm_60min_no_PFF_SNCA_DM__EGFP_R1_F8	homo sapiens	column	not applicable	not available	1	ESC_Expl_2_column_2_micron_25cm_60min_no_PFF_SNCA_DM__EGFP_R1_F8	proteomic profiling by mass spectrometry	NT=Data-dependent acquisition;AC=PRIDE:0000627	NT=label free sample;AC=MS:1002038	NT=orbitrap exploris 240;AC=MS:1003094	NT=Carbamidomethyl;AC=UNIMOD:4;TA=C;MT=Fixed	NT=Oxidation;AC=UNIMOD:35;TA=M;MT=Variable	NT=Trypsin;AC=MS:1001251	NT=collision-induced dissociation;AC=MS:1000133	5 ppm	0.02 Da	beta-mercaptoethanol (bme)	8	1	ESC_Expl_2_column_2_micron_25cm_60min_no_PFF_SNCA_DM__EGFP_R1_F8.raw	ftp://ftp.pride.ebi.ac.uk/pride/data/archive/2026/09/PXD075151/ESC_Expl_2_column_2_micron_25cm_60min_no_PFF_SNCA_DM__EGFP_R1_F8.raw	v1.1.0	NT=ms-proteomics;VV=v1.1.0	manual curation	column
ESC_Expl_2_column_2_micron_25cm_60min_no_PFF_EGFP_NES_R1_F2	homo sapiens	column	not applicable	not available	1	ESC_Expl_2_column_2_micron_25cm_60min_no_PFF_EGFP_NES_R1_F2	proteomic profiling by mass spectrometry	NT=Data-dependent acquisition;AC=PRIDE:0000627	NT=label free sample;AC=MS:1002038	NT=orbitrap exploris 240;AC=MS:1003094	NT=Carbamidomethyl;AC=UNIMOD:4;TA=C;MT=Fixed	NT=Oxidation;AC=UNIMOD:35;TA=M;MT=Variable	NT=Trypsin;AC=MS:1001251	NT=collision-induced dissociation;AC=MS:1000133	5 ppm	0.02 Da	beta-mercaptoethanol (bme)	2	1	ESC_Expl_2_column_2_micron_25cm_60min_no_PFF_EGFP_NES_R1_F2.raw	ftp://ftp.pride.ebi.ac.uk/pride/data/archive/2026/09/PXD075151/ESC_Expl_2_column_2_micron_25cm_60min_no_PFF_EGFP_NES_R1_F2.raw	v1.1.0	NT=ms-proteomics;VV=v1.1.0	manual curation	column
ESC_Expl_2_column_2_micron_25cm_60min_no_PFF_SNCA_DM__EGFP_NLS_3_F7	homo sapiens	column	not applicable	not available	1	ESC_Expl_2_column_2_micron_25cm_60min_no_PFF_SNCA_DM__EGFP_NLS_3_F7	proteomic profiling by mass spectrometry	NT=Data-dependent acquisition;AC=PRIDE:0000627	NT=label free sample;AC=MS:1002038	NT=orbitrap exploris 240;AC=MS:1003094	NT=Carbamidomethyl;AC=UNIMOD:4;TA=C;MT=Fixed	NT=Oxidation;AC=UNIMOD:35;TA=M;MT=Variable	NT=Trypsin;AC=MS:1001251	NT=collision-induced dissociation;AC=MS:1000133	5 ppm	0.02 Da	beta-mercaptoethanol (bme)	7	1	ESC_Expl_2_column_2_micron_25cm_60min_no_PFF_SNCA_DM__EGFP_NLS_3_F7.raw	ftp://ftp.pride.ebi.ac.uk/pride/data/archive/2026/09/PXD075151/ESC_Expl_2_column_2_micron_25cm_60min_no_PFF_SNCA_DM__EGFP_NLS_3_F7.raw	v1.1.0	NT=ms-proteomics;VV=v1.1.0	manual curation	column
ESC_Expl_2_column_2_micron_25cm_60min_no_PFF_SNCA_DM__EGFP_NLS_R2_F3	homo sapiens	column	not applicable	not available	1	ESC_Expl_2_column_2_micron_25cm_60min_no_PFF_SNCA_DM__EGFP_NLS_R2_F3	proteomic profiling by mass spectrometry	NT=Data-dependent acquisition;AC=PRIDE:0000627	NT=label free sample;AC=MS:1002038	NT=orbitrap exploris 240;AC=MS:1003094	NT=Carbamidomethyl;AC=UNIMOD:4;TA=C;MT=Fixed	NT=Oxidation;AC=UNIMOD:35;TA=M;MT=Variable	NT=Trypsin;AC=MS:1001251	NT=collision-induced dissociation;AC=MS:1000133	5 ppm	0.02 Da	beta-mercaptoethanol (bme)	3	1	ESC_Expl_2_column_2_micron_25cm_60min_no_PFF_SNCA_DM__EGFP_NLS_R2_F3.raw	ftp://ftp.pride.ebi.ac.uk/pride/data/archive/2026/09/PXD075151/ESC_Expl_2_column_2_micron_25cm_60min_no_PFF_SNCA_DM__EGFP_NLS_R2_F3.raw	v1.1.0	NT=ms-proteomics;VV=v1.1.0	manual curation	column
ESC_Expl_2_column_2_micron_25cm_60min_no_PFF_EGFP_R2_F5	homo sapiens	column	not applicable	not available	1	ESC_Expl_2_column_2_micron_25cm_60min_no_PFF_EGFP_R2_F5	proteomic profiling by mass spectrometry	NT=Data-dependent acquisition;AC=PRIDE:0000627	NT=label free sample;AC=MS:1002038	NT=orbitrap exploris 240;AC=MS:1003094	NT=Carbamidomethyl;AC=UNIMOD:4;TA=C;MT=Fixed	NT=Oxidation;AC=UNIMOD:35;TA=M;MT=Variable	NT=Trypsin;AC=MS:1001251	NT=collision-induced dissociation;AC=MS:1000133	5 ppm	0.02 Da	beta-mercaptoethanol (bme)	5	1	ESC_Expl_2_column_2_micron_25cm_60min_no_PFF_EGFP_R2_F5.raw	ftp://ftp.pride.ebi.ac.uk/pride/data/archive/2026/09/PXD075151/ESC_Expl_2_column_2_micron_25cm_60min_no_PFF_EGFP_R2_F5.raw	v1.1.0	NT=ms-proteomics;VV=v1.1.0	manual curation	column
ESC_Expl_2_column_2_micron_25cm_60min_no_PFF_EGFP_NES_R2_F5	homo sapiens	column	not applicable	not available	1	ESC_Expl_2_column_2_micron_25cm_60min_no_PFF_EGFP_NES_R2_F5	proteomic profiling by mass spectrometry	NT=Data-dependent acquisition;AC=PRIDE:0000627	NT=label free sample;AC=MS:1002038	NT=orbitrap exploris 240;AC=MS:1003094	NT=Carbamidomethyl;AC=UNIMOD:4;TA=C;MT=Fixed	NT=Oxidation;AC=UNIMOD:35;TA=M;MT=Variable	NT=Trypsin;AC=MS:1001251	NT=collision-induced dissociation;AC=MS:1000133	5 ppm	0.02 Da	beta-mercaptoethanol (bme)	5	1	ESC_Expl_2_column_2_micron_25cm_60min_no_PFF_EGFP_NES_R2_F5.raw	ftp://ftp.pride.ebi.ac.uk/pride/data/archive/2026/09/PXD075151/ESC_Expl_2_column_2_micron_25cm_60min_no_PFF_EGFP_NES_R2_F5.raw	v1.1.0	NT=ms-proteomics;VV=v1.1.0	manual curation	column
ESC_Expl_2_column_2_micron_25cm_60min_no_PFF_EGFP_NES_R1_F3	homo sapiens	column	not applicable	not available	1	ESC_Expl_2_column_2_micron_25cm_60min_no_PFF_EGFP_NES_R1_F3	proteomic profiling by mass spectrometry	NT=Data-dependent acquisition;AC=PRIDE:0000627	NT=label free sample;AC=MS:1002038	NT=orbitrap exploris 240;AC=MS:1003094	NT=Carbamidomethyl;AC=UNIMOD:4;TA=C;MT=Fixed	NT=Oxidation;AC=UNIMOD:35;TA=M;MT=Variable	NT=Trypsin;AC=MS:1001251	NT=collision-induced dissociation;AC=MS:1000133	5 ppm	0.02 Da	beta-mercaptoethanol (bme)	3	1	ESC_Expl_2_column_2_micron_25cm_60min_no_PFF_EGFP_NES_R1_F3.raw	ftp://ftp.pride.ebi.ac.uk/pride/data/archive/2026/09/PXD075151/ESC_Expl_2_column_2_micron_25cm_60min_no_PFF_EGFP_NES_R1_F3.raw	v1.1.0	NT=ms-proteomics;VV=v1.1.0	manual curation	column
ESC_Expl_2_column_2_micron_25cm_60min_no_PFF_EGFP_NES_R2_F7	homo sapiens	column	not applicable	not available	1	ESC_Expl_2_column_2_micron_25cm_60min_no_PFF_EGFP_NES_R2_F7	proteomic profiling by mass spectrometry	NT=Data-dependent acquisition;AC=PRIDE:0000627	NT=label free sample;AC=MS:1002038	NT=orbitrap exploris 240;AC=MS:1003094	NT=Carbamidomethyl;AC=UNIMOD:4;TA=C;MT=Fixed	NT=Oxidation;AC=UNIMOD:35;TA=M;MT=Variable	NT=Trypsin;AC=MS:1001251	NT=collision-induced dissociation;AC=MS:1000133	5 ppm	0.02 Da	beta-mercaptoethanol (bme)	7	1	ESC_Expl_2_column_2_micron_25cm_60min_no_PFF_EGFP_NES_R2_F7.raw	ftp://ftp.pride.ebi.ac.uk/pride/data/archive/2026/09/PXD075151/ESC_Expl_2_column_2_micron_25cm_60min_no_PFF_EGFP_NES_R2_F7.raw	v1.1.0	NT=ms-proteomics;VV=v1.1.0	manual curation	column
ESC_Expl_2_column_2_micron_25cm_60min_no_PFF_SNCA_DM__EGFP_NES_R2_F1	homo sapiens	column	not applicable	not available	1	ESC_Expl_2_column_2_micron_25cm_60min_no_PFF_SNCA_DM__EGFP_NES_R2_F1	proteomic profiling by mass spectrometry	NT=Data-dependent acquisition;AC=PRIDE:0000627	NT=label free sample;AC=MS:1002038	NT=orbitrap exploris 240;AC=MS:1003094	NT=Carbamidomethyl;AC=UNIMOD:4;TA=C;MT=Fixed	NT=Oxidation;AC=UNIMOD:35;TA=M;MT=Variable	NT=Trypsin;AC=MS:1001251	NT=collision-induced dissociation;AC=MS:1000133	5 ppm	0.02 Da	beta-mercaptoethanol (bme)	1	1	ESC_Expl_2_column_2_micron_25cm_60min_no_PFF_SNCA_DM__EGFP_NES_R2_F1.raw	ftp://ftp.pride.ebi.ac.uk/pride/data/archive/2026/09/PXD075151/ESC_Expl_2_column_2_micron_25cm_60min_no_PFF_SNCA_DM__EGFP_NES_R2_F1.raw	v1.1.0	NT=ms-proteomics;VV=v1.1.0	manual curation	column
ESC_Expl_2_column_2_micron_25cm_60min_no_PFF_SNCA_DM__EGFP_R2_F1	homo sapiens	column	not applicable	not available	1	ESC_Expl_2_column_2_micron_25cm_60min_no_PFF_SNCA_DM__EGFP_R2_F1	proteomic profiling by mass spectrometry	NT=Data-dependent acquisition;AC=PRIDE:0000627	NT=label free sample;AC=MS:1002038	NT=orbitrap exploris 240;AC=MS:1003094	NT=Carbamidomethyl;AC=UNIMOD:4;TA=C;MT=Fixed	NT=Oxidation;AC=UNIMOD:35;TA=M;MT=Variable	NT=Trypsin;AC=MS:1001251	NT=collision-induced dissociation;AC=MS:1000133	5 ppm	0.02 Da	beta-mercaptoethanol (bme)	1	1	ESC_Expl_2_column_2_micron_25cm_60min_no_PFF_SNCA_DM__EGFP_R2_F1.raw	ftp://ftp.pride.ebi.ac.uk/pride/data/archive/2026/09/PXD075151/ESC_Expl_2_column_2_micron_25cm_60min_no_PFF_SNCA_DM__EGFP_R2_F1.raw	v1.1.0	NT=ms-proteomics;VV=v1.1.0	manual curation	column
ESC_Expl_2_column_2_micron_25cm_60min_no_PFF_EGFP_NLS_3_F6	homo sapiens	column	not applicable	not available	1	ESC_Expl_2_column_2_micron_25cm_60min_no_PFF_EGFP_NLS_3_F6	proteomic profiling by mass spectrometry	NT=Data-dependent acquisition;AC=PRIDE:0000627	NT=label free sample;AC=MS:1002038	NT=orbitrap exploris 240;AC=MS:1003094	NT=Carbamidomethyl;AC=UNIMOD:4;TA=C;MT=Fixed	NT=Oxidation;AC=UNIMOD:35;TA=M;MT=Variable	NT=Trypsin;AC=MS:1001251	NT=collision-induced dissociation;AC=MS:1000133	5 ppm	0.02 Da	beta-mercaptoethanol (bme)	6	1	ESC_Expl_2_column_2_micron_25cm_60min_no_PFF_EGFP_NLS_3_F6.raw	ftp://ftp.pride.ebi.ac.uk/pride/data/archive/2026/09/PXD075151/ESC_Expl_2_column_2_micron_25cm_60min_no_PFF_EGFP_NLS_3_F6.raw	v1.1.0	NT=ms-proteomics;VV=v1.1.0	manual curation	column
ESC_Expl_2_column_2_micron_25cm_60min_no_PFF_EGFP_R1_F7	homo sapiens	column	not applicable	not available	1	ESC_Expl_2_column_2_micron_25cm_60min_no_PFF_EGFP_R1_F7	proteomic profiling by mass spectrometry	NT=Data-dependent acquisition;AC=PRIDE:0000627	NT=label free sample;AC=MS:1002038	NT=orbitrap exploris 240;AC=MS:1003094	NT=Carbamidomethyl;AC=UNIMOD:4;TA=C;MT=Fixed	NT=Oxidation;AC=UNIMOD:35;TA=M;MT=Variable	NT=Trypsin;AC=MS:1001251	NT=collision-induced dissociation;AC=MS:1000133	5 ppm	0.02 Da	beta-mercaptoethanol (bme)	7	1	ESC_Expl_2_column_2_micron_25cm_60min_no_PFF_EGFP_R1_F7.raw	ftp://ftp.pride.ebi.ac.uk/pride/data/archive/2026/09/PXD075151/ESC_Expl_2_column_2_micron_25cm_60min_no_PFF_EGFP_R1_F7.raw	v1.1.0	NT=ms-proteomics;VV=v1.1.0	manual curation	column
ESC_Expl_2_column_2_micron_25cm_60min_no_PFF_EGFP_NLS_3_F1	homo sapiens	column	not applicable	not available	1	ESC_Expl_2_column_2_micron_25cm_60min_no_PFF_EGFP_NLS_3_F1	proteomic profiling by mass spectrometry	NT=Data-dependent acquisition;AC=PRIDE:0000627	NT=label free sample;AC=MS:1002038	NT=orbitrap exploris 240;AC=MS:1003094	NT=Carbamidomethyl;AC=UNIMOD:4;TA=C;MT=Fixed	NT=Oxidation;AC=UNIMOD:35;TA=M;MT=Variable	NT=Trypsin;AC=MS:1001251	NT=collision-induced dissociation;AC=MS:1000133	5 ppm	0.02 Da	beta-mercaptoethanol (bme)	1	1	ESC_Expl_2_column_2_micron_25cm_60min_no_PFF_EGFP_NLS_3_F1.raw	ftp://ftp.pride.ebi.ac.uk/pride/data/archive/2026/09/PXD075151/ESC_Expl_2_column_2_micron_25cm_60min_no_PFF_EGFP_NLS_3_F1.raw	v1.1.0	NT=ms-proteomics;VV=v1.1.0	manual curation	column
ESC_Expl_2_column_2_micron_25cm_60min_no_PFF_SNCA_DM__EGFP_NLS_R2_F6	homo sapiens	column	not applicable	not available	1	ESC_Expl_2_column_2_micron_25cm_60min_no_PFF_SNCA_DM__EGFP_NLS_R2_F6	proteomic profiling by mass spectrometry	NT=Data-dependent acquisition;AC=PRIDE:0000627	NT=label free sample;AC=MS:1002038	NT=orbitrap exploris 240;AC=MS:1003094	NT=Carbamidomethyl;AC=UNIMOD:4;TA=C;MT=Fixed	NT=Oxidation;AC=UNIMOD:35;TA=M;MT=Variable	NT=Trypsin;AC=MS:1001251	NT=collision-induced dissociation;AC=MS:1000133	5 ppm	0.02 Da	beta-mercaptoethanol (bme)	6	1	ESC_Expl_2_column_2_micron_25cm_60min_no_PFF_SNCA_DM__EGFP_NLS_R2_F6.raw	ftp://ftp.pride.ebi.ac.uk/pride/data/archive/2026/09/PXD075151/ESC_Expl_2_column_2_micron_25cm_60min_no_PFF_SNCA_DM__EGFP_NLS_R2_F6.raw	v1.1.0	NT=ms-proteomics;VV=v1.1.0	manual curation	column
ESC_Expl_2_column_2_micron_25cm_60min_no_PFF_SNCA_DM__EGFP_NES_3_F3	homo sapiens	column	not applicable	not available	1	ESC_Expl_2_column_2_micron_25cm_60min_no_PFF_SNCA_DM__EGFP_NES_3_F3	proteomic profiling by mass spectrometry	NT=Data-dependent acquisition;AC=PRIDE:0000627	NT=label free sample;AC=MS:1002038	NT=orbitrap exploris 240;AC=MS:1003094	NT=Carbamidomethyl;AC=UNIMOD:4;TA=C;MT=Fixed	NT=Oxidation;AC=UNIMOD:35;TA=M;MT=Variable	NT=Trypsin;AC=MS:1001251	NT=collision-induced dissociation;AC=MS:1000133	5 ppm	0.02 Da	beta-mercaptoethanol (bme)	3	1	ESC_Expl_2_column_2_micron_25cm_60min_no_PFF_SNCA_DM__EGFP_NES_3_F3.raw	ftp://ftp.pride.ebi.ac.uk/pride/data/archive/2026/09/PXD075151/ESC_Expl_2_column_2_micron_25cm_60min_no_PFF_SNCA_DM__EGFP_NES_3_F3.raw	v1.1.0	NT=ms-proteomics;VV=v1.1.0	manual curation	column
ESC_Expl_2_column_2_micron_25cm_60min_no_PFF_SNCA_DM__EGFP_NES_R1_F1	homo sapiens	column	not applicable	not available	1	ESC_Expl_2_column_2_micron_25cm_60min_no_PFF_SNCA_DM__EGFP_NES_R1_F1	proteomic profiling by mass spectrometry	NT=Data-dependent acquisition;AC=PRIDE:0000627	NT=label free sample;AC=MS:1002038	NT=orbitrap exploris 240;AC=MS:1003094	NT=Carbamidomethyl;AC=UNIMOD:4;TA=C;MT=Fixed	NT=Oxidation;AC=UNIMOD:35;TA=M;MT=Variable	NT=Trypsin;AC=MS:1001251	NT=collision-induced dissociation;AC=MS:1000133	5 ppm	0.02 Da	beta-mercaptoethanol (bme)	1	1	ESC_Expl_2_column_2_micron_25cm_60min_no_PFF_SNCA_DM__EGFP_NES_R1_F1.raw	ftp://ftp.pride.ebi.ac.uk/pride/data/archive/2026/09/PXD075151/ESC_Expl_2_column_2_micron_25cm_60min_no_PFF_SNCA_DM__EGFP_NES_R1_F1.raw	v1.1.0	NT=ms-proteomics;VV=v1.1.0	manual curation	column
ESC_Expl_2_column_2_micron_25cm_60min_no_PFF_EGFP_NES_3_F2	homo sapiens	column	not applicable	not available	1	ESC_Expl_2_column_2_micron_25cm_60min_no_PFF_EGFP_NES_3_F2	proteomic profiling by mass spectrometry	NT=Data-dependent acquisition;AC=PRIDE:0000627	NT=label free sample;AC=MS:1002038	NT=orbitrap exploris 240;AC=MS:1003094	NT=Carbamidomethyl;AC=UNIMOD:4;TA=C;MT=Fixed	NT=Oxidation;AC=UNIMOD:35;TA=M;MT=Variable	NT=Trypsin;AC=MS:1001251	NT=collision-induced dissociation;AC=MS:1000133	5 ppm	0.02 Da	beta-mercaptoethanol (bme)	2	1	ESC_Expl_2_column_2_micron_25cm_60min_no_PFF_EGFP_NES_3_F2.raw	ftp://ftp.pride.ebi.ac.uk/pride/data/archive/2026/09/PXD075151/ESC_Expl_2_column_2_micron_25cm_60min_no_PFF_EGFP_NES_3_F2.raw	v1.1.0	NT=ms-proteomics;VV=v1.1.0	manual curation	column
ESC_Expl_2_column_2_micron_25cm_60min_no_PFF_EGFP_NLS_R1_F8	homo sapiens	column	not applicable	not available	1	ESC_Expl_2_column_2_micron_25cm_60min_no_PFF_EGFP_NLS_R1_F8	proteomic profiling by mass spectrometry	NT=Data-dependent acquisition;AC=PRIDE:0000627	NT=label free sample;AC=MS:1002038	NT=orbitrap exploris 240;AC=MS:1003094	NT=Carbamidomethyl;AC=UNIMOD:4;TA=C;MT=Fixed	NT=Oxidation;AC=UNIMOD:35;TA=M;MT=Variable	NT=Trypsin;AC=MS:1001251	NT=collision-induced dissociation;AC=MS:1000133	5 ppm	0.02 Da	beta-mercaptoethanol (bme)	8	1	ESC_Expl_2_column_2_micron_25cm_60min_no_PFF_EGFP_NLS_R1_F8.raw	ftp://ftp.pride.ebi.ac.uk/pride/data/archive/2026/09/PXD075151/ESC_Expl_2_column_2_micron_25cm_60min_no_PFF_EGFP_NLS_R1_F8.raw	v1.1.0	NT=ms-proteomics;VV=v1.1.0	manual curation	column
ESC_Expl_2_column_2_micron_25cm_60min_no_PFF_EGFP_NLS_3_F5	homo sapiens	column	not applicable	not available	1	ESC_Expl_2_column_2_micron_25cm_60min_no_PFF_EGFP_NLS_3_F5	proteomic profiling by mass spectrometry	NT=Data-dependent acquisition;AC=PRIDE:0000627	NT=label free sample;AC=MS:1002038	NT=orbitrap exploris 240;AC=MS:1003094	NT=Carbamidomethyl;AC=UNIMOD:4;TA=C;MT=Fixed	NT=Oxidation;AC=UNIMOD:35;TA=M;MT=Variable	NT=Trypsin;AC=MS:1001251	NT=collision-induced dissociation;AC=MS:1000133	5 ppm	0.02 Da	beta-mercaptoethanol (bme)	5	1	ESC_Expl_2_column_2_micron_25cm_60min_no_PFF_EGFP_NLS_3_F5.raw	ftp://ftp.pride.ebi.ac.uk/pride/data/archive/2026/09/PXD075151/ESC_Expl_2_column_2_micron_25cm_60min_no_PFF_EGFP_NLS_3_F5.raw	v1.1.0	NT=ms-proteomics;VV=v1.1.0	manual curation	column
ESC_Expl_2_column_2_micron_25cm_60min_no_PFF_SNCA_DM__EGFP_R1_F7	homo sapiens	column	not applicable	not available	1	ESC_Expl_2_column_2_micron_25cm_60min_no_PFF_SNCA_DM__EGFP_R1_F7	proteomic profiling by mass spectrometry	NT=Data-dependent acquisition;AC=PRIDE:0000627	NT=label free sample;AC=MS:1002038	NT=orbitrap exploris 240;AC=MS:1003094	NT=Carbamidomethyl;AC=UNIMOD:4;TA=C;MT=Fixed	NT=Oxidation;AC=UNIMOD:35;TA=M;MT=Variable	NT=Trypsin;AC=MS:1001251	NT=collision-induced dissociation;AC=MS:1000133	5 ppm	0.02 Da	beta-mercaptoethanol (bme)	7	1	ESC_Expl_2_column_2_micron_25cm_60min_no_PFF_SNCA_DM__EGFP_R1_F7.raw	ftp://ftp.pride.ebi.ac.uk/pride/data/archive/2026/09/PXD075151/ESC_Expl_2_column_2_micron_25cm_60min_no_PFF_SNCA_DM__EGFP_R1_F7.raw	v1.1.0	NT=ms-proteomics;VV=v1.1.0	manual curation	column
ESC_Expl_2_column_2_micron_25cm_60min_no_PFF_SNCA_DM__EGFP_NLS_R1_F5	homo sapiens	column	not applicable	not available	1	ESC_Expl_2_column_2_micron_25cm_60min_no_PFF_SNCA_DM__EGFP_NLS_R1_F5	proteomic profiling by mass spectrometry	NT=Data-dependent acquisition;AC=PRIDE:0000627	NT=label free sample;AC=MS:1002038	NT=orbitrap exploris 240;AC=MS:1003094	NT=Carbamidomethyl;AC=UNIMOD:4;TA=C;MT=Fixed	NT=Oxidation;AC=UNIMOD:35;TA=M;MT=Variable	NT=Trypsin;AC=MS:1001251	NT=collision-induced dissociation;AC=MS:1000133	5 ppm	0.02 Da	beta-mercaptoethanol (bme)	5	1	ESC_Expl_2_column_2_micron_25cm_60min_no_PFF_SNCA_DM__EGFP_NLS_R1_F5.raw	ftp://ftp.pride.ebi.ac.uk/pride/data/archive/2026/09/PXD075151/ESC_Expl_2_column_2_micron_25cm_60min_no_PFF_SNCA_DM__EGFP_NLS_R1_F5.raw	v1.1.0	NT=ms-proteomics;VV=v1.1.0	manual curation	column
ESC_Expl_2_column_2_micron_25cm_60min_no_PFF_SNCA_DM__EGFP_NLS_R1_F3	homo sapiens	column	not applicable	not available	1	ESC_Expl_2_column_2_micron_25cm_60min_no_PFF_SNCA_DM__EGFP_NLS_R1_F3	proteomic profiling by mass spectrometry	NT=Data-dependent acquisition;AC=PRIDE:0000627	NT=label free sample;AC=MS:1002038	NT=orbitrap exploris 240;AC=MS:1003094	NT=Carbamidomethyl;AC=UNIMOD:4;TA=C;MT=Fixed	NT=Oxidation;AC=UNIMOD:35;TA=M;MT=Variable	NT=Trypsin;AC=MS:1001251	NT=collision-induced dissociation;AC=MS:1000133	5 ppm	0.02 Da	beta-mercaptoethanol (bme)	3	1	ESC_Expl_2_column_2_micron_25cm_60min_no_PFF_SNCA_DM__EGFP_NLS_R1_F3.raw	ftp://ftp.pride.ebi.ac.uk/pride/data/archive/2026/09/PXD075151/ESC_Expl_2_column_2_micron_25cm_60min_no_PFF_SNCA_DM__EGFP_NLS_R1_F3.raw	v1.1.0	NT=ms-proteomics;VV=v1.1.0	manual curation	column
ESC_Expl_2_column_2_micron_25cm_60min_no_PFF_EGFP_NES_R1_F8	homo sapiens	column	not applicable	not available	1	ESC_Expl_2_column_2_micron_25cm_60min_no_PFF_EGFP_NES_R1_F8	proteomic profiling by mass spectrometry	NT=Data-dependent acquisition;AC=PRIDE:0000627	NT=label free sample;AC=MS:1002038	NT=orbitrap exploris 240;AC=MS:1003094	NT=Carbamidomethyl;AC=UNIMOD:4;TA=C;MT=Fixed	NT=Oxidation;AC=UNIMOD:35;TA=M;MT=Variable	NT=Trypsin;AC=MS:1001251	NT=collision-induced dissociation;AC=MS:1000133	5 ppm	0.02 Da	beta-mercaptoethanol (bme)	8	1	ESC_Expl_2_column_2_micron_25cm_60min_no_PFF_EGFP_NES_R1_F8.raw	ftp://ftp.pride.ebi.ac.uk/pride/data/archive/2026/09/PXD075151/ESC_Expl_2_column_2_micron_25cm_60min_no_PFF_EGFP_NES_R1_F8.raw	v1.1.0	NT=ms-proteomics;VV=v1.1.0	manual curation	column
ESC_Expl_2_column_2_micron_25cm_60min_no_PFF_SNCA_DM__EGFP_NLS_3_F5	homo sapiens	column	not applicable	not available	1	ESC_Expl_2_column_2_micron_25cm_60min_no_PFF_SNCA_DM__EGFP_NLS_3_F5	proteomic profiling by mass spectrometry	NT=Data-dependent acquisition;AC=PRIDE:0000627	NT=label free sample;AC=MS:1002038	NT=orbitrap exploris 240;AC=MS:1003094	NT=Carbamidomethyl;AC=UNIMOD:4;TA=C;MT=Fixed	NT=Oxidation;AC=UNIMOD:35;TA=M;MT=Variable	NT=Trypsin;AC=MS:1001251	NT=collision-induced dissociation;AC=MS:1000133	5 ppm	0.02 Da	beta-mercaptoethanol (bme)	5	1	ESC_Expl_2_column_2_micron_25cm_60min_no_PFF_SNCA_DM__EGFP_NLS_3_F5.raw	ftp://ftp.pride.ebi.ac.uk/pride/data/archive/2026/09/PXD075151/ESC_Expl_2_column_2_micron_25cm_60min_no_PFF_SNCA_DM__EGFP_NLS_3_F5.raw	v1.1.0	NT=ms-proteomics;VV=v1.1.0	manual curation	column
ESC_Expl_2_column_2_micron_25cm_60min_no_PFF_SNCA_DM__EGFP_NLS_3_F6	homo sapiens	column	not applicable	not available	1	ESC_Expl_2_column_2_micron_25cm_60min_no_PFF_SNCA_DM__EGFP_NLS_3_F6	proteomic profiling by mass spectrometry	NT=Data-dependent acquisition;AC=PRIDE:0000627	NT=label free sample;AC=MS:1002038	NT=orbitrap exploris 240;AC=MS:1003094	NT=Carbamidomethyl;AC=UNIMOD:4;TA=C;MT=Fixed	NT=Oxidation;AC=UNIMOD:35;TA=M;MT=Variable	NT=Trypsin;AC=MS:1001251	NT=collision-induced dissociation;AC=MS:1000133	5 ppm	0.02 Da	beta-mercaptoethanol (bme)	6	1	ESC_Expl_2_column_2_micron_25cm_60min_no_PFF_SNCA_DM__EGFP_NLS_3_F6.raw	ftp://ftp.pride.ebi.ac.uk/pride/data/archive/2026/09/PXD075151/ESC_Expl_2_column_2_micron_25cm_60min_no_PFF_SNCA_DM__EGFP_NLS_3_F6.raw	v1.1.0	NT=ms-proteomics;VV=v1.1.0	manual curation	column
ESC_Expl_2_column_2_micron_25cm_60min_no_PFF_SNCA_DM__EGFP_NLS_R1_F6	homo sapiens	column	not applicable	not available	1	ESC_Expl_2_column_2_micron_25cm_60min_no_PFF_SNCA_DM__EGFP_NLS_R1_F6	proteomic profiling by mass spectrometry	NT=Data-dependent acquisition;AC=PRIDE:0000627	NT=label free sample;AC=MS:1002038	NT=orbitrap exploris 240;AC=MS:1003094	NT=Carbamidomethyl;AC=UNIMOD:4;TA=C;MT=Fixed	NT=Oxidation;AC=UNIMOD:35;TA=M;MT=Variable	NT=Trypsin;AC=MS:1001251	NT=collision-induced dissociation;AC=MS:1000133	5 ppm	0.02 Da	beta-mercaptoethanol (bme)	6	1	ESC_Expl_2_column_2_micron_25cm_60min_no_PFF_SNCA_DM__EGFP_NLS_R1_F6.raw	ftp://ftp.pride.ebi.ac.uk/pride/data/archive/2026/09/PXD075151/ESC_Expl_2_column_2_micron_25cm_60min_no_PFF_SNCA_DM__EGFP_NLS_R1_F6.raw	v1.1.0	NT=ms-proteomics;VV=v1.1.0	manual curation	column
ESC_Expl_2_column_2_micron_25cm_60min_no_PFF_EGFP_3_F3	homo sapiens	column	not applicable	not available	1	ESC_Expl_2_column_2_micron_25cm_60min_no_PFF_EGFP_3_F3	proteomic profiling by mass spectrometry	NT=Data-dependent acquisition;AC=PRIDE:0000627	NT=label free sample;AC=MS:1002038	NT=orbitrap exploris 240;AC=MS:1003094	NT=Carbamidomethyl;AC=UNIMOD:4;TA=C;MT=Fixed	NT=Oxidation;AC=UNIMOD:35;TA=M;MT=Variable	NT=Trypsin;AC=MS:1001251	NT=collision-induced dissociation;AC=MS:1000133	5 ppm	0.02 Da	beta-mercaptoethanol (bme)	3	1	ESC_Expl_2_column_2_micron_25cm_60min_no_PFF_EGFP_3_F3.raw	ftp://ftp.pride.ebi.ac.uk/pride/data/archive/2026/09/PXD075151/ESC_Expl_2_column_2_micron_25cm_60min_no_PFF_EGFP_3_F3.raw	v1.1.0	NT=ms-proteomics;VV=v1.1.0	manual curation	column
ESC_Expl_2_column_2_micron_25cm_60min_no_PFF_EGFP_R2_F1	homo sapiens	column	not applicable	not available	1	ESC_Expl_2_column_2_micron_25cm_60min_no_PFF_EGFP_R2_F1	proteomic profiling by mass spectrometry	NT=Data-dependent acquisition;AC=PRIDE:0000627	NT=label free sample;AC=MS:1002038	NT=orbitrap exploris 240;AC=MS:1003094	NT=Carbamidomethyl;AC=UNIMOD:4;TA=C;MT=Fixed	NT=Oxidation;AC=UNIMOD:35;TA=M;MT=Variable	NT=Trypsin;AC=MS:1001251	NT=collision-induced dissociation;AC=MS:1000133	5 ppm	0.02 Da	beta-mercaptoethanol (bme)	1	1	ESC_Expl_2_column_2_micron_25cm_60min_no_PFF_EGFP_R2_F1.raw	ftp://ftp.pride.ebi.ac.uk/pride/data/archive/2026/09/PXD075151/ESC_Expl_2_column_2_micron_25cm_60min_no_PFF_EGFP_R2_F1.raw	v1.1.0	NT=ms-proteomics;VV=v1.1.0	manual curation	column
ESC_Expl_2_column_2_micron_25cm_60min_no_PFF_EGFP_NES_R1_F7	homo sapiens	column	not applicable	not available	1	ESC_Expl_2_column_2_micron_25cm_60min_no_PFF_EGFP_NES_R1_F7	proteomic profiling by mass spectrometry	NT=Data-dependent acquisition;AC=PRIDE:0000627	NT=label free sample;AC=MS:1002038	NT=orbitrap exploris 240;AC=MS:1003094	NT=Carbamidomethyl;AC=UNIMOD:4;TA=C;MT=Fixed	NT=Oxidation;AC=UNIMOD:35;TA=M;MT=Variable	NT=Trypsin;AC=MS:1001251	NT=collision-induced dissociation;AC=MS:1000133	5 ppm	0.02 Da	beta-mercaptoethanol (bme)	7	1	ESC_Expl_2_column_2_micron_25cm_60min_no_PFF_EGFP_NES_R1_F7.raw	ftp://ftp.pride.ebi.ac.uk/pride/data/archive/2026/09/PXD075151/ESC_Expl_2_column_2_micron_25cm_60min_no_PFF_EGFP_NES_R1_F7.raw	v1.1.0	NT=ms-proteomics;VV=v1.1.0	manual curation	column
ESC_Expl_2_column_2_micron_25cm_60min_no_PFF_SNCA_DM__EGFP_3_F3	homo sapiens	column	not applicable	not available	1	ESC_Expl_2_column_2_micron_25cm_60min_no_PFF_SNCA_DM__EGFP_3_F3	proteomic profiling by mass spectrometry	NT=Data-dependent acquisition;AC=PRIDE:0000627	NT=label free sample;AC=MS:1002038	NT=orbitrap exploris 240;AC=MS:1003094	NT=Carbamidomethyl;AC=UNIMOD:4;TA=C;MT=Fixed	NT=Oxidation;AC=UNIMOD:35;TA=M;MT=Variable	NT=Trypsin;AC=MS:1001251	NT=collision-induced dissociation;AC=MS:1000133	5 ppm	0.02 Da	beta-mercaptoethanol (bme)	3	1	ESC_Expl_2_column_2_micron_25cm_60min_no_PFF_SNCA_DM__EGFP_3_F3.raw	ftp://ftp.pride.ebi.ac.uk/pride/data/archive/2026/09/PXD075151/ESC_Expl_2_column_2_micron_25cm_60min_no_PFF_SNCA_DM__EGFP_3_F3.raw	v1.1.0	NT=ms-proteomics;VV=v1.1.0	manual curation	column
ESC_Expl_2_column_2_micron_25cm_60min_no_PFF_SNCA_DM__EGFP_NES_R1_F5	homo sapiens	column	not applicable	not available	1	ESC_Expl_2_column_2_micron_25cm_60min_no_PFF_SNCA_DM__EGFP_NES_R1_F5	proteomic profiling by mass spectrometry	NT=Data-dependent acquisition;AC=PRIDE:0000627	NT=label free sample;AC=MS:1002038	NT=orbitrap exploris 240;AC=MS:1003094	NT=Carbamidomethyl;AC=UNIMOD:4;TA=C;MT=Fixed	NT=Oxidation;AC=UNIMOD:35;TA=M;MT=Variable	NT=Trypsin;AC=MS:1001251	NT=collision-induced dissociation;AC=MS:1000133	5 ppm	0.02 Da	beta-mercaptoethanol (bme)	5	1	ESC_Expl_2_column_2_micron_25cm_60min_no_PFF_SNCA_DM__EGFP_NES_R1_F5.raw	ftp://ftp.pride.ebi.ac.uk/pride/data/archive/2026/09/PXD075151/ESC_Expl_2_column_2_micron_25cm_60min_no_PFF_SNCA_DM__EGFP_NES_R1_F5.raw	v1.1.0	NT=ms-proteomics;VV=v1.1.0	manual curation	column
ESC_Expl_2_column_2_micron_25cm_60min_no_PFF_EGFP_NLS_3_F4	homo sapiens	column	not applicable	not available	1	ESC_Expl_2_column_2_micron_25cm_60min_no_PFF_EGFP_NLS_3_F4	proteomic profiling by mass spectrometry	NT=Data-dependent acquisition;AC=PRIDE:0000627	NT=label free sample;AC=MS:1002038	NT=orbitrap exploris 240;AC=MS:1003094	NT=Carbamidomethyl;AC=UNIMOD:4;TA=C;MT=Fixed	NT=Oxidation;AC=UNIMOD:35;TA=M;MT=Variable	NT=Trypsin;AC=MS:1001251	NT=collision-induced dissociation;AC=MS:1000133	5 ppm	0.02 Da	beta-mercaptoethanol (bme)	4	1	ESC_Expl_2_column_2_micron_25cm_60min_no_PFF_EGFP_NLS_3_F4.raw	ftp://ftp.pride.ebi.ac.uk/pride/data/archive/2026/09/PXD075151/ESC_Expl_2_column_2_micron_25cm_60min_no_PFF_EGFP_NLS_3_F4.raw	v1.1.0	NT=ms-proteomics;VV=v1.1.0	manual curation	column
ESC_Expl_2_column_2_micron_25cm_60min_no_PFF_SNCA_DM__EGFP_NES_3_F6	homo sapiens	column	not applicable	not available	1	ESC_Expl_2_column_2_micron_25cm_60min_no_PFF_SNCA_DM__EGFP_NES_3_F6	proteomic profiling by mass spectrometry	NT=Data-dependent acquisition;AC=PRIDE:0000627	NT=label free sample;AC=MS:1002038	NT=orbitrap exploris 240;AC=MS:1003094	NT=Carbamidomethyl;AC=UNIMOD:4;TA=C;MT=Fixed	NT=Oxidation;AC=UNIMOD:35;TA=M;MT=Variable	NT=Trypsin;AC=MS:1001251	NT=collision-induced dissociation;AC=MS:1000133	5 ppm	0.02 Da	beta-mercaptoethanol (bme)	6	1	ESC_Expl_2_column_2_micron_25cm_60min_no_PFF_SNCA_DM__EGFP_NES_3_F6.raw	ftp://ftp.pride.ebi.ac.uk/pride/data/archive/2026/09/PXD075151/ESC_Expl_2_column_2_micron_25cm_60min_no_PFF_SNCA_DM__EGFP_NES_3_F6.raw	v1.1.0	NT=ms-proteomics;VV=v1.1.0	manual curation	column
ESC_Expl_2_column_2_micron_25cm_60min_no_PFF_EGFP_R2_F6	homo sapiens	column	not applicable	not available	1	ESC_Expl_2_column_2_micron_25cm_60min_no_PFF_EGFP_R2_F6	proteomic profiling by mass spectrometry	NT=Data-dependent acquisition;AC=PRIDE:0000627	NT=label free sample;AC=MS:1002038	NT=orbitrap exploris 240;AC=MS:1003094	NT=Carbamidomethyl;AC=UNIMOD:4;TA=C;MT=Fixed	NT=Oxidation;AC=UNIMOD:35;TA=M;MT=Variable	NT=Trypsin;AC=MS:1001251	NT=collision-induced dissociation;AC=MS:1000133	5 ppm	0.02 Da	beta-mercaptoethanol (bme)	6	1	ESC_Expl_2_column_2_micron_25cm_60min_no_PFF_EGFP_R2_F6.raw	ftp://ftp.pride.ebi.ac.uk/pride/data/archive/2026/09/PXD075151/ESC_Expl_2_column_2_micron_25cm_60min_no_PFF_EGFP_R2_F6.raw	v1.1.0	NT=ms-proteomics;VV=v1.1.0	manual curation	column
ESC_Expl_2_column_2_micron_25cm_60min_no_PFF_SNCA_DM__EGFP_NES_3_F8	homo sapiens	column	not applicable	not available	1	ESC_Expl_2_column_2_micron_25cm_60min_no_PFF_SNCA_DM__EGFP_NES_3_F8	proteomic profiling by mass spectrometry	NT=Data-dependent acquisition;AC=PRIDE:0000627	NT=label free sample;AC=MS:1002038	NT=orbitrap exploris 240;AC=MS:1003094	NT=Carbamidomethyl;AC=UNIMOD:4;TA=C;MT=Fixed	NT=Oxidation;AC=UNIMOD:35;TA=M;MT=Variable	NT=Trypsin;AC=MS:1001251	NT=collision-induced dissociation;AC=MS:1000133	5 ppm	0.02 Da	beta-mercaptoethanol (bme)	8	1	ESC_Expl_2_column_2_micron_25cm_60min_no_PFF_SNCA_DM__EGFP_NES_3_F8.raw	ftp://ftp.pride.ebi.ac.uk/pride/data/archive/2026/09/PXD075151/ESC_Expl_2_column_2_micron_25cm_60min_no_PFF_SNCA_DM__EGFP_NES_3_F8.raw	v1.1.0	NT=ms-proteomics;VV=v1.1.0	manual curation	column
ESC_Expl_2_column_2_micron_25cm_60min_no_PFF_EGFP_NLS_R2_F6	homo sapiens	column	not applicable	not available	1	ESC_Expl_2_column_2_micron_25cm_60min_no_PFF_EGFP_NLS_R2_F6	proteomic profiling by mass spectrometry	NT=Data-dependent acquisition;AC=PRIDE:0000627	NT=label free sample;AC=MS:1002038	NT=orbitrap exploris 240;AC=MS:1003094	NT=Carbamidomethyl;AC=UNIMOD:4;TA=C;MT=Fixed	NT=Oxidation;AC=UNIMOD:35;TA=M;MT=Variable	NT=Trypsin;AC=MS:1001251	NT=collision-induced dissociation;AC=MS:1000133	5 ppm	0.02 Da	beta-mercaptoethanol (bme)	6	1	ESC_Expl_2_column_2_micron_25cm_60min_no_PFF_EGFP_NLS_R2_F6.raw	ftp://ftp.pride.ebi.ac.uk/pride/data/archive/2026/09/PXD075151/ESC_Expl_2_column_2_micron_25cm_60min_no_PFF_EGFP_NLS_R2_F6.raw	v1.1.0	NT=ms-proteomics;VV=v1.1.0	manual curation	column
ESC_Expl_2_column_2_micron_25cm_60min_no_PFF_SNCA_DM__EGFP_NES_3_F2	homo sapiens	column	not applicable	not available	1	ESC_Expl_2_column_2_micron_25cm_60min_no_PFF_SNCA_DM__EGFP_NES_3_F2	proteomic profiling by mass spectrometry	NT=Data-dependent acquisition;AC=PRIDE:0000627	NT=label free sample;AC=MS:1002038	NT=orbitrap exploris 240;AC=MS:1003094	NT=Carbamidomethyl;AC=UNIMOD:4;TA=C;MT=Fixed	NT=Oxidation;AC=UNIMOD:35;TA=M;MT=Variable	NT=Trypsin;AC=MS:1001251	NT=collision-induced dissociation;AC=MS:1000133	5 ppm	0.02 Da	beta-mercaptoethanol (bme)	2	1	ESC_Expl_2_column_2_micron_25cm_60min_no_PFF_SNCA_DM__EGFP_NES_3_F2.raw	ftp://ftp.pride.ebi.ac.uk/pride/data/archive/2026/09/PXD075151/ESC_Expl_2_column_2_micron_25cm_60min_no_PFF_SNCA_DM__EGFP_NES_3_F2.raw	v1.1.0	NT=ms-proteomics;VV=v1.1.0	manual curation	column
ESC_Expl_2_column_2_micron_25cm_60min_no_PFF_EGFP_NLS_R2_F4	homo sapiens	column	not applicable	not available	1	ESC_Expl_2_column_2_micron_25cm_60min_no_PFF_EGFP_NLS_R2_F4	proteomic profiling by mass spectrometry	NT=Data-dependent acquisition;AC=PRIDE:0000627	NT=label free sample;AC=MS:1002038	NT=orbitrap exploris 240;AC=MS:1003094	NT=Carbamidomethyl;AC=UNIMOD:4;TA=C;MT=Fixed	NT=Oxidation;AC=UNIMOD:35;TA=M;MT=Variable	NT=Trypsin;AC=MS:1001251	NT=collision-induced dissociation;AC=MS:1000133	5 ppm	0.02 Da	beta-mercaptoethanol (bme)	4	1	ESC_Expl_2_column_2_micron_25cm_60min_no_PFF_EGFP_NLS_R2_F4.raw	ftp://ftp.pride.ebi.ac.uk/pride/data/archive/2026/09/PXD075151/ESC_Expl_2_column_2_micron_25cm_60min_no_PFF_EGFP_NLS_R2_F4.raw	v1.1.0	NT=ms-proteomics;VV=v1.1.0	manual curation	column
ESC_Expl_2_column_2_micron_25cm_60min_no_PFF_SNCA_DM__EGFP_NLS_3_F1	homo sapiens	column	not applicable	not available	1	ESC_Expl_2_column_2_micron_25cm_60min_no_PFF_SNCA_DM__EGFP_NLS_3_F1	proteomic profiling by mass spectrometry	NT=Data-dependent acquisition;AC=PRIDE:0000627	NT=label free sample;AC=MS:1002038	NT=orbitrap exploris 240;AC=MS:1003094	NT=Carbamidomethyl;AC=UNIMOD:4;TA=C;MT=Fixed	NT=Oxidation;AC=UNIMOD:35;TA=M;MT=Variable	NT=Trypsin;AC=MS:1001251	NT=collision-induced dissociation;AC=MS:1000133	5 ppm	0.02 Da	beta-mercaptoethanol (bme)	1	1	ESC_Expl_2_column_2_micron_25cm_60min_no_PFF_SNCA_DM__EGFP_NLS_3_F1.raw	ftp://ftp.pride.ebi.ac.uk/pride/data/archive/2026/09/PXD075151/ESC_Expl_2_column_2_micron_25cm_60min_no_PFF_SNCA_DM__EGFP_NLS_3_F1.raw	v1.1.0	NT=ms-proteomics;VV=v1.1.0	manual curation	column
ESC_Expl_2_column_2_micron_25cm_60min_no_PFF_SNCA_DM__EGFP_R1_F4	homo sapiens	column	not applicable	not available	1	ESC_Expl_2_column_2_micron_25cm_60min_no_PFF_SNCA_DM__EGFP_R1_F4	proteomic profiling by mass spectrometry	NT=Data-dependent acquisition;AC=PRIDE:0000627	NT=label free sample;AC=MS:1002038	NT=orbitrap exploris 240;AC=MS:1003094	NT=Carbamidomethyl;AC=UNIMOD:4;TA=C;MT=Fixed	NT=Oxidation;AC=UNIMOD:35;TA=M;MT=Variable	NT=Trypsin;AC=MS:1001251	NT=collision-induced dissociation;AC=MS:1000133	5 ppm	0.02 Da	beta-mercaptoethanol (bme)	4	1	ESC_Expl_2_column_2_micron_25cm_60min_no_PFF_SNCA_DM__EGFP_R1_F4.raw	ftp://ftp.pride.ebi.ac.uk/pride/data/archive/2026/09/PXD075151/ESC_Expl_2_column_2_micron_25cm_60min_no_PFF_SNCA_DM__EGFP_R1_F4.raw	v1.1.0	NT=ms-proteomics;VV=v1.1.0	manual curation	column
ESC_Expl_2_column_2_micron_25cm_60min_no_PFF_EGFP_R1_F2	homo sapiens	column	not applicable	not available	1	ESC_Expl_2_column_2_micron_25cm_60min_no_PFF_EGFP_R1_F2	proteomic profiling by mass spectrometry	NT=Data-dependent acquisition;AC=PRIDE:0000627	NT=label free sample;AC=MS:1002038	NT=orbitrap exploris 240;AC=MS:1003094	NT=Carbamidomethyl;AC=UNIMOD:4;TA=C;MT=Fixed	NT=Oxidation;AC=UNIMOD:35;TA=M;MT=Variable	NT=Trypsin;AC=MS:1001251	NT=collision-induced dissociation;AC=MS:1000133	5 ppm	0.02 Da	beta-mercaptoethanol (bme)	2	1	ESC_Expl_2_column_2_micron_25cm_60min_no_PFF_EGFP_R1_F2.raw	ftp://ftp.pride.ebi.ac.uk/pride/data/archive/2026/09/PXD075151/ESC_Expl_2_column_2_micron_25cm_60min_no_PFF_EGFP_R1_F2.raw	v1.1.0	NT=ms-proteomics;VV=v1.1.0	manual curation	column
ESC_Expl_2_column_2_micron_25cm_60min_no_PFF_SNCA_DM__EGFP_NES_R1_F8	homo sapiens	column	not applicable	not available	1	ESC_Expl_2_column_2_micron_25cm_60min_no_PFF_SNCA_DM__EGFP_NES_R1_F8	proteomic profiling by mass spectrometry	NT=Data-dependent acquisition;AC=PRIDE:0000627	NT=label free sample;AC=MS:1002038	NT=orbitrap exploris 240;AC=MS:1003094	NT=Carbamidomethyl;AC=UNIMOD:4;TA=C;MT=Fixed	NT=Oxidation;AC=UNIMOD:35;TA=M;MT=Variable	NT=Trypsin;AC=MS:1001251	NT=collision-induced dissociation;AC=MS:1000133	5 ppm	0.02 Da	beta-mercaptoethanol (bme)	8	1	ESC_Expl_2_column_2_micron_25cm_60min_no_PFF_SNCA_DM__EGFP_NES_R1_F8.raw	ftp://ftp.pride.ebi.ac.uk/pride/data/archive/2026/09/PXD075151/ESC_Expl_2_column_2_micron_25cm_60min_no_PFF_SNCA_DM__EGFP_NES_R1_F8.raw	v1.1.0	NT=ms-proteomics;VV=v1.1.0	manual curation	column
ESC_Expl_2_column_2_micron_25cm_60min_no_PFF_EGFP_3_F8	homo sapiens	column	not applicable	not available	1	ESC_Expl_2_column_2_micron_25cm_60min_no_PFF_EGFP_3_F8	proteomic profiling by mass spectrometry	NT=Data-dependent acquisition;AC=PRIDE:0000627	NT=label free sample;AC=MS:1002038	NT=orbitrap exploris 240;AC=MS:1003094	NT=Carbamidomethyl;AC=UNIMOD:4;TA=C;MT=Fixed	NT=Oxidation;AC=UNIMOD:35;TA=M;MT=Variable	NT=Trypsin;AC=MS:1001251	NT=collision-induced dissociation;AC=MS:1000133	5 ppm	0.02 Da	beta-mercaptoethanol (bme)	8	1	ESC_Expl_2_column_2_micron_25cm_60min_no_PFF_EGFP_3_F8.raw	ftp://ftp.pride.ebi.ac.uk/pride/data/archive/2026/09/PXD075151/ESC_Expl_2_column_2_micron_25cm_60min_no_PFF_EGFP_3_F8.raw	v1.1.0	NT=ms-proteomics;VV=v1.1.0	manual curation	column
ESC_Expl_2_column_2_micron_25cm_60min_no_PFF_EGFP_R1_F8	homo sapiens	column	not applicable	not available	1	ESC_Expl_2_column_2_micron_25cm_60min_no_PFF_EGFP_R1_F8	proteomic profiling by mass spectrometry	NT=Data-dependent acquisition;AC=PRIDE:0000627	NT=label free sample;AC=MS:1002038	NT=orbitrap exploris 240;AC=MS:1003094	NT=Carbamidomethyl;AC=UNIMOD:4;TA=C;MT=Fixed	NT=Oxidation;AC=UNIMOD:35;TA=M;MT=Variable	NT=Trypsin;AC=MS:1001251	NT=collision-induced dissociation;AC=MS:1000133	5 ppm	0.02 Da	beta-mercaptoethanol (bme)	8	1	ESC_Expl_2_column_2_micron_25cm_60min_no_PFF_EGFP_R1_F8.raw	ftp://ftp.pride.ebi.ac.uk/pride/data/archive/2026/09/PXD075151/ESC_Expl_2_column_2_micron_25cm_60min_no_PFF_EGFP_R1_F8.raw	v1.1.0	NT=ms-proteomics;VV=v1.1.0	manual curation	column
