source name	characteristics[organism]	characteristics[organism part]	characteristics[cell type]	characteristics[disease]	characteristics[biological replicate]	assay name	technology type	comment[proteomics data acquisition method]	comment[label]	comment[instrument]	comment[modification parameters]	comment[modification parameters]	comment[cleavage agent details]	comment[dissociation method]	comment[fractionation method]	comment[alkylation reagent]	comment[fraction identifier]	comment[technical replicate]	comment[data file]	comment[file uri]	comment[sdrf version]	comment[sdrf template]	comment[sdrf template]	comment[sdrf annotation tool]	factor value[organism part]
FTD_A5_4	homo sapiens	liver	not applicable	frontotemporal dementia	4	FTD_A5_4	proteomic profiling by mass spectrometry	Data-independent acquisition	NT=isotope labeling;AC=PRIDE:0000310	NT=tripletof 5600;AC=MS:1000932	NT=Carbamidomethyl;AC=UNIMOD:4;TA=C;MT=Fixed	NT=TMT6plex;AC=UNIMOD:737;TA=K;MT=Fixed	NT=Trypsin;AC=MS:1001251	not available	strong cation-exchange chromatography (scx)	iodoacetamide (iaa)	1	1	FTD_A5_4.wiff	ftp://ftp.pride.ebi.ac.uk/pride/data/archive/2023/03/PXD022872/FTD_A5_4.wiff	v1.1.0	NT=ms-proteomics;VV=v1.1.0	NT=dia-acquisition;VV=v1.1.0	manual curation	liver
20160629_Rimod_G_9.4	homo sapiens	liver	not applicable	frontotemporal dementia	4	20160629_Rimod_G_9.4	proteomic profiling by mass spectrometry	Data-independent acquisition	NT=isotope labeling;AC=PRIDE:0000310	NT=tripletof 5600;AC=MS:1000932	NT=Carbamidomethyl;AC=UNIMOD:4;TA=C;MT=Fixed	NT=TMT6plex;AC=UNIMOD:737;TA=K;MT=Fixed	NT=Trypsin;AC=MS:1001251	not available	strong cation-exchange chromatography (scx)	iodoacetamide (iaa)	1	1	20160629_Rimod_G_9.4.wiff	ftp://ftp.pride.ebi.ac.uk/pride/data/archive/2023/03/PXD022872/20160629_Rimod_G_9.4.wiff	v1.1.0	NT=ms-proteomics;VV=v1.1.0	NT=dia-acquisition;VV=v1.1.0	manual curation	liver
20170817_RiMod_K_10_4	homo sapiens	liver	not applicable	frontotemporal dementia	4	20170817_RiMod_K_10_4	proteomic profiling by mass spectrometry	Data-independent acquisition	NT=isotope labeling;AC=PRIDE:0000310	NT=tripletof 5600;AC=MS:1000932	NT=Carbamidomethyl;AC=UNIMOD:4;TA=C;MT=Fixed	NT=TMT6plex;AC=UNIMOD:737;TA=K;MT=Fixed	NT=Trypsin;AC=MS:1001251	not available	strong cation-exchange chromatography (scx)	iodoacetamide (iaa)	1	1	20170817_RiMod_K_10_4.wiff	ftp://ftp.pride.ebi.ac.uk/pride/data/archive/2023/03/PXD022872/20170817_RiMod_K_10_4.wiff	v1.1.0	NT=ms-proteomics;VV=v1.1.0	NT=dia-acquisition;VV=v1.1.0	manual curation	liver
20151119_FTD_D8_2	homo sapiens	liver	not applicable	frontotemporal dementia	2	20151119_FTD_D8_2	proteomic profiling by mass spectrometry	Data-independent acquisition	NT=isotope labeling;AC=PRIDE:0000310	NT=tripletof 5600;AC=MS:1000932	NT=Carbamidomethyl;AC=UNIMOD:4;TA=C;MT=Fixed	NT=TMT6plex;AC=UNIMOD:737;TA=K;MT=Fixed	NT=Trypsin;AC=MS:1001251	not available	strong cation-exchange chromatography (scx)	iodoacetamide (iaa)	1	1	20151119_FTD_D8_2.wiff	ftp://ftp.pride.ebi.ac.uk/pride/data/archive/2023/03/PXD022872/20151119_FTD_D8_2.wiff	v1.1.0	NT=ms-proteomics;VV=v1.1.0	NT=dia-acquisition;VV=v1.1.0	manual curation	liver
20160622_RimodF_6.1	homo sapiens	liver	not applicable	frontotemporal dementia	1	20160622_RimodF_6.1	proteomic profiling by mass spectrometry	Data-independent acquisition	NT=isotope labeling;AC=PRIDE:0000310	NT=tripletof 5600;AC=MS:1000932	NT=Carbamidomethyl;AC=UNIMOD:4;TA=C;MT=Fixed	NT=TMT6plex;AC=UNIMOD:737;TA=K;MT=Fixed	NT=Trypsin;AC=MS:1001251	not available	strong cation-exchange chromatography (scx)	iodoacetamide (iaa)	1	1	20160622_RimodF_6.1.wiff	ftp://ftp.pride.ebi.ac.uk/pride/data/archive/2023/03/PXD022872/20160622_RimodF_6.1.wiff	v1.1.0	NT=ms-proteomics;VV=v1.1.0	NT=dia-acquisition;VV=v1.1.0	manual curation	liver
FTD_B6_3	homo sapiens	liver	not applicable	frontotemporal dementia	3	FTD_B6_3	proteomic profiling by mass spectrometry	Data-independent acquisition	NT=isotope labeling;AC=PRIDE:0000310	NT=tripletof 5600;AC=MS:1000932	NT=Carbamidomethyl;AC=UNIMOD:4;TA=C;MT=Fixed	NT=TMT6plex;AC=UNIMOD:737;TA=K;MT=Fixed	NT=Trypsin;AC=MS:1001251	not available	strong cation-exchange chromatography (scx)	iodoacetamide (iaa)	1	1	FTD_B6_3.wiff	ftp://ftp.pride.ebi.ac.uk/pride/data/archive/2023/03/PXD022872/FTD_B6_3.wiff	v1.1.0	NT=ms-proteomics;VV=v1.1.0	NT=dia-acquisition;VV=v1.1.0	manual curation	liver
20170817_RiMod_K_1_2	homo sapiens	liver	not applicable	frontotemporal dementia	2	20170817_RiMod_K_1_2	proteomic profiling by mass spectrometry	Data-independent acquisition	NT=isotope labeling;AC=PRIDE:0000310	NT=tripletof 5600;AC=MS:1000932	NT=Carbamidomethyl;AC=UNIMOD:4;TA=C;MT=Fixed	NT=TMT6plex;AC=UNIMOD:737;TA=K;MT=Fixed	NT=Trypsin;AC=MS:1001251	not available	strong cation-exchange chromatography (scx)	iodoacetamide (iaa)	1	1	20170817_RiMod_K_1_2.wiff	ftp://ftp.pride.ebi.ac.uk/pride/data/archive/2023/03/PXD022872/20170817_RiMod_K_1_2.wiff	v1.1.0	NT=ms-proteomics;VV=v1.1.0	NT=dia-acquisition;VV=v1.1.0	manual curation	liver
20160627_Rimod_G_6.2	homo sapiens	liver	not applicable	frontotemporal dementia	2	20160627_Rimod_G_6.2	proteomic profiling by mass spectrometry	Data-independent acquisition	NT=isotope labeling;AC=PRIDE:0000310	NT=tripletof 5600;AC=MS:1000932	NT=Carbamidomethyl;AC=UNIMOD:4;TA=C;MT=Fixed	NT=TMT6plex;AC=UNIMOD:737;TA=K;MT=Fixed	NT=Trypsin;AC=MS:1001251	not available	strong cation-exchange chromatography (scx)	iodoacetamide (iaa)	1	1	20160627_Rimod_G_6.2.wiff	ftp://ftp.pride.ebi.ac.uk/pride/data/archive/2023/03/PXD022872/20160627_Rimod_G_6.2.wiff	v1.1.0	NT=ms-proteomics;VV=v1.1.0	NT=dia-acquisition;VV=v1.1.0	manual curation	liver
20160303_Rimod_E_2.3	homo sapiens	liver	not applicable	frontotemporal dementia	3	20160303_Rimod_E_2.3	proteomic profiling by mass spectrometry	Data-independent acquisition	NT=isotope labeling;AC=PRIDE:0000310	NT=tripletof 5600;AC=MS:1000932	NT=Carbamidomethyl;AC=UNIMOD:4;TA=C;MT=Fixed	NT=TMT6plex;AC=UNIMOD:737;TA=K;MT=Fixed	NT=Trypsin;AC=MS:1001251	not available	strong cation-exchange chromatography (scx)	iodoacetamide (iaa)	1	1	20160303_Rimod_E_2.3.wiff	ftp://ftp.pride.ebi.ac.uk/pride/data/archive/2023/03/PXD022872/20160303_Rimod_E_2.3.wiff	v1.1.0	NT=ms-proteomics;VV=v1.1.0	NT=dia-acquisition;VV=v1.1.0	manual curation	liver
FTD_B4_2	homo sapiens	liver	not applicable	frontotemporal dementia	2	FTD_B4_2	proteomic profiling by mass spectrometry	Data-independent acquisition	NT=isotope labeling;AC=PRIDE:0000310	NT=tripletof 5600;AC=MS:1000932	NT=Carbamidomethyl;AC=UNIMOD:4;TA=C;MT=Fixed	NT=TMT6plex;AC=UNIMOD:737;TA=K;MT=Fixed	NT=Trypsin;AC=MS:1001251	not available	strong cation-exchange chromatography (scx)	iodoacetamide (iaa)	1	1	FTD_B4_2.wiff	ftp://ftp.pride.ebi.ac.uk/pride/data/archive/2023/03/PXD022872/FTD_B4_2.wiff	v1.1.0	NT=ms-proteomics;VV=v1.1.0	NT=dia-acquisition;VV=v1.1.0	manual curation	liver
FTD_A5_3	homo sapiens	liver	not applicable	frontotemporal dementia	3	FTD_A5_3	proteomic profiling by mass spectrometry	Data-independent acquisition	NT=isotope labeling;AC=PRIDE:0000310	NT=tripletof 5600;AC=MS:1000932	NT=Carbamidomethyl;AC=UNIMOD:4;TA=C;MT=Fixed	NT=TMT6plex;AC=UNIMOD:737;TA=K;MT=Fixed	NT=Trypsin;AC=MS:1001251	not available	strong cation-exchange chromatography (scx)	iodoacetamide (iaa)	1	1	FTD_A5_3.wiff	ftp://ftp.pride.ebi.ac.uk/pride/data/archive/2023/03/PXD022872/FTD_A5_3.wiff	v1.1.0	NT=ms-proteomics;VV=v1.1.0	NT=dia-acquisition;VV=v1.1.0	manual curation	liver
20170822_RiMod_L_3_2	homo sapiens	liver	not applicable	frontotemporal dementia	2	20170822_RiMod_L_3_2	proteomic profiling by mass spectrometry	Data-independent acquisition	NT=isotope labeling;AC=PRIDE:0000310	NT=tripletof 5600;AC=MS:1000932	NT=Carbamidomethyl;AC=UNIMOD:4;TA=C;MT=Fixed	NT=TMT6plex;AC=UNIMOD:737;TA=K;MT=Fixed	NT=Trypsin;AC=MS:1001251	not available	strong cation-exchange chromatography (scx)	iodoacetamide (iaa)	1	1	20170822_RiMod_L_3_2.wiff	ftp://ftp.pride.ebi.ac.uk/pride/data/archive/2023/03/PXD022872/20170822_RiMod_L_3_2.wiff	v1.1.0	NT=ms-proteomics;VV=v1.1.0	NT=dia-acquisition;VV=v1.1.0	manual curation	liver
20151119_FTD_D9_2	homo sapiens	liver	not applicable	frontotemporal dementia	2	20151119_FTD_D9_2	proteomic profiling by mass spectrometry	Data-independent acquisition	NT=isotope labeling;AC=PRIDE:0000310	NT=tripletof 5600;AC=MS:1000932	NT=Carbamidomethyl;AC=UNIMOD:4;TA=C;MT=Fixed	NT=TMT6plex;AC=UNIMOD:737;TA=K;MT=Fixed	NT=Trypsin;AC=MS:1001251	not available	strong cation-exchange chromatography (scx)	iodoacetamide (iaa)	1	1	20151119_FTD_D9_2.wiff	ftp://ftp.pride.ebi.ac.uk/pride/data/archive/2023/03/PXD022872/20151119_FTD_D9_2.wiff	v1.1.0	NT=ms-proteomics;VV=v1.1.0	NT=dia-acquisition;VV=v1.1.0	manual curation	liver
20161118_RiMod_H_10.1	homo sapiens	liver	not applicable	frontotemporal dementia	1	20161118_RiMod_H_10.1	proteomic profiling by mass spectrometry	Data-independent acquisition	NT=isotope labeling;AC=PRIDE:0000310	NT=tripletof 5600;AC=MS:1000932	NT=Carbamidomethyl;AC=UNIMOD:4;TA=C;MT=Fixed	NT=TMT6plex;AC=UNIMOD:737;TA=K;MT=Fixed	NT=Trypsin;AC=MS:1001251	not available	strong cation-exchange chromatography (scx)	iodoacetamide (iaa)	1	1	20161118_RiMod_H_10.1.wiff	ftp://ftp.pride.ebi.ac.uk/pride/data/archive/2023/03/PXD022872/20161118_RiMod_H_10.1.wiff	v1.1.0	NT=ms-proteomics;VV=v1.1.0	NT=dia-acquisition;VV=v1.1.0	manual curation	liver
20160303_Rimod_E_2.2	homo sapiens	liver	not applicable	frontotemporal dementia	2	20160303_Rimod_E_2.2	proteomic profiling by mass spectrometry	Data-independent acquisition	NT=isotope labeling;AC=PRIDE:0000310	NT=tripletof 5600;AC=MS:1000932	NT=Carbamidomethyl;AC=UNIMOD:4;TA=C;MT=Fixed	NT=TMT6plex;AC=UNIMOD:737;TA=K;MT=Fixed	NT=Trypsin;AC=MS:1001251	not available	strong cation-exchange chromatography (scx)	iodoacetamide (iaa)	1	1	20160303_Rimod_E_2.2.wiff	ftp://ftp.pride.ebi.ac.uk/pride/data/archive/2023/03/PXD022872/20160303_Rimod_E_2.2.wiff	v1.1.0	NT=ms-proteomics;VV=v1.1.0	NT=dia-acquisition;VV=v1.1.0	manual curation	liver
20161121_RiMod_I_10.2	homo sapiens	liver	not applicable	frontotemporal dementia	2	20161121_RiMod_I_10.2	proteomic profiling by mass spectrometry	Data-independent acquisition	NT=isotope labeling;AC=PRIDE:0000310	NT=tripletof 5600;AC=MS:1000932	NT=Carbamidomethyl;AC=UNIMOD:4;TA=C;MT=Fixed	NT=TMT6plex;AC=UNIMOD:737;TA=K;MT=Fixed	NT=Trypsin;AC=MS:1001251	not available	strong cation-exchange chromatography (scx)	iodoacetamide (iaa)	1	1	20161121_RiMod_I_10.2.wiff	ftp://ftp.pride.ebi.ac.uk/pride/data/archive/2023/03/PXD022872/20161121_RiMod_I_10.2.wiff	v1.1.0	NT=ms-proteomics;VV=v1.1.0	NT=dia-acquisition;VV=v1.1.0	manual curation	liver
20160620_RimodF_2.2	homo sapiens	liver	not applicable	frontotemporal dementia	2	20160620_RimodF_2.2	proteomic profiling by mass spectrometry	Data-independent acquisition	NT=isotope labeling;AC=PRIDE:0000310	NT=tripletof 5600;AC=MS:1000932	NT=Carbamidomethyl;AC=UNIMOD:4;TA=C;MT=Fixed	NT=TMT6plex;AC=UNIMOD:737;TA=K;MT=Fixed	NT=Trypsin;AC=MS:1001251	not available	strong cation-exchange chromatography (scx)	iodoacetamide (iaa)	1	1	20160620_RimodF_2.2.wiff	ftp://ftp.pride.ebi.ac.uk/pride/data/archive/2023/03/PXD022872/20160620_RimodF_2.2.wiff	v1.1.0	NT=ms-proteomics;VV=v1.1.0	NT=dia-acquisition;VV=v1.1.0	manual curation	liver
20170817_RiMod_K_1_1	homo sapiens	liver	not applicable	frontotemporal dementia	1	20170817_RiMod_K_1_1	proteomic profiling by mass spectrometry	Data-independent acquisition	NT=isotope labeling;AC=PRIDE:0000310	NT=tripletof 5600;AC=MS:1000932	NT=Carbamidomethyl;AC=UNIMOD:4;TA=C;MT=Fixed	NT=TMT6plex;AC=UNIMOD:737;TA=K;MT=Fixed	NT=Trypsin;AC=MS:1001251	not available	strong cation-exchange chromatography (scx)	iodoacetamide (iaa)	1	1	20170817_RiMod_K_1_1.wiff	ftp://ftp.pride.ebi.ac.uk/pride/data/archive/2023/03/PXD022872/20170817_RiMod_K_1_1.wiff	v1.1.0	NT=ms-proteomics;VV=v1.1.0	NT=dia-acquisition;VV=v1.1.0	manual curation	liver
20161121_RiMod_I_2.1	homo sapiens	liver	not applicable	frontotemporal dementia	1	20161121_RiMod_I_2.1	proteomic profiling by mass spectrometry	Data-independent acquisition	NT=isotope labeling;AC=PRIDE:0000310	NT=tripletof 5600;AC=MS:1000932	NT=Carbamidomethyl;AC=UNIMOD:4;TA=C;MT=Fixed	NT=TMT6plex;AC=UNIMOD:737;TA=K;MT=Fixed	NT=Trypsin;AC=MS:1001251	not available	strong cation-exchange chromatography (scx)	iodoacetamide (iaa)	1	1	20161121_RiMod_I_2.1.wiff	ftp://ftp.pride.ebi.ac.uk/pride/data/archive/2023/03/PXD022872/20161121_RiMod_I_2.1.wiff	v1.1.0	NT=ms-proteomics;VV=v1.1.0	NT=dia-acquisition;VV=v1.1.0	manual curation	liver
20170822_RiMod_L_2_1	homo sapiens	liver	not applicable	frontotemporal dementia	1	20170822_RiMod_L_2_1	proteomic profiling by mass spectrometry	Data-independent acquisition	NT=isotope labeling;AC=PRIDE:0000310	NT=tripletof 5600;AC=MS:1000932	NT=Carbamidomethyl;AC=UNIMOD:4;TA=C;MT=Fixed	NT=TMT6plex;AC=UNIMOD:737;TA=K;MT=Fixed	NT=Trypsin;AC=MS:1001251	not available	strong cation-exchange chromatography (scx)	iodoacetamide (iaa)	1	1	20170822_RiMod_L_2_1.wiff	ftp://ftp.pride.ebi.ac.uk/pride/data/archive/2023/03/PXD022872/20170822_RiMod_L_2_1.wiff	v1.1.0	NT=ms-proteomics;VV=v1.1.0	NT=dia-acquisition;VV=v1.1.0	manual curation	liver
20161121_RiMod_I_4.1	homo sapiens	liver	not applicable	frontotemporal dementia	1	20161121_RiMod_I_4.1	proteomic profiling by mass spectrometry	Data-independent acquisition	NT=isotope labeling;AC=PRIDE:0000310	NT=tripletof 5600;AC=MS:1000932	NT=Carbamidomethyl;AC=UNIMOD:4;TA=C;MT=Fixed	NT=TMT6plex;AC=UNIMOD:737;TA=K;MT=Fixed	NT=Trypsin;AC=MS:1001251	not available	strong cation-exchange chromatography (scx)	iodoacetamide (iaa)	1	1	20161121_RiMod_I_4.1.wiff	ftp://ftp.pride.ebi.ac.uk/pride/data/archive/2023/03/PXD022872/20161121_RiMod_I_4.1.wiff	v1.1.0	NT=ms-proteomics;VV=v1.1.0	NT=dia-acquisition;VV=v1.1.0	manual curation	liver
FTD_A6_3	homo sapiens	liver	not applicable	frontotemporal dementia	3	FTD_A6_3	proteomic profiling by mass spectrometry	Data-independent acquisition	NT=isotope labeling;AC=PRIDE:0000310	NT=tripletof 5600;AC=MS:1000932	NT=Carbamidomethyl;AC=UNIMOD:4;TA=C;MT=Fixed	NT=TMT6plex;AC=UNIMOD:737;TA=K;MT=Fixed	NT=Trypsin;AC=MS:1001251	not available	strong cation-exchange chromatography (scx)	iodoacetamide (iaa)	1	1	FTD_A6_3.wiff	ftp://ftp.pride.ebi.ac.uk/pride/data/archive/2023/03/PXD022872/FTD_A6_3.wiff	v1.1.0	NT=ms-proteomics;VV=v1.1.0	NT=dia-acquisition;VV=v1.1.0	manual curation	liver
FTD_A8_3	homo sapiens	liver	not applicable	frontotemporal dementia	3	FTD_A8_3	proteomic profiling by mass spectrometry	Data-independent acquisition	NT=isotope labeling;AC=PRIDE:0000310	NT=tripletof 5600;AC=MS:1000932	NT=Carbamidomethyl;AC=UNIMOD:4;TA=C;MT=Fixed	NT=TMT6plex;AC=UNIMOD:737;TA=K;MT=Fixed	NT=Trypsin;AC=MS:1001251	not available	strong cation-exchange chromatography (scx)	iodoacetamide (iaa)	1	1	FTD_A8_3.wiff	ftp://ftp.pride.ebi.ac.uk/pride/data/archive/2023/03/PXD022872/FTD_A8_3.wiff	v1.1.0	NT=ms-proteomics;VV=v1.1.0	NT=dia-acquisition;VV=v1.1.0	manual curation	liver
20161118_RiMod_H_5.4	homo sapiens	liver	not applicable	frontotemporal dementia	4	20161118_RiMod_H_5.4	proteomic profiling by mass spectrometry	Data-independent acquisition	NT=isotope labeling;AC=PRIDE:0000310	NT=tripletof 5600;AC=MS:1000932	NT=Carbamidomethyl;AC=UNIMOD:4;TA=C;MT=Fixed	NT=TMT6plex;AC=UNIMOD:737;TA=K;MT=Fixed	NT=Trypsin;AC=MS:1001251	not available	strong cation-exchange chromatography (scx)	iodoacetamide (iaa)	1	1	20161118_RiMod_H_5.4.wiff	ftp://ftp.pride.ebi.ac.uk/pride/data/archive/2023/03/PXD022872/20161118_RiMod_H_5.4.wiff	v1.1.0	NT=ms-proteomics;VV=v1.1.0	NT=dia-acquisition;VV=v1.1.0	manual curation	liver
FTD_A4_2	homo sapiens	liver	not applicable	frontotemporal dementia	2	FTD_A4_2	proteomic profiling by mass spectrometry	Data-independent acquisition	NT=isotope labeling;AC=PRIDE:0000310	NT=tripletof 5600;AC=MS:1000932	NT=Carbamidomethyl;AC=UNIMOD:4;TA=C;MT=Fixed	NT=TMT6plex;AC=UNIMOD:737;TA=K;MT=Fixed	NT=Trypsin;AC=MS:1001251	not available	strong cation-exchange chromatography (scx)	iodoacetamide (iaa)	1	1	FTD_A4_2.wiff	ftp://ftp.pride.ebi.ac.uk/pride/data/archive/2023/03/PXD022872/FTD_A4_2.wiff	v1.1.0	NT=ms-proteomics;VV=v1.1.0	NT=dia-acquisition;VV=v1.1.0	manual curation	liver
20160620_RimodF_3.4	homo sapiens	liver	not applicable	frontotemporal dementia	4	20160620_RimodF_3.4	proteomic profiling by mass spectrometry	Data-independent acquisition	NT=isotope labeling;AC=PRIDE:0000310	NT=tripletof 5600;AC=MS:1000932	NT=Carbamidomethyl;AC=UNIMOD:4;TA=C;MT=Fixed	NT=TMT6plex;AC=UNIMOD:737;TA=K;MT=Fixed	NT=Trypsin;AC=MS:1001251	not available	strong cation-exchange chromatography (scx)	iodoacetamide (iaa)	1	1	20160620_RimodF_3.4.wiff	ftp://ftp.pride.ebi.ac.uk/pride/data/archive/2023/03/PXD022872/20160620_RimodF_3.4.wiff	v1.1.0	NT=ms-proteomics;VV=v1.1.0	NT=dia-acquisition;VV=v1.1.0	manual curation	liver
20170817_RiMod_K_8_4	homo sapiens	liver	not applicable	frontotemporal dementia	4	20170817_RiMod_K_8_4	proteomic profiling by mass spectrometry	Data-independent acquisition	NT=isotope labeling;AC=PRIDE:0000310	NT=tripletof 5600;AC=MS:1000932	NT=Carbamidomethyl;AC=UNIMOD:4;TA=C;MT=Fixed	NT=TMT6plex;AC=UNIMOD:737;TA=K;MT=Fixed	NT=Trypsin;AC=MS:1001251	not available	strong cation-exchange chromatography (scx)	iodoacetamide (iaa)	1	1	20170817_RiMod_K_8_4.wiff	ftp://ftp.pride.ebi.ac.uk/pride/data/archive/2023/03/PXD022872/20170817_RiMod_K_8_4.wiff	v1.1.0	NT=ms-proteomics;VV=v1.1.0	NT=dia-acquisition;VV=v1.1.0	manual curation	liver
20151118_FTD_D2_2	homo sapiens	liver	not applicable	frontotemporal dementia	2	20151118_FTD_D2_2	proteomic profiling by mass spectrometry	Data-independent acquisition	NT=isotope labeling;AC=PRIDE:0000310	NT=tripletof 5600;AC=MS:1000932	NT=Carbamidomethyl;AC=UNIMOD:4;TA=C;MT=Fixed	NT=TMT6plex;AC=UNIMOD:737;TA=K;MT=Fixed	NT=Trypsin;AC=MS:1001251	not available	strong cation-exchange chromatography (scx)	iodoacetamide (iaa)	1	1	20151118_FTD_D2_2.wiff	ftp://ftp.pride.ebi.ac.uk/pride/data/archive/2023/03/PXD022872/20151118_FTD_D2_2.wiff	v1.1.0	NT=ms-proteomics;VV=v1.1.0	NT=dia-acquisition;VV=v1.1.0	manual curation	liver
20160622_RimodF_9.1	homo sapiens	liver	not applicable	frontotemporal dementia	1	20160622_RimodF_9.1	proteomic profiling by mass spectrometry	Data-independent acquisition	NT=isotope labeling;AC=PRIDE:0000310	NT=tripletof 5600;AC=MS:1000932	NT=Carbamidomethyl;AC=UNIMOD:4;TA=C;MT=Fixed	NT=TMT6plex;AC=UNIMOD:737;TA=K;MT=Fixed	NT=Trypsin;AC=MS:1001251	not available	strong cation-exchange chromatography (scx)	iodoacetamide (iaa)	1	1	20160622_RimodF_9.1.wiff	ftp://ftp.pride.ebi.ac.uk/pride/data/archive/2023/03/PXD022872/20160622_RimodF_9.1.wiff	v1.1.0	NT=ms-proteomics;VV=v1.1.0	NT=dia-acquisition;VV=v1.1.0	manual curation	liver
20160303_Rimod_E_3.1	homo sapiens	liver	not applicable	frontotemporal dementia	1	20160303_Rimod_E_3.1	proteomic profiling by mass spectrometry	Data-independent acquisition	NT=isotope labeling;AC=PRIDE:0000310	NT=tripletof 5600;AC=MS:1000932	NT=Carbamidomethyl;AC=UNIMOD:4;TA=C;MT=Fixed	NT=TMT6plex;AC=UNIMOD:737;TA=K;MT=Fixed	NT=Trypsin;AC=MS:1001251	not available	strong cation-exchange chromatography (scx)	iodoacetamide (iaa)	1	1	20160303_Rimod_E_3.1.wiff	ftp://ftp.pride.ebi.ac.uk/pride/data/archive/2023/03/PXD022872/20160303_Rimod_E_3.1.wiff	v1.1.0	NT=ms-proteomics;VV=v1.1.0	NT=dia-acquisition;VV=v1.1.0	manual curation	liver
20170817_RiMod_K_5_4	homo sapiens	liver	not applicable	frontotemporal dementia	4	20170817_RiMod_K_5_4	proteomic profiling by mass spectrometry	Data-independent acquisition	NT=isotope labeling;AC=PRIDE:0000310	NT=tripletof 5600;AC=MS:1000932	NT=Carbamidomethyl;AC=UNIMOD:4;TA=C;MT=Fixed	NT=TMT6plex;AC=UNIMOD:737;TA=K;MT=Fixed	NT=Trypsin;AC=MS:1001251	not available	strong cation-exchange chromatography (scx)	iodoacetamide (iaa)	1	1	20170817_RiMod_K_5_4.wiff	ftp://ftp.pride.ebi.ac.uk/pride/data/archive/2023/03/PXD022872/20170817_RiMod_K_5_4.wiff	v1.1.0	NT=ms-proteomics;VV=v1.1.0	NT=dia-acquisition;VV=v1.1.0	manual curation	liver
20160627_Rimod_G_5.2	homo sapiens	liver	not applicable	frontotemporal dementia	2	20160627_Rimod_G_5.2	proteomic profiling by mass spectrometry	Data-independent acquisition	NT=isotope labeling;AC=PRIDE:0000310	NT=tripletof 5600;AC=MS:1000932	NT=Carbamidomethyl;AC=UNIMOD:4;TA=C;MT=Fixed	NT=TMT6plex;AC=UNIMOD:737;TA=K;MT=Fixed	NT=Trypsin;AC=MS:1001251	not available	strong cation-exchange chromatography (scx)	iodoacetamide (iaa)	1	1	20160627_Rimod_G_5.2.wiff	ftp://ftp.pride.ebi.ac.uk/pride/data/archive/2023/03/PXD022872/20160627_Rimod_G_5.2.wiff	v1.1.0	NT=ms-proteomics;VV=v1.1.0	NT=dia-acquisition;VV=v1.1.0	manual curation	liver
20151118_FTD_D2_1	homo sapiens	liver	not applicable	frontotemporal dementia	1	20151118_FTD_D2_1	proteomic profiling by mass spectrometry	Data-independent acquisition	NT=isotope labeling;AC=PRIDE:0000310	NT=tripletof 5600;AC=MS:1000932	NT=Carbamidomethyl;AC=UNIMOD:4;TA=C;MT=Fixed	NT=TMT6plex;AC=UNIMOD:737;TA=K;MT=Fixed	NT=Trypsin;AC=MS:1001251	not available	strong cation-exchange chromatography (scx)	iodoacetamide (iaa)	1	1	20151118_FTD_D2_1.wiff	ftp://ftp.pride.ebi.ac.uk/pride/data/archive/2023/03/PXD022872/20151118_FTD_D2_1.wiff	v1.1.0	NT=ms-proteomics;VV=v1.1.0	NT=dia-acquisition;VV=v1.1.0	manual curation	liver
FTD_C10_1	homo sapiens	liver	not applicable	frontotemporal dementia	1	FTD_C10_1	proteomic profiling by mass spectrometry	Data-independent acquisition	NT=isotope labeling;AC=PRIDE:0000310	NT=tripletof 5600;AC=MS:1000932	NT=Carbamidomethyl;AC=UNIMOD:4;TA=C;MT=Fixed	NT=TMT6plex;AC=UNIMOD:737;TA=K;MT=Fixed	NT=Trypsin;AC=MS:1001251	not available	strong cation-exchange chromatography (scx)	iodoacetamide (iaa)	1	1	FTD_C10_1.wiff	ftp://ftp.pride.ebi.ac.uk/pride/data/archive/2023/03/PXD022872/FTD_C10_1.wiff	v1.1.0	NT=ms-proteomics;VV=v1.1.0	NT=dia-acquisition;VV=v1.1.0	manual curation	liver
20161121_RiMod_I_8.2	homo sapiens	liver	not applicable	frontotemporal dementia	2	20161121_RiMod_I_8.2	proteomic profiling by mass spectrometry	Data-independent acquisition	NT=isotope labeling;AC=PRIDE:0000310	NT=tripletof 5600;AC=MS:1000932	NT=Carbamidomethyl;AC=UNIMOD:4;TA=C;MT=Fixed	NT=TMT6plex;AC=UNIMOD:737;TA=K;MT=Fixed	NT=Trypsin;AC=MS:1001251	not available	strong cation-exchange chromatography (scx)	iodoacetamide (iaa)	1	1	20161121_RiMod_I_8.2.wiff	ftp://ftp.pride.ebi.ac.uk/pride/data/archive/2023/03/PXD022872/20161121_RiMod_I_8.2.wiff	v1.1.0	NT=ms-proteomics;VV=v1.1.0	NT=dia-acquisition;VV=v1.1.0	manual curation	liver
20170817_RiMod_K_10_3	homo sapiens	liver	not applicable	frontotemporal dementia	3	20170817_RiMod_K_10_3	proteomic profiling by mass spectrometry	Data-independent acquisition	NT=isotope labeling;AC=PRIDE:0000310	NT=tripletof 5600;AC=MS:1000932	NT=Carbamidomethyl;AC=UNIMOD:4;TA=C;MT=Fixed	NT=TMT6plex;AC=UNIMOD:737;TA=K;MT=Fixed	NT=Trypsin;AC=MS:1001251	not available	strong cation-exchange chromatography (scx)	iodoacetamide (iaa)	1	1	20170817_RiMod_K_10_3.wiff	ftp://ftp.pride.ebi.ac.uk/pride/data/archive/2023/03/PXD022872/20170817_RiMod_K_10_3.wiff	v1.1.0	NT=ms-proteomics;VV=v1.1.0	NT=dia-acquisition;VV=v1.1.0	manual curation	liver
FTD_A9_1	homo sapiens	liver	not applicable	frontotemporal dementia	1	FTD_A9_1	proteomic profiling by mass spectrometry	Data-independent acquisition	NT=isotope labeling;AC=PRIDE:0000310	NT=tripletof 5600;AC=MS:1000932	NT=Carbamidomethyl;AC=UNIMOD:4;TA=C;MT=Fixed	NT=TMT6plex;AC=UNIMOD:737;TA=K;MT=Fixed	NT=Trypsin;AC=MS:1001251	not available	strong cation-exchange chromatography (scx)	iodoacetamide (iaa)	1	1	FTD_A9_1.wiff	ftp://ftp.pride.ebi.ac.uk/pride/data/archive/2023/03/PXD022872/FTD_A9_1.wiff	v1.1.0	NT=ms-proteomics;VV=v1.1.0	NT=dia-acquisition;VV=v1.1.0	manual curation	liver
20160625_Rimod_G_2.2	homo sapiens	liver	not applicable	frontotemporal dementia	2	20160625_Rimod_G_2.2	proteomic profiling by mass spectrometry	Data-independent acquisition	NT=isotope labeling;AC=PRIDE:0000310	NT=tripletof 5600;AC=MS:1000932	NT=Carbamidomethyl;AC=UNIMOD:4;TA=C;MT=Fixed	NT=TMT6plex;AC=UNIMOD:737;TA=K;MT=Fixed	NT=Trypsin;AC=MS:1001251	not available	strong cation-exchange chromatography (scx)	iodoacetamide (iaa)	1	1	20160625_Rimod_G_2.2.wiff	ftp://ftp.pride.ebi.ac.uk/pride/data/archive/2023/03/PXD022872/20160625_Rimod_G_2.2.wiff	v1.1.0	NT=ms-proteomics;VV=v1.1.0	NT=dia-acquisition;VV=v1.1.0	manual curation	liver
20161118_RiMod_H_6.4	homo sapiens	liver	not applicable	frontotemporal dementia	4	20161118_RiMod_H_6.4	proteomic profiling by mass spectrometry	Data-independent acquisition	NT=isotope labeling;AC=PRIDE:0000310	NT=tripletof 5600;AC=MS:1000932	NT=Carbamidomethyl;AC=UNIMOD:4;TA=C;MT=Fixed	NT=TMT6plex;AC=UNIMOD:737;TA=K;MT=Fixed	NT=Trypsin;AC=MS:1001251	not available	strong cation-exchange chromatography (scx)	iodoacetamide (iaa)	1	1	20161118_RiMod_H_6.4.wiff	ftp://ftp.pride.ebi.ac.uk/pride/data/archive/2023/03/PXD022872/20161118_RiMod_H_6.4.wiff	v1.1.0	NT=ms-proteomics;VV=v1.1.0	NT=dia-acquisition;VV=v1.1.0	manual curation	liver
20160625_Rimod_G_1.1	homo sapiens	liver	not applicable	frontotemporal dementia	1	20160625_Rimod_G_1.1	proteomic profiling by mass spectrometry	Data-independent acquisition	NT=isotope labeling;AC=PRIDE:0000310	NT=tripletof 5600;AC=MS:1000932	NT=Carbamidomethyl;AC=UNIMOD:4;TA=C;MT=Fixed	NT=TMT6plex;AC=UNIMOD:737;TA=K;MT=Fixed	NT=Trypsin;AC=MS:1001251	not available	strong cation-exchange chromatography (scx)	iodoacetamide (iaa)	1	1	20160625_Rimod_G_1.1.wiff	ftp://ftp.pride.ebi.ac.uk/pride/data/archive/2023/03/PXD022872/20160625_Rimod_G_1.1.wiff	v1.1.0	NT=ms-proteomics;VV=v1.1.0	NT=dia-acquisition;VV=v1.1.0	manual curation	liver
FTD_C9_4	homo sapiens	liver	not applicable	frontotemporal dementia	4	FTD_C9_4	proteomic profiling by mass spectrometry	Data-independent acquisition	NT=isotope labeling;AC=PRIDE:0000310	NT=tripletof 5600;AC=MS:1000932	NT=Carbamidomethyl;AC=UNIMOD:4;TA=C;MT=Fixed	NT=TMT6plex;AC=UNIMOD:737;TA=K;MT=Fixed	NT=Trypsin;AC=MS:1001251	not available	strong cation-exchange chromatography (scx)	iodoacetamide (iaa)	1	1	FTD_C9_4.wiff	ftp://ftp.pride.ebi.ac.uk/pride/data/archive/2023/03/PXD022872/FTD_C9_4.wiff	v1.1.0	NT=ms-proteomics;VV=v1.1.0	NT=dia-acquisition;VV=v1.1.0	manual curation	liver
20170822_RiMod_L_8_4	homo sapiens	liver	not applicable	frontotemporal dementia	4	20170822_RiMod_L_8_4	proteomic profiling by mass spectrometry	Data-independent acquisition	NT=isotope labeling;AC=PRIDE:0000310	NT=tripletof 5600;AC=MS:1000932	NT=Carbamidomethyl;AC=UNIMOD:4;TA=C;MT=Fixed	NT=TMT6plex;AC=UNIMOD:737;TA=K;MT=Fixed	NT=Trypsin;AC=MS:1001251	not available	strong cation-exchange chromatography (scx)	iodoacetamide (iaa)	1	1	20170822_RiMod_L_8_4.wiff	ftp://ftp.pride.ebi.ac.uk/pride/data/archive/2023/03/PXD022872/20170822_RiMod_L_8_4.wiff	v1.1.0	NT=ms-proteomics;VV=v1.1.0	NT=dia-acquisition;VV=v1.1.0	manual curation	liver
FTD_B1_2	homo sapiens	liver	not applicable	frontotemporal dementia	2	FTD_B1_2	proteomic profiling by mass spectrometry	Data-independent acquisition	NT=isotope labeling;AC=PRIDE:0000310	NT=tripletof 5600;AC=MS:1000932	NT=Carbamidomethyl;AC=UNIMOD:4;TA=C;MT=Fixed	NT=TMT6plex;AC=UNIMOD:737;TA=K;MT=Fixed	NT=Trypsin;AC=MS:1001251	not available	strong cation-exchange chromatography (scx)	iodoacetamide (iaa)	1	1	FTD_B1_2.wiff	ftp://ftp.pride.ebi.ac.uk/pride/data/archive/2023/03/PXD022872/FTD_B1_2.wiff	v1.1.0	NT=ms-proteomics;VV=v1.1.0	NT=dia-acquisition;VV=v1.1.0	manual curation	liver
20170817_RiMod_K_4_1	homo sapiens	liver	not applicable	frontotemporal dementia	1	20170817_RiMod_K_4_1	proteomic profiling by mass spectrometry	Data-independent acquisition	NT=isotope labeling;AC=PRIDE:0000310	NT=tripletof 5600;AC=MS:1000932	NT=Carbamidomethyl;AC=UNIMOD:4;TA=C;MT=Fixed	NT=TMT6plex;AC=UNIMOD:737;TA=K;MT=Fixed	NT=Trypsin;AC=MS:1001251	not available	strong cation-exchange chromatography (scx)	iodoacetamide (iaa)	1	1	20170817_RiMod_K_4_1.wiff	ftp://ftp.pride.ebi.ac.uk/pride/data/archive/2023/03/PXD022872/20170817_RiMod_K_4_1.wiff	v1.1.0	NT=ms-proteomics;VV=v1.1.0	NT=dia-acquisition;VV=v1.1.0	manual curation	liver
20160303_Rimod_E_4.3	homo sapiens	liver	not applicable	frontotemporal dementia	3	20160303_Rimod_E_4.3	proteomic profiling by mass spectrometry	Data-independent acquisition	NT=isotope labeling;AC=PRIDE:0000310	NT=tripletof 5600;AC=MS:1000932	NT=Carbamidomethyl;AC=UNIMOD:4;TA=C;MT=Fixed	NT=TMT6plex;AC=UNIMOD:737;TA=K;MT=Fixed	NT=Trypsin;AC=MS:1001251	not available	strong cation-exchange chromatography (scx)	iodoacetamide (iaa)	1	1	20160303_Rimod_E_4.3.wiff	ftp://ftp.pride.ebi.ac.uk/pride/data/archive/2023/03/PXD022872/20160303_Rimod_E_4.3.wiff	v1.1.0	NT=ms-proteomics;VV=v1.1.0	NT=dia-acquisition;VV=v1.1.0	manual curation	liver
FTD_B8_4	homo sapiens	liver	not applicable	frontotemporal dementia	4	FTD_B8_4	proteomic profiling by mass spectrometry	Data-independent acquisition	NT=isotope labeling;AC=PRIDE:0000310	NT=tripletof 5600;AC=MS:1000932	NT=Carbamidomethyl;AC=UNIMOD:4;TA=C;MT=Fixed	NT=TMT6plex;AC=UNIMOD:737;TA=K;MT=Fixed	NT=Trypsin;AC=MS:1001251	not available	strong cation-exchange chromatography (scx)	iodoacetamide (iaa)	1	1	FTD_B8_4.wiff	ftp://ftp.pride.ebi.ac.uk/pride/data/archive/2023/03/PXD022872/FTD_B8_4.wiff	v1.1.0	NT=ms-proteomics;VV=v1.1.0	NT=dia-acquisition;VV=v1.1.0	manual curation	liver
20151119_FTD_D7_4	homo sapiens	liver	not applicable	frontotemporal dementia	4	20151119_FTD_D7_4	proteomic profiling by mass spectrometry	Data-independent acquisition	NT=isotope labeling;AC=PRIDE:0000310	NT=tripletof 5600;AC=MS:1000932	NT=Carbamidomethyl;AC=UNIMOD:4;TA=C;MT=Fixed	NT=TMT6plex;AC=UNIMOD:737;TA=K;MT=Fixed	NT=Trypsin;AC=MS:1001251	not available	strong cation-exchange chromatography (scx)	iodoacetamide (iaa)	1	1	20151119_FTD_D7_4.wiff	ftp://ftp.pride.ebi.ac.uk/pride/data/archive/2023/03/PXD022872/20151119_FTD_D7_4.wiff	v1.1.0	NT=ms-proteomics;VV=v1.1.0	NT=dia-acquisition;VV=v1.1.0	manual curation	liver
20161121_RiMod_I_3.4	homo sapiens	liver	not applicable	frontotemporal dementia	4	20161121_RiMod_I_3.4	proteomic profiling by mass spectrometry	Data-independent acquisition	NT=isotope labeling;AC=PRIDE:0000310	NT=tripletof 5600;AC=MS:1000932	NT=Carbamidomethyl;AC=UNIMOD:4;TA=C;MT=Fixed	NT=TMT6plex;AC=UNIMOD:737;TA=K;MT=Fixed	NT=Trypsin;AC=MS:1001251	not available	strong cation-exchange chromatography (scx)	iodoacetamide (iaa)	1	1	20161121_RiMod_I_3.4.wiff	ftp://ftp.pride.ebi.ac.uk/pride/data/archive/2023/03/PXD022872/20161121_RiMod_I_3.4.wiff	v1.1.0	NT=ms-proteomics;VV=v1.1.0	NT=dia-acquisition;VV=v1.1.0	manual curation	liver
20170822_RiMod_L_2_3	homo sapiens	liver	not applicable	frontotemporal dementia	3	20170822_RiMod_L_2_3	proteomic profiling by mass spectrometry	Data-independent acquisition	NT=isotope labeling;AC=PRIDE:0000310	NT=tripletof 5600;AC=MS:1000932	NT=Carbamidomethyl;AC=UNIMOD:4;TA=C;MT=Fixed	NT=TMT6plex;AC=UNIMOD:737;TA=K;MT=Fixed	NT=Trypsin;AC=MS:1001251	not available	strong cation-exchange chromatography (scx)	iodoacetamide (iaa)	1	1	20170822_RiMod_L_2_3.wiff	ftp://ftp.pride.ebi.ac.uk/pride/data/archive/2023/03/PXD022872/20170822_RiMod_L_2_3.wiff	v1.1.0	NT=ms-proteomics;VV=v1.1.0	NT=dia-acquisition;VV=v1.1.0	manual curation	liver
20161121_RiMod_I_7.3	homo sapiens	liver	not applicable	frontotemporal dementia	3	20161121_RiMod_I_7.3	proteomic profiling by mass spectrometry	Data-independent acquisition	NT=isotope labeling;AC=PRIDE:0000310	NT=tripletof 5600;AC=MS:1000932	NT=Carbamidomethyl;AC=UNIMOD:4;TA=C;MT=Fixed	NT=TMT6plex;AC=UNIMOD:737;TA=K;MT=Fixed	NT=Trypsin;AC=MS:1001251	not available	strong cation-exchange chromatography (scx)	iodoacetamide (iaa)	1	1	20161121_RiMod_I_7.3.wiff	ftp://ftp.pride.ebi.ac.uk/pride/data/archive/2023/03/PXD022872/20161121_RiMod_I_7.3.wiff	v1.1.0	NT=ms-proteomics;VV=v1.1.0	NT=dia-acquisition;VV=v1.1.0	manual curation	liver
20161118_RiMod_H_9.2	homo sapiens	liver	not applicable	frontotemporal dementia	2	20161118_RiMod_H_9.2	proteomic profiling by mass spectrometry	Data-independent acquisition	NT=isotope labeling;AC=PRIDE:0000310	NT=tripletof 5600;AC=MS:1000932	NT=Carbamidomethyl;AC=UNIMOD:4;TA=C;MT=Fixed	NT=TMT6plex;AC=UNIMOD:737;TA=K;MT=Fixed	NT=Trypsin;AC=MS:1001251	not available	strong cation-exchange chromatography (scx)	iodoacetamide (iaa)	1	1	20161118_RiMod_H_9.2.wiff	ftp://ftp.pride.ebi.ac.uk/pride/data/archive/2023/03/PXD022872/20161118_RiMod_H_9.2.wiff	v1.1.0	NT=ms-proteomics;VV=v1.1.0	NT=dia-acquisition;VV=v1.1.0	manual curation	liver
20161118_RiMod_H_6.2	homo sapiens	liver	not applicable	frontotemporal dementia	2	20161118_RiMod_H_6.2	proteomic profiling by mass spectrometry	Data-independent acquisition	NT=isotope labeling;AC=PRIDE:0000310	NT=tripletof 5600;AC=MS:1000932	NT=Carbamidomethyl;AC=UNIMOD:4;TA=C;MT=Fixed	NT=TMT6plex;AC=UNIMOD:737;TA=K;MT=Fixed	NT=Trypsin;AC=MS:1001251	not available	strong cation-exchange chromatography (scx)	iodoacetamide (iaa)	1	1	20161118_RiMod_H_6.2.wiff	ftp://ftp.pride.ebi.ac.uk/pride/data/archive/2023/03/PXD022872/20161118_RiMod_H_6.2.wiff	v1.1.0	NT=ms-proteomics;VV=v1.1.0	NT=dia-acquisition;VV=v1.1.0	manual curation	liver
20160622_RimodF_7.1	homo sapiens	liver	not applicable	frontotemporal dementia	1	20160622_RimodF_7.1	proteomic profiling by mass spectrometry	Data-independent acquisition	NT=isotope labeling;AC=PRIDE:0000310	NT=tripletof 5600;AC=MS:1000932	NT=Carbamidomethyl;AC=UNIMOD:4;TA=C;MT=Fixed	NT=TMT6plex;AC=UNIMOD:737;TA=K;MT=Fixed	NT=Trypsin;AC=MS:1001251	not available	strong cation-exchange chromatography (scx)	iodoacetamide (iaa)	1	1	20160622_RimodF_7.1.wiff	ftp://ftp.pride.ebi.ac.uk/pride/data/archive/2023/03/PXD022872/20160622_RimodF_7.1.wiff	v1.1.0	NT=ms-proteomics;VV=v1.1.0	NT=dia-acquisition;VV=v1.1.0	manual curation	liver
20161118_RiMod_H_8.3	homo sapiens	liver	not applicable	frontotemporal dementia	3	20161118_RiMod_H_8.3	proteomic profiling by mass spectrometry	Data-independent acquisition	NT=isotope labeling;AC=PRIDE:0000310	NT=tripletof 5600;AC=MS:1000932	NT=Carbamidomethyl;AC=UNIMOD:4;TA=C;MT=Fixed	NT=TMT6plex;AC=UNIMOD:737;TA=K;MT=Fixed	NT=Trypsin;AC=MS:1001251	not available	strong cation-exchange chromatography (scx)	iodoacetamide (iaa)	1	1	20161118_RiMod_H_8.3.wiff	ftp://ftp.pride.ebi.ac.uk/pride/data/archive/2023/03/PXD022872/20161118_RiMod_H_8.3.wiff	v1.1.0	NT=ms-proteomics;VV=v1.1.0	NT=dia-acquisition;VV=v1.1.0	manual curation	liver
20160622_RimodF_10.3	homo sapiens	liver	not applicable	frontotemporal dementia	3	20160622_RimodF_10.3	proteomic profiling by mass spectrometry	Data-independent acquisition	NT=isotope labeling;AC=PRIDE:0000310	NT=tripletof 5600;AC=MS:1000932	NT=Carbamidomethyl;AC=UNIMOD:4;TA=C;MT=Fixed	NT=TMT6plex;AC=UNIMOD:737;TA=K;MT=Fixed	NT=Trypsin;AC=MS:1001251	not available	strong cation-exchange chromatography (scx)	iodoacetamide (iaa)	1	1	20160622_RimodF_10.3.wiff	ftp://ftp.pride.ebi.ac.uk/pride/data/archive/2023/03/PXD022872/20160622_RimodF_10.3.wiff	v1.1.0	NT=ms-proteomics;VV=v1.1.0	NT=dia-acquisition;VV=v1.1.0	manual curation	liver
FTD_B7_2	homo sapiens	liver	not applicable	frontotemporal dementia	2	FTD_B7_2	proteomic profiling by mass spectrometry	Data-independent acquisition	NT=isotope labeling;AC=PRIDE:0000310	NT=tripletof 5600;AC=MS:1000932	NT=Carbamidomethyl;AC=UNIMOD:4;TA=C;MT=Fixed	NT=TMT6plex;AC=UNIMOD:737;TA=K;MT=Fixed	NT=Trypsin;AC=MS:1001251	not available	strong cation-exchange chromatography (scx)	iodoacetamide (iaa)	1	1	FTD_B7_2.wiff	ftp://ftp.pride.ebi.ac.uk/pride/data/archive/2023/03/PXD022872/FTD_B7_2.wiff	v1.1.0	NT=ms-proteomics;VV=v1.1.0	NT=dia-acquisition;VV=v1.1.0	manual curation	liver
20151119_FTD_D3_1	homo sapiens	liver	not applicable	frontotemporal dementia	1	20151119_FTD_D3_1	proteomic profiling by mass spectrometry	Data-independent acquisition	NT=isotope labeling;AC=PRIDE:0000310	NT=tripletof 5600;AC=MS:1000932	NT=Carbamidomethyl;AC=UNIMOD:4;TA=C;MT=Fixed	NT=TMT6plex;AC=UNIMOD:737;TA=K;MT=Fixed	NT=Trypsin;AC=MS:1001251	not available	strong cation-exchange chromatography (scx)	iodoacetamide (iaa)	1	1	20151119_FTD_D3_1.wiff	ftp://ftp.pride.ebi.ac.uk/pride/data/archive/2023/03/PXD022872/20151119_FTD_D3_1.wiff	v1.1.0	NT=ms-proteomics;VV=v1.1.0	NT=dia-acquisition;VV=v1.1.0	manual curation	liver
20151118_FTD_D1_3	homo sapiens	liver	not applicable	frontotemporal dementia	3	20151118_FTD_D1_3	proteomic profiling by mass spectrometry	Data-independent acquisition	NT=isotope labeling;AC=PRIDE:0000310	NT=tripletof 5600;AC=MS:1000932	NT=Carbamidomethyl;AC=UNIMOD:4;TA=C;MT=Fixed	NT=TMT6plex;AC=UNIMOD:737;TA=K;MT=Fixed	NT=Trypsin;AC=MS:1001251	not available	strong cation-exchange chromatography (scx)	iodoacetamide (iaa)	1	1	20151118_FTD_D1_3.wiff	ftp://ftp.pride.ebi.ac.uk/pride/data/archive/2023/03/PXD022872/20151118_FTD_D1_3.wiff	v1.1.0	NT=ms-proteomics;VV=v1.1.0	NT=dia-acquisition;VV=v1.1.0	manual curation	liver
FTD_B9_3	homo sapiens	liver	not applicable	frontotemporal dementia	3	FTD_B9_3	proteomic profiling by mass spectrometry	Data-independent acquisition	NT=isotope labeling;AC=PRIDE:0000310	NT=tripletof 5600;AC=MS:1000932	NT=Carbamidomethyl;AC=UNIMOD:4;TA=C;MT=Fixed	NT=TMT6plex;AC=UNIMOD:737;TA=K;MT=Fixed	NT=Trypsin;AC=MS:1001251	not available	strong cation-exchange chromatography (scx)	iodoacetamide (iaa)	1	1	FTD_B9_3.wiff	ftp://ftp.pride.ebi.ac.uk/pride/data/archive/2023/03/PXD022872/FTD_B9_3.wiff	v1.1.0	NT=ms-proteomics;VV=v1.1.0	NT=dia-acquisition;VV=v1.1.0	manual curation	liver
20160620_RimodF_5.1	homo sapiens	liver	not applicable	frontotemporal dementia	1	20160620_RimodF_5.1	proteomic profiling by mass spectrometry	Data-independent acquisition	NT=isotope labeling;AC=PRIDE:0000310	NT=tripletof 5600;AC=MS:1000932	NT=Carbamidomethyl;AC=UNIMOD:4;TA=C;MT=Fixed	NT=TMT6plex;AC=UNIMOD:737;TA=K;MT=Fixed	NT=Trypsin;AC=MS:1001251	not available	strong cation-exchange chromatography (scx)	iodoacetamide (iaa)	1	1	20160620_RimodF_5.1.wiff	ftp://ftp.pride.ebi.ac.uk/pride/data/archive/2023/03/PXD022872/20160620_RimodF_5.1.wiff	v1.1.0	NT=ms-proteomics;VV=v1.1.0	NT=dia-acquisition;VV=v1.1.0	manual curation	liver
FTD_A4_4	homo sapiens	liver	not applicable	frontotemporal dementia	4	FTD_A4_4	proteomic profiling by mass spectrometry	Data-independent acquisition	NT=isotope labeling;AC=PRIDE:0000310	NT=tripletof 5600;AC=MS:1000932	NT=Carbamidomethyl;AC=UNIMOD:4;TA=C;MT=Fixed	NT=TMT6plex;AC=UNIMOD:737;TA=K;MT=Fixed	NT=Trypsin;AC=MS:1001251	not available	strong cation-exchange chromatography (scx)	iodoacetamide (iaa)	1	1	FTD_A4_4.wiff	ftp://ftp.pride.ebi.ac.uk/pride/data/archive/2023/03/PXD022872/FTD_A4_4.wiff	v1.1.0	NT=ms-proteomics;VV=v1.1.0	NT=dia-acquisition;VV=v1.1.0	manual curation	liver
20160629_Rimod_G_10.4	homo sapiens	liver	not applicable	frontotemporal dementia	4	20160629_Rimod_G_10.4	proteomic profiling by mass spectrometry	Data-independent acquisition	NT=isotope labeling;AC=PRIDE:0000310	NT=tripletof 5600;AC=MS:1000932	NT=Carbamidomethyl;AC=UNIMOD:4;TA=C;MT=Fixed	NT=TMT6plex;AC=UNIMOD:737;TA=K;MT=Fixed	NT=Trypsin;AC=MS:1001251	not available	strong cation-exchange chromatography (scx)	iodoacetamide (iaa)	1	1	20160629_Rimod_G_10.4.wiff	ftp://ftp.pride.ebi.ac.uk/pride/data/archive/2023/03/PXD022872/20160629_Rimod_G_10.4.wiff	v1.1.0	NT=ms-proteomics;VV=v1.1.0	NT=dia-acquisition;VV=v1.1.0	manual curation	liver
FTD_A6_2	homo sapiens	liver	not applicable	frontotemporal dementia	2	FTD_A6_2	proteomic profiling by mass spectrometry	Data-independent acquisition	NT=isotope labeling;AC=PRIDE:0000310	NT=tripletof 5600;AC=MS:1000932	NT=Carbamidomethyl;AC=UNIMOD:4;TA=C;MT=Fixed	NT=TMT6plex;AC=UNIMOD:737;TA=K;MT=Fixed	NT=Trypsin;AC=MS:1001251	not available	strong cation-exchange chromatography (scx)	iodoacetamide (iaa)	1	1	FTD_A6_2.wiff	ftp://ftp.pride.ebi.ac.uk/pride/data/archive/2023/03/PXD022872/FTD_A6_2.wiff	v1.1.0	NT=ms-proteomics;VV=v1.1.0	NT=dia-acquisition;VV=v1.1.0	manual curation	liver
FTD_C10_4	homo sapiens	liver	not applicable	frontotemporal dementia	4	FTD_C10_4	proteomic profiling by mass spectrometry	Data-independent acquisition	NT=isotope labeling;AC=PRIDE:0000310	NT=tripletof 5600;AC=MS:1000932	NT=Carbamidomethyl;AC=UNIMOD:4;TA=C;MT=Fixed	NT=TMT6plex;AC=UNIMOD:737;TA=K;MT=Fixed	NT=Trypsin;AC=MS:1001251	not available	strong cation-exchange chromatography (scx)	iodoacetamide (iaa)	1	1	FTD_C10_4.wiff	ftp://ftp.pride.ebi.ac.uk/pride/data/archive/2023/03/PXD022872/FTD_C10_4.wiff	v1.1.0	NT=ms-proteomics;VV=v1.1.0	NT=dia-acquisition;VV=v1.1.0	manual curation	liver
20161121_RiMod_I_5.2	homo sapiens	liver	not applicable	frontotemporal dementia	2	20161121_RiMod_I_5.2	proteomic profiling by mass spectrometry	Data-independent acquisition	NT=isotope labeling;AC=PRIDE:0000310	NT=tripletof 5600;AC=MS:1000932	NT=Carbamidomethyl;AC=UNIMOD:4;TA=C;MT=Fixed	NT=TMT6plex;AC=UNIMOD:737;TA=K;MT=Fixed	NT=Trypsin;AC=MS:1001251	not available	strong cation-exchange chromatography (scx)	iodoacetamide (iaa)	1	1	20161121_RiMod_I_5.2.wiff	ftp://ftp.pride.ebi.ac.uk/pride/data/archive/2023/03/PXD022872/20161121_RiMod_I_5.2.wiff	v1.1.0	NT=ms-proteomics;VV=v1.1.0	NT=dia-acquisition;VV=v1.1.0	manual curation	liver
20170822_RiMod_L_6_1	homo sapiens	liver	not applicable	frontotemporal dementia	1	20170822_RiMod_L_6_1	proteomic profiling by mass spectrometry	Data-independent acquisition	NT=isotope labeling;AC=PRIDE:0000310	NT=tripletof 5600;AC=MS:1000932	NT=Carbamidomethyl;AC=UNIMOD:4;TA=C;MT=Fixed	NT=TMT6plex;AC=UNIMOD:737;TA=K;MT=Fixed	NT=Trypsin;AC=MS:1001251	not available	strong cation-exchange chromatography (scx)	iodoacetamide (iaa)	1	1	20170822_RiMod_L_6_1.wiff	ftp://ftp.pride.ebi.ac.uk/pride/data/archive/2023/03/PXD022872/20170822_RiMod_L_6_1.wiff	v1.1.0	NT=ms-proteomics;VV=v1.1.0	NT=dia-acquisition;VV=v1.1.0	manual curation	liver
20170817_RiMod_K_1_4	homo sapiens	liver	not applicable	frontotemporal dementia	4	20170817_RiMod_K_1_4	proteomic profiling by mass spectrometry	Data-independent acquisition	NT=isotope labeling;AC=PRIDE:0000310	NT=tripletof 5600;AC=MS:1000932	NT=Carbamidomethyl;AC=UNIMOD:4;TA=C;MT=Fixed	NT=TMT6plex;AC=UNIMOD:737;TA=K;MT=Fixed	NT=Trypsin;AC=MS:1001251	not available	strong cation-exchange chromatography (scx)	iodoacetamide (iaa)	1	1	20170817_RiMod_K_1_4.wiff	ftp://ftp.pride.ebi.ac.uk/pride/data/archive/2023/03/PXD022872/20170817_RiMod_K_1_4.wiff	v1.1.0	NT=ms-proteomics;VV=v1.1.0	NT=dia-acquisition;VV=v1.1.0	manual curation	liver
20170822_RiMod_L_2_4	homo sapiens	liver	not applicable	frontotemporal dementia	4	20170822_RiMod_L_2_4	proteomic profiling by mass spectrometry	Data-independent acquisition	NT=isotope labeling;AC=PRIDE:0000310	NT=tripletof 5600;AC=MS:1000932	NT=Carbamidomethyl;AC=UNIMOD:4;TA=C;MT=Fixed	NT=TMT6plex;AC=UNIMOD:737;TA=K;MT=Fixed	NT=Trypsin;AC=MS:1001251	not available	strong cation-exchange chromatography (scx)	iodoacetamide (iaa)	1	1	20170822_RiMod_L_2_4.wiff	ftp://ftp.pride.ebi.ac.uk/pride/data/archive/2023/03/PXD022872/20170822_RiMod_L_2_4.wiff	v1.1.0	NT=ms-proteomics;VV=v1.1.0	NT=dia-acquisition;VV=v1.1.0	manual curation	liver
20170822_RiMod_L_6_2	homo sapiens	liver	not applicable	frontotemporal dementia	2	20170822_RiMod_L_6_2	proteomic profiling by mass spectrometry	Data-independent acquisition	NT=isotope labeling;AC=PRIDE:0000310	NT=tripletof 5600;AC=MS:1000932	NT=Carbamidomethyl;AC=UNIMOD:4;TA=C;MT=Fixed	NT=TMT6plex;AC=UNIMOD:737;TA=K;MT=Fixed	NT=Trypsin;AC=MS:1001251	not available	strong cation-exchange chromatography (scx)	iodoacetamide (iaa)	1	1	20170822_RiMod_L_6_2.wiff	ftp://ftp.pride.ebi.ac.uk/pride/data/archive/2023/03/PXD022872/20170822_RiMod_L_6_2.wiff	v1.1.0	NT=ms-proteomics;VV=v1.1.0	NT=dia-acquisition;VV=v1.1.0	manual curation	liver
20160627_Rimod_G_6.4	homo sapiens	liver	not applicable	frontotemporal dementia	4	20160627_Rimod_G_6.4	proteomic profiling by mass spectrometry	Data-independent acquisition	NT=isotope labeling;AC=PRIDE:0000310	NT=tripletof 5600;AC=MS:1000932	NT=Carbamidomethyl;AC=UNIMOD:4;TA=C;MT=Fixed	NT=TMT6plex;AC=UNIMOD:737;TA=K;MT=Fixed	NT=Trypsin;AC=MS:1001251	not available	strong cation-exchange chromatography (scx)	iodoacetamide (iaa)	1	1	20160627_Rimod_G_6.4.wiff	ftp://ftp.pride.ebi.ac.uk/pride/data/archive/2023/03/PXD022872/20160627_Rimod_G_6.4.wiff	v1.1.0	NT=ms-proteomics;VV=v1.1.0	NT=dia-acquisition;VV=v1.1.0	manual curation	liver
20161121_RiMod_I_5.1	homo sapiens	liver	not applicable	frontotemporal dementia	1	20161121_RiMod_I_5.1	proteomic profiling by mass spectrometry	Data-independent acquisition	NT=isotope labeling;AC=PRIDE:0000310	NT=tripletof 5600;AC=MS:1000932	NT=Carbamidomethyl;AC=UNIMOD:4;TA=C;MT=Fixed	NT=TMT6plex;AC=UNIMOD:737;TA=K;MT=Fixed	NT=Trypsin;AC=MS:1001251	not available	strong cation-exchange chromatography (scx)	iodoacetamide (iaa)	1	1	20161121_RiMod_I_5.1.wiff	ftp://ftp.pride.ebi.ac.uk/pride/data/archive/2023/03/PXD022872/20161121_RiMod_I_5.1.wiff	v1.1.0	NT=ms-proteomics;VV=v1.1.0	NT=dia-acquisition;VV=v1.1.0	manual curation	liver
20170817_RiMod_K_2_4	homo sapiens	liver	not applicable	frontotemporal dementia	4	20170817_RiMod_K_2_4	proteomic profiling by mass spectrometry	Data-independent acquisition	NT=isotope labeling;AC=PRIDE:0000310	NT=tripletof 5600;AC=MS:1000932	NT=Carbamidomethyl;AC=UNIMOD:4;TA=C;MT=Fixed	NT=TMT6plex;AC=UNIMOD:737;TA=K;MT=Fixed	NT=Trypsin;AC=MS:1001251	not available	strong cation-exchange chromatography (scx)	iodoacetamide (iaa)	1	1	20170817_RiMod_K_2_4.wiff	ftp://ftp.pride.ebi.ac.uk/pride/data/archive/2023/03/PXD022872/20170817_RiMod_K_2_4.wiff	v1.1.0	NT=ms-proteomics;VV=v1.1.0	NT=dia-acquisition;VV=v1.1.0	manual curation	liver
20160303_Rimod_E_3.4	homo sapiens	liver	not applicable	frontotemporal dementia	4	20160303_Rimod_E_3.4	proteomic profiling by mass spectrometry	Data-independent acquisition	NT=isotope labeling;AC=PRIDE:0000310	NT=tripletof 5600;AC=MS:1000932	NT=Carbamidomethyl;AC=UNIMOD:4;TA=C;MT=Fixed	NT=TMT6plex;AC=UNIMOD:737;TA=K;MT=Fixed	NT=Trypsin;AC=MS:1001251	not available	strong cation-exchange chromatography (scx)	iodoacetamide (iaa)	1	1	20160303_Rimod_E_3.4.wiff	ftp://ftp.pride.ebi.ac.uk/pride/data/archive/2023/03/PXD022872/20160303_Rimod_E_3.4.wiff	v1.1.0	NT=ms-proteomics;VV=v1.1.0	NT=dia-acquisition;VV=v1.1.0	manual curation	liver
20160622_RimodF_7.4	homo sapiens	liver	not applicable	frontotemporal dementia	4	20160622_RimodF_7.4	proteomic profiling by mass spectrometry	Data-independent acquisition	NT=isotope labeling;AC=PRIDE:0000310	NT=tripletof 5600;AC=MS:1000932	NT=Carbamidomethyl;AC=UNIMOD:4;TA=C;MT=Fixed	NT=TMT6plex;AC=UNIMOD:737;TA=K;MT=Fixed	NT=Trypsin;AC=MS:1001251	not available	strong cation-exchange chromatography (scx)	iodoacetamide (iaa)	1	1	20160622_RimodF_7.4.wiff	ftp://ftp.pride.ebi.ac.uk/pride/data/archive/2023/03/PXD022872/20160622_RimodF_7.4.wiff	v1.1.0	NT=ms-proteomics;VV=v1.1.0	NT=dia-acquisition;VV=v1.1.0	manual curation	liver
20161121_RiMod_I_8.3	homo sapiens	liver	not applicable	frontotemporal dementia	3	20161121_RiMod_I_8.3	proteomic profiling by mass spectrometry	Data-independent acquisition	NT=isotope labeling;AC=PRIDE:0000310	NT=tripletof 5600;AC=MS:1000932	NT=Carbamidomethyl;AC=UNIMOD:4;TA=C;MT=Fixed	NT=TMT6plex;AC=UNIMOD:737;TA=K;MT=Fixed	NT=Trypsin;AC=MS:1001251	not available	strong cation-exchange chromatography (scx)	iodoacetamide (iaa)	1	1	20161121_RiMod_I_8.3.wiff	ftp://ftp.pride.ebi.ac.uk/pride/data/archive/2023/03/PXD022872/20161121_RiMod_I_8.3.wiff	v1.1.0	NT=ms-proteomics;VV=v1.1.0	NT=dia-acquisition;VV=v1.1.0	manual curation	liver
20170822_RiMod_L_8_2	homo sapiens	liver	not applicable	frontotemporal dementia	2	20170822_RiMod_L_8_2	proteomic profiling by mass spectrometry	Data-independent acquisition	NT=isotope labeling;AC=PRIDE:0000310	NT=tripletof 5600;AC=MS:1000932	NT=Carbamidomethyl;AC=UNIMOD:4;TA=C;MT=Fixed	NT=TMT6plex;AC=UNIMOD:737;TA=K;MT=Fixed	NT=Trypsin;AC=MS:1001251	not available	strong cation-exchange chromatography (scx)	iodoacetamide (iaa)	1	1	20170822_RiMod_L_8_2.wiff	ftp://ftp.pride.ebi.ac.uk/pride/data/archive/2023/03/PXD022872/20170822_RiMod_L_8_2.wiff	v1.1.0	NT=ms-proteomics;VV=v1.1.0	NT=dia-acquisition;VV=v1.1.0	manual curation	liver
20170817_RiMod_K_2_3	homo sapiens	liver	not applicable	frontotemporal dementia	3	20170817_RiMod_K_2_3	proteomic profiling by mass spectrometry	Data-independent acquisition	NT=isotope labeling;AC=PRIDE:0000310	NT=tripletof 5600;AC=MS:1000932	NT=Carbamidomethyl;AC=UNIMOD:4;TA=C;MT=Fixed	NT=TMT6plex;AC=UNIMOD:737;TA=K;MT=Fixed	NT=Trypsin;AC=MS:1001251	not available	strong cation-exchange chromatography (scx)	iodoacetamide (iaa)	1	1	20170817_RiMod_K_2_3.wiff	ftp://ftp.pride.ebi.ac.uk/pride/data/archive/2023/03/PXD022872/20170817_RiMod_K_2_3.wiff	v1.1.0	NT=ms-proteomics;VV=v1.1.0	NT=dia-acquisition;VV=v1.1.0	manual curation	liver
FTD_A1_2	homo sapiens	liver	not applicable	frontotemporal dementia	2	FTD_A1_2	proteomic profiling by mass spectrometry	Data-independent acquisition	NT=isotope labeling;AC=PRIDE:0000310	NT=tripletof 5600;AC=MS:1000932	NT=Carbamidomethyl;AC=UNIMOD:4;TA=C;MT=Fixed	NT=TMT6plex;AC=UNIMOD:737;TA=K;MT=Fixed	NT=Trypsin;AC=MS:1001251	not available	strong cation-exchange chromatography (scx)	iodoacetamide (iaa)	1	1	FTD_A1_2.wiff	ftp://ftp.pride.ebi.ac.uk/pride/data/archive/2023/03/PXD022872/FTD_A1_2.wiff	v1.1.0	NT=ms-proteomics;VV=v1.1.0	NT=dia-acquisition;VV=v1.1.0	manual curation	liver
20170822_RiMod_L_9_2	homo sapiens	liver	not applicable	frontotemporal dementia	2	20170822_RiMod_L_9_2	proteomic profiling by mass spectrometry	Data-independent acquisition	NT=isotope labeling;AC=PRIDE:0000310	NT=tripletof 5600;AC=MS:1000932	NT=Carbamidomethyl;AC=UNIMOD:4;TA=C;MT=Fixed	NT=TMT6plex;AC=UNIMOD:737;TA=K;MT=Fixed	NT=Trypsin;AC=MS:1001251	not available	strong cation-exchange chromatography (scx)	iodoacetamide (iaa)	1	1	20170822_RiMod_L_9_2.wiff	ftp://ftp.pride.ebi.ac.uk/pride/data/archive/2023/03/PXD022872/20170822_RiMod_L_9_2.wiff	v1.1.0	NT=ms-proteomics;VV=v1.1.0	NT=dia-acquisition;VV=v1.1.0	manual curation	liver
FTD_A7_1	homo sapiens	liver	not applicable	frontotemporal dementia	1	FTD_A7_1	proteomic profiling by mass spectrometry	Data-independent acquisition	NT=isotope labeling;AC=PRIDE:0000310	NT=tripletof 5600;AC=MS:1000932	NT=Carbamidomethyl;AC=UNIMOD:4;TA=C;MT=Fixed	NT=TMT6plex;AC=UNIMOD:737;TA=K;MT=Fixed	NT=Trypsin;AC=MS:1001251	not available	strong cation-exchange chromatography (scx)	iodoacetamide (iaa)	1	1	FTD_A7_1.wiff	ftp://ftp.pride.ebi.ac.uk/pride/data/archive/2023/03/PXD022872/FTD_A7_1.wiff	v1.1.0	NT=ms-proteomics;VV=v1.1.0	NT=dia-acquisition;VV=v1.1.0	manual curation	liver
20170822_RiMod_L_7_4	homo sapiens	liver	not applicable	frontotemporal dementia	4	20170822_RiMod_L_7_4	proteomic profiling by mass spectrometry	Data-independent acquisition	NT=isotope labeling;AC=PRIDE:0000310	NT=tripletof 5600;AC=MS:1000932	NT=Carbamidomethyl;AC=UNIMOD:4;TA=C;MT=Fixed	NT=TMT6plex;AC=UNIMOD:737;TA=K;MT=Fixed	NT=Trypsin;AC=MS:1001251	not available	strong cation-exchange chromatography (scx)	iodoacetamide (iaa)	1	1	20170822_RiMod_L_7_4.wiff	ftp://ftp.pride.ebi.ac.uk/pride/data/archive/2023/03/PXD022872/20170822_RiMod_L_7_4.wiff	v1.1.0	NT=ms-proteomics;VV=v1.1.0	NT=dia-acquisition;VV=v1.1.0	manual curation	liver
FTD_C5_1	homo sapiens	liver	not applicable	frontotemporal dementia	1	FTD_C5_1	proteomic profiling by mass spectrometry	Data-independent acquisition	NT=isotope labeling;AC=PRIDE:0000310	NT=tripletof 5600;AC=MS:1000932	NT=Carbamidomethyl;AC=UNIMOD:4;TA=C;MT=Fixed	NT=TMT6plex;AC=UNIMOD:737;TA=K;MT=Fixed	NT=Trypsin;AC=MS:1001251	not available	strong cation-exchange chromatography (scx)	iodoacetamide (iaa)	1	1	FTD_C5_1.wiff	ftp://ftp.pride.ebi.ac.uk/pride/data/archive/2023/03/PXD022872/FTD_C5_1.wiff	v1.1.0	NT=ms-proteomics;VV=v1.1.0	NT=dia-acquisition;VV=v1.1.0	manual curation	liver
20170817_RiMod_K_9_2	homo sapiens	liver	not applicable	frontotemporal dementia	2	20170817_RiMod_K_9_2	proteomic profiling by mass spectrometry	Data-independent acquisition	NT=isotope labeling;AC=PRIDE:0000310	NT=tripletof 5600;AC=MS:1000932	NT=Carbamidomethyl;AC=UNIMOD:4;TA=C;MT=Fixed	NT=TMT6plex;AC=UNIMOD:737;TA=K;MT=Fixed	NT=Trypsin;AC=MS:1001251	not available	strong cation-exchange chromatography (scx)	iodoacetamide (iaa)	1	1	20170817_RiMod_K_9_2.wiff	ftp://ftp.pride.ebi.ac.uk/pride/data/archive/2023/03/PXD022872/20170817_RiMod_K_9_2.wiff	v1.1.0	NT=ms-proteomics;VV=v1.1.0	NT=dia-acquisition;VV=v1.1.0	manual curation	liver
FTD_A8_4	homo sapiens	liver	not applicable	frontotemporal dementia	4	FTD_A8_4	proteomic profiling by mass spectrometry	Data-independent acquisition	NT=isotope labeling;AC=PRIDE:0000310	NT=tripletof 5600;AC=MS:1000932	NT=Carbamidomethyl;AC=UNIMOD:4;TA=C;MT=Fixed	NT=TMT6plex;AC=UNIMOD:737;TA=K;MT=Fixed	NT=Trypsin;AC=MS:1001251	not available	strong cation-exchange chromatography (scx)	iodoacetamide (iaa)	1	1	FTD_A8_4.wiff	ftp://ftp.pride.ebi.ac.uk/pride/data/archive/2023/03/PXD022872/FTD_A8_4.wiff	v1.1.0	NT=ms-proteomics;VV=v1.1.0	NT=dia-acquisition;VV=v1.1.0	manual curation	liver
20161116_RiMod_Library_07	homo sapiens	liver	not applicable	frontotemporal dementia	7	20161116_RiMod_Library_07	proteomic profiling by mass spectrometry	Data-independent acquisition	NT=isotope labeling;AC=PRIDE:0000310	NT=tripletof 5600;AC=MS:1000932	NT=Carbamidomethyl;AC=UNIMOD:4;TA=C;MT=Fixed	NT=TMT6plex;AC=UNIMOD:737;TA=K;MT=Fixed	NT=Trypsin;AC=MS:1001251	not available	strong cation-exchange chromatography (scx)	iodoacetamide (iaa)	1	1	20161116_RiMod_Library_07.wiff	ftp://ftp.pride.ebi.ac.uk/pride/data/archive/2023/03/PXD022872/20161116_RiMod_Library_07.wiff	v1.1.0	NT=ms-proteomics;VV=v1.1.0	NT=dia-acquisition;VV=v1.1.0	manual curation	liver
FTD_B10_2	homo sapiens	liver	not applicable	frontotemporal dementia	2	FTD_B10_2	proteomic profiling by mass spectrometry	Data-independent acquisition	NT=isotope labeling;AC=PRIDE:0000310	NT=tripletof 5600;AC=MS:1000932	NT=Carbamidomethyl;AC=UNIMOD:4;TA=C;MT=Fixed	NT=TMT6plex;AC=UNIMOD:737;TA=K;MT=Fixed	NT=Trypsin;AC=MS:1001251	not available	strong cation-exchange chromatography (scx)	iodoacetamide (iaa)	1	1	FTD_B10_2.wiff	ftp://ftp.pride.ebi.ac.uk/pride/data/archive/2023/03/PXD022872/FTD_B10_2.wiff	v1.1.0	NT=ms-proteomics;VV=v1.1.0	NT=dia-acquisition;VV=v1.1.0	manual curation	liver
FTD_B10_3	homo sapiens	liver	not applicable	frontotemporal dementia	3	FTD_B10_3	proteomic profiling by mass spectrometry	Data-independent acquisition	NT=isotope labeling;AC=PRIDE:0000310	NT=tripletof 5600;AC=MS:1000932	NT=Carbamidomethyl;AC=UNIMOD:4;TA=C;MT=Fixed	NT=TMT6plex;AC=UNIMOD:737;TA=K;MT=Fixed	NT=Trypsin;AC=MS:1001251	not available	strong cation-exchange chromatography (scx)	iodoacetamide (iaa)	1	1	FTD_B10_3.wiff	ftp://ftp.pride.ebi.ac.uk/pride/data/archive/2023/03/PXD022872/FTD_B10_3.wiff	v1.1.0	NT=ms-proteomics;VV=v1.1.0	NT=dia-acquisition;VV=v1.1.0	manual curation	liver
FTD_A2_4	homo sapiens	liver	not applicable	frontotemporal dementia	4	FTD_A2_4	proteomic profiling by mass spectrometry	Data-independent acquisition	NT=isotope labeling;AC=PRIDE:0000310	NT=tripletof 5600;AC=MS:1000932	NT=Carbamidomethyl;AC=UNIMOD:4;TA=C;MT=Fixed	NT=TMT6plex;AC=UNIMOD:737;TA=K;MT=Fixed	NT=Trypsin;AC=MS:1001251	not available	strong cation-exchange chromatography (scx)	iodoacetamide (iaa)	1	1	FTD_A2_4.wiff	ftp://ftp.pride.ebi.ac.uk/pride/data/archive/2023/03/PXD022872/FTD_A2_4.wiff	v1.1.0	NT=ms-proteomics;VV=v1.1.0	NT=dia-acquisition;VV=v1.1.0	manual curation	liver
FTD_A10_4	homo sapiens	liver	not applicable	frontotemporal dementia	4	FTD_A10_4	proteomic profiling by mass spectrometry	Data-independent acquisition	NT=isotope labeling;AC=PRIDE:0000310	NT=tripletof 5600;AC=MS:1000932	NT=Carbamidomethyl;AC=UNIMOD:4;TA=C;MT=Fixed	NT=TMT6plex;AC=UNIMOD:737;TA=K;MT=Fixed	NT=Trypsin;AC=MS:1001251	not available	strong cation-exchange chromatography (scx)	iodoacetamide (iaa)	1	1	FTD_A10_4.wiff	ftp://ftp.pride.ebi.ac.uk/pride/data/archive/2023/03/PXD022872/FTD_A10_4.wiff	v1.1.0	NT=ms-proteomics;VV=v1.1.0	NT=dia-acquisition;VV=v1.1.0	manual curation	liver
20160620_RimodF_2.3	homo sapiens	liver	not applicable	frontotemporal dementia	3	20160620_RimodF_2.3	proteomic profiling by mass spectrometry	Data-independent acquisition	NT=isotope labeling;AC=PRIDE:0000310	NT=tripletof 5600;AC=MS:1000932	NT=Carbamidomethyl;AC=UNIMOD:4;TA=C;MT=Fixed	NT=TMT6plex;AC=UNIMOD:737;TA=K;MT=Fixed	NT=Trypsin;AC=MS:1001251	not available	strong cation-exchange chromatography (scx)	iodoacetamide (iaa)	1	1	20160620_RimodF_2.3.wiff	ftp://ftp.pride.ebi.ac.uk/pride/data/archive/2023/03/PXD022872/20160620_RimodF_2.3.wiff	v1.1.0	NT=ms-proteomics;VV=v1.1.0	NT=dia-acquisition;VV=v1.1.0	manual curation	liver
20160627_Rimod_G_5.1	homo sapiens	liver	not applicable	frontotemporal dementia	1	20160627_Rimod_G_5.1	proteomic profiling by mass spectrometry	Data-independent acquisition	NT=isotope labeling;AC=PRIDE:0000310	NT=tripletof 5600;AC=MS:1000932	NT=Carbamidomethyl;AC=UNIMOD:4;TA=C;MT=Fixed	NT=TMT6plex;AC=UNIMOD:737;TA=K;MT=Fixed	NT=Trypsin;AC=MS:1001251	not available	strong cation-exchange chromatography (scx)	iodoacetamide (iaa)	1	1	20160627_Rimod_G_5.1.wiff	ftp://ftp.pride.ebi.ac.uk/pride/data/archive/2023/03/PXD022872/20160627_Rimod_G_5.1.wiff	v1.1.0	NT=ms-proteomics;VV=v1.1.0	NT=dia-acquisition;VV=v1.1.0	manual curation	liver
FTD_B7_1	homo sapiens	liver	not applicable	frontotemporal dementia	1	FTD_B7_1	proteomic profiling by mass spectrometry	Data-independent acquisition	NT=isotope labeling;AC=PRIDE:0000310	NT=tripletof 5600;AC=MS:1000932	NT=Carbamidomethyl;AC=UNIMOD:4;TA=C;MT=Fixed	NT=TMT6plex;AC=UNIMOD:737;TA=K;MT=Fixed	NT=Trypsin;AC=MS:1001251	not available	strong cation-exchange chromatography (scx)	iodoacetamide (iaa)	1	1	FTD_B7_1.wiff	ftp://ftp.pride.ebi.ac.uk/pride/data/archive/2023/03/PXD022872/FTD_B7_1.wiff	v1.1.0	NT=ms-proteomics;VV=v1.1.0	NT=dia-acquisition;VV=v1.1.0	manual curation	liver
FTD_A8_1	homo sapiens	liver	not applicable	frontotemporal dementia	1	FTD_A8_1	proteomic profiling by mass spectrometry	Data-independent acquisition	NT=isotope labeling;AC=PRIDE:0000310	NT=tripletof 5600;AC=MS:1000932	NT=Carbamidomethyl;AC=UNIMOD:4;TA=C;MT=Fixed	NT=TMT6plex;AC=UNIMOD:737;TA=K;MT=Fixed	NT=Trypsin;AC=MS:1001251	not available	strong cation-exchange chromatography (scx)	iodoacetamide (iaa)	1	1	FTD_A8_1.wiff	ftp://ftp.pride.ebi.ac.uk/pride/data/archive/2023/03/PXD022872/FTD_A8_1.wiff	v1.1.0	NT=ms-proteomics;VV=v1.1.0	NT=dia-acquisition;VV=v1.1.0	manual curation	liver
20151119_FTD_D6_4	homo sapiens	liver	not applicable	frontotemporal dementia	4	20151119_FTD_D6_4	proteomic profiling by mass spectrometry	Data-independent acquisition	NT=isotope labeling;AC=PRIDE:0000310	NT=tripletof 5600;AC=MS:1000932	NT=Carbamidomethyl;AC=UNIMOD:4;TA=C;MT=Fixed	NT=TMT6plex;AC=UNIMOD:737;TA=K;MT=Fixed	NT=Trypsin;AC=MS:1001251	not available	strong cation-exchange chromatography (scx)	iodoacetamide (iaa)	1	1	20151119_FTD_D6_4.wiff	ftp://ftp.pride.ebi.ac.uk/pride/data/archive/2023/03/PXD022872/20151119_FTD_D6_4.wiff	v1.1.0	NT=ms-proteomics;VV=v1.1.0	NT=dia-acquisition;VV=v1.1.0	manual curation	liver
20161121_RiMod_I_2.2	homo sapiens	liver	not applicable	frontotemporal dementia	2	20161121_RiMod_I_2.2	proteomic profiling by mass spectrometry	Data-independent acquisition	NT=isotope labeling;AC=PRIDE:0000310	NT=tripletof 5600;AC=MS:1000932	NT=Carbamidomethyl;AC=UNIMOD:4;TA=C;MT=Fixed	NT=TMT6plex;AC=UNIMOD:737;TA=K;MT=Fixed	NT=Trypsin;AC=MS:1001251	not available	strong cation-exchange chromatography (scx)	iodoacetamide (iaa)	1	1	20161121_RiMod_I_2.2.wiff	ftp://ftp.pride.ebi.ac.uk/pride/data/archive/2023/03/PXD022872/20161121_RiMod_I_2.2.wiff	v1.1.0	NT=ms-proteomics;VV=v1.1.0	NT=dia-acquisition;VV=v1.1.0	manual curation	liver
20160620_RimodF_5.3	homo sapiens	liver	not applicable	frontotemporal dementia	3	20160620_RimodF_5.3	proteomic profiling by mass spectrometry	Data-independent acquisition	NT=isotope labeling;AC=PRIDE:0000310	NT=tripletof 5600;AC=MS:1000932	NT=Carbamidomethyl;AC=UNIMOD:4;TA=C;MT=Fixed	NT=TMT6plex;AC=UNIMOD:737;TA=K;MT=Fixed	NT=Trypsin;AC=MS:1001251	not available	strong cation-exchange chromatography (scx)	iodoacetamide (iaa)	1	1	20160620_RimodF_5.3.wiff	ftp://ftp.pride.ebi.ac.uk/pride/data/archive/2023/03/PXD022872/20160620_RimodF_5.3.wiff	v1.1.0	NT=ms-proteomics;VV=v1.1.0	NT=dia-acquisition;VV=v1.1.0	manual curation	liver
FTD_C9_3	homo sapiens	liver	not applicable	frontotemporal dementia	3	FTD_C9_3	proteomic profiling by mass spectrometry	Data-independent acquisition	NT=isotope labeling;AC=PRIDE:0000310	NT=tripletof 5600;AC=MS:1000932	NT=Carbamidomethyl;AC=UNIMOD:4;TA=C;MT=Fixed	NT=TMT6plex;AC=UNIMOD:737;TA=K;MT=Fixed	NT=Trypsin;AC=MS:1001251	not available	strong cation-exchange chromatography (scx)	iodoacetamide (iaa)	1	1	FTD_C9_3.wiff	ftp://ftp.pride.ebi.ac.uk/pride/data/archive/2023/03/PXD022872/FTD_C9_3.wiff	v1.1.0	NT=ms-proteomics;VV=v1.1.0	NT=dia-acquisition;VV=v1.1.0	manual curation	liver
20160627_Rimod_G_7.4	homo sapiens	liver	not applicable	frontotemporal dementia	4	20160627_Rimod_G_7.4	proteomic profiling by mass spectrometry	Data-independent acquisition	NT=isotope labeling;AC=PRIDE:0000310	NT=tripletof 5600;AC=MS:1000932	NT=Carbamidomethyl;AC=UNIMOD:4;TA=C;MT=Fixed	NT=TMT6plex;AC=UNIMOD:737;TA=K;MT=Fixed	NT=Trypsin;AC=MS:1001251	not available	strong cation-exchange chromatography (scx)	iodoacetamide (iaa)	1	1	20160627_Rimod_G_7.4.wiff	ftp://ftp.pride.ebi.ac.uk/pride/data/archive/2023/03/PXD022872/20160627_Rimod_G_7.4.wiff	v1.1.0	NT=ms-proteomics;VV=v1.1.0	NT=dia-acquisition;VV=v1.1.0	manual curation	liver
20160620_RimodF_5.2	homo sapiens	liver	not applicable	frontotemporal dementia	2	20160620_RimodF_5.2	proteomic profiling by mass spectrometry	Data-independent acquisition	NT=isotope labeling;AC=PRIDE:0000310	NT=tripletof 5600;AC=MS:1000932	NT=Carbamidomethyl;AC=UNIMOD:4;TA=C;MT=Fixed	NT=TMT6plex;AC=UNIMOD:737;TA=K;MT=Fixed	NT=Trypsin;AC=MS:1001251	not available	strong cation-exchange chromatography (scx)	iodoacetamide (iaa)	1	1	20160620_RimodF_5.2.wiff	ftp://ftp.pride.ebi.ac.uk/pride/data/archive/2023/03/PXD022872/20160620_RimodF_5.2.wiff	v1.1.0	NT=ms-proteomics;VV=v1.1.0	NT=dia-acquisition;VV=v1.1.0	manual curation	liver
FTD_B5_4	homo sapiens	liver	not applicable	frontotemporal dementia	4	FTD_B5_4	proteomic profiling by mass spectrometry	Data-independent acquisition	NT=isotope labeling;AC=PRIDE:0000310	NT=tripletof 5600;AC=MS:1000932	NT=Carbamidomethyl;AC=UNIMOD:4;TA=C;MT=Fixed	NT=TMT6plex;AC=UNIMOD:737;TA=K;MT=Fixed	NT=Trypsin;AC=MS:1001251	not available	strong cation-exchange chromatography (scx)	iodoacetamide (iaa)	1	1	FTD_B5_4.wiff	ftp://ftp.pride.ebi.ac.uk/pride/data/archive/2023/03/PXD022872/FTD_B5_4.wiff	v1.1.0	NT=ms-proteomics;VV=v1.1.0	NT=dia-acquisition;VV=v1.1.0	manual curation	liver
20161118_RiMod_H_7.4	homo sapiens	liver	not applicable	frontotemporal dementia	4	20161118_RiMod_H_7.4	proteomic profiling by mass spectrometry	Data-independent acquisition	NT=isotope labeling;AC=PRIDE:0000310	NT=tripletof 5600;AC=MS:1000932	NT=Carbamidomethyl;AC=UNIMOD:4;TA=C;MT=Fixed	NT=TMT6plex;AC=UNIMOD:737;TA=K;MT=Fixed	NT=Trypsin;AC=MS:1001251	not available	strong cation-exchange chromatography (scx)	iodoacetamide (iaa)	1	1	20161118_RiMod_H_7.4.wiff	ftp://ftp.pride.ebi.ac.uk/pride/data/archive/2023/03/PXD022872/20161118_RiMod_H_7.4.wiff	v1.1.0	NT=ms-proteomics;VV=v1.1.0	NT=dia-acquisition;VV=v1.1.0	manual curation	liver
FTD_B2_4	homo sapiens	liver	not applicable	frontotemporal dementia	4	FTD_B2_4	proteomic profiling by mass spectrometry	Data-independent acquisition	NT=isotope labeling;AC=PRIDE:0000310	NT=tripletof 5600;AC=MS:1000932	NT=Carbamidomethyl;AC=UNIMOD:4;TA=C;MT=Fixed	NT=TMT6plex;AC=UNIMOD:737;TA=K;MT=Fixed	NT=Trypsin;AC=MS:1001251	not available	strong cation-exchange chromatography (scx)	iodoacetamide (iaa)	1	1	FTD_B2_4.wiff	ftp://ftp.pride.ebi.ac.uk/pride/data/archive/2023/03/PXD022872/FTD_B2_4.wiff	v1.1.0	NT=ms-proteomics;VV=v1.1.0	NT=dia-acquisition;VV=v1.1.0	manual curation	liver
FTD_B2_1	homo sapiens	liver	not applicable	frontotemporal dementia	1	FTD_B2_1	proteomic profiling by mass spectrometry	Data-independent acquisition	NT=isotope labeling;AC=PRIDE:0000310	NT=tripletof 5600;AC=MS:1000932	NT=Carbamidomethyl;AC=UNIMOD:4;TA=C;MT=Fixed	NT=TMT6plex;AC=UNIMOD:737;TA=K;MT=Fixed	NT=Trypsin;AC=MS:1001251	not available	strong cation-exchange chromatography (scx)	iodoacetamide (iaa)	1	1	FTD_B2_1.wiff	ftp://ftp.pride.ebi.ac.uk/pride/data/archive/2023/03/PXD022872/FTD_B2_1.wiff	v1.1.0	NT=ms-proteomics;VV=v1.1.0	NT=dia-acquisition;VV=v1.1.0	manual curation	liver
20170822_RiMod_L_1_4	homo sapiens	liver	not applicable	frontotemporal dementia	4	20170822_RiMod_L_1_4	proteomic profiling by mass spectrometry	Data-independent acquisition	NT=isotope labeling;AC=PRIDE:0000310	NT=tripletof 5600;AC=MS:1000932	NT=Carbamidomethyl;AC=UNIMOD:4;TA=C;MT=Fixed	NT=TMT6plex;AC=UNIMOD:737;TA=K;MT=Fixed	NT=Trypsin;AC=MS:1001251	not available	strong cation-exchange chromatography (scx)	iodoacetamide (iaa)	1	1	20170822_RiMod_L_1_4.wiff	ftp://ftp.pride.ebi.ac.uk/pride/data/archive/2023/03/PXD022872/20170822_RiMod_L_1_4.wiff	v1.1.0	NT=ms-proteomics;VV=v1.1.0	NT=dia-acquisition;VV=v1.1.0	manual curation	liver
20170817_RiMod_K_8_2	homo sapiens	liver	not applicable	frontotemporal dementia	2	20170817_RiMod_K_8_2	proteomic profiling by mass spectrometry	Data-independent acquisition	NT=isotope labeling;AC=PRIDE:0000310	NT=tripletof 5600;AC=MS:1000932	NT=Carbamidomethyl;AC=UNIMOD:4;TA=C;MT=Fixed	NT=TMT6plex;AC=UNIMOD:737;TA=K;MT=Fixed	NT=Trypsin;AC=MS:1001251	not available	strong cation-exchange chromatography (scx)	iodoacetamide (iaa)	1	1	20170817_RiMod_K_8_2.wiff	ftp://ftp.pride.ebi.ac.uk/pride/data/archive/2023/03/PXD022872/20170817_RiMod_K_8_2.wiff	v1.1.0	NT=ms-proteomics;VV=v1.1.0	NT=dia-acquisition;VV=v1.1.0	manual curation	liver
20160620_RimodF_1.3	homo sapiens	liver	not applicable	frontotemporal dementia	3	20160620_RimodF_1.3	proteomic profiling by mass spectrometry	Data-independent acquisition	NT=isotope labeling;AC=PRIDE:0000310	NT=tripletof 5600;AC=MS:1000932	NT=Carbamidomethyl;AC=UNIMOD:4;TA=C;MT=Fixed	NT=TMT6plex;AC=UNIMOD:737;TA=K;MT=Fixed	NT=Trypsin;AC=MS:1001251	not available	strong cation-exchange chromatography (scx)	iodoacetamide (iaa)	1	1	20160620_RimodF_1.3.wiff	ftp://ftp.pride.ebi.ac.uk/pride/data/archive/2023/03/PXD022872/20160620_RimodF_1.3.wiff	v1.1.0	NT=ms-proteomics;VV=v1.1.0	NT=dia-acquisition;VV=v1.1.0	manual curation	liver
20161116_RiMod_Library_10	homo sapiens	liver	not applicable	frontotemporal dementia	10	20161116_RiMod_Library_10	proteomic profiling by mass spectrometry	Data-independent acquisition	NT=isotope labeling;AC=PRIDE:0000310	NT=tripletof 5600;AC=MS:1000932	NT=Carbamidomethyl;AC=UNIMOD:4;TA=C;MT=Fixed	NT=TMT6plex;AC=UNIMOD:737;TA=K;MT=Fixed	NT=Trypsin;AC=MS:1001251	not available	strong cation-exchange chromatography (scx)	iodoacetamide (iaa)	1	1	20161116_RiMod_Library_10.wiff	ftp://ftp.pride.ebi.ac.uk/pride/data/archive/2023/03/PXD022872/20161116_RiMod_Library_10.wiff	v1.1.0	NT=ms-proteomics;VV=v1.1.0	NT=dia-acquisition;VV=v1.1.0	manual curation	liver
FTD_A4_3	homo sapiens	liver	not applicable	frontotemporal dementia	3	FTD_A4_3	proteomic profiling by mass spectrometry	Data-independent acquisition	NT=isotope labeling;AC=PRIDE:0000310	NT=tripletof 5600;AC=MS:1000932	NT=Carbamidomethyl;AC=UNIMOD:4;TA=C;MT=Fixed	NT=TMT6plex;AC=UNIMOD:737;TA=K;MT=Fixed	NT=Trypsin;AC=MS:1001251	not available	strong cation-exchange chromatography (scx)	iodoacetamide (iaa)	1	1	FTD_A4_3.wiff	ftp://ftp.pride.ebi.ac.uk/pride/data/archive/2023/03/PXD022872/FTD_A4_3.wiff	v1.1.0	NT=ms-proteomics;VV=v1.1.0	NT=dia-acquisition;VV=v1.1.0	manual curation	liver
20151119_FTD_D9_4	homo sapiens	liver	not applicable	frontotemporal dementia	4	20151119_FTD_D9_4	proteomic profiling by mass spectrometry	Data-independent acquisition	NT=isotope labeling;AC=PRIDE:0000310	NT=tripletof 5600;AC=MS:1000932	NT=Carbamidomethyl;AC=UNIMOD:4;TA=C;MT=Fixed	NT=TMT6plex;AC=UNIMOD:737;TA=K;MT=Fixed	NT=Trypsin;AC=MS:1001251	not available	strong cation-exchange chromatography (scx)	iodoacetamide (iaa)	1	1	20151119_FTD_D9_4.wiff	ftp://ftp.pride.ebi.ac.uk/pride/data/archive/2023/03/PXD022872/20151119_FTD_D9_4.wiff	v1.1.0	NT=ms-proteomics;VV=v1.1.0	NT=dia-acquisition;VV=v1.1.0	manual curation	liver
20160622_RimodF_8.3	homo sapiens	liver	not applicable	frontotemporal dementia	3	20160622_RimodF_8.3	proteomic profiling by mass spectrometry	Data-independent acquisition	NT=isotope labeling;AC=PRIDE:0000310	NT=tripletof 5600;AC=MS:1000932	NT=Carbamidomethyl;AC=UNIMOD:4;TA=C;MT=Fixed	NT=TMT6plex;AC=UNIMOD:737;TA=K;MT=Fixed	NT=Trypsin;AC=MS:1001251	not available	strong cation-exchange chromatography (scx)	iodoacetamide (iaa)	1	1	20160622_RimodF_8.3.wiff	ftp://ftp.pride.ebi.ac.uk/pride/data/archive/2023/03/PXD022872/20160622_RimodF_8.3.wiff	v1.1.0	NT=ms-proteomics;VV=v1.1.0	NT=dia-acquisition;VV=v1.1.0	manual curation	liver
20160627_Rimod_G_8.1	homo sapiens	liver	not applicable	frontotemporal dementia	1	20160627_Rimod_G_8.1	proteomic profiling by mass spectrometry	Data-independent acquisition	NT=isotope labeling;AC=PRIDE:0000310	NT=tripletof 5600;AC=MS:1000932	NT=Carbamidomethyl;AC=UNIMOD:4;TA=C;MT=Fixed	NT=TMT6plex;AC=UNIMOD:737;TA=K;MT=Fixed	NT=Trypsin;AC=MS:1001251	not available	strong cation-exchange chromatography (scx)	iodoacetamide (iaa)	1	1	20160627_Rimod_G_8.1.wiff	ftp://ftp.pride.ebi.ac.uk/pride/data/archive/2023/03/PXD022872/20160627_Rimod_G_8.1.wiff	v1.1.0	NT=ms-proteomics;VV=v1.1.0	NT=dia-acquisition;VV=v1.1.0	manual curation	liver
20160620_RimodF_4.3	homo sapiens	liver	not applicable	frontotemporal dementia	3	20160620_RimodF_4.3	proteomic profiling by mass spectrometry	Data-independent acquisition	NT=isotope labeling;AC=PRIDE:0000310	NT=tripletof 5600;AC=MS:1000932	NT=Carbamidomethyl;AC=UNIMOD:4;TA=C;MT=Fixed	NT=TMT6plex;AC=UNIMOD:737;TA=K;MT=Fixed	NT=Trypsin;AC=MS:1001251	not available	strong cation-exchange chromatography (scx)	iodoacetamide (iaa)	1	1	20160620_RimodF_4.3.wiff	ftp://ftp.pride.ebi.ac.uk/pride/data/archive/2023/03/PXD022872/20160620_RimodF_4.3.wiff	v1.1.0	NT=ms-proteomics;VV=v1.1.0	NT=dia-acquisition;VV=v1.1.0	manual curation	liver
20151119_FTD_D8_1	homo sapiens	liver	not applicable	frontotemporal dementia	1	20151119_FTD_D8_1	proteomic profiling by mass spectrometry	Data-independent acquisition	NT=isotope labeling;AC=PRIDE:0000310	NT=tripletof 5600;AC=MS:1000932	NT=Carbamidomethyl;AC=UNIMOD:4;TA=C;MT=Fixed	NT=TMT6plex;AC=UNIMOD:737;TA=K;MT=Fixed	NT=Trypsin;AC=MS:1001251	not available	strong cation-exchange chromatography (scx)	iodoacetamide (iaa)	1	1	20151119_FTD_D8_1.wiff	ftp://ftp.pride.ebi.ac.uk/pride/data/archive/2023/03/PXD022872/20151119_FTD_D8_1.wiff	v1.1.0	NT=ms-proteomics;VV=v1.1.0	NT=dia-acquisition;VV=v1.1.0	manual curation	liver
20151119_FTD_D5_2	homo sapiens	liver	not applicable	frontotemporal dementia	2	20151119_FTD_D5_2	proteomic profiling by mass spectrometry	Data-independent acquisition	NT=isotope labeling;AC=PRIDE:0000310	NT=tripletof 5600;AC=MS:1000932	NT=Carbamidomethyl;AC=UNIMOD:4;TA=C;MT=Fixed	NT=TMT6plex;AC=UNIMOD:737;TA=K;MT=Fixed	NT=Trypsin;AC=MS:1001251	not available	strong cation-exchange chromatography (scx)	iodoacetamide (iaa)	1	1	20151119_FTD_D5_2.wiff	ftp://ftp.pride.ebi.ac.uk/pride/data/archive/2023/03/PXD022872/20151119_FTD_D5_2.wiff	v1.1.0	NT=ms-proteomics;VV=v1.1.0	NT=dia-acquisition;VV=v1.1.0	manual curation	liver
20170817_RiMod_K_7_1	homo sapiens	liver	not applicable	frontotemporal dementia	1	20170817_RiMod_K_7_1	proteomic profiling by mass spectrometry	Data-independent acquisition	NT=isotope labeling;AC=PRIDE:0000310	NT=tripletof 5600;AC=MS:1000932	NT=Carbamidomethyl;AC=UNIMOD:4;TA=C;MT=Fixed	NT=TMT6plex;AC=UNIMOD:737;TA=K;MT=Fixed	NT=Trypsin;AC=MS:1001251	not available	strong cation-exchange chromatography (scx)	iodoacetamide (iaa)	1	1	20170817_RiMod_K_7_1.wiff	ftp://ftp.pride.ebi.ac.uk/pride/data/archive/2023/03/PXD022872/20170817_RiMod_K_7_1.wiff	v1.1.0	NT=ms-proteomics;VV=v1.1.0	NT=dia-acquisition;VV=v1.1.0	manual curation	liver
20170822_RiMod_L_10_4	homo sapiens	liver	not applicable	frontotemporal dementia	4	20170822_RiMod_L_10_4	proteomic profiling by mass spectrometry	Data-independent acquisition	NT=isotope labeling;AC=PRIDE:0000310	NT=tripletof 5600;AC=MS:1000932	NT=Carbamidomethyl;AC=UNIMOD:4;TA=C;MT=Fixed	NT=TMT6plex;AC=UNIMOD:737;TA=K;MT=Fixed	NT=Trypsin;AC=MS:1001251	not available	strong cation-exchange chromatography (scx)	iodoacetamide (iaa)	1	1	20170822_RiMod_L_10_4.wiff	ftp://ftp.pride.ebi.ac.uk/pride/data/archive/2023/03/PXD022872/20170822_RiMod_L_10_4.wiff	v1.1.0	NT=ms-proteomics;VV=v1.1.0	NT=dia-acquisition;VV=v1.1.0	manual curation	liver
20160629_Rimod_G_9.3	homo sapiens	liver	not applicable	frontotemporal dementia	3	20160629_Rimod_G_9.3	proteomic profiling by mass spectrometry	Data-independent acquisition	NT=isotope labeling;AC=PRIDE:0000310	NT=tripletof 5600;AC=MS:1000932	NT=Carbamidomethyl;AC=UNIMOD:4;TA=C;MT=Fixed	NT=TMT6plex;AC=UNIMOD:737;TA=K;MT=Fixed	NT=Trypsin;AC=MS:1001251	not available	strong cation-exchange chromatography (scx)	iodoacetamide (iaa)	1	1	20160629_Rimod_G_9.3.wiff	ftp://ftp.pride.ebi.ac.uk/pride/data/archive/2023/03/PXD022872/20160629_Rimod_G_9.3.wiff	v1.1.0	NT=ms-proteomics;VV=v1.1.0	NT=dia-acquisition;VV=v1.1.0	manual curation	liver
20161121_RiMod_I_1.4	homo sapiens	liver	not applicable	frontotemporal dementia	4	20161121_RiMod_I_1.4	proteomic profiling by mass spectrometry	Data-independent acquisition	NT=isotope labeling;AC=PRIDE:0000310	NT=tripletof 5600;AC=MS:1000932	NT=Carbamidomethyl;AC=UNIMOD:4;TA=C;MT=Fixed	NT=TMT6plex;AC=UNIMOD:737;TA=K;MT=Fixed	NT=Trypsin;AC=MS:1001251	not available	strong cation-exchange chromatography (scx)	iodoacetamide (iaa)	1	1	20161121_RiMod_I_1.4.wiff	ftp://ftp.pride.ebi.ac.uk/pride/data/archive/2023/03/PXD022872/20161121_RiMod_I_1.4.wiff	v1.1.0	NT=ms-proteomics;VV=v1.1.0	NT=dia-acquisition;VV=v1.1.0	manual curation	liver
20160625_Rimod_G_1.4	homo sapiens	liver	not applicable	frontotemporal dementia	4	20160625_Rimod_G_1.4	proteomic profiling by mass spectrometry	Data-independent acquisition	NT=isotope labeling;AC=PRIDE:0000310	NT=tripletof 5600;AC=MS:1000932	NT=Carbamidomethyl;AC=UNIMOD:4;TA=C;MT=Fixed	NT=TMT6plex;AC=UNIMOD:737;TA=K;MT=Fixed	NT=Trypsin;AC=MS:1001251	not available	strong cation-exchange chromatography (scx)	iodoacetamide (iaa)	1	1	20160625_Rimod_G_1.4.wiff	ftp://ftp.pride.ebi.ac.uk/pride/data/archive/2023/03/PXD022872/20160625_Rimod_G_1.4.wiff	v1.1.0	NT=ms-proteomics;VV=v1.1.0	NT=dia-acquisition;VV=v1.1.0	manual curation	liver
20160620_RimodF_4.1	homo sapiens	liver	not applicable	frontotemporal dementia	1	20160620_RimodF_4.1	proteomic profiling by mass spectrometry	Data-independent acquisition	NT=isotope labeling;AC=PRIDE:0000310	NT=tripletof 5600;AC=MS:1000932	NT=Carbamidomethyl;AC=UNIMOD:4;TA=C;MT=Fixed	NT=TMT6plex;AC=UNIMOD:737;TA=K;MT=Fixed	NT=Trypsin;AC=MS:1001251	not available	strong cation-exchange chromatography (scx)	iodoacetamide (iaa)	1	1	20160620_RimodF_4.1.wiff	ftp://ftp.pride.ebi.ac.uk/pride/data/archive/2023/03/PXD022872/20160620_RimodF_4.1.wiff	v1.1.0	NT=ms-proteomics;VV=v1.1.0	NT=dia-acquisition;VV=v1.1.0	manual curation	liver
20160627_Rimod_G_8.3	homo sapiens	liver	not applicable	frontotemporal dementia	3	20160627_Rimod_G_8.3	proteomic profiling by mass spectrometry	Data-independent acquisition	NT=isotope labeling;AC=PRIDE:0000310	NT=tripletof 5600;AC=MS:1000932	NT=Carbamidomethyl;AC=UNIMOD:4;TA=C;MT=Fixed	NT=TMT6plex;AC=UNIMOD:737;TA=K;MT=Fixed	NT=Trypsin;AC=MS:1001251	not available	strong cation-exchange chromatography (scx)	iodoacetamide (iaa)	1	1	20160627_Rimod_G_8.3.wiff	ftp://ftp.pride.ebi.ac.uk/pride/data/archive/2023/03/PXD022872/20160627_Rimod_G_8.3.wiff	v1.1.0	NT=ms-proteomics;VV=v1.1.0	NT=dia-acquisition;VV=v1.1.0	manual curation	liver
20170822_RiMod_L_1_1	homo sapiens	liver	not applicable	frontotemporal dementia	1	20170822_RiMod_L_1_1	proteomic profiling by mass spectrometry	Data-independent acquisition	NT=isotope labeling;AC=PRIDE:0000310	NT=tripletof 5600;AC=MS:1000932	NT=Carbamidomethyl;AC=UNIMOD:4;TA=C;MT=Fixed	NT=TMT6plex;AC=UNIMOD:737;TA=K;MT=Fixed	NT=Trypsin;AC=MS:1001251	not available	strong cation-exchange chromatography (scx)	iodoacetamide (iaa)	1	1	20170822_RiMod_L_1_1.wiff	ftp://ftp.pride.ebi.ac.uk/pride/data/archive/2023/03/PXD022872/20170822_RiMod_L_1_1.wiff	v1.1.0	NT=ms-proteomics;VV=v1.1.0	NT=dia-acquisition;VV=v1.1.0	manual curation	liver
20161121_RiMod_I_4.3	homo sapiens	liver	not applicable	frontotemporal dementia	3	20161121_RiMod_I_4.3	proteomic profiling by mass spectrometry	Data-independent acquisition	NT=isotope labeling;AC=PRIDE:0000310	NT=tripletof 5600;AC=MS:1000932	NT=Carbamidomethyl;AC=UNIMOD:4;TA=C;MT=Fixed	NT=TMT6plex;AC=UNIMOD:737;TA=K;MT=Fixed	NT=Trypsin;AC=MS:1001251	not available	strong cation-exchange chromatography (scx)	iodoacetamide (iaa)	1	1	20161121_RiMod_I_4.3.wiff	ftp://ftp.pride.ebi.ac.uk/pride/data/archive/2023/03/PXD022872/20161121_RiMod_I_4.3.wiff	v1.1.0	NT=ms-proteomics;VV=v1.1.0	NT=dia-acquisition;VV=v1.1.0	manual curation	liver
20151119_FTD_D3_4	homo sapiens	liver	not applicable	frontotemporal dementia	4	20151119_FTD_D3_4	proteomic profiling by mass spectrometry	Data-independent acquisition	NT=isotope labeling;AC=PRIDE:0000310	NT=tripletof 5600;AC=MS:1000932	NT=Carbamidomethyl;AC=UNIMOD:4;TA=C;MT=Fixed	NT=TMT6plex;AC=UNIMOD:737;TA=K;MT=Fixed	NT=Trypsin;AC=MS:1001251	not available	strong cation-exchange chromatography (scx)	iodoacetamide (iaa)	1	1	20151119_FTD_D3_4.wiff	ftp://ftp.pride.ebi.ac.uk/pride/data/archive/2023/03/PXD022872/20151119_FTD_D3_4.wiff	v1.1.0	NT=ms-proteomics;VV=v1.1.0	NT=dia-acquisition;VV=v1.1.0	manual curation	liver
FTD_B4_3	homo sapiens	liver	not applicable	frontotemporal dementia	3	FTD_B4_3	proteomic profiling by mass spectrometry	Data-independent acquisition	NT=isotope labeling;AC=PRIDE:0000310	NT=tripletof 5600;AC=MS:1000932	NT=Carbamidomethyl;AC=UNIMOD:4;TA=C;MT=Fixed	NT=TMT6plex;AC=UNIMOD:737;TA=K;MT=Fixed	NT=Trypsin;AC=MS:1001251	not available	strong cation-exchange chromatography (scx)	iodoacetamide (iaa)	1	1	FTD_B4_3.wiff	ftp://ftp.pride.ebi.ac.uk/pride/data/archive/2023/03/PXD022872/FTD_B4_3.wiff	v1.1.0	NT=ms-proteomics;VV=v1.1.0	NT=dia-acquisition;VV=v1.1.0	manual curation	liver
20160620_RimodF_3.2_rerun	homo sapiens	liver	not applicable	frontotemporal dementia	1	20160620_RimodF_3.2_rerun	proteomic profiling by mass spectrometry	Data-independent acquisition	NT=isotope labeling;AC=PRIDE:0000310	NT=tripletof 5600;AC=MS:1000932	NT=Carbamidomethyl;AC=UNIMOD:4;TA=C;MT=Fixed	NT=TMT6plex;AC=UNIMOD:737;TA=K;MT=Fixed	NT=Trypsin;AC=MS:1001251	not available	strong cation-exchange chromatography (scx)	iodoacetamide (iaa)	1	1	20160620_RimodF_3.2_rerun.wiff	ftp://ftp.pride.ebi.ac.uk/pride/data/archive/2023/03/PXD022872/20160620_RimodF_3.2_rerun.wiff	v1.1.0	NT=ms-proteomics;VV=v1.1.0	NT=dia-acquisition;VV=v1.1.0	manual curation	liver
FTD_B4_1	homo sapiens	liver	not applicable	frontotemporal dementia	1	FTD_B4_1	proteomic profiling by mass spectrometry	Data-independent acquisition	NT=isotope labeling;AC=PRIDE:0000310	NT=tripletof 5600;AC=MS:1000932	NT=Carbamidomethyl;AC=UNIMOD:4;TA=C;MT=Fixed	NT=TMT6plex;AC=UNIMOD:737;TA=K;MT=Fixed	NT=Trypsin;AC=MS:1001251	not available	strong cation-exchange chromatography (scx)	iodoacetamide (iaa)	1	1	FTD_B4_1.wiff	ftp://ftp.pride.ebi.ac.uk/pride/data/archive/2023/03/PXD022872/FTD_B4_1.wiff	v1.1.0	NT=ms-proteomics;VV=v1.1.0	NT=dia-acquisition;VV=v1.1.0	manual curation	liver
20170822_RiMod_L_3_1	homo sapiens	liver	not applicable	frontotemporal dementia	1	20170822_RiMod_L_3_1	proteomic profiling by mass spectrometry	Data-independent acquisition	NT=isotope labeling;AC=PRIDE:0000310	NT=tripletof 5600;AC=MS:1000932	NT=Carbamidomethyl;AC=UNIMOD:4;TA=C;MT=Fixed	NT=TMT6plex;AC=UNIMOD:737;TA=K;MT=Fixed	NT=Trypsin;AC=MS:1001251	not available	strong cation-exchange chromatography (scx)	iodoacetamide (iaa)	1	1	20170822_RiMod_L_3_1.wiff	ftp://ftp.pride.ebi.ac.uk/pride/data/archive/2023/03/PXD022872/20170822_RiMod_L_3_1.wiff	v1.1.0	NT=ms-proteomics;VV=v1.1.0	NT=dia-acquisition;VV=v1.1.0	manual curation	liver
20170822_RiMod_L_5_2	homo sapiens	liver	not applicable	frontotemporal dementia	2	20170822_RiMod_L_5_2	proteomic profiling by mass spectrometry	Data-independent acquisition	NT=isotope labeling;AC=PRIDE:0000310	NT=tripletof 5600;AC=MS:1000932	NT=Carbamidomethyl;AC=UNIMOD:4;TA=C;MT=Fixed	NT=TMT6plex;AC=UNIMOD:737;TA=K;MT=Fixed	NT=Trypsin;AC=MS:1001251	not available	strong cation-exchange chromatography (scx)	iodoacetamide (iaa)	1	1	20170822_RiMod_L_5_2.wiff	ftp://ftp.pride.ebi.ac.uk/pride/data/archive/2023/03/PXD022872/20170822_RiMod_L_5_2.wiff	v1.1.0	NT=ms-proteomics;VV=v1.1.0	NT=dia-acquisition;VV=v1.1.0	manual curation	liver
20160303_Rimod_E_3.3	homo sapiens	liver	not applicable	frontotemporal dementia	3	20160303_Rimod_E_3.3	proteomic profiling by mass spectrometry	Data-independent acquisition	NT=isotope labeling;AC=PRIDE:0000310	NT=tripletof 5600;AC=MS:1000932	NT=Carbamidomethyl;AC=UNIMOD:4;TA=C;MT=Fixed	NT=TMT6plex;AC=UNIMOD:737;TA=K;MT=Fixed	NT=Trypsin;AC=MS:1001251	not available	strong cation-exchange chromatography (scx)	iodoacetamide (iaa)	1	1	20160303_Rimod_E_3.3.wiff	ftp://ftp.pride.ebi.ac.uk/pride/data/archive/2023/03/PXD022872/20160303_Rimod_E_3.3.wiff	v1.1.0	NT=ms-proteomics;VV=v1.1.0	NT=dia-acquisition;VV=v1.1.0	manual curation	liver
20161121_RiMod_I_10.1	homo sapiens	liver	not applicable	frontotemporal dementia	1	20161121_RiMod_I_10.1	proteomic profiling by mass spectrometry	Data-independent acquisition	NT=isotope labeling;AC=PRIDE:0000310	NT=tripletof 5600;AC=MS:1000932	NT=Carbamidomethyl;AC=UNIMOD:4;TA=C;MT=Fixed	NT=TMT6plex;AC=UNIMOD:737;TA=K;MT=Fixed	NT=Trypsin;AC=MS:1001251	not available	strong cation-exchange chromatography (scx)	iodoacetamide (iaa)	1	1	20161121_RiMod_I_10.1.wiff	ftp://ftp.pride.ebi.ac.uk/pride/data/archive/2023/03/PXD022872/20161121_RiMod_I_10.1.wiff	v1.1.0	NT=ms-proteomics;VV=v1.1.0	NT=dia-acquisition;VV=v1.1.0	manual curation	liver
20161116_RiMod_Library_05	homo sapiens	liver	not applicable	frontotemporal dementia	5	20161116_RiMod_Library_05	proteomic profiling by mass spectrometry	Data-independent acquisition	NT=isotope labeling;AC=PRIDE:0000310	NT=tripletof 5600;AC=MS:1000932	NT=Carbamidomethyl;AC=UNIMOD:4;TA=C;MT=Fixed	NT=TMT6plex;AC=UNIMOD:737;TA=K;MT=Fixed	NT=Trypsin;AC=MS:1001251	not available	strong cation-exchange chromatography (scx)	iodoacetamide (iaa)	1	1	20161116_RiMod_Library_05.wiff	ftp://ftp.pride.ebi.ac.uk/pride/data/archive/2023/03/PXD022872/20161116_RiMod_Library_05.wiff	v1.1.0	NT=ms-proteomics;VV=v1.1.0	NT=dia-acquisition;VV=v1.1.0	manual curation	liver
FTD_C10_3	homo sapiens	liver	not applicable	frontotemporal dementia	3	FTD_C10_3	proteomic profiling by mass spectrometry	Data-independent acquisition	NT=isotope labeling;AC=PRIDE:0000310	NT=tripletof 5600;AC=MS:1000932	NT=Carbamidomethyl;AC=UNIMOD:4;TA=C;MT=Fixed	NT=TMT6plex;AC=UNIMOD:737;TA=K;MT=Fixed	NT=Trypsin;AC=MS:1001251	not available	strong cation-exchange chromatography (scx)	iodoacetamide (iaa)	1	1	FTD_C10_3.wiff	ftp://ftp.pride.ebi.ac.uk/pride/data/archive/2023/03/PXD022872/FTD_C10_3.wiff	v1.1.0	NT=ms-proteomics;VV=v1.1.0	NT=dia-acquisition;VV=v1.1.0	manual curation	liver
20151119_FTD_D5_4	homo sapiens	liver	not applicable	frontotemporal dementia	4	20151119_FTD_D5_4	proteomic profiling by mass spectrometry	Data-independent acquisition	NT=isotope labeling;AC=PRIDE:0000310	NT=tripletof 5600;AC=MS:1000932	NT=Carbamidomethyl;AC=UNIMOD:4;TA=C;MT=Fixed	NT=TMT6plex;AC=UNIMOD:737;TA=K;MT=Fixed	NT=Trypsin;AC=MS:1001251	not available	strong cation-exchange chromatography (scx)	iodoacetamide (iaa)	1	1	20151119_FTD_D5_4.wiff	ftp://ftp.pride.ebi.ac.uk/pride/data/archive/2023/03/PXD022872/20151119_FTD_D5_4.wiff	v1.1.0	NT=ms-proteomics;VV=v1.1.0	NT=dia-acquisition;VV=v1.1.0	manual curation	liver
20170822_RiMod_L_10_1	homo sapiens	liver	not applicable	frontotemporal dementia	1	20170822_RiMod_L_10_1	proteomic profiling by mass spectrometry	Data-independent acquisition	NT=isotope labeling;AC=PRIDE:0000310	NT=tripletof 5600;AC=MS:1000932	NT=Carbamidomethyl;AC=UNIMOD:4;TA=C;MT=Fixed	NT=TMT6plex;AC=UNIMOD:737;TA=K;MT=Fixed	NT=Trypsin;AC=MS:1001251	not available	strong cation-exchange chromatography (scx)	iodoacetamide (iaa)	1	1	20170822_RiMod_L_10_1.wiff	ftp://ftp.pride.ebi.ac.uk/pride/data/archive/2023/03/PXD022872/20170822_RiMod_L_10_1.wiff	v1.1.0	NT=ms-proteomics;VV=v1.1.0	NT=dia-acquisition;VV=v1.1.0	manual curation	liver
20161118_RiMod_H_5.3	homo sapiens	liver	not applicable	frontotemporal dementia	3	20161118_RiMod_H_5.3	proteomic profiling by mass spectrometry	Data-independent acquisition	NT=isotope labeling;AC=PRIDE:0000310	NT=tripletof 5600;AC=MS:1000932	NT=Carbamidomethyl;AC=UNIMOD:4;TA=C;MT=Fixed	NT=TMT6plex;AC=UNIMOD:737;TA=K;MT=Fixed	NT=Trypsin;AC=MS:1001251	not available	strong cation-exchange chromatography (scx)	iodoacetamide (iaa)	1	1	20161118_RiMod_H_5.3.wiff	ftp://ftp.pride.ebi.ac.uk/pride/data/archive/2023/03/PXD022872/20161118_RiMod_H_5.3.wiff	v1.1.0	NT=ms-proteomics;VV=v1.1.0	NT=dia-acquisition;VV=v1.1.0	manual curation	liver
20161121_RiMod_I_9.1	homo sapiens	liver	not applicable	frontotemporal dementia	1	20161121_RiMod_I_9.1	proteomic profiling by mass spectrometry	Data-independent acquisition	NT=isotope labeling;AC=PRIDE:0000310	NT=tripletof 5600;AC=MS:1000932	NT=Carbamidomethyl;AC=UNIMOD:4;TA=C;MT=Fixed	NT=TMT6plex;AC=UNIMOD:737;TA=K;MT=Fixed	NT=Trypsin;AC=MS:1001251	not available	strong cation-exchange chromatography (scx)	iodoacetamide (iaa)	1	1	20161121_RiMod_I_9.1.wiff	ftp://ftp.pride.ebi.ac.uk/pride/data/archive/2023/03/PXD022872/20161121_RiMod_I_9.1.wiff	v1.1.0	NT=ms-proteomics;VV=v1.1.0	NT=dia-acquisition;VV=v1.1.0	manual curation	liver
20160627_Rimod_G_6.1	homo sapiens	liver	not applicable	frontotemporal dementia	1	20160627_Rimod_G_6.1	proteomic profiling by mass spectrometry	Data-independent acquisition	NT=isotope labeling;AC=PRIDE:0000310	NT=tripletof 5600;AC=MS:1000932	NT=Carbamidomethyl;AC=UNIMOD:4;TA=C;MT=Fixed	NT=TMT6plex;AC=UNIMOD:737;TA=K;MT=Fixed	NT=Trypsin;AC=MS:1001251	not available	strong cation-exchange chromatography (scx)	iodoacetamide (iaa)	1	1	20160627_Rimod_G_6.1.wiff	ftp://ftp.pride.ebi.ac.uk/pride/data/archive/2023/03/PXD022872/20160627_Rimod_G_6.1.wiff	v1.1.0	NT=ms-proteomics;VV=v1.1.0	NT=dia-acquisition;VV=v1.1.0	manual curation	liver
20170817_RiMod_K_2_1	homo sapiens	liver	not applicable	frontotemporal dementia	1	20170817_RiMod_K_2_1	proteomic profiling by mass spectrometry	Data-independent acquisition	NT=isotope labeling;AC=PRIDE:0000310	NT=tripletof 5600;AC=MS:1000932	NT=Carbamidomethyl;AC=UNIMOD:4;TA=C;MT=Fixed	NT=TMT6plex;AC=UNIMOD:737;TA=K;MT=Fixed	NT=Trypsin;AC=MS:1001251	not available	strong cation-exchange chromatography (scx)	iodoacetamide (iaa)	1	1	20170817_RiMod_K_2_1.wiff	ftp://ftp.pride.ebi.ac.uk/pride/data/archive/2023/03/PXD022872/20170817_RiMod_K_2_1.wiff	v1.1.0	NT=ms-proteomics;VV=v1.1.0	NT=dia-acquisition;VV=v1.1.0	manual curation	liver
20161118_RiMod_H_8.1	homo sapiens	liver	not applicable	frontotemporal dementia	1	20161118_RiMod_H_8.1	proteomic profiling by mass spectrometry	Data-independent acquisition	NT=isotope labeling;AC=PRIDE:0000310	NT=tripletof 5600;AC=MS:1000932	NT=Carbamidomethyl;AC=UNIMOD:4;TA=C;MT=Fixed	NT=TMT6plex;AC=UNIMOD:737;TA=K;MT=Fixed	NT=Trypsin;AC=MS:1001251	not available	strong cation-exchange chromatography (scx)	iodoacetamide (iaa)	1	1	20161118_RiMod_H_8.1.wiff	ftp://ftp.pride.ebi.ac.uk/pride/data/archive/2023/03/PXD022872/20161118_RiMod_H_8.1.wiff	v1.1.0	NT=ms-proteomics;VV=v1.1.0	NT=dia-acquisition;VV=v1.1.0	manual curation	liver
FTD_B10_1	homo sapiens	liver	not applicable	frontotemporal dementia	1	FTD_B10_1	proteomic profiling by mass spectrometry	Data-independent acquisition	NT=isotope labeling;AC=PRIDE:0000310	NT=tripletof 5600;AC=MS:1000932	NT=Carbamidomethyl;AC=UNIMOD:4;TA=C;MT=Fixed	NT=TMT6plex;AC=UNIMOD:737;TA=K;MT=Fixed	NT=Trypsin;AC=MS:1001251	not available	strong cation-exchange chromatography (scx)	iodoacetamide (iaa)	1	1	FTD_B10_1.wiff	ftp://ftp.pride.ebi.ac.uk/pride/data/archive/2023/03/PXD022872/FTD_B10_1.wiff	v1.1.0	NT=ms-proteomics;VV=v1.1.0	NT=dia-acquisition;VV=v1.1.0	manual curation	liver
20161121_RiMod_I_10.3	homo sapiens	liver	not applicable	frontotemporal dementia	3	20161121_RiMod_I_10.3	proteomic profiling by mass spectrometry	Data-independent acquisition	NT=isotope labeling;AC=PRIDE:0000310	NT=tripletof 5600;AC=MS:1000932	NT=Carbamidomethyl;AC=UNIMOD:4;TA=C;MT=Fixed	NT=TMT6plex;AC=UNIMOD:737;TA=K;MT=Fixed	NT=Trypsin;AC=MS:1001251	not available	strong cation-exchange chromatography (scx)	iodoacetamide (iaa)	1	1	20161121_RiMod_I_10.3.wiff	ftp://ftp.pride.ebi.ac.uk/pride/data/archive/2023/03/PXD022872/20161121_RiMod_I_10.3.wiff	v1.1.0	NT=ms-proteomics;VV=v1.1.0	NT=dia-acquisition;VV=v1.1.0	manual curation	liver
FTD_A4_1	homo sapiens	liver	not applicable	frontotemporal dementia	1	FTD_A4_1	proteomic profiling by mass spectrometry	Data-independent acquisition	NT=isotope labeling;AC=PRIDE:0000310	NT=tripletof 5600;AC=MS:1000932	NT=Carbamidomethyl;AC=UNIMOD:4;TA=C;MT=Fixed	NT=TMT6plex;AC=UNIMOD:737;TA=K;MT=Fixed	NT=Trypsin;AC=MS:1001251	not available	strong cation-exchange chromatography (scx)	iodoacetamide (iaa)	1	1	FTD_A4_1.wiff	ftp://ftp.pride.ebi.ac.uk/pride/data/archive/2023/03/PXD022872/FTD_A4_1.wiff	v1.1.0	NT=ms-proteomics;VV=v1.1.0	NT=dia-acquisition;VV=v1.1.0	manual curation	liver
FTD_B4_4	homo sapiens	liver	not applicable	frontotemporal dementia	4	FTD_B4_4	proteomic profiling by mass spectrometry	Data-independent acquisition	NT=isotope labeling;AC=PRIDE:0000310	NT=tripletof 5600;AC=MS:1000932	NT=Carbamidomethyl;AC=UNIMOD:4;TA=C;MT=Fixed	NT=TMT6plex;AC=UNIMOD:737;TA=K;MT=Fixed	NT=Trypsin;AC=MS:1001251	not available	strong cation-exchange chromatography (scx)	iodoacetamide (iaa)	1	1	FTD_B4_4.wiff	ftp://ftp.pride.ebi.ac.uk/pride/data/archive/2023/03/PXD022872/FTD_B4_4.wiff	v1.1.0	NT=ms-proteomics;VV=v1.1.0	NT=dia-acquisition;VV=v1.1.0	manual curation	liver
20161116_RiMod_Library_04	homo sapiens	liver	not applicable	frontotemporal dementia	4	20161116_RiMod_Library_04	proteomic profiling by mass spectrometry	Data-independent acquisition	NT=isotope labeling;AC=PRIDE:0000310	NT=tripletof 5600;AC=MS:1000932	NT=Carbamidomethyl;AC=UNIMOD:4;TA=C;MT=Fixed	NT=TMT6plex;AC=UNIMOD:737;TA=K;MT=Fixed	NT=Trypsin;AC=MS:1001251	not available	strong cation-exchange chromatography (scx)	iodoacetamide (iaa)	1	1	20161116_RiMod_Library_04.wiff	ftp://ftp.pride.ebi.ac.uk/pride/data/archive/2023/03/PXD022872/20161116_RiMod_Library_04.wiff	v1.1.0	NT=ms-proteomics;VV=v1.1.0	NT=dia-acquisition;VV=v1.1.0	manual curation	liver
FTD_A9_3	homo sapiens	liver	not applicable	frontotemporal dementia	3	FTD_A9_3	proteomic profiling by mass spectrometry	Data-independent acquisition	NT=isotope labeling;AC=PRIDE:0000310	NT=tripletof 5600;AC=MS:1000932	NT=Carbamidomethyl;AC=UNIMOD:4;TA=C;MT=Fixed	NT=TMT6plex;AC=UNIMOD:737;TA=K;MT=Fixed	NT=Trypsin;AC=MS:1001251	not available	strong cation-exchange chromatography (scx)	iodoacetamide (iaa)	1	1	FTD_A9_3.wiff	ftp://ftp.pride.ebi.ac.uk/pride/data/archive/2023/03/PXD022872/FTD_A9_3.wiff	v1.1.0	NT=ms-proteomics;VV=v1.1.0	NT=dia-acquisition;VV=v1.1.0	manual curation	liver
20161118_RiMod_H_6.3	homo sapiens	liver	not applicable	frontotemporal dementia	3	20161118_RiMod_H_6.3	proteomic profiling by mass spectrometry	Data-independent acquisition	NT=isotope labeling;AC=PRIDE:0000310	NT=tripletof 5600;AC=MS:1000932	NT=Carbamidomethyl;AC=UNIMOD:4;TA=C;MT=Fixed	NT=TMT6plex;AC=UNIMOD:737;TA=K;MT=Fixed	NT=Trypsin;AC=MS:1001251	not available	strong cation-exchange chromatography (scx)	iodoacetamide (iaa)	1	1	20161118_RiMod_H_6.3.wiff	ftp://ftp.pride.ebi.ac.uk/pride/data/archive/2023/03/PXD022872/20161118_RiMod_H_6.3.wiff	v1.1.0	NT=ms-proteomics;VV=v1.1.0	NT=dia-acquisition;VV=v1.1.0	manual curation	liver
20161116_RiMod_Library_09	homo sapiens	liver	not applicable	frontotemporal dementia	9	20161116_RiMod_Library_09	proteomic profiling by mass spectrometry	Data-independent acquisition	NT=isotope labeling;AC=PRIDE:0000310	NT=tripletof 5600;AC=MS:1000932	NT=Carbamidomethyl;AC=UNIMOD:4;TA=C;MT=Fixed	NT=TMT6plex;AC=UNIMOD:737;TA=K;MT=Fixed	NT=Trypsin;AC=MS:1001251	not available	strong cation-exchange chromatography (scx)	iodoacetamide (iaa)	1	1	20161116_RiMod_Library_09.wiff	ftp://ftp.pride.ebi.ac.uk/pride/data/archive/2023/03/PXD022872/20161116_RiMod_Library_09.wiff	v1.1.0	NT=ms-proteomics;VV=v1.1.0	NT=dia-acquisition;VV=v1.1.0	manual curation	liver
20160627_Rimod_G_8.4	homo sapiens	liver	not applicable	frontotemporal dementia	4	20160627_Rimod_G_8.4	proteomic profiling by mass spectrometry	Data-independent acquisition	NT=isotope labeling;AC=PRIDE:0000310	NT=tripletof 5600;AC=MS:1000932	NT=Carbamidomethyl;AC=UNIMOD:4;TA=C;MT=Fixed	NT=TMT6plex;AC=UNIMOD:737;TA=K;MT=Fixed	NT=Trypsin;AC=MS:1001251	not available	strong cation-exchange chromatography (scx)	iodoacetamide (iaa)	1	1	20160627_Rimod_G_8.4.wiff	ftp://ftp.pride.ebi.ac.uk/pride/data/archive/2023/03/PXD022872/20160627_Rimod_G_8.4.wiff	v1.1.0	NT=ms-proteomics;VV=v1.1.0	NT=dia-acquisition;VV=v1.1.0	manual curation	liver
20170822_RiMod_L_5_3	homo sapiens	liver	not applicable	frontotemporal dementia	3	20170822_RiMod_L_5_3	proteomic profiling by mass spectrometry	Data-independent acquisition	NT=isotope labeling;AC=PRIDE:0000310	NT=tripletof 5600;AC=MS:1000932	NT=Carbamidomethyl;AC=UNIMOD:4;TA=C;MT=Fixed	NT=TMT6plex;AC=UNIMOD:737;TA=K;MT=Fixed	NT=Trypsin;AC=MS:1001251	not available	strong cation-exchange chromatography (scx)	iodoacetamide (iaa)	1	1	20170822_RiMod_L_5_3.wiff	ftp://ftp.pride.ebi.ac.uk/pride/data/archive/2023/03/PXD022872/20170822_RiMod_L_5_3.wiff	v1.1.0	NT=ms-proteomics;VV=v1.1.0	NT=dia-acquisition;VV=v1.1.0	manual curation	liver
FTD_B3_4	homo sapiens	liver	not applicable	frontotemporal dementia	4	FTD_B3_4	proteomic profiling by mass spectrometry	Data-independent acquisition	NT=isotope labeling;AC=PRIDE:0000310	NT=tripletof 5600;AC=MS:1000932	NT=Carbamidomethyl;AC=UNIMOD:4;TA=C;MT=Fixed	NT=TMT6plex;AC=UNIMOD:737;TA=K;MT=Fixed	NT=Trypsin;AC=MS:1001251	not available	strong cation-exchange chromatography (scx)	iodoacetamide (iaa)	1	1	FTD_B3_4.wiff	ftp://ftp.pride.ebi.ac.uk/pride/data/archive/2023/03/PXD022872/FTD_B3_4.wiff	v1.1.0	NT=ms-proteomics;VV=v1.1.0	NT=dia-acquisition;VV=v1.1.0	manual curation	liver
20170822_RiMod_L_5_4	homo sapiens	liver	not applicable	frontotemporal dementia	4	20170822_RiMod_L_5_4	proteomic profiling by mass spectrometry	Data-independent acquisition	NT=isotope labeling;AC=PRIDE:0000310	NT=tripletof 5600;AC=MS:1000932	NT=Carbamidomethyl;AC=UNIMOD:4;TA=C;MT=Fixed	NT=TMT6plex;AC=UNIMOD:737;TA=K;MT=Fixed	NT=Trypsin;AC=MS:1001251	not available	strong cation-exchange chromatography (scx)	iodoacetamide (iaa)	1	1	20170822_RiMod_L_5_4.wiff	ftp://ftp.pride.ebi.ac.uk/pride/data/archive/2023/03/PXD022872/20170822_RiMod_L_5_4.wiff	v1.1.0	NT=ms-proteomics;VV=v1.1.0	NT=dia-acquisition;VV=v1.1.0	manual curation	liver
20160303_Rimod_E_5.2	homo sapiens	liver	not applicable	frontotemporal dementia	2	20160303_Rimod_E_5.2	proteomic profiling by mass spectrometry	Data-independent acquisition	NT=isotope labeling;AC=PRIDE:0000310	NT=tripletof 5600;AC=MS:1000932	NT=Carbamidomethyl;AC=UNIMOD:4;TA=C;MT=Fixed	NT=TMT6plex;AC=UNIMOD:737;TA=K;MT=Fixed	NT=Trypsin;AC=MS:1001251	not available	strong cation-exchange chromatography (scx)	iodoacetamide (iaa)	1	1	20160303_Rimod_E_5.2.wiff	ftp://ftp.pride.ebi.ac.uk/pride/data/archive/2023/03/PXD022872/20160303_Rimod_E_5.2.wiff	v1.1.0	NT=ms-proteomics;VV=v1.1.0	NT=dia-acquisition;VV=v1.1.0	manual curation	liver
20151119_FTD_D6_1	homo sapiens	liver	not applicable	frontotemporal dementia	1	20151119_FTD_D6_1	proteomic profiling by mass spectrometry	Data-independent acquisition	NT=isotope labeling;AC=PRIDE:0000310	NT=tripletof 5600;AC=MS:1000932	NT=Carbamidomethyl;AC=UNIMOD:4;TA=C;MT=Fixed	NT=TMT6plex;AC=UNIMOD:737;TA=K;MT=Fixed	NT=Trypsin;AC=MS:1001251	not available	strong cation-exchange chromatography (scx)	iodoacetamide (iaa)	1	1	20151119_FTD_D6_1.wiff	ftp://ftp.pride.ebi.ac.uk/pride/data/archive/2023/03/PXD022872/20151119_FTD_D6_1.wiff	v1.1.0	NT=ms-proteomics;VV=v1.1.0	NT=dia-acquisition;VV=v1.1.0	manual curation	liver
20151119_FTD_D9_1	homo sapiens	liver	not applicable	frontotemporal dementia	1	20151119_FTD_D9_1	proteomic profiling by mass spectrometry	Data-independent acquisition	NT=isotope labeling;AC=PRIDE:0000310	NT=tripletof 5600;AC=MS:1000932	NT=Carbamidomethyl;AC=UNIMOD:4;TA=C;MT=Fixed	NT=TMT6plex;AC=UNIMOD:737;TA=K;MT=Fixed	NT=Trypsin;AC=MS:1001251	not available	strong cation-exchange chromatography (scx)	iodoacetamide (iaa)	1	1	20151119_FTD_D9_1.wiff	ftp://ftp.pride.ebi.ac.uk/pride/data/archive/2023/03/PXD022872/20151119_FTD_D9_1.wiff	v1.1.0	NT=ms-proteomics;VV=v1.1.0	NT=dia-acquisition;VV=v1.1.0	manual curation	liver
20160625_Rimod_G_4.2	homo sapiens	liver	not applicable	frontotemporal dementia	2	20160625_Rimod_G_4.2	proteomic profiling by mass spectrometry	Data-independent acquisition	NT=isotope labeling;AC=PRIDE:0000310	NT=tripletof 5600;AC=MS:1000932	NT=Carbamidomethyl;AC=UNIMOD:4;TA=C;MT=Fixed	NT=TMT6plex;AC=UNIMOD:737;TA=K;MT=Fixed	NT=Trypsin;AC=MS:1001251	not available	strong cation-exchange chromatography (scx)	iodoacetamide (iaa)	1	1	20160625_Rimod_G_4.2.wiff	ftp://ftp.pride.ebi.ac.uk/pride/data/archive/2023/03/PXD022872/20160625_Rimod_G_4.2.wiff	v1.1.0	NT=ms-proteomics;VV=v1.1.0	NT=dia-acquisition;VV=v1.1.0	manual curation	liver
FTD_A6_1	homo sapiens	liver	not applicable	frontotemporal dementia	1	FTD_A6_1	proteomic profiling by mass spectrometry	Data-independent acquisition	NT=isotope labeling;AC=PRIDE:0000310	NT=tripletof 5600;AC=MS:1000932	NT=Carbamidomethyl;AC=UNIMOD:4;TA=C;MT=Fixed	NT=TMT6plex;AC=UNIMOD:737;TA=K;MT=Fixed	NT=Trypsin;AC=MS:1001251	not available	strong cation-exchange chromatography (scx)	iodoacetamide (iaa)	1	1	FTD_A6_1.wiff	ftp://ftp.pride.ebi.ac.uk/pride/data/archive/2023/03/PXD022872/FTD_A6_1.wiff	v1.1.0	NT=ms-proteomics;VV=v1.1.0	NT=dia-acquisition;VV=v1.1.0	manual curation	liver
20170822_RiMod_L_7_2	homo sapiens	liver	not applicable	frontotemporal dementia	2	20170822_RiMod_L_7_2	proteomic profiling by mass spectrometry	Data-independent acquisition	NT=isotope labeling;AC=PRIDE:0000310	NT=tripletof 5600;AC=MS:1000932	NT=Carbamidomethyl;AC=UNIMOD:4;TA=C;MT=Fixed	NT=TMT6plex;AC=UNIMOD:737;TA=K;MT=Fixed	NT=Trypsin;AC=MS:1001251	not available	strong cation-exchange chromatography (scx)	iodoacetamide (iaa)	1	1	20170822_RiMod_L_7_2.wiff	ftp://ftp.pride.ebi.ac.uk/pride/data/archive/2023/03/PXD022872/20170822_RiMod_L_7_2.wiff	v1.1.0	NT=ms-proteomics;VV=v1.1.0	NT=dia-acquisition;VV=v1.1.0	manual curation	liver
20151119_FTD_D8_3	homo sapiens	liver	not applicable	frontotemporal dementia	3	20151119_FTD_D8_3	proteomic profiling by mass spectrometry	Data-independent acquisition	NT=isotope labeling;AC=PRIDE:0000310	NT=tripletof 5600;AC=MS:1000932	NT=Carbamidomethyl;AC=UNIMOD:4;TA=C;MT=Fixed	NT=TMT6plex;AC=UNIMOD:737;TA=K;MT=Fixed	NT=Trypsin;AC=MS:1001251	not available	strong cation-exchange chromatography (scx)	iodoacetamide (iaa)	1	1	20151119_FTD_D8_3.wiff	ftp://ftp.pride.ebi.ac.uk/pride/data/archive/2023/03/PXD022872/20151119_FTD_D8_3.wiff	v1.1.0	NT=ms-proteomics;VV=v1.1.0	NT=dia-acquisition;VV=v1.1.0	manual curation	liver
20170822_RiMod_L_4_3	homo sapiens	liver	not applicable	frontotemporal dementia	3	20170822_RiMod_L_4_3	proteomic profiling by mass spectrometry	Data-independent acquisition	NT=isotope labeling;AC=PRIDE:0000310	NT=tripletof 5600;AC=MS:1000932	NT=Carbamidomethyl;AC=UNIMOD:4;TA=C;MT=Fixed	NT=TMT6plex;AC=UNIMOD:737;TA=K;MT=Fixed	NT=Trypsin;AC=MS:1001251	not available	strong cation-exchange chromatography (scx)	iodoacetamide (iaa)	1	1	20170822_RiMod_L_4_3.wiff	ftp://ftp.pride.ebi.ac.uk/pride/data/archive/2023/03/PXD022872/20170822_RiMod_L_4_3.wiff	v1.1.0	NT=ms-proteomics;VV=v1.1.0	NT=dia-acquisition;VV=v1.1.0	manual curation	liver
FTD_A7_4	homo sapiens	liver	not applicable	frontotemporal dementia	4	FTD_A7_4	proteomic profiling by mass spectrometry	Data-independent acquisition	NT=isotope labeling;AC=PRIDE:0000310	NT=tripletof 5600;AC=MS:1000932	NT=Carbamidomethyl;AC=UNIMOD:4;TA=C;MT=Fixed	NT=TMT6plex;AC=UNIMOD:737;TA=K;MT=Fixed	NT=Trypsin;AC=MS:1001251	not available	strong cation-exchange chromatography (scx)	iodoacetamide (iaa)	1	1	FTD_A7_4.wiff	ftp://ftp.pride.ebi.ac.uk/pride/data/archive/2023/03/PXD022872/FTD_A7_4.wiff	v1.1.0	NT=ms-proteomics;VV=v1.1.0	NT=dia-acquisition;VV=v1.1.0	manual curation	liver
20160620_RimodF_3.3	homo sapiens	liver	not applicable	frontotemporal dementia	3	20160620_RimodF_3.3	proteomic profiling by mass spectrometry	Data-independent acquisition	NT=isotope labeling;AC=PRIDE:0000310	NT=tripletof 5600;AC=MS:1000932	NT=Carbamidomethyl;AC=UNIMOD:4;TA=C;MT=Fixed	NT=TMT6plex;AC=UNIMOD:737;TA=K;MT=Fixed	NT=Trypsin;AC=MS:1001251	not available	strong cation-exchange chromatography (scx)	iodoacetamide (iaa)	1	1	20160620_RimodF_3.3.wiff	ftp://ftp.pride.ebi.ac.uk/pride/data/archive/2023/03/PXD022872/20160620_RimodF_3.3.wiff	v1.1.0	NT=ms-proteomics;VV=v1.1.0	NT=dia-acquisition;VV=v1.1.0	manual curation	liver
FTD_A1_3	homo sapiens	liver	not applicable	frontotemporal dementia	3	FTD_A1_3	proteomic profiling by mass spectrometry	Data-independent acquisition	NT=isotope labeling;AC=PRIDE:0000310	NT=tripletof 5600;AC=MS:1000932	NT=Carbamidomethyl;AC=UNIMOD:4;TA=C;MT=Fixed	NT=TMT6plex;AC=UNIMOD:737;TA=K;MT=Fixed	NT=Trypsin;AC=MS:1001251	not available	strong cation-exchange chromatography (scx)	iodoacetamide (iaa)	1	1	FTD_A1_3.wiff	ftp://ftp.pride.ebi.ac.uk/pride/data/archive/2023/03/PXD022872/FTD_A1_3.wiff	v1.1.0	NT=ms-proteomics;VV=v1.1.0	NT=dia-acquisition;VV=v1.1.0	manual curation	liver
20160625_Rimod_G_2.3	homo sapiens	liver	not applicable	frontotemporal dementia	3	20160625_Rimod_G_2.3	proteomic profiling by mass spectrometry	Data-independent acquisition	NT=isotope labeling;AC=PRIDE:0000310	NT=tripletof 5600;AC=MS:1000932	NT=Carbamidomethyl;AC=UNIMOD:4;TA=C;MT=Fixed	NT=TMT6plex;AC=UNIMOD:737;TA=K;MT=Fixed	NT=Trypsin;AC=MS:1001251	not available	strong cation-exchange chromatography (scx)	iodoacetamide (iaa)	1	1	20160625_Rimod_G_2.3.wiff	ftp://ftp.pride.ebi.ac.uk/pride/data/archive/2023/03/PXD022872/20160625_Rimod_G_2.3.wiff	v1.1.0	NT=ms-proteomics;VV=v1.1.0	NT=dia-acquisition;VV=v1.1.0	manual curation	liver
20160629_Rimod_G_10.1	homo sapiens	liver	not applicable	frontotemporal dementia	1	20160629_Rimod_G_10.1	proteomic profiling by mass spectrometry	Data-independent acquisition	NT=isotope labeling;AC=PRIDE:0000310	NT=tripletof 5600;AC=MS:1000932	NT=Carbamidomethyl;AC=UNIMOD:4;TA=C;MT=Fixed	NT=TMT6plex;AC=UNIMOD:737;TA=K;MT=Fixed	NT=Trypsin;AC=MS:1001251	not available	strong cation-exchange chromatography (scx)	iodoacetamide (iaa)	1	1	20160629_Rimod_G_10.1.wiff	ftp://ftp.pride.ebi.ac.uk/pride/data/archive/2023/03/PXD022872/20160629_Rimod_G_10.1.wiff	v1.1.0	NT=ms-proteomics;VV=v1.1.0	NT=dia-acquisition;VV=v1.1.0	manual curation	liver
20170817_RiMod_K_4_2	homo sapiens	liver	not applicable	frontotemporal dementia	2	20170817_RiMod_K_4_2	proteomic profiling by mass spectrometry	Data-independent acquisition	NT=isotope labeling;AC=PRIDE:0000310	NT=tripletof 5600;AC=MS:1000932	NT=Carbamidomethyl;AC=UNIMOD:4;TA=C;MT=Fixed	NT=TMT6plex;AC=UNIMOD:737;TA=K;MT=Fixed	NT=Trypsin;AC=MS:1001251	not available	strong cation-exchange chromatography (scx)	iodoacetamide (iaa)	1	1	20170817_RiMod_K_4_2.wiff	ftp://ftp.pride.ebi.ac.uk/pride/data/archive/2023/03/PXD022872/20170817_RiMod_K_4_2.wiff	v1.1.0	NT=ms-proteomics;VV=v1.1.0	NT=dia-acquisition;VV=v1.1.0	manual curation	liver
FTD_A5_1	homo sapiens	liver	not applicable	frontotemporal dementia	1	FTD_A5_1	proteomic profiling by mass spectrometry	Data-independent acquisition	NT=isotope labeling;AC=PRIDE:0000310	NT=tripletof 5600;AC=MS:1000932	NT=Carbamidomethyl;AC=UNIMOD:4;TA=C;MT=Fixed	NT=TMT6plex;AC=UNIMOD:737;TA=K;MT=Fixed	NT=Trypsin;AC=MS:1001251	not available	strong cation-exchange chromatography (scx)	iodoacetamide (iaa)	1	1	FTD_A5_1.wiff	ftp://ftp.pride.ebi.ac.uk/pride/data/archive/2023/03/PXD022872/FTD_A5_1.wiff	v1.1.0	NT=ms-proteomics;VV=v1.1.0	NT=dia-acquisition;VV=v1.1.0	manual curation	liver
20160627_Rimod_G_7.3	homo sapiens	liver	not applicable	frontotemporal dementia	3	20160627_Rimod_G_7.3	proteomic profiling by mass spectrometry	Data-independent acquisition	NT=isotope labeling;AC=PRIDE:0000310	NT=tripletof 5600;AC=MS:1000932	NT=Carbamidomethyl;AC=UNIMOD:4;TA=C;MT=Fixed	NT=TMT6plex;AC=UNIMOD:737;TA=K;MT=Fixed	NT=Trypsin;AC=MS:1001251	not available	strong cation-exchange chromatography (scx)	iodoacetamide (iaa)	1	1	20160627_Rimod_G_7.3.wiff	ftp://ftp.pride.ebi.ac.uk/pride/data/archive/2023/03/PXD022872/20160627_Rimod_G_7.3.wiff	v1.1.0	NT=ms-proteomics;VV=v1.1.0	NT=dia-acquisition;VV=v1.1.0	manual curation	liver
20160622_RimodF_9.3	homo sapiens	liver	not applicable	frontotemporal dementia	3	20160622_RimodF_9.3	proteomic profiling by mass spectrometry	Data-independent acquisition	NT=isotope labeling;AC=PRIDE:0000310	NT=tripletof 5600;AC=MS:1000932	NT=Carbamidomethyl;AC=UNIMOD:4;TA=C;MT=Fixed	NT=TMT6plex;AC=UNIMOD:737;TA=K;MT=Fixed	NT=Trypsin;AC=MS:1001251	not available	strong cation-exchange chromatography (scx)	iodoacetamide (iaa)	1	1	20160622_RimodF_9.3.wiff	ftp://ftp.pride.ebi.ac.uk/pride/data/archive/2023/03/PXD022872/20160622_RimodF_9.3.wiff	v1.1.0	NT=ms-proteomics;VV=v1.1.0	NT=dia-acquisition;VV=v1.1.0	manual curation	liver
20160622_RimodF_6.4	homo sapiens	liver	not applicable	frontotemporal dementia	4	20160622_RimodF_6.4	proteomic profiling by mass spectrometry	Data-independent acquisition	NT=isotope labeling;AC=PRIDE:0000310	NT=tripletof 5600;AC=MS:1000932	NT=Carbamidomethyl;AC=UNIMOD:4;TA=C;MT=Fixed	NT=TMT6plex;AC=UNIMOD:737;TA=K;MT=Fixed	NT=Trypsin;AC=MS:1001251	not available	strong cation-exchange chromatography (scx)	iodoacetamide (iaa)	1	1	20160622_RimodF_6.4.wiff	ftp://ftp.pride.ebi.ac.uk/pride/data/archive/2023/03/PXD022872/20160622_RimodF_6.4.wiff	v1.1.0	NT=ms-proteomics;VV=v1.1.0	NT=dia-acquisition;VV=v1.1.0	manual curation	liver
20160622_RimodF_9.4	homo sapiens	liver	not applicable	frontotemporal dementia	4	20160622_RimodF_9.4	proteomic profiling by mass spectrometry	Data-independent acquisition	NT=isotope labeling;AC=PRIDE:0000310	NT=tripletof 5600;AC=MS:1000932	NT=Carbamidomethyl;AC=UNIMOD:4;TA=C;MT=Fixed	NT=TMT6plex;AC=UNIMOD:737;TA=K;MT=Fixed	NT=Trypsin;AC=MS:1001251	not available	strong cation-exchange chromatography (scx)	iodoacetamide (iaa)	1	1	20160622_RimodF_9.4.wiff	ftp://ftp.pride.ebi.ac.uk/pride/data/archive/2023/03/PXD022872/20160622_RimodF_9.4.wiff	v1.1.0	NT=ms-proteomics;VV=v1.1.0	NT=dia-acquisition;VV=v1.1.0	manual curation	liver
20170822_RiMod_L_1_2	homo sapiens	liver	not applicable	frontotemporal dementia	2	20170822_RiMod_L_1_2	proteomic profiling by mass spectrometry	Data-independent acquisition	NT=isotope labeling;AC=PRIDE:0000310	NT=tripletof 5600;AC=MS:1000932	NT=Carbamidomethyl;AC=UNIMOD:4;TA=C;MT=Fixed	NT=TMT6plex;AC=UNIMOD:737;TA=K;MT=Fixed	NT=Trypsin;AC=MS:1001251	not available	strong cation-exchange chromatography (scx)	iodoacetamide (iaa)	1	1	20170822_RiMod_L_1_2.wiff	ftp://ftp.pride.ebi.ac.uk/pride/data/archive/2023/03/PXD022872/20170822_RiMod_L_1_2.wiff	v1.1.0	NT=ms-proteomics;VV=v1.1.0	NT=dia-acquisition;VV=v1.1.0	manual curation	liver
FTD_A3_1	homo sapiens	liver	not applicable	frontotemporal dementia	1	FTD_A3_1	proteomic profiling by mass spectrometry	Data-independent acquisition	NT=isotope labeling;AC=PRIDE:0000310	NT=tripletof 5600;AC=MS:1000932	NT=Carbamidomethyl;AC=UNIMOD:4;TA=C;MT=Fixed	NT=TMT6plex;AC=UNIMOD:737;TA=K;MT=Fixed	NT=Trypsin;AC=MS:1001251	not available	strong cation-exchange chromatography (scx)	iodoacetamide (iaa)	1	1	FTD_A3_1.wiff	ftp://ftp.pride.ebi.ac.uk/pride/data/archive/2023/03/PXD022872/FTD_A3_1.wiff	v1.1.0	NT=ms-proteomics;VV=v1.1.0	NT=dia-acquisition;VV=v1.1.0	manual curation	liver
FTD_A10_1	homo sapiens	liver	not applicable	frontotemporal dementia	1	FTD_A10_1	proteomic profiling by mass spectrometry	Data-independent acquisition	NT=isotope labeling;AC=PRIDE:0000310	NT=tripletof 5600;AC=MS:1000932	NT=Carbamidomethyl;AC=UNIMOD:4;TA=C;MT=Fixed	NT=TMT6plex;AC=UNIMOD:737;TA=K;MT=Fixed	NT=Trypsin;AC=MS:1001251	not available	strong cation-exchange chromatography (scx)	iodoacetamide (iaa)	1	1	FTD_A10_1.wiff	ftp://ftp.pride.ebi.ac.uk/pride/data/archive/2023/03/PXD022872/FTD_A10_1.wiff	v1.1.0	NT=ms-proteomics;VV=v1.1.0	NT=dia-acquisition;VV=v1.1.0	manual curation	liver
20161121_RiMod_I_6.2	homo sapiens	liver	not applicable	frontotemporal dementia	2	20161121_RiMod_I_6.2	proteomic profiling by mass spectrometry	Data-independent acquisition	NT=isotope labeling;AC=PRIDE:0000310	NT=tripletof 5600;AC=MS:1000932	NT=Carbamidomethyl;AC=UNIMOD:4;TA=C;MT=Fixed	NT=TMT6plex;AC=UNIMOD:737;TA=K;MT=Fixed	NT=Trypsin;AC=MS:1001251	not available	strong cation-exchange chromatography (scx)	iodoacetamide (iaa)	1	1	20161121_RiMod_I_6.2.wiff	ftp://ftp.pride.ebi.ac.uk/pride/data/archive/2023/03/PXD022872/20161121_RiMod_I_6.2.wiff	v1.1.0	NT=ms-proteomics;VV=v1.1.0	NT=dia-acquisition;VV=v1.1.0	manual curation	liver
20160622_RimodF_8.4	homo sapiens	liver	not applicable	frontotemporal dementia	4	20160622_RimodF_8.4	proteomic profiling by mass spectrometry	Data-independent acquisition	NT=isotope labeling;AC=PRIDE:0000310	NT=tripletof 5600;AC=MS:1000932	NT=Carbamidomethyl;AC=UNIMOD:4;TA=C;MT=Fixed	NT=TMT6plex;AC=UNIMOD:737;TA=K;MT=Fixed	NT=Trypsin;AC=MS:1001251	not available	strong cation-exchange chromatography (scx)	iodoacetamide (iaa)	1	1	20160622_RimodF_8.4.wiff	ftp://ftp.pride.ebi.ac.uk/pride/data/archive/2023/03/PXD022872/20160622_RimodF_8.4.wiff	v1.1.0	NT=ms-proteomics;VV=v1.1.0	NT=dia-acquisition;VV=v1.1.0	manual curation	liver
20161116_RiMod_Library_06	homo sapiens	liver	not applicable	frontotemporal dementia	6	20161116_RiMod_Library_06	proteomic profiling by mass spectrometry	Data-independent acquisition	NT=isotope labeling;AC=PRIDE:0000310	NT=tripletof 5600;AC=MS:1000932	NT=Carbamidomethyl;AC=UNIMOD:4;TA=C;MT=Fixed	NT=TMT6plex;AC=UNIMOD:737;TA=K;MT=Fixed	NT=Trypsin;AC=MS:1001251	not available	strong cation-exchange chromatography (scx)	iodoacetamide (iaa)	1	1	20161116_RiMod_Library_06.wiff	ftp://ftp.pride.ebi.ac.uk/pride/data/archive/2023/03/PXD022872/20161116_RiMod_Library_06.wiff	v1.1.0	NT=ms-proteomics;VV=v1.1.0	NT=dia-acquisition;VV=v1.1.0	manual curation	liver
20170822_RiMod_L_4_4	homo sapiens	liver	not applicable	frontotemporal dementia	4	20170822_RiMod_L_4_4	proteomic profiling by mass spectrometry	Data-independent acquisition	NT=isotope labeling;AC=PRIDE:0000310	NT=tripletof 5600;AC=MS:1000932	NT=Carbamidomethyl;AC=UNIMOD:4;TA=C;MT=Fixed	NT=TMT6plex;AC=UNIMOD:737;TA=K;MT=Fixed	NT=Trypsin;AC=MS:1001251	not available	strong cation-exchange chromatography (scx)	iodoacetamide (iaa)	1	1	20170822_RiMod_L_4_4.wiff	ftp://ftp.pride.ebi.ac.uk/pride/data/archive/2023/03/PXD022872/20170822_RiMod_L_4_4.wiff	v1.1.0	NT=ms-proteomics;VV=v1.1.0	NT=dia-acquisition;VV=v1.1.0	manual curation	liver
FTD_B6_4	homo sapiens	liver	not applicable	frontotemporal dementia	4	FTD_B6_4	proteomic profiling by mass spectrometry	Data-independent acquisition	NT=isotope labeling;AC=PRIDE:0000310	NT=tripletof 5600;AC=MS:1000932	NT=Carbamidomethyl;AC=UNIMOD:4;TA=C;MT=Fixed	NT=TMT6plex;AC=UNIMOD:737;TA=K;MT=Fixed	NT=Trypsin;AC=MS:1001251	not available	strong cation-exchange chromatography (scx)	iodoacetamide (iaa)	1	1	FTD_B6_4.wiff	ftp://ftp.pride.ebi.ac.uk/pride/data/archive/2023/03/PXD022872/FTD_B6_4.wiff	v1.1.0	NT=ms-proteomics;VV=v1.1.0	NT=dia-acquisition;VV=v1.1.0	manual curation	liver
20161118_RiMod_H_5.1	homo sapiens	liver	not applicable	frontotemporal dementia	1	20161118_RiMod_H_5.1	proteomic profiling by mass spectrometry	Data-independent acquisition	NT=isotope labeling;AC=PRIDE:0000310	NT=tripletof 5600;AC=MS:1000932	NT=Carbamidomethyl;AC=UNIMOD:4;TA=C;MT=Fixed	NT=TMT6plex;AC=UNIMOD:737;TA=K;MT=Fixed	NT=Trypsin;AC=MS:1001251	not available	strong cation-exchange chromatography (scx)	iodoacetamide (iaa)	1	1	20161118_RiMod_H_5.1.wiff	ftp://ftp.pride.ebi.ac.uk/pride/data/archive/2023/03/PXD022872/20161118_RiMod_H_5.1.wiff	v1.1.0	NT=ms-proteomics;VV=v1.1.0	NT=dia-acquisition;VV=v1.1.0	manual curation	liver
20170817_RiMod_K_7_2	homo sapiens	liver	not applicable	frontotemporal dementia	2	20170817_RiMod_K_7_2	proteomic profiling by mass spectrometry	Data-independent acquisition	NT=isotope labeling;AC=PRIDE:0000310	NT=tripletof 5600;AC=MS:1000932	NT=Carbamidomethyl;AC=UNIMOD:4;TA=C;MT=Fixed	NT=TMT6plex;AC=UNIMOD:737;TA=K;MT=Fixed	NT=Trypsin;AC=MS:1001251	not available	strong cation-exchange chromatography (scx)	iodoacetamide (iaa)	1	1	20170817_RiMod_K_7_2.wiff	ftp://ftp.pride.ebi.ac.uk/pride/data/archive/2023/03/PXD022872/20170817_RiMod_K_7_2.wiff	v1.1.0	NT=ms-proteomics;VV=v1.1.0	NT=dia-acquisition;VV=v1.1.0	manual curation	liver
20170822_RiMod_L_9_4	homo sapiens	liver	not applicable	frontotemporal dementia	4	20170822_RiMod_L_9_4	proteomic profiling by mass spectrometry	Data-independent acquisition	NT=isotope labeling;AC=PRIDE:0000310	NT=tripletof 5600;AC=MS:1000932	NT=Carbamidomethyl;AC=UNIMOD:4;TA=C;MT=Fixed	NT=TMT6plex;AC=UNIMOD:737;TA=K;MT=Fixed	NT=Trypsin;AC=MS:1001251	not available	strong cation-exchange chromatography (scx)	iodoacetamide (iaa)	1	1	20170822_RiMod_L_9_4.wiff	ftp://ftp.pride.ebi.ac.uk/pride/data/archive/2023/03/PXD022872/20170822_RiMod_L_9_4.wiff	v1.1.0	NT=ms-proteomics;VV=v1.1.0	NT=dia-acquisition;VV=v1.1.0	manual curation	liver
20160620_RimodF_1.2	homo sapiens	liver	not applicable	frontotemporal dementia	2	20160620_RimodF_1.2	proteomic profiling by mass spectrometry	Data-independent acquisition	NT=isotope labeling;AC=PRIDE:0000310	NT=tripletof 5600;AC=MS:1000932	NT=Carbamidomethyl;AC=UNIMOD:4;TA=C;MT=Fixed	NT=TMT6plex;AC=UNIMOD:737;TA=K;MT=Fixed	NT=Trypsin;AC=MS:1001251	not available	strong cation-exchange chromatography (scx)	iodoacetamide (iaa)	1	1	20160620_RimodF_1.2.wiff	ftp://ftp.pride.ebi.ac.uk/pride/data/archive/2023/03/PXD022872/20160620_RimodF_1.2.wiff	v1.1.0	NT=ms-proteomics;VV=v1.1.0	NT=dia-acquisition;VV=v1.1.0	manual curation	liver
FTD_A9_4	homo sapiens	liver	not applicable	frontotemporal dementia	4	FTD_A9_4	proteomic profiling by mass spectrometry	Data-independent acquisition	NT=isotope labeling;AC=PRIDE:0000310	NT=tripletof 5600;AC=MS:1000932	NT=Carbamidomethyl;AC=UNIMOD:4;TA=C;MT=Fixed	NT=TMT6plex;AC=UNIMOD:737;TA=K;MT=Fixed	NT=Trypsin;AC=MS:1001251	not available	strong cation-exchange chromatography (scx)	iodoacetamide (iaa)	1	1	FTD_A9_4.wiff	ftp://ftp.pride.ebi.ac.uk/pride/data/archive/2023/03/PXD022872/FTD_A9_4.wiff	v1.1.0	NT=ms-proteomics;VV=v1.1.0	NT=dia-acquisition;VV=v1.1.0	manual curation	liver
20160622_RimodF_10.2	homo sapiens	liver	not applicable	frontotemporal dementia	2	20160622_RimodF_10.2	proteomic profiling by mass spectrometry	Data-independent acquisition	NT=isotope labeling;AC=PRIDE:0000310	NT=tripletof 5600;AC=MS:1000932	NT=Carbamidomethyl;AC=UNIMOD:4;TA=C;MT=Fixed	NT=TMT6plex;AC=UNIMOD:737;TA=K;MT=Fixed	NT=Trypsin;AC=MS:1001251	not available	strong cation-exchange chromatography (scx)	iodoacetamide (iaa)	1	1	20160622_RimodF_10.2.wiff	ftp://ftp.pride.ebi.ac.uk/pride/data/archive/2023/03/PXD022872/20160622_RimodF_10.2.wiff	v1.1.0	NT=ms-proteomics;VV=v1.1.0	NT=dia-acquisition;VV=v1.1.0	manual curation	liver
20160622_RimodF_8.1	homo sapiens	liver	not applicable	frontotemporal dementia	1	20160622_RimodF_8.1	proteomic profiling by mass spectrometry	Data-independent acquisition	NT=isotope labeling;AC=PRIDE:0000310	NT=tripletof 5600;AC=MS:1000932	NT=Carbamidomethyl;AC=UNIMOD:4;TA=C;MT=Fixed	NT=TMT6plex;AC=UNIMOD:737;TA=K;MT=Fixed	NT=Trypsin;AC=MS:1001251	not available	strong cation-exchange chromatography (scx)	iodoacetamide (iaa)	1	1	20160622_RimodF_8.1.wiff	ftp://ftp.pride.ebi.ac.uk/pride/data/archive/2023/03/PXD022872/20160622_RimodF_8.1.wiff	v1.1.0	NT=ms-proteomics;VV=v1.1.0	NT=dia-acquisition;VV=v1.1.0	manual curation	liver
20161121_RiMod_I_3.1	homo sapiens	liver	not applicable	frontotemporal dementia	1	20161121_RiMod_I_3.1	proteomic profiling by mass spectrometry	Data-independent acquisition	NT=isotope labeling;AC=PRIDE:0000310	NT=tripletof 5600;AC=MS:1000932	NT=Carbamidomethyl;AC=UNIMOD:4;TA=C;MT=Fixed	NT=TMT6plex;AC=UNIMOD:737;TA=K;MT=Fixed	NT=Trypsin;AC=MS:1001251	not available	strong cation-exchange chromatography (scx)	iodoacetamide (iaa)	1	1	20161121_RiMod_I_3.1.wiff	ftp://ftp.pride.ebi.ac.uk/pride/data/archive/2023/03/PXD022872/20161121_RiMod_I_3.1.wiff	v1.1.0	NT=ms-proteomics;VV=v1.1.0	NT=dia-acquisition;VV=v1.1.0	manual curation	liver
FTD_B3_3	homo sapiens	liver	not applicable	frontotemporal dementia	3	FTD_B3_3	proteomic profiling by mass spectrometry	Data-independent acquisition	NT=isotope labeling;AC=PRIDE:0000310	NT=tripletof 5600;AC=MS:1000932	NT=Carbamidomethyl;AC=UNIMOD:4;TA=C;MT=Fixed	NT=TMT6plex;AC=UNIMOD:737;TA=K;MT=Fixed	NT=Trypsin;AC=MS:1001251	not available	strong cation-exchange chromatography (scx)	iodoacetamide (iaa)	1	1	FTD_B3_3.wiff	ftp://ftp.pride.ebi.ac.uk/pride/data/archive/2023/03/PXD022872/FTD_B3_3.wiff	v1.1.0	NT=ms-proteomics;VV=v1.1.0	NT=dia-acquisition;VV=v1.1.0	manual curation	liver
20170822_RiMod_L_2_2	homo sapiens	liver	not applicable	frontotemporal dementia	2	20170822_RiMod_L_2_2	proteomic profiling by mass spectrometry	Data-independent acquisition	NT=isotope labeling;AC=PRIDE:0000310	NT=tripletof 5600;AC=MS:1000932	NT=Carbamidomethyl;AC=UNIMOD:4;TA=C;MT=Fixed	NT=TMT6plex;AC=UNIMOD:737;TA=K;MT=Fixed	NT=Trypsin;AC=MS:1001251	not available	strong cation-exchange chromatography (scx)	iodoacetamide (iaa)	1	1	20170822_RiMod_L_2_2.wiff	ftp://ftp.pride.ebi.ac.uk/pride/data/archive/2023/03/PXD022872/20170822_RiMod_L_2_2.wiff	v1.1.0	NT=ms-proteomics;VV=v1.1.0	NT=dia-acquisition;VV=v1.1.0	manual curation	liver
20160303_Rimod_E_5.3	homo sapiens	liver	not applicable	frontotemporal dementia	3	20160303_Rimod_E_5.3	proteomic profiling by mass spectrometry	Data-independent acquisition	NT=isotope labeling;AC=PRIDE:0000310	NT=tripletof 5600;AC=MS:1000932	NT=Carbamidomethyl;AC=UNIMOD:4;TA=C;MT=Fixed	NT=TMT6plex;AC=UNIMOD:737;TA=K;MT=Fixed	NT=Trypsin;AC=MS:1001251	not available	strong cation-exchange chromatography (scx)	iodoacetamide (iaa)	1	1	20160303_Rimod_E_5.3.wiff	ftp://ftp.pride.ebi.ac.uk/pride/data/archive/2023/03/PXD022872/20160303_Rimod_E_5.3.wiff	v1.1.0	NT=ms-proteomics;VV=v1.1.0	NT=dia-acquisition;VV=v1.1.0	manual curation	liver
FTD_B9_2	homo sapiens	liver	not applicable	frontotemporal dementia	2	FTD_B9_2	proteomic profiling by mass spectrometry	Data-independent acquisition	NT=isotope labeling;AC=PRIDE:0000310	NT=tripletof 5600;AC=MS:1000932	NT=Carbamidomethyl;AC=UNIMOD:4;TA=C;MT=Fixed	NT=TMT6plex;AC=UNIMOD:737;TA=K;MT=Fixed	NT=Trypsin;AC=MS:1001251	not available	strong cation-exchange chromatography (scx)	iodoacetamide (iaa)	1	1	FTD_B9_2.wiff	ftp://ftp.pride.ebi.ac.uk/pride/data/archive/2023/03/PXD022872/FTD_B9_2.wiff	v1.1.0	NT=ms-proteomics;VV=v1.1.0	NT=dia-acquisition;VV=v1.1.0	manual curation	liver
20161121_RiMod_I_1.2	homo sapiens	liver	not applicable	frontotemporal dementia	2	20161121_RiMod_I_1.2	proteomic profiling by mass spectrometry	Data-independent acquisition	NT=isotope labeling;AC=PRIDE:0000310	NT=tripletof 5600;AC=MS:1000932	NT=Carbamidomethyl;AC=UNIMOD:4;TA=C;MT=Fixed	NT=TMT6plex;AC=UNIMOD:737;TA=K;MT=Fixed	NT=Trypsin;AC=MS:1001251	not available	strong cation-exchange chromatography (scx)	iodoacetamide (iaa)	1	1	20161121_RiMod_I_1.2.wiff	ftp://ftp.pride.ebi.ac.uk/pride/data/archive/2023/03/PXD022872/20161121_RiMod_I_1.2.wiff	v1.1.0	NT=ms-proteomics;VV=v1.1.0	NT=dia-acquisition;VV=v1.1.0	manual curation	liver
20160625_Rimod_G_2.4	homo sapiens	liver	not applicable	frontotemporal dementia	4	20160625_Rimod_G_2.4	proteomic profiling by mass spectrometry	Data-independent acquisition	NT=isotope labeling;AC=PRIDE:0000310	NT=tripletof 5600;AC=MS:1000932	NT=Carbamidomethyl;AC=UNIMOD:4;TA=C;MT=Fixed	NT=TMT6plex;AC=UNIMOD:737;TA=K;MT=Fixed	NT=Trypsin;AC=MS:1001251	not available	strong cation-exchange chromatography (scx)	iodoacetamide (iaa)	1	1	20160625_Rimod_G_2.4.wiff	ftp://ftp.pride.ebi.ac.uk/pride/data/archive/2023/03/PXD022872/20160625_Rimod_G_2.4.wiff	v1.1.0	NT=ms-proteomics;VV=v1.1.0	NT=dia-acquisition;VV=v1.1.0	manual curation	liver
20160625_Rimod_G_2.1	homo sapiens	liver	not applicable	frontotemporal dementia	1	20160625_Rimod_G_2.1	proteomic profiling by mass spectrometry	Data-independent acquisition	NT=isotope labeling;AC=PRIDE:0000310	NT=tripletof 5600;AC=MS:1000932	NT=Carbamidomethyl;AC=UNIMOD:4;TA=C;MT=Fixed	NT=TMT6plex;AC=UNIMOD:737;TA=K;MT=Fixed	NT=Trypsin;AC=MS:1001251	not available	strong cation-exchange chromatography (scx)	iodoacetamide (iaa)	1	1	20160625_Rimod_G_2.1.wiff	ftp://ftp.pride.ebi.ac.uk/pride/data/archive/2023/03/PXD022872/20160625_Rimod_G_2.1.wiff	v1.1.0	NT=ms-proteomics;VV=v1.1.0	NT=dia-acquisition;VV=v1.1.0	manual curation	liver
20161121_RiMod_I_8.1	homo sapiens	liver	not applicable	frontotemporal dementia	1	20161121_RiMod_I_8.1	proteomic profiling by mass spectrometry	Data-independent acquisition	NT=isotope labeling;AC=PRIDE:0000310	NT=tripletof 5600;AC=MS:1000932	NT=Carbamidomethyl;AC=UNIMOD:4;TA=C;MT=Fixed	NT=TMT6plex;AC=UNIMOD:737;TA=K;MT=Fixed	NT=Trypsin;AC=MS:1001251	not available	strong cation-exchange chromatography (scx)	iodoacetamide (iaa)	1	1	20161121_RiMod_I_8.1.wiff	ftp://ftp.pride.ebi.ac.uk/pride/data/archive/2023/03/PXD022872/20161121_RiMod_I_8.1.wiff	v1.1.0	NT=ms-proteomics;VV=v1.1.0	NT=dia-acquisition;VV=v1.1.0	manual curation	liver
20170822_RiMod_L_10_2	homo sapiens	liver	not applicable	frontotemporal dementia	2	20170822_RiMod_L_10_2	proteomic profiling by mass spectrometry	Data-independent acquisition	NT=isotope labeling;AC=PRIDE:0000310	NT=tripletof 5600;AC=MS:1000932	NT=Carbamidomethyl;AC=UNIMOD:4;TA=C;MT=Fixed	NT=TMT6plex;AC=UNIMOD:737;TA=K;MT=Fixed	NT=Trypsin;AC=MS:1001251	not available	strong cation-exchange chromatography (scx)	iodoacetamide (iaa)	1	1	20170822_RiMod_L_10_2.wiff	ftp://ftp.pride.ebi.ac.uk/pride/data/archive/2023/03/PXD022872/20170822_RiMod_L_10_2.wiff	v1.1.0	NT=ms-proteomics;VV=v1.1.0	NT=dia-acquisition;VV=v1.1.0	manual curation	liver
20161116_RiMod_Library_12	homo sapiens	liver	not applicable	frontotemporal dementia	12	20161116_RiMod_Library_12	proteomic profiling by mass spectrometry	Data-independent acquisition	NT=isotope labeling;AC=PRIDE:0000310	NT=tripletof 5600;AC=MS:1000932	NT=Carbamidomethyl;AC=UNIMOD:4;TA=C;MT=Fixed	NT=TMT6plex;AC=UNIMOD:737;TA=K;MT=Fixed	NT=Trypsin;AC=MS:1001251	not available	strong cation-exchange chromatography (scx)	iodoacetamide (iaa)	1	1	20161116_RiMod_Library_12.wiff	ftp://ftp.pride.ebi.ac.uk/pride/data/archive/2023/03/PXD022872/20161116_RiMod_Library_12.wiff	v1.1.0	NT=ms-proteomics;VV=v1.1.0	NT=dia-acquisition;VV=v1.1.0	manual curation	liver
FTD_B9_1	homo sapiens	liver	not applicable	frontotemporal dementia	1	FTD_B9_1	proteomic profiling by mass spectrometry	Data-independent acquisition	NT=isotope labeling;AC=PRIDE:0000310	NT=tripletof 5600;AC=MS:1000932	NT=Carbamidomethyl;AC=UNIMOD:4;TA=C;MT=Fixed	NT=TMT6plex;AC=UNIMOD:737;TA=K;MT=Fixed	NT=Trypsin;AC=MS:1001251	not available	strong cation-exchange chromatography (scx)	iodoacetamide (iaa)	1	1	FTD_B9_1.wiff	ftp://ftp.pride.ebi.ac.uk/pride/data/archive/2023/03/PXD022872/FTD_B9_1.wiff	v1.1.0	NT=ms-proteomics;VV=v1.1.0	NT=dia-acquisition;VV=v1.1.0	manual curation	liver
20161121_RiMod_I_1.3	homo sapiens	liver	not applicable	frontotemporal dementia	3	20161121_RiMod_I_1.3	proteomic profiling by mass spectrometry	Data-independent acquisition	NT=isotope labeling;AC=PRIDE:0000310	NT=tripletof 5600;AC=MS:1000932	NT=Carbamidomethyl;AC=UNIMOD:4;TA=C;MT=Fixed	NT=TMT6plex;AC=UNIMOD:737;TA=K;MT=Fixed	NT=Trypsin;AC=MS:1001251	not available	strong cation-exchange chromatography (scx)	iodoacetamide (iaa)	1	1	20161121_RiMod_I_1.3.wiff	ftp://ftp.pride.ebi.ac.uk/pride/data/archive/2023/03/PXD022872/20161121_RiMod_I_1.3.wiff	v1.1.0	NT=ms-proteomics;VV=v1.1.0	NT=dia-acquisition;VV=v1.1.0	manual curation	liver
FTD_A8_2	homo sapiens	liver	not applicable	frontotemporal dementia	2	FTD_A8_2	proteomic profiling by mass spectrometry	Data-independent acquisition	NT=isotope labeling;AC=PRIDE:0000310	NT=tripletof 5600;AC=MS:1000932	NT=Carbamidomethyl;AC=UNIMOD:4;TA=C;MT=Fixed	NT=TMT6plex;AC=UNIMOD:737;TA=K;MT=Fixed	NT=Trypsin;AC=MS:1001251	not available	strong cation-exchange chromatography (scx)	iodoacetamide (iaa)	1	1	FTD_A8_2.wiff	ftp://ftp.pride.ebi.ac.uk/pride/data/archive/2023/03/PXD022872/FTD_A8_2.wiff	v1.1.0	NT=ms-proteomics;VV=v1.1.0	NT=dia-acquisition;VV=v1.1.0	manual curation	liver
20160629_Rimod_G_10.3	homo sapiens	liver	not applicable	frontotemporal dementia	3	20160629_Rimod_G_10.3	proteomic profiling by mass spectrometry	Data-independent acquisition	NT=isotope labeling;AC=PRIDE:0000310	NT=tripletof 5600;AC=MS:1000932	NT=Carbamidomethyl;AC=UNIMOD:4;TA=C;MT=Fixed	NT=TMT6plex;AC=UNIMOD:737;TA=K;MT=Fixed	NT=Trypsin;AC=MS:1001251	not available	strong cation-exchange chromatography (scx)	iodoacetamide (iaa)	1	1	20160629_Rimod_G_10.3.wiff	ftp://ftp.pride.ebi.ac.uk/pride/data/archive/2023/03/PXD022872/20160629_Rimod_G_10.3.wiff	v1.1.0	NT=ms-proteomics;VV=v1.1.0	NT=dia-acquisition;VV=v1.1.0	manual curation	liver
20170822_RiMod_L_4_1	homo sapiens	liver	not applicable	frontotemporal dementia	1	20170822_RiMod_L_4_1	proteomic profiling by mass spectrometry	Data-independent acquisition	NT=isotope labeling;AC=PRIDE:0000310	NT=tripletof 5600;AC=MS:1000932	NT=Carbamidomethyl;AC=UNIMOD:4;TA=C;MT=Fixed	NT=TMT6plex;AC=UNIMOD:737;TA=K;MT=Fixed	NT=Trypsin;AC=MS:1001251	not available	strong cation-exchange chromatography (scx)	iodoacetamide (iaa)	1	1	20170822_RiMod_L_4_1.wiff	ftp://ftp.pride.ebi.ac.uk/pride/data/archive/2023/03/PXD022872/20170822_RiMod_L_4_1.wiff	v1.1.0	NT=ms-proteomics;VV=v1.1.0	NT=dia-acquisition;VV=v1.1.0	manual curation	liver
FTD_A3_3	homo sapiens	liver	not applicable	frontotemporal dementia	3	FTD_A3_3	proteomic profiling by mass spectrometry	Data-independent acquisition	NT=isotope labeling;AC=PRIDE:0000310	NT=tripletof 5600;AC=MS:1000932	NT=Carbamidomethyl;AC=UNIMOD:4;TA=C;MT=Fixed	NT=TMT6plex;AC=UNIMOD:737;TA=K;MT=Fixed	NT=Trypsin;AC=MS:1001251	not available	strong cation-exchange chromatography (scx)	iodoacetamide (iaa)	1	1	FTD_A3_3.wiff	ftp://ftp.pride.ebi.ac.uk/pride/data/archive/2023/03/PXD022872/FTD_A3_3.wiff	v1.1.0	NT=ms-proteomics;VV=v1.1.0	NT=dia-acquisition;VV=v1.1.0	manual curation	liver
20161118_RiMod_H_9.3	homo sapiens	liver	not applicable	frontotemporal dementia	3	20161118_RiMod_H_9.3	proteomic profiling by mass spectrometry	Data-independent acquisition	NT=isotope labeling;AC=PRIDE:0000310	NT=tripletof 5600;AC=MS:1000932	NT=Carbamidomethyl;AC=UNIMOD:4;TA=C;MT=Fixed	NT=TMT6plex;AC=UNIMOD:737;TA=K;MT=Fixed	NT=Trypsin;AC=MS:1001251	not available	strong cation-exchange chromatography (scx)	iodoacetamide (iaa)	1	1	20161118_RiMod_H_9.3.wiff	ftp://ftp.pride.ebi.ac.uk/pride/data/archive/2023/03/PXD022872/20161118_RiMod_H_9.3.wiff	v1.1.0	NT=ms-proteomics;VV=v1.1.0	NT=dia-acquisition;VV=v1.1.0	manual curation	liver
20161121_RiMod_I_9.2	homo sapiens	liver	not applicable	frontotemporal dementia	2	20161121_RiMod_I_9.2	proteomic profiling by mass spectrometry	Data-independent acquisition	NT=isotope labeling;AC=PRIDE:0000310	NT=tripletof 5600;AC=MS:1000932	NT=Carbamidomethyl;AC=UNIMOD:4;TA=C;MT=Fixed	NT=TMT6plex;AC=UNIMOD:737;TA=K;MT=Fixed	NT=Trypsin;AC=MS:1001251	not available	strong cation-exchange chromatography (scx)	iodoacetamide (iaa)	1	1	20161121_RiMod_I_9.2.wiff	ftp://ftp.pride.ebi.ac.uk/pride/data/archive/2023/03/PXD022872/20161121_RiMod_I_9.2.wiff	v1.1.0	NT=ms-proteomics;VV=v1.1.0	NT=dia-acquisition;VV=v1.1.0	manual curation	liver
20160303_Rimod_E_4.2	homo sapiens	liver	not applicable	frontotemporal dementia	2	20160303_Rimod_E_4.2	proteomic profiling by mass spectrometry	Data-independent acquisition	NT=isotope labeling;AC=PRIDE:0000310	NT=tripletof 5600;AC=MS:1000932	NT=Carbamidomethyl;AC=UNIMOD:4;TA=C;MT=Fixed	NT=TMT6plex;AC=UNIMOD:737;TA=K;MT=Fixed	NT=Trypsin;AC=MS:1001251	not available	strong cation-exchange chromatography (scx)	iodoacetamide (iaa)	1	1	20160303_Rimod_E_4.2.wiff	ftp://ftp.pride.ebi.ac.uk/pride/data/archive/2023/03/PXD022872/20160303_Rimod_E_4.2.wiff	v1.1.0	NT=ms-proteomics;VV=v1.1.0	NT=dia-acquisition;VV=v1.1.0	manual curation	liver
20161121_RiMod_I_1.1	homo sapiens	liver	not applicable	frontotemporal dementia	1	20161121_RiMod_I_1.1	proteomic profiling by mass spectrometry	Data-independent acquisition	NT=isotope labeling;AC=PRIDE:0000310	NT=tripletof 5600;AC=MS:1000932	NT=Carbamidomethyl;AC=UNIMOD:4;TA=C;MT=Fixed	NT=TMT6plex;AC=UNIMOD:737;TA=K;MT=Fixed	NT=Trypsin;AC=MS:1001251	not available	strong cation-exchange chromatography (scx)	iodoacetamide (iaa)	1	1	20161121_RiMod_I_1.1.wiff	ftp://ftp.pride.ebi.ac.uk/pride/data/archive/2023/03/PXD022872/20161121_RiMod_I_1.1.wiff	v1.1.0	NT=ms-proteomics;VV=v1.1.0	NT=dia-acquisition;VV=v1.1.0	manual curation	liver
20161118_RiMod_H_10.3	homo sapiens	liver	not applicable	frontotemporal dementia	3	20161118_RiMod_H_10.3	proteomic profiling by mass spectrometry	Data-independent acquisition	NT=isotope labeling;AC=PRIDE:0000310	NT=tripletof 5600;AC=MS:1000932	NT=Carbamidomethyl;AC=UNIMOD:4;TA=C;MT=Fixed	NT=TMT6plex;AC=UNIMOD:737;TA=K;MT=Fixed	NT=Trypsin;AC=MS:1001251	not available	strong cation-exchange chromatography (scx)	iodoacetamide (iaa)	1	1	20161118_RiMod_H_10.3.wiff	ftp://ftp.pride.ebi.ac.uk/pride/data/archive/2023/03/PXD022872/20161118_RiMod_H_10.3.wiff	v1.1.0	NT=ms-proteomics;VV=v1.1.0	NT=dia-acquisition;VV=v1.1.0	manual curation	liver
20170817_RiMod_K_4_4	homo sapiens	liver	not applicable	frontotemporal dementia	4	20170817_RiMod_K_4_4	proteomic profiling by mass spectrometry	Data-independent acquisition	NT=isotope labeling;AC=PRIDE:0000310	NT=tripletof 5600;AC=MS:1000932	NT=Carbamidomethyl;AC=UNIMOD:4;TA=C;MT=Fixed	NT=TMT6plex;AC=UNIMOD:737;TA=K;MT=Fixed	NT=Trypsin;AC=MS:1001251	not available	strong cation-exchange chromatography (scx)	iodoacetamide (iaa)	1	1	20170817_RiMod_K_4_4.wiff	ftp://ftp.pride.ebi.ac.uk/pride/data/archive/2023/03/PXD022872/20170817_RiMod_K_4_4.wiff	v1.1.0	NT=ms-proteomics;VV=v1.1.0	NT=dia-acquisition;VV=v1.1.0	manual curation	liver
FTD_C9_1	homo sapiens	liver	not applicable	frontotemporal dementia	1	FTD_C9_1	proteomic profiling by mass spectrometry	Data-independent acquisition	NT=isotope labeling;AC=PRIDE:0000310	NT=tripletof 5600;AC=MS:1000932	NT=Carbamidomethyl;AC=UNIMOD:4;TA=C;MT=Fixed	NT=TMT6plex;AC=UNIMOD:737;TA=K;MT=Fixed	NT=Trypsin;AC=MS:1001251	not available	strong cation-exchange chromatography (scx)	iodoacetamide (iaa)	1	1	FTD_C9_1.wiff	ftp://ftp.pride.ebi.ac.uk/pride/data/archive/2023/03/PXD022872/FTD_C9_1.wiff	v1.1.0	NT=ms-proteomics;VV=v1.1.0	NT=dia-acquisition;VV=v1.1.0	manual curation	liver
20151119_FTD_D6_3	homo sapiens	liver	not applicable	frontotemporal dementia	3	20151119_FTD_D6_3	proteomic profiling by mass spectrometry	Data-independent acquisition	NT=isotope labeling;AC=PRIDE:0000310	NT=tripletof 5600;AC=MS:1000932	NT=Carbamidomethyl;AC=UNIMOD:4;TA=C;MT=Fixed	NT=TMT6plex;AC=UNIMOD:737;TA=K;MT=Fixed	NT=Trypsin;AC=MS:1001251	not available	strong cation-exchange chromatography (scx)	iodoacetamide (iaa)	1	1	20151119_FTD_D6_3.wiff	ftp://ftp.pride.ebi.ac.uk/pride/data/archive/2023/03/PXD022872/20151119_FTD_D6_3.wiff	v1.1.0	NT=ms-proteomics;VV=v1.1.0	NT=dia-acquisition;VV=v1.1.0	manual curation	liver
20170817_RiMod_K_9_1	homo sapiens	liver	not applicable	frontotemporal dementia	1	20170817_RiMod_K_9_1	proteomic profiling by mass spectrometry	Data-independent acquisition	NT=isotope labeling;AC=PRIDE:0000310	NT=tripletof 5600;AC=MS:1000932	NT=Carbamidomethyl;AC=UNIMOD:4;TA=C;MT=Fixed	NT=TMT6plex;AC=UNIMOD:737;TA=K;MT=Fixed	NT=Trypsin;AC=MS:1001251	not available	strong cation-exchange chromatography (scx)	iodoacetamide (iaa)	1	1	20170817_RiMod_K_9_1.wiff	ftp://ftp.pride.ebi.ac.uk/pride/data/archive/2023/03/PXD022872/20170817_RiMod_K_9_1.wiff	v1.1.0	NT=ms-proteomics;VV=v1.1.0	NT=dia-acquisition;VV=v1.1.0	manual curation	liver
20161121_RiMod_I_9.4	homo sapiens	liver	not applicable	frontotemporal dementia	4	20161121_RiMod_I_9.4	proteomic profiling by mass spectrometry	Data-independent acquisition	NT=isotope labeling;AC=PRIDE:0000310	NT=tripletof 5600;AC=MS:1000932	NT=Carbamidomethyl;AC=UNIMOD:4;TA=C;MT=Fixed	NT=TMT6plex;AC=UNIMOD:737;TA=K;MT=Fixed	NT=Trypsin;AC=MS:1001251	not available	strong cation-exchange chromatography (scx)	iodoacetamide (iaa)	1	1	20161121_RiMod_I_9.4.wiff	ftp://ftp.pride.ebi.ac.uk/pride/data/archive/2023/03/PXD022872/20161121_RiMod_I_9.4.wiff	v1.1.0	NT=ms-proteomics;VV=v1.1.0	NT=dia-acquisition;VV=v1.1.0	manual curation	liver
FTD_A2_2	homo sapiens	liver	not applicable	frontotemporal dementia	2	FTD_A2_2	proteomic profiling by mass spectrometry	Data-independent acquisition	NT=isotope labeling;AC=PRIDE:0000310	NT=tripletof 5600;AC=MS:1000932	NT=Carbamidomethyl;AC=UNIMOD:4;TA=C;MT=Fixed	NT=TMT6plex;AC=UNIMOD:737;TA=K;MT=Fixed	NT=Trypsin;AC=MS:1001251	not available	strong cation-exchange chromatography (scx)	iodoacetamide (iaa)	1	1	FTD_A2_2.wiff	ftp://ftp.pride.ebi.ac.uk/pride/data/archive/2023/03/PXD022872/FTD_A2_2.wiff	v1.1.0	NT=ms-proteomics;VV=v1.1.0	NT=dia-acquisition;VV=v1.1.0	manual curation	liver
20160303_Rimod_E_3.2	homo sapiens	liver	not applicable	frontotemporal dementia	2	20160303_Rimod_E_3.2	proteomic profiling by mass spectrometry	Data-independent acquisition	NT=isotope labeling;AC=PRIDE:0000310	NT=tripletof 5600;AC=MS:1000932	NT=Carbamidomethyl;AC=UNIMOD:4;TA=C;MT=Fixed	NT=TMT6plex;AC=UNIMOD:737;TA=K;MT=Fixed	NT=Trypsin;AC=MS:1001251	not available	strong cation-exchange chromatography (scx)	iodoacetamide (iaa)	1	1	20160303_Rimod_E_3.2.wiff	ftp://ftp.pride.ebi.ac.uk/pride/data/archive/2023/03/PXD022872/20160303_Rimod_E_3.2.wiff	v1.1.0	NT=ms-proteomics;VV=v1.1.0	NT=dia-acquisition;VV=v1.1.0	manual curation	liver
FTD_B2_3	homo sapiens	liver	not applicable	frontotemporal dementia	3	FTD_B2_3	proteomic profiling by mass spectrometry	Data-independent acquisition	NT=isotope labeling;AC=PRIDE:0000310	NT=tripletof 5600;AC=MS:1000932	NT=Carbamidomethyl;AC=UNIMOD:4;TA=C;MT=Fixed	NT=TMT6plex;AC=UNIMOD:737;TA=K;MT=Fixed	NT=Trypsin;AC=MS:1001251	not available	strong cation-exchange chromatography (scx)	iodoacetamide (iaa)	1	1	FTD_B2_3.wiff	ftp://ftp.pride.ebi.ac.uk/pride/data/archive/2023/03/PXD022872/FTD_B2_3.wiff	v1.1.0	NT=ms-proteomics;VV=v1.1.0	NT=dia-acquisition;VV=v1.1.0	manual curation	liver
20161118_RiMod_H_7.1	homo sapiens	liver	not applicable	frontotemporal dementia	1	20161118_RiMod_H_7.1	proteomic profiling by mass spectrometry	Data-independent acquisition	NT=isotope labeling;AC=PRIDE:0000310	NT=tripletof 5600;AC=MS:1000932	NT=Carbamidomethyl;AC=UNIMOD:4;TA=C;MT=Fixed	NT=TMT6plex;AC=UNIMOD:737;TA=K;MT=Fixed	NT=Trypsin;AC=MS:1001251	not available	strong cation-exchange chromatography (scx)	iodoacetamide (iaa)	1	1	20161118_RiMod_H_7.1.wiff	ftp://ftp.pride.ebi.ac.uk/pride/data/archive/2023/03/PXD022872/20161118_RiMod_H_7.1.wiff	v1.1.0	NT=ms-proteomics;VV=v1.1.0	NT=dia-acquisition;VV=v1.1.0	manual curation	liver
20170822_RiMod_L_9_3	homo sapiens	liver	not applicable	frontotemporal dementia	3	20170822_RiMod_L_9_3	proteomic profiling by mass spectrometry	Data-independent acquisition	NT=isotope labeling;AC=PRIDE:0000310	NT=tripletof 5600;AC=MS:1000932	NT=Carbamidomethyl;AC=UNIMOD:4;TA=C;MT=Fixed	NT=TMT6plex;AC=UNIMOD:737;TA=K;MT=Fixed	NT=Trypsin;AC=MS:1001251	not available	strong cation-exchange chromatography (scx)	iodoacetamide (iaa)	1	1	20170822_RiMod_L_9_3.wiff	ftp://ftp.pride.ebi.ac.uk/pride/data/archive/2023/03/PXD022872/20170822_RiMod_L_9_3.wiff	v1.1.0	NT=ms-proteomics;VV=v1.1.0	NT=dia-acquisition;VV=v1.1.0	manual curation	liver
FTD_A9_2	homo sapiens	liver	not applicable	frontotemporal dementia	2	FTD_A9_2	proteomic profiling by mass spectrometry	Data-independent acquisition	NT=isotope labeling;AC=PRIDE:0000310	NT=tripletof 5600;AC=MS:1000932	NT=Carbamidomethyl;AC=UNIMOD:4;TA=C;MT=Fixed	NT=TMT6plex;AC=UNIMOD:737;TA=K;MT=Fixed	NT=Trypsin;AC=MS:1001251	not available	strong cation-exchange chromatography (scx)	iodoacetamide (iaa)	1	1	FTD_A9_2.wiff	ftp://ftp.pride.ebi.ac.uk/pride/data/archive/2023/03/PXD022872/FTD_A9_2.wiff	v1.1.0	NT=ms-proteomics;VV=v1.1.0	NT=dia-acquisition;VV=v1.1.0	manual curation	liver
FTD_A7_2	homo sapiens	liver	not applicable	frontotemporal dementia	2	FTD_A7_2	proteomic profiling by mass spectrometry	Data-independent acquisition	NT=isotope labeling;AC=PRIDE:0000310	NT=tripletof 5600;AC=MS:1000932	NT=Carbamidomethyl;AC=UNIMOD:4;TA=C;MT=Fixed	NT=TMT6plex;AC=UNIMOD:737;TA=K;MT=Fixed	NT=Trypsin;AC=MS:1001251	not available	strong cation-exchange chromatography (scx)	iodoacetamide (iaa)	1	1	FTD_A7_2.wiff	ftp://ftp.pride.ebi.ac.uk/pride/data/archive/2023/03/PXD022872/FTD_A7_2.wiff	v1.1.0	NT=ms-proteomics;VV=v1.1.0	NT=dia-acquisition;VV=v1.1.0	manual curation	liver
20170822_RiMod_L_10_3	homo sapiens	liver	not applicable	frontotemporal dementia	3	20170822_RiMod_L_10_3	proteomic profiling by mass spectrometry	Data-independent acquisition	NT=isotope labeling;AC=PRIDE:0000310	NT=tripletof 5600;AC=MS:1000932	NT=Carbamidomethyl;AC=UNIMOD:4;TA=C;MT=Fixed	NT=TMT6plex;AC=UNIMOD:737;TA=K;MT=Fixed	NT=Trypsin;AC=MS:1001251	not available	strong cation-exchange chromatography (scx)	iodoacetamide (iaa)	1	1	20170822_RiMod_L_10_3.wiff	ftp://ftp.pride.ebi.ac.uk/pride/data/archive/2023/03/PXD022872/20170822_RiMod_L_10_3.wiff	v1.1.0	NT=ms-proteomics;VV=v1.1.0	NT=dia-acquisition;VV=v1.1.0	manual curation	liver
20170817_RiMod_K_7_3	homo sapiens	liver	not applicable	frontotemporal dementia	3	20170817_RiMod_K_7_3	proteomic profiling by mass spectrometry	Data-independent acquisition	NT=isotope labeling;AC=PRIDE:0000310	NT=tripletof 5600;AC=MS:1000932	NT=Carbamidomethyl;AC=UNIMOD:4;TA=C;MT=Fixed	NT=TMT6plex;AC=UNIMOD:737;TA=K;MT=Fixed	NT=Trypsin;AC=MS:1001251	not available	strong cation-exchange chromatography (scx)	iodoacetamide (iaa)	1	1	20170817_RiMod_K_7_3.wiff	ftp://ftp.pride.ebi.ac.uk/pride/data/archive/2023/03/PXD022872/20170817_RiMod_K_7_3.wiff	v1.1.0	NT=ms-proteomics;VV=v1.1.0	NT=dia-acquisition;VV=v1.1.0	manual curation	liver
20160622_RimodF_7.2	homo sapiens	liver	not applicable	frontotemporal dementia	2	20160622_RimodF_7.2	proteomic profiling by mass spectrometry	Data-independent acquisition	NT=isotope labeling;AC=PRIDE:0000310	NT=tripletof 5600;AC=MS:1000932	NT=Carbamidomethyl;AC=UNIMOD:4;TA=C;MT=Fixed	NT=TMT6plex;AC=UNIMOD:737;TA=K;MT=Fixed	NT=Trypsin;AC=MS:1001251	not available	strong cation-exchange chromatography (scx)	iodoacetamide (iaa)	1	1	20160622_RimodF_7.2.wiff	ftp://ftp.pride.ebi.ac.uk/pride/data/archive/2023/03/PXD022872/20160622_RimodF_7.2.wiff	v1.1.0	NT=ms-proteomics;VV=v1.1.0	NT=dia-acquisition;VV=v1.1.0	manual curation	liver
20151119_FTD_D7_1	homo sapiens	liver	not applicable	frontotemporal dementia	1	20151119_FTD_D7_1	proteomic profiling by mass spectrometry	Data-independent acquisition	NT=isotope labeling;AC=PRIDE:0000310	NT=tripletof 5600;AC=MS:1000932	NT=Carbamidomethyl;AC=UNIMOD:4;TA=C;MT=Fixed	NT=TMT6plex;AC=UNIMOD:737;TA=K;MT=Fixed	NT=Trypsin;AC=MS:1001251	not available	strong cation-exchange chromatography (scx)	iodoacetamide (iaa)	1	1	20151119_FTD_D7_1.wiff	ftp://ftp.pride.ebi.ac.uk/pride/data/archive/2023/03/PXD022872/20151119_FTD_D7_1.wiff	v1.1.0	NT=ms-proteomics;VV=v1.1.0	NT=dia-acquisition;VV=v1.1.0	manual curation	liver
20170822_RiMod_L_1_3	homo sapiens	liver	not applicable	frontotemporal dementia	3	20170822_RiMod_L_1_3	proteomic profiling by mass spectrometry	Data-independent acquisition	NT=isotope labeling;AC=PRIDE:0000310	NT=tripletof 5600;AC=MS:1000932	NT=Carbamidomethyl;AC=UNIMOD:4;TA=C;MT=Fixed	NT=TMT6plex;AC=UNIMOD:737;TA=K;MT=Fixed	NT=Trypsin;AC=MS:1001251	not available	strong cation-exchange chromatography (scx)	iodoacetamide (iaa)	1	1	20170822_RiMod_L_1_3.wiff	ftp://ftp.pride.ebi.ac.uk/pride/data/archive/2023/03/PXD022872/20170822_RiMod_L_1_3.wiff	v1.1.0	NT=ms-proteomics;VV=v1.1.0	NT=dia-acquisition;VV=v1.1.0	manual curation	liver
FTD_B3_1	homo sapiens	liver	not applicable	frontotemporal dementia	1	FTD_B3_1	proteomic profiling by mass spectrometry	Data-independent acquisition	NT=isotope labeling;AC=PRIDE:0000310	NT=tripletof 5600;AC=MS:1000932	NT=Carbamidomethyl;AC=UNIMOD:4;TA=C;MT=Fixed	NT=TMT6plex;AC=UNIMOD:737;TA=K;MT=Fixed	NT=Trypsin;AC=MS:1001251	not available	strong cation-exchange chromatography (scx)	iodoacetamide (iaa)	1	1	FTD_B3_1.wiff	ftp://ftp.pride.ebi.ac.uk/pride/data/archive/2023/03/PXD022872/FTD_B3_1.wiff	v1.1.0	NT=ms-proteomics;VV=v1.1.0	NT=dia-acquisition;VV=v1.1.0	manual curation	liver
20151118_FTD_D1_4	homo sapiens	liver	not applicable	frontotemporal dementia	4	20151118_FTD_D1_4	proteomic profiling by mass spectrometry	Data-independent acquisition	NT=isotope labeling;AC=PRIDE:0000310	NT=tripletof 5600;AC=MS:1000932	NT=Carbamidomethyl;AC=UNIMOD:4;TA=C;MT=Fixed	NT=TMT6plex;AC=UNIMOD:737;TA=K;MT=Fixed	NT=Trypsin;AC=MS:1001251	not available	strong cation-exchange chromatography (scx)	iodoacetamide (iaa)	1	1	20151118_FTD_D1_4.wiff	ftp://ftp.pride.ebi.ac.uk/pride/data/archive/2023/03/PXD022872/20151118_FTD_D1_4.wiff	v1.1.0	NT=ms-proteomics;VV=v1.1.0	NT=dia-acquisition;VV=v1.1.0	manual curation	liver
20151119_FTD_D8_4	homo sapiens	liver	not applicable	frontotemporal dementia	4	20151119_FTD_D8_4	proteomic profiling by mass spectrometry	Data-independent acquisition	NT=isotope labeling;AC=PRIDE:0000310	NT=tripletof 5600;AC=MS:1000932	NT=Carbamidomethyl;AC=UNIMOD:4;TA=C;MT=Fixed	NT=TMT6plex;AC=UNIMOD:737;TA=K;MT=Fixed	NT=Trypsin;AC=MS:1001251	not available	strong cation-exchange chromatography (scx)	iodoacetamide (iaa)	1	1	20151119_FTD_D8_4.wiff	ftp://ftp.pride.ebi.ac.uk/pride/data/archive/2023/03/PXD022872/20151119_FTD_D8_4.wiff	v1.1.0	NT=ms-proteomics;VV=v1.1.0	NT=dia-acquisition;VV=v1.1.0	manual curation	liver
20170817_RiMod_K_8_3	homo sapiens	liver	not applicable	frontotemporal dementia	3	20170817_RiMod_K_8_3	proteomic profiling by mass spectrometry	Data-independent acquisition	NT=isotope labeling;AC=PRIDE:0000310	NT=tripletof 5600;AC=MS:1000932	NT=Carbamidomethyl;AC=UNIMOD:4;TA=C;MT=Fixed	NT=TMT6plex;AC=UNIMOD:737;TA=K;MT=Fixed	NT=Trypsin;AC=MS:1001251	not available	strong cation-exchange chromatography (scx)	iodoacetamide (iaa)	1	1	20170817_RiMod_K_8_3.wiff	ftp://ftp.pride.ebi.ac.uk/pride/data/archive/2023/03/PXD022872/20170817_RiMod_K_8_3.wiff	v1.1.0	NT=ms-proteomics;VV=v1.1.0	NT=dia-acquisition;VV=v1.1.0	manual curation	liver
FTD_A5_2	homo sapiens	liver	not applicable	frontotemporal dementia	2	FTD_A5_2	proteomic profiling by mass spectrometry	Data-independent acquisition	NT=isotope labeling;AC=PRIDE:0000310	NT=tripletof 5600;AC=MS:1000932	NT=Carbamidomethyl;AC=UNIMOD:4;TA=C;MT=Fixed	NT=TMT6plex;AC=UNIMOD:737;TA=K;MT=Fixed	NT=Trypsin;AC=MS:1001251	not available	strong cation-exchange chromatography (scx)	iodoacetamide (iaa)	1	1	FTD_A5_2.wiff	ftp://ftp.pride.ebi.ac.uk/pride/data/archive/2023/03/PXD022872/FTD_A5_2.wiff	v1.1.0	NT=ms-proteomics;VV=v1.1.0	NT=dia-acquisition;VV=v1.1.0	manual curation	liver
20161116_RiMod_Library_11	homo sapiens	liver	not applicable	frontotemporal dementia	11	20161116_RiMod_Library_11	proteomic profiling by mass spectrometry	Data-independent acquisition	NT=isotope labeling;AC=PRIDE:0000310	NT=tripletof 5600;AC=MS:1000932	NT=Carbamidomethyl;AC=UNIMOD:4;TA=C;MT=Fixed	NT=TMT6plex;AC=UNIMOD:737;TA=K;MT=Fixed	NT=Trypsin;AC=MS:1001251	not available	strong cation-exchange chromatography (scx)	iodoacetamide (iaa)	1	1	20161116_RiMod_Library_11.wiff	ftp://ftp.pride.ebi.ac.uk/pride/data/archive/2023/03/PXD022872/20161116_RiMod_Library_11.wiff	v1.1.0	NT=ms-proteomics;VV=v1.1.0	NT=dia-acquisition;VV=v1.1.0	manual curation	liver
20161121_RiMod_I_4.4	homo sapiens	liver	not applicable	frontotemporal dementia	4	20161121_RiMod_I_4.4	proteomic profiling by mass spectrometry	Data-independent acquisition	NT=isotope labeling;AC=PRIDE:0000310	NT=tripletof 5600;AC=MS:1000932	NT=Carbamidomethyl;AC=UNIMOD:4;TA=C;MT=Fixed	NT=TMT6plex;AC=UNIMOD:737;TA=K;MT=Fixed	NT=Trypsin;AC=MS:1001251	not available	strong cation-exchange chromatography (scx)	iodoacetamide (iaa)	1	1	20161121_RiMod_I_4.4.wiff	ftp://ftp.pride.ebi.ac.uk/pride/data/archive/2023/03/PXD022872/20161121_RiMod_I_4.4.wiff	v1.1.0	NT=ms-proteomics;VV=v1.1.0	NT=dia-acquisition;VV=v1.1.0	manual curation	liver
FTD_C5_2	homo sapiens	liver	not applicable	frontotemporal dementia	2	FTD_C5_2	proteomic profiling by mass spectrometry	Data-independent acquisition	NT=isotope labeling;AC=PRIDE:0000310	NT=tripletof 5600;AC=MS:1000932	NT=Carbamidomethyl;AC=UNIMOD:4;TA=C;MT=Fixed	NT=TMT6plex;AC=UNIMOD:737;TA=K;MT=Fixed	NT=Trypsin;AC=MS:1001251	not available	strong cation-exchange chromatography (scx)	iodoacetamide (iaa)	1	1	FTD_C5_2.wiff	ftp://ftp.pride.ebi.ac.uk/pride/data/archive/2023/03/PXD022872/FTD_C5_2.wiff	v1.1.0	NT=ms-proteomics;VV=v1.1.0	NT=dia-acquisition;VV=v1.1.0	manual curation	liver
FTD_B7_4	homo sapiens	liver	not applicable	frontotemporal dementia	4	FTD_B7_4	proteomic profiling by mass spectrometry	Data-independent acquisition	NT=isotope labeling;AC=PRIDE:0000310	NT=tripletof 5600;AC=MS:1000932	NT=Carbamidomethyl;AC=UNIMOD:4;TA=C;MT=Fixed	NT=TMT6plex;AC=UNIMOD:737;TA=K;MT=Fixed	NT=Trypsin;AC=MS:1001251	not available	strong cation-exchange chromatography (scx)	iodoacetamide (iaa)	1	1	FTD_B7_4.wiff	ftp://ftp.pride.ebi.ac.uk/pride/data/archive/2023/03/PXD022872/FTD_B7_4.wiff	v1.1.0	NT=ms-proteomics;VV=v1.1.0	NT=dia-acquisition;VV=v1.1.0	manual curation	liver
20160629_Rimod_G_9.1	homo sapiens	liver	not applicable	frontotemporal dementia	1	20160629_Rimod_G_9.1	proteomic profiling by mass spectrometry	Data-independent acquisition	NT=isotope labeling;AC=PRIDE:0000310	NT=tripletof 5600;AC=MS:1000932	NT=Carbamidomethyl;AC=UNIMOD:4;TA=C;MT=Fixed	NT=TMT6plex;AC=UNIMOD:737;TA=K;MT=Fixed	NT=Trypsin;AC=MS:1001251	not available	strong cation-exchange chromatography (scx)	iodoacetamide (iaa)	1	1	20160629_Rimod_G_9.1.wiff	ftp://ftp.pride.ebi.ac.uk/pride/data/archive/2023/03/PXD022872/20160629_Rimod_G_9.1.wiff	v1.1.0	NT=ms-proteomics;VV=v1.1.0	NT=dia-acquisition;VV=v1.1.0	manual curation	liver
20151118_FTD_D1_2	homo sapiens	liver	not applicable	frontotemporal dementia	2	20151118_FTD_D1_2	proteomic profiling by mass spectrometry	Data-independent acquisition	NT=isotope labeling;AC=PRIDE:0000310	NT=tripletof 5600;AC=MS:1000932	NT=Carbamidomethyl;AC=UNIMOD:4;TA=C;MT=Fixed	NT=TMT6plex;AC=UNIMOD:737;TA=K;MT=Fixed	NT=Trypsin;AC=MS:1001251	not available	strong cation-exchange chromatography (scx)	iodoacetamide (iaa)	1	1	20151118_FTD_D1_2.wiff	ftp://ftp.pride.ebi.ac.uk/pride/data/archive/2023/03/PXD022872/20151118_FTD_D1_2.wiff	v1.1.0	NT=ms-proteomics;VV=v1.1.0	NT=dia-acquisition;VV=v1.1.0	manual curation	liver
20151119_FTD_D3_3	homo sapiens	liver	not applicable	frontotemporal dementia	3	20151119_FTD_D3_3	proteomic profiling by mass spectrometry	Data-independent acquisition	NT=isotope labeling;AC=PRIDE:0000310	NT=tripletof 5600;AC=MS:1000932	NT=Carbamidomethyl;AC=UNIMOD:4;TA=C;MT=Fixed	NT=TMT6plex;AC=UNIMOD:737;TA=K;MT=Fixed	NT=Trypsin;AC=MS:1001251	not available	strong cation-exchange chromatography (scx)	iodoacetamide (iaa)	1	1	20151119_FTD_D3_3.wiff	ftp://ftp.pride.ebi.ac.uk/pride/data/archive/2023/03/PXD022872/20151119_FTD_D3_3.wiff	v1.1.0	NT=ms-proteomics;VV=v1.1.0	NT=dia-acquisition;VV=v1.1.0	manual curation	liver
20160622_RimodF_10.4	homo sapiens	liver	not applicable	frontotemporal dementia	4	20160622_RimodF_10.4	proteomic profiling by mass spectrometry	Data-independent acquisition	NT=isotope labeling;AC=PRIDE:0000310	NT=tripletof 5600;AC=MS:1000932	NT=Carbamidomethyl;AC=UNIMOD:4;TA=C;MT=Fixed	NT=TMT6plex;AC=UNIMOD:737;TA=K;MT=Fixed	NT=Trypsin;AC=MS:1001251	not available	strong cation-exchange chromatography (scx)	iodoacetamide (iaa)	1	1	20160622_RimodF_10.4.wiff	ftp://ftp.pride.ebi.ac.uk/pride/data/archive/2023/03/PXD022872/20160622_RimodF_10.4.wiff	v1.1.0	NT=ms-proteomics;VV=v1.1.0	NT=dia-acquisition;VV=v1.1.0	manual curation	liver
20151118_FTD_D1_1	homo sapiens	liver	not applicable	frontotemporal dementia	1	20151118_FTD_D1_1	proteomic profiling by mass spectrometry	Data-independent acquisition	NT=isotope labeling;AC=PRIDE:0000310	NT=tripletof 5600;AC=MS:1000932	NT=Carbamidomethyl;AC=UNIMOD:4;TA=C;MT=Fixed	NT=TMT6plex;AC=UNIMOD:737;TA=K;MT=Fixed	NT=Trypsin;AC=MS:1001251	not available	strong cation-exchange chromatography (scx)	iodoacetamide (iaa)	1	1	20151118_FTD_D1_1.wiff	ftp://ftp.pride.ebi.ac.uk/pride/data/archive/2023/03/PXD022872/20151118_FTD_D1_1.wiff	v1.1.0	NT=ms-proteomics;VV=v1.1.0	NT=dia-acquisition;VV=v1.1.0	manual curation	liver
20170817_RiMod_K_10_1	homo sapiens	liver	not applicable	frontotemporal dementia	1	20170817_RiMod_K_10_1	proteomic profiling by mass spectrometry	Data-independent acquisition	NT=isotope labeling;AC=PRIDE:0000310	NT=tripletof 5600;AC=MS:1000932	NT=Carbamidomethyl;AC=UNIMOD:4;TA=C;MT=Fixed	NT=TMT6plex;AC=UNIMOD:737;TA=K;MT=Fixed	NT=Trypsin;AC=MS:1001251	not available	strong cation-exchange chromatography (scx)	iodoacetamide (iaa)	1	1	20170817_RiMod_K_10_1.wiff	ftp://ftp.pride.ebi.ac.uk/pride/data/archive/2023/03/PXD022872/20170817_RiMod_K_10_1.wiff	v1.1.0	NT=ms-proteomics;VV=v1.1.0	NT=dia-acquisition;VV=v1.1.0	manual curation	liver
20160622_RimodF_6.2	homo sapiens	liver	not applicable	frontotemporal dementia	2	20160622_RimodF_6.2	proteomic profiling by mass spectrometry	Data-independent acquisition	NT=isotope labeling;AC=PRIDE:0000310	NT=tripletof 5600;AC=MS:1000932	NT=Carbamidomethyl;AC=UNIMOD:4;TA=C;MT=Fixed	NT=TMT6plex;AC=UNIMOD:737;TA=K;MT=Fixed	NT=Trypsin;AC=MS:1001251	not available	strong cation-exchange chromatography (scx)	iodoacetamide (iaa)	1	1	20160622_RimodF_6.2.wiff	ftp://ftp.pride.ebi.ac.uk/pride/data/archive/2023/03/PXD022872/20160622_RimodF_6.2.wiff	v1.1.0	NT=ms-proteomics;VV=v1.1.0	NT=dia-acquisition;VV=v1.1.0	manual curation	liver
FTD_B5_3	homo sapiens	liver	not applicable	frontotemporal dementia	3	FTD_B5_3	proteomic profiling by mass spectrometry	Data-independent acquisition	NT=isotope labeling;AC=PRIDE:0000310	NT=tripletof 5600;AC=MS:1000932	NT=Carbamidomethyl;AC=UNIMOD:4;TA=C;MT=Fixed	NT=TMT6plex;AC=UNIMOD:737;TA=K;MT=Fixed	NT=Trypsin;AC=MS:1001251	not available	strong cation-exchange chromatography (scx)	iodoacetamide (iaa)	1	1	FTD_B5_3.wiff	ftp://ftp.pride.ebi.ac.uk/pride/data/archive/2023/03/PXD022872/FTD_B5_3.wiff	v1.1.0	NT=ms-proteomics;VV=v1.1.0	NT=dia-acquisition;VV=v1.1.0	manual curation	liver
20170822_RiMod_L_6_3	homo sapiens	liver	not applicable	frontotemporal dementia	3	20170822_RiMod_L_6_3	proteomic profiling by mass spectrometry	Data-independent acquisition	NT=isotope labeling;AC=PRIDE:0000310	NT=tripletof 5600;AC=MS:1000932	NT=Carbamidomethyl;AC=UNIMOD:4;TA=C;MT=Fixed	NT=TMT6plex;AC=UNIMOD:737;TA=K;MT=Fixed	NT=Trypsin;AC=MS:1001251	not available	strong cation-exchange chromatography (scx)	iodoacetamide (iaa)	1	1	20170822_RiMod_L_6_3.wiff	ftp://ftp.pride.ebi.ac.uk/pride/data/archive/2023/03/PXD022872/20170822_RiMod_L_6_3.wiff	v1.1.0	NT=ms-proteomics;VV=v1.1.0	NT=dia-acquisition;VV=v1.1.0	manual curation	liver
20170822_RiMod_L_5_1	homo sapiens	liver	not applicable	frontotemporal dementia	1	20170822_RiMod_L_5_1	proteomic profiling by mass spectrometry	Data-independent acquisition	NT=isotope labeling;AC=PRIDE:0000310	NT=tripletof 5600;AC=MS:1000932	NT=Carbamidomethyl;AC=UNIMOD:4;TA=C;MT=Fixed	NT=TMT6plex;AC=UNIMOD:737;TA=K;MT=Fixed	NT=Trypsin;AC=MS:1001251	not available	strong cation-exchange chromatography (scx)	iodoacetamide (iaa)	1	1	20170822_RiMod_L_5_1.wiff	ftp://ftp.pride.ebi.ac.uk/pride/data/archive/2023/03/PXD022872/20170822_RiMod_L_5_1.wiff	v1.1.0	NT=ms-proteomics;VV=v1.1.0	NT=dia-acquisition;VV=v1.1.0	manual curation	liver
20160303_Rimod_E_4.4	homo sapiens	liver	not applicable	frontotemporal dementia	4	20160303_Rimod_E_4.4	proteomic profiling by mass spectrometry	Data-independent acquisition	NT=isotope labeling;AC=PRIDE:0000310	NT=tripletof 5600;AC=MS:1000932	NT=Carbamidomethyl;AC=UNIMOD:4;TA=C;MT=Fixed	NT=TMT6plex;AC=UNIMOD:737;TA=K;MT=Fixed	NT=Trypsin;AC=MS:1001251	not available	strong cation-exchange chromatography (scx)	iodoacetamide (iaa)	1	1	20160303_Rimod_E_4.4.wiff	ftp://ftp.pride.ebi.ac.uk/pride/data/archive/2023/03/PXD022872/20160303_Rimod_E_4.4.wiff	v1.1.0	NT=ms-proteomics;VV=v1.1.0	NT=dia-acquisition;VV=v1.1.0	manual curation	liver
20170817_RiMod_K_5_2	homo sapiens	liver	not applicable	frontotemporal dementia	2	20170817_RiMod_K_5_2	proteomic profiling by mass spectrometry	Data-independent acquisition	NT=isotope labeling;AC=PRIDE:0000310	NT=tripletof 5600;AC=MS:1000932	NT=Carbamidomethyl;AC=UNIMOD:4;TA=C;MT=Fixed	NT=TMT6plex;AC=UNIMOD:737;TA=K;MT=Fixed	NT=Trypsin;AC=MS:1001251	not available	strong cation-exchange chromatography (scx)	iodoacetamide (iaa)	1	1	20170817_RiMod_K_5_2.wiff	ftp://ftp.pride.ebi.ac.uk/pride/data/archive/2023/03/PXD022872/20170817_RiMod_K_5_2.wiff	v1.1.0	NT=ms-proteomics;VV=v1.1.0	NT=dia-acquisition;VV=v1.1.0	manual curation	liver
20151119_FTD_D5_3	homo sapiens	liver	not applicable	frontotemporal dementia	3	20151119_FTD_D5_3	proteomic profiling by mass spectrometry	Data-independent acquisition	NT=isotope labeling;AC=PRIDE:0000310	NT=tripletof 5600;AC=MS:1000932	NT=Carbamidomethyl;AC=UNIMOD:4;TA=C;MT=Fixed	NT=TMT6plex;AC=UNIMOD:737;TA=K;MT=Fixed	NT=Trypsin;AC=MS:1001251	not available	strong cation-exchange chromatography (scx)	iodoacetamide (iaa)	1	1	20151119_FTD_D5_3.wiff	ftp://ftp.pride.ebi.ac.uk/pride/data/archive/2023/03/PXD022872/20151119_FTD_D5_3.wiff	v1.1.0	NT=ms-proteomics;VV=v1.1.0	NT=dia-acquisition;VV=v1.1.0	manual curation	liver
20160627_Rimod_G_5.4	homo sapiens	liver	not applicable	frontotemporal dementia	4	20160627_Rimod_G_5.4	proteomic profiling by mass spectrometry	Data-independent acquisition	NT=isotope labeling;AC=PRIDE:0000310	NT=tripletof 5600;AC=MS:1000932	NT=Carbamidomethyl;AC=UNIMOD:4;TA=C;MT=Fixed	NT=TMT6plex;AC=UNIMOD:737;TA=K;MT=Fixed	NT=Trypsin;AC=MS:1001251	not available	strong cation-exchange chromatography (scx)	iodoacetamide (iaa)	1	1	20160627_Rimod_G_5.4.wiff	ftp://ftp.pride.ebi.ac.uk/pride/data/archive/2023/03/PXD022872/20160627_Rimod_G_5.4.wiff	v1.1.0	NT=ms-proteomics;VV=v1.1.0	NT=dia-acquisition;VV=v1.1.0	manual curation	liver
FTD_A1_4	homo sapiens	liver	not applicable	frontotemporal dementia	4	FTD_A1_4	proteomic profiling by mass spectrometry	Data-independent acquisition	NT=isotope labeling;AC=PRIDE:0000310	NT=tripletof 5600;AC=MS:1000932	NT=Carbamidomethyl;AC=UNIMOD:4;TA=C;MT=Fixed	NT=TMT6plex;AC=UNIMOD:737;TA=K;MT=Fixed	NT=Trypsin;AC=MS:1001251	not available	strong cation-exchange chromatography (scx)	iodoacetamide (iaa)	1	1	FTD_A1_4.wiff	ftp://ftp.pride.ebi.ac.uk/pride/data/archive/2023/03/PXD022872/FTD_A1_4.wiff	v1.1.0	NT=ms-proteomics;VV=v1.1.0	NT=dia-acquisition;VV=v1.1.0	manual curation	liver
20161121_RiMod_I_5.4	homo sapiens	liver	not applicable	frontotemporal dementia	4	20161121_RiMod_I_5.4	proteomic profiling by mass spectrometry	Data-independent acquisition	NT=isotope labeling;AC=PRIDE:0000310	NT=tripletof 5600;AC=MS:1000932	NT=Carbamidomethyl;AC=UNIMOD:4;TA=C;MT=Fixed	NT=TMT6plex;AC=UNIMOD:737;TA=K;MT=Fixed	NT=Trypsin;AC=MS:1001251	not available	strong cation-exchange chromatography (scx)	iodoacetamide (iaa)	1	1	20161121_RiMod_I_5.4.wiff	ftp://ftp.pride.ebi.ac.uk/pride/data/archive/2023/03/PXD022872/20161121_RiMod_I_5.4.wiff	v1.1.0	NT=ms-proteomics;VV=v1.1.0	NT=dia-acquisition;VV=v1.1.0	manual curation	liver
20151119_FTD_D9_3	homo sapiens	liver	not applicable	frontotemporal dementia	3	20151119_FTD_D9_3	proteomic profiling by mass spectrometry	Data-independent acquisition	NT=isotope labeling;AC=PRIDE:0000310	NT=tripletof 5600;AC=MS:1000932	NT=Carbamidomethyl;AC=UNIMOD:4;TA=C;MT=Fixed	NT=TMT6plex;AC=UNIMOD:737;TA=K;MT=Fixed	NT=Trypsin;AC=MS:1001251	not available	strong cation-exchange chromatography (scx)	iodoacetamide (iaa)	1	1	20151119_FTD_D9_3.wiff	ftp://ftp.pride.ebi.ac.uk/pride/data/archive/2023/03/PXD022872/20151119_FTD_D9_3.wiff	v1.1.0	NT=ms-proteomics;VV=v1.1.0	NT=dia-acquisition;VV=v1.1.0	manual curation	liver
20170817_RiMod_K_6_1	homo sapiens	liver	not applicable	frontotemporal dementia	1	20170817_RiMod_K_6_1	proteomic profiling by mass spectrometry	Data-independent acquisition	NT=isotope labeling;AC=PRIDE:0000310	NT=tripletof 5600;AC=MS:1000932	NT=Carbamidomethyl;AC=UNIMOD:4;TA=C;MT=Fixed	NT=TMT6plex;AC=UNIMOD:737;TA=K;MT=Fixed	NT=Trypsin;AC=MS:1001251	not available	strong cation-exchange chromatography (scx)	iodoacetamide (iaa)	1	1	20170817_RiMod_K_6_1.wiff	ftp://ftp.pride.ebi.ac.uk/pride/data/archive/2023/03/PXD022872/20170817_RiMod_K_6_1.wiff	v1.1.0	NT=ms-proteomics;VV=v1.1.0	NT=dia-acquisition;VV=v1.1.0	manual curation	liver
FTD_B6_1	homo sapiens	liver	not applicable	frontotemporal dementia	1	FTD_B6_1	proteomic profiling by mass spectrometry	Data-independent acquisition	NT=isotope labeling;AC=PRIDE:0000310	NT=tripletof 5600;AC=MS:1000932	NT=Carbamidomethyl;AC=UNIMOD:4;TA=C;MT=Fixed	NT=TMT6plex;AC=UNIMOD:737;TA=K;MT=Fixed	NT=Trypsin;AC=MS:1001251	not available	strong cation-exchange chromatography (scx)	iodoacetamide (iaa)	1	1	FTD_B6_1.wiff	ftp://ftp.pride.ebi.ac.uk/pride/data/archive/2023/03/PXD022872/FTD_B6_1.wiff	v1.1.0	NT=ms-proteomics;VV=v1.1.0	NT=dia-acquisition;VV=v1.1.0	manual curation	liver
FTD_C5_3	homo sapiens	liver	not applicable	frontotemporal dementia	3	FTD_C5_3	proteomic profiling by mass spectrometry	Data-independent acquisition	NT=isotope labeling;AC=PRIDE:0000310	NT=tripletof 5600;AC=MS:1000932	NT=Carbamidomethyl;AC=UNIMOD:4;TA=C;MT=Fixed	NT=TMT6plex;AC=UNIMOD:737;TA=K;MT=Fixed	NT=Trypsin;AC=MS:1001251	not available	strong cation-exchange chromatography (scx)	iodoacetamide (iaa)	1	1	FTD_C5_3.wiff	ftp://ftp.pride.ebi.ac.uk/pride/data/archive/2023/03/PXD022872/FTD_C5_3.wiff	v1.1.0	NT=ms-proteomics;VV=v1.1.0	NT=dia-acquisition;VV=v1.1.0	manual curation	liver
20160627_Rimod_G_6.3	homo sapiens	liver	not applicable	frontotemporal dementia	3	20160627_Rimod_G_6.3	proteomic profiling by mass spectrometry	Data-independent acquisition	NT=isotope labeling;AC=PRIDE:0000310	NT=tripletof 5600;AC=MS:1000932	NT=Carbamidomethyl;AC=UNIMOD:4;TA=C;MT=Fixed	NT=TMT6plex;AC=UNIMOD:737;TA=K;MT=Fixed	NT=Trypsin;AC=MS:1001251	not available	strong cation-exchange chromatography (scx)	iodoacetamide (iaa)	1	1	20160627_Rimod_G_6.3.wiff	ftp://ftp.pride.ebi.ac.uk/pride/data/archive/2023/03/PXD022872/20160627_Rimod_G_6.3.wiff	v1.1.0	NT=ms-proteomics;VV=v1.1.0	NT=dia-acquisition;VV=v1.1.0	manual curation	liver
FTD_B1_1	homo sapiens	liver	not applicable	frontotemporal dementia	1	FTD_B1_1	proteomic profiling by mass spectrometry	Data-independent acquisition	NT=isotope labeling;AC=PRIDE:0000310	NT=tripletof 5600;AC=MS:1000932	NT=Carbamidomethyl;AC=UNIMOD:4;TA=C;MT=Fixed	NT=TMT6plex;AC=UNIMOD:737;TA=K;MT=Fixed	NT=Trypsin;AC=MS:1001251	not available	strong cation-exchange chromatography (scx)	iodoacetamide (iaa)	1	1	FTD_B1_1.wiff	ftp://ftp.pride.ebi.ac.uk/pride/data/archive/2023/03/PXD022872/FTD_B1_1.wiff	v1.1.0	NT=ms-proteomics;VV=v1.1.0	NT=dia-acquisition;VV=v1.1.0	manual curation	liver
FTD_A3_4	homo sapiens	liver	not applicable	frontotemporal dementia	4	FTD_A3_4	proteomic profiling by mass spectrometry	Data-independent acquisition	NT=isotope labeling;AC=PRIDE:0000310	NT=tripletof 5600;AC=MS:1000932	NT=Carbamidomethyl;AC=UNIMOD:4;TA=C;MT=Fixed	NT=TMT6plex;AC=UNIMOD:737;TA=K;MT=Fixed	NT=Trypsin;AC=MS:1001251	not available	strong cation-exchange chromatography (scx)	iodoacetamide (iaa)	1	1	FTD_A3_4.wiff	ftp://ftp.pride.ebi.ac.uk/pride/data/archive/2023/03/PXD022872/FTD_A3_4.wiff	v1.1.0	NT=ms-proteomics;VV=v1.1.0	NT=dia-acquisition;VV=v1.1.0	manual curation	liver
20160303_Rimod_E_5.1	homo sapiens	liver	not applicable	frontotemporal dementia	1	20160303_Rimod_E_5.1	proteomic profiling by mass spectrometry	Data-independent acquisition	NT=isotope labeling;AC=PRIDE:0000310	NT=tripletof 5600;AC=MS:1000932	NT=Carbamidomethyl;AC=UNIMOD:4;TA=C;MT=Fixed	NT=TMT6plex;AC=UNIMOD:737;TA=K;MT=Fixed	NT=Trypsin;AC=MS:1001251	not available	strong cation-exchange chromatography (scx)	iodoacetamide (iaa)	1	1	20160303_Rimod_E_5.1.wiff	ftp://ftp.pride.ebi.ac.uk/pride/data/archive/2023/03/PXD022872/20160303_Rimod_E_5.1.wiff	v1.1.0	NT=ms-proteomics;VV=v1.1.0	NT=dia-acquisition;VV=v1.1.0	manual curation	liver
20160629_Rimod_G_9.2	homo sapiens	liver	not applicable	frontotemporal dementia	2	20160629_Rimod_G_9.2	proteomic profiling by mass spectrometry	Data-independent acquisition	NT=isotope labeling;AC=PRIDE:0000310	NT=tripletof 5600;AC=MS:1000932	NT=Carbamidomethyl;AC=UNIMOD:4;TA=C;MT=Fixed	NT=TMT6plex;AC=UNIMOD:737;TA=K;MT=Fixed	NT=Trypsin;AC=MS:1001251	not available	strong cation-exchange chromatography (scx)	iodoacetamide (iaa)	1	1	20160629_Rimod_G_9.2.wiff	ftp://ftp.pride.ebi.ac.uk/pride/data/archive/2023/03/PXD022872/20160629_Rimod_G_9.2.wiff	v1.1.0	NT=ms-proteomics;VV=v1.1.0	NT=dia-acquisition;VV=v1.1.0	manual curation	liver
20161121_RiMod_I_7.2	homo sapiens	liver	not applicable	frontotemporal dementia	2	20161121_RiMod_I_7.2	proteomic profiling by mass spectrometry	Data-independent acquisition	NT=isotope labeling;AC=PRIDE:0000310	NT=tripletof 5600;AC=MS:1000932	NT=Carbamidomethyl;AC=UNIMOD:4;TA=C;MT=Fixed	NT=TMT6plex;AC=UNIMOD:737;TA=K;MT=Fixed	NT=Trypsin;AC=MS:1001251	not available	strong cation-exchange chromatography (scx)	iodoacetamide (iaa)	1	1	20161121_RiMod_I_7.2.wiff	ftp://ftp.pride.ebi.ac.uk/pride/data/archive/2023/03/PXD022872/20161121_RiMod_I_7.2.wiff	v1.1.0	NT=ms-proteomics;VV=v1.1.0	NT=dia-acquisition;VV=v1.1.0	manual curation	liver
20151119_FTD_D6_2	homo sapiens	liver	not applicable	frontotemporal dementia	2	20151119_FTD_D6_2	proteomic profiling by mass spectrometry	Data-independent acquisition	NT=isotope labeling;AC=PRIDE:0000310	NT=tripletof 5600;AC=MS:1000932	NT=Carbamidomethyl;AC=UNIMOD:4;TA=C;MT=Fixed	NT=TMT6plex;AC=UNIMOD:737;TA=K;MT=Fixed	NT=Trypsin;AC=MS:1001251	not available	strong cation-exchange chromatography (scx)	iodoacetamide (iaa)	1	1	20151119_FTD_D6_2.wiff	ftp://ftp.pride.ebi.ac.uk/pride/data/archive/2023/03/PXD022872/20151119_FTD_D6_2.wiff	v1.1.0	NT=ms-proteomics;VV=v1.1.0	NT=dia-acquisition;VV=v1.1.0	manual curation	liver
20170817_RiMod_K_9_4	homo sapiens	liver	not applicable	frontotemporal dementia	4	20170817_RiMod_K_9_4	proteomic profiling by mass spectrometry	Data-independent acquisition	NT=isotope labeling;AC=PRIDE:0000310	NT=tripletof 5600;AC=MS:1000932	NT=Carbamidomethyl;AC=UNIMOD:4;TA=C;MT=Fixed	NT=TMT6plex;AC=UNIMOD:737;TA=K;MT=Fixed	NT=Trypsin;AC=MS:1001251	not available	strong cation-exchange chromatography (scx)	iodoacetamide (iaa)	1	1	20170817_RiMod_K_9_4.wiff	ftp://ftp.pride.ebi.ac.uk/pride/data/archive/2023/03/PXD022872/20170817_RiMod_K_9_4.wiff	v1.1.0	NT=ms-proteomics;VV=v1.1.0	NT=dia-acquisition;VV=v1.1.0	manual curation	liver
20151119_FTD_D3_2	homo sapiens	liver	not applicable	frontotemporal dementia	2	20151119_FTD_D3_2	proteomic profiling by mass spectrometry	Data-independent acquisition	NT=isotope labeling;AC=PRIDE:0000310	NT=tripletof 5600;AC=MS:1000932	NT=Carbamidomethyl;AC=UNIMOD:4;TA=C;MT=Fixed	NT=TMT6plex;AC=UNIMOD:737;TA=K;MT=Fixed	NT=Trypsin;AC=MS:1001251	not available	strong cation-exchange chromatography (scx)	iodoacetamide (iaa)	1	1	20151119_FTD_D3_2.wiff	ftp://ftp.pride.ebi.ac.uk/pride/data/archive/2023/03/PXD022872/20151119_FTD_D3_2.wiff	v1.1.0	NT=ms-proteomics;VV=v1.1.0	NT=dia-acquisition;VV=v1.1.0	manual curation	liver
20160627_Rimod_G_7.1	homo sapiens	liver	not applicable	frontotemporal dementia	1	20160627_Rimod_G_7.1	proteomic profiling by mass spectrometry	Data-independent acquisition	NT=isotope labeling;AC=PRIDE:0000310	NT=tripletof 5600;AC=MS:1000932	NT=Carbamidomethyl;AC=UNIMOD:4;TA=C;MT=Fixed	NT=TMT6plex;AC=UNIMOD:737;TA=K;MT=Fixed	NT=Trypsin;AC=MS:1001251	not available	strong cation-exchange chromatography (scx)	iodoacetamide (iaa)	1	1	20160627_Rimod_G_7.1.wiff	ftp://ftp.pride.ebi.ac.uk/pride/data/archive/2023/03/PXD022872/20160627_Rimod_G_7.1.wiff	v1.1.0	NT=ms-proteomics;VV=v1.1.0	NT=dia-acquisition;VV=v1.1.0	manual curation	liver
20160622_RimodF_6.3	homo sapiens	liver	not applicable	frontotemporal dementia	3	20160622_RimodF_6.3	proteomic profiling by mass spectrometry	Data-independent acquisition	NT=isotope labeling;AC=PRIDE:0000310	NT=tripletof 5600;AC=MS:1000932	NT=Carbamidomethyl;AC=UNIMOD:4;TA=C;MT=Fixed	NT=TMT6plex;AC=UNIMOD:737;TA=K;MT=Fixed	NT=Trypsin;AC=MS:1001251	not available	strong cation-exchange chromatography (scx)	iodoacetamide (iaa)	1	1	20160622_RimodF_6.3.wiff	ftp://ftp.pride.ebi.ac.uk/pride/data/archive/2023/03/PXD022872/20160622_RimodF_6.3.wiff	v1.1.0	NT=ms-proteomics;VV=v1.1.0	NT=dia-acquisition;VV=v1.1.0	manual curation	liver
20161116_RiMod_Library_02	homo sapiens	liver	not applicable	frontotemporal dementia	2	20161116_RiMod_Library_02	proteomic profiling by mass spectrometry	Data-independent acquisition	NT=isotope labeling;AC=PRIDE:0000310	NT=tripletof 5600;AC=MS:1000932	NT=Carbamidomethyl;AC=UNIMOD:4;TA=C;MT=Fixed	NT=TMT6plex;AC=UNIMOD:737;TA=K;MT=Fixed	NT=Trypsin;AC=MS:1001251	not available	strong cation-exchange chromatography (scx)	iodoacetamide (iaa)	1	1	20161116_RiMod_Library_02.wiff	ftp://ftp.pride.ebi.ac.uk/pride/data/archive/2023/03/PXD022872/20161116_RiMod_Library_02.wiff	v1.1.0	NT=ms-proteomics;VV=v1.1.0	NT=dia-acquisition;VV=v1.1.0	manual curation	liver
20161116_RiMod_Library_08	homo sapiens	liver	not applicable	frontotemporal dementia	8	20161116_RiMod_Library_08	proteomic profiling by mass spectrometry	Data-independent acquisition	NT=isotope labeling;AC=PRIDE:0000310	NT=tripletof 5600;AC=MS:1000932	NT=Carbamidomethyl;AC=UNIMOD:4;TA=C;MT=Fixed	NT=TMT6plex;AC=UNIMOD:737;TA=K;MT=Fixed	NT=Trypsin;AC=MS:1001251	not available	strong cation-exchange chromatography (scx)	iodoacetamide (iaa)	1	1	20161116_RiMod_Library_08.wiff	ftp://ftp.pride.ebi.ac.uk/pride/data/archive/2023/03/PXD022872/20161116_RiMod_Library_08.wiff	v1.1.0	NT=ms-proteomics;VV=v1.1.0	NT=dia-acquisition;VV=v1.1.0	manual curation	liver
20151118_FTD_D2_4	homo sapiens	liver	not applicable	frontotemporal dementia	4	20151118_FTD_D2_4	proteomic profiling by mass spectrometry	Data-independent acquisition	NT=isotope labeling;AC=PRIDE:0000310	NT=tripletof 5600;AC=MS:1000932	NT=Carbamidomethyl;AC=UNIMOD:4;TA=C;MT=Fixed	NT=TMT6plex;AC=UNIMOD:737;TA=K;MT=Fixed	NT=Trypsin;AC=MS:1001251	not available	strong cation-exchange chromatography (scx)	iodoacetamide (iaa)	1	1	20151118_FTD_D2_4.wiff	ftp://ftp.pride.ebi.ac.uk/pride/data/archive/2023/03/PXD022872/20151118_FTD_D2_4.wiff	v1.1.0	NT=ms-proteomics;VV=v1.1.0	NT=dia-acquisition;VV=v1.1.0	manual curation	liver
FTD_A10_2	homo sapiens	liver	not applicable	frontotemporal dementia	2	FTD_A10_2	proteomic profiling by mass spectrometry	Data-independent acquisition	NT=isotope labeling;AC=PRIDE:0000310	NT=tripletof 5600;AC=MS:1000932	NT=Carbamidomethyl;AC=UNIMOD:4;TA=C;MT=Fixed	NT=TMT6plex;AC=UNIMOD:737;TA=K;MT=Fixed	NT=Trypsin;AC=MS:1001251	not available	strong cation-exchange chromatography (scx)	iodoacetamide (iaa)	1	1	FTD_A10_2.wiff	ftp://ftp.pride.ebi.ac.uk/pride/data/archive/2023/03/PXD022872/FTD_A10_2.wiff	v1.1.0	NT=ms-proteomics;VV=v1.1.0	NT=dia-acquisition;VV=v1.1.0	manual curation	liver
20161118_RiMod_H_9.4	homo sapiens	liver	not applicable	frontotemporal dementia	4	20161118_RiMod_H_9.4	proteomic profiling by mass spectrometry	Data-independent acquisition	NT=isotope labeling;AC=PRIDE:0000310	NT=tripletof 5600;AC=MS:1000932	NT=Carbamidomethyl;AC=UNIMOD:4;TA=C;MT=Fixed	NT=TMT6plex;AC=UNIMOD:737;TA=K;MT=Fixed	NT=Trypsin;AC=MS:1001251	not available	strong cation-exchange chromatography (scx)	iodoacetamide (iaa)	1	1	20161118_RiMod_H_9.4.wiff	ftp://ftp.pride.ebi.ac.uk/pride/data/archive/2023/03/PXD022872/20161118_RiMod_H_9.4.wiff	v1.1.0	NT=ms-proteomics;VV=v1.1.0	NT=dia-acquisition;VV=v1.1.0	manual curation	liver
20161118_RiMod_H_9.1	homo sapiens	liver	not applicable	frontotemporal dementia	1	20161118_RiMod_H_9.1	proteomic profiling by mass spectrometry	Data-independent acquisition	NT=isotope labeling;AC=PRIDE:0000310	NT=tripletof 5600;AC=MS:1000932	NT=Carbamidomethyl;AC=UNIMOD:4;TA=C;MT=Fixed	NT=TMT6plex;AC=UNIMOD:737;TA=K;MT=Fixed	NT=Trypsin;AC=MS:1001251	not available	strong cation-exchange chromatography (scx)	iodoacetamide (iaa)	1	1	20161118_RiMod_H_9.1.wiff	ftp://ftp.pride.ebi.ac.uk/pride/data/archive/2023/03/PXD022872/20161118_RiMod_H_9.1.wiff	v1.1.0	NT=ms-proteomics;VV=v1.1.0	NT=dia-acquisition;VV=v1.1.0	manual curation	liver
FTD_B5_2	homo sapiens	liver	not applicable	frontotemporal dementia	2	FTD_B5_2	proteomic profiling by mass spectrometry	Data-independent acquisition	NT=isotope labeling;AC=PRIDE:0000310	NT=tripletof 5600;AC=MS:1000932	NT=Carbamidomethyl;AC=UNIMOD:4;TA=C;MT=Fixed	NT=TMT6plex;AC=UNIMOD:737;TA=K;MT=Fixed	NT=Trypsin;AC=MS:1001251	not available	strong cation-exchange chromatography (scx)	iodoacetamide (iaa)	1	1	FTD_B5_2.wiff	ftp://ftp.pride.ebi.ac.uk/pride/data/archive/2023/03/PXD022872/FTD_B5_2.wiff	v1.1.0	NT=ms-proteomics;VV=v1.1.0	NT=dia-acquisition;VV=v1.1.0	manual curation	liver
FTD_C9_2	homo sapiens	liver	not applicable	frontotemporal dementia	2	FTD_C9_2	proteomic profiling by mass spectrometry	Data-independent acquisition	NT=isotope labeling;AC=PRIDE:0000310	NT=tripletof 5600;AC=MS:1000932	NT=Carbamidomethyl;AC=UNIMOD:4;TA=C;MT=Fixed	NT=TMT6plex;AC=UNIMOD:737;TA=K;MT=Fixed	NT=Trypsin;AC=MS:1001251	not available	strong cation-exchange chromatography (scx)	iodoacetamide (iaa)	1	1	FTD_C9_2.wiff	ftp://ftp.pride.ebi.ac.uk/pride/data/archive/2023/03/PXD022872/FTD_C9_2.wiff	v1.1.0	NT=ms-proteomics;VV=v1.1.0	NT=dia-acquisition;VV=v1.1.0	manual curation	liver
20161116_RiMod_Library_01	homo sapiens	liver	not applicable	frontotemporal dementia	1	20161116_RiMod_Library_01	proteomic profiling by mass spectrometry	Data-independent acquisition	NT=isotope labeling;AC=PRIDE:0000310	NT=tripletof 5600;AC=MS:1000932	NT=Carbamidomethyl;AC=UNIMOD:4;TA=C;MT=Fixed	NT=TMT6plex;AC=UNIMOD:737;TA=K;MT=Fixed	NT=Trypsin;AC=MS:1001251	not available	strong cation-exchange chromatography (scx)	iodoacetamide (iaa)	1	1	20161116_RiMod_Library_01.wiff	ftp://ftp.pride.ebi.ac.uk/pride/data/archive/2023/03/PXD022872/20161116_RiMod_Library_01.wiff	v1.1.0	NT=ms-proteomics;VV=v1.1.0	NT=dia-acquisition;VV=v1.1.0	manual curation	liver
FTD_B1_3	homo sapiens	liver	not applicable	frontotemporal dementia	3	FTD_B1_3	proteomic profiling by mass spectrometry	Data-independent acquisition	NT=isotope labeling;AC=PRIDE:0000310	NT=tripletof 5600;AC=MS:1000932	NT=Carbamidomethyl;AC=UNIMOD:4;TA=C;MT=Fixed	NT=TMT6plex;AC=UNIMOD:737;TA=K;MT=Fixed	NT=Trypsin;AC=MS:1001251	not available	strong cation-exchange chromatography (scx)	iodoacetamide (iaa)	1	1	FTD_B1_3.wiff	ftp://ftp.pride.ebi.ac.uk/pride/data/archive/2023/03/PXD022872/FTD_B1_3.wiff	v1.1.0	NT=ms-proteomics;VV=v1.1.0	NT=dia-acquisition;VV=v1.1.0	manual curation	liver
20170822_RiMod_L_4_2	homo sapiens	liver	not applicable	frontotemporal dementia	2	20170822_RiMod_L_4_2	proteomic profiling by mass spectrometry	Data-independent acquisition	NT=isotope labeling;AC=PRIDE:0000310	NT=tripletof 5600;AC=MS:1000932	NT=Carbamidomethyl;AC=UNIMOD:4;TA=C;MT=Fixed	NT=TMT6plex;AC=UNIMOD:737;TA=K;MT=Fixed	NT=Trypsin;AC=MS:1001251	not available	strong cation-exchange chromatography (scx)	iodoacetamide (iaa)	1	1	20170822_RiMod_L_4_2.wiff	ftp://ftp.pride.ebi.ac.uk/pride/data/archive/2023/03/PXD022872/20170822_RiMod_L_4_2.wiff	v1.1.0	NT=ms-proteomics;VV=v1.1.0	NT=dia-acquisition;VV=v1.1.0	manual curation	liver
20170817_RiMod_K_6_2	homo sapiens	liver	not applicable	frontotemporal dementia	2	20170817_RiMod_K_6_2	proteomic profiling by mass spectrometry	Data-independent acquisition	NT=isotope labeling;AC=PRIDE:0000310	NT=tripletof 5600;AC=MS:1000932	NT=Carbamidomethyl;AC=UNIMOD:4;TA=C;MT=Fixed	NT=TMT6plex;AC=UNIMOD:737;TA=K;MT=Fixed	NT=Trypsin;AC=MS:1001251	not available	strong cation-exchange chromatography (scx)	iodoacetamide (iaa)	1	1	20170817_RiMod_K_6_2.wiff	ftp://ftp.pride.ebi.ac.uk/pride/data/archive/2023/03/PXD022872/20170817_RiMod_K_6_2.wiff	v1.1.0	NT=ms-proteomics;VV=v1.1.0	NT=dia-acquisition;VV=v1.1.0	manual curation	liver
20170817_RiMod_K_6_4	homo sapiens	liver	not applicable	frontotemporal dementia	4	20170817_RiMod_K_6_4	proteomic profiling by mass spectrometry	Data-independent acquisition	NT=isotope labeling;AC=PRIDE:0000310	NT=tripletof 5600;AC=MS:1000932	NT=Carbamidomethyl;AC=UNIMOD:4;TA=C;MT=Fixed	NT=TMT6plex;AC=UNIMOD:737;TA=K;MT=Fixed	NT=Trypsin;AC=MS:1001251	not available	strong cation-exchange chromatography (scx)	iodoacetamide (iaa)	1	1	20170817_RiMod_K_6_4.wiff	ftp://ftp.pride.ebi.ac.uk/pride/data/archive/2023/03/PXD022872/20170817_RiMod_K_6_4.wiff	v1.1.0	NT=ms-proteomics;VV=v1.1.0	NT=dia-acquisition;VV=v1.1.0	manual curation	liver
20160303_Rimod_E_5.4	homo sapiens	liver	not applicable	frontotemporal dementia	4	20160303_Rimod_E_5.4	proteomic profiling by mass spectrometry	Data-independent acquisition	NT=isotope labeling;AC=PRIDE:0000310	NT=tripletof 5600;AC=MS:1000932	NT=Carbamidomethyl;AC=UNIMOD:4;TA=C;MT=Fixed	NT=TMT6plex;AC=UNIMOD:737;TA=K;MT=Fixed	NT=Trypsin;AC=MS:1001251	not available	strong cation-exchange chromatography (scx)	iodoacetamide (iaa)	1	1	20160303_Rimod_E_5.4.wiff	ftp://ftp.pride.ebi.ac.uk/pride/data/archive/2023/03/PXD022872/20160303_Rimod_E_5.4.wiff	v1.1.0	NT=ms-proteomics;VV=v1.1.0	NT=dia-acquisition;VV=v1.1.0	manual curation	liver
20160625_Rimod_G_4.3	homo sapiens	liver	not applicable	frontotemporal dementia	3	20160625_Rimod_G_4.3	proteomic profiling by mass spectrometry	Data-independent acquisition	NT=isotope labeling;AC=PRIDE:0000310	NT=tripletof 5600;AC=MS:1000932	NT=Carbamidomethyl;AC=UNIMOD:4;TA=C;MT=Fixed	NT=TMT6plex;AC=UNIMOD:737;TA=K;MT=Fixed	NT=Trypsin;AC=MS:1001251	not available	strong cation-exchange chromatography (scx)	iodoacetamide (iaa)	1	1	20160625_Rimod_G_4.3.wiff	ftp://ftp.pride.ebi.ac.uk/pride/data/archive/2023/03/PXD022872/20160625_Rimod_G_4.3.wiff	v1.1.0	NT=ms-proteomics;VV=v1.1.0	NT=dia-acquisition;VV=v1.1.0	manual curation	liver
20170822_RiMod_L_7_1	homo sapiens	liver	not applicable	frontotemporal dementia	1	20170822_RiMod_L_7_1	proteomic profiling by mass spectrometry	Data-independent acquisition	NT=isotope labeling;AC=PRIDE:0000310	NT=tripletof 5600;AC=MS:1000932	NT=Carbamidomethyl;AC=UNIMOD:4;TA=C;MT=Fixed	NT=TMT6plex;AC=UNIMOD:737;TA=K;MT=Fixed	NT=Trypsin;AC=MS:1001251	not available	strong cation-exchange chromatography (scx)	iodoacetamide (iaa)	1	1	20170822_RiMod_L_7_1.wiff	ftp://ftp.pride.ebi.ac.uk/pride/data/archive/2023/03/PXD022872/20170822_RiMod_L_7_1.wiff	v1.1.0	NT=ms-proteomics;VV=v1.1.0	NT=dia-acquisition;VV=v1.1.0	manual curation	liver
20151119_FTD_D7_2	homo sapiens	liver	not applicable	frontotemporal dementia	2	20151119_FTD_D7_2	proteomic profiling by mass spectrometry	Data-independent acquisition	NT=isotope labeling;AC=PRIDE:0000310	NT=tripletof 5600;AC=MS:1000932	NT=Carbamidomethyl;AC=UNIMOD:4;TA=C;MT=Fixed	NT=TMT6plex;AC=UNIMOD:737;TA=K;MT=Fixed	NT=Trypsin;AC=MS:1001251	not available	strong cation-exchange chromatography (scx)	iodoacetamide (iaa)	1	1	20151119_FTD_D7_2.wiff	ftp://ftp.pride.ebi.ac.uk/pride/data/archive/2023/03/PXD022872/20151119_FTD_D7_2.wiff	v1.1.0	NT=ms-proteomics;VV=v1.1.0	NT=dia-acquisition;VV=v1.1.0	manual curation	liver
FTD_B1_4	homo sapiens	liver	not applicable	frontotemporal dementia	4	FTD_B1_4	proteomic profiling by mass spectrometry	Data-independent acquisition	NT=isotope labeling;AC=PRIDE:0000310	NT=tripletof 5600;AC=MS:1000932	NT=Carbamidomethyl;AC=UNIMOD:4;TA=C;MT=Fixed	NT=TMT6plex;AC=UNIMOD:737;TA=K;MT=Fixed	NT=Trypsin;AC=MS:1001251	not available	strong cation-exchange chromatography (scx)	iodoacetamide (iaa)	1	1	FTD_B1_4.wiff	ftp://ftp.pride.ebi.ac.uk/pride/data/archive/2023/03/PXD022872/FTD_B1_4.wiff	v1.1.0	NT=ms-proteomics;VV=v1.1.0	NT=dia-acquisition;VV=v1.1.0	manual curation	liver
FTD_A2_3	homo sapiens	liver	not applicable	frontotemporal dementia	3	FTD_A2_3	proteomic profiling by mass spectrometry	Data-independent acquisition	NT=isotope labeling;AC=PRIDE:0000310	NT=tripletof 5600;AC=MS:1000932	NT=Carbamidomethyl;AC=UNIMOD:4;TA=C;MT=Fixed	NT=TMT6plex;AC=UNIMOD:737;TA=K;MT=Fixed	NT=Trypsin;AC=MS:1001251	not available	strong cation-exchange chromatography (scx)	iodoacetamide (iaa)	1	1	FTD_A2_3.wiff	ftp://ftp.pride.ebi.ac.uk/pride/data/archive/2023/03/PXD022872/FTD_A2_3.wiff	v1.1.0	NT=ms-proteomics;VV=v1.1.0	NT=dia-acquisition;VV=v1.1.0	manual curation	liver
20161121_RiMod_I_5.3	homo sapiens	liver	not applicable	frontotemporal dementia	3	20161121_RiMod_I_5.3	proteomic profiling by mass spectrometry	Data-independent acquisition	NT=isotope labeling;AC=PRIDE:0000310	NT=tripletof 5600;AC=MS:1000932	NT=Carbamidomethyl;AC=UNIMOD:4;TA=C;MT=Fixed	NT=TMT6plex;AC=UNIMOD:737;TA=K;MT=Fixed	NT=Trypsin;AC=MS:1001251	not available	strong cation-exchange chromatography (scx)	iodoacetamide (iaa)	1	1	20161121_RiMod_I_5.3.wiff	ftp://ftp.pride.ebi.ac.uk/pride/data/archive/2023/03/PXD022872/20161121_RiMod_I_5.3.wiff	v1.1.0	NT=ms-proteomics;VV=v1.1.0	NT=dia-acquisition;VV=v1.1.0	manual curation	liver
20170817_RiMod_K_2_2	homo sapiens	liver	not applicable	frontotemporal dementia	2	20170817_RiMod_K_2_2	proteomic profiling by mass spectrometry	Data-independent acquisition	NT=isotope labeling;AC=PRIDE:0000310	NT=tripletof 5600;AC=MS:1000932	NT=Carbamidomethyl;AC=UNIMOD:4;TA=C;MT=Fixed	NT=TMT6plex;AC=UNIMOD:737;TA=K;MT=Fixed	NT=Trypsin;AC=MS:1001251	not available	strong cation-exchange chromatography (scx)	iodoacetamide (iaa)	1	1	20170817_RiMod_K_2_2.wiff	ftp://ftp.pride.ebi.ac.uk/pride/data/archive/2023/03/PXD022872/20170817_RiMod_K_2_2.wiff	v1.1.0	NT=ms-proteomics;VV=v1.1.0	NT=dia-acquisition;VV=v1.1.0	manual curation	liver
20170817_RiMod_K_8_1	homo sapiens	liver	not applicable	frontotemporal dementia	1	20170817_RiMod_K_8_1	proteomic profiling by mass spectrometry	Data-independent acquisition	NT=isotope labeling;AC=PRIDE:0000310	NT=tripletof 5600;AC=MS:1000932	NT=Carbamidomethyl;AC=UNIMOD:4;TA=C;MT=Fixed	NT=TMT6plex;AC=UNIMOD:737;TA=K;MT=Fixed	NT=Trypsin;AC=MS:1001251	not available	strong cation-exchange chromatography (scx)	iodoacetamide (iaa)	1	1	20170817_RiMod_K_8_1.wiff	ftp://ftp.pride.ebi.ac.uk/pride/data/archive/2023/03/PXD022872/20170817_RiMod_K_8_1.wiff	v1.1.0	NT=ms-proteomics;VV=v1.1.0	NT=dia-acquisition;VV=v1.1.0	manual curation	liver
20170817_RiMod_K_10_2	homo sapiens	liver	not applicable	frontotemporal dementia	2	20170817_RiMod_K_10_2	proteomic profiling by mass spectrometry	Data-independent acquisition	NT=isotope labeling;AC=PRIDE:0000310	NT=tripletof 5600;AC=MS:1000932	NT=Carbamidomethyl;AC=UNIMOD:4;TA=C;MT=Fixed	NT=TMT6plex;AC=UNIMOD:737;TA=K;MT=Fixed	NT=Trypsin;AC=MS:1001251	not available	strong cation-exchange chromatography (scx)	iodoacetamide (iaa)	1	1	20170817_RiMod_K_10_2.wiff	ftp://ftp.pride.ebi.ac.uk/pride/data/archive/2023/03/PXD022872/20170817_RiMod_K_10_2.wiff	v1.1.0	NT=ms-proteomics;VV=v1.1.0	NT=dia-acquisition;VV=v1.1.0	manual curation	liver
20161121_RiMod_I_9.3	homo sapiens	liver	not applicable	frontotemporal dementia	3	20161121_RiMod_I_9.3	proteomic profiling by mass spectrometry	Data-independent acquisition	NT=isotope labeling;AC=PRIDE:0000310	NT=tripletof 5600;AC=MS:1000932	NT=Carbamidomethyl;AC=UNIMOD:4;TA=C;MT=Fixed	NT=TMT6plex;AC=UNIMOD:737;TA=K;MT=Fixed	NT=Trypsin;AC=MS:1001251	not available	strong cation-exchange chromatography (scx)	iodoacetamide (iaa)	1	1	20161121_RiMod_I_9.3.wiff	ftp://ftp.pride.ebi.ac.uk/pride/data/archive/2023/03/PXD022872/20161121_RiMod_I_9.3.wiff	v1.1.0	NT=ms-proteomics;VV=v1.1.0	NT=dia-acquisition;VV=v1.1.0	manual curation	liver
FTD_A7_3	homo sapiens	liver	not applicable	frontotemporal dementia	3	FTD_A7_3	proteomic profiling by mass spectrometry	Data-independent acquisition	NT=isotope labeling;AC=PRIDE:0000310	NT=tripletof 5600;AC=MS:1000932	NT=Carbamidomethyl;AC=UNIMOD:4;TA=C;MT=Fixed	NT=TMT6plex;AC=UNIMOD:737;TA=K;MT=Fixed	NT=Trypsin;AC=MS:1001251	not available	strong cation-exchange chromatography (scx)	iodoacetamide (iaa)	1	1	FTD_A7_3.wiff	ftp://ftp.pride.ebi.ac.uk/pride/data/archive/2023/03/PXD022872/FTD_A7_3.wiff	v1.1.0	NT=ms-proteomics;VV=v1.1.0	NT=dia-acquisition;VV=v1.1.0	manual curation	liver
20161121_RiMod_I_10.4	homo sapiens	liver	not applicable	frontotemporal dementia	4	20161121_RiMod_I_10.4	proteomic profiling by mass spectrometry	Data-independent acquisition	NT=isotope labeling;AC=PRIDE:0000310	NT=tripletof 5600;AC=MS:1000932	NT=Carbamidomethyl;AC=UNIMOD:4;TA=C;MT=Fixed	NT=TMT6plex;AC=UNIMOD:737;TA=K;MT=Fixed	NT=Trypsin;AC=MS:1001251	not available	strong cation-exchange chromatography (scx)	iodoacetamide (iaa)	1	1	20161121_RiMod_I_10.4.wiff	ftp://ftp.pride.ebi.ac.uk/pride/data/archive/2023/03/PXD022872/20161121_RiMod_I_10.4.wiff	v1.1.0	NT=ms-proteomics;VV=v1.1.0	NT=dia-acquisition;VV=v1.1.0	manual curation	liver
FTD_B2_2	homo sapiens	liver	not applicable	frontotemporal dementia	2	FTD_B2_2	proteomic profiling by mass spectrometry	Data-independent acquisition	NT=isotope labeling;AC=PRIDE:0000310	NT=tripletof 5600;AC=MS:1000932	NT=Carbamidomethyl;AC=UNIMOD:4;TA=C;MT=Fixed	NT=TMT6plex;AC=UNIMOD:737;TA=K;MT=Fixed	NT=Trypsin;AC=MS:1001251	not available	strong cation-exchange chromatography (scx)	iodoacetamide (iaa)	1	1	FTD_B2_2.wiff	ftp://ftp.pride.ebi.ac.uk/pride/data/archive/2023/03/PXD022872/FTD_B2_2.wiff	v1.1.0	NT=ms-proteomics;VV=v1.1.0	NT=dia-acquisition;VV=v1.1.0	manual curation	liver
20161121_RiMod_I_3.3	homo sapiens	liver	not applicable	frontotemporal dementia	3	20161121_RiMod_I_3.3	proteomic profiling by mass spectrometry	Data-independent acquisition	NT=isotope labeling;AC=PRIDE:0000310	NT=tripletof 5600;AC=MS:1000932	NT=Carbamidomethyl;AC=UNIMOD:4;TA=C;MT=Fixed	NT=TMT6plex;AC=UNIMOD:737;TA=K;MT=Fixed	NT=Trypsin;AC=MS:1001251	not available	strong cation-exchange chromatography (scx)	iodoacetamide (iaa)	1	1	20161121_RiMod_I_3.3.wiff	ftp://ftp.pride.ebi.ac.uk/pride/data/archive/2023/03/PXD022872/20161121_RiMod_I_3.3.wiff	v1.1.0	NT=ms-proteomics;VV=v1.1.0	NT=dia-acquisition;VV=v1.1.0	manual curation	liver
20160627_Rimod_G_7.2	homo sapiens	liver	not applicable	frontotemporal dementia	2	20160627_Rimod_G_7.2	proteomic profiling by mass spectrometry	Data-independent acquisition	NT=isotope labeling;AC=PRIDE:0000310	NT=tripletof 5600;AC=MS:1000932	NT=Carbamidomethyl;AC=UNIMOD:4;TA=C;MT=Fixed	NT=TMT6plex;AC=UNIMOD:737;TA=K;MT=Fixed	NT=Trypsin;AC=MS:1001251	not available	strong cation-exchange chromatography (scx)	iodoacetamide (iaa)	1	1	20160627_Rimod_G_7.2.wiff	ftp://ftp.pride.ebi.ac.uk/pride/data/archive/2023/03/PXD022872/20160627_Rimod_G_7.2.wiff	v1.1.0	NT=ms-proteomics;VV=v1.1.0	NT=dia-acquisition;VV=v1.1.0	manual curation	liver
20160620_RimodF_2.4	homo sapiens	liver	not applicable	frontotemporal dementia	4	20160620_RimodF_2.4	proteomic profiling by mass spectrometry	Data-independent acquisition	NT=isotope labeling;AC=PRIDE:0000310	NT=tripletof 5600;AC=MS:1000932	NT=Carbamidomethyl;AC=UNIMOD:4;TA=C;MT=Fixed	NT=TMT6plex;AC=UNIMOD:737;TA=K;MT=Fixed	NT=Trypsin;AC=MS:1001251	not available	strong cation-exchange chromatography (scx)	iodoacetamide (iaa)	1	1	20160620_RimodF_2.4.wiff	ftp://ftp.pride.ebi.ac.uk/pride/data/archive/2023/03/PXD022872/20160620_RimodF_2.4.wiff	v1.1.0	NT=ms-proteomics;VV=v1.1.0	NT=dia-acquisition;VV=v1.1.0	manual curation	liver
FTD_B8_2	homo sapiens	liver	not applicable	frontotemporal dementia	2	FTD_B8_2	proteomic profiling by mass spectrometry	Data-independent acquisition	NT=isotope labeling;AC=PRIDE:0000310	NT=tripletof 5600;AC=MS:1000932	NT=Carbamidomethyl;AC=UNIMOD:4;TA=C;MT=Fixed	NT=TMT6plex;AC=UNIMOD:737;TA=K;MT=Fixed	NT=Trypsin;AC=MS:1001251	not available	strong cation-exchange chromatography (scx)	iodoacetamide (iaa)	1	1	FTD_B8_2.wiff	ftp://ftp.pride.ebi.ac.uk/pride/data/archive/2023/03/PXD022872/FTD_B8_2.wiff	v1.1.0	NT=ms-proteomics;VV=v1.1.0	NT=dia-acquisition;VV=v1.1.0	manual curation	liver
20170817_RiMod_K_5_1	homo sapiens	liver	not applicable	frontotemporal dementia	1	20170817_RiMod_K_5_1	proteomic profiling by mass spectrometry	Data-independent acquisition	NT=isotope labeling;AC=PRIDE:0000310	NT=tripletof 5600;AC=MS:1000932	NT=Carbamidomethyl;AC=UNIMOD:4;TA=C;MT=Fixed	NT=TMT6plex;AC=UNIMOD:737;TA=K;MT=Fixed	NT=Trypsin;AC=MS:1001251	not available	strong cation-exchange chromatography (scx)	iodoacetamide (iaa)	1	1	20170817_RiMod_K_5_1.wiff	ftp://ftp.pride.ebi.ac.uk/pride/data/archive/2023/03/PXD022872/20170817_RiMod_K_5_1.wiff	v1.1.0	NT=ms-proteomics;VV=v1.1.0	NT=dia-acquisition;VV=v1.1.0	manual curation	liver
20161121_RiMod_I_8.4	homo sapiens	liver	not applicable	frontotemporal dementia	4	20161121_RiMod_I_8.4	proteomic profiling by mass spectrometry	Data-independent acquisition	NT=isotope labeling;AC=PRIDE:0000310	NT=tripletof 5600;AC=MS:1000932	NT=Carbamidomethyl;AC=UNIMOD:4;TA=C;MT=Fixed	NT=TMT6plex;AC=UNIMOD:737;TA=K;MT=Fixed	NT=Trypsin;AC=MS:1001251	not available	strong cation-exchange chromatography (scx)	iodoacetamide (iaa)	1	1	20161121_RiMod_I_8.4.wiff	ftp://ftp.pride.ebi.ac.uk/pride/data/archive/2023/03/PXD022872/20161121_RiMod_I_8.4.wiff	v1.1.0	NT=ms-proteomics;VV=v1.1.0	NT=dia-acquisition;VV=v1.1.0	manual curation	liver
FTD_B3_2	homo sapiens	liver	not applicable	frontotemporal dementia	2	FTD_B3_2	proteomic profiling by mass spectrometry	Data-independent acquisition	NT=isotope labeling;AC=PRIDE:0000310	NT=tripletof 5600;AC=MS:1000932	NT=Carbamidomethyl;AC=UNIMOD:4;TA=C;MT=Fixed	NT=TMT6plex;AC=UNIMOD:737;TA=K;MT=Fixed	NT=Trypsin;AC=MS:1001251	not available	strong cation-exchange chromatography (scx)	iodoacetamide (iaa)	1	1	FTD_B3_2.wiff	ftp://ftp.pride.ebi.ac.uk/pride/data/archive/2023/03/PXD022872/FTD_B3_2.wiff	v1.1.0	NT=ms-proteomics;VV=v1.1.0	NT=dia-acquisition;VV=v1.1.0	manual curation	liver
20160622_RimodF_9.2	homo sapiens	liver	not applicable	frontotemporal dementia	2	20160622_RimodF_9.2	proteomic profiling by mass spectrometry	Data-independent acquisition	NT=isotope labeling;AC=PRIDE:0000310	NT=tripletof 5600;AC=MS:1000932	NT=Carbamidomethyl;AC=UNIMOD:4;TA=C;MT=Fixed	NT=TMT6plex;AC=UNIMOD:737;TA=K;MT=Fixed	NT=Trypsin;AC=MS:1001251	not available	strong cation-exchange chromatography (scx)	iodoacetamide (iaa)	1	1	20160622_RimodF_9.2.wiff	ftp://ftp.pride.ebi.ac.uk/pride/data/archive/2023/03/PXD022872/20160622_RimodF_9.2.wiff	v1.1.0	NT=ms-proteomics;VV=v1.1.0	NT=dia-acquisition;VV=v1.1.0	manual curation	liver
20160620_RimodF_1.1	homo sapiens	liver	not applicable	frontotemporal dementia	1	20160620_RimodF_1.1	proteomic profiling by mass spectrometry	Data-independent acquisition	NT=isotope labeling;AC=PRIDE:0000310	NT=tripletof 5600;AC=MS:1000932	NT=Carbamidomethyl;AC=UNIMOD:4;TA=C;MT=Fixed	NT=TMT6plex;AC=UNIMOD:737;TA=K;MT=Fixed	NT=Trypsin;AC=MS:1001251	not available	strong cation-exchange chromatography (scx)	iodoacetamide (iaa)	1	1	20160620_RimodF_1.1.wiff	ftp://ftp.pride.ebi.ac.uk/pride/data/archive/2023/03/PXD022872/20160620_RimodF_1.1.wiff	v1.1.0	NT=ms-proteomics;VV=v1.1.0	NT=dia-acquisition;VV=v1.1.0	manual curation	liver
20160625_Rimod_G_1.3	homo sapiens	liver	not applicable	frontotemporal dementia	3	20160625_Rimod_G_1.3	proteomic profiling by mass spectrometry	Data-independent acquisition	NT=isotope labeling;AC=PRIDE:0000310	NT=tripletof 5600;AC=MS:1000932	NT=Carbamidomethyl;AC=UNIMOD:4;TA=C;MT=Fixed	NT=TMT6plex;AC=UNIMOD:737;TA=K;MT=Fixed	NT=Trypsin;AC=MS:1001251	not available	strong cation-exchange chromatography (scx)	iodoacetamide (iaa)	1	1	20160625_Rimod_G_1.3.wiff	ftp://ftp.pride.ebi.ac.uk/pride/data/archive/2023/03/PXD022872/20160625_Rimod_G_1.3.wiff	v1.1.0	NT=ms-proteomics;VV=v1.1.0	NT=dia-acquisition;VV=v1.1.0	manual curation	liver
20160303_Rimod_E_2.4	homo sapiens	liver	not applicable	frontotemporal dementia	4	20160303_Rimod_E_2.4	proteomic profiling by mass spectrometry	Data-independent acquisition	NT=isotope labeling;AC=PRIDE:0000310	NT=tripletof 5600;AC=MS:1000932	NT=Carbamidomethyl;AC=UNIMOD:4;TA=C;MT=Fixed	NT=TMT6plex;AC=UNIMOD:737;TA=K;MT=Fixed	NT=Trypsin;AC=MS:1001251	not available	strong cation-exchange chromatography (scx)	iodoacetamide (iaa)	1	1	20160303_Rimod_E_2.4.wiff	ftp://ftp.pride.ebi.ac.uk/pride/data/archive/2023/03/PXD022872/20160303_Rimod_E_2.4.wiff	v1.1.0	NT=ms-proteomics;VV=v1.1.0	NT=dia-acquisition;VV=v1.1.0	manual curation	liver
20160620_RimodF_4.2	homo sapiens	liver	not applicable	frontotemporal dementia	2	20160620_RimodF_4.2	proteomic profiling by mass spectrometry	Data-independent acquisition	NT=isotope labeling;AC=PRIDE:0000310	NT=tripletof 5600;AC=MS:1000932	NT=Carbamidomethyl;AC=UNIMOD:4;TA=C;MT=Fixed	NT=TMT6plex;AC=UNIMOD:737;TA=K;MT=Fixed	NT=Trypsin;AC=MS:1001251	not available	strong cation-exchange chromatography (scx)	iodoacetamide (iaa)	1	1	20160620_RimodF_4.2.wiff	ftp://ftp.pride.ebi.ac.uk/pride/data/archive/2023/03/PXD022872/20160620_RimodF_4.2.wiff	v1.1.0	NT=ms-proteomics;VV=v1.1.0	NT=dia-acquisition;VV=v1.1.0	manual curation	liver
20170822_RiMod_L_8_1	homo sapiens	liver	not applicable	frontotemporal dementia	1	20170822_RiMod_L_8_1	proteomic profiling by mass spectrometry	Data-independent acquisition	NT=isotope labeling;AC=PRIDE:0000310	NT=tripletof 5600;AC=MS:1000932	NT=Carbamidomethyl;AC=UNIMOD:4;TA=C;MT=Fixed	NT=TMT6plex;AC=UNIMOD:737;TA=K;MT=Fixed	NT=Trypsin;AC=MS:1001251	not available	strong cation-exchange chromatography (scx)	iodoacetamide (iaa)	1	1	20170822_RiMod_L_8_1.wiff	ftp://ftp.pride.ebi.ac.uk/pride/data/archive/2023/03/PXD022872/20170822_RiMod_L_8_1.wiff	v1.1.0	NT=ms-proteomics;VV=v1.1.0	NT=dia-acquisition;VV=v1.1.0	manual curation	liver
20170817_RiMod_K_4_3	homo sapiens	liver	not applicable	frontotemporal dementia	3	20170817_RiMod_K_4_3	proteomic profiling by mass spectrometry	Data-independent acquisition	NT=isotope labeling;AC=PRIDE:0000310	NT=tripletof 5600;AC=MS:1000932	NT=Carbamidomethyl;AC=UNIMOD:4;TA=C;MT=Fixed	NT=TMT6plex;AC=UNIMOD:737;TA=K;MT=Fixed	NT=Trypsin;AC=MS:1001251	not available	strong cation-exchange chromatography (scx)	iodoacetamide (iaa)	1	1	20170817_RiMod_K_4_3.wiff	ftp://ftp.pride.ebi.ac.uk/pride/data/archive/2023/03/PXD022872/20170817_RiMod_K_4_3.wiff	v1.1.0	NT=ms-proteomics;VV=v1.1.0	NT=dia-acquisition;VV=v1.1.0	manual curation	liver
20161121_RiMod_I_4.2	homo sapiens	liver	not applicable	frontotemporal dementia	2	20161121_RiMod_I_4.2	proteomic profiling by mass spectrometry	Data-independent acquisition	NT=isotope labeling;AC=PRIDE:0000310	NT=tripletof 5600;AC=MS:1000932	NT=Carbamidomethyl;AC=UNIMOD:4;TA=C;MT=Fixed	NT=TMT6plex;AC=UNIMOD:737;TA=K;MT=Fixed	NT=Trypsin;AC=MS:1001251	not available	strong cation-exchange chromatography (scx)	iodoacetamide (iaa)	1	1	20161121_RiMod_I_4.2.wiff	ftp://ftp.pride.ebi.ac.uk/pride/data/archive/2023/03/PXD022872/20161121_RiMod_I_4.2.wiff	v1.1.0	NT=ms-proteomics;VV=v1.1.0	NT=dia-acquisition;VV=v1.1.0	manual curation	liver
20161118_RiMod_H_7.2	homo sapiens	liver	not applicable	frontotemporal dementia	2	20161118_RiMod_H_7.2	proteomic profiling by mass spectrometry	Data-independent acquisition	NT=isotope labeling;AC=PRIDE:0000310	NT=tripletof 5600;AC=MS:1000932	NT=Carbamidomethyl;AC=UNIMOD:4;TA=C;MT=Fixed	NT=TMT6plex;AC=UNIMOD:737;TA=K;MT=Fixed	NT=Trypsin;AC=MS:1001251	not available	strong cation-exchange chromatography (scx)	iodoacetamide (iaa)	1	1	20161118_RiMod_H_7.2.wiff	ftp://ftp.pride.ebi.ac.uk/pride/data/archive/2023/03/PXD022872/20161118_RiMod_H_7.2.wiff	v1.1.0	NT=ms-proteomics;VV=v1.1.0	NT=dia-acquisition;VV=v1.1.0	manual curation	liver
20160629_Rimod_G_10.2	homo sapiens	liver	not applicable	frontotemporal dementia	2	20160629_Rimod_G_10.2	proteomic profiling by mass spectrometry	Data-independent acquisition	NT=isotope labeling;AC=PRIDE:0000310	NT=tripletof 5600;AC=MS:1000932	NT=Carbamidomethyl;AC=UNIMOD:4;TA=C;MT=Fixed	NT=TMT6plex;AC=UNIMOD:737;TA=K;MT=Fixed	NT=Trypsin;AC=MS:1001251	not available	strong cation-exchange chromatography (scx)	iodoacetamide (iaa)	1	1	20160629_Rimod_G_10.2.wiff	ftp://ftp.pride.ebi.ac.uk/pride/data/archive/2023/03/PXD022872/20160629_Rimod_G_10.2.wiff	v1.1.0	NT=ms-proteomics;VV=v1.1.0	NT=dia-acquisition;VV=v1.1.0	manual curation	liver
20160625_Rimod_G_4.4	homo sapiens	liver	not applicable	frontotemporal dementia	4	20160625_Rimod_G_4.4	proteomic profiling by mass spectrometry	Data-independent acquisition	NT=isotope labeling;AC=PRIDE:0000310	NT=tripletof 5600;AC=MS:1000932	NT=Carbamidomethyl;AC=UNIMOD:4;TA=C;MT=Fixed	NT=TMT6plex;AC=UNIMOD:737;TA=K;MT=Fixed	NT=Trypsin;AC=MS:1001251	not available	strong cation-exchange chromatography (scx)	iodoacetamide (iaa)	1	1	20160625_Rimod_G_4.4.wiff	ftp://ftp.pride.ebi.ac.uk/pride/data/archive/2023/03/PXD022872/20160625_Rimod_G_4.4.wiff	v1.1.0	NT=ms-proteomics;VV=v1.1.0	NT=dia-acquisition;VV=v1.1.0	manual curation	liver
20161121_RiMod_I_2.3	homo sapiens	liver	not applicable	frontotemporal dementia	3	20161121_RiMod_I_2.3	proteomic profiling by mass spectrometry	Data-independent acquisition	NT=isotope labeling;AC=PRIDE:0000310	NT=tripletof 5600;AC=MS:1000932	NT=Carbamidomethyl;AC=UNIMOD:4;TA=C;MT=Fixed	NT=TMT6plex;AC=UNIMOD:737;TA=K;MT=Fixed	NT=Trypsin;AC=MS:1001251	not available	strong cation-exchange chromatography (scx)	iodoacetamide (iaa)	1	1	20161121_RiMod_I_2.3.wiff	ftp://ftp.pride.ebi.ac.uk/pride/data/archive/2023/03/PXD022872/20161121_RiMod_I_2.3.wiff	v1.1.0	NT=ms-proteomics;VV=v1.1.0	NT=dia-acquisition;VV=v1.1.0	manual curation	liver
FTD_A3_2	homo sapiens	liver	not applicable	frontotemporal dementia	2	FTD_A3_2	proteomic profiling by mass spectrometry	Data-independent acquisition	NT=isotope labeling;AC=PRIDE:0000310	NT=tripletof 5600;AC=MS:1000932	NT=Carbamidomethyl;AC=UNIMOD:4;TA=C;MT=Fixed	NT=TMT6plex;AC=UNIMOD:737;TA=K;MT=Fixed	NT=Trypsin;AC=MS:1001251	not available	strong cation-exchange chromatography (scx)	iodoacetamide (iaa)	1	1	FTD_A3_2.wiff	ftp://ftp.pride.ebi.ac.uk/pride/data/archive/2023/03/PXD022872/FTD_A3_2.wiff	v1.1.0	NT=ms-proteomics;VV=v1.1.0	NT=dia-acquisition;VV=v1.1.0	manual curation	liver
20160622_RimodF_10.1	homo sapiens	liver	not applicable	frontotemporal dementia	1	20160622_RimodF_10.1	proteomic profiling by mass spectrometry	Data-independent acquisition	NT=isotope labeling;AC=PRIDE:0000310	NT=tripletof 5600;AC=MS:1000932	NT=Carbamidomethyl;AC=UNIMOD:4;TA=C;MT=Fixed	NT=TMT6plex;AC=UNIMOD:737;TA=K;MT=Fixed	NT=Trypsin;AC=MS:1001251	not available	strong cation-exchange chromatography (scx)	iodoacetamide (iaa)	1	1	20160622_RimodF_10.1.wiff	ftp://ftp.pride.ebi.ac.uk/pride/data/archive/2023/03/PXD022872/20160622_RimodF_10.1.wiff	v1.1.0	NT=ms-proteomics;VV=v1.1.0	NT=dia-acquisition;VV=v1.1.0	manual curation	liver
20160622_RimodF_7.3	homo sapiens	liver	not applicable	frontotemporal dementia	3	20160622_RimodF_7.3	proteomic profiling by mass spectrometry	Data-independent acquisition	NT=isotope labeling;AC=PRIDE:0000310	NT=tripletof 5600;AC=MS:1000932	NT=Carbamidomethyl;AC=UNIMOD:4;TA=C;MT=Fixed	NT=TMT6plex;AC=UNIMOD:737;TA=K;MT=Fixed	NT=Trypsin;AC=MS:1001251	not available	strong cation-exchange chromatography (scx)	iodoacetamide (iaa)	1	1	20160622_RimodF_7.3.wiff	ftp://ftp.pride.ebi.ac.uk/pride/data/archive/2023/03/PXD022872/20160622_RimodF_7.3.wiff	v1.1.0	NT=ms-proteomics;VV=v1.1.0	NT=dia-acquisition;VV=v1.1.0	manual curation	liver
20160620_RimodF_1.4	homo sapiens	liver	not applicable	frontotemporal dementia	4	20160620_RimodF_1.4	proteomic profiling by mass spectrometry	Data-independent acquisition	NT=isotope labeling;AC=PRIDE:0000310	NT=tripletof 5600;AC=MS:1000932	NT=Carbamidomethyl;AC=UNIMOD:4;TA=C;MT=Fixed	NT=TMT6plex;AC=UNIMOD:737;TA=K;MT=Fixed	NT=Trypsin;AC=MS:1001251	not available	strong cation-exchange chromatography (scx)	iodoacetamide (iaa)	1	1	20160620_RimodF_1.4.wiff	ftp://ftp.pride.ebi.ac.uk/pride/data/archive/2023/03/PXD022872/20160620_RimodF_1.4.wiff	v1.1.0	NT=ms-proteomics;VV=v1.1.0	NT=dia-acquisition;VV=v1.1.0	manual curation	liver
FTD_B8_1	homo sapiens	liver	not applicable	frontotemporal dementia	1	FTD_B8_1	proteomic profiling by mass spectrometry	Data-independent acquisition	NT=isotope labeling;AC=PRIDE:0000310	NT=tripletof 5600;AC=MS:1000932	NT=Carbamidomethyl;AC=UNIMOD:4;TA=C;MT=Fixed	NT=TMT6plex;AC=UNIMOD:737;TA=K;MT=Fixed	NT=Trypsin;AC=MS:1001251	not available	strong cation-exchange chromatography (scx)	iodoacetamide (iaa)	1	1	FTD_B8_1.wiff	ftp://ftp.pride.ebi.ac.uk/pride/data/archive/2023/03/PXD022872/FTD_B8_1.wiff	v1.1.0	NT=ms-proteomics;VV=v1.1.0	NT=dia-acquisition;VV=v1.1.0	manual curation	liver
20170817_RiMod_K_5_3	homo sapiens	liver	not applicable	frontotemporal dementia	3	20170817_RiMod_K_5_3	proteomic profiling by mass spectrometry	Data-independent acquisition	NT=isotope labeling;AC=PRIDE:0000310	NT=tripletof 5600;AC=MS:1000932	NT=Carbamidomethyl;AC=UNIMOD:4;TA=C;MT=Fixed	NT=TMT6plex;AC=UNIMOD:737;TA=K;MT=Fixed	NT=Trypsin;AC=MS:1001251	not available	strong cation-exchange chromatography (scx)	iodoacetamide (iaa)	1	1	20170817_RiMod_K_5_3.wiff	ftp://ftp.pride.ebi.ac.uk/pride/data/archive/2023/03/PXD022872/20170817_RiMod_K_5_3.wiff	v1.1.0	NT=ms-proteomics;VV=v1.1.0	NT=dia-acquisition;VV=v1.1.0	manual curation	liver
20160627_Rimod_G_5.3	homo sapiens	liver	not applicable	frontotemporal dementia	3	20160627_Rimod_G_5.3	proteomic profiling by mass spectrometry	Data-independent acquisition	NT=isotope labeling;AC=PRIDE:0000310	NT=tripletof 5600;AC=MS:1000932	NT=Carbamidomethyl;AC=UNIMOD:4;TA=C;MT=Fixed	NT=TMT6plex;AC=UNIMOD:737;TA=K;MT=Fixed	NT=Trypsin;AC=MS:1001251	not available	strong cation-exchange chromatography (scx)	iodoacetamide (iaa)	1	1	20160627_Rimod_G_5.3.wiff	ftp://ftp.pride.ebi.ac.uk/pride/data/archive/2023/03/PXD022872/20160627_Rimod_G_5.3.wiff	v1.1.0	NT=ms-proteomics;VV=v1.1.0	NT=dia-acquisition;VV=v1.1.0	manual curation	liver
20161121_RiMod_I_3.2	homo sapiens	liver	not applicable	frontotemporal dementia	2	20161121_RiMod_I_3.2	proteomic profiling by mass spectrometry	Data-independent acquisition	NT=isotope labeling;AC=PRIDE:0000310	NT=tripletof 5600;AC=MS:1000932	NT=Carbamidomethyl;AC=UNIMOD:4;TA=C;MT=Fixed	NT=TMT6plex;AC=UNIMOD:737;TA=K;MT=Fixed	NT=Trypsin;AC=MS:1001251	not available	strong cation-exchange chromatography (scx)	iodoacetamide (iaa)	1	1	20161121_RiMod_I_3.2.wiff	ftp://ftp.pride.ebi.ac.uk/pride/data/archive/2023/03/PXD022872/20161121_RiMod_I_3.2.wiff	v1.1.0	NT=ms-proteomics;VV=v1.1.0	NT=dia-acquisition;VV=v1.1.0	manual curation	liver
20160620_RimodF_2.1_rerun	homo sapiens	liver	not applicable	frontotemporal dementia	1	20160620_RimodF_2.1_rerun	proteomic profiling by mass spectrometry	Data-independent acquisition	NT=isotope labeling;AC=PRIDE:0000310	NT=tripletof 5600;AC=MS:1000932	NT=Carbamidomethyl;AC=UNIMOD:4;TA=C;MT=Fixed	NT=TMT6plex;AC=UNIMOD:737;TA=K;MT=Fixed	NT=Trypsin;AC=MS:1001251	not available	strong cation-exchange chromatography (scx)	iodoacetamide (iaa)	1	1	20160620_RimodF_2.1_rerun.wiff	ftp://ftp.pride.ebi.ac.uk/pride/data/archive/2023/03/PXD022872/20160620_RimodF_2.1_rerun.wiff	v1.1.0	NT=ms-proteomics;VV=v1.1.0	NT=dia-acquisition;VV=v1.1.0	manual curation	liver
20161118_RiMod_H_7.3	homo sapiens	liver	not applicable	frontotemporal dementia	3	20161118_RiMod_H_7.3	proteomic profiling by mass spectrometry	Data-independent acquisition	NT=isotope labeling;AC=PRIDE:0000310	NT=tripletof 5600;AC=MS:1000932	NT=Carbamidomethyl;AC=UNIMOD:4;TA=C;MT=Fixed	NT=TMT6plex;AC=UNIMOD:737;TA=K;MT=Fixed	NT=Trypsin;AC=MS:1001251	not available	strong cation-exchange chromatography (scx)	iodoacetamide (iaa)	1	1	20161118_RiMod_H_7.3.wiff	ftp://ftp.pride.ebi.ac.uk/pride/data/archive/2023/03/PXD022872/20161118_RiMod_H_7.3.wiff	v1.1.0	NT=ms-proteomics;VV=v1.1.0	NT=dia-acquisition;VV=v1.1.0	manual curation	liver
FTD_C10_2	homo sapiens	liver	not applicable	frontotemporal dementia	2	FTD_C10_2	proteomic profiling by mass spectrometry	Data-independent acquisition	NT=isotope labeling;AC=PRIDE:0000310	NT=tripletof 5600;AC=MS:1000932	NT=Carbamidomethyl;AC=UNIMOD:4;TA=C;MT=Fixed	NT=TMT6plex;AC=UNIMOD:737;TA=K;MT=Fixed	NT=Trypsin;AC=MS:1001251	not available	strong cation-exchange chromatography (scx)	iodoacetamide (iaa)	1	1	FTD_C10_2.wiff	ftp://ftp.pride.ebi.ac.uk/pride/data/archive/2023/03/PXD022872/FTD_C10_2.wiff	v1.1.0	NT=ms-proteomics;VV=v1.1.0	NT=dia-acquisition;VV=v1.1.0	manual curation	liver
20151119_FTD_D7_3	homo sapiens	liver	not applicable	frontotemporal dementia	3	20151119_FTD_D7_3	proteomic profiling by mass spectrometry	Data-independent acquisition	NT=isotope labeling;AC=PRIDE:0000310	NT=tripletof 5600;AC=MS:1000932	NT=Carbamidomethyl;AC=UNIMOD:4;TA=C;MT=Fixed	NT=TMT6plex;AC=UNIMOD:737;TA=K;MT=Fixed	NT=Trypsin;AC=MS:1001251	not available	strong cation-exchange chromatography (scx)	iodoacetamide (iaa)	1	1	20151119_FTD_D7_3.wiff	ftp://ftp.pride.ebi.ac.uk/pride/data/archive/2023/03/PXD022872/20151119_FTD_D7_3.wiff	v1.1.0	NT=ms-proteomics;VV=v1.1.0	NT=dia-acquisition;VV=v1.1.0	manual curation	liver
20170817_RiMod_K_7_4	homo sapiens	liver	not applicable	frontotemporal dementia	4	20170817_RiMod_K_7_4	proteomic profiling by mass spectrometry	Data-independent acquisition	NT=isotope labeling;AC=PRIDE:0000310	NT=tripletof 5600;AC=MS:1000932	NT=Carbamidomethyl;AC=UNIMOD:4;TA=C;MT=Fixed	NT=TMT6plex;AC=UNIMOD:737;TA=K;MT=Fixed	NT=Trypsin;AC=MS:1001251	not available	strong cation-exchange chromatography (scx)	iodoacetamide (iaa)	1	1	20170817_RiMod_K_7_4.wiff	ftp://ftp.pride.ebi.ac.uk/pride/data/archive/2023/03/PXD022872/20170817_RiMod_K_7_4.wiff	v1.1.0	NT=ms-proteomics;VV=v1.1.0	NT=dia-acquisition;VV=v1.1.0	manual curation	liver
20161118_RiMod_H_8.2	homo sapiens	liver	not applicable	frontotemporal dementia	2	20161118_RiMod_H_8.2	proteomic profiling by mass spectrometry	Data-independent acquisition	NT=isotope labeling;AC=PRIDE:0000310	NT=tripletof 5600;AC=MS:1000932	NT=Carbamidomethyl;AC=UNIMOD:4;TA=C;MT=Fixed	NT=TMT6plex;AC=UNIMOD:737;TA=K;MT=Fixed	NT=Trypsin;AC=MS:1001251	not available	strong cation-exchange chromatography (scx)	iodoacetamide (iaa)	1	1	20161118_RiMod_H_8.2.wiff	ftp://ftp.pride.ebi.ac.uk/pride/data/archive/2023/03/PXD022872/20161118_RiMod_H_8.2.wiff	v1.1.0	NT=ms-proteomics;VV=v1.1.0	NT=dia-acquisition;VV=v1.1.0	manual curation	liver
20161118_RiMod_H_10.2	homo sapiens	liver	not applicable	frontotemporal dementia	2	20161118_RiMod_H_10.2	proteomic profiling by mass spectrometry	Data-independent acquisition	NT=isotope labeling;AC=PRIDE:0000310	NT=tripletof 5600;AC=MS:1000932	NT=Carbamidomethyl;AC=UNIMOD:4;TA=C;MT=Fixed	NT=TMT6plex;AC=UNIMOD:737;TA=K;MT=Fixed	NT=Trypsin;AC=MS:1001251	not available	strong cation-exchange chromatography (scx)	iodoacetamide (iaa)	1	1	20161118_RiMod_H_10.2.wiff	ftp://ftp.pride.ebi.ac.uk/pride/data/archive/2023/03/PXD022872/20161118_RiMod_H_10.2.wiff	v1.1.0	NT=ms-proteomics;VV=v1.1.0	NT=dia-acquisition;VV=v1.1.0	manual curation	liver
20161116_RiMod_Library_03	homo sapiens	liver	not applicable	frontotemporal dementia	3	20161116_RiMod_Library_03	proteomic profiling by mass spectrometry	Data-independent acquisition	NT=isotope labeling;AC=PRIDE:0000310	NT=tripletof 5600;AC=MS:1000932	NT=Carbamidomethyl;AC=UNIMOD:4;TA=C;MT=Fixed	NT=TMT6plex;AC=UNIMOD:737;TA=K;MT=Fixed	NT=Trypsin;AC=MS:1001251	not available	strong cation-exchange chromatography (scx)	iodoacetamide (iaa)	1	1	20161116_RiMod_Library_03.wiff	ftp://ftp.pride.ebi.ac.uk/pride/data/archive/2023/03/PXD022872/20161116_RiMod_Library_03.wiff	v1.1.0	NT=ms-proteomics;VV=v1.1.0	NT=dia-acquisition;VV=v1.1.0	manual curation	liver
20161121_RiMod_I_6.1	homo sapiens	liver	not applicable	frontotemporal dementia	1	20161121_RiMod_I_6.1	proteomic profiling by mass spectrometry	Data-independent acquisition	NT=isotope labeling;AC=PRIDE:0000310	NT=tripletof 5600;AC=MS:1000932	NT=Carbamidomethyl;AC=UNIMOD:4;TA=C;MT=Fixed	NT=TMT6plex;AC=UNIMOD:737;TA=K;MT=Fixed	NT=Trypsin;AC=MS:1001251	not available	strong cation-exchange chromatography (scx)	iodoacetamide (iaa)	1	1	20161121_RiMod_I_6.1.wiff	ftp://ftp.pride.ebi.ac.uk/pride/data/archive/2023/03/PXD022872/20161121_RiMod_I_6.1.wiff	v1.1.0	NT=ms-proteomics;VV=v1.1.0	NT=dia-acquisition;VV=v1.1.0	manual curation	liver
FTD_A6_4	homo sapiens	liver	not applicable	frontotemporal dementia	4	FTD_A6_4	proteomic profiling by mass spectrometry	Data-independent acquisition	NT=isotope labeling;AC=PRIDE:0000310	NT=tripletof 5600;AC=MS:1000932	NT=Carbamidomethyl;AC=UNIMOD:4;TA=C;MT=Fixed	NT=TMT6plex;AC=UNIMOD:737;TA=K;MT=Fixed	NT=Trypsin;AC=MS:1001251	not available	strong cation-exchange chromatography (scx)	iodoacetamide (iaa)	1	1	FTD_A6_4.wiff	ftp://ftp.pride.ebi.ac.uk/pride/data/archive/2023/03/PXD022872/FTD_A6_4.wiff	v1.1.0	NT=ms-proteomics;VV=v1.1.0	NT=dia-acquisition;VV=v1.1.0	manual curation	liver
20170817_RiMod_K_9_3	homo sapiens	liver	not applicable	frontotemporal dementia	3	20170817_RiMod_K_9_3	proteomic profiling by mass spectrometry	Data-independent acquisition	NT=isotope labeling;AC=PRIDE:0000310	NT=tripletof 5600;AC=MS:1000932	NT=Carbamidomethyl;AC=UNIMOD:4;TA=C;MT=Fixed	NT=TMT6plex;AC=UNIMOD:737;TA=K;MT=Fixed	NT=Trypsin;AC=MS:1001251	not available	strong cation-exchange chromatography (scx)	iodoacetamide (iaa)	1	1	20170817_RiMod_K_9_3.wiff	ftp://ftp.pride.ebi.ac.uk/pride/data/archive/2023/03/PXD022872/20170817_RiMod_K_9_3.wiff	v1.1.0	NT=ms-proteomics;VV=v1.1.0	NT=dia-acquisition;VV=v1.1.0	manual curation	liver
20170822_RiMod_L_8_3	homo sapiens	liver	not applicable	frontotemporal dementia	3	20170822_RiMod_L_8_3	proteomic profiling by mass spectrometry	Data-independent acquisition	NT=isotope labeling;AC=PRIDE:0000310	NT=tripletof 5600;AC=MS:1000932	NT=Carbamidomethyl;AC=UNIMOD:4;TA=C;MT=Fixed	NT=TMT6plex;AC=UNIMOD:737;TA=K;MT=Fixed	NT=Trypsin;AC=MS:1001251	not available	strong cation-exchange chromatography (scx)	iodoacetamide (iaa)	1	1	20170822_RiMod_L_8_3.wiff	ftp://ftp.pride.ebi.ac.uk/pride/data/archive/2023/03/PXD022872/20170822_RiMod_L_8_3.wiff	v1.1.0	NT=ms-proteomics;VV=v1.1.0	NT=dia-acquisition;VV=v1.1.0	manual curation	liver
20151118_FTD_D2_3	homo sapiens	liver	not applicable	frontotemporal dementia	3	20151118_FTD_D2_3	proteomic profiling by mass spectrometry	Data-independent acquisition	NT=isotope labeling;AC=PRIDE:0000310	NT=tripletof 5600;AC=MS:1000932	NT=Carbamidomethyl;AC=UNIMOD:4;TA=C;MT=Fixed	NT=TMT6plex;AC=UNIMOD:737;TA=K;MT=Fixed	NT=Trypsin;AC=MS:1001251	not available	strong cation-exchange chromatography (scx)	iodoacetamide (iaa)	1	1	20151118_FTD_D2_3.wiff	ftp://ftp.pride.ebi.ac.uk/pride/data/archive/2023/03/PXD022872/20151118_FTD_D2_3.wiff	v1.1.0	NT=ms-proteomics;VV=v1.1.0	NT=dia-acquisition;VV=v1.1.0	manual curation	liver
20161121_RiMod_I_6.4	homo sapiens	liver	not applicable	frontotemporal dementia	4	20161121_RiMod_I_6.4	proteomic profiling by mass spectrometry	Data-independent acquisition	NT=isotope labeling;AC=PRIDE:0000310	NT=tripletof 5600;AC=MS:1000932	NT=Carbamidomethyl;AC=UNIMOD:4;TA=C;MT=Fixed	NT=TMT6plex;AC=UNIMOD:737;TA=K;MT=Fixed	NT=Trypsin;AC=MS:1001251	not available	strong cation-exchange chromatography (scx)	iodoacetamide (iaa)	1	1	20161121_RiMod_I_6.4.wiff	ftp://ftp.pride.ebi.ac.uk/pride/data/archive/2023/03/PXD022872/20161121_RiMod_I_6.4.wiff	v1.1.0	NT=ms-proteomics;VV=v1.1.0	NT=dia-acquisition;VV=v1.1.0	manual curation	liver
20160625_Rimod_G_4.1	homo sapiens	liver	not applicable	frontotemporal dementia	1	20160625_Rimod_G_4.1	proteomic profiling by mass spectrometry	Data-independent acquisition	NT=isotope labeling;AC=PRIDE:0000310	NT=tripletof 5600;AC=MS:1000932	NT=Carbamidomethyl;AC=UNIMOD:4;TA=C;MT=Fixed	NT=TMT6plex;AC=UNIMOD:737;TA=K;MT=Fixed	NT=Trypsin;AC=MS:1001251	not available	strong cation-exchange chromatography (scx)	iodoacetamide (iaa)	1	1	20160625_Rimod_G_4.1.wiff	ftp://ftp.pride.ebi.ac.uk/pride/data/archive/2023/03/PXD022872/20160625_Rimod_G_4.1.wiff	v1.1.0	NT=ms-proteomics;VV=v1.1.0	NT=dia-acquisition;VV=v1.1.0	manual curation	liver
20170822_RiMod_L_9_1	homo sapiens	liver	not applicable	frontotemporal dementia	1	20170822_RiMod_L_9_1	proteomic profiling by mass spectrometry	Data-independent acquisition	NT=isotope labeling;AC=PRIDE:0000310	NT=tripletof 5600;AC=MS:1000932	NT=Carbamidomethyl;AC=UNIMOD:4;TA=C;MT=Fixed	NT=TMT6plex;AC=UNIMOD:737;TA=K;MT=Fixed	NT=Trypsin;AC=MS:1001251	not available	strong cation-exchange chromatography (scx)	iodoacetamide (iaa)	1	1	20170822_RiMod_L_9_1.wiff	ftp://ftp.pride.ebi.ac.uk/pride/data/archive/2023/03/PXD022872/20170822_RiMod_L_9_1.wiff	v1.1.0	NT=ms-proteomics;VV=v1.1.0	NT=dia-acquisition;VV=v1.1.0	manual curation	liver
20161121_RiMod_I_6.3	homo sapiens	liver	not applicable	frontotemporal dementia	3	20161121_RiMod_I_6.3	proteomic profiling by mass spectrometry	Data-independent acquisition	NT=isotope labeling;AC=PRIDE:0000310	NT=tripletof 5600;AC=MS:1000932	NT=Carbamidomethyl;AC=UNIMOD:4;TA=C;MT=Fixed	NT=TMT6plex;AC=UNIMOD:737;TA=K;MT=Fixed	NT=Trypsin;AC=MS:1001251	not available	strong cation-exchange chromatography (scx)	iodoacetamide (iaa)	1	1	20161121_RiMod_I_6.3.wiff	ftp://ftp.pride.ebi.ac.uk/pride/data/archive/2023/03/PXD022872/20161121_RiMod_I_6.3.wiff	v1.1.0	NT=ms-proteomics;VV=v1.1.0	NT=dia-acquisition;VV=v1.1.0	manual curation	liver
FTD_A1_1	homo sapiens	liver	not applicable	frontotemporal dementia	1	FTD_A1_1	proteomic profiling by mass spectrometry	Data-independent acquisition	NT=isotope labeling;AC=PRIDE:0000310	NT=tripletof 5600;AC=MS:1000932	NT=Carbamidomethyl;AC=UNIMOD:4;TA=C;MT=Fixed	NT=TMT6plex;AC=UNIMOD:737;TA=K;MT=Fixed	NT=Trypsin;AC=MS:1001251	not available	strong cation-exchange chromatography (scx)	iodoacetamide (iaa)	1	1	FTD_A1_1.wiff	ftp://ftp.pride.ebi.ac.uk/pride/data/archive/2023/03/PXD022872/FTD_A1_1.wiff	v1.1.0	NT=ms-proteomics;VV=v1.1.0	NT=dia-acquisition;VV=v1.1.0	manual curation	liver
FTD_B6_2	homo sapiens	liver	not applicable	frontotemporal dementia	2	FTD_B6_2	proteomic profiling by mass spectrometry	Data-independent acquisition	NT=isotope labeling;AC=PRIDE:0000310	NT=tripletof 5600;AC=MS:1000932	NT=Carbamidomethyl;AC=UNIMOD:4;TA=C;MT=Fixed	NT=TMT6plex;AC=UNIMOD:737;TA=K;MT=Fixed	NT=Trypsin;AC=MS:1001251	not available	strong cation-exchange chromatography (scx)	iodoacetamide (iaa)	1	1	FTD_B6_2.wiff	ftp://ftp.pride.ebi.ac.uk/pride/data/archive/2023/03/PXD022872/FTD_B6_2.wiff	v1.1.0	NT=ms-proteomics;VV=v1.1.0	NT=dia-acquisition;VV=v1.1.0	manual curation	liver
20170822_RiMod_L_7_3	homo sapiens	liver	not applicable	frontotemporal dementia	3	20170822_RiMod_L_7_3	proteomic profiling by mass spectrometry	Data-independent acquisition	NT=isotope labeling;AC=PRIDE:0000310	NT=tripletof 5600;AC=MS:1000932	NT=Carbamidomethyl;AC=UNIMOD:4;TA=C;MT=Fixed	NT=TMT6plex;AC=UNIMOD:737;TA=K;MT=Fixed	NT=Trypsin;AC=MS:1001251	not available	strong cation-exchange chromatography (scx)	iodoacetamide (iaa)	1	1	20170822_RiMod_L_7_3.wiff	ftp://ftp.pride.ebi.ac.uk/pride/data/archive/2023/03/PXD022872/20170822_RiMod_L_7_3.wiff	v1.1.0	NT=ms-proteomics;VV=v1.1.0	NT=dia-acquisition;VV=v1.1.0	manual curation	liver
20170822_RiMod_L_3_3	homo sapiens	liver	not applicable	frontotemporal dementia	3	20170822_RiMod_L_3_3	proteomic profiling by mass spectrometry	Data-independent acquisition	NT=isotope labeling;AC=PRIDE:0000310	NT=tripletof 5600;AC=MS:1000932	NT=Carbamidomethyl;AC=UNIMOD:4;TA=C;MT=Fixed	NT=TMT6plex;AC=UNIMOD:737;TA=K;MT=Fixed	NT=Trypsin;AC=MS:1001251	not available	strong cation-exchange chromatography (scx)	iodoacetamide (iaa)	1	1	20170822_RiMod_L_3_3.wiff	ftp://ftp.pride.ebi.ac.uk/pride/data/archive/2023/03/PXD022872/20170822_RiMod_L_3_3.wiff	v1.1.0	NT=ms-proteomics;VV=v1.1.0	NT=dia-acquisition;VV=v1.1.0	manual curation	liver
FTD_B7_3	homo sapiens	liver	not applicable	frontotemporal dementia	3	FTD_B7_3	proteomic profiling by mass spectrometry	Data-independent acquisition	NT=isotope labeling;AC=PRIDE:0000310	NT=tripletof 5600;AC=MS:1000932	NT=Carbamidomethyl;AC=UNIMOD:4;TA=C;MT=Fixed	NT=TMT6plex;AC=UNIMOD:737;TA=K;MT=Fixed	NT=Trypsin;AC=MS:1001251	not available	strong cation-exchange chromatography (scx)	iodoacetamide (iaa)	1	1	FTD_B7_3.wiff	ftp://ftp.pride.ebi.ac.uk/pride/data/archive/2023/03/PXD022872/FTD_B7_3.wiff	v1.1.0	NT=ms-proteomics;VV=v1.1.0	NT=dia-acquisition;VV=v1.1.0	manual curation	liver
20170822_RiMod_L_6_4	homo sapiens	liver	not applicable	frontotemporal dementia	4	20170822_RiMod_L_6_4	proteomic profiling by mass spectrometry	Data-independent acquisition	NT=isotope labeling;AC=PRIDE:0000310	NT=tripletof 5600;AC=MS:1000932	NT=Carbamidomethyl;AC=UNIMOD:4;TA=C;MT=Fixed	NT=TMT6plex;AC=UNIMOD:737;TA=K;MT=Fixed	NT=Trypsin;AC=MS:1001251	not available	strong cation-exchange chromatography (scx)	iodoacetamide (iaa)	1	1	20170822_RiMod_L_6_4.wiff	ftp://ftp.pride.ebi.ac.uk/pride/data/archive/2023/03/PXD022872/20170822_RiMod_L_6_4.wiff	v1.1.0	NT=ms-proteomics;VV=v1.1.0	NT=dia-acquisition;VV=v1.1.0	manual curation	liver
20161118_RiMod_H_10.4	homo sapiens	liver	not applicable	frontotemporal dementia	4	20161118_RiMod_H_10.4	proteomic profiling by mass spectrometry	Data-independent acquisition	NT=isotope labeling;AC=PRIDE:0000310	NT=tripletof 5600;AC=MS:1000932	NT=Carbamidomethyl;AC=UNIMOD:4;TA=C;MT=Fixed	NT=TMT6plex;AC=UNIMOD:737;TA=K;MT=Fixed	NT=Trypsin;AC=MS:1001251	not available	strong cation-exchange chromatography (scx)	iodoacetamide (iaa)	1	1	20161118_RiMod_H_10.4.wiff	ftp://ftp.pride.ebi.ac.uk/pride/data/archive/2023/03/PXD022872/20161118_RiMod_H_10.4.wiff	v1.1.0	NT=ms-proteomics;VV=v1.1.0	NT=dia-acquisition;VV=v1.1.0	manual curation	liver
FTD_B9_4	homo sapiens	liver	not applicable	frontotemporal dementia	4	FTD_B9_4	proteomic profiling by mass spectrometry	Data-independent acquisition	NT=isotope labeling;AC=PRIDE:0000310	NT=tripletof 5600;AC=MS:1000932	NT=Carbamidomethyl;AC=UNIMOD:4;TA=C;MT=Fixed	NT=TMT6plex;AC=UNIMOD:737;TA=K;MT=Fixed	NT=Trypsin;AC=MS:1001251	not available	strong cation-exchange chromatography (scx)	iodoacetamide (iaa)	1	1	FTD_B9_4.wiff	ftp://ftp.pride.ebi.ac.uk/pride/data/archive/2023/03/PXD022872/FTD_B9_4.wiff	v1.1.0	NT=ms-proteomics;VV=v1.1.0	NT=dia-acquisition;VV=v1.1.0	manual curation	liver
20160622_RimodF_8.2	homo sapiens	liver	not applicable	frontotemporal dementia	2	20160622_RimodF_8.2	proteomic profiling by mass spectrometry	Data-independent acquisition	NT=isotope labeling;AC=PRIDE:0000310	NT=tripletof 5600;AC=MS:1000932	NT=Carbamidomethyl;AC=UNIMOD:4;TA=C;MT=Fixed	NT=TMT6plex;AC=UNIMOD:737;TA=K;MT=Fixed	NT=Trypsin;AC=MS:1001251	not available	strong cation-exchange chromatography (scx)	iodoacetamide (iaa)	1	1	20160622_RimodF_8.2.wiff	ftp://ftp.pride.ebi.ac.uk/pride/data/archive/2023/03/PXD022872/20160622_RimodF_8.2.wiff	v1.1.0	NT=ms-proteomics;VV=v1.1.0	NT=dia-acquisition;VV=v1.1.0	manual curation	liver
20170817_RiMod_K_6_3	homo sapiens	liver	not applicable	frontotemporal dementia	3	20170817_RiMod_K_6_3	proteomic profiling by mass spectrometry	Data-independent acquisition	NT=isotope labeling;AC=PRIDE:0000310	NT=tripletof 5600;AC=MS:1000932	NT=Carbamidomethyl;AC=UNIMOD:4;TA=C;MT=Fixed	NT=TMT6plex;AC=UNIMOD:737;TA=K;MT=Fixed	NT=Trypsin;AC=MS:1001251	not available	strong cation-exchange chromatography (scx)	iodoacetamide (iaa)	1	1	20170817_RiMod_K_6_3.wiff	ftp://ftp.pride.ebi.ac.uk/pride/data/archive/2023/03/PXD022872/20170817_RiMod_K_6_3.wiff	v1.1.0	NT=ms-proteomics;VV=v1.1.0	NT=dia-acquisition;VV=v1.1.0	manual curation	liver
20161121_RiMod_I_7.1	homo sapiens	liver	not applicable	frontotemporal dementia	1	20161121_RiMod_I_7.1	proteomic profiling by mass spectrometry	Data-independent acquisition	NT=isotope labeling;AC=PRIDE:0000310	NT=tripletof 5600;AC=MS:1000932	NT=Carbamidomethyl;AC=UNIMOD:4;TA=C;MT=Fixed	NT=TMT6plex;AC=UNIMOD:737;TA=K;MT=Fixed	NT=Trypsin;AC=MS:1001251	not available	strong cation-exchange chromatography (scx)	iodoacetamide (iaa)	1	1	20161121_RiMod_I_7.1.wiff	ftp://ftp.pride.ebi.ac.uk/pride/data/archive/2023/03/PXD022872/20161121_RiMod_I_7.1.wiff	v1.1.0	NT=ms-proteomics;VV=v1.1.0	NT=dia-acquisition;VV=v1.1.0	manual curation	liver
20161118_RiMod_H_8.4	homo sapiens	liver	not applicable	frontotemporal dementia	4	20161118_RiMod_H_8.4	proteomic profiling by mass spectrometry	Data-independent acquisition	NT=isotope labeling;AC=PRIDE:0000310	NT=tripletof 5600;AC=MS:1000932	NT=Carbamidomethyl;AC=UNIMOD:4;TA=C;MT=Fixed	NT=TMT6plex;AC=UNIMOD:737;TA=K;MT=Fixed	NT=Trypsin;AC=MS:1001251	not available	strong cation-exchange chromatography (scx)	iodoacetamide (iaa)	1	1	20161118_RiMod_H_8.4.wiff	ftp://ftp.pride.ebi.ac.uk/pride/data/archive/2023/03/PXD022872/20161118_RiMod_H_8.4.wiff	v1.1.0	NT=ms-proteomics;VV=v1.1.0	NT=dia-acquisition;VV=v1.1.0	manual curation	liver
20160620_RimodF_3.1	homo sapiens	liver	not applicable	frontotemporal dementia	1	20160620_RimodF_3.1	proteomic profiling by mass spectrometry	Data-independent acquisition	NT=isotope labeling;AC=PRIDE:0000310	NT=tripletof 5600;AC=MS:1000932	NT=Carbamidomethyl;AC=UNIMOD:4;TA=C;MT=Fixed	NT=TMT6plex;AC=UNIMOD:737;TA=K;MT=Fixed	NT=Trypsin;AC=MS:1001251	not available	strong cation-exchange chromatography (scx)	iodoacetamide (iaa)	1	1	20160620_RimodF_3.1.wiff	ftp://ftp.pride.ebi.ac.uk/pride/data/archive/2023/03/PXD022872/20160620_RimodF_3.1.wiff	v1.1.0	NT=ms-proteomics;VV=v1.1.0	NT=dia-acquisition;VV=v1.1.0	manual curation	liver
20160620_RimodF_4.4	homo sapiens	liver	not applicable	frontotemporal dementia	4	20160620_RimodF_4.4	proteomic profiling by mass spectrometry	Data-independent acquisition	NT=isotope labeling;AC=PRIDE:0000310	NT=tripletof 5600;AC=MS:1000932	NT=Carbamidomethyl;AC=UNIMOD:4;TA=C;MT=Fixed	NT=TMT6plex;AC=UNIMOD:737;TA=K;MT=Fixed	NT=Trypsin;AC=MS:1001251	not available	strong cation-exchange chromatography (scx)	iodoacetamide (iaa)	1	1	20160620_RimodF_4.4.wiff	ftp://ftp.pride.ebi.ac.uk/pride/data/archive/2023/03/PXD022872/20160620_RimodF_4.4.wiff	v1.1.0	NT=ms-proteomics;VV=v1.1.0	NT=dia-acquisition;VV=v1.1.0	manual curation	liver
20151119_FTD_D5_1	homo sapiens	liver	not applicable	frontotemporal dementia	1	20151119_FTD_D5_1	proteomic profiling by mass spectrometry	Data-independent acquisition	NT=isotope labeling;AC=PRIDE:0000310	NT=tripletof 5600;AC=MS:1000932	NT=Carbamidomethyl;AC=UNIMOD:4;TA=C;MT=Fixed	NT=TMT6plex;AC=UNIMOD:737;TA=K;MT=Fixed	NT=Trypsin;AC=MS:1001251	not available	strong cation-exchange chromatography (scx)	iodoacetamide (iaa)	1	1	20151119_FTD_D5_1.wiff	ftp://ftp.pride.ebi.ac.uk/pride/data/archive/2023/03/PXD022872/20151119_FTD_D5_1.wiff	v1.1.0	NT=ms-proteomics;VV=v1.1.0	NT=dia-acquisition;VV=v1.1.0	manual curation	liver
FTD_B8_3	homo sapiens	liver	not applicable	frontotemporal dementia	3	FTD_B8_3	proteomic profiling by mass spectrometry	Data-independent acquisition	NT=isotope labeling;AC=PRIDE:0000310	NT=tripletof 5600;AC=MS:1000932	NT=Carbamidomethyl;AC=UNIMOD:4;TA=C;MT=Fixed	NT=TMT6plex;AC=UNIMOD:737;TA=K;MT=Fixed	NT=Trypsin;AC=MS:1001251	not available	strong cation-exchange chromatography (scx)	iodoacetamide (iaa)	1	1	FTD_B8_3.wiff	ftp://ftp.pride.ebi.ac.uk/pride/data/archive/2023/03/PXD022872/FTD_B8_3.wiff	v1.1.0	NT=ms-proteomics;VV=v1.1.0	NT=dia-acquisition;VV=v1.1.0	manual curation	liver
20160627_Rimod_G_8.2	homo sapiens	liver	not applicable	frontotemporal dementia	2	20160627_Rimod_G_8.2	proteomic profiling by mass spectrometry	Data-independent acquisition	NT=isotope labeling;AC=PRIDE:0000310	NT=tripletof 5600;AC=MS:1000932	NT=Carbamidomethyl;AC=UNIMOD:4;TA=C;MT=Fixed	NT=TMT6plex;AC=UNIMOD:737;TA=K;MT=Fixed	NT=Trypsin;AC=MS:1001251	not available	strong cation-exchange chromatography (scx)	iodoacetamide (iaa)	1	1	20160627_Rimod_G_8.2.wiff	ftp://ftp.pride.ebi.ac.uk/pride/data/archive/2023/03/PXD022872/20160627_Rimod_G_8.2.wiff	v1.1.0	NT=ms-proteomics;VV=v1.1.0	NT=dia-acquisition;VV=v1.1.0	manual curation	liver
20161118_RiMod_H_5.2	homo sapiens	liver	not applicable	frontotemporal dementia	2	20161118_RiMod_H_5.2	proteomic profiling by mass spectrometry	Data-independent acquisition	NT=isotope labeling;AC=PRIDE:0000310	NT=tripletof 5600;AC=MS:1000932	NT=Carbamidomethyl;AC=UNIMOD:4;TA=C;MT=Fixed	NT=TMT6plex;AC=UNIMOD:737;TA=K;MT=Fixed	NT=Trypsin;AC=MS:1001251	not available	strong cation-exchange chromatography (scx)	iodoacetamide (iaa)	1	1	20161118_RiMod_H_5.2.wiff	ftp://ftp.pride.ebi.ac.uk/pride/data/archive/2023/03/PXD022872/20161118_RiMod_H_5.2.wiff	v1.1.0	NT=ms-proteomics;VV=v1.1.0	NT=dia-acquisition;VV=v1.1.0	manual curation	liver
FTD_A2_1	homo sapiens	liver	not applicable	frontotemporal dementia	1	FTD_A2_1	proteomic profiling by mass spectrometry	Data-independent acquisition	NT=isotope labeling;AC=PRIDE:0000310	NT=tripletof 5600;AC=MS:1000932	NT=Carbamidomethyl;AC=UNIMOD:4;TA=C;MT=Fixed	NT=TMT6plex;AC=UNIMOD:737;TA=K;MT=Fixed	NT=Trypsin;AC=MS:1001251	not available	strong cation-exchange chromatography (scx)	iodoacetamide (iaa)	1	1	FTD_A2_1.wiff	ftp://ftp.pride.ebi.ac.uk/pride/data/archive/2023/03/PXD022872/FTD_A2_1.wiff	v1.1.0	NT=ms-proteomics;VV=v1.1.0	NT=dia-acquisition;VV=v1.1.0	manual curation	liver
20161118_RiMod_H_6.1	homo sapiens	liver	not applicable	frontotemporal dementia	1	20161118_RiMod_H_6.1	proteomic profiling by mass spectrometry	Data-independent acquisition	NT=isotope labeling;AC=PRIDE:0000310	NT=tripletof 5600;AC=MS:1000932	NT=Carbamidomethyl;AC=UNIMOD:4;TA=C;MT=Fixed	NT=TMT6plex;AC=UNIMOD:737;TA=K;MT=Fixed	NT=Trypsin;AC=MS:1001251	not available	strong cation-exchange chromatography (scx)	iodoacetamide (iaa)	1	1	20161118_RiMod_H_6.1.wiff	ftp://ftp.pride.ebi.ac.uk/pride/data/archive/2023/03/PXD022872/20161118_RiMod_H_6.1.wiff	v1.1.0	NT=ms-proteomics;VV=v1.1.0	NT=dia-acquisition;VV=v1.1.0	manual curation	liver
20161121_RiMod_I_7.4	homo sapiens	liver	not applicable	frontotemporal dementia	4	20161121_RiMod_I_7.4	proteomic profiling by mass spectrometry	Data-independent acquisition	NT=isotope labeling;AC=PRIDE:0000310	NT=tripletof 5600;AC=MS:1000932	NT=Carbamidomethyl;AC=UNIMOD:4;TA=C;MT=Fixed	NT=TMT6plex;AC=UNIMOD:737;TA=K;MT=Fixed	NT=Trypsin;AC=MS:1001251	not available	strong cation-exchange chromatography (scx)	iodoacetamide (iaa)	1	1	20161121_RiMod_I_7.4.wiff	ftp://ftp.pride.ebi.ac.uk/pride/data/archive/2023/03/PXD022872/20161121_RiMod_I_7.4.wiff	v1.1.0	NT=ms-proteomics;VV=v1.1.0	NT=dia-acquisition;VV=v1.1.0	manual curation	liver
20160625_Rimod_G_1.2	homo sapiens	liver	not applicable	frontotemporal dementia	2	20160625_Rimod_G_1.2	proteomic profiling by mass spectrometry	Data-independent acquisition	NT=isotope labeling;AC=PRIDE:0000310	NT=tripletof 5600;AC=MS:1000932	NT=Carbamidomethyl;AC=UNIMOD:4;TA=C;MT=Fixed	NT=TMT6plex;AC=UNIMOD:737;TA=K;MT=Fixed	NT=Trypsin;AC=MS:1001251	not available	strong cation-exchange chromatography (scx)	iodoacetamide (iaa)	1	1	20160625_Rimod_G_1.2.wiff	ftp://ftp.pride.ebi.ac.uk/pride/data/archive/2023/03/PXD022872/20160625_Rimod_G_1.2.wiff	v1.1.0	NT=ms-proteomics;VV=v1.1.0	NT=dia-acquisition;VV=v1.1.0	manual curation	liver
20160303_Rimod_E_2.1	homo sapiens	liver	not applicable	frontotemporal dementia	1	20160303_Rimod_E_2.1	proteomic profiling by mass spectrometry	Data-independent acquisition	NT=isotope labeling;AC=PRIDE:0000310	NT=tripletof 5600;AC=MS:1000932	NT=Carbamidomethyl;AC=UNIMOD:4;TA=C;MT=Fixed	NT=TMT6plex;AC=UNIMOD:737;TA=K;MT=Fixed	NT=Trypsin;AC=MS:1001251	not available	strong cation-exchange chromatography (scx)	iodoacetamide (iaa)	1	1	20160303_Rimod_E_2.1.wiff	ftp://ftp.pride.ebi.ac.uk/pride/data/archive/2023/03/PXD022872/20160303_Rimod_E_2.1.wiff	v1.1.0	NT=ms-proteomics;VV=v1.1.0	NT=dia-acquisition;VV=v1.1.0	manual curation	liver
20160620_RimodF_5.4	homo sapiens	liver	not applicable	frontotemporal dementia	4	20160620_RimodF_5.4	proteomic profiling by mass spectrometry	Data-independent acquisition	NT=isotope labeling;AC=PRIDE:0000310	NT=tripletof 5600;AC=MS:1000932	NT=Carbamidomethyl;AC=UNIMOD:4;TA=C;MT=Fixed	NT=TMT6plex;AC=UNIMOD:737;TA=K;MT=Fixed	NT=Trypsin;AC=MS:1001251	not available	strong cation-exchange chromatography (scx)	iodoacetamide (iaa)	1	1	20160620_RimodF_5.4.wiff	ftp://ftp.pride.ebi.ac.uk/pride/data/archive/2023/03/PXD022872/20160620_RimodF_5.4.wiff	v1.1.0	NT=ms-proteomics;VV=v1.1.0	NT=dia-acquisition;VV=v1.1.0	manual curation	liver
FTD_C5_4	homo sapiens	liver	not applicable	frontotemporal dementia	4	FTD_C5_4	proteomic profiling by mass spectrometry	Data-independent acquisition	NT=isotope labeling;AC=PRIDE:0000310	NT=tripletof 5600;AC=MS:1000932	NT=Carbamidomethyl;AC=UNIMOD:4;TA=C;MT=Fixed	NT=TMT6plex;AC=UNIMOD:737;TA=K;MT=Fixed	NT=Trypsin;AC=MS:1001251	not available	strong cation-exchange chromatography (scx)	iodoacetamide (iaa)	1	1	FTD_C5_4.wiff	ftp://ftp.pride.ebi.ac.uk/pride/data/archive/2023/03/PXD022872/FTD_C5_4.wiff	v1.1.0	NT=ms-proteomics;VV=v1.1.0	NT=dia-acquisition;VV=v1.1.0	manual curation	liver
20160303_Rimod_E_4.1	homo sapiens	liver	not applicable	frontotemporal dementia	1	20160303_Rimod_E_4.1	proteomic profiling by mass spectrometry	Data-independent acquisition	NT=isotope labeling;AC=PRIDE:0000310	NT=tripletof 5600;AC=MS:1000932	NT=Carbamidomethyl;AC=UNIMOD:4;TA=C;MT=Fixed	NT=TMT6plex;AC=UNIMOD:737;TA=K;MT=Fixed	NT=Trypsin;AC=MS:1001251	not available	strong cation-exchange chromatography (scx)	iodoacetamide (iaa)	1	1	20160303_Rimod_E_4.1.wiff	ftp://ftp.pride.ebi.ac.uk/pride/data/archive/2023/03/PXD022872/20160303_Rimod_E_4.1.wiff	v1.1.0	NT=ms-proteomics;VV=v1.1.0	NT=dia-acquisition;VV=v1.1.0	manual curation	liver
FTD_B5_1	homo sapiens	liver	not applicable	frontotemporal dementia	1	FTD_B5_1	proteomic profiling by mass spectrometry	Data-independent acquisition	NT=isotope labeling;AC=PRIDE:0000310	NT=tripletof 5600;AC=MS:1000932	NT=Carbamidomethyl;AC=UNIMOD:4;TA=C;MT=Fixed	NT=TMT6plex;AC=UNIMOD:737;TA=K;MT=Fixed	NT=Trypsin;AC=MS:1001251	not available	strong cation-exchange chromatography (scx)	iodoacetamide (iaa)	1	1	FTD_B5_1.wiff	ftp://ftp.pride.ebi.ac.uk/pride/data/archive/2023/03/PXD022872/FTD_B5_1.wiff	v1.1.0	NT=ms-proteomics;VV=v1.1.0	NT=dia-acquisition;VV=v1.1.0	manual curation	liver
20170822_RiMod_L_3_4	homo sapiens	liver	not applicable	frontotemporal dementia	4	20170822_RiMod_L_3_4	proteomic profiling by mass spectrometry	Data-independent acquisition	NT=isotope labeling;AC=PRIDE:0000310	NT=tripletof 5600;AC=MS:1000932	NT=Carbamidomethyl;AC=UNIMOD:4;TA=C;MT=Fixed	NT=TMT6plex;AC=UNIMOD:737;TA=K;MT=Fixed	NT=Trypsin;AC=MS:1001251	not available	strong cation-exchange chromatography (scx)	iodoacetamide (iaa)	1	1	20170822_RiMod_L_3_4.wiff	ftp://ftp.pride.ebi.ac.uk/pride/data/archive/2023/03/PXD022872/20170822_RiMod_L_3_4.wiff	v1.1.0	NT=ms-proteomics;VV=v1.1.0	NT=dia-acquisition;VV=v1.1.0	manual curation	liver
20170817_RiMod_K_1_3	homo sapiens	liver	not applicable	frontotemporal dementia	3	20170817_RiMod_K_1_3	proteomic profiling by mass spectrometry	Data-independent acquisition	NT=isotope labeling;AC=PRIDE:0000310	NT=tripletof 5600;AC=MS:1000932	NT=Carbamidomethyl;AC=UNIMOD:4;TA=C;MT=Fixed	NT=TMT6plex;AC=UNIMOD:737;TA=K;MT=Fixed	NT=Trypsin;AC=MS:1001251	not available	strong cation-exchange chromatography (scx)	iodoacetamide (iaa)	1	1	20170817_RiMod_K_1_3.wiff	ftp://ftp.pride.ebi.ac.uk/pride/data/archive/2023/03/PXD022872/20170817_RiMod_K_1_3.wiff	v1.1.0	NT=ms-proteomics;VV=v1.1.0	NT=dia-acquisition;VV=v1.1.0	manual curation	liver
20161121_RiMod_I_2.4	homo sapiens	liver	not applicable	frontotemporal dementia	4	20161121_RiMod_I_2.4	proteomic profiling by mass spectrometry	Data-independent acquisition	NT=isotope labeling;AC=PRIDE:0000310	NT=tripletof 5600;AC=MS:1000932	NT=Carbamidomethyl;AC=UNIMOD:4;TA=C;MT=Fixed	NT=TMT6plex;AC=UNIMOD:737;TA=K;MT=Fixed	NT=Trypsin;AC=MS:1001251	not available	strong cation-exchange chromatography (scx)	iodoacetamide (iaa)	1	1	20161121_RiMod_I_2.4.wiff	ftp://ftp.pride.ebi.ac.uk/pride/data/archive/2023/03/PXD022872/20161121_RiMod_I_2.4.wiff	v1.1.0	NT=ms-proteomics;VV=v1.1.0	NT=dia-acquisition;VV=v1.1.0	manual curation	liver
FTD_B10_4	homo sapiens	liver	not applicable	frontotemporal dementia	4	FTD_B10_4	proteomic profiling by mass spectrometry	Data-independent acquisition	NT=isotope labeling;AC=PRIDE:0000310	NT=tripletof 5600;AC=MS:1000932	NT=Carbamidomethyl;AC=UNIMOD:4;TA=C;MT=Fixed	NT=TMT6plex;AC=UNIMOD:737;TA=K;MT=Fixed	NT=Trypsin;AC=MS:1001251	not available	strong cation-exchange chromatography (scx)	iodoacetamide (iaa)	1	1	FTD_B10_4.wiff	ftp://ftp.pride.ebi.ac.uk/pride/data/archive/2023/03/PXD022872/FTD_B10_4.wiff	v1.1.0	NT=ms-proteomics;VV=v1.1.0	NT=dia-acquisition;VV=v1.1.0	manual curation	liver
FTD_A10_3	homo sapiens	liver	not applicable	frontotemporal dementia	3	FTD_A10_3	proteomic profiling by mass spectrometry	Data-independent acquisition	NT=isotope labeling;AC=PRIDE:0000310	NT=tripletof 5600;AC=MS:1000932	NT=Carbamidomethyl;AC=UNIMOD:4;TA=C;MT=Fixed	NT=TMT6plex;AC=UNIMOD:737;TA=K;MT=Fixed	NT=Trypsin;AC=MS:1001251	not available	strong cation-exchange chromatography (scx)	iodoacetamide (iaa)	1	1	FTD_A10_3.wiff	ftp://ftp.pride.ebi.ac.uk/pride/data/archive/2023/03/PXD022872/FTD_A10_3.wiff	v1.1.0	NT=ms-proteomics;VV=v1.1.0	NT=dia-acquisition;VV=v1.1.0	manual curation	liver
