source name	characteristics[sample name]	characteristics[organism]	characteristics[organism part]	characteristics[cell type]	characteristics[disease]	characteristics[project name]	characteristics[environmental sample type]	characteristics[environmental medium]	characteristics[geographic location]	characteristics[collection date]	characteristics[sample collection method]	characteristics[sample storage]	characteristics[microbiome source]	characteristics[biological replicate]	assay name	technology type	comment[proteomics data acquisition method]	comment[label]	comment[instrument]	comment[cleavage agent details]	comment[dissociation method]	comment[fraction identifier]	comment[technical replicate]	comment[data file]	comment[sdrf version]	comment[sdrf template]	comment[sdrf template]	comment[sdrf template]	comment[sdrf annotation tool]	factor value[organism part]
1M0.msf	1M0.msf	rhizosphere metagenome	soil	not applicable	not available	Metaproteomics_reveals_insights_into_microbial_structure_interactions_and_dynamic_regulation_in_defined_communities_as_they_respond_to_environmental_disturbance	rhizosphere soil	rhizosphere soil	not available	not available	not available	not available	rhizosphere microbiome	1	1M0.msf	proteomic profiling by mass spectrometry	NT=Data-dependent acquisition;AC=PRIDE:0000627	NT=label free sample;AC=MS:1002038	NT=instrument model;AC=MS:1000031	not applicable	not available	1	1	1M0.msf	v1.1.0	NT=ms-proteomics;VV=v1.1.0	NT=metaproteomics;VV=v1.0.0	NT=soil;VV=v1.0.0	manual curation	soil
1M0_TP.msf	1M0_TP.msf	rhizosphere metagenome	soil	not applicable	not available	Metaproteomics_reveals_insights_into_microbial_structure_interactions_and_dynamic_regulation_in_defined_communities_as_they_respond_to_environmental_disturbance	rhizosphere soil	rhizosphere soil	not available	not available	not available	not available	rhizosphere microbiome	1	1M0_TP.msf	proteomic profiling by mass spectrometry	NT=Data-dependent acquisition;AC=PRIDE:0000627	NT=label free sample;AC=MS:1002038	NT=instrument model;AC=MS:1000031	not applicable	not available	1	1	1M0_TP.msf	v1.1.0	NT=ms-proteomics;VV=v1.1.0	NT=metaproteomics;VV=v1.0.0	NT=soil;VV=v1.0.0	manual curation	soil
1M1.msf	1M1.msf	rhizosphere metagenome	soil	not applicable	not available	Metaproteomics_reveals_insights_into_microbial_structure_interactions_and_dynamic_regulation_in_defined_communities_as_they_respond_to_environmental_disturbance	rhizosphere soil	rhizosphere soil	not available	not available	not available	not available	rhizosphere microbiome	1	1M1.msf	proteomic profiling by mass spectrometry	NT=Data-dependent acquisition;AC=PRIDE:0000627	NT=label free sample;AC=MS:1002038	NT=instrument model;AC=MS:1000031	not applicable	not available	1	1	1M1.msf	v1.1.0	NT=ms-proteomics;VV=v1.1.0	NT=metaproteomics;VV=v1.0.0	NT=soil;VV=v1.0.0	manual curation	soil
1M10.msf	1M10.msf	rhizosphere metagenome	soil	not applicable	not available	Metaproteomics_reveals_insights_into_microbial_structure_interactions_and_dynamic_regulation_in_defined_communities_as_they_respond_to_environmental_disturbance	rhizosphere soil	rhizosphere soil	not available	not available	not available	not available	rhizosphere microbiome	1	1M10.msf	proteomic profiling by mass spectrometry	NT=Data-dependent acquisition;AC=PRIDE:0000627	NT=label free sample;AC=MS:1002038	NT=instrument model;AC=MS:1000031	not applicable	not available	1	1	1M10.msf	v1.1.0	NT=ms-proteomics;VV=v1.1.0	NT=metaproteomics;VV=v1.0.0	NT=soil;VV=v1.0.0	manual curation	soil
1M10_TP.msf	1M10_TP.msf	rhizosphere metagenome	soil	not applicable	not available	Metaproteomics_reveals_insights_into_microbial_structure_interactions_and_dynamic_regulation_in_defined_communities_as_they_respond_to_environmental_disturbance	rhizosphere soil	rhizosphere soil	not available	not available	not available	not available	rhizosphere microbiome	1	1M10_TP.msf	proteomic profiling by mass spectrometry	NT=Data-dependent acquisition;AC=PRIDE:0000627	NT=label free sample;AC=MS:1002038	NT=instrument model;AC=MS:1000031	not applicable	not available	1	1	1M10_TP.msf	v1.1.0	NT=ms-proteomics;VV=v1.1.0	NT=metaproteomics;VV=v1.0.0	NT=soil;VV=v1.0.0	manual curation	soil
1M15.msf	1M15.msf	rhizosphere metagenome	soil	not applicable	not available	Metaproteomics_reveals_insights_into_microbial_structure_interactions_and_dynamic_regulation_in_defined_communities_as_they_respond_to_environmental_disturbance	rhizosphere soil	rhizosphere soil	not available	not available	not available	not available	rhizosphere microbiome	1	1M15.msf	proteomic profiling by mass spectrometry	NT=Data-dependent acquisition;AC=PRIDE:0000627	NT=label free sample;AC=MS:1002038	NT=instrument model;AC=MS:1000031	not applicable	not available	1	1	1M15.msf	v1.1.0	NT=ms-proteomics;VV=v1.1.0	NT=metaproteomics;VV=v1.0.0	NT=soil;VV=v1.0.0	manual curation	soil
1M15_TP.msf	1M15_TP.msf	rhizosphere metagenome	soil	not applicable	not available	Metaproteomics_reveals_insights_into_microbial_structure_interactions_and_dynamic_regulation_in_defined_communities_as_they_respond_to_environmental_disturbance	rhizosphere soil	rhizosphere soil	not available	not available	not available	not available	rhizosphere microbiome	1	1M15_TP.msf	proteomic profiling by mass spectrometry	NT=Data-dependent acquisition;AC=PRIDE:0000627	NT=label free sample;AC=MS:1002038	NT=instrument model;AC=MS:1000031	not applicable	not available	1	1	1M15_TP.msf	v1.1.0	NT=ms-proteomics;VV=v1.1.0	NT=metaproteomics;VV=v1.0.0	NT=soil;VV=v1.0.0	manual curation	soil
1M1_TP.msf	1M1_TP.msf	rhizosphere metagenome	soil	not applicable	not available	Metaproteomics_reveals_insights_into_microbial_structure_interactions_and_dynamic_regulation_in_defined_communities_as_they_respond_to_environmental_disturbance	rhizosphere soil	rhizosphere soil	not available	not available	not available	not available	rhizosphere microbiome	1	1M1_TP.msf	proteomic profiling by mass spectrometry	NT=Data-dependent acquisition;AC=PRIDE:0000627	NT=label free sample;AC=MS:1002038	NT=instrument model;AC=MS:1000031	not applicable	not available	1	1	1M1_TP.msf	v1.1.0	NT=ms-proteomics;VV=v1.1.0	NT=metaproteomics;VV=v1.0.0	NT=soil;VV=v1.0.0	manual curation	soil
1M2.msf	1M2.msf	rhizosphere metagenome	soil	not applicable	not available	Metaproteomics_reveals_insights_into_microbial_structure_interactions_and_dynamic_regulation_in_defined_communities_as_they_respond_to_environmental_disturbance	rhizosphere soil	rhizosphere soil	not available	not available	not available	not available	rhizosphere microbiome	1	1M2.msf	proteomic profiling by mass spectrometry	NT=Data-dependent acquisition;AC=PRIDE:0000627	NT=label free sample;AC=MS:1002038	NT=instrument model;AC=MS:1000031	not applicable	not available	1	1	1M2.msf	v1.1.0	NT=ms-proteomics;VV=v1.1.0	NT=metaproteomics;VV=v1.0.0	NT=soil;VV=v1.0.0	manual curation	soil
1M2_TP.msf	1M2_TP.msf	rhizosphere metagenome	soil	not applicable	not available	Metaproteomics_reveals_insights_into_microbial_structure_interactions_and_dynamic_regulation_in_defined_communities_as_they_respond_to_environmental_disturbance	rhizosphere soil	rhizosphere soil	not available	not available	not available	not available	rhizosphere microbiome	1	1M2_TP.msf	proteomic profiling by mass spectrometry	NT=Data-dependent acquisition;AC=PRIDE:0000627	NT=label free sample;AC=MS:1002038	NT=instrument model;AC=MS:1000031	not applicable	not available	1	1	1M2_TP.msf	v1.1.0	NT=ms-proteomics;VV=v1.1.0	NT=metaproteomics;VV=v1.0.0	NT=soil;VV=v1.0.0	manual curation	soil
1M3.msf	1M3.msf	rhizosphere metagenome	soil	not applicable	not available	Metaproteomics_reveals_insights_into_microbial_structure_interactions_and_dynamic_regulation_in_defined_communities_as_they_respond_to_environmental_disturbance	rhizosphere soil	rhizosphere soil	not available	not available	not available	not available	rhizosphere microbiome	1	1M3.msf	proteomic profiling by mass spectrometry	NT=Data-dependent acquisition;AC=PRIDE:0000627	NT=label free sample;AC=MS:1002038	NT=instrument model;AC=MS:1000031	not applicable	not available	1	1	1M3.msf	v1.1.0	NT=ms-proteomics;VV=v1.1.0	NT=metaproteomics;VV=v1.0.0	NT=soil;VV=v1.0.0	manual curation	soil
1M3_TP.msf	1M3_TP.msf	rhizosphere metagenome	soil	not applicable	not available	Metaproteomics_reveals_insights_into_microbial_structure_interactions_and_dynamic_regulation_in_defined_communities_as_they_respond_to_environmental_disturbance	rhizosphere soil	rhizosphere soil	not available	not available	not available	not available	rhizosphere microbiome	1	1M3_TP.msf	proteomic profiling by mass spectrometry	NT=Data-dependent acquisition;AC=PRIDE:0000627	NT=label free sample;AC=MS:1002038	NT=instrument model;AC=MS:1000031	not applicable	not available	1	1	1M3_TP.msf	v1.1.0	NT=ms-proteomics;VV=v1.1.0	NT=metaproteomics;VV=v1.0.0	NT=soil;VV=v1.0.0	manual curation	soil
1M4.msf	1M4.msf	rhizosphere metagenome	soil	not applicable	not available	Metaproteomics_reveals_insights_into_microbial_structure_interactions_and_dynamic_regulation_in_defined_communities_as_they_respond_to_environmental_disturbance	rhizosphere soil	rhizosphere soil	not available	not available	not available	not available	rhizosphere microbiome	1	1M4.msf	proteomic profiling by mass spectrometry	NT=Data-dependent acquisition;AC=PRIDE:0000627	NT=label free sample;AC=MS:1002038	NT=instrument model;AC=MS:1000031	not applicable	not available	1	1	1M4.msf	v1.1.0	NT=ms-proteomics;VV=v1.1.0	NT=metaproteomics;VV=v1.0.0	NT=soil;VV=v1.0.0	manual curation	soil
1M4_TP.msf	1M4_TP.msf	rhizosphere metagenome	soil	not applicable	not available	Metaproteomics_reveals_insights_into_microbial_structure_interactions_and_dynamic_regulation_in_defined_communities_as_they_respond_to_environmental_disturbance	rhizosphere soil	rhizosphere soil	not available	not available	not available	not available	rhizosphere microbiome	1	1M4_TP.msf	proteomic profiling by mass spectrometry	NT=Data-dependent acquisition;AC=PRIDE:0000627	NT=label free sample;AC=MS:1002038	NT=instrument model;AC=MS:1000031	not applicable	not available	1	1	1M4_TP.msf	v1.1.0	NT=ms-proteomics;VV=v1.1.0	NT=metaproteomics;VV=v1.0.0	NT=soil;VV=v1.0.0	manual curation	soil
1M5.msf	1M5.msf	rhizosphere metagenome	soil	not applicable	not available	Metaproteomics_reveals_insights_into_microbial_structure_interactions_and_dynamic_regulation_in_defined_communities_as_they_respond_to_environmental_disturbance	rhizosphere soil	rhizosphere soil	not available	not available	not available	not available	rhizosphere microbiome	1	1M5.msf	proteomic profiling by mass spectrometry	NT=Data-dependent acquisition;AC=PRIDE:0000627	NT=label free sample;AC=MS:1002038	NT=instrument model;AC=MS:1000031	not applicable	not available	1	1	1M5.msf	v1.1.0	NT=ms-proteomics;VV=v1.1.0	NT=metaproteomics;VV=v1.0.0	NT=soil;VV=v1.0.0	manual curation	soil
1M5_TP.msf	1M5_TP.msf	rhizosphere metagenome	soil	not applicable	not available	Metaproteomics_reveals_insights_into_microbial_structure_interactions_and_dynamic_regulation_in_defined_communities_as_they_respond_to_environmental_disturbance	rhizosphere soil	rhizosphere soil	not available	not available	not available	not available	rhizosphere microbiome	1	1M5_TP.msf	proteomic profiling by mass spectrometry	NT=Data-dependent acquisition;AC=PRIDE:0000627	NT=label free sample;AC=MS:1002038	NT=instrument model;AC=MS:1000031	not applicable	not available	1	1	1M5_TP.msf	v1.1.0	NT=ms-proteomics;VV=v1.1.0	NT=metaproteomics;VV=v1.0.0	NT=soil;VV=v1.0.0	manual curation	soil
1R0.msf	1R0.msf	rhizosphere metagenome	soil	not applicable	not available	Metaproteomics_reveals_insights_into_microbial_structure_interactions_and_dynamic_regulation_in_defined_communities_as_they_respond_to_environmental_disturbance	rhizosphere soil	rhizosphere soil	not available	not available	not available	not available	rhizosphere microbiome	1	1R0.msf	proteomic profiling by mass spectrometry	NT=Data-dependent acquisition;AC=PRIDE:0000627	NT=label free sample;AC=MS:1002038	NT=instrument model;AC=MS:1000031	not applicable	not available	1	1	1R0.msf	v1.1.0	NT=ms-proteomics;VV=v1.1.0	NT=metaproteomics;VV=v1.0.0	NT=soil;VV=v1.0.0	manual curation	soil
1R0_TP.msf	1R0_TP.msf	rhizosphere metagenome	soil	not applicable	not available	Metaproteomics_reveals_insights_into_microbial_structure_interactions_and_dynamic_regulation_in_defined_communities_as_they_respond_to_environmental_disturbance	rhizosphere soil	rhizosphere soil	not available	not available	not available	not available	rhizosphere microbiome	1	1R0_TP.msf	proteomic profiling by mass spectrometry	NT=Data-dependent acquisition;AC=PRIDE:0000627	NT=label free sample;AC=MS:1002038	NT=instrument model;AC=MS:1000031	not applicable	not available	1	1	1R0_TP.msf	v1.1.0	NT=ms-proteomics;VV=v1.1.0	NT=metaproteomics;VV=v1.0.0	NT=soil;VV=v1.0.0	manual curation	soil
1R1.msf	1R1.msf	rhizosphere metagenome	soil	not applicable	not available	Metaproteomics_reveals_insights_into_microbial_structure_interactions_and_dynamic_regulation_in_defined_communities_as_they_respond_to_environmental_disturbance	rhizosphere soil	rhizosphere soil	not available	not available	not available	not available	rhizosphere microbiome	1	1R1.msf	proteomic profiling by mass spectrometry	NT=Data-dependent acquisition;AC=PRIDE:0000627	NT=label free sample;AC=MS:1002038	NT=instrument model;AC=MS:1000031	not applicable	not available	1	1	1R1.msf	v1.1.0	NT=ms-proteomics;VV=v1.1.0	NT=metaproteomics;VV=v1.0.0	NT=soil;VV=v1.0.0	manual curation	soil
1R10.msf	1R10.msf	rhizosphere metagenome	soil	not applicable	not available	Metaproteomics_reveals_insights_into_microbial_structure_interactions_and_dynamic_regulation_in_defined_communities_as_they_respond_to_environmental_disturbance	rhizosphere soil	rhizosphere soil	not available	not available	not available	not available	rhizosphere microbiome	1	1R10.msf	proteomic profiling by mass spectrometry	NT=Data-dependent acquisition;AC=PRIDE:0000627	NT=label free sample;AC=MS:1002038	NT=instrument model;AC=MS:1000031	not applicable	not available	1	1	1R10.msf	v1.1.0	NT=ms-proteomics;VV=v1.1.0	NT=metaproteomics;VV=v1.0.0	NT=soil;VV=v1.0.0	manual curation	soil
1R10_TP.msf	1R10_TP.msf	rhizosphere metagenome	soil	not applicable	not available	Metaproteomics_reveals_insights_into_microbial_structure_interactions_and_dynamic_regulation_in_defined_communities_as_they_respond_to_environmental_disturbance	rhizosphere soil	rhizosphere soil	not available	not available	not available	not available	rhizosphere microbiome	1	1R10_TP.msf	proteomic profiling by mass spectrometry	NT=Data-dependent acquisition;AC=PRIDE:0000627	NT=label free sample;AC=MS:1002038	NT=instrument model;AC=MS:1000031	not applicable	not available	1	1	1R10_TP.msf	v1.1.0	NT=ms-proteomics;VV=v1.1.0	NT=metaproteomics;VV=v1.0.0	NT=soil;VV=v1.0.0	manual curation	soil
1R15.msf	1R15.msf	rhizosphere metagenome	soil	not applicable	not available	Metaproteomics_reveals_insights_into_microbial_structure_interactions_and_dynamic_regulation_in_defined_communities_as_they_respond_to_environmental_disturbance	rhizosphere soil	rhizosphere soil	not available	not available	not available	not available	rhizosphere microbiome	1	1R15.msf	proteomic profiling by mass spectrometry	NT=Data-dependent acquisition;AC=PRIDE:0000627	NT=label free sample;AC=MS:1002038	NT=instrument model;AC=MS:1000031	not applicable	not available	1	1	1R15.msf	v1.1.0	NT=ms-proteomics;VV=v1.1.0	NT=metaproteomics;VV=v1.0.0	NT=soil;VV=v1.0.0	manual curation	soil
1R15_TP.msf	1R15_TP.msf	rhizosphere metagenome	soil	not applicable	not available	Metaproteomics_reveals_insights_into_microbial_structure_interactions_and_dynamic_regulation_in_defined_communities_as_they_respond_to_environmental_disturbance	rhizosphere soil	rhizosphere soil	not available	not available	not available	not available	rhizosphere microbiome	1	1R15_TP.msf	proteomic profiling by mass spectrometry	NT=Data-dependent acquisition;AC=PRIDE:0000627	NT=label free sample;AC=MS:1002038	NT=instrument model;AC=MS:1000031	not applicable	not available	1	1	1R15_TP.msf	v1.1.0	NT=ms-proteomics;VV=v1.1.0	NT=metaproteomics;VV=v1.0.0	NT=soil;VV=v1.0.0	manual curation	soil
1R1_TP.msf	1R1_TP.msf	rhizosphere metagenome	soil	not applicable	not available	Metaproteomics_reveals_insights_into_microbial_structure_interactions_and_dynamic_regulation_in_defined_communities_as_they_respond_to_environmental_disturbance	rhizosphere soil	rhizosphere soil	not available	not available	not available	not available	rhizosphere microbiome	1	1R1_TP.msf	proteomic profiling by mass spectrometry	NT=Data-dependent acquisition;AC=PRIDE:0000627	NT=label free sample;AC=MS:1002038	NT=instrument model;AC=MS:1000031	not applicable	not available	1	1	1R1_TP.msf	v1.1.0	NT=ms-proteomics;VV=v1.1.0	NT=metaproteomics;VV=v1.0.0	NT=soil;VV=v1.0.0	manual curation	soil
1R2.msf	1R2.msf	rhizosphere metagenome	soil	not applicable	not available	Metaproteomics_reveals_insights_into_microbial_structure_interactions_and_dynamic_regulation_in_defined_communities_as_they_respond_to_environmental_disturbance	rhizosphere soil	rhizosphere soil	not available	not available	not available	not available	rhizosphere microbiome	1	1R2.msf	proteomic profiling by mass spectrometry	NT=Data-dependent acquisition;AC=PRIDE:0000627	NT=label free sample;AC=MS:1002038	NT=instrument model;AC=MS:1000031	not applicable	not available	1	1	1R2.msf	v1.1.0	NT=ms-proteomics;VV=v1.1.0	NT=metaproteomics;VV=v1.0.0	NT=soil;VV=v1.0.0	manual curation	soil
1R2_TP.msf	1R2_TP.msf	rhizosphere metagenome	soil	not applicable	not available	Metaproteomics_reveals_insights_into_microbial_structure_interactions_and_dynamic_regulation_in_defined_communities_as_they_respond_to_environmental_disturbance	rhizosphere soil	rhizosphere soil	not available	not available	not available	not available	rhizosphere microbiome	1	1R2_TP.msf	proteomic profiling by mass spectrometry	NT=Data-dependent acquisition;AC=PRIDE:0000627	NT=label free sample;AC=MS:1002038	NT=instrument model;AC=MS:1000031	not applicable	not available	1	1	1R2_TP.msf	v1.1.0	NT=ms-proteomics;VV=v1.1.0	NT=metaproteomics;VV=v1.0.0	NT=soil;VV=v1.0.0	manual curation	soil
1R3.msf	1R3.msf	rhizosphere metagenome	soil	not applicable	not available	Metaproteomics_reveals_insights_into_microbial_structure_interactions_and_dynamic_regulation_in_defined_communities_as_they_respond_to_environmental_disturbance	rhizosphere soil	rhizosphere soil	not available	not available	not available	not available	rhizosphere microbiome	1	1R3.msf	proteomic profiling by mass spectrometry	NT=Data-dependent acquisition;AC=PRIDE:0000627	NT=label free sample;AC=MS:1002038	NT=instrument model;AC=MS:1000031	not applicable	not available	1	1	1R3.msf	v1.1.0	NT=ms-proteomics;VV=v1.1.0	NT=metaproteomics;VV=v1.0.0	NT=soil;VV=v1.0.0	manual curation	soil
1R3_TP.msf	1R3_TP.msf	rhizosphere metagenome	soil	not applicable	not available	Metaproteomics_reveals_insights_into_microbial_structure_interactions_and_dynamic_regulation_in_defined_communities_as_they_respond_to_environmental_disturbance	rhizosphere soil	rhizosphere soil	not available	not available	not available	not available	rhizosphere microbiome	1	1R3_TP.msf	proteomic profiling by mass spectrometry	NT=Data-dependent acquisition;AC=PRIDE:0000627	NT=label free sample;AC=MS:1002038	NT=instrument model;AC=MS:1000031	not applicable	not available	1	1	1R3_TP.msf	v1.1.0	NT=ms-proteomics;VV=v1.1.0	NT=metaproteomics;VV=v1.0.0	NT=soil;VV=v1.0.0	manual curation	soil
1R4.msf	1R4.msf	rhizosphere metagenome	soil	not applicable	not available	Metaproteomics_reveals_insights_into_microbial_structure_interactions_and_dynamic_regulation_in_defined_communities_as_they_respond_to_environmental_disturbance	rhizosphere soil	rhizosphere soil	not available	not available	not available	not available	rhizosphere microbiome	1	1R4.msf	proteomic profiling by mass spectrometry	NT=Data-dependent acquisition;AC=PRIDE:0000627	NT=label free sample;AC=MS:1002038	NT=instrument model;AC=MS:1000031	not applicable	not available	1	1	1R4.msf	v1.1.0	NT=ms-proteomics;VV=v1.1.0	NT=metaproteomics;VV=v1.0.0	NT=soil;VV=v1.0.0	manual curation	soil
1R4_TP.msf	1R4_TP.msf	rhizosphere metagenome	soil	not applicable	not available	Metaproteomics_reveals_insights_into_microbial_structure_interactions_and_dynamic_regulation_in_defined_communities_as_they_respond_to_environmental_disturbance	rhizosphere soil	rhizosphere soil	not available	not available	not available	not available	rhizosphere microbiome	1	1R4_TP.msf	proteomic profiling by mass spectrometry	NT=Data-dependent acquisition;AC=PRIDE:0000627	NT=label free sample;AC=MS:1002038	NT=instrument model;AC=MS:1000031	not applicable	not available	1	1	1R4_TP.msf	v1.1.0	NT=ms-proteomics;VV=v1.1.0	NT=metaproteomics;VV=v1.0.0	NT=soil;VV=v1.0.0	manual curation	soil
1R5.msf	1R5.msf	rhizosphere metagenome	soil	not applicable	not available	Metaproteomics_reveals_insights_into_microbial_structure_interactions_and_dynamic_regulation_in_defined_communities_as_they_respond_to_environmental_disturbance	rhizosphere soil	rhizosphere soil	not available	not available	not available	not available	rhizosphere microbiome	1	1R5.msf	proteomic profiling by mass spectrometry	NT=Data-dependent acquisition;AC=PRIDE:0000627	NT=label free sample;AC=MS:1002038	NT=instrument model;AC=MS:1000031	not applicable	not available	1	1	1R5.msf	v1.1.0	NT=ms-proteomics;VV=v1.1.0	NT=metaproteomics;VV=v1.0.0	NT=soil;VV=v1.0.0	manual curation	soil
1R5_TP.msf	1R5_TP.msf	rhizosphere metagenome	soil	not applicable	not available	Metaproteomics_reveals_insights_into_microbial_structure_interactions_and_dynamic_regulation_in_defined_communities_as_they_respond_to_environmental_disturbance	rhizosphere soil	rhizosphere soil	not available	not available	not available	not available	rhizosphere microbiome	1	1R5_TP.msf	proteomic profiling by mass spectrometry	NT=Data-dependent acquisition;AC=PRIDE:0000627	NT=label free sample;AC=MS:1002038	NT=instrument model;AC=MS:1000031	not applicable	not available	1	1	1R5_TP.msf	v1.1.0	NT=ms-proteomics;VV=v1.1.0	NT=metaproteomics;VV=v1.0.0	NT=soil;VV=v1.0.0	manual curation	soil
2M0.msf	2M0.msf	rhizosphere metagenome	soil	not applicable	not available	Metaproteomics_reveals_insights_into_microbial_structure_interactions_and_dynamic_regulation_in_defined_communities_as_they_respond_to_environmental_disturbance	rhizosphere soil	rhizosphere soil	not available	not available	not available	not available	rhizosphere microbiome	1	2M0.msf	proteomic profiling by mass spectrometry	NT=Data-dependent acquisition;AC=PRIDE:0000627	NT=label free sample;AC=MS:1002038	NT=instrument model;AC=MS:1000031	not applicable	not available	1	1	2M0.msf	v1.1.0	NT=ms-proteomics;VV=v1.1.0	NT=metaproteomics;VV=v1.0.0	NT=soil;VV=v1.0.0	manual curation	soil
2M0_TP.msf	2M0_TP.msf	rhizosphere metagenome	soil	not applicable	not available	Metaproteomics_reveals_insights_into_microbial_structure_interactions_and_dynamic_regulation_in_defined_communities_as_they_respond_to_environmental_disturbance	rhizosphere soil	rhizosphere soil	not available	not available	not available	not available	rhizosphere microbiome	1	2M0_TP.msf	proteomic profiling by mass spectrometry	NT=Data-dependent acquisition;AC=PRIDE:0000627	NT=label free sample;AC=MS:1002038	NT=instrument model;AC=MS:1000031	not applicable	not available	1	1	2M0_TP.msf	v1.1.0	NT=ms-proteomics;VV=v1.1.0	NT=metaproteomics;VV=v1.0.0	NT=soil;VV=v1.0.0	manual curation	soil
2M1.msf	2M1.msf	rhizosphere metagenome	soil	not applicable	not available	Metaproteomics_reveals_insights_into_microbial_structure_interactions_and_dynamic_regulation_in_defined_communities_as_they_respond_to_environmental_disturbance	rhizosphere soil	rhizosphere soil	not available	not available	not available	not available	rhizosphere microbiome	1	2M1.msf	proteomic profiling by mass spectrometry	NT=Data-dependent acquisition;AC=PRIDE:0000627	NT=label free sample;AC=MS:1002038	NT=instrument model;AC=MS:1000031	not applicable	not available	1	1	2M1.msf	v1.1.0	NT=ms-proteomics;VV=v1.1.0	NT=metaproteomics;VV=v1.0.0	NT=soil;VV=v1.0.0	manual curation	soil
2M10.msf	2M10.msf	rhizosphere metagenome	soil	not applicable	not available	Metaproteomics_reveals_insights_into_microbial_structure_interactions_and_dynamic_regulation_in_defined_communities_as_they_respond_to_environmental_disturbance	rhizosphere soil	rhizosphere soil	not available	not available	not available	not available	rhizosphere microbiome	1	2M10.msf	proteomic profiling by mass spectrometry	NT=Data-dependent acquisition;AC=PRIDE:0000627	NT=label free sample;AC=MS:1002038	NT=instrument model;AC=MS:1000031	not applicable	not available	1	1	2M10.msf	v1.1.0	NT=ms-proteomics;VV=v1.1.0	NT=metaproteomics;VV=v1.0.0	NT=soil;VV=v1.0.0	manual curation	soil
2M10_TP.msf	2M10_TP.msf	rhizosphere metagenome	soil	not applicable	not available	Metaproteomics_reveals_insights_into_microbial_structure_interactions_and_dynamic_regulation_in_defined_communities_as_they_respond_to_environmental_disturbance	rhizosphere soil	rhizosphere soil	not available	not available	not available	not available	rhizosphere microbiome	1	2M10_TP.msf	proteomic profiling by mass spectrometry	NT=Data-dependent acquisition;AC=PRIDE:0000627	NT=label free sample;AC=MS:1002038	NT=instrument model;AC=MS:1000031	not applicable	not available	1	1	2M10_TP.msf	v1.1.0	NT=ms-proteomics;VV=v1.1.0	NT=metaproteomics;VV=v1.0.0	NT=soil;VV=v1.0.0	manual curation	soil
2M15.msf	2M15.msf	rhizosphere metagenome	soil	not applicable	not available	Metaproteomics_reveals_insights_into_microbial_structure_interactions_and_dynamic_regulation_in_defined_communities_as_they_respond_to_environmental_disturbance	rhizosphere soil	rhizosphere soil	not available	not available	not available	not available	rhizosphere microbiome	1	2M15.msf	proteomic profiling by mass spectrometry	NT=Data-dependent acquisition;AC=PRIDE:0000627	NT=label free sample;AC=MS:1002038	NT=instrument model;AC=MS:1000031	not applicable	not available	1	1	2M15.msf	v1.1.0	NT=ms-proteomics;VV=v1.1.0	NT=metaproteomics;VV=v1.0.0	NT=soil;VV=v1.0.0	manual curation	soil
2M15_TP.msf	2M15_TP.msf	rhizosphere metagenome	soil	not applicable	not available	Metaproteomics_reveals_insights_into_microbial_structure_interactions_and_dynamic_regulation_in_defined_communities_as_they_respond_to_environmental_disturbance	rhizosphere soil	rhizosphere soil	not available	not available	not available	not available	rhizosphere microbiome	1	2M15_TP.msf	proteomic profiling by mass spectrometry	NT=Data-dependent acquisition;AC=PRIDE:0000627	NT=label free sample;AC=MS:1002038	NT=instrument model;AC=MS:1000031	not applicable	not available	1	1	2M15_TP.msf	v1.1.0	NT=ms-proteomics;VV=v1.1.0	NT=metaproteomics;VV=v1.0.0	NT=soil;VV=v1.0.0	manual curation	soil
2M1_TP.msf	2M1_TP.msf	rhizosphere metagenome	soil	not applicable	not available	Metaproteomics_reveals_insights_into_microbial_structure_interactions_and_dynamic_regulation_in_defined_communities_as_they_respond_to_environmental_disturbance	rhizosphere soil	rhizosphere soil	not available	not available	not available	not available	rhizosphere microbiome	1	2M1_TP.msf	proteomic profiling by mass spectrometry	NT=Data-dependent acquisition;AC=PRIDE:0000627	NT=label free sample;AC=MS:1002038	NT=instrument model;AC=MS:1000031	not applicable	not available	1	1	2M1_TP.msf	v1.1.0	NT=ms-proteomics;VV=v1.1.0	NT=metaproteomics;VV=v1.0.0	NT=soil;VV=v1.0.0	manual curation	soil
2M2.msf	2M2.msf	rhizosphere metagenome	soil	not applicable	not available	Metaproteomics_reveals_insights_into_microbial_structure_interactions_and_dynamic_regulation_in_defined_communities_as_they_respond_to_environmental_disturbance	rhizosphere soil	rhizosphere soil	not available	not available	not available	not available	rhizosphere microbiome	1	2M2.msf	proteomic profiling by mass spectrometry	NT=Data-dependent acquisition;AC=PRIDE:0000627	NT=label free sample;AC=MS:1002038	NT=instrument model;AC=MS:1000031	not applicable	not available	1	1	2M2.msf	v1.1.0	NT=ms-proteomics;VV=v1.1.0	NT=metaproteomics;VV=v1.0.0	NT=soil;VV=v1.0.0	manual curation	soil
2M2_TP.msf	2M2_TP.msf	rhizosphere metagenome	soil	not applicable	not available	Metaproteomics_reveals_insights_into_microbial_structure_interactions_and_dynamic_regulation_in_defined_communities_as_they_respond_to_environmental_disturbance	rhizosphere soil	rhizosphere soil	not available	not available	not available	not available	rhizosphere microbiome	1	2M2_TP.msf	proteomic profiling by mass spectrometry	NT=Data-dependent acquisition;AC=PRIDE:0000627	NT=label free sample;AC=MS:1002038	NT=instrument model;AC=MS:1000031	not applicable	not available	1	1	2M2_TP.msf	v1.1.0	NT=ms-proteomics;VV=v1.1.0	NT=metaproteomics;VV=v1.0.0	NT=soil;VV=v1.0.0	manual curation	soil
2M3.msf	2M3.msf	rhizosphere metagenome	soil	not applicable	not available	Metaproteomics_reveals_insights_into_microbial_structure_interactions_and_dynamic_regulation_in_defined_communities_as_they_respond_to_environmental_disturbance	rhizosphere soil	rhizosphere soil	not available	not available	not available	not available	rhizosphere microbiome	1	2M3.msf	proteomic profiling by mass spectrometry	NT=Data-dependent acquisition;AC=PRIDE:0000627	NT=label free sample;AC=MS:1002038	NT=instrument model;AC=MS:1000031	not applicable	not available	1	1	2M3.msf	v1.1.0	NT=ms-proteomics;VV=v1.1.0	NT=metaproteomics;VV=v1.0.0	NT=soil;VV=v1.0.0	manual curation	soil
2M3_TP.msf	2M3_TP.msf	rhizosphere metagenome	soil	not applicable	not available	Metaproteomics_reveals_insights_into_microbial_structure_interactions_and_dynamic_regulation_in_defined_communities_as_they_respond_to_environmental_disturbance	rhizosphere soil	rhizosphere soil	not available	not available	not available	not available	rhizosphere microbiome	1	2M3_TP.msf	proteomic profiling by mass spectrometry	NT=Data-dependent acquisition;AC=PRIDE:0000627	NT=label free sample;AC=MS:1002038	NT=instrument model;AC=MS:1000031	not applicable	not available	1	1	2M3_TP.msf	v1.1.0	NT=ms-proteomics;VV=v1.1.0	NT=metaproteomics;VV=v1.0.0	NT=soil;VV=v1.0.0	manual curation	soil
2M4.msf	2M4.msf	rhizosphere metagenome	soil	not applicable	not available	Metaproteomics_reveals_insights_into_microbial_structure_interactions_and_dynamic_regulation_in_defined_communities_as_they_respond_to_environmental_disturbance	rhizosphere soil	rhizosphere soil	not available	not available	not available	not available	rhizosphere microbiome	1	2M4.msf	proteomic profiling by mass spectrometry	NT=Data-dependent acquisition;AC=PRIDE:0000627	NT=label free sample;AC=MS:1002038	NT=instrument model;AC=MS:1000031	not applicable	not available	1	1	2M4.msf	v1.1.0	NT=ms-proteomics;VV=v1.1.0	NT=metaproteomics;VV=v1.0.0	NT=soil;VV=v1.0.0	manual curation	soil
2M4_TP.msf	2M4_TP.msf	rhizosphere metagenome	soil	not applicable	not available	Metaproteomics_reveals_insights_into_microbial_structure_interactions_and_dynamic_regulation_in_defined_communities_as_they_respond_to_environmental_disturbance	rhizosphere soil	rhizosphere soil	not available	not available	not available	not available	rhizosphere microbiome	1	2M4_TP.msf	proteomic profiling by mass spectrometry	NT=Data-dependent acquisition;AC=PRIDE:0000627	NT=label free sample;AC=MS:1002038	NT=instrument model;AC=MS:1000031	not applicable	not available	1	1	2M4_TP.msf	v1.1.0	NT=ms-proteomics;VV=v1.1.0	NT=metaproteomics;VV=v1.0.0	NT=soil;VV=v1.0.0	manual curation	soil
2M5.msf	2M5.msf	rhizosphere metagenome	soil	not applicable	not available	Metaproteomics_reveals_insights_into_microbial_structure_interactions_and_dynamic_regulation_in_defined_communities_as_they_respond_to_environmental_disturbance	rhizosphere soil	rhizosphere soil	not available	not available	not available	not available	rhizosphere microbiome	1	2M5.msf	proteomic profiling by mass spectrometry	NT=Data-dependent acquisition;AC=PRIDE:0000627	NT=label free sample;AC=MS:1002038	NT=instrument model;AC=MS:1000031	not applicable	not available	1	1	2M5.msf	v1.1.0	NT=ms-proteomics;VV=v1.1.0	NT=metaproteomics;VV=v1.0.0	NT=soil;VV=v1.0.0	manual curation	soil
2M5_TP.msf	2M5_TP.msf	rhizosphere metagenome	soil	not applicable	not available	Metaproteomics_reveals_insights_into_microbial_structure_interactions_and_dynamic_regulation_in_defined_communities_as_they_respond_to_environmental_disturbance	rhizosphere soil	rhizosphere soil	not available	not available	not available	not available	rhizosphere microbiome	1	2M5_TP.msf	proteomic profiling by mass spectrometry	NT=Data-dependent acquisition;AC=PRIDE:0000627	NT=label free sample;AC=MS:1002038	NT=instrument model;AC=MS:1000031	not applicable	not available	1	1	2M5_TP.msf	v1.1.0	NT=ms-proteomics;VV=v1.1.0	NT=metaproteomics;VV=v1.0.0	NT=soil;VV=v1.0.0	manual curation	soil
2R0.msf	2R0.msf	rhizosphere metagenome	soil	not applicable	not available	Metaproteomics_reveals_insights_into_microbial_structure_interactions_and_dynamic_regulation_in_defined_communities_as_they_respond_to_environmental_disturbance	rhizosphere soil	rhizosphere soil	not available	not available	not available	not available	rhizosphere microbiome	1	2R0.msf	proteomic profiling by mass spectrometry	NT=Data-dependent acquisition;AC=PRIDE:0000627	NT=label free sample;AC=MS:1002038	NT=instrument model;AC=MS:1000031	not applicable	not available	1	1	2R0.msf	v1.1.0	NT=ms-proteomics;VV=v1.1.0	NT=metaproteomics;VV=v1.0.0	NT=soil;VV=v1.0.0	manual curation	soil
2R0_TP.msf	2R0_TP.msf	rhizosphere metagenome	soil	not applicable	not available	Metaproteomics_reveals_insights_into_microbial_structure_interactions_and_dynamic_regulation_in_defined_communities_as_they_respond_to_environmental_disturbance	rhizosphere soil	rhizosphere soil	not available	not available	not available	not available	rhizosphere microbiome	1	2R0_TP.msf	proteomic profiling by mass spectrometry	NT=Data-dependent acquisition;AC=PRIDE:0000627	NT=label free sample;AC=MS:1002038	NT=instrument model;AC=MS:1000031	not applicable	not available	1	1	2R0_TP.msf	v1.1.0	NT=ms-proteomics;VV=v1.1.0	NT=metaproteomics;VV=v1.0.0	NT=soil;VV=v1.0.0	manual curation	soil
2R1.msf	2R1.msf	rhizosphere metagenome	soil	not applicable	not available	Metaproteomics_reveals_insights_into_microbial_structure_interactions_and_dynamic_regulation_in_defined_communities_as_they_respond_to_environmental_disturbance	rhizosphere soil	rhizosphere soil	not available	not available	not available	not available	rhizosphere microbiome	1	2R1.msf	proteomic profiling by mass spectrometry	NT=Data-dependent acquisition;AC=PRIDE:0000627	NT=label free sample;AC=MS:1002038	NT=instrument model;AC=MS:1000031	not applicable	not available	1	1	2R1.msf	v1.1.0	NT=ms-proteomics;VV=v1.1.0	NT=metaproteomics;VV=v1.0.0	NT=soil;VV=v1.0.0	manual curation	soil
2R10.msf	2R10.msf	rhizosphere metagenome	soil	not applicable	not available	Metaproteomics_reveals_insights_into_microbial_structure_interactions_and_dynamic_regulation_in_defined_communities_as_they_respond_to_environmental_disturbance	rhizosphere soil	rhizosphere soil	not available	not available	not available	not available	rhizosphere microbiome	1	2R10.msf	proteomic profiling by mass spectrometry	NT=Data-dependent acquisition;AC=PRIDE:0000627	NT=label free sample;AC=MS:1002038	NT=instrument model;AC=MS:1000031	not applicable	not available	1	1	2R10.msf	v1.1.0	NT=ms-proteomics;VV=v1.1.0	NT=metaproteomics;VV=v1.0.0	NT=soil;VV=v1.0.0	manual curation	soil
2R10_TP.msf	2R10_TP.msf	rhizosphere metagenome	soil	not applicable	not available	Metaproteomics_reveals_insights_into_microbial_structure_interactions_and_dynamic_regulation_in_defined_communities_as_they_respond_to_environmental_disturbance	rhizosphere soil	rhizosphere soil	not available	not available	not available	not available	rhizosphere microbiome	1	2R10_TP.msf	proteomic profiling by mass spectrometry	NT=Data-dependent acquisition;AC=PRIDE:0000627	NT=label free sample;AC=MS:1002038	NT=instrument model;AC=MS:1000031	not applicable	not available	1	1	2R10_TP.msf	v1.1.0	NT=ms-proteomics;VV=v1.1.0	NT=metaproteomics;VV=v1.0.0	NT=soil;VV=v1.0.0	manual curation	soil
2R15.msf	2R15.msf	rhizosphere metagenome	soil	not applicable	not available	Metaproteomics_reveals_insights_into_microbial_structure_interactions_and_dynamic_regulation_in_defined_communities_as_they_respond_to_environmental_disturbance	rhizosphere soil	rhizosphere soil	not available	not available	not available	not available	rhizosphere microbiome	1	2R15.msf	proteomic profiling by mass spectrometry	NT=Data-dependent acquisition;AC=PRIDE:0000627	NT=label free sample;AC=MS:1002038	NT=instrument model;AC=MS:1000031	not applicable	not available	1	1	2R15.msf	v1.1.0	NT=ms-proteomics;VV=v1.1.0	NT=metaproteomics;VV=v1.0.0	NT=soil;VV=v1.0.0	manual curation	soil
2R15_TP.msf	2R15_TP.msf	rhizosphere metagenome	soil	not applicable	not available	Metaproteomics_reveals_insights_into_microbial_structure_interactions_and_dynamic_regulation_in_defined_communities_as_they_respond_to_environmental_disturbance	rhizosphere soil	rhizosphere soil	not available	not available	not available	not available	rhizosphere microbiome	1	2R15_TP.msf	proteomic profiling by mass spectrometry	NT=Data-dependent acquisition;AC=PRIDE:0000627	NT=label free sample;AC=MS:1002038	NT=instrument model;AC=MS:1000031	not applicable	not available	1	1	2R15_TP.msf	v1.1.0	NT=ms-proteomics;VV=v1.1.0	NT=metaproteomics;VV=v1.0.0	NT=soil;VV=v1.0.0	manual curation	soil
2R1_TP.msf	2R1_TP.msf	rhizosphere metagenome	soil	not applicable	not available	Metaproteomics_reveals_insights_into_microbial_structure_interactions_and_dynamic_regulation_in_defined_communities_as_they_respond_to_environmental_disturbance	rhizosphere soil	rhizosphere soil	not available	not available	not available	not available	rhizosphere microbiome	1	2R1_TP.msf	proteomic profiling by mass spectrometry	NT=Data-dependent acquisition;AC=PRIDE:0000627	NT=label free sample;AC=MS:1002038	NT=instrument model;AC=MS:1000031	not applicable	not available	1	1	2R1_TP.msf	v1.1.0	NT=ms-proteomics;VV=v1.1.0	NT=metaproteomics;VV=v1.0.0	NT=soil;VV=v1.0.0	manual curation	soil
2R2.msf	2R2.msf	rhizosphere metagenome	soil	not applicable	not available	Metaproteomics_reveals_insights_into_microbial_structure_interactions_and_dynamic_regulation_in_defined_communities_as_they_respond_to_environmental_disturbance	rhizosphere soil	rhizosphere soil	not available	not available	not available	not available	rhizosphere microbiome	1	2R2.msf	proteomic profiling by mass spectrometry	NT=Data-dependent acquisition;AC=PRIDE:0000627	NT=label free sample;AC=MS:1002038	NT=instrument model;AC=MS:1000031	not applicable	not available	1	1	2R2.msf	v1.1.0	NT=ms-proteomics;VV=v1.1.0	NT=metaproteomics;VV=v1.0.0	NT=soil;VV=v1.0.0	manual curation	soil
2R2_TP.msf	2R2_TP.msf	rhizosphere metagenome	soil	not applicable	not available	Metaproteomics_reveals_insights_into_microbial_structure_interactions_and_dynamic_regulation_in_defined_communities_as_they_respond_to_environmental_disturbance	rhizosphere soil	rhizosphere soil	not available	not available	not available	not available	rhizosphere microbiome	1	2R2_TP.msf	proteomic profiling by mass spectrometry	NT=Data-dependent acquisition;AC=PRIDE:0000627	NT=label free sample;AC=MS:1002038	NT=instrument model;AC=MS:1000031	not applicable	not available	1	1	2R2_TP.msf	v1.1.0	NT=ms-proteomics;VV=v1.1.0	NT=metaproteomics;VV=v1.0.0	NT=soil;VV=v1.0.0	manual curation	soil
2R3.msf	2R3.msf	rhizosphere metagenome	soil	not applicable	not available	Metaproteomics_reveals_insights_into_microbial_structure_interactions_and_dynamic_regulation_in_defined_communities_as_they_respond_to_environmental_disturbance	rhizosphere soil	rhizosphere soil	not available	not available	not available	not available	rhizosphere microbiome	1	2R3.msf	proteomic profiling by mass spectrometry	NT=Data-dependent acquisition;AC=PRIDE:0000627	NT=label free sample;AC=MS:1002038	NT=instrument model;AC=MS:1000031	not applicable	not available	1	1	2R3.msf	v1.1.0	NT=ms-proteomics;VV=v1.1.0	NT=metaproteomics;VV=v1.0.0	NT=soil;VV=v1.0.0	manual curation	soil
2R3_TP.msf	2R3_TP.msf	rhizosphere metagenome	soil	not applicable	not available	Metaproteomics_reveals_insights_into_microbial_structure_interactions_and_dynamic_regulation_in_defined_communities_as_they_respond_to_environmental_disturbance	rhizosphere soil	rhizosphere soil	not available	not available	not available	not available	rhizosphere microbiome	1	2R3_TP.msf	proteomic profiling by mass spectrometry	NT=Data-dependent acquisition;AC=PRIDE:0000627	NT=label free sample;AC=MS:1002038	NT=instrument model;AC=MS:1000031	not applicable	not available	1	1	2R3_TP.msf	v1.1.0	NT=ms-proteomics;VV=v1.1.0	NT=metaproteomics;VV=v1.0.0	NT=soil;VV=v1.0.0	manual curation	soil
2R4.msf	2R4.msf	rhizosphere metagenome	soil	not applicable	not available	Metaproteomics_reveals_insights_into_microbial_structure_interactions_and_dynamic_regulation_in_defined_communities_as_they_respond_to_environmental_disturbance	rhizosphere soil	rhizosphere soil	not available	not available	not available	not available	rhizosphere microbiome	1	2R4.msf	proteomic profiling by mass spectrometry	NT=Data-dependent acquisition;AC=PRIDE:0000627	NT=label free sample;AC=MS:1002038	NT=instrument model;AC=MS:1000031	not applicable	not available	1	1	2R4.msf	v1.1.0	NT=ms-proteomics;VV=v1.1.0	NT=metaproteomics;VV=v1.0.0	NT=soil;VV=v1.0.0	manual curation	soil
2R4_TP.msf	2R4_TP.msf	rhizosphere metagenome	soil	not applicable	not available	Metaproteomics_reveals_insights_into_microbial_structure_interactions_and_dynamic_regulation_in_defined_communities_as_they_respond_to_environmental_disturbance	rhizosphere soil	rhizosphere soil	not available	not available	not available	not available	rhizosphere microbiome	1	2R4_TP.msf	proteomic profiling by mass spectrometry	NT=Data-dependent acquisition;AC=PRIDE:0000627	NT=label free sample;AC=MS:1002038	NT=instrument model;AC=MS:1000031	not applicable	not available	1	1	2R4_TP.msf	v1.1.0	NT=ms-proteomics;VV=v1.1.0	NT=metaproteomics;VV=v1.0.0	NT=soil;VV=v1.0.0	manual curation	soil
2R5.msf	2R5.msf	rhizosphere metagenome	soil	not applicable	not available	Metaproteomics_reveals_insights_into_microbial_structure_interactions_and_dynamic_regulation_in_defined_communities_as_they_respond_to_environmental_disturbance	rhizosphere soil	rhizosphere soil	not available	not available	not available	not available	rhizosphere microbiome	1	2R5.msf	proteomic profiling by mass spectrometry	NT=Data-dependent acquisition;AC=PRIDE:0000627	NT=label free sample;AC=MS:1002038	NT=instrument model;AC=MS:1000031	not applicable	not available	1	1	2R5.msf	v1.1.0	NT=ms-proteomics;VV=v1.1.0	NT=metaproteomics;VV=v1.0.0	NT=soil;VV=v1.0.0	manual curation	soil
2R5_TP.msf	2R5_TP.msf	rhizosphere metagenome	soil	not applicable	not available	Metaproteomics_reveals_insights_into_microbial_structure_interactions_and_dynamic_regulation_in_defined_communities_as_they_respond_to_environmental_disturbance	rhizosphere soil	rhizosphere soil	not available	not available	not available	not available	rhizosphere microbiome	1	2R5_TP.msf	proteomic profiling by mass spectrometry	NT=Data-dependent acquisition;AC=PRIDE:0000627	NT=label free sample;AC=MS:1002038	NT=instrument model;AC=MS:1000031	not applicable	not available	1	1	2R5_TP.msf	v1.1.0	NT=ms-proteomics;VV=v1.1.0	NT=metaproteomics;VV=v1.0.0	NT=soil;VV=v1.0.0	manual curation	soil
3M0.msf	3M0.msf	rhizosphere metagenome	soil	not applicable	not available	Metaproteomics_reveals_insights_into_microbial_structure_interactions_and_dynamic_regulation_in_defined_communities_as_they_respond_to_environmental_disturbance	rhizosphere soil	rhizosphere soil	not available	not available	not available	not available	rhizosphere microbiome	1	3M0.msf	proteomic profiling by mass spectrometry	NT=Data-dependent acquisition;AC=PRIDE:0000627	NT=label free sample;AC=MS:1002038	NT=instrument model;AC=MS:1000031	not applicable	not available	1	1	3M0.msf	v1.1.0	NT=ms-proteomics;VV=v1.1.0	NT=metaproteomics;VV=v1.0.0	NT=soil;VV=v1.0.0	manual curation	soil
3M0_TP.msf	3M0_TP.msf	rhizosphere metagenome	soil	not applicable	not available	Metaproteomics_reveals_insights_into_microbial_structure_interactions_and_dynamic_regulation_in_defined_communities_as_they_respond_to_environmental_disturbance	rhizosphere soil	rhizosphere soil	not available	not available	not available	not available	rhizosphere microbiome	1	3M0_TP.msf	proteomic profiling by mass spectrometry	NT=Data-dependent acquisition;AC=PRIDE:0000627	NT=label free sample;AC=MS:1002038	NT=instrument model;AC=MS:1000031	not applicable	not available	1	1	3M0_TP.msf	v1.1.0	NT=ms-proteomics;VV=v1.1.0	NT=metaproteomics;VV=v1.0.0	NT=soil;VV=v1.0.0	manual curation	soil
3M1.msf	3M1.msf	rhizosphere metagenome	soil	not applicable	not available	Metaproteomics_reveals_insights_into_microbial_structure_interactions_and_dynamic_regulation_in_defined_communities_as_they_respond_to_environmental_disturbance	rhizosphere soil	rhizosphere soil	not available	not available	not available	not available	rhizosphere microbiome	1	3M1.msf	proteomic profiling by mass spectrometry	NT=Data-dependent acquisition;AC=PRIDE:0000627	NT=label free sample;AC=MS:1002038	NT=instrument model;AC=MS:1000031	not applicable	not available	1	1	3M1.msf	v1.1.0	NT=ms-proteomics;VV=v1.1.0	NT=metaproteomics;VV=v1.0.0	NT=soil;VV=v1.0.0	manual curation	soil
3M10.msf	3M10.msf	rhizosphere metagenome	soil	not applicable	not available	Metaproteomics_reveals_insights_into_microbial_structure_interactions_and_dynamic_regulation_in_defined_communities_as_they_respond_to_environmental_disturbance	rhizosphere soil	rhizosphere soil	not available	not available	not available	not available	rhizosphere microbiome	1	3M10.msf	proteomic profiling by mass spectrometry	NT=Data-dependent acquisition;AC=PRIDE:0000627	NT=label free sample;AC=MS:1002038	NT=instrument model;AC=MS:1000031	not applicable	not available	1	1	3M10.msf	v1.1.0	NT=ms-proteomics;VV=v1.1.0	NT=metaproteomics;VV=v1.0.0	NT=soil;VV=v1.0.0	manual curation	soil
3M10_TP.msf	3M10_TP.msf	rhizosphere metagenome	soil	not applicable	not available	Metaproteomics_reveals_insights_into_microbial_structure_interactions_and_dynamic_regulation_in_defined_communities_as_they_respond_to_environmental_disturbance	rhizosphere soil	rhizosphere soil	not available	not available	not available	not available	rhizosphere microbiome	1	3M10_TP.msf	proteomic profiling by mass spectrometry	NT=Data-dependent acquisition;AC=PRIDE:0000627	NT=label free sample;AC=MS:1002038	NT=instrument model;AC=MS:1000031	not applicable	not available	1	1	3M10_TP.msf	v1.1.0	NT=ms-proteomics;VV=v1.1.0	NT=metaproteomics;VV=v1.0.0	NT=soil;VV=v1.0.0	manual curation	soil
3M15.msf	3M15.msf	rhizosphere metagenome	soil	not applicable	not available	Metaproteomics_reveals_insights_into_microbial_structure_interactions_and_dynamic_regulation_in_defined_communities_as_they_respond_to_environmental_disturbance	rhizosphere soil	rhizosphere soil	not available	not available	not available	not available	rhizosphere microbiome	1	3M15.msf	proteomic profiling by mass spectrometry	NT=Data-dependent acquisition;AC=PRIDE:0000627	NT=label free sample;AC=MS:1002038	NT=instrument model;AC=MS:1000031	not applicable	not available	1	1	3M15.msf	v1.1.0	NT=ms-proteomics;VV=v1.1.0	NT=metaproteomics;VV=v1.0.0	NT=soil;VV=v1.0.0	manual curation	soil
3M15_TP.msf	3M15_TP.msf	rhizosphere metagenome	soil	not applicable	not available	Metaproteomics_reveals_insights_into_microbial_structure_interactions_and_dynamic_regulation_in_defined_communities_as_they_respond_to_environmental_disturbance	rhizosphere soil	rhizosphere soil	not available	not available	not available	not available	rhizosphere microbiome	1	3M15_TP.msf	proteomic profiling by mass spectrometry	NT=Data-dependent acquisition;AC=PRIDE:0000627	NT=label free sample;AC=MS:1002038	NT=instrument model;AC=MS:1000031	not applicable	not available	1	1	3M15_TP.msf	v1.1.0	NT=ms-proteomics;VV=v1.1.0	NT=metaproteomics;VV=v1.0.0	NT=soil;VV=v1.0.0	manual curation	soil
3M1_TP.msf	3M1_TP.msf	rhizosphere metagenome	soil	not applicable	not available	Metaproteomics_reveals_insights_into_microbial_structure_interactions_and_dynamic_regulation_in_defined_communities_as_they_respond_to_environmental_disturbance	rhizosphere soil	rhizosphere soil	not available	not available	not available	not available	rhizosphere microbiome	1	3M1_TP.msf	proteomic profiling by mass spectrometry	NT=Data-dependent acquisition;AC=PRIDE:0000627	NT=label free sample;AC=MS:1002038	NT=instrument model;AC=MS:1000031	not applicable	not available	1	1	3M1_TP.msf	v1.1.0	NT=ms-proteomics;VV=v1.1.0	NT=metaproteomics;VV=v1.0.0	NT=soil;VV=v1.0.0	manual curation	soil
3M2.msf	3M2.msf	rhizosphere metagenome	soil	not applicable	not available	Metaproteomics_reveals_insights_into_microbial_structure_interactions_and_dynamic_regulation_in_defined_communities_as_they_respond_to_environmental_disturbance	rhizosphere soil	rhizosphere soil	not available	not available	not available	not available	rhizosphere microbiome	1	3M2.msf	proteomic profiling by mass spectrometry	NT=Data-dependent acquisition;AC=PRIDE:0000627	NT=label free sample;AC=MS:1002038	NT=instrument model;AC=MS:1000031	not applicable	not available	1	1	3M2.msf	v1.1.0	NT=ms-proteomics;VV=v1.1.0	NT=metaproteomics;VV=v1.0.0	NT=soil;VV=v1.0.0	manual curation	soil
3M2_TP.msf	3M2_TP.msf	rhizosphere metagenome	soil	not applicable	not available	Metaproteomics_reveals_insights_into_microbial_structure_interactions_and_dynamic_regulation_in_defined_communities_as_they_respond_to_environmental_disturbance	rhizosphere soil	rhizosphere soil	not available	not available	not available	not available	rhizosphere microbiome	1	3M2_TP.msf	proteomic profiling by mass spectrometry	NT=Data-dependent acquisition;AC=PRIDE:0000627	NT=label free sample;AC=MS:1002038	NT=instrument model;AC=MS:1000031	not applicable	not available	1	1	3M2_TP.msf	v1.1.0	NT=ms-proteomics;VV=v1.1.0	NT=metaproteomics;VV=v1.0.0	NT=soil;VV=v1.0.0	manual curation	soil
3M3.msf	3M3.msf	rhizosphere metagenome	soil	not applicable	not available	Metaproteomics_reveals_insights_into_microbial_structure_interactions_and_dynamic_regulation_in_defined_communities_as_they_respond_to_environmental_disturbance	rhizosphere soil	rhizosphere soil	not available	not available	not available	not available	rhizosphere microbiome	1	3M3.msf	proteomic profiling by mass spectrometry	NT=Data-dependent acquisition;AC=PRIDE:0000627	NT=label free sample;AC=MS:1002038	NT=instrument model;AC=MS:1000031	not applicable	not available	1	1	3M3.msf	v1.1.0	NT=ms-proteomics;VV=v1.1.0	NT=metaproteomics;VV=v1.0.0	NT=soil;VV=v1.0.0	manual curation	soil
3M3_TP.msf	3M3_TP.msf	rhizosphere metagenome	soil	not applicable	not available	Metaproteomics_reveals_insights_into_microbial_structure_interactions_and_dynamic_regulation_in_defined_communities_as_they_respond_to_environmental_disturbance	rhizosphere soil	rhizosphere soil	not available	not available	not available	not available	rhizosphere microbiome	1	3M3_TP.msf	proteomic profiling by mass spectrometry	NT=Data-dependent acquisition;AC=PRIDE:0000627	NT=label free sample;AC=MS:1002038	NT=instrument model;AC=MS:1000031	not applicable	not available	1	1	3M3_TP.msf	v1.1.0	NT=ms-proteomics;VV=v1.1.0	NT=metaproteomics;VV=v1.0.0	NT=soil;VV=v1.0.0	manual curation	soil
3M4.msf	3M4.msf	rhizosphere metagenome	soil	not applicable	not available	Metaproteomics_reveals_insights_into_microbial_structure_interactions_and_dynamic_regulation_in_defined_communities_as_they_respond_to_environmental_disturbance	rhizosphere soil	rhizosphere soil	not available	not available	not available	not available	rhizosphere microbiome	1	3M4.msf	proteomic profiling by mass spectrometry	NT=Data-dependent acquisition;AC=PRIDE:0000627	NT=label free sample;AC=MS:1002038	NT=instrument model;AC=MS:1000031	not applicable	not available	1	1	3M4.msf	v1.1.0	NT=ms-proteomics;VV=v1.1.0	NT=metaproteomics;VV=v1.0.0	NT=soil;VV=v1.0.0	manual curation	soil
3M4_TP.msf	3M4_TP.msf	rhizosphere metagenome	soil	not applicable	not available	Metaproteomics_reveals_insights_into_microbial_structure_interactions_and_dynamic_regulation_in_defined_communities_as_they_respond_to_environmental_disturbance	rhizosphere soil	rhizosphere soil	not available	not available	not available	not available	rhizosphere microbiome	1	3M4_TP.msf	proteomic profiling by mass spectrometry	NT=Data-dependent acquisition;AC=PRIDE:0000627	NT=label free sample;AC=MS:1002038	NT=instrument model;AC=MS:1000031	not applicable	not available	1	1	3M4_TP.msf	v1.1.0	NT=ms-proteomics;VV=v1.1.0	NT=metaproteomics;VV=v1.0.0	NT=soil;VV=v1.0.0	manual curation	soil
3M5.msf	3M5.msf	rhizosphere metagenome	soil	not applicable	not available	Metaproteomics_reveals_insights_into_microbial_structure_interactions_and_dynamic_regulation_in_defined_communities_as_they_respond_to_environmental_disturbance	rhizosphere soil	rhizosphere soil	not available	not available	not available	not available	rhizosphere microbiome	1	3M5.msf	proteomic profiling by mass spectrometry	NT=Data-dependent acquisition;AC=PRIDE:0000627	NT=label free sample;AC=MS:1002038	NT=instrument model;AC=MS:1000031	not applicable	not available	1	1	3M5.msf	v1.1.0	NT=ms-proteomics;VV=v1.1.0	NT=metaproteomics;VV=v1.0.0	NT=soil;VV=v1.0.0	manual curation	soil
3M5_TP.msf	3M5_TP.msf	rhizosphere metagenome	soil	not applicable	not available	Metaproteomics_reveals_insights_into_microbial_structure_interactions_and_dynamic_regulation_in_defined_communities_as_they_respond_to_environmental_disturbance	rhizosphere soil	rhizosphere soil	not available	not available	not available	not available	rhizosphere microbiome	1	3M5_TP.msf	proteomic profiling by mass spectrometry	NT=Data-dependent acquisition;AC=PRIDE:0000627	NT=label free sample;AC=MS:1002038	NT=instrument model;AC=MS:1000031	not applicable	not available	1	1	3M5_TP.msf	v1.1.0	NT=ms-proteomics;VV=v1.1.0	NT=metaproteomics;VV=v1.0.0	NT=soil;VV=v1.0.0	manual curation	soil
3R0.msf	3R0.msf	rhizosphere metagenome	soil	not applicable	not available	Metaproteomics_reveals_insights_into_microbial_structure_interactions_and_dynamic_regulation_in_defined_communities_as_they_respond_to_environmental_disturbance	rhizosphere soil	rhizosphere soil	not available	not available	not available	not available	rhizosphere microbiome	1	3R0.msf	proteomic profiling by mass spectrometry	NT=Data-dependent acquisition;AC=PRIDE:0000627	NT=label free sample;AC=MS:1002038	NT=instrument model;AC=MS:1000031	not applicable	not available	1	1	3R0.msf	v1.1.0	NT=ms-proteomics;VV=v1.1.0	NT=metaproteomics;VV=v1.0.0	NT=soil;VV=v1.0.0	manual curation	soil
3R0_TP.msf	3R0_TP.msf	rhizosphere metagenome	soil	not applicable	not available	Metaproteomics_reveals_insights_into_microbial_structure_interactions_and_dynamic_regulation_in_defined_communities_as_they_respond_to_environmental_disturbance	rhizosphere soil	rhizosphere soil	not available	not available	not available	not available	rhizosphere microbiome	1	3R0_TP.msf	proteomic profiling by mass spectrometry	NT=Data-dependent acquisition;AC=PRIDE:0000627	NT=label free sample;AC=MS:1002038	NT=instrument model;AC=MS:1000031	not applicable	not available	1	1	3R0_TP.msf	v1.1.0	NT=ms-proteomics;VV=v1.1.0	NT=metaproteomics;VV=v1.0.0	NT=soil;VV=v1.0.0	manual curation	soil
3R1.msf	3R1.msf	rhizosphere metagenome	soil	not applicable	not available	Metaproteomics_reveals_insights_into_microbial_structure_interactions_and_dynamic_regulation_in_defined_communities_as_they_respond_to_environmental_disturbance	rhizosphere soil	rhizosphere soil	not available	not available	not available	not available	rhizosphere microbiome	1	3R1.msf	proteomic profiling by mass spectrometry	NT=Data-dependent acquisition;AC=PRIDE:0000627	NT=label free sample;AC=MS:1002038	NT=instrument model;AC=MS:1000031	not applicable	not available	1	1	3R1.msf	v1.1.0	NT=ms-proteomics;VV=v1.1.0	NT=metaproteomics;VV=v1.0.0	NT=soil;VV=v1.0.0	manual curation	soil
3R10.msf	3R10.msf	rhizosphere metagenome	soil	not applicable	not available	Metaproteomics_reveals_insights_into_microbial_structure_interactions_and_dynamic_regulation_in_defined_communities_as_they_respond_to_environmental_disturbance	rhizosphere soil	rhizosphere soil	not available	not available	not available	not available	rhizosphere microbiome	1	3R10.msf	proteomic profiling by mass spectrometry	NT=Data-dependent acquisition;AC=PRIDE:0000627	NT=label free sample;AC=MS:1002038	NT=instrument model;AC=MS:1000031	not applicable	not available	1	1	3R10.msf	v1.1.0	NT=ms-proteomics;VV=v1.1.0	NT=metaproteomics;VV=v1.0.0	NT=soil;VV=v1.0.0	manual curation	soil
3R10_TP.msf	3R10_TP.msf	rhizosphere metagenome	soil	not applicable	not available	Metaproteomics_reveals_insights_into_microbial_structure_interactions_and_dynamic_regulation_in_defined_communities_as_they_respond_to_environmental_disturbance	rhizosphere soil	rhizosphere soil	not available	not available	not available	not available	rhizosphere microbiome	1	3R10_TP.msf	proteomic profiling by mass spectrometry	NT=Data-dependent acquisition;AC=PRIDE:0000627	NT=label free sample;AC=MS:1002038	NT=instrument model;AC=MS:1000031	not applicable	not available	1	1	3R10_TP.msf	v1.1.0	NT=ms-proteomics;VV=v1.1.0	NT=metaproteomics;VV=v1.0.0	NT=soil;VV=v1.0.0	manual curation	soil
3R15.msf	3R15.msf	rhizosphere metagenome	soil	not applicable	not available	Metaproteomics_reveals_insights_into_microbial_structure_interactions_and_dynamic_regulation_in_defined_communities_as_they_respond_to_environmental_disturbance	rhizosphere soil	rhizosphere soil	not available	not available	not available	not available	rhizosphere microbiome	1	3R15.msf	proteomic profiling by mass spectrometry	NT=Data-dependent acquisition;AC=PRIDE:0000627	NT=label free sample;AC=MS:1002038	NT=instrument model;AC=MS:1000031	not applicable	not available	1	1	3R15.msf	v1.1.0	NT=ms-proteomics;VV=v1.1.0	NT=metaproteomics;VV=v1.0.0	NT=soil;VV=v1.0.0	manual curation	soil
3R15_TP.msf	3R15_TP.msf	rhizosphere metagenome	soil	not applicable	not available	Metaproteomics_reveals_insights_into_microbial_structure_interactions_and_dynamic_regulation_in_defined_communities_as_they_respond_to_environmental_disturbance	rhizosphere soil	rhizosphere soil	not available	not available	not available	not available	rhizosphere microbiome	1	3R15_TP.msf	proteomic profiling by mass spectrometry	NT=Data-dependent acquisition;AC=PRIDE:0000627	NT=label free sample;AC=MS:1002038	NT=instrument model;AC=MS:1000031	not applicable	not available	1	1	3R15_TP.msf	v1.1.0	NT=ms-proteomics;VV=v1.1.0	NT=metaproteomics;VV=v1.0.0	NT=soil;VV=v1.0.0	manual curation	soil
3R1_TP.msf	3R1_TP.msf	rhizosphere metagenome	soil	not applicable	not available	Metaproteomics_reveals_insights_into_microbial_structure_interactions_and_dynamic_regulation_in_defined_communities_as_they_respond_to_environmental_disturbance	rhizosphere soil	rhizosphere soil	not available	not available	not available	not available	rhizosphere microbiome	1	3R1_TP.msf	proteomic profiling by mass spectrometry	NT=Data-dependent acquisition;AC=PRIDE:0000627	NT=label free sample;AC=MS:1002038	NT=instrument model;AC=MS:1000031	not applicable	not available	1	1	3R1_TP.msf	v1.1.0	NT=ms-proteomics;VV=v1.1.0	NT=metaproteomics;VV=v1.0.0	NT=soil;VV=v1.0.0	manual curation	soil
3R2.msf	3R2.msf	rhizosphere metagenome	soil	not applicable	not available	Metaproteomics_reveals_insights_into_microbial_structure_interactions_and_dynamic_regulation_in_defined_communities_as_they_respond_to_environmental_disturbance	rhizosphere soil	rhizosphere soil	not available	not available	not available	not available	rhizosphere microbiome	1	3R2.msf	proteomic profiling by mass spectrometry	NT=Data-dependent acquisition;AC=PRIDE:0000627	NT=label free sample;AC=MS:1002038	NT=instrument model;AC=MS:1000031	not applicable	not available	1	1	3R2.msf	v1.1.0	NT=ms-proteomics;VV=v1.1.0	NT=metaproteomics;VV=v1.0.0	NT=soil;VV=v1.0.0	manual curation	soil
3R2_TP.msf	3R2_TP.msf	rhizosphere metagenome	soil	not applicable	not available	Metaproteomics_reveals_insights_into_microbial_structure_interactions_and_dynamic_regulation_in_defined_communities_as_they_respond_to_environmental_disturbance	rhizosphere soil	rhizosphere soil	not available	not available	not available	not available	rhizosphere microbiome	1	3R2_TP.msf	proteomic profiling by mass spectrometry	NT=Data-dependent acquisition;AC=PRIDE:0000627	NT=label free sample;AC=MS:1002038	NT=instrument model;AC=MS:1000031	not applicable	not available	1	1	3R2_TP.msf	v1.1.0	NT=ms-proteomics;VV=v1.1.0	NT=metaproteomics;VV=v1.0.0	NT=soil;VV=v1.0.0	manual curation	soil
3R3.msf	3R3.msf	rhizosphere metagenome	soil	not applicable	not available	Metaproteomics_reveals_insights_into_microbial_structure_interactions_and_dynamic_regulation_in_defined_communities_as_they_respond_to_environmental_disturbance	rhizosphere soil	rhizosphere soil	not available	not available	not available	not available	rhizosphere microbiome	1	3R3.msf	proteomic profiling by mass spectrometry	NT=Data-dependent acquisition;AC=PRIDE:0000627	NT=label free sample;AC=MS:1002038	NT=instrument model;AC=MS:1000031	not applicable	not available	1	1	3R3.msf	v1.1.0	NT=ms-proteomics;VV=v1.1.0	NT=metaproteomics;VV=v1.0.0	NT=soil;VV=v1.0.0	manual curation	soil
3R3_TP.msf	3R3_TP.msf	rhizosphere metagenome	soil	not applicable	not available	Metaproteomics_reveals_insights_into_microbial_structure_interactions_and_dynamic_regulation_in_defined_communities_as_they_respond_to_environmental_disturbance	rhizosphere soil	rhizosphere soil	not available	not available	not available	not available	rhizosphere microbiome	1	3R3_TP.msf	proteomic profiling by mass spectrometry	NT=Data-dependent acquisition;AC=PRIDE:0000627	NT=label free sample;AC=MS:1002038	NT=instrument model;AC=MS:1000031	not applicable	not available	1	1	3R3_TP.msf	v1.1.0	NT=ms-proteomics;VV=v1.1.0	NT=metaproteomics;VV=v1.0.0	NT=soil;VV=v1.0.0	manual curation	soil
3R4.msf	3R4.msf	rhizosphere metagenome	soil	not applicable	not available	Metaproteomics_reveals_insights_into_microbial_structure_interactions_and_dynamic_regulation_in_defined_communities_as_they_respond_to_environmental_disturbance	rhizosphere soil	rhizosphere soil	not available	not available	not available	not available	rhizosphere microbiome	1	3R4.msf	proteomic profiling by mass spectrometry	NT=Data-dependent acquisition;AC=PRIDE:0000627	NT=label free sample;AC=MS:1002038	NT=instrument model;AC=MS:1000031	not applicable	not available	1	1	3R4.msf	v1.1.0	NT=ms-proteomics;VV=v1.1.0	NT=metaproteomics;VV=v1.0.0	NT=soil;VV=v1.0.0	manual curation	soil
3R4_TP.msf	3R4_TP.msf	rhizosphere metagenome	soil	not applicable	not available	Metaproteomics_reveals_insights_into_microbial_structure_interactions_and_dynamic_regulation_in_defined_communities_as_they_respond_to_environmental_disturbance	rhizosphere soil	rhizosphere soil	not available	not available	not available	not available	rhizosphere microbiome	1	3R4_TP.msf	proteomic profiling by mass spectrometry	NT=Data-dependent acquisition;AC=PRIDE:0000627	NT=label free sample;AC=MS:1002038	NT=instrument model;AC=MS:1000031	not applicable	not available	1	1	3R4_TP.msf	v1.1.0	NT=ms-proteomics;VV=v1.1.0	NT=metaproteomics;VV=v1.0.0	NT=soil;VV=v1.0.0	manual curation	soil
3R5.msf	3R5.msf	rhizosphere metagenome	soil	not applicable	not available	Metaproteomics_reveals_insights_into_microbial_structure_interactions_and_dynamic_regulation_in_defined_communities_as_they_respond_to_environmental_disturbance	rhizosphere soil	rhizosphere soil	not available	not available	not available	not available	rhizosphere microbiome	1	3R5.msf	proteomic profiling by mass spectrometry	NT=Data-dependent acquisition;AC=PRIDE:0000627	NT=label free sample;AC=MS:1002038	NT=instrument model;AC=MS:1000031	not applicable	not available	1	1	3R5.msf	v1.1.0	NT=ms-proteomics;VV=v1.1.0	NT=metaproteomics;VV=v1.0.0	NT=soil;VV=v1.0.0	manual curation	soil
3R5_TP.msf	3R5_TP.msf	rhizosphere metagenome	soil	not applicable	not available	Metaproteomics_reveals_insights_into_microbial_structure_interactions_and_dynamic_regulation_in_defined_communities_as_they_respond_to_environmental_disturbance	rhizosphere soil	rhizosphere soil	not available	not available	not available	not available	rhizosphere microbiome	1	3R5_TP.msf	proteomic profiling by mass spectrometry	NT=Data-dependent acquisition;AC=PRIDE:0000627	NT=label free sample;AC=MS:1002038	NT=instrument model;AC=MS:1000031	not applicable	not available	1	1	3R5_TP.msf	v1.1.0	NT=ms-proteomics;VV=v1.1.0	NT=metaproteomics;VV=v1.0.0	NT=soil;VV=v1.0.0	manual curation	soil
File annotation README.txt	File_annotation_README.txt	rhizosphere metagenome	soil	not applicable	not available	Metaproteomics_reveals_insights_into_microbial_structure_interactions_and_dynamic_regulation_in_defined_communities_as_they_respond_to_environmental_disturbance	rhizosphere soil	rhizosphere soil	not available	not available	not available	not available	rhizosphere microbiome	1	File annotation README.txt	proteomic profiling by mass spectrometry	NT=Data-dependent acquisition;AC=PRIDE:0000627	NT=label free sample;AC=MS:1002038	NT=instrument model;AC=MS:1000031	not applicable	not available	1	1	File annotation README.txt	v1.1.0	NT=ms-proteomics;VV=v1.1.0	NT=metaproteomics;VV=v1.0.0	NT=soil;VV=v1.0.0	manual curation	soil
RSLCnano_1M0_2D_2plugs_35mM_NH4ACET8_5ug_90min_35cm_01	RSLCnano_1M0_2D_2plugs_35mM_NH4ACET8_5ug_90min_35cm_01	rhizosphere metagenome	soil	not applicable	not available	Metaproteomics_reveals_insights_into_microbial_structure_interactions_and_dynamic_regulation_in_defined_communities_as_they_respond_to_environmental_disturbance	rhizosphere soil	rhizosphere soil	not available	not available	not available	not available	rhizosphere microbiome	1	RSLCnano_1M0_2D_2plugs_35mM_NH4ACET8_5ug_90min_35cm_01	proteomic profiling by mass spectrometry	NT=Data-dependent acquisition;AC=PRIDE:0000627	NT=label free sample;AC=MS:1002038	NT=instrument model;AC=MS:1000031	not applicable	not available	1	1	RSLCnano_1M0_2D_2plugs_35mM_NH4ACET8_5ug_90min_35cm_01.raw	v1.1.0	NT=ms-proteomics;VV=v1.1.0	NT=metaproteomics;VV=v1.0.0	NT=soil;VV=v1.0.0	manual curation	soil
RSLCnano_1M0_2D_2plugs_500mM_NH4ACET8_5ug_90min_35cm_01	RSLCnano_1M0_2D_2plugs_500mM_NH4ACET8_5ug_90min_35cm_01	rhizosphere metagenome	soil	not applicable	not available	Metaproteomics_reveals_insights_into_microbial_structure_interactions_and_dynamic_regulation_in_defined_communities_as_they_respond_to_environmental_disturbance	rhizosphere soil	rhizosphere soil	not available	not available	not available	not available	rhizosphere microbiome	1	RSLCnano_1M0_2D_2plugs_500mM_NH4ACET8_5ug_90min_35cm_01	proteomic profiling by mass spectrometry	NT=Data-dependent acquisition;AC=PRIDE:0000627	NT=label free sample;AC=MS:1002038	NT=instrument model;AC=MS:1000031	not applicable	not available	1	1	RSLCnano_1M0_2D_2plugs_500mM_NH4ACET8_5ug_90min_35cm_01.raw	v1.1.0	NT=ms-proteomics;VV=v1.1.0	NT=metaproteomics;VV=v1.0.0	NT=soil;VV=v1.0.0	manual curation	soil
RSLCnano_1M0_2D_2plugs_50mM_NH4ACET8_5ug_90min_35cm_01	RSLCnano_1M0_2D_2plugs_50mM_NH4ACET8_5ug_90min_35cm_01	rhizosphere metagenome	soil	not applicable	not available	Metaproteomics_reveals_insights_into_microbial_structure_interactions_and_dynamic_regulation_in_defined_communities_as_they_respond_to_environmental_disturbance	rhizosphere soil	rhizosphere soil	not available	not available	not available	not available	rhizosphere microbiome	1	RSLCnano_1M0_2D_2plugs_50mM_NH4ACET8_5ug_90min_35cm_01	proteomic profiling by mass spectrometry	NT=Data-dependent acquisition;AC=PRIDE:0000627	NT=label free sample;AC=MS:1002038	NT=instrument model;AC=MS:1000031	not applicable	not available	1	1	RSLCnano_1M0_2D_2plugs_50mM_NH4ACET8_5ug_90min_35cm_01.raw	v1.1.0	NT=ms-proteomics;VV=v1.1.0	NT=metaproteomics;VV=v1.0.0	NT=soil;VV=v1.0.0	manual curation	soil
RSLCnano_1M10_2D_2plugs_35mM_NH4ACET8_5ug_90min_35cm_01	RSLCnano_1M10_2D_2plugs_35mM_NH4ACET8_5ug_90min_35cm_01	rhizosphere metagenome	soil	not applicable	not available	Metaproteomics_reveals_insights_into_microbial_structure_interactions_and_dynamic_regulation_in_defined_communities_as_they_respond_to_environmental_disturbance	rhizosphere soil	rhizosphere soil	not available	not available	not available	not available	rhizosphere microbiome	1	RSLCnano_1M10_2D_2plugs_35mM_NH4ACET8_5ug_90min_35cm_01	proteomic profiling by mass spectrometry	NT=Data-dependent acquisition;AC=PRIDE:0000627	NT=label free sample;AC=MS:1002038	NT=instrument model;AC=MS:1000031	not applicable	not available	1	1	RSLCnano_1M10_2D_2plugs_35mM_NH4ACET8_5ug_90min_35cm_01.raw	v1.1.0	NT=ms-proteomics;VV=v1.1.0	NT=metaproteomics;VV=v1.0.0	NT=soil;VV=v1.0.0	manual curation	soil
RSLCnano_1M10_2D_2plugs_500mM_NH4ACET8_5ug_90min_35cm_01	RSLCnano_1M10_2D_2plugs_500mM_NH4ACET8_5ug_90min_35cm_01	rhizosphere metagenome	soil	not applicable	not available	Metaproteomics_reveals_insights_into_microbial_structure_interactions_and_dynamic_regulation_in_defined_communities_as_they_respond_to_environmental_disturbance	rhizosphere soil	rhizosphere soil	not available	not available	not available	not available	rhizosphere microbiome	1	RSLCnano_1M10_2D_2plugs_500mM_NH4ACET8_5ug_90min_35cm_01	proteomic profiling by mass spectrometry	NT=Data-dependent acquisition;AC=PRIDE:0000627	NT=label free sample;AC=MS:1002038	NT=instrument model;AC=MS:1000031	not applicable	not available	1	1	RSLCnano_1M10_2D_2plugs_500mM_NH4ACET8_5ug_90min_35cm_01.raw	v1.1.0	NT=ms-proteomics;VV=v1.1.0	NT=metaproteomics;VV=v1.0.0	NT=soil;VV=v1.0.0	manual curation	soil
RSLCnano_1M10_2D_2plugs_50mM_NH4ACET8_5ug_90min_35cm_01	RSLCnano_1M10_2D_2plugs_50mM_NH4ACET8_5ug_90min_35cm_01	rhizosphere metagenome	soil	not applicable	not available	Metaproteomics_reveals_insights_into_microbial_structure_interactions_and_dynamic_regulation_in_defined_communities_as_they_respond_to_environmental_disturbance	rhizosphere soil	rhizosphere soil	not available	not available	not available	not available	rhizosphere microbiome	1	RSLCnano_1M10_2D_2plugs_50mM_NH4ACET8_5ug_90min_35cm_01	proteomic profiling by mass spectrometry	NT=Data-dependent acquisition;AC=PRIDE:0000627	NT=label free sample;AC=MS:1002038	NT=instrument model;AC=MS:1000031	not applicable	not available	1	1	RSLCnano_1M10_2D_2plugs_50mM_NH4ACET8_5ug_90min_35cm_01.raw	v1.1.0	NT=ms-proteomics;VV=v1.1.0	NT=metaproteomics;VV=v1.0.0	NT=soil;VV=v1.0.0	manual curation	soil
RSLCnano_1M15_2D_2plugs_35mM_NH4ACET8_5ug_90min_35cm_01	RSLCnano_1M15_2D_2plugs_35mM_NH4ACET8_5ug_90min_35cm_01	rhizosphere metagenome	soil	not applicable	not available	Metaproteomics_reveals_insights_into_microbial_structure_interactions_and_dynamic_regulation_in_defined_communities_as_they_respond_to_environmental_disturbance	rhizosphere soil	rhizosphere soil	not available	not available	not available	not available	rhizosphere microbiome	1	RSLCnano_1M15_2D_2plugs_35mM_NH4ACET8_5ug_90min_35cm_01	proteomic profiling by mass spectrometry	NT=Data-dependent acquisition;AC=PRIDE:0000627	NT=label free sample;AC=MS:1002038	NT=instrument model;AC=MS:1000031	not applicable	not available	1	1	RSLCnano_1M15_2D_2plugs_35mM_NH4ACET8_5ug_90min_35cm_01.raw	v1.1.0	NT=ms-proteomics;VV=v1.1.0	NT=metaproteomics;VV=v1.0.0	NT=soil;VV=v1.0.0	manual curation	soil
RSLCnano_1M15_2D_2plugs_500mM_NH4ACET8_5ug_90min_35cm_01	RSLCnano_1M15_2D_2plugs_500mM_NH4ACET8_5ug_90min_35cm_01	rhizosphere metagenome	soil	not applicable	not available	Metaproteomics_reveals_insights_into_microbial_structure_interactions_and_dynamic_regulation_in_defined_communities_as_they_respond_to_environmental_disturbance	rhizosphere soil	rhizosphere soil	not available	not available	not available	not available	rhizosphere microbiome	1	RSLCnano_1M15_2D_2plugs_500mM_NH4ACET8_5ug_90min_35cm_01	proteomic profiling by mass spectrometry	NT=Data-dependent acquisition;AC=PRIDE:0000627	NT=label free sample;AC=MS:1002038	NT=instrument model;AC=MS:1000031	not applicable	not available	1	1	RSLCnano_1M15_2D_2plugs_500mM_NH4ACET8_5ug_90min_35cm_01.raw	v1.1.0	NT=ms-proteomics;VV=v1.1.0	NT=metaproteomics;VV=v1.0.0	NT=soil;VV=v1.0.0	manual curation	soil
RSLCnano_1M15_2D_2plugs_50mM_NH4ACET8_5ug_90min_35cm_01	RSLCnano_1M15_2D_2plugs_50mM_NH4ACET8_5ug_90min_35cm_01	rhizosphere metagenome	soil	not applicable	not available	Metaproteomics_reveals_insights_into_microbial_structure_interactions_and_dynamic_regulation_in_defined_communities_as_they_respond_to_environmental_disturbance	rhizosphere soil	rhizosphere soil	not available	not available	not available	not available	rhizosphere microbiome	1	RSLCnano_1M15_2D_2plugs_50mM_NH4ACET8_5ug_90min_35cm_01	proteomic profiling by mass spectrometry	NT=Data-dependent acquisition;AC=PRIDE:0000627	NT=label free sample;AC=MS:1002038	NT=instrument model;AC=MS:1000031	not applicable	not available	1	1	RSLCnano_1M15_2D_2plugs_50mM_NH4ACET8_5ug_90min_35cm_01.raw	v1.1.0	NT=ms-proteomics;VV=v1.1.0	NT=metaproteomics;VV=v1.0.0	NT=soil;VV=v1.0.0	manual curation	soil
RSLCnano_1M1_2D_2plugs_35mM_NH4ACET8_5ug_90min_35cm_01	RSLCnano_1M1_2D_2plugs_35mM_NH4ACET8_5ug_90min_35cm_01	rhizosphere metagenome	soil	not applicable	not available	Metaproteomics_reveals_insights_into_microbial_structure_interactions_and_dynamic_regulation_in_defined_communities_as_they_respond_to_environmental_disturbance	rhizosphere soil	rhizosphere soil	not available	not available	not available	not available	rhizosphere microbiome	1	RSLCnano_1M1_2D_2plugs_35mM_NH4ACET8_5ug_90min_35cm_01	proteomic profiling by mass spectrometry	NT=Data-dependent acquisition;AC=PRIDE:0000627	NT=label free sample;AC=MS:1002038	NT=instrument model;AC=MS:1000031	not applicable	not available	1	1	RSLCnano_1M1_2D_2plugs_35mM_NH4ACET8_5ug_90min_35cm_01.raw	v1.1.0	NT=ms-proteomics;VV=v1.1.0	NT=metaproteomics;VV=v1.0.0	NT=soil;VV=v1.0.0	manual curation	soil
RSLCnano_1M1_2D_2plugs_500mM_NH4ACET8_5ug_90min_35cm_01	RSLCnano_1M1_2D_2plugs_500mM_NH4ACET8_5ug_90min_35cm_01	rhizosphere metagenome	soil	not applicable	not available	Metaproteomics_reveals_insights_into_microbial_structure_interactions_and_dynamic_regulation_in_defined_communities_as_they_respond_to_environmental_disturbance	rhizosphere soil	rhizosphere soil	not available	not available	not available	not available	rhizosphere microbiome	1	RSLCnano_1M1_2D_2plugs_500mM_NH4ACET8_5ug_90min_35cm_01	proteomic profiling by mass spectrometry	NT=Data-dependent acquisition;AC=PRIDE:0000627	NT=label free sample;AC=MS:1002038	NT=instrument model;AC=MS:1000031	not applicable	not available	1	1	RSLCnano_1M1_2D_2plugs_500mM_NH4ACET8_5ug_90min_35cm_01.raw	v1.1.0	NT=ms-proteomics;VV=v1.1.0	NT=metaproteomics;VV=v1.0.0	NT=soil;VV=v1.0.0	manual curation	soil
RSLCnano_1M1_2D_2plugs_50mM_NH4ACET8_5ug_90min_35cm_01	RSLCnano_1M1_2D_2plugs_50mM_NH4ACET8_5ug_90min_35cm_01	rhizosphere metagenome	soil	not applicable	not available	Metaproteomics_reveals_insights_into_microbial_structure_interactions_and_dynamic_regulation_in_defined_communities_as_they_respond_to_environmental_disturbance	rhizosphere soil	rhizosphere soil	not available	not available	not available	not available	rhizosphere microbiome	1	RSLCnano_1M1_2D_2plugs_50mM_NH4ACET8_5ug_90min_35cm_01	proteomic profiling by mass spectrometry	NT=Data-dependent acquisition;AC=PRIDE:0000627	NT=label free sample;AC=MS:1002038	NT=instrument model;AC=MS:1000031	not applicable	not available	1	1	RSLCnano_1M1_2D_2plugs_50mM_NH4ACET8_5ug_90min_35cm_01.raw	v1.1.0	NT=ms-proteomics;VV=v1.1.0	NT=metaproteomics;VV=v1.0.0	NT=soil;VV=v1.0.0	manual curation	soil
RSLCnano_1M2_2D_2plugs_35mM_NH4ACET8_5ug_90min_35cm_01	RSLCnano_1M2_2D_2plugs_35mM_NH4ACET8_5ug_90min_35cm_01	rhizosphere metagenome	soil	not applicable	not available	Metaproteomics_reveals_insights_into_microbial_structure_interactions_and_dynamic_regulation_in_defined_communities_as_they_respond_to_environmental_disturbance	rhizosphere soil	rhizosphere soil	not available	not available	not available	not available	rhizosphere microbiome	1	RSLCnano_1M2_2D_2plugs_35mM_NH4ACET8_5ug_90min_35cm_01	proteomic profiling by mass spectrometry	NT=Data-dependent acquisition;AC=PRIDE:0000627	NT=label free sample;AC=MS:1002038	NT=instrument model;AC=MS:1000031	not applicable	not available	1	1	RSLCnano_1M2_2D_2plugs_35mM_NH4ACET8_5ug_90min_35cm_01.raw	v1.1.0	NT=ms-proteomics;VV=v1.1.0	NT=metaproteomics;VV=v1.0.0	NT=soil;VV=v1.0.0	manual curation	soil
RSLCnano_1M2_2D_2plugs_500mM_NH4ACET8_5ug_90min_35cm_01	RSLCnano_1M2_2D_2plugs_500mM_NH4ACET8_5ug_90min_35cm_01	rhizosphere metagenome	soil	not applicable	not available	Metaproteomics_reveals_insights_into_microbial_structure_interactions_and_dynamic_regulation_in_defined_communities_as_they_respond_to_environmental_disturbance	rhizosphere soil	rhizosphere soil	not available	not available	not available	not available	rhizosphere microbiome	1	RSLCnano_1M2_2D_2plugs_500mM_NH4ACET8_5ug_90min_35cm_01	proteomic profiling by mass spectrometry	NT=Data-dependent acquisition;AC=PRIDE:0000627	NT=label free sample;AC=MS:1002038	NT=instrument model;AC=MS:1000031	not applicable	not available	1	1	RSLCnano_1M2_2D_2plugs_500mM_NH4ACET8_5ug_90min_35cm_01.raw	v1.1.0	NT=ms-proteomics;VV=v1.1.0	NT=metaproteomics;VV=v1.0.0	NT=soil;VV=v1.0.0	manual curation	soil
RSLCnano_1M2_2D_2plugs_50mM_NH4ACET8_5ug_90min_35cm_01	RSLCnano_1M2_2D_2plugs_50mM_NH4ACET8_5ug_90min_35cm_01	rhizosphere metagenome	soil	not applicable	not available	Metaproteomics_reveals_insights_into_microbial_structure_interactions_and_dynamic_regulation_in_defined_communities_as_they_respond_to_environmental_disturbance	rhizosphere soil	rhizosphere soil	not available	not available	not available	not available	rhizosphere microbiome	1	RSLCnano_1M2_2D_2plugs_50mM_NH4ACET8_5ug_90min_35cm_01	proteomic profiling by mass spectrometry	NT=Data-dependent acquisition;AC=PRIDE:0000627	NT=label free sample;AC=MS:1002038	NT=instrument model;AC=MS:1000031	not applicable	not available	1	1	RSLCnano_1M2_2D_2plugs_50mM_NH4ACET8_5ug_90min_35cm_01.raw	v1.1.0	NT=ms-proteomics;VV=v1.1.0	NT=metaproteomics;VV=v1.0.0	NT=soil;VV=v1.0.0	manual curation	soil
RSLCnano_1M3_2D_2plugs_35mM_NH4ACET8_5ug_90min_35cm_01	RSLCnano_1M3_2D_2plugs_35mM_NH4ACET8_5ug_90min_35cm_01	rhizosphere metagenome	soil	not applicable	not available	Metaproteomics_reveals_insights_into_microbial_structure_interactions_and_dynamic_regulation_in_defined_communities_as_they_respond_to_environmental_disturbance	rhizosphere soil	rhizosphere soil	not available	not available	not available	not available	rhizosphere microbiome	1	RSLCnano_1M3_2D_2plugs_35mM_NH4ACET8_5ug_90min_35cm_01	proteomic profiling by mass spectrometry	NT=Data-dependent acquisition;AC=PRIDE:0000627	NT=label free sample;AC=MS:1002038	NT=instrument model;AC=MS:1000031	not applicable	not available	1	1	RSLCnano_1M3_2D_2plugs_35mM_NH4ACET8_5ug_90min_35cm_01.raw	v1.1.0	NT=ms-proteomics;VV=v1.1.0	NT=metaproteomics;VV=v1.0.0	NT=soil;VV=v1.0.0	manual curation	soil
RSLCnano_1M3_2D_2plugs_500mM_NH4ACET8_5ug_90min_35cm_01	RSLCnano_1M3_2D_2plugs_500mM_NH4ACET8_5ug_90min_35cm_01	rhizosphere metagenome	soil	not applicable	not available	Metaproteomics_reveals_insights_into_microbial_structure_interactions_and_dynamic_regulation_in_defined_communities_as_they_respond_to_environmental_disturbance	rhizosphere soil	rhizosphere soil	not available	not available	not available	not available	rhizosphere microbiome	1	RSLCnano_1M3_2D_2plugs_500mM_NH4ACET8_5ug_90min_35cm_01	proteomic profiling by mass spectrometry	NT=Data-dependent acquisition;AC=PRIDE:0000627	NT=label free sample;AC=MS:1002038	NT=instrument model;AC=MS:1000031	not applicable	not available	1	1	RSLCnano_1M3_2D_2plugs_500mM_NH4ACET8_5ug_90min_35cm_01.raw	v1.1.0	NT=ms-proteomics;VV=v1.1.0	NT=metaproteomics;VV=v1.0.0	NT=soil;VV=v1.0.0	manual curation	soil
RSLCnano_1M3_2D_2plugs_50mM_NH4ACET8_5ug_90min_35cm_01	RSLCnano_1M3_2D_2plugs_50mM_NH4ACET8_5ug_90min_35cm_01	rhizosphere metagenome	soil	not applicable	not available	Metaproteomics_reveals_insights_into_microbial_structure_interactions_and_dynamic_regulation_in_defined_communities_as_they_respond_to_environmental_disturbance	rhizosphere soil	rhizosphere soil	not available	not available	not available	not available	rhizosphere microbiome	1	RSLCnano_1M3_2D_2plugs_50mM_NH4ACET8_5ug_90min_35cm_01	proteomic profiling by mass spectrometry	NT=Data-dependent acquisition;AC=PRIDE:0000627	NT=label free sample;AC=MS:1002038	NT=instrument model;AC=MS:1000031	not applicable	not available	1	1	RSLCnano_1M3_2D_2plugs_50mM_NH4ACET8_5ug_90min_35cm_01.raw	v1.1.0	NT=ms-proteomics;VV=v1.1.0	NT=metaproteomics;VV=v1.0.0	NT=soil;VV=v1.0.0	manual curation	soil
RSLCnano_1M4_2D_2plugs_35mM_NH4ACET8_5ug_90min_35cm_01	RSLCnano_1M4_2D_2plugs_35mM_NH4ACET8_5ug_90min_35cm_01	rhizosphere metagenome	soil	not applicable	not available	Metaproteomics_reveals_insights_into_microbial_structure_interactions_and_dynamic_regulation_in_defined_communities_as_they_respond_to_environmental_disturbance	rhizosphere soil	rhizosphere soil	not available	not available	not available	not available	rhizosphere microbiome	1	RSLCnano_1M4_2D_2plugs_35mM_NH4ACET8_5ug_90min_35cm_01	proteomic profiling by mass spectrometry	NT=Data-dependent acquisition;AC=PRIDE:0000627	NT=label free sample;AC=MS:1002038	NT=instrument model;AC=MS:1000031	not applicable	not available	1	1	RSLCnano_1M4_2D_2plugs_35mM_NH4ACET8_5ug_90min_35cm_01.raw	v1.1.0	NT=ms-proteomics;VV=v1.1.0	NT=metaproteomics;VV=v1.0.0	NT=soil;VV=v1.0.0	manual curation	soil
RSLCnano_1M4_2D_2plugs_500mM_NH4ACET8_5ug_90min_35cm_01	RSLCnano_1M4_2D_2plugs_500mM_NH4ACET8_5ug_90min_35cm_01	rhizosphere metagenome	soil	not applicable	not available	Metaproteomics_reveals_insights_into_microbial_structure_interactions_and_dynamic_regulation_in_defined_communities_as_they_respond_to_environmental_disturbance	rhizosphere soil	rhizosphere soil	not available	not available	not available	not available	rhizosphere microbiome	1	RSLCnano_1M4_2D_2plugs_500mM_NH4ACET8_5ug_90min_35cm_01	proteomic profiling by mass spectrometry	NT=Data-dependent acquisition;AC=PRIDE:0000627	NT=label free sample;AC=MS:1002038	NT=instrument model;AC=MS:1000031	not applicable	not available	1	1	RSLCnano_1M4_2D_2plugs_500mM_NH4ACET8_5ug_90min_35cm_01.raw	v1.1.0	NT=ms-proteomics;VV=v1.1.0	NT=metaproteomics;VV=v1.0.0	NT=soil;VV=v1.0.0	manual curation	soil
RSLCnano_1M4_2D_2plugs_50mM_NH4ACET8_5ug_90min_35cm_01	RSLCnano_1M4_2D_2plugs_50mM_NH4ACET8_5ug_90min_35cm_01	rhizosphere metagenome	soil	not applicable	not available	Metaproteomics_reveals_insights_into_microbial_structure_interactions_and_dynamic_regulation_in_defined_communities_as_they_respond_to_environmental_disturbance	rhizosphere soil	rhizosphere soil	not available	not available	not available	not available	rhizosphere microbiome	1	RSLCnano_1M4_2D_2plugs_50mM_NH4ACET8_5ug_90min_35cm_01	proteomic profiling by mass spectrometry	NT=Data-dependent acquisition;AC=PRIDE:0000627	NT=label free sample;AC=MS:1002038	NT=instrument model;AC=MS:1000031	not applicable	not available	1	1	RSLCnano_1M4_2D_2plugs_50mM_NH4ACET8_5ug_90min_35cm_01.raw	v1.1.0	NT=ms-proteomics;VV=v1.1.0	NT=metaproteomics;VV=v1.0.0	NT=soil;VV=v1.0.0	manual curation	soil
RSLCnano_1M5_2D_2plugs_35mM_NH4ACET8_5ug_90min_35cm_01	RSLCnano_1M5_2D_2plugs_35mM_NH4ACET8_5ug_90min_35cm_01	rhizosphere metagenome	soil	not applicable	not available	Metaproteomics_reveals_insights_into_microbial_structure_interactions_and_dynamic_regulation_in_defined_communities_as_they_respond_to_environmental_disturbance	rhizosphere soil	rhizosphere soil	not available	not available	not available	not available	rhizosphere microbiome	1	RSLCnano_1M5_2D_2plugs_35mM_NH4ACET8_5ug_90min_35cm_01	proteomic profiling by mass spectrometry	NT=Data-dependent acquisition;AC=PRIDE:0000627	NT=label free sample;AC=MS:1002038	NT=instrument model;AC=MS:1000031	not applicable	not available	1	1	RSLCnano_1M5_2D_2plugs_35mM_NH4ACET8_5ug_90min_35cm_01.raw	v1.1.0	NT=ms-proteomics;VV=v1.1.0	NT=metaproteomics;VV=v1.0.0	NT=soil;VV=v1.0.0	manual curation	soil
RSLCnano_1M5_2D_2plugs_500mM_NH4ACET8_5ug_90min_35cm_01	RSLCnano_1M5_2D_2plugs_500mM_NH4ACET8_5ug_90min_35cm_01	rhizosphere metagenome	soil	not applicable	not available	Metaproteomics_reveals_insights_into_microbial_structure_interactions_and_dynamic_regulation_in_defined_communities_as_they_respond_to_environmental_disturbance	rhizosphere soil	rhizosphere soil	not available	not available	not available	not available	rhizosphere microbiome	1	RSLCnano_1M5_2D_2plugs_500mM_NH4ACET8_5ug_90min_35cm_01	proteomic profiling by mass spectrometry	NT=Data-dependent acquisition;AC=PRIDE:0000627	NT=label free sample;AC=MS:1002038	NT=instrument model;AC=MS:1000031	not applicable	not available	1	1	RSLCnano_1M5_2D_2plugs_500mM_NH4ACET8_5ug_90min_35cm_01.raw	v1.1.0	NT=ms-proteomics;VV=v1.1.0	NT=metaproteomics;VV=v1.0.0	NT=soil;VV=v1.0.0	manual curation	soil
RSLCnano_1M5_2D_2plugs_50mM_NH4ACET8_5ug_90min_35cm_01	RSLCnano_1M5_2D_2plugs_50mM_NH4ACET8_5ug_90min_35cm_01	rhizosphere metagenome	soil	not applicable	not available	Metaproteomics_reveals_insights_into_microbial_structure_interactions_and_dynamic_regulation_in_defined_communities_as_they_respond_to_environmental_disturbance	rhizosphere soil	rhizosphere soil	not available	not available	not available	not available	rhizosphere microbiome	1	RSLCnano_1M5_2D_2plugs_50mM_NH4ACET8_5ug_90min_35cm_01	proteomic profiling by mass spectrometry	NT=Data-dependent acquisition;AC=PRIDE:0000627	NT=label free sample;AC=MS:1002038	NT=instrument model;AC=MS:1000031	not applicable	not available	1	1	RSLCnano_1M5_2D_2plugs_50mM_NH4ACET8_5ug_90min_35cm_01.raw	v1.1.0	NT=ms-proteomics;VV=v1.1.0	NT=metaproteomics;VV=v1.0.0	NT=soil;VV=v1.0.0	manual curation	soil
RSLCnano_1R0_2D_2plugs_35mM_NH4ACET8_5ug_90min_35cm_01	RSLCnano_1R0_2D_2plugs_35mM_NH4ACET8_5ug_90min_35cm_01	rhizosphere metagenome	soil	not applicable	not available	Metaproteomics_reveals_insights_into_microbial_structure_interactions_and_dynamic_regulation_in_defined_communities_as_they_respond_to_environmental_disturbance	rhizosphere soil	rhizosphere soil	not available	not available	not available	not available	rhizosphere microbiome	1	RSLCnano_1R0_2D_2plugs_35mM_NH4ACET8_5ug_90min_35cm_01	proteomic profiling by mass spectrometry	NT=Data-dependent acquisition;AC=PRIDE:0000627	NT=label free sample;AC=MS:1002038	NT=instrument model;AC=MS:1000031	not applicable	not available	1	1	RSLCnano_1R0_2D_2plugs_35mM_NH4ACET8_5ug_90min_35cm_01.raw	v1.1.0	NT=ms-proteomics;VV=v1.1.0	NT=metaproteomics;VV=v1.0.0	NT=soil;VV=v1.0.0	manual curation	soil
RSLCnano_1R0_2D_2plugs_500mM_NH4ACET8_5ug_90min_35cm_01	RSLCnano_1R0_2D_2plugs_500mM_NH4ACET8_5ug_90min_35cm_01	rhizosphere metagenome	soil	not applicable	not available	Metaproteomics_reveals_insights_into_microbial_structure_interactions_and_dynamic_regulation_in_defined_communities_as_they_respond_to_environmental_disturbance	rhizosphere soil	rhizosphere soil	not available	not available	not available	not available	rhizosphere microbiome	1	RSLCnano_1R0_2D_2plugs_500mM_NH4ACET8_5ug_90min_35cm_01	proteomic profiling by mass spectrometry	NT=Data-dependent acquisition;AC=PRIDE:0000627	NT=label free sample;AC=MS:1002038	NT=instrument model;AC=MS:1000031	not applicable	not available	1	1	RSLCnano_1R0_2D_2plugs_500mM_NH4ACET8_5ug_90min_35cm_01.raw	v1.1.0	NT=ms-proteomics;VV=v1.1.0	NT=metaproteomics;VV=v1.0.0	NT=soil;VV=v1.0.0	manual curation	soil
RSLCnano_1R0_2D_2plugs_50mM_NH4ACET8_5ug_90min_35cm_01	RSLCnano_1R0_2D_2plugs_50mM_NH4ACET8_5ug_90min_35cm_01	rhizosphere metagenome	soil	not applicable	not available	Metaproteomics_reveals_insights_into_microbial_structure_interactions_and_dynamic_regulation_in_defined_communities_as_they_respond_to_environmental_disturbance	rhizosphere soil	rhizosphere soil	not available	not available	not available	not available	rhizosphere microbiome	1	RSLCnano_1R0_2D_2plugs_50mM_NH4ACET8_5ug_90min_35cm_01	proteomic profiling by mass spectrometry	NT=Data-dependent acquisition;AC=PRIDE:0000627	NT=label free sample;AC=MS:1002038	NT=instrument model;AC=MS:1000031	not applicable	not available	1	1	RSLCnano_1R0_2D_2plugs_50mM_NH4ACET8_5ug_90min_35cm_01.raw	v1.1.0	NT=ms-proteomics;VV=v1.1.0	NT=metaproteomics;VV=v1.0.0	NT=soil;VV=v1.0.0	manual curation	soil
RSLCnano_1R10_2D_2plugs_35mM_NH4ACET8_5ug_90min_35cm_01	RSLCnano_1R10_2D_2plugs_35mM_NH4ACET8_5ug_90min_35cm_01	rhizosphere metagenome	soil	not applicable	not available	Metaproteomics_reveals_insights_into_microbial_structure_interactions_and_dynamic_regulation_in_defined_communities_as_they_respond_to_environmental_disturbance	rhizosphere soil	rhizosphere soil	not available	not available	not available	not available	rhizosphere microbiome	1	RSLCnano_1R10_2D_2plugs_35mM_NH4ACET8_5ug_90min_35cm_01	proteomic profiling by mass spectrometry	NT=Data-dependent acquisition;AC=PRIDE:0000627	NT=label free sample;AC=MS:1002038	NT=instrument model;AC=MS:1000031	not applicable	not available	1	1	RSLCnano_1R10_2D_2plugs_35mM_NH4ACET8_5ug_90min_35cm_01.raw	v1.1.0	NT=ms-proteomics;VV=v1.1.0	NT=metaproteomics;VV=v1.0.0	NT=soil;VV=v1.0.0	manual curation	soil
RSLCnano_1R10_2D_2plugs_500mM_NH4ACET8_5ug_90min_35cm_01	RSLCnano_1R10_2D_2plugs_500mM_NH4ACET8_5ug_90min_35cm_01	rhizosphere metagenome	soil	not applicable	not available	Metaproteomics_reveals_insights_into_microbial_structure_interactions_and_dynamic_regulation_in_defined_communities_as_they_respond_to_environmental_disturbance	rhizosphere soil	rhizosphere soil	not available	not available	not available	not available	rhizosphere microbiome	1	RSLCnano_1R10_2D_2plugs_500mM_NH4ACET8_5ug_90min_35cm_01	proteomic profiling by mass spectrometry	NT=Data-dependent acquisition;AC=PRIDE:0000627	NT=label free sample;AC=MS:1002038	NT=instrument model;AC=MS:1000031	not applicable	not available	1	1	RSLCnano_1R10_2D_2plugs_500mM_NH4ACET8_5ug_90min_35cm_01.raw	v1.1.0	NT=ms-proteomics;VV=v1.1.0	NT=metaproteomics;VV=v1.0.0	NT=soil;VV=v1.0.0	manual curation	soil
RSLCnano_1R10_2D_2plugs_50mM_NH4ACET8_5ug_90min_35cm_01	RSLCnano_1R10_2D_2plugs_50mM_NH4ACET8_5ug_90min_35cm_01	rhizosphere metagenome	soil	not applicable	not available	Metaproteomics_reveals_insights_into_microbial_structure_interactions_and_dynamic_regulation_in_defined_communities_as_they_respond_to_environmental_disturbance	rhizosphere soil	rhizosphere soil	not available	not available	not available	not available	rhizosphere microbiome	1	RSLCnano_1R10_2D_2plugs_50mM_NH4ACET8_5ug_90min_35cm_01	proteomic profiling by mass spectrometry	NT=Data-dependent acquisition;AC=PRIDE:0000627	NT=label free sample;AC=MS:1002038	NT=instrument model;AC=MS:1000031	not applicable	not available	1	1	RSLCnano_1R10_2D_2plugs_50mM_NH4ACET8_5ug_90min_35cm_01.raw	v1.1.0	NT=ms-proteomics;VV=v1.1.0	NT=metaproteomics;VV=v1.0.0	NT=soil;VV=v1.0.0	manual curation	soil
RSLCnano_1R15_2D_2plugs_35mM_NH4ACET8_5ug_90min_35cm_01	RSLCnano_1R15_2D_2plugs_35mM_NH4ACET8_5ug_90min_35cm_01	rhizosphere metagenome	soil	not applicable	not available	Metaproteomics_reveals_insights_into_microbial_structure_interactions_and_dynamic_regulation_in_defined_communities_as_they_respond_to_environmental_disturbance	rhizosphere soil	rhizosphere soil	not available	not available	not available	not available	rhizosphere microbiome	1	RSLCnano_1R15_2D_2plugs_35mM_NH4ACET8_5ug_90min_35cm_01	proteomic profiling by mass spectrometry	NT=Data-dependent acquisition;AC=PRIDE:0000627	NT=label free sample;AC=MS:1002038	NT=instrument model;AC=MS:1000031	not applicable	not available	1	1	RSLCnano_1R15_2D_2plugs_35mM_NH4ACET8_5ug_90min_35cm_01.raw	v1.1.0	NT=ms-proteomics;VV=v1.1.0	NT=metaproteomics;VV=v1.0.0	NT=soil;VV=v1.0.0	manual curation	soil
RSLCnano_1R15_2D_2plugs_500mM_NH4ACET8_5ug_90min_35cm_01	RSLCnano_1R15_2D_2plugs_500mM_NH4ACET8_5ug_90min_35cm_01	rhizosphere metagenome	soil	not applicable	not available	Metaproteomics_reveals_insights_into_microbial_structure_interactions_and_dynamic_regulation_in_defined_communities_as_they_respond_to_environmental_disturbance	rhizosphere soil	rhizosphere soil	not available	not available	not available	not available	rhizosphere microbiome	1	RSLCnano_1R15_2D_2plugs_500mM_NH4ACET8_5ug_90min_35cm_01	proteomic profiling by mass spectrometry	NT=Data-dependent acquisition;AC=PRIDE:0000627	NT=label free sample;AC=MS:1002038	NT=instrument model;AC=MS:1000031	not applicable	not available	1	1	RSLCnano_1R15_2D_2plugs_500mM_NH4ACET8_5ug_90min_35cm_01.raw	v1.1.0	NT=ms-proteomics;VV=v1.1.0	NT=metaproteomics;VV=v1.0.0	NT=soil;VV=v1.0.0	manual curation	soil
RSLCnano_1R15_2D_2plugs_50mM_NH4ACET8_5ug_90min_35cm_01	RSLCnano_1R15_2D_2plugs_50mM_NH4ACET8_5ug_90min_35cm_01	rhizosphere metagenome	soil	not applicable	not available	Metaproteomics_reveals_insights_into_microbial_structure_interactions_and_dynamic_regulation_in_defined_communities_as_they_respond_to_environmental_disturbance	rhizosphere soil	rhizosphere soil	not available	not available	not available	not available	rhizosphere microbiome	1	RSLCnano_1R15_2D_2plugs_50mM_NH4ACET8_5ug_90min_35cm_01	proteomic profiling by mass spectrometry	NT=Data-dependent acquisition;AC=PRIDE:0000627	NT=label free sample;AC=MS:1002038	NT=instrument model;AC=MS:1000031	not applicable	not available	1	1	RSLCnano_1R15_2D_2plugs_50mM_NH4ACET8_5ug_90min_35cm_01.raw	v1.1.0	NT=ms-proteomics;VV=v1.1.0	NT=metaproteomics;VV=v1.0.0	NT=soil;VV=v1.0.0	manual curation	soil
RSLCnano_1R1_2D_2plugs_35mM_NH4ACET8_5ug_90min_35cm_01	RSLCnano_1R1_2D_2plugs_35mM_NH4ACET8_5ug_90min_35cm_01	rhizosphere metagenome	soil	not applicable	not available	Metaproteomics_reveals_insights_into_microbial_structure_interactions_and_dynamic_regulation_in_defined_communities_as_they_respond_to_environmental_disturbance	rhizosphere soil	rhizosphere soil	not available	not available	not available	not available	rhizosphere microbiome	1	RSLCnano_1R1_2D_2plugs_35mM_NH4ACET8_5ug_90min_35cm_01	proteomic profiling by mass spectrometry	NT=Data-dependent acquisition;AC=PRIDE:0000627	NT=label free sample;AC=MS:1002038	NT=instrument model;AC=MS:1000031	not applicable	not available	1	1	RSLCnano_1R1_2D_2plugs_35mM_NH4ACET8_5ug_90min_35cm_01.raw	v1.1.0	NT=ms-proteomics;VV=v1.1.0	NT=metaproteomics;VV=v1.0.0	NT=soil;VV=v1.0.0	manual curation	soil
RSLCnano_1R1_2D_2plugs_500mM_NH4ACET8_5ug_90min_35cm_01	RSLCnano_1R1_2D_2plugs_500mM_NH4ACET8_5ug_90min_35cm_01	rhizosphere metagenome	soil	not applicable	not available	Metaproteomics_reveals_insights_into_microbial_structure_interactions_and_dynamic_regulation_in_defined_communities_as_they_respond_to_environmental_disturbance	rhizosphere soil	rhizosphere soil	not available	not available	not available	not available	rhizosphere microbiome	1	RSLCnano_1R1_2D_2plugs_500mM_NH4ACET8_5ug_90min_35cm_01	proteomic profiling by mass spectrometry	NT=Data-dependent acquisition;AC=PRIDE:0000627	NT=label free sample;AC=MS:1002038	NT=instrument model;AC=MS:1000031	not applicable	not available	1	1	RSLCnano_1R1_2D_2plugs_500mM_NH4ACET8_5ug_90min_35cm_01.raw	v1.1.0	NT=ms-proteomics;VV=v1.1.0	NT=metaproteomics;VV=v1.0.0	NT=soil;VV=v1.0.0	manual curation	soil
RSLCnano_1R1_2D_2plugs_50mM_NH4ACET8_5ug_90min_35cm_01	RSLCnano_1R1_2D_2plugs_50mM_NH4ACET8_5ug_90min_35cm_01	rhizosphere metagenome	soil	not applicable	not available	Metaproteomics_reveals_insights_into_microbial_structure_interactions_and_dynamic_regulation_in_defined_communities_as_they_respond_to_environmental_disturbance	rhizosphere soil	rhizosphere soil	not available	not available	not available	not available	rhizosphere microbiome	1	RSLCnano_1R1_2D_2plugs_50mM_NH4ACET8_5ug_90min_35cm_01	proteomic profiling by mass spectrometry	NT=Data-dependent acquisition;AC=PRIDE:0000627	NT=label free sample;AC=MS:1002038	NT=instrument model;AC=MS:1000031	not applicable	not available	1	1	RSLCnano_1R1_2D_2plugs_50mM_NH4ACET8_5ug_90min_35cm_01.raw	v1.1.0	NT=ms-proteomics;VV=v1.1.0	NT=metaproteomics;VV=v1.0.0	NT=soil;VV=v1.0.0	manual curation	soil
RSLCnano_1R2_2D_2plugs_35mM_NH4ACET8_5ug_90min_35cm_01	RSLCnano_1R2_2D_2plugs_35mM_NH4ACET8_5ug_90min_35cm_01	rhizosphere metagenome	soil	not applicable	not available	Metaproteomics_reveals_insights_into_microbial_structure_interactions_and_dynamic_regulation_in_defined_communities_as_they_respond_to_environmental_disturbance	rhizosphere soil	rhizosphere soil	not available	not available	not available	not available	rhizosphere microbiome	1	RSLCnano_1R2_2D_2plugs_35mM_NH4ACET8_5ug_90min_35cm_01	proteomic profiling by mass spectrometry	NT=Data-dependent acquisition;AC=PRIDE:0000627	NT=label free sample;AC=MS:1002038	NT=instrument model;AC=MS:1000031	not applicable	not available	1	1	RSLCnano_1R2_2D_2plugs_35mM_NH4ACET8_5ug_90min_35cm_01.raw	v1.1.0	NT=ms-proteomics;VV=v1.1.0	NT=metaproteomics;VV=v1.0.0	NT=soil;VV=v1.0.0	manual curation	soil
RSLCnano_1R2_2D_2plugs_500mM_NH4ACET8_5ug_90min_35cm_01	RSLCnano_1R2_2D_2plugs_500mM_NH4ACET8_5ug_90min_35cm_01	rhizosphere metagenome	soil	not applicable	not available	Metaproteomics_reveals_insights_into_microbial_structure_interactions_and_dynamic_regulation_in_defined_communities_as_they_respond_to_environmental_disturbance	rhizosphere soil	rhizosphere soil	not available	not available	not available	not available	rhizosphere microbiome	1	RSLCnano_1R2_2D_2plugs_500mM_NH4ACET8_5ug_90min_35cm_01	proteomic profiling by mass spectrometry	NT=Data-dependent acquisition;AC=PRIDE:0000627	NT=label free sample;AC=MS:1002038	NT=instrument model;AC=MS:1000031	not applicable	not available	1	1	RSLCnano_1R2_2D_2plugs_500mM_NH4ACET8_5ug_90min_35cm_01.raw	v1.1.0	NT=ms-proteomics;VV=v1.1.0	NT=metaproteomics;VV=v1.0.0	NT=soil;VV=v1.0.0	manual curation	soil
RSLCnano_1R2_2D_2plugs_50mM_NH4ACET8_5ug_90min_35cm_01	RSLCnano_1R2_2D_2plugs_50mM_NH4ACET8_5ug_90min_35cm_01	rhizosphere metagenome	soil	not applicable	not available	Metaproteomics_reveals_insights_into_microbial_structure_interactions_and_dynamic_regulation_in_defined_communities_as_they_respond_to_environmental_disturbance	rhizosphere soil	rhizosphere soil	not available	not available	not available	not available	rhizosphere microbiome	1	RSLCnano_1R2_2D_2plugs_50mM_NH4ACET8_5ug_90min_35cm_01	proteomic profiling by mass spectrometry	NT=Data-dependent acquisition;AC=PRIDE:0000627	NT=label free sample;AC=MS:1002038	NT=instrument model;AC=MS:1000031	not applicable	not available	1	1	RSLCnano_1R2_2D_2plugs_50mM_NH4ACET8_5ug_90min_35cm_01.raw	v1.1.0	NT=ms-proteomics;VV=v1.1.0	NT=metaproteomics;VV=v1.0.0	NT=soil;VV=v1.0.0	manual curation	soil
RSLCnano_1R3_2D_2plugs_35mM_NH4ACET8_5ug_90min_35cm_01	RSLCnano_1R3_2D_2plugs_35mM_NH4ACET8_5ug_90min_35cm_01	rhizosphere metagenome	soil	not applicable	not available	Metaproteomics_reveals_insights_into_microbial_structure_interactions_and_dynamic_regulation_in_defined_communities_as_they_respond_to_environmental_disturbance	rhizosphere soil	rhizosphere soil	not available	not available	not available	not available	rhizosphere microbiome	1	RSLCnano_1R3_2D_2plugs_35mM_NH4ACET8_5ug_90min_35cm_01	proteomic profiling by mass spectrometry	NT=Data-dependent acquisition;AC=PRIDE:0000627	NT=label free sample;AC=MS:1002038	NT=instrument model;AC=MS:1000031	not applicable	not available	1	1	RSLCnano_1R3_2D_2plugs_35mM_NH4ACET8_5ug_90min_35cm_01.raw	v1.1.0	NT=ms-proteomics;VV=v1.1.0	NT=metaproteomics;VV=v1.0.0	NT=soil;VV=v1.0.0	manual curation	soil
RSLCnano_1R3_2D_2plugs_500mM_NH4ACET8_5ug_90min_35cm_01	RSLCnano_1R3_2D_2plugs_500mM_NH4ACET8_5ug_90min_35cm_01	rhizosphere metagenome	soil	not applicable	not available	Metaproteomics_reveals_insights_into_microbial_structure_interactions_and_dynamic_regulation_in_defined_communities_as_they_respond_to_environmental_disturbance	rhizosphere soil	rhizosphere soil	not available	not available	not available	not available	rhizosphere microbiome	1	RSLCnano_1R3_2D_2plugs_500mM_NH4ACET8_5ug_90min_35cm_01	proteomic profiling by mass spectrometry	NT=Data-dependent acquisition;AC=PRIDE:0000627	NT=label free sample;AC=MS:1002038	NT=instrument model;AC=MS:1000031	not applicable	not available	1	1	RSLCnano_1R3_2D_2plugs_500mM_NH4ACET8_5ug_90min_35cm_01.raw	v1.1.0	NT=ms-proteomics;VV=v1.1.0	NT=metaproteomics;VV=v1.0.0	NT=soil;VV=v1.0.0	manual curation	soil
RSLCnano_1R3_2D_2plugs_50mM_NH4ACET8_5ug_90min_35cm_01	RSLCnano_1R3_2D_2plugs_50mM_NH4ACET8_5ug_90min_35cm_01	rhizosphere metagenome	soil	not applicable	not available	Metaproteomics_reveals_insights_into_microbial_structure_interactions_and_dynamic_regulation_in_defined_communities_as_they_respond_to_environmental_disturbance	rhizosphere soil	rhizosphere soil	not available	not available	not available	not available	rhizosphere microbiome	1	RSLCnano_1R3_2D_2plugs_50mM_NH4ACET8_5ug_90min_35cm_01	proteomic profiling by mass spectrometry	NT=Data-dependent acquisition;AC=PRIDE:0000627	NT=label free sample;AC=MS:1002038	NT=instrument model;AC=MS:1000031	not applicable	not available	1	1	RSLCnano_1R3_2D_2plugs_50mM_NH4ACET8_5ug_90min_35cm_01.raw	v1.1.0	NT=ms-proteomics;VV=v1.1.0	NT=metaproteomics;VV=v1.0.0	NT=soil;VV=v1.0.0	manual curation	soil
RSLCnano_1R4_2D_2plugs_35mM_NH4ACET8_5ug_90min_35cm_01	RSLCnano_1R4_2D_2plugs_35mM_NH4ACET8_5ug_90min_35cm_01	rhizosphere metagenome	soil	not applicable	not available	Metaproteomics_reveals_insights_into_microbial_structure_interactions_and_dynamic_regulation_in_defined_communities_as_they_respond_to_environmental_disturbance	rhizosphere soil	rhizosphere soil	not available	not available	not available	not available	rhizosphere microbiome	1	RSLCnano_1R4_2D_2plugs_35mM_NH4ACET8_5ug_90min_35cm_01	proteomic profiling by mass spectrometry	NT=Data-dependent acquisition;AC=PRIDE:0000627	NT=label free sample;AC=MS:1002038	NT=instrument model;AC=MS:1000031	not applicable	not available	1	1	RSLCnano_1R4_2D_2plugs_35mM_NH4ACET8_5ug_90min_35cm_01.raw	v1.1.0	NT=ms-proteomics;VV=v1.1.0	NT=metaproteomics;VV=v1.0.0	NT=soil;VV=v1.0.0	manual curation	soil
RSLCnano_1R4_2D_2plugs_500mM_NH4ACET8_5ug_90min_35cm_01	RSLCnano_1R4_2D_2plugs_500mM_NH4ACET8_5ug_90min_35cm_01	rhizosphere metagenome	soil	not applicable	not available	Metaproteomics_reveals_insights_into_microbial_structure_interactions_and_dynamic_regulation_in_defined_communities_as_they_respond_to_environmental_disturbance	rhizosphere soil	rhizosphere soil	not available	not available	not available	not available	rhizosphere microbiome	1	RSLCnano_1R4_2D_2plugs_500mM_NH4ACET8_5ug_90min_35cm_01	proteomic profiling by mass spectrometry	NT=Data-dependent acquisition;AC=PRIDE:0000627	NT=label free sample;AC=MS:1002038	NT=instrument model;AC=MS:1000031	not applicable	not available	1	1	RSLCnano_1R4_2D_2plugs_500mM_NH4ACET8_5ug_90min_35cm_01.raw	v1.1.0	NT=ms-proteomics;VV=v1.1.0	NT=metaproteomics;VV=v1.0.0	NT=soil;VV=v1.0.0	manual curation	soil
RSLCnano_1R4_2D_2plugs_50mM_NH4ACET8_5ug_90min_35cm_01	RSLCnano_1R4_2D_2plugs_50mM_NH4ACET8_5ug_90min_35cm_01	rhizosphere metagenome	soil	not applicable	not available	Metaproteomics_reveals_insights_into_microbial_structure_interactions_and_dynamic_regulation_in_defined_communities_as_they_respond_to_environmental_disturbance	rhizosphere soil	rhizosphere soil	not available	not available	not available	not available	rhizosphere microbiome	1	RSLCnano_1R4_2D_2plugs_50mM_NH4ACET8_5ug_90min_35cm_01	proteomic profiling by mass spectrometry	NT=Data-dependent acquisition;AC=PRIDE:0000627	NT=label free sample;AC=MS:1002038	NT=instrument model;AC=MS:1000031	not applicable	not available	1	1	RSLCnano_1R4_2D_2plugs_50mM_NH4ACET8_5ug_90min_35cm_01.raw	v1.1.0	NT=ms-proteomics;VV=v1.1.0	NT=metaproteomics;VV=v1.0.0	NT=soil;VV=v1.0.0	manual curation	soil
RSLCnano_1R5_2D_2plugs_35mM_NH4ACET8_5ug_90min_35cm_01	RSLCnano_1R5_2D_2plugs_35mM_NH4ACET8_5ug_90min_35cm_01	rhizosphere metagenome	soil	not applicable	not available	Metaproteomics_reveals_insights_into_microbial_structure_interactions_and_dynamic_regulation_in_defined_communities_as_they_respond_to_environmental_disturbance	rhizosphere soil	rhizosphere soil	not available	not available	not available	not available	rhizosphere microbiome	1	RSLCnano_1R5_2D_2plugs_35mM_NH4ACET8_5ug_90min_35cm_01	proteomic profiling by mass spectrometry	NT=Data-dependent acquisition;AC=PRIDE:0000627	NT=label free sample;AC=MS:1002038	NT=instrument model;AC=MS:1000031	not applicable	not available	1	1	RSLCnano_1R5_2D_2plugs_35mM_NH4ACET8_5ug_90min_35cm_01.raw	v1.1.0	NT=ms-proteomics;VV=v1.1.0	NT=metaproteomics;VV=v1.0.0	NT=soil;VV=v1.0.0	manual curation	soil
RSLCnano_1R5_2D_2plugs_500mM_NH4ACET8_5ug_90min_35cm_01	RSLCnano_1R5_2D_2plugs_500mM_NH4ACET8_5ug_90min_35cm_01	rhizosphere metagenome	soil	not applicable	not available	Metaproteomics_reveals_insights_into_microbial_structure_interactions_and_dynamic_regulation_in_defined_communities_as_they_respond_to_environmental_disturbance	rhizosphere soil	rhizosphere soil	not available	not available	not available	not available	rhizosphere microbiome	1	RSLCnano_1R5_2D_2plugs_500mM_NH4ACET8_5ug_90min_35cm_01	proteomic profiling by mass spectrometry	NT=Data-dependent acquisition;AC=PRIDE:0000627	NT=label free sample;AC=MS:1002038	NT=instrument model;AC=MS:1000031	not applicable	not available	1	1	RSLCnano_1R5_2D_2plugs_500mM_NH4ACET8_5ug_90min_35cm_01.raw	v1.1.0	NT=ms-proteomics;VV=v1.1.0	NT=metaproteomics;VV=v1.0.0	NT=soil;VV=v1.0.0	manual curation	soil
RSLCnano_1R5_2D_2plugs_50mM_NH4ACET8_5ug_90min_35cm_01	RSLCnano_1R5_2D_2plugs_50mM_NH4ACET8_5ug_90min_35cm_01	rhizosphere metagenome	soil	not applicable	not available	Metaproteomics_reveals_insights_into_microbial_structure_interactions_and_dynamic_regulation_in_defined_communities_as_they_respond_to_environmental_disturbance	rhizosphere soil	rhizosphere soil	not available	not available	not available	not available	rhizosphere microbiome	1	RSLCnano_1R5_2D_2plugs_50mM_NH4ACET8_5ug_90min_35cm_01	proteomic profiling by mass spectrometry	NT=Data-dependent acquisition;AC=PRIDE:0000627	NT=label free sample;AC=MS:1002038	NT=instrument model;AC=MS:1000031	not applicable	not available	1	1	RSLCnano_1R5_2D_2plugs_50mM_NH4ACET8_5ug_90min_35cm_01.raw	v1.1.0	NT=ms-proteomics;VV=v1.1.0	NT=metaproteomics;VV=v1.0.0	NT=soil;VV=v1.0.0	manual curation	soil
RSLCnano_2M0_2D_2plugs_35mM_NH4ACET8_5ug_90min_35cm_01	RSLCnano_2M0_2D_2plugs_35mM_NH4ACET8_5ug_90min_35cm_01	rhizosphere metagenome	soil	not applicable	not available	Metaproteomics_reveals_insights_into_microbial_structure_interactions_and_dynamic_regulation_in_defined_communities_as_they_respond_to_environmental_disturbance	rhizosphere soil	rhizosphere soil	not available	not available	not available	not available	rhizosphere microbiome	1	RSLCnano_2M0_2D_2plugs_35mM_NH4ACET8_5ug_90min_35cm_01	proteomic profiling by mass spectrometry	NT=Data-dependent acquisition;AC=PRIDE:0000627	NT=label free sample;AC=MS:1002038	NT=instrument model;AC=MS:1000031	not applicable	not available	1	1	RSLCnano_2M0_2D_2plugs_35mM_NH4ACET8_5ug_90min_35cm_01.raw	v1.1.0	NT=ms-proteomics;VV=v1.1.0	NT=metaproteomics;VV=v1.0.0	NT=soil;VV=v1.0.0	manual curation	soil
RSLCnano_2M0_2D_2plugs_500mM_NH4ACET8_5ug_90min_35cm_01	RSLCnano_2M0_2D_2plugs_500mM_NH4ACET8_5ug_90min_35cm_01	rhizosphere metagenome	soil	not applicable	not available	Metaproteomics_reveals_insights_into_microbial_structure_interactions_and_dynamic_regulation_in_defined_communities_as_they_respond_to_environmental_disturbance	rhizosphere soil	rhizosphere soil	not available	not available	not available	not available	rhizosphere microbiome	1	RSLCnano_2M0_2D_2plugs_500mM_NH4ACET8_5ug_90min_35cm_01	proteomic profiling by mass spectrometry	NT=Data-dependent acquisition;AC=PRIDE:0000627	NT=label free sample;AC=MS:1002038	NT=instrument model;AC=MS:1000031	not applicable	not available	1	1	RSLCnano_2M0_2D_2plugs_500mM_NH4ACET8_5ug_90min_35cm_01.raw	v1.1.0	NT=ms-proteomics;VV=v1.1.0	NT=metaproteomics;VV=v1.0.0	NT=soil;VV=v1.0.0	manual curation	soil
RSLCnano_2M0_2D_2plugs_50mM_NH4ACET8_5ug_90min_35cm_01	RSLCnano_2M0_2D_2plugs_50mM_NH4ACET8_5ug_90min_35cm_01	rhizosphere metagenome	soil	not applicable	not available	Metaproteomics_reveals_insights_into_microbial_structure_interactions_and_dynamic_regulation_in_defined_communities_as_they_respond_to_environmental_disturbance	rhizosphere soil	rhizosphere soil	not available	not available	not available	not available	rhizosphere microbiome	1	RSLCnano_2M0_2D_2plugs_50mM_NH4ACET8_5ug_90min_35cm_01	proteomic profiling by mass spectrometry	NT=Data-dependent acquisition;AC=PRIDE:0000627	NT=label free sample;AC=MS:1002038	NT=instrument model;AC=MS:1000031	not applicable	not available	1	1	RSLCnano_2M0_2D_2plugs_50mM_NH4ACET8_5ug_90min_35cm_01.raw	v1.1.0	NT=ms-proteomics;VV=v1.1.0	NT=metaproteomics;VV=v1.0.0	NT=soil;VV=v1.0.0	manual curation	soil
RSLCnano_2M10_2D_2plugs_35mM_NH4ACET8_5ug_90min_35cm_01	RSLCnano_2M10_2D_2plugs_35mM_NH4ACET8_5ug_90min_35cm_01	rhizosphere metagenome	soil	not applicable	not available	Metaproteomics_reveals_insights_into_microbial_structure_interactions_and_dynamic_regulation_in_defined_communities_as_they_respond_to_environmental_disturbance	rhizosphere soil	rhizosphere soil	not available	not available	not available	not available	rhizosphere microbiome	1	RSLCnano_2M10_2D_2plugs_35mM_NH4ACET8_5ug_90min_35cm_01	proteomic profiling by mass spectrometry	NT=Data-dependent acquisition;AC=PRIDE:0000627	NT=label free sample;AC=MS:1002038	NT=instrument model;AC=MS:1000031	not applicable	not available	1	1	RSLCnano_2M10_2D_2plugs_35mM_NH4ACET8_5ug_90min_35cm_01.raw	v1.1.0	NT=ms-proteomics;VV=v1.1.0	NT=metaproteomics;VV=v1.0.0	NT=soil;VV=v1.0.0	manual curation	soil
RSLCnano_2M10_2D_2plugs_500mM_NH4ACET8_5ug_90min_35cm_01	RSLCnano_2M10_2D_2plugs_500mM_NH4ACET8_5ug_90min_35cm_01	rhizosphere metagenome	soil	not applicable	not available	Metaproteomics_reveals_insights_into_microbial_structure_interactions_and_dynamic_regulation_in_defined_communities_as_they_respond_to_environmental_disturbance	rhizosphere soil	rhizosphere soil	not available	not available	not available	not available	rhizosphere microbiome	1	RSLCnano_2M10_2D_2plugs_500mM_NH4ACET8_5ug_90min_35cm_01	proteomic profiling by mass spectrometry	NT=Data-dependent acquisition;AC=PRIDE:0000627	NT=label free sample;AC=MS:1002038	NT=instrument model;AC=MS:1000031	not applicable	not available	1	1	RSLCnano_2M10_2D_2plugs_500mM_NH4ACET8_5ug_90min_35cm_01.raw	v1.1.0	NT=ms-proteomics;VV=v1.1.0	NT=metaproteomics;VV=v1.0.0	NT=soil;VV=v1.0.0	manual curation	soil
RSLCnano_2M10_2D_2plugs_50mM_NH4ACET8_5ug_90min_35cm_01	RSLCnano_2M10_2D_2plugs_50mM_NH4ACET8_5ug_90min_35cm_01	rhizosphere metagenome	soil	not applicable	not available	Metaproteomics_reveals_insights_into_microbial_structure_interactions_and_dynamic_regulation_in_defined_communities_as_they_respond_to_environmental_disturbance	rhizosphere soil	rhizosphere soil	not available	not available	not available	not available	rhizosphere microbiome	1	RSLCnano_2M10_2D_2plugs_50mM_NH4ACET8_5ug_90min_35cm_01	proteomic profiling by mass spectrometry	NT=Data-dependent acquisition;AC=PRIDE:0000627	NT=label free sample;AC=MS:1002038	NT=instrument model;AC=MS:1000031	not applicable	not available	1	1	RSLCnano_2M10_2D_2plugs_50mM_NH4ACET8_5ug_90min_35cm_01.raw	v1.1.0	NT=ms-proteomics;VV=v1.1.0	NT=metaproteomics;VV=v1.0.0	NT=soil;VV=v1.0.0	manual curation	soil
RSLCnano_2M15_2D_2plugs_35mM_NH4ACET8_5ug_90min_35cm_01	RSLCnano_2M15_2D_2plugs_35mM_NH4ACET8_5ug_90min_35cm_01	rhizosphere metagenome	soil	not applicable	not available	Metaproteomics_reveals_insights_into_microbial_structure_interactions_and_dynamic_regulation_in_defined_communities_as_they_respond_to_environmental_disturbance	rhizosphere soil	rhizosphere soil	not available	not available	not available	not available	rhizosphere microbiome	1	RSLCnano_2M15_2D_2plugs_35mM_NH4ACET8_5ug_90min_35cm_01	proteomic profiling by mass spectrometry	NT=Data-dependent acquisition;AC=PRIDE:0000627	NT=label free sample;AC=MS:1002038	NT=instrument model;AC=MS:1000031	not applicable	not available	1	1	RSLCnano_2M15_2D_2plugs_35mM_NH4ACET8_5ug_90min_35cm_01.raw	v1.1.0	NT=ms-proteomics;VV=v1.1.0	NT=metaproteomics;VV=v1.0.0	NT=soil;VV=v1.0.0	manual curation	soil
RSLCnano_2M15_2D_2plugs_500mM_NH4ACET8_5ug_90min_35cm_01	RSLCnano_2M15_2D_2plugs_500mM_NH4ACET8_5ug_90min_35cm_01	rhizosphere metagenome	soil	not applicable	not available	Metaproteomics_reveals_insights_into_microbial_structure_interactions_and_dynamic_regulation_in_defined_communities_as_they_respond_to_environmental_disturbance	rhizosphere soil	rhizosphere soil	not available	not available	not available	not available	rhizosphere microbiome	1	RSLCnano_2M15_2D_2plugs_500mM_NH4ACET8_5ug_90min_35cm_01	proteomic profiling by mass spectrometry	NT=Data-dependent acquisition;AC=PRIDE:0000627	NT=label free sample;AC=MS:1002038	NT=instrument model;AC=MS:1000031	not applicable	not available	1	1	RSLCnano_2M15_2D_2plugs_500mM_NH4ACET8_5ug_90min_35cm_01.raw	v1.1.0	NT=ms-proteomics;VV=v1.1.0	NT=metaproteomics;VV=v1.0.0	NT=soil;VV=v1.0.0	manual curation	soil
RSLCnano_2M15_2D_2plugs_50mM_NH4ACET8_5ug_90min_35cm_01	RSLCnano_2M15_2D_2plugs_50mM_NH4ACET8_5ug_90min_35cm_01	rhizosphere metagenome	soil	not applicable	not available	Metaproteomics_reveals_insights_into_microbial_structure_interactions_and_dynamic_regulation_in_defined_communities_as_they_respond_to_environmental_disturbance	rhizosphere soil	rhizosphere soil	not available	not available	not available	not available	rhizosphere microbiome	1	RSLCnano_2M15_2D_2plugs_50mM_NH4ACET8_5ug_90min_35cm_01	proteomic profiling by mass spectrometry	NT=Data-dependent acquisition;AC=PRIDE:0000627	NT=label free sample;AC=MS:1002038	NT=instrument model;AC=MS:1000031	not applicable	not available	1	1	RSLCnano_2M15_2D_2plugs_50mM_NH4ACET8_5ug_90min_35cm_01.raw	v1.1.0	NT=ms-proteomics;VV=v1.1.0	NT=metaproteomics;VV=v1.0.0	NT=soil;VV=v1.0.0	manual curation	soil
RSLCnano_2M1_2D_2plugs_35mM_NH4ACET8_5ug_90min_35cm_01	RSLCnano_2M1_2D_2plugs_35mM_NH4ACET8_5ug_90min_35cm_01	rhizosphere metagenome	soil	not applicable	not available	Metaproteomics_reveals_insights_into_microbial_structure_interactions_and_dynamic_regulation_in_defined_communities_as_they_respond_to_environmental_disturbance	rhizosphere soil	rhizosphere soil	not available	not available	not available	not available	rhizosphere microbiome	1	RSLCnano_2M1_2D_2plugs_35mM_NH4ACET8_5ug_90min_35cm_01	proteomic profiling by mass spectrometry	NT=Data-dependent acquisition;AC=PRIDE:0000627	NT=label free sample;AC=MS:1002038	NT=instrument model;AC=MS:1000031	not applicable	not available	1	1	RSLCnano_2M1_2D_2plugs_35mM_NH4ACET8_5ug_90min_35cm_01.raw	v1.1.0	NT=ms-proteomics;VV=v1.1.0	NT=metaproteomics;VV=v1.0.0	NT=soil;VV=v1.0.0	manual curation	soil
RSLCnano_2M1_2D_2plugs_500mM_NH4ACET8_5ug_90min_35cm_01	RSLCnano_2M1_2D_2plugs_500mM_NH4ACET8_5ug_90min_35cm_01	rhizosphere metagenome	soil	not applicable	not available	Metaproteomics_reveals_insights_into_microbial_structure_interactions_and_dynamic_regulation_in_defined_communities_as_they_respond_to_environmental_disturbance	rhizosphere soil	rhizosphere soil	not available	not available	not available	not available	rhizosphere microbiome	1	RSLCnano_2M1_2D_2plugs_500mM_NH4ACET8_5ug_90min_35cm_01	proteomic profiling by mass spectrometry	NT=Data-dependent acquisition;AC=PRIDE:0000627	NT=label free sample;AC=MS:1002038	NT=instrument model;AC=MS:1000031	not applicable	not available	1	1	RSLCnano_2M1_2D_2plugs_500mM_NH4ACET8_5ug_90min_35cm_01.raw	v1.1.0	NT=ms-proteomics;VV=v1.1.0	NT=metaproteomics;VV=v1.0.0	NT=soil;VV=v1.0.0	manual curation	soil
RSLCnano_2M1_2D_2plugs_50mM_NH4ACET8_5ug_90min_35cm_01	RSLCnano_2M1_2D_2plugs_50mM_NH4ACET8_5ug_90min_35cm_01	rhizosphere metagenome	soil	not applicable	not available	Metaproteomics_reveals_insights_into_microbial_structure_interactions_and_dynamic_regulation_in_defined_communities_as_they_respond_to_environmental_disturbance	rhizosphere soil	rhizosphere soil	not available	not available	not available	not available	rhizosphere microbiome	1	RSLCnano_2M1_2D_2plugs_50mM_NH4ACET8_5ug_90min_35cm_01	proteomic profiling by mass spectrometry	NT=Data-dependent acquisition;AC=PRIDE:0000627	NT=label free sample;AC=MS:1002038	NT=instrument model;AC=MS:1000031	not applicable	not available	1	1	RSLCnano_2M1_2D_2plugs_50mM_NH4ACET8_5ug_90min_35cm_01.raw	v1.1.0	NT=ms-proteomics;VV=v1.1.0	NT=metaproteomics;VV=v1.0.0	NT=soil;VV=v1.0.0	manual curation	soil
RSLCnano_2M2_2D_2plugs_35mM_NH4ACET8_5ug_90min_35cm_01	RSLCnano_2M2_2D_2plugs_35mM_NH4ACET8_5ug_90min_35cm_01	rhizosphere metagenome	soil	not applicable	not available	Metaproteomics_reveals_insights_into_microbial_structure_interactions_and_dynamic_regulation_in_defined_communities_as_they_respond_to_environmental_disturbance	rhizosphere soil	rhizosphere soil	not available	not available	not available	not available	rhizosphere microbiome	1	RSLCnano_2M2_2D_2plugs_35mM_NH4ACET8_5ug_90min_35cm_01	proteomic profiling by mass spectrometry	NT=Data-dependent acquisition;AC=PRIDE:0000627	NT=label free sample;AC=MS:1002038	NT=instrument model;AC=MS:1000031	not applicable	not available	1	1	RSLCnano_2M2_2D_2plugs_35mM_NH4ACET8_5ug_90min_35cm_01.raw	v1.1.0	NT=ms-proteomics;VV=v1.1.0	NT=metaproteomics;VV=v1.0.0	NT=soil;VV=v1.0.0	manual curation	soil
RSLCnano_2M2_2D_2plugs_500mM_NH4ACET8_5ug_90min_35cm_01	RSLCnano_2M2_2D_2plugs_500mM_NH4ACET8_5ug_90min_35cm_01	rhizosphere metagenome	soil	not applicable	not available	Metaproteomics_reveals_insights_into_microbial_structure_interactions_and_dynamic_regulation_in_defined_communities_as_they_respond_to_environmental_disturbance	rhizosphere soil	rhizosphere soil	not available	not available	not available	not available	rhizosphere microbiome	1	RSLCnano_2M2_2D_2plugs_500mM_NH4ACET8_5ug_90min_35cm_01	proteomic profiling by mass spectrometry	NT=Data-dependent acquisition;AC=PRIDE:0000627	NT=label free sample;AC=MS:1002038	NT=instrument model;AC=MS:1000031	not applicable	not available	1	1	RSLCnano_2M2_2D_2plugs_500mM_NH4ACET8_5ug_90min_35cm_01.raw	v1.1.0	NT=ms-proteomics;VV=v1.1.0	NT=metaproteomics;VV=v1.0.0	NT=soil;VV=v1.0.0	manual curation	soil
RSLCnano_2M2_2D_2plugs_50mM_NH4ACET8_5ug_90min_35cm_01	RSLCnano_2M2_2D_2plugs_50mM_NH4ACET8_5ug_90min_35cm_01	rhizosphere metagenome	soil	not applicable	not available	Metaproteomics_reveals_insights_into_microbial_structure_interactions_and_dynamic_regulation_in_defined_communities_as_they_respond_to_environmental_disturbance	rhizosphere soil	rhizosphere soil	not available	not available	not available	not available	rhizosphere microbiome	1	RSLCnano_2M2_2D_2plugs_50mM_NH4ACET8_5ug_90min_35cm_01	proteomic profiling by mass spectrometry	NT=Data-dependent acquisition;AC=PRIDE:0000627	NT=label free sample;AC=MS:1002038	NT=instrument model;AC=MS:1000031	not applicable	not available	1	1	RSLCnano_2M2_2D_2plugs_50mM_NH4ACET8_5ug_90min_35cm_01.raw	v1.1.0	NT=ms-proteomics;VV=v1.1.0	NT=metaproteomics;VV=v1.0.0	NT=soil;VV=v1.0.0	manual curation	soil
RSLCnano_2M3_2D_2plugs_35mM_NH4ACET8_5ug_90min_35cm_01	RSLCnano_2M3_2D_2plugs_35mM_NH4ACET8_5ug_90min_35cm_01	rhizosphere metagenome	soil	not applicable	not available	Metaproteomics_reveals_insights_into_microbial_structure_interactions_and_dynamic_regulation_in_defined_communities_as_they_respond_to_environmental_disturbance	rhizosphere soil	rhizosphere soil	not available	not available	not available	not available	rhizosphere microbiome	1	RSLCnano_2M3_2D_2plugs_35mM_NH4ACET8_5ug_90min_35cm_01	proteomic profiling by mass spectrometry	NT=Data-dependent acquisition;AC=PRIDE:0000627	NT=label free sample;AC=MS:1002038	NT=instrument model;AC=MS:1000031	not applicable	not available	1	1	RSLCnano_2M3_2D_2plugs_35mM_NH4ACET8_5ug_90min_35cm_01.raw	v1.1.0	NT=ms-proteomics;VV=v1.1.0	NT=metaproteomics;VV=v1.0.0	NT=soil;VV=v1.0.0	manual curation	soil
RSLCnano_2M3_2D_2plugs_500mM_NH4ACET8_5ug_90min_35cm_01	RSLCnano_2M3_2D_2plugs_500mM_NH4ACET8_5ug_90min_35cm_01	rhizosphere metagenome	soil	not applicable	not available	Metaproteomics_reveals_insights_into_microbial_structure_interactions_and_dynamic_regulation_in_defined_communities_as_they_respond_to_environmental_disturbance	rhizosphere soil	rhizosphere soil	not available	not available	not available	not available	rhizosphere microbiome	1	RSLCnano_2M3_2D_2plugs_500mM_NH4ACET8_5ug_90min_35cm_01	proteomic profiling by mass spectrometry	NT=Data-dependent acquisition;AC=PRIDE:0000627	NT=label free sample;AC=MS:1002038	NT=instrument model;AC=MS:1000031	not applicable	not available	1	1	RSLCnano_2M3_2D_2plugs_500mM_NH4ACET8_5ug_90min_35cm_01.raw	v1.1.0	NT=ms-proteomics;VV=v1.1.0	NT=metaproteomics;VV=v1.0.0	NT=soil;VV=v1.0.0	manual curation	soil
RSLCnano_2M3_2D_2plugs_50mM_NH4ACET8_5ug_90min_35cm_01	RSLCnano_2M3_2D_2plugs_50mM_NH4ACET8_5ug_90min_35cm_01	rhizosphere metagenome	soil	not applicable	not available	Metaproteomics_reveals_insights_into_microbial_structure_interactions_and_dynamic_regulation_in_defined_communities_as_they_respond_to_environmental_disturbance	rhizosphere soil	rhizosphere soil	not available	not available	not available	not available	rhizosphere microbiome	1	RSLCnano_2M3_2D_2plugs_50mM_NH4ACET8_5ug_90min_35cm_01	proteomic profiling by mass spectrometry	NT=Data-dependent acquisition;AC=PRIDE:0000627	NT=label free sample;AC=MS:1002038	NT=instrument model;AC=MS:1000031	not applicable	not available	1	1	RSLCnano_2M3_2D_2plugs_50mM_NH4ACET8_5ug_90min_35cm_01.raw	v1.1.0	NT=ms-proteomics;VV=v1.1.0	NT=metaproteomics;VV=v1.0.0	NT=soil;VV=v1.0.0	manual curation	soil
RSLCnano_2M4_2D_2plugs_35mM_NH4ACET8_5ug_90min_35cm_01	RSLCnano_2M4_2D_2plugs_35mM_NH4ACET8_5ug_90min_35cm_01	rhizosphere metagenome	soil	not applicable	not available	Metaproteomics_reveals_insights_into_microbial_structure_interactions_and_dynamic_regulation_in_defined_communities_as_they_respond_to_environmental_disturbance	rhizosphere soil	rhizosphere soil	not available	not available	not available	not available	rhizosphere microbiome	1	RSLCnano_2M4_2D_2plugs_35mM_NH4ACET8_5ug_90min_35cm_01	proteomic profiling by mass spectrometry	NT=Data-dependent acquisition;AC=PRIDE:0000627	NT=label free sample;AC=MS:1002038	NT=instrument model;AC=MS:1000031	not applicable	not available	1	1	RSLCnano_2M4_2D_2plugs_35mM_NH4ACET8_5ug_90min_35cm_01.raw	v1.1.0	NT=ms-proteomics;VV=v1.1.0	NT=metaproteomics;VV=v1.0.0	NT=soil;VV=v1.0.0	manual curation	soil
RSLCnano_2M4_2D_2plugs_500mM_NH4ACET8_5ug_90min_35cm_01	RSLCnano_2M4_2D_2plugs_500mM_NH4ACET8_5ug_90min_35cm_01	rhizosphere metagenome	soil	not applicable	not available	Metaproteomics_reveals_insights_into_microbial_structure_interactions_and_dynamic_regulation_in_defined_communities_as_they_respond_to_environmental_disturbance	rhizosphere soil	rhizosphere soil	not available	not available	not available	not available	rhizosphere microbiome	1	RSLCnano_2M4_2D_2plugs_500mM_NH4ACET8_5ug_90min_35cm_01	proteomic profiling by mass spectrometry	NT=Data-dependent acquisition;AC=PRIDE:0000627	NT=label free sample;AC=MS:1002038	NT=instrument model;AC=MS:1000031	not applicable	not available	1	1	RSLCnano_2M4_2D_2plugs_500mM_NH4ACET8_5ug_90min_35cm_01.raw	v1.1.0	NT=ms-proteomics;VV=v1.1.0	NT=metaproteomics;VV=v1.0.0	NT=soil;VV=v1.0.0	manual curation	soil
RSLCnano_2M4_2D_2plugs_50mM_NH4ACET8_5ug_90min_35cm_01	RSLCnano_2M4_2D_2plugs_50mM_NH4ACET8_5ug_90min_35cm_01	rhizosphere metagenome	soil	not applicable	not available	Metaproteomics_reveals_insights_into_microbial_structure_interactions_and_dynamic_regulation_in_defined_communities_as_they_respond_to_environmental_disturbance	rhizosphere soil	rhizosphere soil	not available	not available	not available	not available	rhizosphere microbiome	1	RSLCnano_2M4_2D_2plugs_50mM_NH4ACET8_5ug_90min_35cm_01	proteomic profiling by mass spectrometry	NT=Data-dependent acquisition;AC=PRIDE:0000627	NT=label free sample;AC=MS:1002038	NT=instrument model;AC=MS:1000031	not applicable	not available	1	1	RSLCnano_2M4_2D_2plugs_50mM_NH4ACET8_5ug_90min_35cm_01.raw	v1.1.0	NT=ms-proteomics;VV=v1.1.0	NT=metaproteomics;VV=v1.0.0	NT=soil;VV=v1.0.0	manual curation	soil
RSLCnano_2M5_2D_2plugs_35mM_NH4ACET8_5ug_90min_35cm_01	RSLCnano_2M5_2D_2plugs_35mM_NH4ACET8_5ug_90min_35cm_01	rhizosphere metagenome	soil	not applicable	not available	Metaproteomics_reveals_insights_into_microbial_structure_interactions_and_dynamic_regulation_in_defined_communities_as_they_respond_to_environmental_disturbance	rhizosphere soil	rhizosphere soil	not available	not available	not available	not available	rhizosphere microbiome	1	RSLCnano_2M5_2D_2plugs_35mM_NH4ACET8_5ug_90min_35cm_01	proteomic profiling by mass spectrometry	NT=Data-dependent acquisition;AC=PRIDE:0000627	NT=label free sample;AC=MS:1002038	NT=instrument model;AC=MS:1000031	not applicable	not available	1	1	RSLCnano_2M5_2D_2plugs_35mM_NH4ACET8_5ug_90min_35cm_01.raw	v1.1.0	NT=ms-proteomics;VV=v1.1.0	NT=metaproteomics;VV=v1.0.0	NT=soil;VV=v1.0.0	manual curation	soil
RSLCnano_2M5_2D_2plugs_500mM_NH4ACET8_5ug_90min_35cm_01	RSLCnano_2M5_2D_2plugs_500mM_NH4ACET8_5ug_90min_35cm_01	rhizosphere metagenome	soil	not applicable	not available	Metaproteomics_reveals_insights_into_microbial_structure_interactions_and_dynamic_regulation_in_defined_communities_as_they_respond_to_environmental_disturbance	rhizosphere soil	rhizosphere soil	not available	not available	not available	not available	rhizosphere microbiome	1	RSLCnano_2M5_2D_2plugs_500mM_NH4ACET8_5ug_90min_35cm_01	proteomic profiling by mass spectrometry	NT=Data-dependent acquisition;AC=PRIDE:0000627	NT=label free sample;AC=MS:1002038	NT=instrument model;AC=MS:1000031	not applicable	not available	1	1	RSLCnano_2M5_2D_2plugs_500mM_NH4ACET8_5ug_90min_35cm_01.raw	v1.1.0	NT=ms-proteomics;VV=v1.1.0	NT=metaproteomics;VV=v1.0.0	NT=soil;VV=v1.0.0	manual curation	soil
RSLCnano_2M5_2D_2plugs_50mM_NH4ACET8_5ug_90min_35cm_01	RSLCnano_2M5_2D_2plugs_50mM_NH4ACET8_5ug_90min_35cm_01	rhizosphere metagenome	soil	not applicable	not available	Metaproteomics_reveals_insights_into_microbial_structure_interactions_and_dynamic_regulation_in_defined_communities_as_they_respond_to_environmental_disturbance	rhizosphere soil	rhizosphere soil	not available	not available	not available	not available	rhizosphere microbiome	1	RSLCnano_2M5_2D_2plugs_50mM_NH4ACET8_5ug_90min_35cm_01	proteomic profiling by mass spectrometry	NT=Data-dependent acquisition;AC=PRIDE:0000627	NT=label free sample;AC=MS:1002038	NT=instrument model;AC=MS:1000031	not applicable	not available	1	1	RSLCnano_2M5_2D_2plugs_50mM_NH4ACET8_5ug_90min_35cm_01.raw	v1.1.0	NT=ms-proteomics;VV=v1.1.0	NT=metaproteomics;VV=v1.0.0	NT=soil;VV=v1.0.0	manual curation	soil
RSLCnano_2R0_2D_2plugs_35mM_NH4ACET8_5ug_90min_35cm_01	RSLCnano_2R0_2D_2plugs_35mM_NH4ACET8_5ug_90min_35cm_01	rhizosphere metagenome	soil	not applicable	not available	Metaproteomics_reveals_insights_into_microbial_structure_interactions_and_dynamic_regulation_in_defined_communities_as_they_respond_to_environmental_disturbance	rhizosphere soil	rhizosphere soil	not available	not available	not available	not available	rhizosphere microbiome	1	RSLCnano_2R0_2D_2plugs_35mM_NH4ACET8_5ug_90min_35cm_01	proteomic profiling by mass spectrometry	NT=Data-dependent acquisition;AC=PRIDE:0000627	NT=label free sample;AC=MS:1002038	NT=instrument model;AC=MS:1000031	not applicable	not available	1	1	RSLCnano_2R0_2D_2plugs_35mM_NH4ACET8_5ug_90min_35cm_01.raw	v1.1.0	NT=ms-proteomics;VV=v1.1.0	NT=metaproteomics;VV=v1.0.0	NT=soil;VV=v1.0.0	manual curation	soil
RSLCnano_2R0_2D_2plugs_500mM_NH4ACET8_5ug_90min_35cm_01	RSLCnano_2R0_2D_2plugs_500mM_NH4ACET8_5ug_90min_35cm_01	rhizosphere metagenome	soil	not applicable	not available	Metaproteomics_reveals_insights_into_microbial_structure_interactions_and_dynamic_regulation_in_defined_communities_as_they_respond_to_environmental_disturbance	rhizosphere soil	rhizosphere soil	not available	not available	not available	not available	rhizosphere microbiome	1	RSLCnano_2R0_2D_2plugs_500mM_NH4ACET8_5ug_90min_35cm_01	proteomic profiling by mass spectrometry	NT=Data-dependent acquisition;AC=PRIDE:0000627	NT=label free sample;AC=MS:1002038	NT=instrument model;AC=MS:1000031	not applicable	not available	1	1	RSLCnano_2R0_2D_2plugs_500mM_NH4ACET8_5ug_90min_35cm_01.raw	v1.1.0	NT=ms-proteomics;VV=v1.1.0	NT=metaproteomics;VV=v1.0.0	NT=soil;VV=v1.0.0	manual curation	soil
RSLCnano_2R0_2D_2plugs_50mM_NH4ACET8_5ug_90min_35cm_01	RSLCnano_2R0_2D_2plugs_50mM_NH4ACET8_5ug_90min_35cm_01	rhizosphere metagenome	soil	not applicable	not available	Metaproteomics_reveals_insights_into_microbial_structure_interactions_and_dynamic_regulation_in_defined_communities_as_they_respond_to_environmental_disturbance	rhizosphere soil	rhizosphere soil	not available	not available	not available	not available	rhizosphere microbiome	1	RSLCnano_2R0_2D_2plugs_50mM_NH4ACET8_5ug_90min_35cm_01	proteomic profiling by mass spectrometry	NT=Data-dependent acquisition;AC=PRIDE:0000627	NT=label free sample;AC=MS:1002038	NT=instrument model;AC=MS:1000031	not applicable	not available	1	1	RSLCnano_2R0_2D_2plugs_50mM_NH4ACET8_5ug_90min_35cm_01.raw	v1.1.0	NT=ms-proteomics;VV=v1.1.0	NT=metaproteomics;VV=v1.0.0	NT=soil;VV=v1.0.0	manual curation	soil
RSLCnano_2R10_2D_2plugs_35mM_NH4ACET8_5ug_90min_35cm_01	RSLCnano_2R10_2D_2plugs_35mM_NH4ACET8_5ug_90min_35cm_01	rhizosphere metagenome	soil	not applicable	not available	Metaproteomics_reveals_insights_into_microbial_structure_interactions_and_dynamic_regulation_in_defined_communities_as_they_respond_to_environmental_disturbance	rhizosphere soil	rhizosphere soil	not available	not available	not available	not available	rhizosphere microbiome	1	RSLCnano_2R10_2D_2plugs_35mM_NH4ACET8_5ug_90min_35cm_01	proteomic profiling by mass spectrometry	NT=Data-dependent acquisition;AC=PRIDE:0000627	NT=label free sample;AC=MS:1002038	NT=instrument model;AC=MS:1000031	not applicable	not available	1	1	RSLCnano_2R10_2D_2plugs_35mM_NH4ACET8_5ug_90min_35cm_01.raw	v1.1.0	NT=ms-proteomics;VV=v1.1.0	NT=metaproteomics;VV=v1.0.0	NT=soil;VV=v1.0.0	manual curation	soil
RSLCnano_2R10_2D_2plugs_500mM_NH4ACET8_5ug_90min_35cm_01	RSLCnano_2R10_2D_2plugs_500mM_NH4ACET8_5ug_90min_35cm_01	rhizosphere metagenome	soil	not applicable	not available	Metaproteomics_reveals_insights_into_microbial_structure_interactions_and_dynamic_regulation_in_defined_communities_as_they_respond_to_environmental_disturbance	rhizosphere soil	rhizosphere soil	not available	not available	not available	not available	rhizosphere microbiome	1	RSLCnano_2R10_2D_2plugs_500mM_NH4ACET8_5ug_90min_35cm_01	proteomic profiling by mass spectrometry	NT=Data-dependent acquisition;AC=PRIDE:0000627	NT=label free sample;AC=MS:1002038	NT=instrument model;AC=MS:1000031	not applicable	not available	1	1	RSLCnano_2R10_2D_2plugs_500mM_NH4ACET8_5ug_90min_35cm_01.raw	v1.1.0	NT=ms-proteomics;VV=v1.1.0	NT=metaproteomics;VV=v1.0.0	NT=soil;VV=v1.0.0	manual curation	soil
RSLCnano_2R10_2D_2plugs_50mM_NH4ACET8_5ug_90min_35cm_01	RSLCnano_2R10_2D_2plugs_50mM_NH4ACET8_5ug_90min_35cm_01	rhizosphere metagenome	soil	not applicable	not available	Metaproteomics_reveals_insights_into_microbial_structure_interactions_and_dynamic_regulation_in_defined_communities_as_they_respond_to_environmental_disturbance	rhizosphere soil	rhizosphere soil	not available	not available	not available	not available	rhizosphere microbiome	1	RSLCnano_2R10_2D_2plugs_50mM_NH4ACET8_5ug_90min_35cm_01	proteomic profiling by mass spectrometry	NT=Data-dependent acquisition;AC=PRIDE:0000627	NT=label free sample;AC=MS:1002038	NT=instrument model;AC=MS:1000031	not applicable	not available	1	1	RSLCnano_2R10_2D_2plugs_50mM_NH4ACET8_5ug_90min_35cm_01.raw	v1.1.0	NT=ms-proteomics;VV=v1.1.0	NT=metaproteomics;VV=v1.0.0	NT=soil;VV=v1.0.0	manual curation	soil
RSLCnano_2R15_2D_2plugs_35mM_NH4ACET8_5ug_90min_35cm_01	RSLCnano_2R15_2D_2plugs_35mM_NH4ACET8_5ug_90min_35cm_01	rhizosphere metagenome	soil	not applicable	not available	Metaproteomics_reveals_insights_into_microbial_structure_interactions_and_dynamic_regulation_in_defined_communities_as_they_respond_to_environmental_disturbance	rhizosphere soil	rhizosphere soil	not available	not available	not available	not available	rhizosphere microbiome	1	RSLCnano_2R15_2D_2plugs_35mM_NH4ACET8_5ug_90min_35cm_01	proteomic profiling by mass spectrometry	NT=Data-dependent acquisition;AC=PRIDE:0000627	NT=label free sample;AC=MS:1002038	NT=instrument model;AC=MS:1000031	not applicable	not available	1	1	RSLCnano_2R15_2D_2plugs_35mM_NH4ACET8_5ug_90min_35cm_01.raw	v1.1.0	NT=ms-proteomics;VV=v1.1.0	NT=metaproteomics;VV=v1.0.0	NT=soil;VV=v1.0.0	manual curation	soil
RSLCnano_2R15_2D_2plugs_500mM_NH4ACET8_5ug_90min_35cm_01	RSLCnano_2R15_2D_2plugs_500mM_NH4ACET8_5ug_90min_35cm_01	rhizosphere metagenome	soil	not applicable	not available	Metaproteomics_reveals_insights_into_microbial_structure_interactions_and_dynamic_regulation_in_defined_communities_as_they_respond_to_environmental_disturbance	rhizosphere soil	rhizosphere soil	not available	not available	not available	not available	rhizosphere microbiome	1	RSLCnano_2R15_2D_2plugs_500mM_NH4ACET8_5ug_90min_35cm_01	proteomic profiling by mass spectrometry	NT=Data-dependent acquisition;AC=PRIDE:0000627	NT=label free sample;AC=MS:1002038	NT=instrument model;AC=MS:1000031	not applicable	not available	1	1	RSLCnano_2R15_2D_2plugs_500mM_NH4ACET8_5ug_90min_35cm_01.raw	v1.1.0	NT=ms-proteomics;VV=v1.1.0	NT=metaproteomics;VV=v1.0.0	NT=soil;VV=v1.0.0	manual curation	soil
RSLCnano_2R15_2D_2plugs_50mM_NH4ACET8_5ug_90min_35cm_01	RSLCnano_2R15_2D_2plugs_50mM_NH4ACET8_5ug_90min_35cm_01	rhizosphere metagenome	soil	not applicable	not available	Metaproteomics_reveals_insights_into_microbial_structure_interactions_and_dynamic_regulation_in_defined_communities_as_they_respond_to_environmental_disturbance	rhizosphere soil	rhizosphere soil	not available	not available	not available	not available	rhizosphere microbiome	1	RSLCnano_2R15_2D_2plugs_50mM_NH4ACET8_5ug_90min_35cm_01	proteomic profiling by mass spectrometry	NT=Data-dependent acquisition;AC=PRIDE:0000627	NT=label free sample;AC=MS:1002038	NT=instrument model;AC=MS:1000031	not applicable	not available	1	1	RSLCnano_2R15_2D_2plugs_50mM_NH4ACET8_5ug_90min_35cm_01.raw	v1.1.0	NT=ms-proteomics;VV=v1.1.0	NT=metaproteomics;VV=v1.0.0	NT=soil;VV=v1.0.0	manual curation	soil
RSLCnano_2R1_2D_2plugs_35mM_NH4ACET8_5ug_90min_35cm_01	RSLCnano_2R1_2D_2plugs_35mM_NH4ACET8_5ug_90min_35cm_01	rhizosphere metagenome	soil	not applicable	not available	Metaproteomics_reveals_insights_into_microbial_structure_interactions_and_dynamic_regulation_in_defined_communities_as_they_respond_to_environmental_disturbance	rhizosphere soil	rhizosphere soil	not available	not available	not available	not available	rhizosphere microbiome	1	RSLCnano_2R1_2D_2plugs_35mM_NH4ACET8_5ug_90min_35cm_01	proteomic profiling by mass spectrometry	NT=Data-dependent acquisition;AC=PRIDE:0000627	NT=label free sample;AC=MS:1002038	NT=instrument model;AC=MS:1000031	not applicable	not available	1	1	RSLCnano_2R1_2D_2plugs_35mM_NH4ACET8_5ug_90min_35cm_01.raw	v1.1.0	NT=ms-proteomics;VV=v1.1.0	NT=metaproteomics;VV=v1.0.0	NT=soil;VV=v1.0.0	manual curation	soil
RSLCnano_2R1_2D_2plugs_500mM_NH4ACET8_5ug_90min_35cm_01	RSLCnano_2R1_2D_2plugs_500mM_NH4ACET8_5ug_90min_35cm_01	rhizosphere metagenome	soil	not applicable	not available	Metaproteomics_reveals_insights_into_microbial_structure_interactions_and_dynamic_regulation_in_defined_communities_as_they_respond_to_environmental_disturbance	rhizosphere soil	rhizosphere soil	not available	not available	not available	not available	rhizosphere microbiome	1	RSLCnano_2R1_2D_2plugs_500mM_NH4ACET8_5ug_90min_35cm_01	proteomic profiling by mass spectrometry	NT=Data-dependent acquisition;AC=PRIDE:0000627	NT=label free sample;AC=MS:1002038	NT=instrument model;AC=MS:1000031	not applicable	not available	1	1	RSLCnano_2R1_2D_2plugs_500mM_NH4ACET8_5ug_90min_35cm_01.raw	v1.1.0	NT=ms-proteomics;VV=v1.1.0	NT=metaproteomics;VV=v1.0.0	NT=soil;VV=v1.0.0	manual curation	soil
RSLCnano_2R1_2D_2plugs_50mM_NH4ACET8_5ug_90min_35cm_01	RSLCnano_2R1_2D_2plugs_50mM_NH4ACET8_5ug_90min_35cm_01	rhizosphere metagenome	soil	not applicable	not available	Metaproteomics_reveals_insights_into_microbial_structure_interactions_and_dynamic_regulation_in_defined_communities_as_they_respond_to_environmental_disturbance	rhizosphere soil	rhizosphere soil	not available	not available	not available	not available	rhizosphere microbiome	1	RSLCnano_2R1_2D_2plugs_50mM_NH4ACET8_5ug_90min_35cm_01	proteomic profiling by mass spectrometry	NT=Data-dependent acquisition;AC=PRIDE:0000627	NT=label free sample;AC=MS:1002038	NT=instrument model;AC=MS:1000031	not applicable	not available	1	1	RSLCnano_2R1_2D_2plugs_50mM_NH4ACET8_5ug_90min_35cm_01.raw	v1.1.0	NT=ms-proteomics;VV=v1.1.0	NT=metaproteomics;VV=v1.0.0	NT=soil;VV=v1.0.0	manual curation	soil
RSLCnano_2R2_2D_2plugs_35mM_NH4ACET8_5ug_90min_35cm_01	RSLCnano_2R2_2D_2plugs_35mM_NH4ACET8_5ug_90min_35cm_01	rhizosphere metagenome	soil	not applicable	not available	Metaproteomics_reveals_insights_into_microbial_structure_interactions_and_dynamic_regulation_in_defined_communities_as_they_respond_to_environmental_disturbance	rhizosphere soil	rhizosphere soil	not available	not available	not available	not available	rhizosphere microbiome	1	RSLCnano_2R2_2D_2plugs_35mM_NH4ACET8_5ug_90min_35cm_01	proteomic profiling by mass spectrometry	NT=Data-dependent acquisition;AC=PRIDE:0000627	NT=label free sample;AC=MS:1002038	NT=instrument model;AC=MS:1000031	not applicable	not available	1	1	RSLCnano_2R2_2D_2plugs_35mM_NH4ACET8_5ug_90min_35cm_01.raw	v1.1.0	NT=ms-proteomics;VV=v1.1.0	NT=metaproteomics;VV=v1.0.0	NT=soil;VV=v1.0.0	manual curation	soil
RSLCnano_2R2_2D_2plugs_500mM_NH4ACET8_5ug_90min_35cm_01	RSLCnano_2R2_2D_2plugs_500mM_NH4ACET8_5ug_90min_35cm_01	rhizosphere metagenome	soil	not applicable	not available	Metaproteomics_reveals_insights_into_microbial_structure_interactions_and_dynamic_regulation_in_defined_communities_as_they_respond_to_environmental_disturbance	rhizosphere soil	rhizosphere soil	not available	not available	not available	not available	rhizosphere microbiome	1	RSLCnano_2R2_2D_2plugs_500mM_NH4ACET8_5ug_90min_35cm_01	proteomic profiling by mass spectrometry	NT=Data-dependent acquisition;AC=PRIDE:0000627	NT=label free sample;AC=MS:1002038	NT=instrument model;AC=MS:1000031	not applicable	not available	1	1	RSLCnano_2R2_2D_2plugs_500mM_NH4ACET8_5ug_90min_35cm_01.raw	v1.1.0	NT=ms-proteomics;VV=v1.1.0	NT=metaproteomics;VV=v1.0.0	NT=soil;VV=v1.0.0	manual curation	soil
RSLCnano_2R2_2D_2plugs_50mM_NH4ACET8_5ug_90min_35cm_01	RSLCnano_2R2_2D_2plugs_50mM_NH4ACET8_5ug_90min_35cm_01	rhizosphere metagenome	soil	not applicable	not available	Metaproteomics_reveals_insights_into_microbial_structure_interactions_and_dynamic_regulation_in_defined_communities_as_they_respond_to_environmental_disturbance	rhizosphere soil	rhizosphere soil	not available	not available	not available	not available	rhizosphere microbiome	1	RSLCnano_2R2_2D_2plugs_50mM_NH4ACET8_5ug_90min_35cm_01	proteomic profiling by mass spectrometry	NT=Data-dependent acquisition;AC=PRIDE:0000627	NT=label free sample;AC=MS:1002038	NT=instrument model;AC=MS:1000031	not applicable	not available	1	1	RSLCnano_2R2_2D_2plugs_50mM_NH4ACET8_5ug_90min_35cm_01.raw	v1.1.0	NT=ms-proteomics;VV=v1.1.0	NT=metaproteomics;VV=v1.0.0	NT=soil;VV=v1.0.0	manual curation	soil
RSLCnano_2R3_2D_2plugs_35mM_NH4ACET8_5ug_90min_35cm_01	RSLCnano_2R3_2D_2plugs_35mM_NH4ACET8_5ug_90min_35cm_01	rhizosphere metagenome	soil	not applicable	not available	Metaproteomics_reveals_insights_into_microbial_structure_interactions_and_dynamic_regulation_in_defined_communities_as_they_respond_to_environmental_disturbance	rhizosphere soil	rhizosphere soil	not available	not available	not available	not available	rhizosphere microbiome	1	RSLCnano_2R3_2D_2plugs_35mM_NH4ACET8_5ug_90min_35cm_01	proteomic profiling by mass spectrometry	NT=Data-dependent acquisition;AC=PRIDE:0000627	NT=label free sample;AC=MS:1002038	NT=instrument model;AC=MS:1000031	not applicable	not available	1	1	RSLCnano_2R3_2D_2plugs_35mM_NH4ACET8_5ug_90min_35cm_01.raw	v1.1.0	NT=ms-proteomics;VV=v1.1.0	NT=metaproteomics;VV=v1.0.0	NT=soil;VV=v1.0.0	manual curation	soil
RSLCnano_2R3_2D_2plugs_500mM_NH4ACET8_5ug_90min_35cm_01	RSLCnano_2R3_2D_2plugs_500mM_NH4ACET8_5ug_90min_35cm_01	rhizosphere metagenome	soil	not applicable	not available	Metaproteomics_reveals_insights_into_microbial_structure_interactions_and_dynamic_regulation_in_defined_communities_as_they_respond_to_environmental_disturbance	rhizosphere soil	rhizosphere soil	not available	not available	not available	not available	rhizosphere microbiome	1	RSLCnano_2R3_2D_2plugs_500mM_NH4ACET8_5ug_90min_35cm_01	proteomic profiling by mass spectrometry	NT=Data-dependent acquisition;AC=PRIDE:0000627	NT=label free sample;AC=MS:1002038	NT=instrument model;AC=MS:1000031	not applicable	not available	1	1	RSLCnano_2R3_2D_2plugs_500mM_NH4ACET8_5ug_90min_35cm_01.raw	v1.1.0	NT=ms-proteomics;VV=v1.1.0	NT=metaproteomics;VV=v1.0.0	NT=soil;VV=v1.0.0	manual curation	soil
RSLCnano_2R3_2D_2plugs_50mM_NH4ACET8_5ug_90min_35cm_01	RSLCnano_2R3_2D_2plugs_50mM_NH4ACET8_5ug_90min_35cm_01	rhizosphere metagenome	soil	not applicable	not available	Metaproteomics_reveals_insights_into_microbial_structure_interactions_and_dynamic_regulation_in_defined_communities_as_they_respond_to_environmental_disturbance	rhizosphere soil	rhizosphere soil	not available	not available	not available	not available	rhizosphere microbiome	1	RSLCnano_2R3_2D_2plugs_50mM_NH4ACET8_5ug_90min_35cm_01	proteomic profiling by mass spectrometry	NT=Data-dependent acquisition;AC=PRIDE:0000627	NT=label free sample;AC=MS:1002038	NT=instrument model;AC=MS:1000031	not applicable	not available	1	1	RSLCnano_2R3_2D_2plugs_50mM_NH4ACET8_5ug_90min_35cm_01.raw	v1.1.0	NT=ms-proteomics;VV=v1.1.0	NT=metaproteomics;VV=v1.0.0	NT=soil;VV=v1.0.0	manual curation	soil
RSLCnano_2R4_2D_2plugs_35mM_NH4ACET8_5ug_90min_35cm_01	RSLCnano_2R4_2D_2plugs_35mM_NH4ACET8_5ug_90min_35cm_01	rhizosphere metagenome	soil	not applicable	not available	Metaproteomics_reveals_insights_into_microbial_structure_interactions_and_dynamic_regulation_in_defined_communities_as_they_respond_to_environmental_disturbance	rhizosphere soil	rhizosphere soil	not available	not available	not available	not available	rhizosphere microbiome	1	RSLCnano_2R4_2D_2plugs_35mM_NH4ACET8_5ug_90min_35cm_01	proteomic profiling by mass spectrometry	NT=Data-dependent acquisition;AC=PRIDE:0000627	NT=label free sample;AC=MS:1002038	NT=instrument model;AC=MS:1000031	not applicable	not available	1	1	RSLCnano_2R4_2D_2plugs_35mM_NH4ACET8_5ug_90min_35cm_01.raw	v1.1.0	NT=ms-proteomics;VV=v1.1.0	NT=metaproteomics;VV=v1.0.0	NT=soil;VV=v1.0.0	manual curation	soil
RSLCnano_2R4_2D_2plugs_500mM_NH4ACET8_5ug_90min_35cm_01	RSLCnano_2R4_2D_2plugs_500mM_NH4ACET8_5ug_90min_35cm_01	rhizosphere metagenome	soil	not applicable	not available	Metaproteomics_reveals_insights_into_microbial_structure_interactions_and_dynamic_regulation_in_defined_communities_as_they_respond_to_environmental_disturbance	rhizosphere soil	rhizosphere soil	not available	not available	not available	not available	rhizosphere microbiome	1	RSLCnano_2R4_2D_2plugs_500mM_NH4ACET8_5ug_90min_35cm_01	proteomic profiling by mass spectrometry	NT=Data-dependent acquisition;AC=PRIDE:0000627	NT=label free sample;AC=MS:1002038	NT=instrument model;AC=MS:1000031	not applicable	not available	1	1	RSLCnano_2R4_2D_2plugs_500mM_NH4ACET8_5ug_90min_35cm_01.raw	v1.1.0	NT=ms-proteomics;VV=v1.1.0	NT=metaproteomics;VV=v1.0.0	NT=soil;VV=v1.0.0	manual curation	soil
RSLCnano_2R4_2D_2plugs_50mM_NH4ACET8_5ug_90min_35cm_01	RSLCnano_2R4_2D_2plugs_50mM_NH4ACET8_5ug_90min_35cm_01	rhizosphere metagenome	soil	not applicable	not available	Metaproteomics_reveals_insights_into_microbial_structure_interactions_and_dynamic_regulation_in_defined_communities_as_they_respond_to_environmental_disturbance	rhizosphere soil	rhizosphere soil	not available	not available	not available	not available	rhizosphere microbiome	1	RSLCnano_2R4_2D_2plugs_50mM_NH4ACET8_5ug_90min_35cm_01	proteomic profiling by mass spectrometry	NT=Data-dependent acquisition;AC=PRIDE:0000627	NT=label free sample;AC=MS:1002038	NT=instrument model;AC=MS:1000031	not applicable	not available	1	1	RSLCnano_2R4_2D_2plugs_50mM_NH4ACET8_5ug_90min_35cm_01.raw	v1.1.0	NT=ms-proteomics;VV=v1.1.0	NT=metaproteomics;VV=v1.0.0	NT=soil;VV=v1.0.0	manual curation	soil
RSLCnano_2R5_2D_2plugs_35mM_NH4ACET8_5ug_90min_35cm_01	RSLCnano_2R5_2D_2plugs_35mM_NH4ACET8_5ug_90min_35cm_01	rhizosphere metagenome	soil	not applicable	not available	Metaproteomics_reveals_insights_into_microbial_structure_interactions_and_dynamic_regulation_in_defined_communities_as_they_respond_to_environmental_disturbance	rhizosphere soil	rhizosphere soil	not available	not available	not available	not available	rhizosphere microbiome	1	RSLCnano_2R5_2D_2plugs_35mM_NH4ACET8_5ug_90min_35cm_01	proteomic profiling by mass spectrometry	NT=Data-dependent acquisition;AC=PRIDE:0000627	NT=label free sample;AC=MS:1002038	NT=instrument model;AC=MS:1000031	not applicable	not available	1	1	RSLCnano_2R5_2D_2plugs_35mM_NH4ACET8_5ug_90min_35cm_01.raw	v1.1.0	NT=ms-proteomics;VV=v1.1.0	NT=metaproteomics;VV=v1.0.0	NT=soil;VV=v1.0.0	manual curation	soil
RSLCnano_2R5_2D_2plugs_500mM_NH4ACET8_5ug_90min_35cm_01	RSLCnano_2R5_2D_2plugs_500mM_NH4ACET8_5ug_90min_35cm_01	rhizosphere metagenome	soil	not applicable	not available	Metaproteomics_reveals_insights_into_microbial_structure_interactions_and_dynamic_regulation_in_defined_communities_as_they_respond_to_environmental_disturbance	rhizosphere soil	rhizosphere soil	not available	not available	not available	not available	rhizosphere microbiome	1	RSLCnano_2R5_2D_2plugs_500mM_NH4ACET8_5ug_90min_35cm_01	proteomic profiling by mass spectrometry	NT=Data-dependent acquisition;AC=PRIDE:0000627	NT=label free sample;AC=MS:1002038	NT=instrument model;AC=MS:1000031	not applicable	not available	1	1	RSLCnano_2R5_2D_2plugs_500mM_NH4ACET8_5ug_90min_35cm_01.raw	v1.1.0	NT=ms-proteomics;VV=v1.1.0	NT=metaproteomics;VV=v1.0.0	NT=soil;VV=v1.0.0	manual curation	soil
RSLCnano_2R5_2D_2plugs_50mM_NH4ACET8_5ug_90min_35cm_01	RSLCnano_2R5_2D_2plugs_50mM_NH4ACET8_5ug_90min_35cm_01	rhizosphere metagenome	soil	not applicable	not available	Metaproteomics_reveals_insights_into_microbial_structure_interactions_and_dynamic_regulation_in_defined_communities_as_they_respond_to_environmental_disturbance	rhizosphere soil	rhizosphere soil	not available	not available	not available	not available	rhizosphere microbiome	1	RSLCnano_2R5_2D_2plugs_50mM_NH4ACET8_5ug_90min_35cm_01	proteomic profiling by mass spectrometry	NT=Data-dependent acquisition;AC=PRIDE:0000627	NT=label free sample;AC=MS:1002038	NT=instrument model;AC=MS:1000031	not applicable	not available	1	1	RSLCnano_2R5_2D_2plugs_50mM_NH4ACET8_5ug_90min_35cm_01.raw	v1.1.0	NT=ms-proteomics;VV=v1.1.0	NT=metaproteomics;VV=v1.0.0	NT=soil;VV=v1.0.0	manual curation	soil
RSLCnano_3M0_2D_2plugs_35mM_NH4ACET8_5ug_90min_35cm_01	RSLCnano_3M0_2D_2plugs_35mM_NH4ACET8_5ug_90min_35cm_01	rhizosphere metagenome	soil	not applicable	not available	Metaproteomics_reveals_insights_into_microbial_structure_interactions_and_dynamic_regulation_in_defined_communities_as_they_respond_to_environmental_disturbance	rhizosphere soil	rhizosphere soil	not available	not available	not available	not available	rhizosphere microbiome	1	RSLCnano_3M0_2D_2plugs_35mM_NH4ACET8_5ug_90min_35cm_01	proteomic profiling by mass spectrometry	NT=Data-dependent acquisition;AC=PRIDE:0000627	NT=label free sample;AC=MS:1002038	NT=instrument model;AC=MS:1000031	not applicable	not available	1	1	RSLCnano_3M0_2D_2plugs_35mM_NH4ACET8_5ug_90min_35cm_01.raw	v1.1.0	NT=ms-proteomics;VV=v1.1.0	NT=metaproteomics;VV=v1.0.0	NT=soil;VV=v1.0.0	manual curation	soil
RSLCnano_3M0_2D_2plugs_500mM_NH4ACET8_5ug_90min_35cm_01	RSLCnano_3M0_2D_2plugs_500mM_NH4ACET8_5ug_90min_35cm_01	rhizosphere metagenome	soil	not applicable	not available	Metaproteomics_reveals_insights_into_microbial_structure_interactions_and_dynamic_regulation_in_defined_communities_as_they_respond_to_environmental_disturbance	rhizosphere soil	rhizosphere soil	not available	not available	not available	not available	rhizosphere microbiome	1	RSLCnano_3M0_2D_2plugs_500mM_NH4ACET8_5ug_90min_35cm_01	proteomic profiling by mass spectrometry	NT=Data-dependent acquisition;AC=PRIDE:0000627	NT=label free sample;AC=MS:1002038	NT=instrument model;AC=MS:1000031	not applicable	not available	1	1	RSLCnano_3M0_2D_2plugs_500mM_NH4ACET8_5ug_90min_35cm_01.raw	v1.1.0	NT=ms-proteomics;VV=v1.1.0	NT=metaproteomics;VV=v1.0.0	NT=soil;VV=v1.0.0	manual curation	soil
RSLCnano_3M0_2D_2plugs_50mM_NH4ACET8_5ug_90min_35cm_01	RSLCnano_3M0_2D_2plugs_50mM_NH4ACET8_5ug_90min_35cm_01	rhizosphere metagenome	soil	not applicable	not available	Metaproteomics_reveals_insights_into_microbial_structure_interactions_and_dynamic_regulation_in_defined_communities_as_they_respond_to_environmental_disturbance	rhizosphere soil	rhizosphere soil	not available	not available	not available	not available	rhizosphere microbiome	1	RSLCnano_3M0_2D_2plugs_50mM_NH4ACET8_5ug_90min_35cm_01	proteomic profiling by mass spectrometry	NT=Data-dependent acquisition;AC=PRIDE:0000627	NT=label free sample;AC=MS:1002038	NT=instrument model;AC=MS:1000031	not applicable	not available	1	1	RSLCnano_3M0_2D_2plugs_50mM_NH4ACET8_5ug_90min_35cm_01.raw	v1.1.0	NT=ms-proteomics;VV=v1.1.0	NT=metaproteomics;VV=v1.0.0	NT=soil;VV=v1.0.0	manual curation	soil
RSLCnano_3M10_2D_2plugs_35mM_NH4ACET8_5ug_90min_35cm_01	RSLCnano_3M10_2D_2plugs_35mM_NH4ACET8_5ug_90min_35cm_01	rhizosphere metagenome	soil	not applicable	not available	Metaproteomics_reveals_insights_into_microbial_structure_interactions_and_dynamic_regulation_in_defined_communities_as_they_respond_to_environmental_disturbance	rhizosphere soil	rhizosphere soil	not available	not available	not available	not available	rhizosphere microbiome	1	RSLCnano_3M10_2D_2plugs_35mM_NH4ACET8_5ug_90min_35cm_01	proteomic profiling by mass spectrometry	NT=Data-dependent acquisition;AC=PRIDE:0000627	NT=label free sample;AC=MS:1002038	NT=instrument model;AC=MS:1000031	not applicable	not available	1	1	RSLCnano_3M10_2D_2plugs_35mM_NH4ACET8_5ug_90min_35cm_01.raw	v1.1.0	NT=ms-proteomics;VV=v1.1.0	NT=metaproteomics;VV=v1.0.0	NT=soil;VV=v1.0.0	manual curation	soil
RSLCnano_3M10_2D_2plugs_500mM_NH4ACET8_5ug_90min_35cm_01	RSLCnano_3M10_2D_2plugs_500mM_NH4ACET8_5ug_90min_35cm_01	rhizosphere metagenome	soil	not applicable	not available	Metaproteomics_reveals_insights_into_microbial_structure_interactions_and_dynamic_regulation_in_defined_communities_as_they_respond_to_environmental_disturbance	rhizosphere soil	rhizosphere soil	not available	not available	not available	not available	rhizosphere microbiome	1	RSLCnano_3M10_2D_2plugs_500mM_NH4ACET8_5ug_90min_35cm_01	proteomic profiling by mass spectrometry	NT=Data-dependent acquisition;AC=PRIDE:0000627	NT=label free sample;AC=MS:1002038	NT=instrument model;AC=MS:1000031	not applicable	not available	1	1	RSLCnano_3M10_2D_2plugs_500mM_NH4ACET8_5ug_90min_35cm_01.raw	v1.1.0	NT=ms-proteomics;VV=v1.1.0	NT=metaproteomics;VV=v1.0.0	NT=soil;VV=v1.0.0	manual curation	soil
RSLCnano_3M10_2D_2plugs_50mM_NH4ACET8_5ug_90min_35cm_01	RSLCnano_3M10_2D_2plugs_50mM_NH4ACET8_5ug_90min_35cm_01	rhizosphere metagenome	soil	not applicable	not available	Metaproteomics_reveals_insights_into_microbial_structure_interactions_and_dynamic_regulation_in_defined_communities_as_they_respond_to_environmental_disturbance	rhizosphere soil	rhizosphere soil	not available	not available	not available	not available	rhizosphere microbiome	1	RSLCnano_3M10_2D_2plugs_50mM_NH4ACET8_5ug_90min_35cm_01	proteomic profiling by mass spectrometry	NT=Data-dependent acquisition;AC=PRIDE:0000627	NT=label free sample;AC=MS:1002038	NT=instrument model;AC=MS:1000031	not applicable	not available	1	1	RSLCnano_3M10_2D_2plugs_50mM_NH4ACET8_5ug_90min_35cm_01.raw	v1.1.0	NT=ms-proteomics;VV=v1.1.0	NT=metaproteomics;VV=v1.0.0	NT=soil;VV=v1.0.0	manual curation	soil
RSLCnano_3M15_2D_2plugs_35mM_NH4ACET8_5ug_90min_35cm_01	RSLCnano_3M15_2D_2plugs_35mM_NH4ACET8_5ug_90min_35cm_01	rhizosphere metagenome	soil	not applicable	not available	Metaproteomics_reveals_insights_into_microbial_structure_interactions_and_dynamic_regulation_in_defined_communities_as_they_respond_to_environmental_disturbance	rhizosphere soil	rhizosphere soil	not available	not available	not available	not available	rhizosphere microbiome	1	RSLCnano_3M15_2D_2plugs_35mM_NH4ACET8_5ug_90min_35cm_01	proteomic profiling by mass spectrometry	NT=Data-dependent acquisition;AC=PRIDE:0000627	NT=label free sample;AC=MS:1002038	NT=instrument model;AC=MS:1000031	not applicable	not available	1	1	RSLCnano_3M15_2D_2plugs_35mM_NH4ACET8_5ug_90min_35cm_01.raw	v1.1.0	NT=ms-proteomics;VV=v1.1.0	NT=metaproteomics;VV=v1.0.0	NT=soil;VV=v1.0.0	manual curation	soil
RSLCnano_3M15_2D_2plugs_500mM_NH4ACET8_5ug_90min_35cm_01	RSLCnano_3M15_2D_2plugs_500mM_NH4ACET8_5ug_90min_35cm_01	rhizosphere metagenome	soil	not applicable	not available	Metaproteomics_reveals_insights_into_microbial_structure_interactions_and_dynamic_regulation_in_defined_communities_as_they_respond_to_environmental_disturbance	rhizosphere soil	rhizosphere soil	not available	not available	not available	not available	rhizosphere microbiome	1	RSLCnano_3M15_2D_2plugs_500mM_NH4ACET8_5ug_90min_35cm_01	proteomic profiling by mass spectrometry	NT=Data-dependent acquisition;AC=PRIDE:0000627	NT=label free sample;AC=MS:1002038	NT=instrument model;AC=MS:1000031	not applicable	not available	1	1	RSLCnano_3M15_2D_2plugs_500mM_NH4ACET8_5ug_90min_35cm_01.raw	v1.1.0	NT=ms-proteomics;VV=v1.1.0	NT=metaproteomics;VV=v1.0.0	NT=soil;VV=v1.0.0	manual curation	soil
RSLCnano_3M15_2D_2plugs_50mM_NH4ACET8_5ug_90min_35cm_01	RSLCnano_3M15_2D_2plugs_50mM_NH4ACET8_5ug_90min_35cm_01	rhizosphere metagenome	soil	not applicable	not available	Metaproteomics_reveals_insights_into_microbial_structure_interactions_and_dynamic_regulation_in_defined_communities_as_they_respond_to_environmental_disturbance	rhizosphere soil	rhizosphere soil	not available	not available	not available	not available	rhizosphere microbiome	1	RSLCnano_3M15_2D_2plugs_50mM_NH4ACET8_5ug_90min_35cm_01	proteomic profiling by mass spectrometry	NT=Data-dependent acquisition;AC=PRIDE:0000627	NT=label free sample;AC=MS:1002038	NT=instrument model;AC=MS:1000031	not applicable	not available	1	1	RSLCnano_3M15_2D_2plugs_50mM_NH4ACET8_5ug_90min_35cm_01.raw	v1.1.0	NT=ms-proteomics;VV=v1.1.0	NT=metaproteomics;VV=v1.0.0	NT=soil;VV=v1.0.0	manual curation	soil
RSLCnano_3M1_2D_2plugs_35mM_NH4ACET8_5ug_90min_35cm_01	RSLCnano_3M1_2D_2plugs_35mM_NH4ACET8_5ug_90min_35cm_01	rhizosphere metagenome	soil	not applicable	not available	Metaproteomics_reveals_insights_into_microbial_structure_interactions_and_dynamic_regulation_in_defined_communities_as_they_respond_to_environmental_disturbance	rhizosphere soil	rhizosphere soil	not available	not available	not available	not available	rhizosphere microbiome	1	RSLCnano_3M1_2D_2plugs_35mM_NH4ACET8_5ug_90min_35cm_01	proteomic profiling by mass spectrometry	NT=Data-dependent acquisition;AC=PRIDE:0000627	NT=label free sample;AC=MS:1002038	NT=instrument model;AC=MS:1000031	not applicable	not available	1	1	RSLCnano_3M1_2D_2plugs_35mM_NH4ACET8_5ug_90min_35cm_01.raw	v1.1.0	NT=ms-proteomics;VV=v1.1.0	NT=metaproteomics;VV=v1.0.0	NT=soil;VV=v1.0.0	manual curation	soil
RSLCnano_3M1_2D_2plugs_500mM_NH4ACET8_5ug_90min_35cm_01	RSLCnano_3M1_2D_2plugs_500mM_NH4ACET8_5ug_90min_35cm_01	rhizosphere metagenome	soil	not applicable	not available	Metaproteomics_reveals_insights_into_microbial_structure_interactions_and_dynamic_regulation_in_defined_communities_as_they_respond_to_environmental_disturbance	rhizosphere soil	rhizosphere soil	not available	not available	not available	not available	rhizosphere microbiome	1	RSLCnano_3M1_2D_2plugs_500mM_NH4ACET8_5ug_90min_35cm_01	proteomic profiling by mass spectrometry	NT=Data-dependent acquisition;AC=PRIDE:0000627	NT=label free sample;AC=MS:1002038	NT=instrument model;AC=MS:1000031	not applicable	not available	1	1	RSLCnano_3M1_2D_2plugs_500mM_NH4ACET8_5ug_90min_35cm_01.raw	v1.1.0	NT=ms-proteomics;VV=v1.1.0	NT=metaproteomics;VV=v1.0.0	NT=soil;VV=v1.0.0	manual curation	soil
RSLCnano_3M1_2D_2plugs_50mM_NH4ACET8_5ug_90min_35cm_01	RSLCnano_3M1_2D_2plugs_50mM_NH4ACET8_5ug_90min_35cm_01	rhizosphere metagenome	soil	not applicable	not available	Metaproteomics_reveals_insights_into_microbial_structure_interactions_and_dynamic_regulation_in_defined_communities_as_they_respond_to_environmental_disturbance	rhizosphere soil	rhizosphere soil	not available	not available	not available	not available	rhizosphere microbiome	1	RSLCnano_3M1_2D_2plugs_50mM_NH4ACET8_5ug_90min_35cm_01	proteomic profiling by mass spectrometry	NT=Data-dependent acquisition;AC=PRIDE:0000627	NT=label free sample;AC=MS:1002038	NT=instrument model;AC=MS:1000031	not applicable	not available	1	1	RSLCnano_3M1_2D_2plugs_50mM_NH4ACET8_5ug_90min_35cm_01.raw	v1.1.0	NT=ms-proteomics;VV=v1.1.0	NT=metaproteomics;VV=v1.0.0	NT=soil;VV=v1.0.0	manual curation	soil
RSLCnano_3M2_2D_2plugs_35mM_NH4ACET8_5ug_90min_35cm_01	RSLCnano_3M2_2D_2plugs_35mM_NH4ACET8_5ug_90min_35cm_01	rhizosphere metagenome	soil	not applicable	not available	Metaproteomics_reveals_insights_into_microbial_structure_interactions_and_dynamic_regulation_in_defined_communities_as_they_respond_to_environmental_disturbance	rhizosphere soil	rhizosphere soil	not available	not available	not available	not available	rhizosphere microbiome	1	RSLCnano_3M2_2D_2plugs_35mM_NH4ACET8_5ug_90min_35cm_01	proteomic profiling by mass spectrometry	NT=Data-dependent acquisition;AC=PRIDE:0000627	NT=label free sample;AC=MS:1002038	NT=instrument model;AC=MS:1000031	not applicable	not available	1	1	RSLCnano_3M2_2D_2plugs_35mM_NH4ACET8_5ug_90min_35cm_01.raw	v1.1.0	NT=ms-proteomics;VV=v1.1.0	NT=metaproteomics;VV=v1.0.0	NT=soil;VV=v1.0.0	manual curation	soil
RSLCnano_3M2_2D_2plugs_500mM_NH4ACET8_5ug_90min_35cm_01	RSLCnano_3M2_2D_2plugs_500mM_NH4ACET8_5ug_90min_35cm_01	rhizosphere metagenome	soil	not applicable	not available	Metaproteomics_reveals_insights_into_microbial_structure_interactions_and_dynamic_regulation_in_defined_communities_as_they_respond_to_environmental_disturbance	rhizosphere soil	rhizosphere soil	not available	not available	not available	not available	rhizosphere microbiome	1	RSLCnano_3M2_2D_2plugs_500mM_NH4ACET8_5ug_90min_35cm_01	proteomic profiling by mass spectrometry	NT=Data-dependent acquisition;AC=PRIDE:0000627	NT=label free sample;AC=MS:1002038	NT=instrument model;AC=MS:1000031	not applicable	not available	1	1	RSLCnano_3M2_2D_2plugs_500mM_NH4ACET8_5ug_90min_35cm_01.raw	v1.1.0	NT=ms-proteomics;VV=v1.1.0	NT=metaproteomics;VV=v1.0.0	NT=soil;VV=v1.0.0	manual curation	soil
RSLCnano_3M2_2D_2plugs_50mM_NH4ACET8_5ug_90min_35cm_01	RSLCnano_3M2_2D_2plugs_50mM_NH4ACET8_5ug_90min_35cm_01	rhizosphere metagenome	soil	not applicable	not available	Metaproteomics_reveals_insights_into_microbial_structure_interactions_and_dynamic_regulation_in_defined_communities_as_they_respond_to_environmental_disturbance	rhizosphere soil	rhizosphere soil	not available	not available	not available	not available	rhizosphere microbiome	1	RSLCnano_3M2_2D_2plugs_50mM_NH4ACET8_5ug_90min_35cm_01	proteomic profiling by mass spectrometry	NT=Data-dependent acquisition;AC=PRIDE:0000627	NT=label free sample;AC=MS:1002038	NT=instrument model;AC=MS:1000031	not applicable	not available	1	1	RSLCnano_3M2_2D_2plugs_50mM_NH4ACET8_5ug_90min_35cm_01.raw	v1.1.0	NT=ms-proteomics;VV=v1.1.0	NT=metaproteomics;VV=v1.0.0	NT=soil;VV=v1.0.0	manual curation	soil
RSLCnano_3M3_2D_2plugs_35mM_NH4ACET8_5ug_90min_35cm_01	RSLCnano_3M3_2D_2plugs_35mM_NH4ACET8_5ug_90min_35cm_01	rhizosphere metagenome	soil	not applicable	not available	Metaproteomics_reveals_insights_into_microbial_structure_interactions_and_dynamic_regulation_in_defined_communities_as_they_respond_to_environmental_disturbance	rhizosphere soil	rhizosphere soil	not available	not available	not available	not available	rhizosphere microbiome	1	RSLCnano_3M3_2D_2plugs_35mM_NH4ACET8_5ug_90min_35cm_01	proteomic profiling by mass spectrometry	NT=Data-dependent acquisition;AC=PRIDE:0000627	NT=label free sample;AC=MS:1002038	NT=instrument model;AC=MS:1000031	not applicable	not available	1	1	RSLCnano_3M3_2D_2plugs_35mM_NH4ACET8_5ug_90min_35cm_01.raw	v1.1.0	NT=ms-proteomics;VV=v1.1.0	NT=metaproteomics;VV=v1.0.0	NT=soil;VV=v1.0.0	manual curation	soil
RSLCnano_3M3_2D_2plugs_500mM_NH4ACET8_5ug_90min_35cm_01	RSLCnano_3M3_2D_2plugs_500mM_NH4ACET8_5ug_90min_35cm_01	rhizosphere metagenome	soil	not applicable	not available	Metaproteomics_reveals_insights_into_microbial_structure_interactions_and_dynamic_regulation_in_defined_communities_as_they_respond_to_environmental_disturbance	rhizosphere soil	rhizosphere soil	not available	not available	not available	not available	rhizosphere microbiome	1	RSLCnano_3M3_2D_2plugs_500mM_NH4ACET8_5ug_90min_35cm_01	proteomic profiling by mass spectrometry	NT=Data-dependent acquisition;AC=PRIDE:0000627	NT=label free sample;AC=MS:1002038	NT=instrument model;AC=MS:1000031	not applicable	not available	1	1	RSLCnano_3M3_2D_2plugs_500mM_NH4ACET8_5ug_90min_35cm_01.raw	v1.1.0	NT=ms-proteomics;VV=v1.1.0	NT=metaproteomics;VV=v1.0.0	NT=soil;VV=v1.0.0	manual curation	soil
RSLCnano_3M3_2D_2plugs_50mM_NH4ACET8_5ug_90min_35cm_01	RSLCnano_3M3_2D_2plugs_50mM_NH4ACET8_5ug_90min_35cm_01	rhizosphere metagenome	soil	not applicable	not available	Metaproteomics_reveals_insights_into_microbial_structure_interactions_and_dynamic_regulation_in_defined_communities_as_they_respond_to_environmental_disturbance	rhizosphere soil	rhizosphere soil	not available	not available	not available	not available	rhizosphere microbiome	1	RSLCnano_3M3_2D_2plugs_50mM_NH4ACET8_5ug_90min_35cm_01	proteomic profiling by mass spectrometry	NT=Data-dependent acquisition;AC=PRIDE:0000627	NT=label free sample;AC=MS:1002038	NT=instrument model;AC=MS:1000031	not applicable	not available	1	1	RSLCnano_3M3_2D_2plugs_50mM_NH4ACET8_5ug_90min_35cm_01.raw	v1.1.0	NT=ms-proteomics;VV=v1.1.0	NT=metaproteomics;VV=v1.0.0	NT=soil;VV=v1.0.0	manual curation	soil
RSLCnano_3M4_2D_2plugs_35mM_NH4ACET8_5ug_90min_35cm_01	RSLCnano_3M4_2D_2plugs_35mM_NH4ACET8_5ug_90min_35cm_01	rhizosphere metagenome	soil	not applicable	not available	Metaproteomics_reveals_insights_into_microbial_structure_interactions_and_dynamic_regulation_in_defined_communities_as_they_respond_to_environmental_disturbance	rhizosphere soil	rhizosphere soil	not available	not available	not available	not available	rhizosphere microbiome	1	RSLCnano_3M4_2D_2plugs_35mM_NH4ACET8_5ug_90min_35cm_01	proteomic profiling by mass spectrometry	NT=Data-dependent acquisition;AC=PRIDE:0000627	NT=label free sample;AC=MS:1002038	NT=instrument model;AC=MS:1000031	not applicable	not available	1	1	RSLCnano_3M4_2D_2plugs_35mM_NH4ACET8_5ug_90min_35cm_01.raw	v1.1.0	NT=ms-proteomics;VV=v1.1.0	NT=metaproteomics;VV=v1.0.0	NT=soil;VV=v1.0.0	manual curation	soil
RSLCnano_3M4_2D_2plugs_500mM_NH4ACET8_5ug_90min_35cm_01	RSLCnano_3M4_2D_2plugs_500mM_NH4ACET8_5ug_90min_35cm_01	rhizosphere metagenome	soil	not applicable	not available	Metaproteomics_reveals_insights_into_microbial_structure_interactions_and_dynamic_regulation_in_defined_communities_as_they_respond_to_environmental_disturbance	rhizosphere soil	rhizosphere soil	not available	not available	not available	not available	rhizosphere microbiome	1	RSLCnano_3M4_2D_2plugs_500mM_NH4ACET8_5ug_90min_35cm_01	proteomic profiling by mass spectrometry	NT=Data-dependent acquisition;AC=PRIDE:0000627	NT=label free sample;AC=MS:1002038	NT=instrument model;AC=MS:1000031	not applicable	not available	1	1	RSLCnano_3M4_2D_2plugs_500mM_NH4ACET8_5ug_90min_35cm_01.raw	v1.1.0	NT=ms-proteomics;VV=v1.1.0	NT=metaproteomics;VV=v1.0.0	NT=soil;VV=v1.0.0	manual curation	soil
RSLCnano_3M4_2D_2plugs_50mM_NH4ACET8_5ug_90min_35cm_01	RSLCnano_3M4_2D_2plugs_50mM_NH4ACET8_5ug_90min_35cm_01	rhizosphere metagenome	soil	not applicable	not available	Metaproteomics_reveals_insights_into_microbial_structure_interactions_and_dynamic_regulation_in_defined_communities_as_they_respond_to_environmental_disturbance	rhizosphere soil	rhizosphere soil	not available	not available	not available	not available	rhizosphere microbiome	1	RSLCnano_3M4_2D_2plugs_50mM_NH4ACET8_5ug_90min_35cm_01	proteomic profiling by mass spectrometry	NT=Data-dependent acquisition;AC=PRIDE:0000627	NT=label free sample;AC=MS:1002038	NT=instrument model;AC=MS:1000031	not applicable	not available	1	1	RSLCnano_3M4_2D_2plugs_50mM_NH4ACET8_5ug_90min_35cm_01.raw	v1.1.0	NT=ms-proteomics;VV=v1.1.0	NT=metaproteomics;VV=v1.0.0	NT=soil;VV=v1.0.0	manual curation	soil
RSLCnano_3M5_2D_2plugs_35mM_NH4ACET8_5ug_90min_35cm_01	RSLCnano_3M5_2D_2plugs_35mM_NH4ACET8_5ug_90min_35cm_01	rhizosphere metagenome	soil	not applicable	not available	Metaproteomics_reveals_insights_into_microbial_structure_interactions_and_dynamic_regulation_in_defined_communities_as_they_respond_to_environmental_disturbance	rhizosphere soil	rhizosphere soil	not available	not available	not available	not available	rhizosphere microbiome	1	RSLCnano_3M5_2D_2plugs_35mM_NH4ACET8_5ug_90min_35cm_01	proteomic profiling by mass spectrometry	NT=Data-dependent acquisition;AC=PRIDE:0000627	NT=label free sample;AC=MS:1002038	NT=instrument model;AC=MS:1000031	not applicable	not available	1	1	RSLCnano_3M5_2D_2plugs_35mM_NH4ACET8_5ug_90min_35cm_01.raw	v1.1.0	NT=ms-proteomics;VV=v1.1.0	NT=metaproteomics;VV=v1.0.0	NT=soil;VV=v1.0.0	manual curation	soil
RSLCnano_3M5_2D_2plugs_500mM_NH4ACET8_5ug_90min_35cm_01	RSLCnano_3M5_2D_2plugs_500mM_NH4ACET8_5ug_90min_35cm_01	rhizosphere metagenome	soil	not applicable	not available	Metaproteomics_reveals_insights_into_microbial_structure_interactions_and_dynamic_regulation_in_defined_communities_as_they_respond_to_environmental_disturbance	rhizosphere soil	rhizosphere soil	not available	not available	not available	not available	rhizosphere microbiome	1	RSLCnano_3M5_2D_2plugs_500mM_NH4ACET8_5ug_90min_35cm_01	proteomic profiling by mass spectrometry	NT=Data-dependent acquisition;AC=PRIDE:0000627	NT=label free sample;AC=MS:1002038	NT=instrument model;AC=MS:1000031	not applicable	not available	1	1	RSLCnano_3M5_2D_2plugs_500mM_NH4ACET8_5ug_90min_35cm_01.raw	v1.1.0	NT=ms-proteomics;VV=v1.1.0	NT=metaproteomics;VV=v1.0.0	NT=soil;VV=v1.0.0	manual curation	soil
RSLCnano_3M5_2D_2plugs_50mM_NH4ACET8_5ug_90min_35cm_01	RSLCnano_3M5_2D_2plugs_50mM_NH4ACET8_5ug_90min_35cm_01	rhizosphere metagenome	soil	not applicable	not available	Metaproteomics_reveals_insights_into_microbial_structure_interactions_and_dynamic_regulation_in_defined_communities_as_they_respond_to_environmental_disturbance	rhizosphere soil	rhizosphere soil	not available	not available	not available	not available	rhizosphere microbiome	1	RSLCnano_3M5_2D_2plugs_50mM_NH4ACET8_5ug_90min_35cm_01	proteomic profiling by mass spectrometry	NT=Data-dependent acquisition;AC=PRIDE:0000627	NT=label free sample;AC=MS:1002038	NT=instrument model;AC=MS:1000031	not applicable	not available	1	1	RSLCnano_3M5_2D_2plugs_50mM_NH4ACET8_5ug_90min_35cm_01.raw	v1.1.0	NT=ms-proteomics;VV=v1.1.0	NT=metaproteomics;VV=v1.0.0	NT=soil;VV=v1.0.0	manual curation	soil
RSLCnano_3R0_2D_2plugs_35mM_NH4ACET8_5ug_90min_35cm_01	RSLCnano_3R0_2D_2plugs_35mM_NH4ACET8_5ug_90min_35cm_01	rhizosphere metagenome	soil	not applicable	not available	Metaproteomics_reveals_insights_into_microbial_structure_interactions_and_dynamic_regulation_in_defined_communities_as_they_respond_to_environmental_disturbance	rhizosphere soil	rhizosphere soil	not available	not available	not available	not available	rhizosphere microbiome	1	RSLCnano_3R0_2D_2plugs_35mM_NH4ACET8_5ug_90min_35cm_01	proteomic profiling by mass spectrometry	NT=Data-dependent acquisition;AC=PRIDE:0000627	NT=label free sample;AC=MS:1002038	NT=instrument model;AC=MS:1000031	not applicable	not available	1	1	RSLCnano_3R0_2D_2plugs_35mM_NH4ACET8_5ug_90min_35cm_01.raw	v1.1.0	NT=ms-proteomics;VV=v1.1.0	NT=metaproteomics;VV=v1.0.0	NT=soil;VV=v1.0.0	manual curation	soil
RSLCnano_3R0_2D_2plugs_500mM_NH4ACET8_5ug_90min_35cm_01	RSLCnano_3R0_2D_2plugs_500mM_NH4ACET8_5ug_90min_35cm_01	rhizosphere metagenome	soil	not applicable	not available	Metaproteomics_reveals_insights_into_microbial_structure_interactions_and_dynamic_regulation_in_defined_communities_as_they_respond_to_environmental_disturbance	rhizosphere soil	rhizosphere soil	not available	not available	not available	not available	rhizosphere microbiome	1	RSLCnano_3R0_2D_2plugs_500mM_NH4ACET8_5ug_90min_35cm_01	proteomic profiling by mass spectrometry	NT=Data-dependent acquisition;AC=PRIDE:0000627	NT=label free sample;AC=MS:1002038	NT=instrument model;AC=MS:1000031	not applicable	not available	1	1	RSLCnano_3R0_2D_2plugs_500mM_NH4ACET8_5ug_90min_35cm_01.raw	v1.1.0	NT=ms-proteomics;VV=v1.1.0	NT=metaproteomics;VV=v1.0.0	NT=soil;VV=v1.0.0	manual curation	soil
RSLCnano_3R0_2D_2plugs_50mM_NH4ACET8_5ug_90min_35cm_01	RSLCnano_3R0_2D_2plugs_50mM_NH4ACET8_5ug_90min_35cm_01	rhizosphere metagenome	soil	not applicable	not available	Metaproteomics_reveals_insights_into_microbial_structure_interactions_and_dynamic_regulation_in_defined_communities_as_they_respond_to_environmental_disturbance	rhizosphere soil	rhizosphere soil	not available	not available	not available	not available	rhizosphere microbiome	1	RSLCnano_3R0_2D_2plugs_50mM_NH4ACET8_5ug_90min_35cm_01	proteomic profiling by mass spectrometry	NT=Data-dependent acquisition;AC=PRIDE:0000627	NT=label free sample;AC=MS:1002038	NT=instrument model;AC=MS:1000031	not applicable	not available	1	1	RSLCnano_3R0_2D_2plugs_50mM_NH4ACET8_5ug_90min_35cm_01.raw	v1.1.0	NT=ms-proteomics;VV=v1.1.0	NT=metaproteomics;VV=v1.0.0	NT=soil;VV=v1.0.0	manual curation	soil
RSLCnano_3R10_2D_2plugs_35mM_NH4ACET8_5ug_90min_35cm_01	RSLCnano_3R10_2D_2plugs_35mM_NH4ACET8_5ug_90min_35cm_01	rhizosphere metagenome	soil	not applicable	not available	Metaproteomics_reveals_insights_into_microbial_structure_interactions_and_dynamic_regulation_in_defined_communities_as_they_respond_to_environmental_disturbance	rhizosphere soil	rhizosphere soil	not available	not available	not available	not available	rhizosphere microbiome	1	RSLCnano_3R10_2D_2plugs_35mM_NH4ACET8_5ug_90min_35cm_01	proteomic profiling by mass spectrometry	NT=Data-dependent acquisition;AC=PRIDE:0000627	NT=label free sample;AC=MS:1002038	NT=instrument model;AC=MS:1000031	not applicable	not available	1	1	RSLCnano_3R10_2D_2plugs_35mM_NH4ACET8_5ug_90min_35cm_01.raw	v1.1.0	NT=ms-proteomics;VV=v1.1.0	NT=metaproteomics;VV=v1.0.0	NT=soil;VV=v1.0.0	manual curation	soil
RSLCnano_3R10_2D_2plugs_500mM_NH4ACET8_5ug_90min_35cm_01	RSLCnano_3R10_2D_2plugs_500mM_NH4ACET8_5ug_90min_35cm_01	rhizosphere metagenome	soil	not applicable	not available	Metaproteomics_reveals_insights_into_microbial_structure_interactions_and_dynamic_regulation_in_defined_communities_as_they_respond_to_environmental_disturbance	rhizosphere soil	rhizosphere soil	not available	not available	not available	not available	rhizosphere microbiome	1	RSLCnano_3R10_2D_2plugs_500mM_NH4ACET8_5ug_90min_35cm_01	proteomic profiling by mass spectrometry	NT=Data-dependent acquisition;AC=PRIDE:0000627	NT=label free sample;AC=MS:1002038	NT=instrument model;AC=MS:1000031	not applicable	not available	1	1	RSLCnano_3R10_2D_2plugs_500mM_NH4ACET8_5ug_90min_35cm_01.raw	v1.1.0	NT=ms-proteomics;VV=v1.1.0	NT=metaproteomics;VV=v1.0.0	NT=soil;VV=v1.0.0	manual curation	soil
RSLCnano_3R10_2D_2plugs_50mM_NH4ACET8_5ug_90min_35cm_01	RSLCnano_3R10_2D_2plugs_50mM_NH4ACET8_5ug_90min_35cm_01	rhizosphere metagenome	soil	not applicable	not available	Metaproteomics_reveals_insights_into_microbial_structure_interactions_and_dynamic_regulation_in_defined_communities_as_they_respond_to_environmental_disturbance	rhizosphere soil	rhizosphere soil	not available	not available	not available	not available	rhizosphere microbiome	1	RSLCnano_3R10_2D_2plugs_50mM_NH4ACET8_5ug_90min_35cm_01	proteomic profiling by mass spectrometry	NT=Data-dependent acquisition;AC=PRIDE:0000627	NT=label free sample;AC=MS:1002038	NT=instrument model;AC=MS:1000031	not applicable	not available	1	1	RSLCnano_3R10_2D_2plugs_50mM_NH4ACET8_5ug_90min_35cm_01.raw	v1.1.0	NT=ms-proteomics;VV=v1.1.0	NT=metaproteomics;VV=v1.0.0	NT=soil;VV=v1.0.0	manual curation	soil
RSLCnano_3R15_2D_2plugs_35mM_NH4ACET8_5ug_90min_35cm_01	RSLCnano_3R15_2D_2plugs_35mM_NH4ACET8_5ug_90min_35cm_01	rhizosphere metagenome	soil	not applicable	not available	Metaproteomics_reveals_insights_into_microbial_structure_interactions_and_dynamic_regulation_in_defined_communities_as_they_respond_to_environmental_disturbance	rhizosphere soil	rhizosphere soil	not available	not available	not available	not available	rhizosphere microbiome	1	RSLCnano_3R15_2D_2plugs_35mM_NH4ACET8_5ug_90min_35cm_01	proteomic profiling by mass spectrometry	NT=Data-dependent acquisition;AC=PRIDE:0000627	NT=label free sample;AC=MS:1002038	NT=instrument model;AC=MS:1000031	not applicable	not available	1	1	RSLCnano_3R15_2D_2plugs_35mM_NH4ACET8_5ug_90min_35cm_01.raw	v1.1.0	NT=ms-proteomics;VV=v1.1.0	NT=metaproteomics;VV=v1.0.0	NT=soil;VV=v1.0.0	manual curation	soil
RSLCnano_3R15_2D_2plugs_500mM_NH4ACET8_5ug_90min_35cm_01	RSLCnano_3R15_2D_2plugs_500mM_NH4ACET8_5ug_90min_35cm_01	rhizosphere metagenome	soil	not applicable	not available	Metaproteomics_reveals_insights_into_microbial_structure_interactions_and_dynamic_regulation_in_defined_communities_as_they_respond_to_environmental_disturbance	rhizosphere soil	rhizosphere soil	not available	not available	not available	not available	rhizosphere microbiome	1	RSLCnano_3R15_2D_2plugs_500mM_NH4ACET8_5ug_90min_35cm_01	proteomic profiling by mass spectrometry	NT=Data-dependent acquisition;AC=PRIDE:0000627	NT=label free sample;AC=MS:1002038	NT=instrument model;AC=MS:1000031	not applicable	not available	1	1	RSLCnano_3R15_2D_2plugs_500mM_NH4ACET8_5ug_90min_35cm_01.raw	v1.1.0	NT=ms-proteomics;VV=v1.1.0	NT=metaproteomics;VV=v1.0.0	NT=soil;VV=v1.0.0	manual curation	soil
RSLCnano_3R15_2D_2plugs_50mM_NH4ACET8_5ug_90min_35cm_01	RSLCnano_3R15_2D_2plugs_50mM_NH4ACET8_5ug_90min_35cm_01	rhizosphere metagenome	soil	not applicable	not available	Metaproteomics_reveals_insights_into_microbial_structure_interactions_and_dynamic_regulation_in_defined_communities_as_they_respond_to_environmental_disturbance	rhizosphere soil	rhizosphere soil	not available	not available	not available	not available	rhizosphere microbiome	1	RSLCnano_3R15_2D_2plugs_50mM_NH4ACET8_5ug_90min_35cm_01	proteomic profiling by mass spectrometry	NT=Data-dependent acquisition;AC=PRIDE:0000627	NT=label free sample;AC=MS:1002038	NT=instrument model;AC=MS:1000031	not applicable	not available	1	1	RSLCnano_3R15_2D_2plugs_50mM_NH4ACET8_5ug_90min_35cm_01.raw	v1.1.0	NT=ms-proteomics;VV=v1.1.0	NT=metaproteomics;VV=v1.0.0	NT=soil;VV=v1.0.0	manual curation	soil
RSLCnano_3R1_2D_2plugs_35mM_NH4ACET8_5ug_90min_35cm_01	RSLCnano_3R1_2D_2plugs_35mM_NH4ACET8_5ug_90min_35cm_01	rhizosphere metagenome	soil	not applicable	not available	Metaproteomics_reveals_insights_into_microbial_structure_interactions_and_dynamic_regulation_in_defined_communities_as_they_respond_to_environmental_disturbance	rhizosphere soil	rhizosphere soil	not available	not available	not available	not available	rhizosphere microbiome	1	RSLCnano_3R1_2D_2plugs_35mM_NH4ACET8_5ug_90min_35cm_01	proteomic profiling by mass spectrometry	NT=Data-dependent acquisition;AC=PRIDE:0000627	NT=label free sample;AC=MS:1002038	NT=instrument model;AC=MS:1000031	not applicable	not available	1	1	RSLCnano_3R1_2D_2plugs_35mM_NH4ACET8_5ug_90min_35cm_01.raw	v1.1.0	NT=ms-proteomics;VV=v1.1.0	NT=metaproteomics;VV=v1.0.0	NT=soil;VV=v1.0.0	manual curation	soil
RSLCnano_3R1_2D_2plugs_500mM_NH4ACET8_5ug_90min_35cm_01	RSLCnano_3R1_2D_2plugs_500mM_NH4ACET8_5ug_90min_35cm_01	rhizosphere metagenome	soil	not applicable	not available	Metaproteomics_reveals_insights_into_microbial_structure_interactions_and_dynamic_regulation_in_defined_communities_as_they_respond_to_environmental_disturbance	rhizosphere soil	rhizosphere soil	not available	not available	not available	not available	rhizosphere microbiome	1	RSLCnano_3R1_2D_2plugs_500mM_NH4ACET8_5ug_90min_35cm_01	proteomic profiling by mass spectrometry	NT=Data-dependent acquisition;AC=PRIDE:0000627	NT=label free sample;AC=MS:1002038	NT=instrument model;AC=MS:1000031	not applicable	not available	1	1	RSLCnano_3R1_2D_2plugs_500mM_NH4ACET8_5ug_90min_35cm_01.raw	v1.1.0	NT=ms-proteomics;VV=v1.1.0	NT=metaproteomics;VV=v1.0.0	NT=soil;VV=v1.0.0	manual curation	soil
RSLCnano_3R1_2D_2plugs_50mM_NH4ACET8_5ug_90min_35cm_01	RSLCnano_3R1_2D_2plugs_50mM_NH4ACET8_5ug_90min_35cm_01	rhizosphere metagenome	soil	not applicable	not available	Metaproteomics_reveals_insights_into_microbial_structure_interactions_and_dynamic_regulation_in_defined_communities_as_they_respond_to_environmental_disturbance	rhizosphere soil	rhizosphere soil	not available	not available	not available	not available	rhizosphere microbiome	1	RSLCnano_3R1_2D_2plugs_50mM_NH4ACET8_5ug_90min_35cm_01	proteomic profiling by mass spectrometry	NT=Data-dependent acquisition;AC=PRIDE:0000627	NT=label free sample;AC=MS:1002038	NT=instrument model;AC=MS:1000031	not applicable	not available	1	1	RSLCnano_3R1_2D_2plugs_50mM_NH4ACET8_5ug_90min_35cm_01.raw	v1.1.0	NT=ms-proteomics;VV=v1.1.0	NT=metaproteomics;VV=v1.0.0	NT=soil;VV=v1.0.0	manual curation	soil
RSLCnano_3R2_2D_2plugs_35mM_NH4ACET8_5ug_90min_35cm_01	RSLCnano_3R2_2D_2plugs_35mM_NH4ACET8_5ug_90min_35cm_01	rhizosphere metagenome	soil	not applicable	not available	Metaproteomics_reveals_insights_into_microbial_structure_interactions_and_dynamic_regulation_in_defined_communities_as_they_respond_to_environmental_disturbance	rhizosphere soil	rhizosphere soil	not available	not available	not available	not available	rhizosphere microbiome	1	RSLCnano_3R2_2D_2plugs_35mM_NH4ACET8_5ug_90min_35cm_01	proteomic profiling by mass spectrometry	NT=Data-dependent acquisition;AC=PRIDE:0000627	NT=label free sample;AC=MS:1002038	NT=instrument model;AC=MS:1000031	not applicable	not available	1	1	RSLCnano_3R2_2D_2plugs_35mM_NH4ACET8_5ug_90min_35cm_01.raw	v1.1.0	NT=ms-proteomics;VV=v1.1.0	NT=metaproteomics;VV=v1.0.0	NT=soil;VV=v1.0.0	manual curation	soil
RSLCnano_3R2_2D_2plugs_500mM_NH4ACET8_5ug_90min_35cm_01	RSLCnano_3R2_2D_2plugs_500mM_NH4ACET8_5ug_90min_35cm_01	rhizosphere metagenome	soil	not applicable	not available	Metaproteomics_reveals_insights_into_microbial_structure_interactions_and_dynamic_regulation_in_defined_communities_as_they_respond_to_environmental_disturbance	rhizosphere soil	rhizosphere soil	not available	not available	not available	not available	rhizosphere microbiome	1	RSLCnano_3R2_2D_2plugs_500mM_NH4ACET8_5ug_90min_35cm_01	proteomic profiling by mass spectrometry	NT=Data-dependent acquisition;AC=PRIDE:0000627	NT=label free sample;AC=MS:1002038	NT=instrument model;AC=MS:1000031	not applicable	not available	1	1	RSLCnano_3R2_2D_2plugs_500mM_NH4ACET8_5ug_90min_35cm_01.raw	v1.1.0	NT=ms-proteomics;VV=v1.1.0	NT=metaproteomics;VV=v1.0.0	NT=soil;VV=v1.0.0	manual curation	soil
RSLCnano_3R2_2D_2plugs_50mM_NH4ACET8_5ug_90min_35cm_01	RSLCnano_3R2_2D_2plugs_50mM_NH4ACET8_5ug_90min_35cm_01	rhizosphere metagenome	soil	not applicable	not available	Metaproteomics_reveals_insights_into_microbial_structure_interactions_and_dynamic_regulation_in_defined_communities_as_they_respond_to_environmental_disturbance	rhizosphere soil	rhizosphere soil	not available	not available	not available	not available	rhizosphere microbiome	1	RSLCnano_3R2_2D_2plugs_50mM_NH4ACET8_5ug_90min_35cm_01	proteomic profiling by mass spectrometry	NT=Data-dependent acquisition;AC=PRIDE:0000627	NT=label free sample;AC=MS:1002038	NT=instrument model;AC=MS:1000031	not applicable	not available	1	1	RSLCnano_3R2_2D_2plugs_50mM_NH4ACET8_5ug_90min_35cm_01.raw	v1.1.0	NT=ms-proteomics;VV=v1.1.0	NT=metaproteomics;VV=v1.0.0	NT=soil;VV=v1.0.0	manual curation	soil
RSLCnano_3R3_2D_2plugs_35mM_NH4ACET8_5ug_90min_35cm_01	RSLCnano_3R3_2D_2plugs_35mM_NH4ACET8_5ug_90min_35cm_01	rhizosphere metagenome	soil	not applicable	not available	Metaproteomics_reveals_insights_into_microbial_structure_interactions_and_dynamic_regulation_in_defined_communities_as_they_respond_to_environmental_disturbance	rhizosphere soil	rhizosphere soil	not available	not available	not available	not available	rhizosphere microbiome	1	RSLCnano_3R3_2D_2plugs_35mM_NH4ACET8_5ug_90min_35cm_01	proteomic profiling by mass spectrometry	NT=Data-dependent acquisition;AC=PRIDE:0000627	NT=label free sample;AC=MS:1002038	NT=instrument model;AC=MS:1000031	not applicable	not available	1	1	RSLCnano_3R3_2D_2plugs_35mM_NH4ACET8_5ug_90min_35cm_01.raw	v1.1.0	NT=ms-proteomics;VV=v1.1.0	NT=metaproteomics;VV=v1.0.0	NT=soil;VV=v1.0.0	manual curation	soil
RSLCnano_3R3_2D_2plugs_500mM_NH4ACET8_5ug_90min_35cm_01	RSLCnano_3R3_2D_2plugs_500mM_NH4ACET8_5ug_90min_35cm_01	rhizosphere metagenome	soil	not applicable	not available	Metaproteomics_reveals_insights_into_microbial_structure_interactions_and_dynamic_regulation_in_defined_communities_as_they_respond_to_environmental_disturbance	rhizosphere soil	rhizosphere soil	not available	not available	not available	not available	rhizosphere microbiome	1	RSLCnano_3R3_2D_2plugs_500mM_NH4ACET8_5ug_90min_35cm_01	proteomic profiling by mass spectrometry	NT=Data-dependent acquisition;AC=PRIDE:0000627	NT=label free sample;AC=MS:1002038	NT=instrument model;AC=MS:1000031	not applicable	not available	1	1	RSLCnano_3R3_2D_2plugs_500mM_NH4ACET8_5ug_90min_35cm_01.raw	v1.1.0	NT=ms-proteomics;VV=v1.1.0	NT=metaproteomics;VV=v1.0.0	NT=soil;VV=v1.0.0	manual curation	soil
RSLCnano_3R3_2D_2plugs_50mM_NH4ACET8_5ug_90min_35cm_01	RSLCnano_3R3_2D_2plugs_50mM_NH4ACET8_5ug_90min_35cm_01	rhizosphere metagenome	soil	not applicable	not available	Metaproteomics_reveals_insights_into_microbial_structure_interactions_and_dynamic_regulation_in_defined_communities_as_they_respond_to_environmental_disturbance	rhizosphere soil	rhizosphere soil	not available	not available	not available	not available	rhizosphere microbiome	1	RSLCnano_3R3_2D_2plugs_50mM_NH4ACET8_5ug_90min_35cm_01	proteomic profiling by mass spectrometry	NT=Data-dependent acquisition;AC=PRIDE:0000627	NT=label free sample;AC=MS:1002038	NT=instrument model;AC=MS:1000031	not applicable	not available	1	1	RSLCnano_3R3_2D_2plugs_50mM_NH4ACET8_5ug_90min_35cm_01.raw	v1.1.0	NT=ms-proteomics;VV=v1.1.0	NT=metaproteomics;VV=v1.0.0	NT=soil;VV=v1.0.0	manual curation	soil
RSLCnano_3R4_2D_2plugs_35mM_NH4ACET8_5ug_90min_35cm_01	RSLCnano_3R4_2D_2plugs_35mM_NH4ACET8_5ug_90min_35cm_01	rhizosphere metagenome	soil	not applicable	not available	Metaproteomics_reveals_insights_into_microbial_structure_interactions_and_dynamic_regulation_in_defined_communities_as_they_respond_to_environmental_disturbance	rhizosphere soil	rhizosphere soil	not available	not available	not available	not available	rhizosphere microbiome	1	RSLCnano_3R4_2D_2plugs_35mM_NH4ACET8_5ug_90min_35cm_01	proteomic profiling by mass spectrometry	NT=Data-dependent acquisition;AC=PRIDE:0000627	NT=label free sample;AC=MS:1002038	NT=instrument model;AC=MS:1000031	not applicable	not available	1	1	RSLCnano_3R4_2D_2plugs_35mM_NH4ACET8_5ug_90min_35cm_01.raw	v1.1.0	NT=ms-proteomics;VV=v1.1.0	NT=metaproteomics;VV=v1.0.0	NT=soil;VV=v1.0.0	manual curation	soil
RSLCnano_3R4_2D_2plugs_500mM_NH4ACET8_5ug_90min_35cm_01	RSLCnano_3R4_2D_2plugs_500mM_NH4ACET8_5ug_90min_35cm_01	rhizosphere metagenome	soil	not applicable	not available	Metaproteomics_reveals_insights_into_microbial_structure_interactions_and_dynamic_regulation_in_defined_communities_as_they_respond_to_environmental_disturbance	rhizosphere soil	rhizosphere soil	not available	not available	not available	not available	rhizosphere microbiome	1	RSLCnano_3R4_2D_2plugs_500mM_NH4ACET8_5ug_90min_35cm_01	proteomic profiling by mass spectrometry	NT=Data-dependent acquisition;AC=PRIDE:0000627	NT=label free sample;AC=MS:1002038	NT=instrument model;AC=MS:1000031	not applicable	not available	1	1	RSLCnano_3R4_2D_2plugs_500mM_NH4ACET8_5ug_90min_35cm_01.raw	v1.1.0	NT=ms-proteomics;VV=v1.1.0	NT=metaproteomics;VV=v1.0.0	NT=soil;VV=v1.0.0	manual curation	soil
RSLCnano_3R4_2D_2plugs_50mM_NH4ACET8_5ug_90min_35cm_01	RSLCnano_3R4_2D_2plugs_50mM_NH4ACET8_5ug_90min_35cm_01	rhizosphere metagenome	soil	not applicable	not available	Metaproteomics_reveals_insights_into_microbial_structure_interactions_and_dynamic_regulation_in_defined_communities_as_they_respond_to_environmental_disturbance	rhizosphere soil	rhizosphere soil	not available	not available	not available	not available	rhizosphere microbiome	1	RSLCnano_3R4_2D_2plugs_50mM_NH4ACET8_5ug_90min_35cm_01	proteomic profiling by mass spectrometry	NT=Data-dependent acquisition;AC=PRIDE:0000627	NT=label free sample;AC=MS:1002038	NT=instrument model;AC=MS:1000031	not applicable	not available	1	1	RSLCnano_3R4_2D_2plugs_50mM_NH4ACET8_5ug_90min_35cm_01.raw	v1.1.0	NT=ms-proteomics;VV=v1.1.0	NT=metaproteomics;VV=v1.0.0	NT=soil;VV=v1.0.0	manual curation	soil
RSLCnano_3R5_2D_2plugs_35mM_NH4ACET8_5ug_90min_35cm_01	RSLCnano_3R5_2D_2plugs_35mM_NH4ACET8_5ug_90min_35cm_01	rhizosphere metagenome	soil	not applicable	not available	Metaproteomics_reveals_insights_into_microbial_structure_interactions_and_dynamic_regulation_in_defined_communities_as_they_respond_to_environmental_disturbance	rhizosphere soil	rhizosphere soil	not available	not available	not available	not available	rhizosphere microbiome	1	RSLCnano_3R5_2D_2plugs_35mM_NH4ACET8_5ug_90min_35cm_01	proteomic profiling by mass spectrometry	NT=Data-dependent acquisition;AC=PRIDE:0000627	NT=label free sample;AC=MS:1002038	NT=instrument model;AC=MS:1000031	not applicable	not available	1	1	RSLCnano_3R5_2D_2plugs_35mM_NH4ACET8_5ug_90min_35cm_01.raw	v1.1.0	NT=ms-proteomics;VV=v1.1.0	NT=metaproteomics;VV=v1.0.0	NT=soil;VV=v1.0.0	manual curation	soil
RSLCnano_3R5_2D_2plugs_500mM_NH4ACET8_5ug_90min_35cm_01	RSLCnano_3R5_2D_2plugs_500mM_NH4ACET8_5ug_90min_35cm_01	rhizosphere metagenome	soil	not applicable	not available	Metaproteomics_reveals_insights_into_microbial_structure_interactions_and_dynamic_regulation_in_defined_communities_as_they_respond_to_environmental_disturbance	rhizosphere soil	rhizosphere soil	not available	not available	not available	not available	rhizosphere microbiome	1	RSLCnano_3R5_2D_2plugs_500mM_NH4ACET8_5ug_90min_35cm_01	proteomic profiling by mass spectrometry	NT=Data-dependent acquisition;AC=PRIDE:0000627	NT=label free sample;AC=MS:1002038	NT=instrument model;AC=MS:1000031	not applicable	not available	1	1	RSLCnano_3R5_2D_2plugs_500mM_NH4ACET8_5ug_90min_35cm_01.raw	v1.1.0	NT=ms-proteomics;VV=v1.1.0	NT=metaproteomics;VV=v1.0.0	NT=soil;VV=v1.0.0	manual curation	soil
RSLCnano_3R5_2D_2plugs_50mM_NH4ACET8_5ug_90min_35cm_01	RSLCnano_3R5_2D_2plugs_50mM_NH4ACET8_5ug_90min_35cm_01	rhizosphere metagenome	soil	not applicable	not available	Metaproteomics_reveals_insights_into_microbial_structure_interactions_and_dynamic_regulation_in_defined_communities_as_they_respond_to_environmental_disturbance	rhizosphere soil	rhizosphere soil	not available	not available	not available	not available	rhizosphere microbiome	1	RSLCnano_3R5_2D_2plugs_50mM_NH4ACET8_5ug_90min_35cm_01	proteomic profiling by mass spectrometry	NT=Data-dependent acquisition;AC=PRIDE:0000627	NT=label free sample;AC=MS:1002038	NT=instrument model;AC=MS:1000031	not applicable	not available	1	1	RSLCnano_3R5_2D_2plugs_50mM_NH4ACET8_5ug_90min_35cm_01.raw	v1.1.0	NT=ms-proteomics;VV=v1.1.0	NT=metaproteomics;VV=v1.0.0	NT=soil;VV=v1.0.0	manual curation	soil
Vanquish_1M0_TP_2D_1plugs_500mM_NH4ACET8_5ug_90min_15cm_01	Vanquish_1M0_TP_2D_1plugs_500mM_NH4ACET8_5ug_90min_15cm_01	rhizosphere metagenome	soil	not applicable	not available	Metaproteomics_reveals_insights_into_microbial_structure_interactions_and_dynamic_regulation_in_defined_communities_as_they_respond_to_environmental_disturbance	rhizosphere soil	rhizosphere soil	not available	not available	not available	not available	rhizosphere microbiome	1	Vanquish_1M0_TP_2D_1plugs_500mM_NH4ACET8_5ug_90min_15cm_01	proteomic profiling by mass spectrometry	NT=Data-dependent acquisition;AC=PRIDE:0000627	NT=label free sample;AC=MS:1002038	NT=instrument model;AC=MS:1000031	not applicable	not available	1	1	Vanquish_1M0_TP_2D_1plugs_500mM_NH4ACET8_5ug_90min_15cm_01.raw	v1.1.0	NT=ms-proteomics;VV=v1.1.0	NT=metaproteomics;VV=v1.0.0	NT=soil;VV=v1.0.0	manual curation	soil
Vanquish_1M10_TP_2D_1plugs_500mM_NH4ACET8_5ug_90min_15cm_01	Vanquish_1M10_TP_2D_1plugs_500mM_NH4ACET8_5ug_90min_15cm_01	rhizosphere metagenome	soil	not applicable	not available	Metaproteomics_reveals_insights_into_microbial_structure_interactions_and_dynamic_regulation_in_defined_communities_as_they_respond_to_environmental_disturbance	rhizosphere soil	rhizosphere soil	not available	not available	not available	not available	rhizosphere microbiome	1	Vanquish_1M10_TP_2D_1plugs_500mM_NH4ACET8_5ug_90min_15cm_01	proteomic profiling by mass spectrometry	NT=Data-dependent acquisition;AC=PRIDE:0000627	NT=label free sample;AC=MS:1002038	NT=instrument model;AC=MS:1000031	not applicable	not available	1	1	Vanquish_1M10_TP_2D_1plugs_500mM_NH4ACET8_5ug_90min_15cm_01.raw	v1.1.0	NT=ms-proteomics;VV=v1.1.0	NT=metaproteomics;VV=v1.0.0	NT=soil;VV=v1.0.0	manual curation	soil
Vanquish_1M15_TP_2D_1plugs_500mM_NH4ACET8_5ug_90min_15cm_01	Vanquish_1M15_TP_2D_1plugs_500mM_NH4ACET8_5ug_90min_15cm_01	rhizosphere metagenome	soil	not applicable	not available	Metaproteomics_reveals_insights_into_microbial_structure_interactions_and_dynamic_regulation_in_defined_communities_as_they_respond_to_environmental_disturbance	rhizosphere soil	rhizosphere soil	not available	not available	not available	not available	rhizosphere microbiome	1	Vanquish_1M15_TP_2D_1plugs_500mM_NH4ACET8_5ug_90min_15cm_01	proteomic profiling by mass spectrometry	NT=Data-dependent acquisition;AC=PRIDE:0000627	NT=label free sample;AC=MS:1002038	NT=instrument model;AC=MS:1000031	not applicable	not available	1	1	Vanquish_1M15_TP_2D_1plugs_500mM_NH4ACET8_5ug_90min_15cm_01.raw	v1.1.0	NT=ms-proteomics;VV=v1.1.0	NT=metaproteomics;VV=v1.0.0	NT=soil;VV=v1.0.0	manual curation	soil
Vanquish_1M1_TP_2D_1plugs_500mM_NH4ACET8_5ug_90min_15cm_01	Vanquish_1M1_TP_2D_1plugs_500mM_NH4ACET8_5ug_90min_15cm_01	rhizosphere metagenome	soil	not applicable	not available	Metaproteomics_reveals_insights_into_microbial_structure_interactions_and_dynamic_regulation_in_defined_communities_as_they_respond_to_environmental_disturbance	rhizosphere soil	rhizosphere soil	not available	not available	not available	not available	rhizosphere microbiome	1	Vanquish_1M1_TP_2D_1plugs_500mM_NH4ACET8_5ug_90min_15cm_01	proteomic profiling by mass spectrometry	NT=Data-dependent acquisition;AC=PRIDE:0000627	NT=label free sample;AC=MS:1002038	NT=instrument model;AC=MS:1000031	not applicable	not available	1	1	Vanquish_1M1_TP_2D_1plugs_500mM_NH4ACET8_5ug_90min_15cm_01.raw	v1.1.0	NT=ms-proteomics;VV=v1.1.0	NT=metaproteomics;VV=v1.0.0	NT=soil;VV=v1.0.0	manual curation	soil
Vanquish_1M2_TP_2D_1plugs_500mM_NH4ACET8_5ug_90min_15cm_01	Vanquish_1M2_TP_2D_1plugs_500mM_NH4ACET8_5ug_90min_15cm_01	rhizosphere metagenome	soil	not applicable	not available	Metaproteomics_reveals_insights_into_microbial_structure_interactions_and_dynamic_regulation_in_defined_communities_as_they_respond_to_environmental_disturbance	rhizosphere soil	rhizosphere soil	not available	not available	not available	not available	rhizosphere microbiome	1	Vanquish_1M2_TP_2D_1plugs_500mM_NH4ACET8_5ug_90min_15cm_01	proteomic profiling by mass spectrometry	NT=Data-dependent acquisition;AC=PRIDE:0000627	NT=label free sample;AC=MS:1002038	NT=instrument model;AC=MS:1000031	not applicable	not available	1	1	Vanquish_1M2_TP_2D_1plugs_500mM_NH4ACET8_5ug_90min_15cm_01.raw	v1.1.0	NT=ms-proteomics;VV=v1.1.0	NT=metaproteomics;VV=v1.0.0	NT=soil;VV=v1.0.0	manual curation	soil
Vanquish_1M3_TP_2D_1plugs_500mM_NH4ACET8_5ug_90min_15cm_01	Vanquish_1M3_TP_2D_1plugs_500mM_NH4ACET8_5ug_90min_15cm_01	rhizosphere metagenome	soil	not applicable	not available	Metaproteomics_reveals_insights_into_microbial_structure_interactions_and_dynamic_regulation_in_defined_communities_as_they_respond_to_environmental_disturbance	rhizosphere soil	rhizosphere soil	not available	not available	not available	not available	rhizosphere microbiome	1	Vanquish_1M3_TP_2D_1plugs_500mM_NH4ACET8_5ug_90min_15cm_01	proteomic profiling by mass spectrometry	NT=Data-dependent acquisition;AC=PRIDE:0000627	NT=label free sample;AC=MS:1002038	NT=instrument model;AC=MS:1000031	not applicable	not available	1	1	Vanquish_1M3_TP_2D_1plugs_500mM_NH4ACET8_5ug_90min_15cm_01.raw	v1.1.0	NT=ms-proteomics;VV=v1.1.0	NT=metaproteomics;VV=v1.0.0	NT=soil;VV=v1.0.0	manual curation	soil
Vanquish_1M4_TP_2D_1plugs_500mM_NH4ACET8_5ug_90min_15cm_01	Vanquish_1M4_TP_2D_1plugs_500mM_NH4ACET8_5ug_90min_15cm_01	rhizosphere metagenome	soil	not applicable	not available	Metaproteomics_reveals_insights_into_microbial_structure_interactions_and_dynamic_regulation_in_defined_communities_as_they_respond_to_environmental_disturbance	rhizosphere soil	rhizosphere soil	not available	not available	not available	not available	rhizosphere microbiome	1	Vanquish_1M4_TP_2D_1plugs_500mM_NH4ACET8_5ug_90min_15cm_01	proteomic profiling by mass spectrometry	NT=Data-dependent acquisition;AC=PRIDE:0000627	NT=label free sample;AC=MS:1002038	NT=instrument model;AC=MS:1000031	not applicable	not available	1	1	Vanquish_1M4_TP_2D_1plugs_500mM_NH4ACET8_5ug_90min_15cm_01.raw	v1.1.0	NT=ms-proteomics;VV=v1.1.0	NT=metaproteomics;VV=v1.0.0	NT=soil;VV=v1.0.0	manual curation	soil
Vanquish_1M5_TP_2D_1plugs_500mM_NH4ACET8_5ug_90min_15cm_01	Vanquish_1M5_TP_2D_1plugs_500mM_NH4ACET8_5ug_90min_15cm_01	rhizosphere metagenome	soil	not applicable	not available	Metaproteomics_reveals_insights_into_microbial_structure_interactions_and_dynamic_regulation_in_defined_communities_as_they_respond_to_environmental_disturbance	rhizosphere soil	rhizosphere soil	not available	not available	not available	not available	rhizosphere microbiome	1	Vanquish_1M5_TP_2D_1plugs_500mM_NH4ACET8_5ug_90min_15cm_01	proteomic profiling by mass spectrometry	NT=Data-dependent acquisition;AC=PRIDE:0000627	NT=label free sample;AC=MS:1002038	NT=instrument model;AC=MS:1000031	not applicable	not available	1	1	Vanquish_1M5_TP_2D_1plugs_500mM_NH4ACET8_5ug_90min_15cm_01.raw	v1.1.0	NT=ms-proteomics;VV=v1.1.0	NT=metaproteomics;VV=v1.0.0	NT=soil;VV=v1.0.0	manual curation	soil
Vanquish_1R0_TP_2D_1plugs_500mM_NH4ACET8_5ug_90min_15cm_01	Vanquish_1R0_TP_2D_1plugs_500mM_NH4ACET8_5ug_90min_15cm_01	rhizosphere metagenome	soil	not applicable	not available	Metaproteomics_reveals_insights_into_microbial_structure_interactions_and_dynamic_regulation_in_defined_communities_as_they_respond_to_environmental_disturbance	rhizosphere soil	rhizosphere soil	not available	not available	not available	not available	rhizosphere microbiome	1	Vanquish_1R0_TP_2D_1plugs_500mM_NH4ACET8_5ug_90min_15cm_01	proteomic profiling by mass spectrometry	NT=Data-dependent acquisition;AC=PRIDE:0000627	NT=label free sample;AC=MS:1002038	NT=instrument model;AC=MS:1000031	not applicable	not available	1	1	Vanquish_1R0_TP_2D_1plugs_500mM_NH4ACET8_5ug_90min_15cm_01.raw	v1.1.0	NT=ms-proteomics;VV=v1.1.0	NT=metaproteomics;VV=v1.0.0	NT=soil;VV=v1.0.0	manual curation	soil
Vanquish_1R10_TP_2D_1plugs_500mM_NH4ACET8_5ug_90min_15cm_01	Vanquish_1R10_TP_2D_1plugs_500mM_NH4ACET8_5ug_90min_15cm_01	rhizosphere metagenome	soil	not applicable	not available	Metaproteomics_reveals_insights_into_microbial_structure_interactions_and_dynamic_regulation_in_defined_communities_as_they_respond_to_environmental_disturbance	rhizosphere soil	rhizosphere soil	not available	not available	not available	not available	rhizosphere microbiome	1	Vanquish_1R10_TP_2D_1plugs_500mM_NH4ACET8_5ug_90min_15cm_01	proteomic profiling by mass spectrometry	NT=Data-dependent acquisition;AC=PRIDE:0000627	NT=label free sample;AC=MS:1002038	NT=instrument model;AC=MS:1000031	not applicable	not available	1	1	Vanquish_1R10_TP_2D_1plugs_500mM_NH4ACET8_5ug_90min_15cm_01.raw	v1.1.0	NT=ms-proteomics;VV=v1.1.0	NT=metaproteomics;VV=v1.0.0	NT=soil;VV=v1.0.0	manual curation	soil
Vanquish_1R15_TP_2D_1plugs_500mM_NH4ACET8_5ug_90min_15cm_01	Vanquish_1R15_TP_2D_1plugs_500mM_NH4ACET8_5ug_90min_15cm_01	rhizosphere metagenome	soil	not applicable	not available	Metaproteomics_reveals_insights_into_microbial_structure_interactions_and_dynamic_regulation_in_defined_communities_as_they_respond_to_environmental_disturbance	rhizosphere soil	rhizosphere soil	not available	not available	not available	not available	rhizosphere microbiome	1	Vanquish_1R15_TP_2D_1plugs_500mM_NH4ACET8_5ug_90min_15cm_01	proteomic profiling by mass spectrometry	NT=Data-dependent acquisition;AC=PRIDE:0000627	NT=label free sample;AC=MS:1002038	NT=instrument model;AC=MS:1000031	not applicable	not available	1	1	Vanquish_1R15_TP_2D_1plugs_500mM_NH4ACET8_5ug_90min_15cm_01.raw	v1.1.0	NT=ms-proteomics;VV=v1.1.0	NT=metaproteomics;VV=v1.0.0	NT=soil;VV=v1.0.0	manual curation	soil
Vanquish_1R1_TP_2D_1plugs_500mM_NH4ACET8_5ug_90min_15cm_01	Vanquish_1R1_TP_2D_1plugs_500mM_NH4ACET8_5ug_90min_15cm_01	rhizosphere metagenome	soil	not applicable	not available	Metaproteomics_reveals_insights_into_microbial_structure_interactions_and_dynamic_regulation_in_defined_communities_as_they_respond_to_environmental_disturbance	rhizosphere soil	rhizosphere soil	not available	not available	not available	not available	rhizosphere microbiome	1	Vanquish_1R1_TP_2D_1plugs_500mM_NH4ACET8_5ug_90min_15cm_01	proteomic profiling by mass spectrometry	NT=Data-dependent acquisition;AC=PRIDE:0000627	NT=label free sample;AC=MS:1002038	NT=instrument model;AC=MS:1000031	not applicable	not available	1	1	Vanquish_1R1_TP_2D_1plugs_500mM_NH4ACET8_5ug_90min_15cm_01.raw	v1.1.0	NT=ms-proteomics;VV=v1.1.0	NT=metaproteomics;VV=v1.0.0	NT=soil;VV=v1.0.0	manual curation	soil
Vanquish_1R2_TP_2D_1plugs_500mM_NH4ACET8_5ug_90min_15cm_01	Vanquish_1R2_TP_2D_1plugs_500mM_NH4ACET8_5ug_90min_15cm_01	rhizosphere metagenome	soil	not applicable	not available	Metaproteomics_reveals_insights_into_microbial_structure_interactions_and_dynamic_regulation_in_defined_communities_as_they_respond_to_environmental_disturbance	rhizosphere soil	rhizosphere soil	not available	not available	not available	not available	rhizosphere microbiome	1	Vanquish_1R2_TP_2D_1plugs_500mM_NH4ACET8_5ug_90min_15cm_01	proteomic profiling by mass spectrometry	NT=Data-dependent acquisition;AC=PRIDE:0000627	NT=label free sample;AC=MS:1002038	NT=instrument model;AC=MS:1000031	not applicable	not available	1	1	Vanquish_1R2_TP_2D_1plugs_500mM_NH4ACET8_5ug_90min_15cm_01.raw	v1.1.0	NT=ms-proteomics;VV=v1.1.0	NT=metaproteomics;VV=v1.0.0	NT=soil;VV=v1.0.0	manual curation	soil
Vanquish_1R3_TP_2D_1plugs_500mM_NH4ACET8_5ug_90min_15cm_01	Vanquish_1R3_TP_2D_1plugs_500mM_NH4ACET8_5ug_90min_15cm_01	rhizosphere metagenome	soil	not applicable	not available	Metaproteomics_reveals_insights_into_microbial_structure_interactions_and_dynamic_regulation_in_defined_communities_as_they_respond_to_environmental_disturbance	rhizosphere soil	rhizosphere soil	not available	not available	not available	not available	rhizosphere microbiome	1	Vanquish_1R3_TP_2D_1plugs_500mM_NH4ACET8_5ug_90min_15cm_01	proteomic profiling by mass spectrometry	NT=Data-dependent acquisition;AC=PRIDE:0000627	NT=label free sample;AC=MS:1002038	NT=instrument model;AC=MS:1000031	not applicable	not available	1	1	Vanquish_1R3_TP_2D_1plugs_500mM_NH4ACET8_5ug_90min_15cm_01.raw	v1.1.0	NT=ms-proteomics;VV=v1.1.0	NT=metaproteomics;VV=v1.0.0	NT=soil;VV=v1.0.0	manual curation	soil
Vanquish_1R4_TP_2D_1plugs_500mM_NH4ACET8_5ug_90min_15cm_01	Vanquish_1R4_TP_2D_1plugs_500mM_NH4ACET8_5ug_90min_15cm_01	rhizosphere metagenome	soil	not applicable	not available	Metaproteomics_reveals_insights_into_microbial_structure_interactions_and_dynamic_regulation_in_defined_communities_as_they_respond_to_environmental_disturbance	rhizosphere soil	rhizosphere soil	not available	not available	not available	not available	rhizosphere microbiome	1	Vanquish_1R4_TP_2D_1plugs_500mM_NH4ACET8_5ug_90min_15cm_01	proteomic profiling by mass spectrometry	NT=Data-dependent acquisition;AC=PRIDE:0000627	NT=label free sample;AC=MS:1002038	NT=instrument model;AC=MS:1000031	not applicable	not available	1	1	Vanquish_1R4_TP_2D_1plugs_500mM_NH4ACET8_5ug_90min_15cm_01.raw	v1.1.0	NT=ms-proteomics;VV=v1.1.0	NT=metaproteomics;VV=v1.0.0	NT=soil;VV=v1.0.0	manual curation	soil
Vanquish_1R5_TP_2D_1plugs_500mM_NH4ACET8_5ug_90min_15cm_01	Vanquish_1R5_TP_2D_1plugs_500mM_NH4ACET8_5ug_90min_15cm_01	rhizosphere metagenome	soil	not applicable	not available	Metaproteomics_reveals_insights_into_microbial_structure_interactions_and_dynamic_regulation_in_defined_communities_as_they_respond_to_environmental_disturbance	rhizosphere soil	rhizosphere soil	not available	not available	not available	not available	rhizosphere microbiome	1	Vanquish_1R5_TP_2D_1plugs_500mM_NH4ACET8_5ug_90min_15cm_01	proteomic profiling by mass spectrometry	NT=Data-dependent acquisition;AC=PRIDE:0000627	NT=label free sample;AC=MS:1002038	NT=instrument model;AC=MS:1000031	not applicable	not available	1	1	Vanquish_1R5_TP_2D_1plugs_500mM_NH4ACET8_5ug_90min_15cm_01.raw	v1.1.0	NT=ms-proteomics;VV=v1.1.0	NT=metaproteomics;VV=v1.0.0	NT=soil;VV=v1.0.0	manual curation	soil
Vanquish_2M0_TP_2D_1plugs_500mM_NH4ACET8_5ug_90min_15cm_01	Vanquish_2M0_TP_2D_1plugs_500mM_NH4ACET8_5ug_90min_15cm_01	rhizosphere metagenome	soil	not applicable	not available	Metaproteomics_reveals_insights_into_microbial_structure_interactions_and_dynamic_regulation_in_defined_communities_as_they_respond_to_environmental_disturbance	rhizosphere soil	rhizosphere soil	not available	not available	not available	not available	rhizosphere microbiome	1	Vanquish_2M0_TP_2D_1plugs_500mM_NH4ACET8_5ug_90min_15cm_01	proteomic profiling by mass spectrometry	NT=Data-dependent acquisition;AC=PRIDE:0000627	NT=label free sample;AC=MS:1002038	NT=instrument model;AC=MS:1000031	not applicable	not available	1	1	Vanquish_2M0_TP_2D_1plugs_500mM_NH4ACET8_5ug_90min_15cm_01.raw	v1.1.0	NT=ms-proteomics;VV=v1.1.0	NT=metaproteomics;VV=v1.0.0	NT=soil;VV=v1.0.0	manual curation	soil
Vanquish_2M10_TP_2D_1plugs_500mM_NH4ACET8_5ug_90min_15cm_01	Vanquish_2M10_TP_2D_1plugs_500mM_NH4ACET8_5ug_90min_15cm_01	rhizosphere metagenome	soil	not applicable	not available	Metaproteomics_reveals_insights_into_microbial_structure_interactions_and_dynamic_regulation_in_defined_communities_as_they_respond_to_environmental_disturbance	rhizosphere soil	rhizosphere soil	not available	not available	not available	not available	rhizosphere microbiome	1	Vanquish_2M10_TP_2D_1plugs_500mM_NH4ACET8_5ug_90min_15cm_01	proteomic profiling by mass spectrometry	NT=Data-dependent acquisition;AC=PRIDE:0000627	NT=label free sample;AC=MS:1002038	NT=instrument model;AC=MS:1000031	not applicable	not available	1	1	Vanquish_2M10_TP_2D_1plugs_500mM_NH4ACET8_5ug_90min_15cm_01.raw	v1.1.0	NT=ms-proteomics;VV=v1.1.0	NT=metaproteomics;VV=v1.0.0	NT=soil;VV=v1.0.0	manual curation	soil
Vanquish_2M15_TP_2D_1plugs_500mM_NH4ACET8_5ug_90min_15cm_01	Vanquish_2M15_TP_2D_1plugs_500mM_NH4ACET8_5ug_90min_15cm_01	rhizosphere metagenome	soil	not applicable	not available	Metaproteomics_reveals_insights_into_microbial_structure_interactions_and_dynamic_regulation_in_defined_communities_as_they_respond_to_environmental_disturbance	rhizosphere soil	rhizosphere soil	not available	not available	not available	not available	rhizosphere microbiome	1	Vanquish_2M15_TP_2D_1plugs_500mM_NH4ACET8_5ug_90min_15cm_01	proteomic profiling by mass spectrometry	NT=Data-dependent acquisition;AC=PRIDE:0000627	NT=label free sample;AC=MS:1002038	NT=instrument model;AC=MS:1000031	not applicable	not available	1	1	Vanquish_2M15_TP_2D_1plugs_500mM_NH4ACET8_5ug_90min_15cm_01.raw	v1.1.0	NT=ms-proteomics;VV=v1.1.0	NT=metaproteomics;VV=v1.0.0	NT=soil;VV=v1.0.0	manual curation	soil
Vanquish_2M1_TP_2D_1plugs_500mM_NH4ACET8_5ug_90min_15cm_01	Vanquish_2M1_TP_2D_1plugs_500mM_NH4ACET8_5ug_90min_15cm_01	rhizosphere metagenome	soil	not applicable	not available	Metaproteomics_reveals_insights_into_microbial_structure_interactions_and_dynamic_regulation_in_defined_communities_as_they_respond_to_environmental_disturbance	rhizosphere soil	rhizosphere soil	not available	not available	not available	not available	rhizosphere microbiome	1	Vanquish_2M1_TP_2D_1plugs_500mM_NH4ACET8_5ug_90min_15cm_01	proteomic profiling by mass spectrometry	NT=Data-dependent acquisition;AC=PRIDE:0000627	NT=label free sample;AC=MS:1002038	NT=instrument model;AC=MS:1000031	not applicable	not available	1	1	Vanquish_2M1_TP_2D_1plugs_500mM_NH4ACET8_5ug_90min_15cm_01.raw	v1.1.0	NT=ms-proteomics;VV=v1.1.0	NT=metaproteomics;VV=v1.0.0	NT=soil;VV=v1.0.0	manual curation	soil
Vanquish_2M2_tP_2D_1plugs_500mM_NH4ACET8_5ug_90min_15cm_01	Vanquish_2M2_tP_2D_1plugs_500mM_NH4ACET8_5ug_90min_15cm_01	rhizosphere metagenome	soil	not applicable	not available	Metaproteomics_reveals_insights_into_microbial_structure_interactions_and_dynamic_regulation_in_defined_communities_as_they_respond_to_environmental_disturbance	rhizosphere soil	rhizosphere soil	not available	not available	not available	not available	rhizosphere microbiome	1	Vanquish_2M2_tP_2D_1plugs_500mM_NH4ACET8_5ug_90min_15cm_01	proteomic profiling by mass spectrometry	NT=Data-dependent acquisition;AC=PRIDE:0000627	NT=label free sample;AC=MS:1002038	NT=instrument model;AC=MS:1000031	not applicable	not available	1	1	Vanquish_2M2_tP_2D_1plugs_500mM_NH4ACET8_5ug_90min_15cm_01.raw	v1.1.0	NT=ms-proteomics;VV=v1.1.0	NT=metaproteomics;VV=v1.0.0	NT=soil;VV=v1.0.0	manual curation	soil
Vanquish_2M3_TP_2D_1plugs_500mM_NH4ACET8_5ug_90min_15cm_01	Vanquish_2M3_TP_2D_1plugs_500mM_NH4ACET8_5ug_90min_15cm_01	rhizosphere metagenome	soil	not applicable	not available	Metaproteomics_reveals_insights_into_microbial_structure_interactions_and_dynamic_regulation_in_defined_communities_as_they_respond_to_environmental_disturbance	rhizosphere soil	rhizosphere soil	not available	not available	not available	not available	rhizosphere microbiome	1	Vanquish_2M3_TP_2D_1plugs_500mM_NH4ACET8_5ug_90min_15cm_01	proteomic profiling by mass spectrometry	NT=Data-dependent acquisition;AC=PRIDE:0000627	NT=label free sample;AC=MS:1002038	NT=instrument model;AC=MS:1000031	not applicable	not available	1	1	Vanquish_2M3_TP_2D_1plugs_500mM_NH4ACET8_5ug_90min_15cm_01.raw	v1.1.0	NT=ms-proteomics;VV=v1.1.0	NT=metaproteomics;VV=v1.0.0	NT=soil;VV=v1.0.0	manual curation	soil
Vanquish_2M4_TP_2D_1plugs_500mM_NH4ACET8_5ug_90min_15cm_01	Vanquish_2M4_TP_2D_1plugs_500mM_NH4ACET8_5ug_90min_15cm_01	rhizosphere metagenome	soil	not applicable	not available	Metaproteomics_reveals_insights_into_microbial_structure_interactions_and_dynamic_regulation_in_defined_communities_as_they_respond_to_environmental_disturbance	rhizosphere soil	rhizosphere soil	not available	not available	not available	not available	rhizosphere microbiome	1	Vanquish_2M4_TP_2D_1plugs_500mM_NH4ACET8_5ug_90min_15cm_01	proteomic profiling by mass spectrometry	NT=Data-dependent acquisition;AC=PRIDE:0000627	NT=label free sample;AC=MS:1002038	NT=instrument model;AC=MS:1000031	not applicable	not available	1	1	Vanquish_2M4_TP_2D_1plugs_500mM_NH4ACET8_5ug_90min_15cm_01.raw	v1.1.0	NT=ms-proteomics;VV=v1.1.0	NT=metaproteomics;VV=v1.0.0	NT=soil;VV=v1.0.0	manual curation	soil
Vanquish_2M5_TP_2D_1plugs_500mM_NH4ACET8_5ug_90min_15cm_01	Vanquish_2M5_TP_2D_1plugs_500mM_NH4ACET8_5ug_90min_15cm_01	rhizosphere metagenome	soil	not applicable	not available	Metaproteomics_reveals_insights_into_microbial_structure_interactions_and_dynamic_regulation_in_defined_communities_as_they_respond_to_environmental_disturbance	rhizosphere soil	rhizosphere soil	not available	not available	not available	not available	rhizosphere microbiome	1	Vanquish_2M5_TP_2D_1plugs_500mM_NH4ACET8_5ug_90min_15cm_01	proteomic profiling by mass spectrometry	NT=Data-dependent acquisition;AC=PRIDE:0000627	NT=label free sample;AC=MS:1002038	NT=instrument model;AC=MS:1000031	not applicable	not available	1	1	Vanquish_2M5_TP_2D_1plugs_500mM_NH4ACET8_5ug_90min_15cm_01.raw	v1.1.0	NT=ms-proteomics;VV=v1.1.0	NT=metaproteomics;VV=v1.0.0	NT=soil;VV=v1.0.0	manual curation	soil
Vanquish_2R0_TP_2D_1plugs_500mM_NH4ACET8_5ug_90min_15cm_01	Vanquish_2R0_TP_2D_1plugs_500mM_NH4ACET8_5ug_90min_15cm_01	rhizosphere metagenome	soil	not applicable	not available	Metaproteomics_reveals_insights_into_microbial_structure_interactions_and_dynamic_regulation_in_defined_communities_as_they_respond_to_environmental_disturbance	rhizosphere soil	rhizosphere soil	not available	not available	not available	not available	rhizosphere microbiome	1	Vanquish_2R0_TP_2D_1plugs_500mM_NH4ACET8_5ug_90min_15cm_01	proteomic profiling by mass spectrometry	NT=Data-dependent acquisition;AC=PRIDE:0000627	NT=label free sample;AC=MS:1002038	NT=instrument model;AC=MS:1000031	not applicable	not available	1	1	Vanquish_2R0_TP_2D_1plugs_500mM_NH4ACET8_5ug_90min_15cm_01.raw	v1.1.0	NT=ms-proteomics;VV=v1.1.0	NT=metaproteomics;VV=v1.0.0	NT=soil;VV=v1.0.0	manual curation	soil
Vanquish_2R10_TP_2D_1plugs_500mM_NH4ACET8_5ug_90min_15cm_01	Vanquish_2R10_TP_2D_1plugs_500mM_NH4ACET8_5ug_90min_15cm_01	rhizosphere metagenome	soil	not applicable	not available	Metaproteomics_reveals_insights_into_microbial_structure_interactions_and_dynamic_regulation_in_defined_communities_as_they_respond_to_environmental_disturbance	rhizosphere soil	rhizosphere soil	not available	not available	not available	not available	rhizosphere microbiome	1	Vanquish_2R10_TP_2D_1plugs_500mM_NH4ACET8_5ug_90min_15cm_01	proteomic profiling by mass spectrometry	NT=Data-dependent acquisition;AC=PRIDE:0000627	NT=label free sample;AC=MS:1002038	NT=instrument model;AC=MS:1000031	not applicable	not available	1	1	Vanquish_2R10_TP_2D_1plugs_500mM_NH4ACET8_5ug_90min_15cm_01.raw	v1.1.0	NT=ms-proteomics;VV=v1.1.0	NT=metaproteomics;VV=v1.0.0	NT=soil;VV=v1.0.0	manual curation	soil
Vanquish_2R15_TP_2D_1plugs_500mM_NH4ACET8_5ug_90min_15cm_01	Vanquish_2R15_TP_2D_1plugs_500mM_NH4ACET8_5ug_90min_15cm_01	rhizosphere metagenome	soil	not applicable	not available	Metaproteomics_reveals_insights_into_microbial_structure_interactions_and_dynamic_regulation_in_defined_communities_as_they_respond_to_environmental_disturbance	rhizosphere soil	rhizosphere soil	not available	not available	not available	not available	rhizosphere microbiome	1	Vanquish_2R15_TP_2D_1plugs_500mM_NH4ACET8_5ug_90min_15cm_01	proteomic profiling by mass spectrometry	NT=Data-dependent acquisition;AC=PRIDE:0000627	NT=label free sample;AC=MS:1002038	NT=instrument model;AC=MS:1000031	not applicable	not available	1	1	Vanquish_2R15_TP_2D_1plugs_500mM_NH4ACET8_5ug_90min_15cm_01.raw	v1.1.0	NT=ms-proteomics;VV=v1.1.0	NT=metaproteomics;VV=v1.0.0	NT=soil;VV=v1.0.0	manual curation	soil
Vanquish_2R1_TP_2D_1plugs_500mM_NH4ACET8_5ug_90min_15cm_01	Vanquish_2R1_TP_2D_1plugs_500mM_NH4ACET8_5ug_90min_15cm_01	rhizosphere metagenome	soil	not applicable	not available	Metaproteomics_reveals_insights_into_microbial_structure_interactions_and_dynamic_regulation_in_defined_communities_as_they_respond_to_environmental_disturbance	rhizosphere soil	rhizosphere soil	not available	not available	not available	not available	rhizosphere microbiome	1	Vanquish_2R1_TP_2D_1plugs_500mM_NH4ACET8_5ug_90min_15cm_01	proteomic profiling by mass spectrometry	NT=Data-dependent acquisition;AC=PRIDE:0000627	NT=label free sample;AC=MS:1002038	NT=instrument model;AC=MS:1000031	not applicable	not available	1	1	Vanquish_2R1_TP_2D_1plugs_500mM_NH4ACET8_5ug_90min_15cm_01.raw	v1.1.0	NT=ms-proteomics;VV=v1.1.0	NT=metaproteomics;VV=v1.0.0	NT=soil;VV=v1.0.0	manual curation	soil
Vanquish_2R2_TP_2D_1plugs_500mM_NH4ACET8_5ug_90min_15cm_01	Vanquish_2R2_TP_2D_1plugs_500mM_NH4ACET8_5ug_90min_15cm_01	rhizosphere metagenome	soil	not applicable	not available	Metaproteomics_reveals_insights_into_microbial_structure_interactions_and_dynamic_regulation_in_defined_communities_as_they_respond_to_environmental_disturbance	rhizosphere soil	rhizosphere soil	not available	not available	not available	not available	rhizosphere microbiome	1	Vanquish_2R2_TP_2D_1plugs_500mM_NH4ACET8_5ug_90min_15cm_01	proteomic profiling by mass spectrometry	NT=Data-dependent acquisition;AC=PRIDE:0000627	NT=label free sample;AC=MS:1002038	NT=instrument model;AC=MS:1000031	not applicable	not available	1	1	Vanquish_2R2_TP_2D_1plugs_500mM_NH4ACET8_5ug_90min_15cm_01.raw	v1.1.0	NT=ms-proteomics;VV=v1.1.0	NT=metaproteomics;VV=v1.0.0	NT=soil;VV=v1.0.0	manual curation	soil
Vanquish_2R3_TP_2D_1plugs_500mM_NH4ACET8_5ug_90min_15cm_01	Vanquish_2R3_TP_2D_1plugs_500mM_NH4ACET8_5ug_90min_15cm_01	rhizosphere metagenome	soil	not applicable	not available	Metaproteomics_reveals_insights_into_microbial_structure_interactions_and_dynamic_regulation_in_defined_communities_as_they_respond_to_environmental_disturbance	rhizosphere soil	rhizosphere soil	not available	not available	not available	not available	rhizosphere microbiome	1	Vanquish_2R3_TP_2D_1plugs_500mM_NH4ACET8_5ug_90min_15cm_01	proteomic profiling by mass spectrometry	NT=Data-dependent acquisition;AC=PRIDE:0000627	NT=label free sample;AC=MS:1002038	NT=instrument model;AC=MS:1000031	not applicable	not available	1	1	Vanquish_2R3_TP_2D_1plugs_500mM_NH4ACET8_5ug_90min_15cm_01.raw	v1.1.0	NT=ms-proteomics;VV=v1.1.0	NT=metaproteomics;VV=v1.0.0	NT=soil;VV=v1.0.0	manual curation	soil
Vanquish_2R4_TP_2D_1plugs_500mM_NH4ACET8_5ug_90min_15cm_01	Vanquish_2R4_TP_2D_1plugs_500mM_NH4ACET8_5ug_90min_15cm_01	rhizosphere metagenome	soil	not applicable	not available	Metaproteomics_reveals_insights_into_microbial_structure_interactions_and_dynamic_regulation_in_defined_communities_as_they_respond_to_environmental_disturbance	rhizosphere soil	rhizosphere soil	not available	not available	not available	not available	rhizosphere microbiome	1	Vanquish_2R4_TP_2D_1plugs_500mM_NH4ACET8_5ug_90min_15cm_01	proteomic profiling by mass spectrometry	NT=Data-dependent acquisition;AC=PRIDE:0000627	NT=label free sample;AC=MS:1002038	NT=instrument model;AC=MS:1000031	not applicable	not available	1	1	Vanquish_2R4_TP_2D_1plugs_500mM_NH4ACET8_5ug_90min_15cm_01.raw	v1.1.0	NT=ms-proteomics;VV=v1.1.0	NT=metaproteomics;VV=v1.0.0	NT=soil;VV=v1.0.0	manual curation	soil
Vanquish_2R5_TP_2D_1plugs_500mM_NH4ACET8_5ug_90min_15cm_01	Vanquish_2R5_TP_2D_1plugs_500mM_NH4ACET8_5ug_90min_15cm_01	rhizosphere metagenome	soil	not applicable	not available	Metaproteomics_reveals_insights_into_microbial_structure_interactions_and_dynamic_regulation_in_defined_communities_as_they_respond_to_environmental_disturbance	rhizosphere soil	rhizosphere soil	not available	not available	not available	not available	rhizosphere microbiome	1	Vanquish_2R5_TP_2D_1plugs_500mM_NH4ACET8_5ug_90min_15cm_01	proteomic profiling by mass spectrometry	NT=Data-dependent acquisition;AC=PRIDE:0000627	NT=label free sample;AC=MS:1002038	NT=instrument model;AC=MS:1000031	not applicable	not available	1	1	Vanquish_2R5_TP_2D_1plugs_500mM_NH4ACET8_5ug_90min_15cm_01.raw	v1.1.0	NT=ms-proteomics;VV=v1.1.0	NT=metaproteomics;VV=v1.0.0	NT=soil;VV=v1.0.0	manual curation	soil
Vanquish_3M0_TP_2D_1plugs_500mM_NH4ACET8_5ug_90min_15cm_01	Vanquish_3M0_TP_2D_1plugs_500mM_NH4ACET8_5ug_90min_15cm_01	rhizosphere metagenome	soil	not applicable	not available	Metaproteomics_reveals_insights_into_microbial_structure_interactions_and_dynamic_regulation_in_defined_communities_as_they_respond_to_environmental_disturbance	rhizosphere soil	rhizosphere soil	not available	not available	not available	not available	rhizosphere microbiome	1	Vanquish_3M0_TP_2D_1plugs_500mM_NH4ACET8_5ug_90min_15cm_01	proteomic profiling by mass spectrometry	NT=Data-dependent acquisition;AC=PRIDE:0000627	NT=label free sample;AC=MS:1002038	NT=instrument model;AC=MS:1000031	not applicable	not available	1	1	Vanquish_3M0_TP_2D_1plugs_500mM_NH4ACET8_5ug_90min_15cm_01.raw	v1.1.0	NT=ms-proteomics;VV=v1.1.0	NT=metaproteomics;VV=v1.0.0	NT=soil;VV=v1.0.0	manual curation	soil
Vanquish_3M10_TP_2D_1plugs_500mM_NH4ACET8_5ug_90min_15cm_01	Vanquish_3M10_TP_2D_1plugs_500mM_NH4ACET8_5ug_90min_15cm_01	rhizosphere metagenome	soil	not applicable	not available	Metaproteomics_reveals_insights_into_microbial_structure_interactions_and_dynamic_regulation_in_defined_communities_as_they_respond_to_environmental_disturbance	rhizosphere soil	rhizosphere soil	not available	not available	not available	not available	rhizosphere microbiome	1	Vanquish_3M10_TP_2D_1plugs_500mM_NH4ACET8_5ug_90min_15cm_01	proteomic profiling by mass spectrometry	NT=Data-dependent acquisition;AC=PRIDE:0000627	NT=label free sample;AC=MS:1002038	NT=instrument model;AC=MS:1000031	not applicable	not available	1	1	Vanquish_3M10_TP_2D_1plugs_500mM_NH4ACET8_5ug_90min_15cm_01.raw	v1.1.0	NT=ms-proteomics;VV=v1.1.0	NT=metaproteomics;VV=v1.0.0	NT=soil;VV=v1.0.0	manual curation	soil
Vanquish_3M15_TP_2D_1plugs_500mM_NH4ACET8_5ug_90min_15cm_01	Vanquish_3M15_TP_2D_1plugs_500mM_NH4ACET8_5ug_90min_15cm_01	rhizosphere metagenome	soil	not applicable	not available	Metaproteomics_reveals_insights_into_microbial_structure_interactions_and_dynamic_regulation_in_defined_communities_as_they_respond_to_environmental_disturbance	rhizosphere soil	rhizosphere soil	not available	not available	not available	not available	rhizosphere microbiome	1	Vanquish_3M15_TP_2D_1plugs_500mM_NH4ACET8_5ug_90min_15cm_01	proteomic profiling by mass spectrometry	NT=Data-dependent acquisition;AC=PRIDE:0000627	NT=label free sample;AC=MS:1002038	NT=instrument model;AC=MS:1000031	not applicable	not available	1	1	Vanquish_3M15_TP_2D_1plugs_500mM_NH4ACET8_5ug_90min_15cm_01.raw	v1.1.0	NT=ms-proteomics;VV=v1.1.0	NT=metaproteomics;VV=v1.0.0	NT=soil;VV=v1.0.0	manual curation	soil
Vanquish_3M1_TP_2D_1plugs_500mM_NH4ACET8_5ug_90min_15cm_01	Vanquish_3M1_TP_2D_1plugs_500mM_NH4ACET8_5ug_90min_15cm_01	rhizosphere metagenome	soil	not applicable	not available	Metaproteomics_reveals_insights_into_microbial_structure_interactions_and_dynamic_regulation_in_defined_communities_as_they_respond_to_environmental_disturbance	rhizosphere soil	rhizosphere soil	not available	not available	not available	not available	rhizosphere microbiome	1	Vanquish_3M1_TP_2D_1plugs_500mM_NH4ACET8_5ug_90min_15cm_01	proteomic profiling by mass spectrometry	NT=Data-dependent acquisition;AC=PRIDE:0000627	NT=label free sample;AC=MS:1002038	NT=instrument model;AC=MS:1000031	not applicable	not available	1	1	Vanquish_3M1_TP_2D_1plugs_500mM_NH4ACET8_5ug_90min_15cm_01.raw	v1.1.0	NT=ms-proteomics;VV=v1.1.0	NT=metaproteomics;VV=v1.0.0	NT=soil;VV=v1.0.0	manual curation	soil
Vanquish_3M2_TP_2D_1plugs_500mM_NH4ACET8_5ug_90min_15cm_01	Vanquish_3M2_TP_2D_1plugs_500mM_NH4ACET8_5ug_90min_15cm_01	rhizosphere metagenome	soil	not applicable	not available	Metaproteomics_reveals_insights_into_microbial_structure_interactions_and_dynamic_regulation_in_defined_communities_as_they_respond_to_environmental_disturbance	rhizosphere soil	rhizosphere soil	not available	not available	not available	not available	rhizosphere microbiome	1	Vanquish_3M2_TP_2D_1plugs_500mM_NH4ACET8_5ug_90min_15cm_01	proteomic profiling by mass spectrometry	NT=Data-dependent acquisition;AC=PRIDE:0000627	NT=label free sample;AC=MS:1002038	NT=instrument model;AC=MS:1000031	not applicable	not available	1	1	Vanquish_3M2_TP_2D_1plugs_500mM_NH4ACET8_5ug_90min_15cm_01.raw	v1.1.0	NT=ms-proteomics;VV=v1.1.0	NT=metaproteomics;VV=v1.0.0	NT=soil;VV=v1.0.0	manual curation	soil
Vanquish_3M3_TP_2D_1plugs_500mM_NH4ACET8_5ug_90min_15cm_01	Vanquish_3M3_TP_2D_1plugs_500mM_NH4ACET8_5ug_90min_15cm_01	rhizosphere metagenome	soil	not applicable	not available	Metaproteomics_reveals_insights_into_microbial_structure_interactions_and_dynamic_regulation_in_defined_communities_as_they_respond_to_environmental_disturbance	rhizosphere soil	rhizosphere soil	not available	not available	not available	not available	rhizosphere microbiome	1	Vanquish_3M3_TP_2D_1plugs_500mM_NH4ACET8_5ug_90min_15cm_01	proteomic profiling by mass spectrometry	NT=Data-dependent acquisition;AC=PRIDE:0000627	NT=label free sample;AC=MS:1002038	NT=instrument model;AC=MS:1000031	not applicable	not available	1	1	Vanquish_3M3_TP_2D_1plugs_500mM_NH4ACET8_5ug_90min_15cm_01.raw	v1.1.0	NT=ms-proteomics;VV=v1.1.0	NT=metaproteomics;VV=v1.0.0	NT=soil;VV=v1.0.0	manual curation	soil
Vanquish_3M4_TP_2D_1plugs_500mM_NH4ACET8_5ug_90min_15cm_01	Vanquish_3M4_TP_2D_1plugs_500mM_NH4ACET8_5ug_90min_15cm_01	rhizosphere metagenome	soil	not applicable	not available	Metaproteomics_reveals_insights_into_microbial_structure_interactions_and_dynamic_regulation_in_defined_communities_as_they_respond_to_environmental_disturbance	rhizosphere soil	rhizosphere soil	not available	not available	not available	not available	rhizosphere microbiome	1	Vanquish_3M4_TP_2D_1plugs_500mM_NH4ACET8_5ug_90min_15cm_01	proteomic profiling by mass spectrometry	NT=Data-dependent acquisition;AC=PRIDE:0000627	NT=label free sample;AC=MS:1002038	NT=instrument model;AC=MS:1000031	not applicable	not available	1	1	Vanquish_3M4_TP_2D_1plugs_500mM_NH4ACET8_5ug_90min_15cm_01.raw	v1.1.0	NT=ms-proteomics;VV=v1.1.0	NT=metaproteomics;VV=v1.0.0	NT=soil;VV=v1.0.0	manual curation	soil
Vanquish_3M5_TP_2D_1plugs_500mM_NH4ACET8_5ug_90min_15cm_01	Vanquish_3M5_TP_2D_1plugs_500mM_NH4ACET8_5ug_90min_15cm_01	rhizosphere metagenome	soil	not applicable	not available	Metaproteomics_reveals_insights_into_microbial_structure_interactions_and_dynamic_regulation_in_defined_communities_as_they_respond_to_environmental_disturbance	rhizosphere soil	rhizosphere soil	not available	not available	not available	not available	rhizosphere microbiome	1	Vanquish_3M5_TP_2D_1plugs_500mM_NH4ACET8_5ug_90min_15cm_01	proteomic profiling by mass spectrometry	NT=Data-dependent acquisition;AC=PRIDE:0000627	NT=label free sample;AC=MS:1002038	NT=instrument model;AC=MS:1000031	not applicable	not available	1	1	Vanquish_3M5_TP_2D_1plugs_500mM_NH4ACET8_5ug_90min_15cm_01.raw	v1.1.0	NT=ms-proteomics;VV=v1.1.0	NT=metaproteomics;VV=v1.0.0	NT=soil;VV=v1.0.0	manual curation	soil
Vanquish_3R0_TP_2D_1plugs_500mM_NH4ACET8_5ug_90min_15cm_01	Vanquish_3R0_TP_2D_1plugs_500mM_NH4ACET8_5ug_90min_15cm_01	rhizosphere metagenome	soil	not applicable	not available	Metaproteomics_reveals_insights_into_microbial_structure_interactions_and_dynamic_regulation_in_defined_communities_as_they_respond_to_environmental_disturbance	rhizosphere soil	rhizosphere soil	not available	not available	not available	not available	rhizosphere microbiome	1	Vanquish_3R0_TP_2D_1plugs_500mM_NH4ACET8_5ug_90min_15cm_01	proteomic profiling by mass spectrometry	NT=Data-dependent acquisition;AC=PRIDE:0000627	NT=label free sample;AC=MS:1002038	NT=instrument model;AC=MS:1000031	not applicable	not available	1	1	Vanquish_3R0_TP_2D_1plugs_500mM_NH4ACET8_5ug_90min_15cm_01.raw	v1.1.0	NT=ms-proteomics;VV=v1.1.0	NT=metaproteomics;VV=v1.0.0	NT=soil;VV=v1.0.0	manual curation	soil
Vanquish_3R10_TP_2D_1plugs_500mM_NH4ACET8_5ug_90min_15cm_01	Vanquish_3R10_TP_2D_1plugs_500mM_NH4ACET8_5ug_90min_15cm_01	rhizosphere metagenome	soil	not applicable	not available	Metaproteomics_reveals_insights_into_microbial_structure_interactions_and_dynamic_regulation_in_defined_communities_as_they_respond_to_environmental_disturbance	rhizosphere soil	rhizosphere soil	not available	not available	not available	not available	rhizosphere microbiome	1	Vanquish_3R10_TP_2D_1plugs_500mM_NH4ACET8_5ug_90min_15cm_01	proteomic profiling by mass spectrometry	NT=Data-dependent acquisition;AC=PRIDE:0000627	NT=label free sample;AC=MS:1002038	NT=instrument model;AC=MS:1000031	not applicable	not available	1	1	Vanquish_3R10_TP_2D_1plugs_500mM_NH4ACET8_5ug_90min_15cm_01.raw	v1.1.0	NT=ms-proteomics;VV=v1.1.0	NT=metaproteomics;VV=v1.0.0	NT=soil;VV=v1.0.0	manual curation	soil
Vanquish_3R15_TP_2D_1plugs_500mM_NH4ACET8_5ug_90min_15cm_01	Vanquish_3R15_TP_2D_1plugs_500mM_NH4ACET8_5ug_90min_15cm_01	rhizosphere metagenome	soil	not applicable	not available	Metaproteomics_reveals_insights_into_microbial_structure_interactions_and_dynamic_regulation_in_defined_communities_as_they_respond_to_environmental_disturbance	rhizosphere soil	rhizosphere soil	not available	not available	not available	not available	rhizosphere microbiome	1	Vanquish_3R15_TP_2D_1plugs_500mM_NH4ACET8_5ug_90min_15cm_01	proteomic profiling by mass spectrometry	NT=Data-dependent acquisition;AC=PRIDE:0000627	NT=label free sample;AC=MS:1002038	NT=instrument model;AC=MS:1000031	not applicable	not available	1	1	Vanquish_3R15_TP_2D_1plugs_500mM_NH4ACET8_5ug_90min_15cm_01.raw	v1.1.0	NT=ms-proteomics;VV=v1.1.0	NT=metaproteomics;VV=v1.0.0	NT=soil;VV=v1.0.0	manual curation	soil
Vanquish_3R1_TP_2D_1plugs_500mM_NH4ACET8_5ug_90min_15cm_01	Vanquish_3R1_TP_2D_1plugs_500mM_NH4ACET8_5ug_90min_15cm_01	rhizosphere metagenome	soil	not applicable	not available	Metaproteomics_reveals_insights_into_microbial_structure_interactions_and_dynamic_regulation_in_defined_communities_as_they_respond_to_environmental_disturbance	rhizosphere soil	rhizosphere soil	not available	not available	not available	not available	rhizosphere microbiome	1	Vanquish_3R1_TP_2D_1plugs_500mM_NH4ACET8_5ug_90min_15cm_01	proteomic profiling by mass spectrometry	NT=Data-dependent acquisition;AC=PRIDE:0000627	NT=label free sample;AC=MS:1002038	NT=instrument model;AC=MS:1000031	not applicable	not available	1	1	Vanquish_3R1_TP_2D_1plugs_500mM_NH4ACET8_5ug_90min_15cm_01.raw	v1.1.0	NT=ms-proteomics;VV=v1.1.0	NT=metaproteomics;VV=v1.0.0	NT=soil;VV=v1.0.0	manual curation	soil
Vanquish_3R2_TP_2D_1plugs_500mM_NH4ACET8_5ug_90min_15cm_01	Vanquish_3R2_TP_2D_1plugs_500mM_NH4ACET8_5ug_90min_15cm_01	rhizosphere metagenome	soil	not applicable	not available	Metaproteomics_reveals_insights_into_microbial_structure_interactions_and_dynamic_regulation_in_defined_communities_as_they_respond_to_environmental_disturbance	rhizosphere soil	rhizosphere soil	not available	not available	not available	not available	rhizosphere microbiome	1	Vanquish_3R2_TP_2D_1plugs_500mM_NH4ACET8_5ug_90min_15cm_01	proteomic profiling by mass spectrometry	NT=Data-dependent acquisition;AC=PRIDE:0000627	NT=label free sample;AC=MS:1002038	NT=instrument model;AC=MS:1000031	not applicable	not available	1	1	Vanquish_3R2_TP_2D_1plugs_500mM_NH4ACET8_5ug_90min_15cm_01.raw	v1.1.0	NT=ms-proteomics;VV=v1.1.0	NT=metaproteomics;VV=v1.0.0	NT=soil;VV=v1.0.0	manual curation	soil
Vanquish_3R3_TP_2D_1plugs_500mM_NH4ACET8_5ug_90min_15cm_01	Vanquish_3R3_TP_2D_1plugs_500mM_NH4ACET8_5ug_90min_15cm_01	rhizosphere metagenome	soil	not applicable	not available	Metaproteomics_reveals_insights_into_microbial_structure_interactions_and_dynamic_regulation_in_defined_communities_as_they_respond_to_environmental_disturbance	rhizosphere soil	rhizosphere soil	not available	not available	not available	not available	rhizosphere microbiome	1	Vanquish_3R3_TP_2D_1plugs_500mM_NH4ACET8_5ug_90min_15cm_01	proteomic profiling by mass spectrometry	NT=Data-dependent acquisition;AC=PRIDE:0000627	NT=label free sample;AC=MS:1002038	NT=instrument model;AC=MS:1000031	not applicable	not available	1	1	Vanquish_3R3_TP_2D_1plugs_500mM_NH4ACET8_5ug_90min_15cm_01.raw	v1.1.0	NT=ms-proteomics;VV=v1.1.0	NT=metaproteomics;VV=v1.0.0	NT=soil;VV=v1.0.0	manual curation	soil
Vanquish_3R4_TP_2D_1plugs_500mM_NH4ACET8_5ug_90min_15cm_01	Vanquish_3R4_TP_2D_1plugs_500mM_NH4ACET8_5ug_90min_15cm_01	rhizosphere metagenome	soil	not applicable	not available	Metaproteomics_reveals_insights_into_microbial_structure_interactions_and_dynamic_regulation_in_defined_communities_as_they_respond_to_environmental_disturbance	rhizosphere soil	rhizosphere soil	not available	not available	not available	not available	rhizosphere microbiome	1	Vanquish_3R4_TP_2D_1plugs_500mM_NH4ACET8_5ug_90min_15cm_01	proteomic profiling by mass spectrometry	NT=Data-dependent acquisition;AC=PRIDE:0000627	NT=label free sample;AC=MS:1002038	NT=instrument model;AC=MS:1000031	not applicable	not available	1	1	Vanquish_3R4_TP_2D_1plugs_500mM_NH4ACET8_5ug_90min_15cm_01.raw	v1.1.0	NT=ms-proteomics;VV=v1.1.0	NT=metaproteomics;VV=v1.0.0	NT=soil;VV=v1.0.0	manual curation	soil
Vanquish_3R5_TP_2D_1plugs_500mM_NH4ACET8_5ug_90min_15cm_01	Vanquish_3R5_TP_2D_1plugs_500mM_NH4ACET8_5ug_90min_15cm_01	rhizosphere metagenome	soil	not applicable	not available	Metaproteomics_reveals_insights_into_microbial_structure_interactions_and_dynamic_regulation_in_defined_communities_as_they_respond_to_environmental_disturbance	rhizosphere soil	rhizosphere soil	not available	not available	not available	not available	rhizosphere microbiome	1	Vanquish_3R5_TP_2D_1plugs_500mM_NH4ACET8_5ug_90min_15cm_01	proteomic profiling by mass spectrometry	NT=Data-dependent acquisition;AC=PRIDE:0000627	NT=label free sample;AC=MS:1002038	NT=instrument model;AC=MS:1000031	not applicable	not available	1	1	Vanquish_3R5_TP_2D_1plugs_500mM_NH4ACET8_5ug_90min_15cm_01.raw	v1.1.0	NT=ms-proteomics;VV=v1.1.0	NT=metaproteomics;VV=v1.0.0	NT=soil;VV=v1.0.0	manual curation	soil
