source name	characteristics[organism]	characteristics[organism part]	characteristics[cell type]	characteristics[disease]	characteristics[biological replicate]	assay name	technology type	comment[proteomics data acquisition method]	comment[label]	comment[instrument]	comment[modification parameters]	comment[modification parameters]	comment[modification parameters]	comment[cleavage agent details]	comment[dissociation method]	comment[precursor mass tolerance]	comment[reduction reagent]	comment[alkylation reagent]	comment[fraction identifier]	comment[technical replicate]	comment[data file]	comment[file uri]	comment[sdrf version]	comment[sdrf template]	comment[sdrf annotation tool]	factor value[organism part]
20230704_29223_Mateus_CTL5_1	homo sapiens	Blood plasma	not applicable	pancreatic adenocarcinoma	1	20230704_29223_Mateus_CTL5_1	proteomic profiling by mass spectrometry	NT=Data-dependent acquisition;AC=PRIDE:0000627	NT=label free sample;AC=MS:1002038	NT=orbitrap fusion lumos;AC=MS:1002732	NT=Carbamidomethyl;AC=UNIMOD:4;TA=C;MT=Fixed	NT=Oxidation;AC=UNIMOD:35;TA=M;MT=Variable	NT=Acetyl;AC=UNIMOD:1;PP=Protein N-term;MT=Variable	NT=Trypsin;AC=MS:1001251	NT=higher energy beam-type collision-induced dissociation;AC=MS:1002481	20 ppm	dithiothreitol (dtt)	iodoacetamide (iaa)	1	1	20230704_29223_Mateus_CTL5_1.raw	ftp://ftp.pride.ebi.ac.uk/pride/data/archive/2025/10/PXD064439/20230704_29223_Mateus_CTL5_1.raw	v1.1.0	NT=ms-proteomics;VV=v1.1.0	manual curation	Blood plasma
20230704_30323_Mateus_CTL16_2	homo sapiens	Blood plasma	not applicable	pancreatic adenocarcinoma	2	20230704_30323_Mateus_CTL16_2	proteomic profiling by mass spectrometry	NT=Data-dependent acquisition;AC=PRIDE:0000627	NT=label free sample;AC=MS:1002038	NT=orbitrap fusion lumos;AC=MS:1002732	NT=Carbamidomethyl;AC=UNIMOD:4;TA=C;MT=Fixed	NT=Oxidation;AC=UNIMOD:35;TA=M;MT=Variable	NT=Acetyl;AC=UNIMOD:1;PP=Protein N-term;MT=Variable	NT=Trypsin;AC=MS:1001251	NT=higher energy beam-type collision-induced dissociation;AC=MS:1002481	20 ppm	dithiothreitol (dtt)	iodoacetamide (iaa)	1	1	20230704_30323_Mateus_CTL16_2.raw	ftp://ftp.pride.ebi.ac.uk/pride/data/archive/2025/10/PXD064439/20230704_30323_Mateus_CTL16_2.raw	v1.1.0	NT=ms-proteomics;VV=v1.1.0	manual curation	Blood plasma
20230704_Mateus_pool_5	homo sapiens	Blood plasma	not applicable	pancreatic adenocarcinoma	5	20230704_Mateus_pool_5	proteomic profiling by mass spectrometry	NT=Data-dependent acquisition;AC=PRIDE:0000627	NT=label free sample;AC=MS:1002038	NT=orbitrap fusion lumos;AC=MS:1002732	NT=Carbamidomethyl;AC=UNIMOD:4;TA=C;MT=Fixed	NT=Oxidation;AC=UNIMOD:35;TA=M;MT=Variable	NT=Acetyl;AC=UNIMOD:1;PP=Protein N-term;MT=Variable	NT=Trypsin;AC=MS:1001251	NT=higher energy beam-type collision-induced dissociation;AC=MS:1002481	20 ppm	dithiothreitol (dtt)	iodoacetamide (iaa)	1	1	20230704_Mateus_pool_5.raw	ftp://ftp.pride.ebi.ac.uk/pride/data/archive/2025/10/PXD064439/20230704_Mateus_pool_5.raw	v1.1.0	NT=ms-proteomics;VV=v1.1.0	manual curation	Blood plasma
20230704_28823_Mateus_CTL1_1	homo sapiens	Blood plasma	not applicable	pancreatic adenocarcinoma	1	20230704_28823_Mateus_CTL1_1	proteomic profiling by mass spectrometry	NT=Data-dependent acquisition;AC=PRIDE:0000627	NT=label free sample;AC=MS:1002038	NT=orbitrap fusion lumos;AC=MS:1002732	NT=Carbamidomethyl;AC=UNIMOD:4;TA=C;MT=Fixed	NT=Oxidation;AC=UNIMOD:35;TA=M;MT=Variable	NT=Acetyl;AC=UNIMOD:1;PP=Protein N-term;MT=Variable	NT=Trypsin;AC=MS:1001251	NT=higher energy beam-type collision-induced dissociation;AC=MS:1002481	20 ppm	dithiothreitol (dtt)	iodoacetamide (iaa)	1	1	20230704_28823_Mateus_CTL1_1.raw	ftp://ftp.pride.ebi.ac.uk/pride/data/archive/2025/10/PXD064439/20230704_28823_Mateus_CTL1_1.raw	v1.1.0	NT=ms-proteomics;VV=v1.1.0	manual curation	Blood plasma
20230704_33823_Mateus_4583_1	homo sapiens	Blood plasma	not applicable	pancreatic adenocarcinoma	1	20230704_33823_Mateus_4583_1	proteomic profiling by mass spectrometry	NT=Data-dependent acquisition;AC=PRIDE:0000627	NT=label free sample;AC=MS:1002038	NT=orbitrap fusion lumos;AC=MS:1002732	NT=Carbamidomethyl;AC=UNIMOD:4;TA=C;MT=Fixed	NT=Oxidation;AC=UNIMOD:35;TA=M;MT=Variable	NT=Acetyl;AC=UNIMOD:1;PP=Protein N-term;MT=Variable	NT=Trypsin;AC=MS:1001251	NT=higher energy beam-type collision-induced dissociation;AC=MS:1002481	20 ppm	dithiothreitol (dtt)	iodoacetamide (iaa)	1	1	20230704_33823_Mateus_4583_1.raw	ftp://ftp.pride.ebi.ac.uk/pride/data/archive/2025/10/PXD064439/20230704_33823_Mateus_4583_1.raw	v1.1.0	NT=ms-proteomics;VV=v1.1.0	manual curation	Blood plasma
20230704_32023_Mateus_4056_1	homo sapiens	Blood plasma	not applicable	pancreatic adenocarcinoma	1	20230704_32023_Mateus_4056_1	proteomic profiling by mass spectrometry	NT=Data-dependent acquisition;AC=PRIDE:0000627	NT=label free sample;AC=MS:1002038	NT=orbitrap fusion lumos;AC=MS:1002732	NT=Carbamidomethyl;AC=UNIMOD:4;TA=C;MT=Fixed	NT=Oxidation;AC=UNIMOD:35;TA=M;MT=Variable	NT=Acetyl;AC=UNIMOD:1;PP=Protein N-term;MT=Variable	NT=Trypsin;AC=MS:1001251	NT=higher energy beam-type collision-induced dissociation;AC=MS:1002481	20 ppm	dithiothreitol (dtt)	iodoacetamide (iaa)	1	1	20230704_32023_Mateus_4056_1.raw	ftp://ftp.pride.ebi.ac.uk/pride/data/archive/2025/10/PXD064439/20230704_32023_Mateus_4056_1.raw	v1.1.0	NT=ms-proteomics;VV=v1.1.0	manual curation	Blood plasma
20230704_33123_Mateus_4525_2	homo sapiens	Blood plasma	not applicable	pancreatic adenocarcinoma	2	20230704_33123_Mateus_4525_2	proteomic profiling by mass spectrometry	NT=Data-dependent acquisition;AC=PRIDE:0000627	NT=label free sample;AC=MS:1002038	NT=orbitrap fusion lumos;AC=MS:1002732	NT=Carbamidomethyl;AC=UNIMOD:4;TA=C;MT=Fixed	NT=Oxidation;AC=UNIMOD:35;TA=M;MT=Variable	NT=Acetyl;AC=UNIMOD:1;PP=Protein N-term;MT=Variable	NT=Trypsin;AC=MS:1001251	NT=higher energy beam-type collision-induced dissociation;AC=MS:1002481	20 ppm	dithiothreitol (dtt)	iodoacetamide (iaa)	1	1	20230704_33123_Mateus_4525_2.raw	ftp://ftp.pride.ebi.ac.uk/pride/data/archive/2025/10/PXD064439/20230704_33123_Mateus_4525_2.raw	v1.1.0	NT=ms-proteomics;VV=v1.1.0	manual curation	Blood plasma
20230704_29123_Mateus_CTL4_1	homo sapiens	Blood plasma	not applicable	pancreatic adenocarcinoma	1	20230704_29123_Mateus_CTL4_1	proteomic profiling by mass spectrometry	NT=Data-dependent acquisition;AC=PRIDE:0000627	NT=label free sample;AC=MS:1002038	NT=orbitrap fusion lumos;AC=MS:1002732	NT=Carbamidomethyl;AC=UNIMOD:4;TA=C;MT=Fixed	NT=Oxidation;AC=UNIMOD:35;TA=M;MT=Variable	NT=Acetyl;AC=UNIMOD:1;PP=Protein N-term;MT=Variable	NT=Trypsin;AC=MS:1001251	NT=higher energy beam-type collision-induced dissociation;AC=MS:1002481	20 ppm	dithiothreitol (dtt)	iodoacetamide (iaa)	1	1	20230704_29123_Mateus_CTL4_1.raw	ftp://ftp.pride.ebi.ac.uk/pride/data/archive/2025/10/PXD064439/20230704_29123_Mateus_CTL4_1.raw	v1.1.0	NT=ms-proteomics;VV=v1.1.0	manual curation	Blood plasma
20230704_31523_Mateus_7358_2	homo sapiens	Blood plasma	not applicable	pancreatic adenocarcinoma	2	20230704_31523_Mateus_7358_2	proteomic profiling by mass spectrometry	NT=Data-dependent acquisition;AC=PRIDE:0000627	NT=label free sample;AC=MS:1002038	NT=orbitrap fusion lumos;AC=MS:1002732	NT=Carbamidomethyl;AC=UNIMOD:4;TA=C;MT=Fixed	NT=Oxidation;AC=UNIMOD:35;TA=M;MT=Variable	NT=Acetyl;AC=UNIMOD:1;PP=Protein N-term;MT=Variable	NT=Trypsin;AC=MS:1001251	NT=higher energy beam-type collision-induced dissociation;AC=MS:1002481	20 ppm	dithiothreitol (dtt)	iodoacetamide (iaa)	1	1	20230704_31523_Mateus_7358_2.raw	ftp://ftp.pride.ebi.ac.uk/pride/data/archive/2025/10/PXD064439/20230704_31523_Mateus_7358_2.raw	v1.1.0	NT=ms-proteomics;VV=v1.1.0	manual curation	Blood plasma
20230704_128823_Mateus_PLASMAPOOL2_2	homo sapiens	Blood plasma	not applicable	pancreatic adenocarcinoma	2	20230704_128823_Mateus_PLASMAPOOL2_2	proteomic profiling by mass spectrometry	NT=Data-dependent acquisition;AC=PRIDE:0000627	NT=label free sample;AC=MS:1002038	NT=orbitrap fusion lumos;AC=MS:1002732	NT=Carbamidomethyl;AC=UNIMOD:4;TA=C;MT=Fixed	NT=Oxidation;AC=UNIMOD:35;TA=M;MT=Variable	NT=Acetyl;AC=UNIMOD:1;PP=Protein N-term;MT=Variable	NT=Trypsin;AC=MS:1001251	NT=higher energy beam-type collision-induced dissociation;AC=MS:1002481	20 ppm	dithiothreitol (dtt)	iodoacetamide (iaa)	1	1	20230704_128823_Mateus_PLASMAPOOL2_2.raw	ftp://ftp.pride.ebi.ac.uk/pride/data/archive/2025/10/PXD064439/20230704_128823_Mateus_PLASMAPOOL2_2.raw	v1.1.0	NT=ms-proteomics;VV=v1.1.0	manual curation	Blood plasma
20230704_Mateus_pool_4	homo sapiens	Blood plasma	not applicable	pancreatic adenocarcinoma	4	20230704_Mateus_pool_4	proteomic profiling by mass spectrometry	NT=Data-dependent acquisition;AC=PRIDE:0000627	NT=label free sample;AC=MS:1002038	NT=orbitrap fusion lumos;AC=MS:1002732	NT=Carbamidomethyl;AC=UNIMOD:4;TA=C;MT=Fixed	NT=Oxidation;AC=UNIMOD:35;TA=M;MT=Variable	NT=Acetyl;AC=UNIMOD:1;PP=Protein N-term;MT=Variable	NT=Trypsin;AC=MS:1001251	NT=higher energy beam-type collision-induced dissociation;AC=MS:1002481	20 ppm	dithiothreitol (dtt)	iodoacetamide (iaa)	1	1	20230704_Mateus_pool_4.raw	ftp://ftp.pride.ebi.ac.uk/pride/data/archive/2025/10/PXD064439/20230704_Mateus_pool_4.raw	v1.1.0	NT=ms-proteomics;VV=v1.1.0	manual curation	Blood plasma
20230704_30623_Mateus_CTL23_2	homo sapiens	Blood plasma	not applicable	pancreatic adenocarcinoma	2	20230704_30623_Mateus_CTL23_2	proteomic profiling by mass spectrometry	NT=Data-dependent acquisition;AC=PRIDE:0000627	NT=label free sample;AC=MS:1002038	NT=orbitrap fusion lumos;AC=MS:1002732	NT=Carbamidomethyl;AC=UNIMOD:4;TA=C;MT=Fixed	NT=Oxidation;AC=UNIMOD:35;TA=M;MT=Variable	NT=Acetyl;AC=UNIMOD:1;PP=Protein N-term;MT=Variable	NT=Trypsin;AC=MS:1001251	NT=higher energy beam-type collision-induced dissociation;AC=MS:1002481	20 ppm	dithiothreitol (dtt)	iodoacetamide (iaa)	1	1	20230704_30623_Mateus_CTL23_2.raw	ftp://ftp.pride.ebi.ac.uk/pride/data/archive/2025/10/PXD064439/20230704_30623_Mateus_CTL23_2.raw	v1.1.0	NT=ms-proteomics;VV=v1.1.0	manual curation	Blood plasma
20230704_33323_Mateus_4564_2	homo sapiens	Blood plasma	not applicable	pancreatic adenocarcinoma	2	20230704_33323_Mateus_4564_2	proteomic profiling by mass spectrometry	NT=Data-dependent acquisition;AC=PRIDE:0000627	NT=label free sample;AC=MS:1002038	NT=orbitrap fusion lumos;AC=MS:1002732	NT=Carbamidomethyl;AC=UNIMOD:4;TA=C;MT=Fixed	NT=Oxidation;AC=UNIMOD:35;TA=M;MT=Variable	NT=Acetyl;AC=UNIMOD:1;PP=Protein N-term;MT=Variable	NT=Trypsin;AC=MS:1001251	NT=higher energy beam-type collision-induced dissociation;AC=MS:1002481	20 ppm	dithiothreitol (dtt)	iodoacetamide (iaa)	1	1	20230704_33323_Mateus_4564_2.raw	ftp://ftp.pride.ebi.ac.uk/pride/data/archive/2025/10/PXD064439/20230704_33323_Mateus_4564_2.raw	v1.1.0	NT=ms-proteomics;VV=v1.1.0	manual curation	Blood plasma
20230704_30823_Mateus_CTL27_1	homo sapiens	Blood plasma	not applicable	pancreatic adenocarcinoma	1	20230704_30823_Mateus_CTL27_1	proteomic profiling by mass spectrometry	NT=Data-dependent acquisition;AC=PRIDE:0000627	NT=label free sample;AC=MS:1002038	NT=orbitrap fusion lumos;AC=MS:1002732	NT=Carbamidomethyl;AC=UNIMOD:4;TA=C;MT=Fixed	NT=Oxidation;AC=UNIMOD:35;TA=M;MT=Variable	NT=Acetyl;AC=UNIMOD:1;PP=Protein N-term;MT=Variable	NT=Trypsin;AC=MS:1001251	NT=higher energy beam-type collision-induced dissociation;AC=MS:1002481	20 ppm	dithiothreitol (dtt)	iodoacetamide (iaa)	1	1	20230704_30823_Mateus_CTL27_1.raw	ftp://ftp.pride.ebi.ac.uk/pride/data/archive/2025/10/PXD064439/20230704_30823_Mateus_CTL27_1.raw	v1.1.0	NT=ms-proteomics;VV=v1.1.0	manual curation	Blood plasma
20230704_33023_Mateus_4508_1	homo sapiens	Blood plasma	not applicable	pancreatic adenocarcinoma	1	20230704_33023_Mateus_4508_1	proteomic profiling by mass spectrometry	NT=Data-dependent acquisition;AC=PRIDE:0000627	NT=label free sample;AC=MS:1002038	NT=orbitrap fusion lumos;AC=MS:1002732	NT=Carbamidomethyl;AC=UNIMOD:4;TA=C;MT=Fixed	NT=Oxidation;AC=UNIMOD:35;TA=M;MT=Variable	NT=Acetyl;AC=UNIMOD:1;PP=Protein N-term;MT=Variable	NT=Trypsin;AC=MS:1001251	NT=higher energy beam-type collision-induced dissociation;AC=MS:1002481	20 ppm	dithiothreitol (dtt)	iodoacetamide (iaa)	1	1	20230704_33023_Mateus_4508_1.raw	ftp://ftp.pride.ebi.ac.uk/pride/data/archive/2025/10/PXD064439/20230704_33023_Mateus_4508_1.raw	v1.1.0	NT=ms-proteomics;VV=v1.1.0	manual curation	Blood plasma
20230704_34123_Mateus_CT49_2	homo sapiens	Blood plasma	not applicable	pancreatic adenocarcinoma	2	20230704_34123_Mateus_CT49_2	proteomic profiling by mass spectrometry	NT=Data-dependent acquisition;AC=PRIDE:0000627	NT=label free sample;AC=MS:1002038	NT=orbitrap fusion lumos;AC=MS:1002732	NT=Carbamidomethyl;AC=UNIMOD:4;TA=C;MT=Fixed	NT=Oxidation;AC=UNIMOD:35;TA=M;MT=Variable	NT=Acetyl;AC=UNIMOD:1;PP=Protein N-term;MT=Variable	NT=Trypsin;AC=MS:1001251	NT=higher energy beam-type collision-induced dissociation;AC=MS:1002481	20 ppm	dithiothreitol (dtt)	iodoacetamide (iaa)	1	1	20230704_34123_Mateus_CT49_2.raw	ftp://ftp.pride.ebi.ac.uk/pride/data/archive/2025/10/PXD064439/20230704_34123_Mateus_CT49_2.raw	v1.1.0	NT=ms-proteomics;VV=v1.1.0	manual curation	Blood plasma
20230704_29423_Mateus_CTL7_2	homo sapiens	Blood plasma	not applicable	pancreatic adenocarcinoma	2	20230704_29423_Mateus_CTL7_2	proteomic profiling by mass spectrometry	NT=Data-dependent acquisition;AC=PRIDE:0000627	NT=label free sample;AC=MS:1002038	NT=orbitrap fusion lumos;AC=MS:1002732	NT=Carbamidomethyl;AC=UNIMOD:4;TA=C;MT=Fixed	NT=Oxidation;AC=UNIMOD:35;TA=M;MT=Variable	NT=Acetyl;AC=UNIMOD:1;PP=Protein N-term;MT=Variable	NT=Trypsin;AC=MS:1001251	NT=higher energy beam-type collision-induced dissociation;AC=MS:1002481	20 ppm	dithiothreitol (dtt)	iodoacetamide (iaa)	1	1	20230704_29423_Mateus_CTL7_2.raw	ftp://ftp.pride.ebi.ac.uk/pride/data/archive/2025/10/PXD064439/20230704_29423_Mateus_CTL7_2.raw	v1.1.0	NT=ms-proteomics;VV=v1.1.0	manual curation	Blood plasma
20230704_32123_Mateus_4581_1	homo sapiens	Blood plasma	not applicable	pancreatic adenocarcinoma	1	20230704_32123_Mateus_4581_1	proteomic profiling by mass spectrometry	NT=Data-dependent acquisition;AC=PRIDE:0000627	NT=label free sample;AC=MS:1002038	NT=orbitrap fusion lumos;AC=MS:1002732	NT=Carbamidomethyl;AC=UNIMOD:4;TA=C;MT=Fixed	NT=Oxidation;AC=UNIMOD:35;TA=M;MT=Variable	NT=Acetyl;AC=UNIMOD:1;PP=Protein N-term;MT=Variable	NT=Trypsin;AC=MS:1001251	NT=higher energy beam-type collision-induced dissociation;AC=MS:1002481	20 ppm	dithiothreitol (dtt)	iodoacetamide (iaa)	1	1	20230704_32123_Mateus_4581_1.raw	ftp://ftp.pride.ebi.ac.uk/pride/data/archive/2025/10/PXD064439/20230704_32123_Mateus_4581_1.raw	v1.1.0	NT=ms-proteomics;VV=v1.1.0	manual curation	Blood plasma
20230704_32723_Mateus_4551_3	homo sapiens	Blood plasma	not applicable	pancreatic adenocarcinoma	3	20230704_32723_Mateus_4551_3	proteomic profiling by mass spectrometry	NT=Data-dependent acquisition;AC=PRIDE:0000627	NT=label free sample;AC=MS:1002038	NT=orbitrap fusion lumos;AC=MS:1002732	NT=Carbamidomethyl;AC=UNIMOD:4;TA=C;MT=Fixed	NT=Oxidation;AC=UNIMOD:35;TA=M;MT=Variable	NT=Acetyl;AC=UNIMOD:1;PP=Protein N-term;MT=Variable	NT=Trypsin;AC=MS:1001251	NT=higher energy beam-type collision-induced dissociation;AC=MS:1002481	20 ppm	dithiothreitol (dtt)	iodoacetamide (iaa)	1	1	20230704_32723_Mateus_4551_3.raw	ftp://ftp.pride.ebi.ac.uk/pride/data/archive/2025/10/PXD064439/20230704_32723_Mateus_4551_3.raw	v1.1.0	NT=ms-proteomics;VV=v1.1.0	manual curation	Blood plasma
20230704_34523_Mateus_CT60_2	homo sapiens	Blood plasma	not applicable	pancreatic adenocarcinoma	2	20230704_34523_Mateus_CT60_2	proteomic profiling by mass spectrometry	NT=Data-dependent acquisition;AC=PRIDE:0000627	NT=label free sample;AC=MS:1002038	NT=orbitrap fusion lumos;AC=MS:1002732	NT=Carbamidomethyl;AC=UNIMOD:4;TA=C;MT=Fixed	NT=Oxidation;AC=UNIMOD:35;TA=M;MT=Variable	NT=Acetyl;AC=UNIMOD:1;PP=Protein N-term;MT=Variable	NT=Trypsin;AC=MS:1001251	NT=higher energy beam-type collision-induced dissociation;AC=MS:1002481	20 ppm	dithiothreitol (dtt)	iodoacetamide (iaa)	1	1	20230704_34523_Mateus_CT60_2.raw	ftp://ftp.pride.ebi.ac.uk/pride/data/archive/2025/10/PXD064439/20230704_34523_Mateus_CT60_2.raw	v1.1.0	NT=ms-proteomics;VV=v1.1.0	manual curation	Blood plasma
20230704_34223_Mateus_CT54_1	homo sapiens	Blood plasma	not applicable	pancreatic adenocarcinoma	1	20230704_34223_Mateus_CT54_1	proteomic profiling by mass spectrometry	NT=Data-dependent acquisition;AC=PRIDE:0000627	NT=label free sample;AC=MS:1002038	NT=orbitrap fusion lumos;AC=MS:1002732	NT=Carbamidomethyl;AC=UNIMOD:4;TA=C;MT=Fixed	NT=Oxidation;AC=UNIMOD:35;TA=M;MT=Variable	NT=Acetyl;AC=UNIMOD:1;PP=Protein N-term;MT=Variable	NT=Trypsin;AC=MS:1001251	NT=higher energy beam-type collision-induced dissociation;AC=MS:1002481	20 ppm	dithiothreitol (dtt)	iodoacetamide (iaa)	1	1	20230704_34223_Mateus_CT54_1.raw	ftp://ftp.pride.ebi.ac.uk/pride/data/archive/2025/10/PXD064439/20230704_34223_Mateus_CT54_1.raw	v1.1.0	NT=ms-proteomics;VV=v1.1.0	manual curation	Blood plasma
20230704_129023_Mateus_4517_2	homo sapiens	Blood plasma	not applicable	pancreatic adenocarcinoma	2	20230704_129023_Mateus_4517_2	proteomic profiling by mass spectrometry	NT=Data-dependent acquisition;AC=PRIDE:0000627	NT=label free sample;AC=MS:1002038	NT=orbitrap fusion lumos;AC=MS:1002732	NT=Carbamidomethyl;AC=UNIMOD:4;TA=C;MT=Fixed	NT=Oxidation;AC=UNIMOD:35;TA=M;MT=Variable	NT=Acetyl;AC=UNIMOD:1;PP=Protein N-term;MT=Variable	NT=Trypsin;AC=MS:1001251	NT=higher energy beam-type collision-induced dissociation;AC=MS:1002481	20 ppm	dithiothreitol (dtt)	iodoacetamide (iaa)	1	1	20230704_129023_Mateus_4517_2.raw	ftp://ftp.pride.ebi.ac.uk/pride/data/archive/2025/10/PXD064439/20230704_129023_Mateus_4517_2.raw	v1.1.0	NT=ms-proteomics;VV=v1.1.0	manual curation	Blood plasma
20230704_31423_Mateus_4567_1	homo sapiens	Blood plasma	not applicable	pancreatic adenocarcinoma	1	20230704_31423_Mateus_4567_1	proteomic profiling by mass spectrometry	NT=Data-dependent acquisition;AC=PRIDE:0000627	NT=label free sample;AC=MS:1002038	NT=orbitrap fusion lumos;AC=MS:1002732	NT=Carbamidomethyl;AC=UNIMOD:4;TA=C;MT=Fixed	NT=Oxidation;AC=UNIMOD:35;TA=M;MT=Variable	NT=Acetyl;AC=UNIMOD:1;PP=Protein N-term;MT=Variable	NT=Trypsin;AC=MS:1001251	NT=higher energy beam-type collision-induced dissociation;AC=MS:1002481	20 ppm	dithiothreitol (dtt)	iodoacetamide (iaa)	1	1	20230704_31423_Mateus_4567_1.raw	ftp://ftp.pride.ebi.ac.uk/pride/data/archive/2025/10/PXD064439/20230704_31423_Mateus_4567_1.raw	v1.1.0	NT=ms-proteomics;VV=v1.1.0	manual curation	Blood plasma
20230704_31923_Mateus_4548_2	homo sapiens	Blood plasma	not applicable	pancreatic adenocarcinoma	2	20230704_31923_Mateus_4548_2	proteomic profiling by mass spectrometry	NT=Data-dependent acquisition;AC=PRIDE:0000627	NT=label free sample;AC=MS:1002038	NT=orbitrap fusion lumos;AC=MS:1002732	NT=Carbamidomethyl;AC=UNIMOD:4;TA=C;MT=Fixed	NT=Oxidation;AC=UNIMOD:35;TA=M;MT=Variable	NT=Acetyl;AC=UNIMOD:1;PP=Protein N-term;MT=Variable	NT=Trypsin;AC=MS:1001251	NT=higher energy beam-type collision-induced dissociation;AC=MS:1002481	20 ppm	dithiothreitol (dtt)	iodoacetamide (iaa)	1	1	20230704_31923_Mateus_4548_2.raw	ftp://ftp.pride.ebi.ac.uk/pride/data/archive/2025/10/PXD064439/20230704_31923_Mateus_4548_2.raw	v1.1.0	NT=ms-proteomics;VV=v1.1.0	manual curation	Blood plasma
20230704_34523_Mateus_CT60_1	homo sapiens	Blood plasma	not applicable	pancreatic adenocarcinoma	1	20230704_34523_Mateus_CT60_1	proteomic profiling by mass spectrometry	NT=Data-dependent acquisition;AC=PRIDE:0000627	NT=label free sample;AC=MS:1002038	NT=orbitrap fusion lumos;AC=MS:1002732	NT=Carbamidomethyl;AC=UNIMOD:4;TA=C;MT=Fixed	NT=Oxidation;AC=UNIMOD:35;TA=M;MT=Variable	NT=Acetyl;AC=UNIMOD:1;PP=Protein N-term;MT=Variable	NT=Trypsin;AC=MS:1001251	NT=higher energy beam-type collision-induced dissociation;AC=MS:1002481	20 ppm	dithiothreitol (dtt)	iodoacetamide (iaa)	1	1	20230704_34523_Mateus_CT60_1.raw	ftp://ftp.pride.ebi.ac.uk/pride/data/archive/2025/10/PXD064439/20230704_34523_Mateus_CT60_1.raw	v1.1.0	NT=ms-proteomics;VV=v1.1.0	manual curation	Blood plasma
20230704_33623_Mateus_4544_2	homo sapiens	Blood plasma	not applicable	pancreatic adenocarcinoma	2	20230704_33623_Mateus_4544_2	proteomic profiling by mass spectrometry	NT=Data-dependent acquisition;AC=PRIDE:0000627	NT=label free sample;AC=MS:1002038	NT=orbitrap fusion lumos;AC=MS:1002732	NT=Carbamidomethyl;AC=UNIMOD:4;TA=C;MT=Fixed	NT=Oxidation;AC=UNIMOD:35;TA=M;MT=Variable	NT=Acetyl;AC=UNIMOD:1;PP=Protein N-term;MT=Variable	NT=Trypsin;AC=MS:1001251	NT=higher energy beam-type collision-induced dissociation;AC=MS:1002481	20 ppm	dithiothreitol (dtt)	iodoacetamide (iaa)	1	1	20230704_33623_Mateus_4544_2.raw	ftp://ftp.pride.ebi.ac.uk/pride/data/archive/2025/10/PXD064439/20230704_33623_Mateus_4544_2.raw	v1.1.0	NT=ms-proteomics;VV=v1.1.0	manual curation	Blood plasma
20230704_33523_Mateus_4588_1	homo sapiens	Blood plasma	not applicable	pancreatic adenocarcinoma	1	20230704_33523_Mateus_4588_1	proteomic profiling by mass spectrometry	NT=Data-dependent acquisition;AC=PRIDE:0000627	NT=label free sample;AC=MS:1002038	NT=orbitrap fusion lumos;AC=MS:1002732	NT=Carbamidomethyl;AC=UNIMOD:4;TA=C;MT=Fixed	NT=Oxidation;AC=UNIMOD:35;TA=M;MT=Variable	NT=Acetyl;AC=UNIMOD:1;PP=Protein N-term;MT=Variable	NT=Trypsin;AC=MS:1001251	NT=higher energy beam-type collision-induced dissociation;AC=MS:1002481	20 ppm	dithiothreitol (dtt)	iodoacetamide (iaa)	1	1	20230704_33523_Mateus_4588_1.raw	ftp://ftp.pride.ebi.ac.uk/pride/data/archive/2025/10/PXD064439/20230704_33523_Mateus_4588_1.raw	v1.1.0	NT=ms-proteomics;VV=v1.1.0	manual curation	Blood plasma
20230704_31423_Mateus_4567_2	homo sapiens	Blood plasma	not applicable	pancreatic adenocarcinoma	2	20230704_31423_Mateus_4567_2	proteomic profiling by mass spectrometry	NT=Data-dependent acquisition;AC=PRIDE:0000627	NT=label free sample;AC=MS:1002038	NT=orbitrap fusion lumos;AC=MS:1002732	NT=Carbamidomethyl;AC=UNIMOD:4;TA=C;MT=Fixed	NT=Oxidation;AC=UNIMOD:35;TA=M;MT=Variable	NT=Acetyl;AC=UNIMOD:1;PP=Protein N-term;MT=Variable	NT=Trypsin;AC=MS:1001251	NT=higher energy beam-type collision-induced dissociation;AC=MS:1002481	20 ppm	dithiothreitol (dtt)	iodoacetamide (iaa)	1	1	20230704_31423_Mateus_4567_2.raw	ftp://ftp.pride.ebi.ac.uk/pride/data/archive/2025/10/PXD064439/20230704_31423_Mateus_4567_2.raw	v1.1.0	NT=ms-proteomics;VV=v1.1.0	manual curation	Blood plasma
20230704_32423_Mateus_4579_2	homo sapiens	Blood plasma	not applicable	pancreatic adenocarcinoma	2	20230704_32423_Mateus_4579_2	proteomic profiling by mass spectrometry	NT=Data-dependent acquisition;AC=PRIDE:0000627	NT=label free sample;AC=MS:1002038	NT=orbitrap fusion lumos;AC=MS:1002732	NT=Carbamidomethyl;AC=UNIMOD:4;TA=C;MT=Fixed	NT=Oxidation;AC=UNIMOD:35;TA=M;MT=Variable	NT=Acetyl;AC=UNIMOD:1;PP=Protein N-term;MT=Variable	NT=Trypsin;AC=MS:1001251	NT=higher energy beam-type collision-induced dissociation;AC=MS:1002481	20 ppm	dithiothreitol (dtt)	iodoacetamide (iaa)	1	1	20230704_32423_Mateus_4579_2.raw	ftp://ftp.pride.ebi.ac.uk/pride/data/archive/2025/10/PXD064439/20230704_32423_Mateus_4579_2.raw	v1.1.0	NT=ms-proteomics;VV=v1.1.0	manual curation	Blood plasma
20230704_29923_Mateus_CTL12_2	homo sapiens	Blood plasma	not applicable	pancreatic adenocarcinoma	2	20230704_29923_Mateus_CTL12_2	proteomic profiling by mass spectrometry	NT=Data-dependent acquisition;AC=PRIDE:0000627	NT=label free sample;AC=MS:1002038	NT=orbitrap fusion lumos;AC=MS:1002732	NT=Carbamidomethyl;AC=UNIMOD:4;TA=C;MT=Fixed	NT=Oxidation;AC=UNIMOD:35;TA=M;MT=Variable	NT=Acetyl;AC=UNIMOD:1;PP=Protein N-term;MT=Variable	NT=Trypsin;AC=MS:1001251	NT=higher energy beam-type collision-induced dissociation;AC=MS:1002481	20 ppm	dithiothreitol (dtt)	iodoacetamide (iaa)	1	1	20230704_29923_Mateus_CTL12_2.raw	ftp://ftp.pride.ebi.ac.uk/pride/data/archive/2025/10/PXD064439/20230704_29923_Mateus_CTL12_2.raw	v1.1.0	NT=ms-proteomics;VV=v1.1.0	manual curation	Blood plasma
20230704_32723_Mateus_4551_1	homo sapiens	Blood plasma	not applicable	pancreatic adenocarcinoma	1	20230704_32723_Mateus_4551_1	proteomic profiling by mass spectrometry	NT=Data-dependent acquisition;AC=PRIDE:0000627	NT=label free sample;AC=MS:1002038	NT=orbitrap fusion lumos;AC=MS:1002732	NT=Carbamidomethyl;AC=UNIMOD:4;TA=C;MT=Fixed	NT=Oxidation;AC=UNIMOD:35;TA=M;MT=Variable	NT=Acetyl;AC=UNIMOD:1;PP=Protein N-term;MT=Variable	NT=Trypsin;AC=MS:1001251	NT=higher energy beam-type collision-induced dissociation;AC=MS:1002481	20 ppm	dithiothreitol (dtt)	iodoacetamide (iaa)	1	1	20230704_32723_Mateus_4551_1.raw	ftp://ftp.pride.ebi.ac.uk/pride/data/archive/2025/10/PXD064439/20230704_32723_Mateus_4551_1.raw	v1.1.0	NT=ms-proteomics;VV=v1.1.0	manual curation	Blood plasma
20230704_34023_Mateus_4052_1	homo sapiens	Blood plasma	not applicable	pancreatic adenocarcinoma	1	20230704_34023_Mateus_4052_1	proteomic profiling by mass spectrometry	NT=Data-dependent acquisition;AC=PRIDE:0000627	NT=label free sample;AC=MS:1002038	NT=orbitrap fusion lumos;AC=MS:1002732	NT=Carbamidomethyl;AC=UNIMOD:4;TA=C;MT=Fixed	NT=Oxidation;AC=UNIMOD:35;TA=M;MT=Variable	NT=Acetyl;AC=UNIMOD:1;PP=Protein N-term;MT=Variable	NT=Trypsin;AC=MS:1001251	NT=higher energy beam-type collision-induced dissociation;AC=MS:1002481	20 ppm	dithiothreitol (dtt)	iodoacetamide (iaa)	1	1	20230704_34023_Mateus_4052_1.raw	ftp://ftp.pride.ebi.ac.uk/pride/data/archive/2025/10/PXD064439/20230704_34023_Mateus_4052_1.raw	v1.1.0	NT=ms-proteomics;VV=v1.1.0	manual curation	Blood plasma
20230704_31623_Mateus_4574_2	homo sapiens	Blood plasma	not applicable	pancreatic adenocarcinoma	2	20230704_31623_Mateus_4574_2	proteomic profiling by mass spectrometry	NT=Data-dependent acquisition;AC=PRIDE:0000627	NT=label free sample;AC=MS:1002038	NT=orbitrap fusion lumos;AC=MS:1002732	NT=Carbamidomethyl;AC=UNIMOD:4;TA=C;MT=Fixed	NT=Oxidation;AC=UNIMOD:35;TA=M;MT=Variable	NT=Acetyl;AC=UNIMOD:1;PP=Protein N-term;MT=Variable	NT=Trypsin;AC=MS:1001251	NT=higher energy beam-type collision-induced dissociation;AC=MS:1002481	20 ppm	dithiothreitol (dtt)	iodoacetamide (iaa)	1	1	20230704_31623_Mateus_4574_2.raw	ftp://ftp.pride.ebi.ac.uk/pride/data/archive/2025/10/PXD064439/20230704_31623_Mateus_4574_2.raw	v1.1.0	NT=ms-proteomics;VV=v1.1.0	manual curation	Blood plasma
20230704_128923_Mateus_PLASMAPOOL3_2	homo sapiens	Blood plasma	not applicable	pancreatic adenocarcinoma	2	20230704_128923_Mateus_PLASMAPOOL3_2	proteomic profiling by mass spectrometry	NT=Data-dependent acquisition;AC=PRIDE:0000627	NT=label free sample;AC=MS:1002038	NT=orbitrap fusion lumos;AC=MS:1002732	NT=Carbamidomethyl;AC=UNIMOD:4;TA=C;MT=Fixed	NT=Oxidation;AC=UNIMOD:35;TA=M;MT=Variable	NT=Acetyl;AC=UNIMOD:1;PP=Protein N-term;MT=Variable	NT=Trypsin;AC=MS:1001251	NT=higher energy beam-type collision-induced dissociation;AC=MS:1002481	20 ppm	dithiothreitol (dtt)	iodoacetamide (iaa)	1	1	20230704_128923_Mateus_PLASMAPOOL3_2.raw	ftp://ftp.pride.ebi.ac.uk/pride/data/archive/2025/10/PXD064439/20230704_128923_Mateus_PLASMAPOOL3_2.raw	v1.1.0	NT=ms-proteomics;VV=v1.1.0	manual curation	Blood plasma
20230704_32323_Mateus_4600_1	homo sapiens	Blood plasma	not applicable	pancreatic adenocarcinoma	1	20230704_32323_Mateus_4600_1	proteomic profiling by mass spectrometry	NT=Data-dependent acquisition;AC=PRIDE:0000627	NT=label free sample;AC=MS:1002038	NT=orbitrap fusion lumos;AC=MS:1002732	NT=Carbamidomethyl;AC=UNIMOD:4;TA=C;MT=Fixed	NT=Oxidation;AC=UNIMOD:35;TA=M;MT=Variable	NT=Acetyl;AC=UNIMOD:1;PP=Protein N-term;MT=Variable	NT=Trypsin;AC=MS:1001251	NT=higher energy beam-type collision-induced dissociation;AC=MS:1002481	20 ppm	dithiothreitol (dtt)	iodoacetamide (iaa)	1	1	20230704_32323_Mateus_4600_1.raw	ftp://ftp.pride.ebi.ac.uk/pride/data/archive/2025/10/PXD064439/20230704_32323_Mateus_4600_1.raw	v1.1.0	NT=ms-proteomics;VV=v1.1.0	manual curation	Blood plasma
20230704_33323_Mateus_4564_1	homo sapiens	Blood plasma	not applicable	pancreatic adenocarcinoma	1	20230704_33323_Mateus_4564_1	proteomic profiling by mass spectrometry	NT=Data-dependent acquisition;AC=PRIDE:0000627	NT=label free sample;AC=MS:1002038	NT=orbitrap fusion lumos;AC=MS:1002732	NT=Carbamidomethyl;AC=UNIMOD:4;TA=C;MT=Fixed	NT=Oxidation;AC=UNIMOD:35;TA=M;MT=Variable	NT=Acetyl;AC=UNIMOD:1;PP=Protein N-term;MT=Variable	NT=Trypsin;AC=MS:1001251	NT=higher energy beam-type collision-induced dissociation;AC=MS:1002481	20 ppm	dithiothreitol (dtt)	iodoacetamide (iaa)	1	1	20230704_33323_Mateus_4564_1.raw	ftp://ftp.pride.ebi.ac.uk/pride/data/archive/2025/10/PXD064439/20230704_33323_Mateus_4564_1.raw	v1.1.0	NT=ms-proteomics;VV=v1.1.0	manual curation	Blood plasma
20230704_29623_Mateus_CTL9_1	homo sapiens	Blood plasma	not applicable	pancreatic adenocarcinoma	1	20230704_29623_Mateus_CTL9_1	proteomic profiling by mass spectrometry	NT=Data-dependent acquisition;AC=PRIDE:0000627	NT=label free sample;AC=MS:1002038	NT=orbitrap fusion lumos;AC=MS:1002732	NT=Carbamidomethyl;AC=UNIMOD:4;TA=C;MT=Fixed	NT=Oxidation;AC=UNIMOD:35;TA=M;MT=Variable	NT=Acetyl;AC=UNIMOD:1;PP=Protein N-term;MT=Variable	NT=Trypsin;AC=MS:1001251	NT=higher energy beam-type collision-induced dissociation;AC=MS:1002481	20 ppm	dithiothreitol (dtt)	iodoacetamide (iaa)	1	1	20230704_29623_Mateus_CTL9_1.raw	ftp://ftp.pride.ebi.ac.uk/pride/data/archive/2025/10/PXD064439/20230704_29623_Mateus_CTL9_1.raw	v1.1.0	NT=ms-proteomics;VV=v1.1.0	manual curation	Blood plasma
20230704_Mateus_pool_2	homo sapiens	Blood plasma	not applicable	pancreatic adenocarcinoma	2	20230704_Mateus_pool_2	proteomic profiling by mass spectrometry	NT=Data-dependent acquisition;AC=PRIDE:0000627	NT=label free sample;AC=MS:1002038	NT=orbitrap fusion lumos;AC=MS:1002732	NT=Carbamidomethyl;AC=UNIMOD:4;TA=C;MT=Fixed	NT=Oxidation;AC=UNIMOD:35;TA=M;MT=Variable	NT=Acetyl;AC=UNIMOD:1;PP=Protein N-term;MT=Variable	NT=Trypsin;AC=MS:1001251	NT=higher energy beam-type collision-induced dissociation;AC=MS:1002481	20 ppm	dithiothreitol (dtt)	iodoacetamide (iaa)	1	1	20230704_Mateus_pool_2.raw	ftp://ftp.pride.ebi.ac.uk/pride/data/archive/2025/10/PXD064439/20230704_Mateus_pool_2.raw	v1.1.0	NT=ms-proteomics;VV=v1.1.0	manual curation	Blood plasma
20230704_29823_Mateus_CTL11_1	homo sapiens	Blood plasma	not applicable	pancreatic adenocarcinoma	1	20230704_29823_Mateus_CTL11_1	proteomic profiling by mass spectrometry	NT=Data-dependent acquisition;AC=PRIDE:0000627	NT=label free sample;AC=MS:1002038	NT=orbitrap fusion lumos;AC=MS:1002732	NT=Carbamidomethyl;AC=UNIMOD:4;TA=C;MT=Fixed	NT=Oxidation;AC=UNIMOD:35;TA=M;MT=Variable	NT=Acetyl;AC=UNIMOD:1;PP=Protein N-term;MT=Variable	NT=Trypsin;AC=MS:1001251	NT=higher energy beam-type collision-induced dissociation;AC=MS:1002481	20 ppm	dithiothreitol (dtt)	iodoacetamide (iaa)	1	1	20230704_29823_Mateus_CTL11_1.raw	ftp://ftp.pride.ebi.ac.uk/pride/data/archive/2025/10/PXD064439/20230704_29823_Mateus_CTL11_1.raw	v1.1.0	NT=ms-proteomics;VV=v1.1.0	manual curation	Blood plasma
20230704_Mateus_pool_3	homo sapiens	Blood plasma	not applicable	pancreatic adenocarcinoma	3	20230704_Mateus_pool_3	proteomic profiling by mass spectrometry	NT=Data-dependent acquisition;AC=PRIDE:0000627	NT=label free sample;AC=MS:1002038	NT=orbitrap fusion lumos;AC=MS:1002732	NT=Carbamidomethyl;AC=UNIMOD:4;TA=C;MT=Fixed	NT=Oxidation;AC=UNIMOD:35;TA=M;MT=Variable	NT=Acetyl;AC=UNIMOD:1;PP=Protein N-term;MT=Variable	NT=Trypsin;AC=MS:1001251	NT=higher energy beam-type collision-induced dissociation;AC=MS:1002481	20 ppm	dithiothreitol (dtt)	iodoacetamide (iaa)	1	1	20230704_Mateus_pool_3.raw	ftp://ftp.pride.ebi.ac.uk/pride/data/archive/2025/10/PXD064439/20230704_Mateus_pool_3.raw	v1.1.0	NT=ms-proteomics;VV=v1.1.0	manual curation	Blood plasma
20230704_34323_Mateus_CT56_2	homo sapiens	Blood plasma	not applicable	pancreatic adenocarcinoma	2	20230704_34323_Mateus_CT56_2	proteomic profiling by mass spectrometry	NT=Data-dependent acquisition;AC=PRIDE:0000627	NT=label free sample;AC=MS:1002038	NT=orbitrap fusion lumos;AC=MS:1002732	NT=Carbamidomethyl;AC=UNIMOD:4;TA=C;MT=Fixed	NT=Oxidation;AC=UNIMOD:35;TA=M;MT=Variable	NT=Acetyl;AC=UNIMOD:1;PP=Protein N-term;MT=Variable	NT=Trypsin;AC=MS:1001251	NT=higher energy beam-type collision-induced dissociation;AC=MS:1002481	20 ppm	dithiothreitol (dtt)	iodoacetamide (iaa)	1	1	20230704_34323_Mateus_CT56_2.raw	ftp://ftp.pride.ebi.ac.uk/pride/data/archive/2025/10/PXD064439/20230704_34323_Mateus_CT56_2.raw	v1.1.0	NT=ms-proteomics;VV=v1.1.0	manual curation	Blood plasma
20230704_128823_Mateus_PLASMAPOOL2_1	homo sapiens	Blood plasma	not applicable	pancreatic adenocarcinoma	1	20230704_128823_Mateus_PLASMAPOOL2_1	proteomic profiling by mass spectrometry	NT=Data-dependent acquisition;AC=PRIDE:0000627	NT=label free sample;AC=MS:1002038	NT=orbitrap fusion lumos;AC=MS:1002732	NT=Carbamidomethyl;AC=UNIMOD:4;TA=C;MT=Fixed	NT=Oxidation;AC=UNIMOD:35;TA=M;MT=Variable	NT=Acetyl;AC=UNIMOD:1;PP=Protein N-term;MT=Variable	NT=Trypsin;AC=MS:1001251	NT=higher energy beam-type collision-induced dissociation;AC=MS:1002481	20 ppm	dithiothreitol (dtt)	iodoacetamide (iaa)	1	1	20230704_128823_Mateus_PLASMAPOOL2_1.raw	ftp://ftp.pride.ebi.ac.uk/pride/data/archive/2025/10/PXD064439/20230704_128823_Mateus_PLASMAPOOL2_1.raw	v1.1.0	NT=ms-proteomics;VV=v1.1.0	manual curation	Blood plasma
20230704_31023_Mateus_CTL32_1	homo sapiens	Blood plasma	not applicable	pancreatic adenocarcinoma	1	20230704_31023_Mateus_CTL32_1	proteomic profiling by mass spectrometry	NT=Data-dependent acquisition;AC=PRIDE:0000627	NT=label free sample;AC=MS:1002038	NT=orbitrap fusion lumos;AC=MS:1002732	NT=Carbamidomethyl;AC=UNIMOD:4;TA=C;MT=Fixed	NT=Oxidation;AC=UNIMOD:35;TA=M;MT=Variable	NT=Acetyl;AC=UNIMOD:1;PP=Protein N-term;MT=Variable	NT=Trypsin;AC=MS:1001251	NT=higher energy beam-type collision-induced dissociation;AC=MS:1002481	20 ppm	dithiothreitol (dtt)	iodoacetamide (iaa)	1	1	20230704_31023_Mateus_CTL32_1.raw	ftp://ftp.pride.ebi.ac.uk/pride/data/archive/2025/10/PXD064439/20230704_31023_Mateus_CTL32_1.raw	v1.1.0	NT=ms-proteomics;VV=v1.1.0	manual curation	Blood plasma
20230704_33223_Mateus_4538_1	homo sapiens	Blood plasma	not applicable	pancreatic adenocarcinoma	1	20230704_33223_Mateus_4538_1	proteomic profiling by mass spectrometry	NT=Data-dependent acquisition;AC=PRIDE:0000627	NT=label free sample;AC=MS:1002038	NT=orbitrap fusion lumos;AC=MS:1002732	NT=Carbamidomethyl;AC=UNIMOD:4;TA=C;MT=Fixed	NT=Oxidation;AC=UNIMOD:35;TA=M;MT=Variable	NT=Acetyl;AC=UNIMOD:1;PP=Protein N-term;MT=Variable	NT=Trypsin;AC=MS:1001251	NT=higher energy beam-type collision-induced dissociation;AC=MS:1002481	20 ppm	dithiothreitol (dtt)	iodoacetamide (iaa)	1	1	20230704_33223_Mateus_4538_1.raw	ftp://ftp.pride.ebi.ac.uk/pride/data/archive/2025/10/PXD064439/20230704_33223_Mateus_4538_1.raw	v1.1.0	NT=ms-proteomics;VV=v1.1.0	manual curation	Blood plasma
20230704_31823_Mateus_7367_3	homo sapiens	Blood plasma	not applicable	pancreatic adenocarcinoma	3	20230704_31823_Mateus_7367_3	proteomic profiling by mass spectrometry	NT=Data-dependent acquisition;AC=PRIDE:0000627	NT=label free sample;AC=MS:1002038	NT=orbitrap fusion lumos;AC=MS:1002732	NT=Carbamidomethyl;AC=UNIMOD:4;TA=C;MT=Fixed	NT=Oxidation;AC=UNIMOD:35;TA=M;MT=Variable	NT=Acetyl;AC=UNIMOD:1;PP=Protein N-term;MT=Variable	NT=Trypsin;AC=MS:1001251	NT=higher energy beam-type collision-induced dissociation;AC=MS:1002481	20 ppm	dithiothreitol (dtt)	iodoacetamide (iaa)	1	1	20230704_31823_Mateus_7367_3.raw	ftp://ftp.pride.ebi.ac.uk/pride/data/archive/2025/10/PXD064439/20230704_31823_Mateus_7367_3.raw	v1.1.0	NT=ms-proteomics;VV=v1.1.0	manual curation	Blood plasma
20230704_28823_Mateus_CTL1_2	homo sapiens	Blood plasma	not applicable	pancreatic adenocarcinoma	2	20230704_28823_Mateus_CTL1_2	proteomic profiling by mass spectrometry	NT=Data-dependent acquisition;AC=PRIDE:0000627	NT=label free sample;AC=MS:1002038	NT=orbitrap fusion lumos;AC=MS:1002732	NT=Carbamidomethyl;AC=UNIMOD:4;TA=C;MT=Fixed	NT=Oxidation;AC=UNIMOD:35;TA=M;MT=Variable	NT=Acetyl;AC=UNIMOD:1;PP=Protein N-term;MT=Variable	NT=Trypsin;AC=MS:1001251	NT=higher energy beam-type collision-induced dissociation;AC=MS:1002481	20 ppm	dithiothreitol (dtt)	iodoacetamide (iaa)	1	1	20230704_28823_Mateus_CTL1_2.raw	ftp://ftp.pride.ebi.ac.uk/pride/data/archive/2025/10/PXD064439/20230704_28823_Mateus_CTL1_2.raw	v1.1.0	NT=ms-proteomics;VV=v1.1.0	manual curation	Blood plasma
20230704_33823_Mateus_4583_2	homo sapiens	Blood plasma	not applicable	pancreatic adenocarcinoma	2	20230704_33823_Mateus_4583_2	proteomic profiling by mass spectrometry	NT=Data-dependent acquisition;AC=PRIDE:0000627	NT=label free sample;AC=MS:1002038	NT=orbitrap fusion lumos;AC=MS:1002732	NT=Carbamidomethyl;AC=UNIMOD:4;TA=C;MT=Fixed	NT=Oxidation;AC=UNIMOD:35;TA=M;MT=Variable	NT=Acetyl;AC=UNIMOD:1;PP=Protein N-term;MT=Variable	NT=Trypsin;AC=MS:1001251	NT=higher energy beam-type collision-induced dissociation;AC=MS:1002481	20 ppm	dithiothreitol (dtt)	iodoacetamide (iaa)	1	1	20230704_33823_Mateus_4583_2.raw	ftp://ftp.pride.ebi.ac.uk/pride/data/archive/2025/10/PXD064439/20230704_33823_Mateus_4583_2.raw	v1.1.0	NT=ms-proteomics;VV=v1.1.0	manual curation	Blood plasma
20230704_34623_Mateus_CT67_1	homo sapiens	Blood plasma	not applicable	pancreatic adenocarcinoma	1	20230704_34623_Mateus_CT67_1	proteomic profiling by mass spectrometry	NT=Data-dependent acquisition;AC=PRIDE:0000627	NT=label free sample;AC=MS:1002038	NT=orbitrap fusion lumos;AC=MS:1002732	NT=Carbamidomethyl;AC=UNIMOD:4;TA=C;MT=Fixed	NT=Oxidation;AC=UNIMOD:35;TA=M;MT=Variable	NT=Acetyl;AC=UNIMOD:1;PP=Protein N-term;MT=Variable	NT=Trypsin;AC=MS:1001251	NT=higher energy beam-type collision-induced dissociation;AC=MS:1002481	20 ppm	dithiothreitol (dtt)	iodoacetamide (iaa)	1	1	20230704_34623_Mateus_CT67_1.raw	ftp://ftp.pride.ebi.ac.uk/pride/data/archive/2025/10/PXD064439/20230704_34623_Mateus_CT67_1.raw	v1.1.0	NT=ms-proteomics;VV=v1.1.0	manual curation	Blood plasma
20230704_30723_Mateus_CTL26_1	homo sapiens	Blood plasma	not applicable	pancreatic adenocarcinoma	1	20230704_30723_Mateus_CTL26_1	proteomic profiling by mass spectrometry	NT=Data-dependent acquisition;AC=PRIDE:0000627	NT=label free sample;AC=MS:1002038	NT=orbitrap fusion lumos;AC=MS:1002732	NT=Carbamidomethyl;AC=UNIMOD:4;TA=C;MT=Fixed	NT=Oxidation;AC=UNIMOD:35;TA=M;MT=Variable	NT=Acetyl;AC=UNIMOD:1;PP=Protein N-term;MT=Variable	NT=Trypsin;AC=MS:1001251	NT=higher energy beam-type collision-induced dissociation;AC=MS:1002481	20 ppm	dithiothreitol (dtt)	iodoacetamide (iaa)	1	1	20230704_30723_Mateus_CTL26_1.raw	ftp://ftp.pride.ebi.ac.uk/pride/data/archive/2025/10/PXD064439/20230704_30723_Mateus_CTL26_1.raw	v1.1.0	NT=ms-proteomics;VV=v1.1.0	manual curation	Blood plasma
20230704_32623_Mateus_4067_3	homo sapiens	Blood plasma	not applicable	pancreatic adenocarcinoma	3	20230704_32623_Mateus_4067_3	proteomic profiling by mass spectrometry	NT=Data-dependent acquisition;AC=PRIDE:0000627	NT=label free sample;AC=MS:1002038	NT=orbitrap fusion lumos;AC=MS:1002732	NT=Carbamidomethyl;AC=UNIMOD:4;TA=C;MT=Fixed	NT=Oxidation;AC=UNIMOD:35;TA=M;MT=Variable	NT=Acetyl;AC=UNIMOD:1;PP=Protein N-term;MT=Variable	NT=Trypsin;AC=MS:1001251	NT=higher energy beam-type collision-induced dissociation;AC=MS:1002481	20 ppm	dithiothreitol (dtt)	iodoacetamide (iaa)	1	1	20230704_32623_Mateus_4067_3.raw	ftp://ftp.pride.ebi.ac.uk/pride/data/archive/2025/10/PXD064439/20230704_32623_Mateus_4067_3.raw	v1.1.0	NT=ms-proteomics;VV=v1.1.0	manual curation	Blood plasma
20230704_32123_Mateus_4581_2	homo sapiens	Blood plasma	not applicable	pancreatic adenocarcinoma	2	20230704_32123_Mateus_4581_2	proteomic profiling by mass spectrometry	NT=Data-dependent acquisition;AC=PRIDE:0000627	NT=label free sample;AC=MS:1002038	NT=orbitrap fusion lumos;AC=MS:1002732	NT=Carbamidomethyl;AC=UNIMOD:4;TA=C;MT=Fixed	NT=Oxidation;AC=UNIMOD:35;TA=M;MT=Variable	NT=Acetyl;AC=UNIMOD:1;PP=Protein N-term;MT=Variable	NT=Trypsin;AC=MS:1001251	NT=higher energy beam-type collision-induced dissociation;AC=MS:1002481	20 ppm	dithiothreitol (dtt)	iodoacetamide (iaa)	1	1	20230704_32123_Mateus_4581_2.raw	ftp://ftp.pride.ebi.ac.uk/pride/data/archive/2025/10/PXD064439/20230704_32123_Mateus_4581_2.raw	v1.1.0	NT=ms-proteomics;VV=v1.1.0	manual curation	Blood plasma
20230704_129023_Mateus_4517_1	homo sapiens	Blood plasma	not applicable	pancreatic adenocarcinoma	1	20230704_129023_Mateus_4517_1	proteomic profiling by mass spectrometry	NT=Data-dependent acquisition;AC=PRIDE:0000627	NT=label free sample;AC=MS:1002038	NT=orbitrap fusion lumos;AC=MS:1002732	NT=Carbamidomethyl;AC=UNIMOD:4;TA=C;MT=Fixed	NT=Oxidation;AC=UNIMOD:35;TA=M;MT=Variable	NT=Acetyl;AC=UNIMOD:1;PP=Protein N-term;MT=Variable	NT=Trypsin;AC=MS:1001251	NT=higher energy beam-type collision-induced dissociation;AC=MS:1002481	20 ppm	dithiothreitol (dtt)	iodoacetamide (iaa)	1	1	20230704_129023_Mateus_4517_1.raw	ftp://ftp.pride.ebi.ac.uk/pride/data/archive/2025/10/PXD064439/20230704_129023_Mateus_4517_1.raw	v1.1.0	NT=ms-proteomics;VV=v1.1.0	manual curation	Blood plasma
20230704_29423_Mateus_CTL7_1	homo sapiens	Blood plasma	not applicable	pancreatic adenocarcinoma	1	20230704_29423_Mateus_CTL7_1	proteomic profiling by mass spectrometry	NT=Data-dependent acquisition;AC=PRIDE:0000627	NT=label free sample;AC=MS:1002038	NT=orbitrap fusion lumos;AC=MS:1002732	NT=Carbamidomethyl;AC=UNIMOD:4;TA=C;MT=Fixed	NT=Oxidation;AC=UNIMOD:35;TA=M;MT=Variable	NT=Acetyl;AC=UNIMOD:1;PP=Protein N-term;MT=Variable	NT=Trypsin;AC=MS:1001251	NT=higher energy beam-type collision-induced dissociation;AC=MS:1002481	20 ppm	dithiothreitol (dtt)	iodoacetamide (iaa)	1	1	20230704_29423_Mateus_CTL7_1.raw	ftp://ftp.pride.ebi.ac.uk/pride/data/archive/2025/10/PXD064439/20230704_29423_Mateus_CTL7_1.raw	v1.1.0	NT=ms-proteomics;VV=v1.1.0	manual curation	Blood plasma
20230704_34223_Mateus_CT54_2	homo sapiens	Blood plasma	not applicable	pancreatic adenocarcinoma	2	20230704_34223_Mateus_CT54_2	proteomic profiling by mass spectrometry	NT=Data-dependent acquisition;AC=PRIDE:0000627	NT=label free sample;AC=MS:1002038	NT=orbitrap fusion lumos;AC=MS:1002732	NT=Carbamidomethyl;AC=UNIMOD:4;TA=C;MT=Fixed	NT=Oxidation;AC=UNIMOD:35;TA=M;MT=Variable	NT=Acetyl;AC=UNIMOD:1;PP=Protein N-term;MT=Variable	NT=Trypsin;AC=MS:1001251	NT=higher energy beam-type collision-induced dissociation;AC=MS:1002481	20 ppm	dithiothreitol (dtt)	iodoacetamide (iaa)	1	1	20230704_34223_Mateus_CT54_2.raw	ftp://ftp.pride.ebi.ac.uk/pride/data/archive/2025/10/PXD064439/20230704_34223_Mateus_CT54_2.raw	v1.1.0	NT=ms-proteomics;VV=v1.1.0	manual curation	Blood plasma
20230704_30623_Mateus_CTL23_1	homo sapiens	Blood plasma	not applicable	pancreatic adenocarcinoma	1	20230704_30623_Mateus_CTL23_1	proteomic profiling by mass spectrometry	NT=Data-dependent acquisition;AC=PRIDE:0000627	NT=label free sample;AC=MS:1002038	NT=orbitrap fusion lumos;AC=MS:1002732	NT=Carbamidomethyl;AC=UNIMOD:4;TA=C;MT=Fixed	NT=Oxidation;AC=UNIMOD:35;TA=M;MT=Variable	NT=Acetyl;AC=UNIMOD:1;PP=Protein N-term;MT=Variable	NT=Trypsin;AC=MS:1001251	NT=higher energy beam-type collision-induced dissociation;AC=MS:1002481	20 ppm	dithiothreitol (dtt)	iodoacetamide (iaa)	1	1	20230704_30623_Mateus_CTL23_1.raw	ftp://ftp.pride.ebi.ac.uk/pride/data/archive/2025/10/PXD064439/20230704_30623_Mateus_CTL23_1.raw	v1.1.0	NT=ms-proteomics;VV=v1.1.0	manual curation	Blood plasma
20230704_33723_Mateus_4549_1	homo sapiens	Blood plasma	not applicable	pancreatic adenocarcinoma	1	20230704_33723_Mateus_4549_1	proteomic profiling by mass spectrometry	NT=Data-dependent acquisition;AC=PRIDE:0000627	NT=label free sample;AC=MS:1002038	NT=orbitrap fusion lumos;AC=MS:1002732	NT=Carbamidomethyl;AC=UNIMOD:4;TA=C;MT=Fixed	NT=Oxidation;AC=UNIMOD:35;TA=M;MT=Variable	NT=Acetyl;AC=UNIMOD:1;PP=Protein N-term;MT=Variable	NT=Trypsin;AC=MS:1001251	NT=higher energy beam-type collision-induced dissociation;AC=MS:1002481	20 ppm	dithiothreitol (dtt)	iodoacetamide (iaa)	1	1	20230704_33723_Mateus_4549_1.raw	ftp://ftp.pride.ebi.ac.uk/pride/data/archive/2025/10/PXD064439/20230704_33723_Mateus_4549_1.raw	v1.1.0	NT=ms-proteomics;VV=v1.1.0	manual curation	Blood plasma
20230704_34423_Mateus_CT58_1	homo sapiens	Blood plasma	not applicable	pancreatic adenocarcinoma	1	20230704_34423_Mateus_CT58_1	proteomic profiling by mass spectrometry	NT=Data-dependent acquisition;AC=PRIDE:0000627	NT=label free sample;AC=MS:1002038	NT=orbitrap fusion lumos;AC=MS:1002732	NT=Carbamidomethyl;AC=UNIMOD:4;TA=C;MT=Fixed	NT=Oxidation;AC=UNIMOD:35;TA=M;MT=Variable	NT=Acetyl;AC=UNIMOD:1;PP=Protein N-term;MT=Variable	NT=Trypsin;AC=MS:1001251	NT=higher energy beam-type collision-induced dissociation;AC=MS:1002481	20 ppm	dithiothreitol (dtt)	iodoacetamide (iaa)	1	1	20230704_34423_Mateus_CT58_1.raw	ftp://ftp.pride.ebi.ac.uk/pride/data/archive/2025/10/PXD064439/20230704_34423_Mateus_CT58_1.raw	v1.1.0	NT=ms-proteomics;VV=v1.1.0	manual curation	Blood plasma
20230704_31723_Mateus_7366_1	homo sapiens	Blood plasma	not applicable	pancreatic adenocarcinoma	1	20230704_31723_Mateus_7366_1	proteomic profiling by mass spectrometry	NT=Data-dependent acquisition;AC=PRIDE:0000627	NT=label free sample;AC=MS:1002038	NT=orbitrap fusion lumos;AC=MS:1002732	NT=Carbamidomethyl;AC=UNIMOD:4;TA=C;MT=Fixed	NT=Oxidation;AC=UNIMOD:35;TA=M;MT=Variable	NT=Acetyl;AC=UNIMOD:1;PP=Protein N-term;MT=Variable	NT=Trypsin;AC=MS:1001251	NT=higher energy beam-type collision-induced dissociation;AC=MS:1002481	20 ppm	dithiothreitol (dtt)	iodoacetamide (iaa)	1	1	20230704_31723_Mateus_7366_1.raw	ftp://ftp.pride.ebi.ac.uk/pride/data/archive/2025/10/PXD064439/20230704_31723_Mateus_7366_1.raw	v1.1.0	NT=ms-proteomics;VV=v1.1.0	manual curation	Blood plasma
20230704_31323_Mateus_7360_1	homo sapiens	Blood plasma	not applicable	pancreatic adenocarcinoma	1	20230704_31323_Mateus_7360_1	proteomic profiling by mass spectrometry	NT=Data-dependent acquisition;AC=PRIDE:0000627	NT=label free sample;AC=MS:1002038	NT=orbitrap fusion lumos;AC=MS:1002732	NT=Carbamidomethyl;AC=UNIMOD:4;TA=C;MT=Fixed	NT=Oxidation;AC=UNIMOD:35;TA=M;MT=Variable	NT=Acetyl;AC=UNIMOD:1;PP=Protein N-term;MT=Variable	NT=Trypsin;AC=MS:1001251	NT=higher energy beam-type collision-induced dissociation;AC=MS:1002481	20 ppm	dithiothreitol (dtt)	iodoacetamide (iaa)	1	1	20230704_31323_Mateus_7360_1.raw	ftp://ftp.pride.ebi.ac.uk/pride/data/archive/2025/10/PXD064439/20230704_31323_Mateus_7360_1.raw	v1.1.0	NT=ms-proteomics;VV=v1.1.0	manual curation	Blood plasma
20230704_30123_Mateus_CTL14_1	homo sapiens	Blood plasma	not applicable	pancreatic adenocarcinoma	1	20230704_30123_Mateus_CTL14_1	proteomic profiling by mass spectrometry	NT=Data-dependent acquisition;AC=PRIDE:0000627	NT=label free sample;AC=MS:1002038	NT=orbitrap fusion lumos;AC=MS:1002732	NT=Carbamidomethyl;AC=UNIMOD:4;TA=C;MT=Fixed	NT=Oxidation;AC=UNIMOD:35;TA=M;MT=Variable	NT=Acetyl;AC=UNIMOD:1;PP=Protein N-term;MT=Variable	NT=Trypsin;AC=MS:1001251	NT=higher energy beam-type collision-induced dissociation;AC=MS:1002481	20 ppm	dithiothreitol (dtt)	iodoacetamide (iaa)	1	1	20230704_30123_Mateus_CTL14_1.raw	ftp://ftp.pride.ebi.ac.uk/pride/data/archive/2025/10/PXD064439/20230704_30123_Mateus_CTL14_1.raw	v1.1.0	NT=ms-proteomics;VV=v1.1.0	manual curation	Blood plasma
20230704_30523_Mateus_CTL21_1	homo sapiens	Blood plasma	not applicable	pancreatic adenocarcinoma	1	20230704_30523_Mateus_CTL21_1	proteomic profiling by mass spectrometry	NT=Data-dependent acquisition;AC=PRIDE:0000627	NT=label free sample;AC=MS:1002038	NT=orbitrap fusion lumos;AC=MS:1002732	NT=Carbamidomethyl;AC=UNIMOD:4;TA=C;MT=Fixed	NT=Oxidation;AC=UNIMOD:35;TA=M;MT=Variable	NT=Acetyl;AC=UNIMOD:1;PP=Protein N-term;MT=Variable	NT=Trypsin;AC=MS:1001251	NT=higher energy beam-type collision-induced dissociation;AC=MS:1002481	20 ppm	dithiothreitol (dtt)	iodoacetamide (iaa)	1	1	20230704_30523_Mateus_CTL21_1.raw	ftp://ftp.pride.ebi.ac.uk/pride/data/archive/2025/10/PXD064439/20230704_30523_Mateus_CTL21_1.raw	v1.1.0	NT=ms-proteomics;VV=v1.1.0	manual curation	Blood plasma
20230704_33423_Mateus_4560_2	homo sapiens	Blood plasma	not applicable	pancreatic adenocarcinoma	2	20230704_33423_Mateus_4560_2	proteomic profiling by mass spectrometry	NT=Data-dependent acquisition;AC=PRIDE:0000627	NT=label free sample;AC=MS:1002038	NT=orbitrap fusion lumos;AC=MS:1002732	NT=Carbamidomethyl;AC=UNIMOD:4;TA=C;MT=Fixed	NT=Oxidation;AC=UNIMOD:35;TA=M;MT=Variable	NT=Acetyl;AC=UNIMOD:1;PP=Protein N-term;MT=Variable	NT=Trypsin;AC=MS:1001251	NT=higher energy beam-type collision-induced dissociation;AC=MS:1002481	20 ppm	dithiothreitol (dtt)	iodoacetamide (iaa)	1	1	20230704_33423_Mateus_4560_2.raw	ftp://ftp.pride.ebi.ac.uk/pride/data/archive/2025/10/PXD064439/20230704_33423_Mateus_4560_2.raw	v1.1.0	NT=ms-proteomics;VV=v1.1.0	manual curation	Blood plasma
20230704_31123_Mateus_CTL34_2	homo sapiens	Blood plasma	not applicable	pancreatic adenocarcinoma	2	20230704_31123_Mateus_CTL34_2	proteomic profiling by mass spectrometry	NT=Data-dependent acquisition;AC=PRIDE:0000627	NT=label free sample;AC=MS:1002038	NT=orbitrap fusion lumos;AC=MS:1002732	NT=Carbamidomethyl;AC=UNIMOD:4;TA=C;MT=Fixed	NT=Oxidation;AC=UNIMOD:35;TA=M;MT=Variable	NT=Acetyl;AC=UNIMOD:1;PP=Protein N-term;MT=Variable	NT=Trypsin;AC=MS:1001251	NT=higher energy beam-type collision-induced dissociation;AC=MS:1002481	20 ppm	dithiothreitol (dtt)	iodoacetamide (iaa)	1	1	20230704_31123_Mateus_CTL34_2.raw	ftp://ftp.pride.ebi.ac.uk/pride/data/archive/2025/10/PXD064439/20230704_31123_Mateus_CTL34_2.raw	v1.1.0	NT=ms-proteomics;VV=v1.1.0	manual curation	Blood plasma
20230704_29323_Mateus_CTL6_1	homo sapiens	Blood plasma	not applicable	pancreatic adenocarcinoma	1	20230704_29323_Mateus_CTL6_1	proteomic profiling by mass spectrometry	NT=Data-dependent acquisition;AC=PRIDE:0000627	NT=label free sample;AC=MS:1002038	NT=orbitrap fusion lumos;AC=MS:1002732	NT=Carbamidomethyl;AC=UNIMOD:4;TA=C;MT=Fixed	NT=Oxidation;AC=UNIMOD:35;TA=M;MT=Variable	NT=Acetyl;AC=UNIMOD:1;PP=Protein N-term;MT=Variable	NT=Trypsin;AC=MS:1001251	NT=higher energy beam-type collision-induced dissociation;AC=MS:1002481	20 ppm	dithiothreitol (dtt)	iodoacetamide (iaa)	1	1	20230704_29323_Mateus_CTL6_1.raw	ftp://ftp.pride.ebi.ac.uk/pride/data/archive/2025/10/PXD064439/20230704_29323_Mateus_CTL6_1.raw	v1.1.0	NT=ms-proteomics;VV=v1.1.0	manual curation	Blood plasma
20230704_34123_Mateus_CT49_1	homo sapiens	Blood plasma	not applicable	pancreatic adenocarcinoma	1	20230704_34123_Mateus_CT49_1	proteomic profiling by mass spectrometry	NT=Data-dependent acquisition;AC=PRIDE:0000627	NT=label free sample;AC=MS:1002038	NT=orbitrap fusion lumos;AC=MS:1002732	NT=Carbamidomethyl;AC=UNIMOD:4;TA=C;MT=Fixed	NT=Oxidation;AC=UNIMOD:35;TA=M;MT=Variable	NT=Acetyl;AC=UNIMOD:1;PP=Protein N-term;MT=Variable	NT=Trypsin;AC=MS:1001251	NT=higher energy beam-type collision-induced dissociation;AC=MS:1002481	20 ppm	dithiothreitol (dtt)	iodoacetamide (iaa)	1	1	20230704_34123_Mateus_CT49_1.raw	ftp://ftp.pride.ebi.ac.uk/pride/data/archive/2025/10/PXD064439/20230704_34123_Mateus_CT49_1.raw	v1.1.0	NT=ms-proteomics;VV=v1.1.0	manual curation	Blood plasma
20230704_32423_Mateus_4579_1	homo sapiens	Blood plasma	not applicable	pancreatic adenocarcinoma	1	20230704_32423_Mateus_4579_1	proteomic profiling by mass spectrometry	NT=Data-dependent acquisition;AC=PRIDE:0000627	NT=label free sample;AC=MS:1002038	NT=orbitrap fusion lumos;AC=MS:1002732	NT=Carbamidomethyl;AC=UNIMOD:4;TA=C;MT=Fixed	NT=Oxidation;AC=UNIMOD:35;TA=M;MT=Variable	NT=Acetyl;AC=UNIMOD:1;PP=Protein N-term;MT=Variable	NT=Trypsin;AC=MS:1001251	NT=higher energy beam-type collision-induced dissociation;AC=MS:1002481	20 ppm	dithiothreitol (dtt)	iodoacetamide (iaa)	1	1	20230704_32423_Mateus_4579_1.raw	ftp://ftp.pride.ebi.ac.uk/pride/data/archive/2025/10/PXD064439/20230704_32423_Mateus_4579_1.raw	v1.1.0	NT=ms-proteomics;VV=v1.1.0	manual curation	Blood plasma
20230704_129123_Mateus_4589_2	homo sapiens	Blood plasma	not applicable	pancreatic adenocarcinoma	2	20230704_129123_Mateus_4589_2	proteomic profiling by mass spectrometry	NT=Data-dependent acquisition;AC=PRIDE:0000627	NT=label free sample;AC=MS:1002038	NT=orbitrap fusion lumos;AC=MS:1002732	NT=Carbamidomethyl;AC=UNIMOD:4;TA=C;MT=Fixed	NT=Oxidation;AC=UNIMOD:35;TA=M;MT=Variable	NT=Acetyl;AC=UNIMOD:1;PP=Protein N-term;MT=Variable	NT=Trypsin;AC=MS:1001251	NT=higher energy beam-type collision-induced dissociation;AC=MS:1002481	20 ppm	dithiothreitol (dtt)	iodoacetamide (iaa)	1	1	20230704_129123_Mateus_4589_2.raw	ftp://ftp.pride.ebi.ac.uk/pride/data/archive/2025/10/PXD064439/20230704_129123_Mateus_4589_2.raw	v1.1.0	NT=ms-proteomics;VV=v1.1.0	manual curation	Blood plasma
20230704_32523_Mateus_4530_1	homo sapiens	Blood plasma	not applicable	pancreatic adenocarcinoma	1	20230704_32523_Mateus_4530_1	proteomic profiling by mass spectrometry	NT=Data-dependent acquisition;AC=PRIDE:0000627	NT=label free sample;AC=MS:1002038	NT=orbitrap fusion lumos;AC=MS:1002732	NT=Carbamidomethyl;AC=UNIMOD:4;TA=C;MT=Fixed	NT=Oxidation;AC=UNIMOD:35;TA=M;MT=Variable	NT=Acetyl;AC=UNIMOD:1;PP=Protein N-term;MT=Variable	NT=Trypsin;AC=MS:1001251	NT=higher energy beam-type collision-induced dissociation;AC=MS:1002481	20 ppm	dithiothreitol (dtt)	iodoacetamide (iaa)	1	1	20230704_32523_Mateus_4530_1.raw	ftp://ftp.pride.ebi.ac.uk/pride/data/archive/2025/10/PXD064439/20230704_32523_Mateus_4530_1.raw	v1.1.0	NT=ms-proteomics;VV=v1.1.0	manual curation	Blood plasma
20230704_30123_Mateus_CTL14_2	homo sapiens	Blood plasma	not applicable	pancreatic adenocarcinoma	2	20230704_30123_Mateus_CTL14_2	proteomic profiling by mass spectrometry	NT=Data-dependent acquisition;AC=PRIDE:0000627	NT=label free sample;AC=MS:1002038	NT=orbitrap fusion lumos;AC=MS:1002732	NT=Carbamidomethyl;AC=UNIMOD:4;TA=C;MT=Fixed	NT=Oxidation;AC=UNIMOD:35;TA=M;MT=Variable	NT=Acetyl;AC=UNIMOD:1;PP=Protein N-term;MT=Variable	NT=Trypsin;AC=MS:1001251	NT=higher energy beam-type collision-induced dissociation;AC=MS:1002481	20 ppm	dithiothreitol (dtt)	iodoacetamide (iaa)	1	1	20230704_30123_Mateus_CTL14_2.raw	ftp://ftp.pride.ebi.ac.uk/pride/data/archive/2025/10/PXD064439/20230704_30123_Mateus_CTL14_2.raw	v1.1.0	NT=ms-proteomics;VV=v1.1.0	manual curation	Blood plasma
20230704_30423_Mateus_CTL20_1	homo sapiens	Blood plasma	not applicable	pancreatic adenocarcinoma	1	20230704_30423_Mateus_CTL20_1	proteomic profiling by mass spectrometry	NT=Data-dependent acquisition;AC=PRIDE:0000627	NT=label free sample;AC=MS:1002038	NT=orbitrap fusion lumos;AC=MS:1002732	NT=Carbamidomethyl;AC=UNIMOD:4;TA=C;MT=Fixed	NT=Oxidation;AC=UNIMOD:35;TA=M;MT=Variable	NT=Acetyl;AC=UNIMOD:1;PP=Protein N-term;MT=Variable	NT=Trypsin;AC=MS:1001251	NT=higher energy beam-type collision-induced dissociation;AC=MS:1002481	20 ppm	dithiothreitol (dtt)	iodoacetamide (iaa)	1	1	20230704_30423_Mateus_CTL20_1.raw	ftp://ftp.pride.ebi.ac.uk/pride/data/archive/2025/10/PXD064439/20230704_30423_Mateus_CTL20_1.raw	v1.1.0	NT=ms-proteomics;VV=v1.1.0	manual curation	Blood plasma
20230704_29323_Mateus_CTL6_2	homo sapiens	Blood plasma	not applicable	pancreatic adenocarcinoma	2	20230704_29323_Mateus_CTL6_2	proteomic profiling by mass spectrometry	NT=Data-dependent acquisition;AC=PRIDE:0000627	NT=label free sample;AC=MS:1002038	NT=orbitrap fusion lumos;AC=MS:1002732	NT=Carbamidomethyl;AC=UNIMOD:4;TA=C;MT=Fixed	NT=Oxidation;AC=UNIMOD:35;TA=M;MT=Variable	NT=Acetyl;AC=UNIMOD:1;PP=Protein N-term;MT=Variable	NT=Trypsin;AC=MS:1001251	NT=higher energy beam-type collision-induced dissociation;AC=MS:1002481	20 ppm	dithiothreitol (dtt)	iodoacetamide (iaa)	1	1	20230704_29323_Mateus_CTL6_2.raw	ftp://ftp.pride.ebi.ac.uk/pride/data/archive/2025/10/PXD064439/20230704_29323_Mateus_CTL6_2.raw	v1.1.0	NT=ms-proteomics;VV=v1.1.0	manual curation	Blood plasma
20230704_30823_Mateus_CTL27_2	homo sapiens	Blood plasma	not applicable	pancreatic adenocarcinoma	2	20230704_30823_Mateus_CTL27_2	proteomic profiling by mass spectrometry	NT=Data-dependent acquisition;AC=PRIDE:0000627	NT=label free sample;AC=MS:1002038	NT=orbitrap fusion lumos;AC=MS:1002732	NT=Carbamidomethyl;AC=UNIMOD:4;TA=C;MT=Fixed	NT=Oxidation;AC=UNIMOD:35;TA=M;MT=Variable	NT=Acetyl;AC=UNIMOD:1;PP=Protein N-term;MT=Variable	NT=Trypsin;AC=MS:1001251	NT=higher energy beam-type collision-induced dissociation;AC=MS:1002481	20 ppm	dithiothreitol (dtt)	iodoacetamide (iaa)	1	1	20230704_30823_Mateus_CTL27_2.raw	ftp://ftp.pride.ebi.ac.uk/pride/data/archive/2025/10/PXD064439/20230704_30823_Mateus_CTL27_2.raw	v1.1.0	NT=ms-proteomics;VV=v1.1.0	manual curation	Blood plasma
20230704_34623_Mateus_CT67_2	homo sapiens	Blood plasma	not applicable	pancreatic adenocarcinoma	2	20230704_34623_Mateus_CT67_2	proteomic profiling by mass spectrometry	NT=Data-dependent acquisition;AC=PRIDE:0000627	NT=label free sample;AC=MS:1002038	NT=orbitrap fusion lumos;AC=MS:1002732	NT=Carbamidomethyl;AC=UNIMOD:4;TA=C;MT=Fixed	NT=Oxidation;AC=UNIMOD:35;TA=M;MT=Variable	NT=Acetyl;AC=UNIMOD:1;PP=Protein N-term;MT=Variable	NT=Trypsin;AC=MS:1001251	NT=higher energy beam-type collision-induced dissociation;AC=MS:1002481	20 ppm	dithiothreitol (dtt)	iodoacetamide (iaa)	1	1	20230704_34623_Mateus_CT67_2.raw	ftp://ftp.pride.ebi.ac.uk/pride/data/archive/2025/10/PXD064439/20230704_34623_Mateus_CT67_2.raw	v1.1.0	NT=ms-proteomics;VV=v1.1.0	manual curation	Blood plasma
20230704_30923_Mateus_CTL31_1	homo sapiens	Blood plasma	not applicable	pancreatic adenocarcinoma	1	20230704_30923_Mateus_CTL31_1	proteomic profiling by mass spectrometry	NT=Data-dependent acquisition;AC=PRIDE:0000627	NT=label free sample;AC=MS:1002038	NT=orbitrap fusion lumos;AC=MS:1002732	NT=Carbamidomethyl;AC=UNIMOD:4;TA=C;MT=Fixed	NT=Oxidation;AC=UNIMOD:35;TA=M;MT=Variable	NT=Acetyl;AC=UNIMOD:1;PP=Protein N-term;MT=Variable	NT=Trypsin;AC=MS:1001251	NT=higher energy beam-type collision-induced dissociation;AC=MS:1002481	20 ppm	dithiothreitol (dtt)	iodoacetamide (iaa)	1	1	20230704_30923_Mateus_CTL31_1.raw	ftp://ftp.pride.ebi.ac.uk/pride/data/archive/2025/10/PXD064439/20230704_30923_Mateus_CTL31_1.raw	v1.1.0	NT=ms-proteomics;VV=v1.1.0	manual curation	Blood plasma
20230704_29123_Mateus_CTL4_2	homo sapiens	Blood plasma	not applicable	pancreatic adenocarcinoma	2	20230704_29123_Mateus_CTL4_2	proteomic profiling by mass spectrometry	NT=Data-dependent acquisition;AC=PRIDE:0000627	NT=label free sample;AC=MS:1002038	NT=orbitrap fusion lumos;AC=MS:1002732	NT=Carbamidomethyl;AC=UNIMOD:4;TA=C;MT=Fixed	NT=Oxidation;AC=UNIMOD:35;TA=M;MT=Variable	NT=Acetyl;AC=UNIMOD:1;PP=Protein N-term;MT=Variable	NT=Trypsin;AC=MS:1001251	NT=higher energy beam-type collision-induced dissociation;AC=MS:1002481	20 ppm	dithiothreitol (dtt)	iodoacetamide (iaa)	1	1	20230704_29123_Mateus_CTL4_2.raw	ftp://ftp.pride.ebi.ac.uk/pride/data/archive/2025/10/PXD064439/20230704_29123_Mateus_CTL4_2.raw	v1.1.0	NT=ms-proteomics;VV=v1.1.0	manual curation	Blood plasma
20230704_31123_Mateus_CTL34_1	homo sapiens	Blood plasma	not applicable	pancreatic adenocarcinoma	1	20230704_31123_Mateus_CTL34_1	proteomic profiling by mass spectrometry	NT=Data-dependent acquisition;AC=PRIDE:0000627	NT=label free sample;AC=MS:1002038	NT=orbitrap fusion lumos;AC=MS:1002732	NT=Carbamidomethyl;AC=UNIMOD:4;TA=C;MT=Fixed	NT=Oxidation;AC=UNIMOD:35;TA=M;MT=Variable	NT=Acetyl;AC=UNIMOD:1;PP=Protein N-term;MT=Variable	NT=Trypsin;AC=MS:1001251	NT=higher energy beam-type collision-induced dissociation;AC=MS:1002481	20 ppm	dithiothreitol (dtt)	iodoacetamide (iaa)	1	1	20230704_31123_Mateus_CTL34_1.raw	ftp://ftp.pride.ebi.ac.uk/pride/data/archive/2025/10/PXD064439/20230704_31123_Mateus_CTL34_1.raw	v1.1.0	NT=ms-proteomics;VV=v1.1.0	manual curation	Blood plasma
20230704_128923_Mateus_PLASMAPOOL3_1	homo sapiens	Blood plasma	not applicable	pancreatic adenocarcinoma	1	20230704_128923_Mateus_PLASMAPOOL3_1	proteomic profiling by mass spectrometry	NT=Data-dependent acquisition;AC=PRIDE:0000627	NT=label free sample;AC=MS:1002038	NT=orbitrap fusion lumos;AC=MS:1002732	NT=Carbamidomethyl;AC=UNIMOD:4;TA=C;MT=Fixed	NT=Oxidation;AC=UNIMOD:35;TA=M;MT=Variable	NT=Acetyl;AC=UNIMOD:1;PP=Protein N-term;MT=Variable	NT=Trypsin;AC=MS:1001251	NT=higher energy beam-type collision-induced dissociation;AC=MS:1002481	20 ppm	dithiothreitol (dtt)	iodoacetamide (iaa)	1	1	20230704_128923_Mateus_PLASMAPOOL3_1.raw	ftp://ftp.pride.ebi.ac.uk/pride/data/archive/2025/10/PXD064439/20230704_128923_Mateus_PLASMAPOOL3_1.raw	v1.1.0	NT=ms-proteomics;VV=v1.1.0	manual curation	Blood plasma
20230704_30723_Mateus_CTL26_2	homo sapiens	Blood plasma	not applicable	pancreatic adenocarcinoma	2	20230704_30723_Mateus_CTL26_2	proteomic profiling by mass spectrometry	NT=Data-dependent acquisition;AC=PRIDE:0000627	NT=label free sample;AC=MS:1002038	NT=orbitrap fusion lumos;AC=MS:1002732	NT=Carbamidomethyl;AC=UNIMOD:4;TA=C;MT=Fixed	NT=Oxidation;AC=UNIMOD:35;TA=M;MT=Variable	NT=Acetyl;AC=UNIMOD:1;PP=Protein N-term;MT=Variable	NT=Trypsin;AC=MS:1001251	NT=higher energy beam-type collision-induced dissociation;AC=MS:1002481	20 ppm	dithiothreitol (dtt)	iodoacetamide (iaa)	1	1	20230704_30723_Mateus_CTL26_2.raw	ftp://ftp.pride.ebi.ac.uk/pride/data/archive/2025/10/PXD064439/20230704_30723_Mateus_CTL26_2.raw	v1.1.0	NT=ms-proteomics;VV=v1.1.0	manual curation	Blood plasma
20230704_32223_Mateus_4586_1	homo sapiens	Blood plasma	not applicable	pancreatic adenocarcinoma	1	20230704_32223_Mateus_4586_1	proteomic profiling by mass spectrometry	NT=Data-dependent acquisition;AC=PRIDE:0000627	NT=label free sample;AC=MS:1002038	NT=orbitrap fusion lumos;AC=MS:1002732	NT=Carbamidomethyl;AC=UNIMOD:4;TA=C;MT=Fixed	NT=Oxidation;AC=UNIMOD:35;TA=M;MT=Variable	NT=Acetyl;AC=UNIMOD:1;PP=Protein N-term;MT=Variable	NT=Trypsin;AC=MS:1001251	NT=higher energy beam-type collision-induced dissociation;AC=MS:1002481	20 ppm	dithiothreitol (dtt)	iodoacetamide (iaa)	1	1	20230704_32223_Mateus_4586_1.raw	ftp://ftp.pride.ebi.ac.uk/pride/data/archive/2025/10/PXD064439/20230704_32223_Mateus_4586_1.raw	v1.1.0	NT=ms-proteomics;VV=v1.1.0	manual curation	Blood plasma
20230704_32323_Mateus_4600_2	homo sapiens	Blood plasma	not applicable	pancreatic adenocarcinoma	2	20230704_32323_Mateus_4600_2	proteomic profiling by mass spectrometry	NT=Data-dependent acquisition;AC=PRIDE:0000627	NT=label free sample;AC=MS:1002038	NT=orbitrap fusion lumos;AC=MS:1002732	NT=Carbamidomethyl;AC=UNIMOD:4;TA=C;MT=Fixed	NT=Oxidation;AC=UNIMOD:35;TA=M;MT=Variable	NT=Acetyl;AC=UNIMOD:1;PP=Protein N-term;MT=Variable	NT=Trypsin;AC=MS:1001251	NT=higher energy beam-type collision-induced dissociation;AC=MS:1002481	20 ppm	dithiothreitol (dtt)	iodoacetamide (iaa)	1	1	20230704_32323_Mateus_4600_2.raw	ftp://ftp.pride.ebi.ac.uk/pride/data/archive/2025/10/PXD064439/20230704_32323_Mateus_4600_2.raw	v1.1.0	NT=ms-proteomics;VV=v1.1.0	manual curation	Blood plasma
20230704_30423_Mateus_CTL20_2	homo sapiens	Blood plasma	not applicable	pancreatic adenocarcinoma	2	20230704_30423_Mateus_CTL20_2	proteomic profiling by mass spectrometry	NT=Data-dependent acquisition;AC=PRIDE:0000627	NT=label free sample;AC=MS:1002038	NT=orbitrap fusion lumos;AC=MS:1002732	NT=Carbamidomethyl;AC=UNIMOD:4;TA=C;MT=Fixed	NT=Oxidation;AC=UNIMOD:35;TA=M;MT=Variable	NT=Acetyl;AC=UNIMOD:1;PP=Protein N-term;MT=Variable	NT=Trypsin;AC=MS:1001251	NT=higher energy beam-type collision-induced dissociation;AC=MS:1002481	20 ppm	dithiothreitol (dtt)	iodoacetamide (iaa)	1	1	20230704_30423_Mateus_CTL20_2.raw	ftp://ftp.pride.ebi.ac.uk/pride/data/archive/2025/10/PXD064439/20230704_30423_Mateus_CTL20_2.raw	v1.1.0	NT=ms-proteomics;VV=v1.1.0	manual curation	Blood plasma
20230704_32023_Mateus_4056_2	homo sapiens	Blood plasma	not applicable	pancreatic adenocarcinoma	2	20230704_32023_Mateus_4056_2	proteomic profiling by mass spectrometry	NT=Data-dependent acquisition;AC=PRIDE:0000627	NT=label free sample;AC=MS:1002038	NT=orbitrap fusion lumos;AC=MS:1002732	NT=Carbamidomethyl;AC=UNIMOD:4;TA=C;MT=Fixed	NT=Oxidation;AC=UNIMOD:35;TA=M;MT=Variable	NT=Acetyl;AC=UNIMOD:1;PP=Protein N-term;MT=Variable	NT=Trypsin;AC=MS:1001251	NT=higher energy beam-type collision-induced dissociation;AC=MS:1002481	20 ppm	dithiothreitol (dtt)	iodoacetamide (iaa)	1	1	20230704_32023_Mateus_4056_2.raw	ftp://ftp.pride.ebi.ac.uk/pride/data/archive/2025/10/PXD064439/20230704_32023_Mateus_4056_2.raw	v1.1.0	NT=ms-proteomics;VV=v1.1.0	manual curation	Blood plasma
20230704_28923_Mateus_CTL2_1	homo sapiens	Blood plasma	not applicable	pancreatic adenocarcinoma	1	20230704_28923_Mateus_CTL2_1	proteomic profiling by mass spectrometry	NT=Data-dependent acquisition;AC=PRIDE:0000627	NT=label free sample;AC=MS:1002038	NT=orbitrap fusion lumos;AC=MS:1002732	NT=Carbamidomethyl;AC=UNIMOD:4;TA=C;MT=Fixed	NT=Oxidation;AC=UNIMOD:35;TA=M;MT=Variable	NT=Acetyl;AC=UNIMOD:1;PP=Protein N-term;MT=Variable	NT=Trypsin;AC=MS:1001251	NT=higher energy beam-type collision-induced dissociation;AC=MS:1002481	20 ppm	dithiothreitol (dtt)	iodoacetamide (iaa)	1	1	20230704_28923_Mateus_CTL2_1.raw	ftp://ftp.pride.ebi.ac.uk/pride/data/archive/2025/10/PXD064439/20230704_28923_Mateus_CTL2_1.raw	v1.1.0	NT=ms-proteomics;VV=v1.1.0	manual curation	Blood plasma
20230704_31923_Mateus_4548_1	homo sapiens	Blood plasma	not applicable	pancreatic adenocarcinoma	1	20230704_31923_Mateus_4548_1	proteomic profiling by mass spectrometry	NT=Data-dependent acquisition;AC=PRIDE:0000627	NT=label free sample;AC=MS:1002038	NT=orbitrap fusion lumos;AC=MS:1002732	NT=Carbamidomethyl;AC=UNIMOD:4;TA=C;MT=Fixed	NT=Oxidation;AC=UNIMOD:35;TA=M;MT=Variable	NT=Acetyl;AC=UNIMOD:1;PP=Protein N-term;MT=Variable	NT=Trypsin;AC=MS:1001251	NT=higher energy beam-type collision-induced dissociation;AC=MS:1002481	20 ppm	dithiothreitol (dtt)	iodoacetamide (iaa)	1	1	20230704_31923_Mateus_4548_1.raw	ftp://ftp.pride.ebi.ac.uk/pride/data/archive/2025/10/PXD064439/20230704_31923_Mateus_4548_1.raw	v1.1.0	NT=ms-proteomics;VV=v1.1.0	manual curation	Blood plasma
20230704_33623_Mateus_4544_1	homo sapiens	Blood plasma	not applicable	pancreatic adenocarcinoma	1	20230704_33623_Mateus_4544_1	proteomic profiling by mass spectrometry	NT=Data-dependent acquisition;AC=PRIDE:0000627	NT=label free sample;AC=MS:1002038	NT=orbitrap fusion lumos;AC=MS:1002732	NT=Carbamidomethyl;AC=UNIMOD:4;TA=C;MT=Fixed	NT=Oxidation;AC=UNIMOD:35;TA=M;MT=Variable	NT=Acetyl;AC=UNIMOD:1;PP=Protein N-term;MT=Variable	NT=Trypsin;AC=MS:1001251	NT=higher energy beam-type collision-induced dissociation;AC=MS:1002481	20 ppm	dithiothreitol (dtt)	iodoacetamide (iaa)	1	1	20230704_33623_Mateus_4544_1.raw	ftp://ftp.pride.ebi.ac.uk/pride/data/archive/2025/10/PXD064439/20230704_33623_Mateus_4544_1.raw	v1.1.0	NT=ms-proteomics;VV=v1.1.0	manual curation	Blood plasma
20230704_29623_Mateus_CTL9_2	homo sapiens	Blood plasma	not applicable	pancreatic adenocarcinoma	2	20230704_29623_Mateus_CTL9_2	proteomic profiling by mass spectrometry	NT=Data-dependent acquisition;AC=PRIDE:0000627	NT=label free sample;AC=MS:1002038	NT=orbitrap fusion lumos;AC=MS:1002732	NT=Carbamidomethyl;AC=UNIMOD:4;TA=C;MT=Fixed	NT=Oxidation;AC=UNIMOD:35;TA=M;MT=Variable	NT=Acetyl;AC=UNIMOD:1;PP=Protein N-term;MT=Variable	NT=Trypsin;AC=MS:1001251	NT=higher energy beam-type collision-induced dissociation;AC=MS:1002481	20 ppm	dithiothreitol (dtt)	iodoacetamide (iaa)	1	1	20230704_29623_Mateus_CTL9_2.raw	ftp://ftp.pride.ebi.ac.uk/pride/data/archive/2025/10/PXD064439/20230704_29623_Mateus_CTL9_2.raw	v1.1.0	NT=ms-proteomics;VV=v1.1.0	manual curation	Blood plasma
20230704_29223_Mateus_CTL5_2	homo sapiens	Blood plasma	not applicable	pancreatic adenocarcinoma	2	20230704_29223_Mateus_CTL5_2	proteomic profiling by mass spectrometry	NT=Data-dependent acquisition;AC=PRIDE:0000627	NT=label free sample;AC=MS:1002038	NT=orbitrap fusion lumos;AC=MS:1002732	NT=Carbamidomethyl;AC=UNIMOD:4;TA=C;MT=Fixed	NT=Oxidation;AC=UNIMOD:35;TA=M;MT=Variable	NT=Acetyl;AC=UNIMOD:1;PP=Protein N-term;MT=Variable	NT=Trypsin;AC=MS:1001251	NT=higher energy beam-type collision-induced dissociation;AC=MS:1002481	20 ppm	dithiothreitol (dtt)	iodoacetamide (iaa)	1	1	20230704_29223_Mateus_CTL5_2.raw	ftp://ftp.pride.ebi.ac.uk/pride/data/archive/2025/10/PXD064439/20230704_29223_Mateus_CTL5_2.raw	v1.1.0	NT=ms-proteomics;VV=v1.1.0	manual curation	Blood plasma
20230704_33223_Mateus_4538_2	homo sapiens	Blood plasma	not applicable	pancreatic adenocarcinoma	2	20230704_33223_Mateus_4538_2	proteomic profiling by mass spectrometry	NT=Data-dependent acquisition;AC=PRIDE:0000627	NT=label free sample;AC=MS:1002038	NT=orbitrap fusion lumos;AC=MS:1002732	NT=Carbamidomethyl;AC=UNIMOD:4;TA=C;MT=Fixed	NT=Oxidation;AC=UNIMOD:35;TA=M;MT=Variable	NT=Acetyl;AC=UNIMOD:1;PP=Protein N-term;MT=Variable	NT=Trypsin;AC=MS:1001251	NT=higher energy beam-type collision-induced dissociation;AC=MS:1002481	20 ppm	dithiothreitol (dtt)	iodoacetamide (iaa)	1	1	20230704_33223_Mateus_4538_2.raw	ftp://ftp.pride.ebi.ac.uk/pride/data/archive/2025/10/PXD064439/20230704_33223_Mateus_4538_2.raw	v1.1.0	NT=ms-proteomics;VV=v1.1.0	manual curation	Blood plasma
20230704_128723_Mateus_PLASMAPOOL1_1	homo sapiens	Blood plasma	not applicable	pancreatic adenocarcinoma	1	20230704_128723_Mateus_PLASMAPOOL1_1	proteomic profiling by mass spectrometry	NT=Data-dependent acquisition;AC=PRIDE:0000627	NT=label free sample;AC=MS:1002038	NT=orbitrap fusion lumos;AC=MS:1002732	NT=Carbamidomethyl;AC=UNIMOD:4;TA=C;MT=Fixed	NT=Oxidation;AC=UNIMOD:35;TA=M;MT=Variable	NT=Acetyl;AC=UNIMOD:1;PP=Protein N-term;MT=Variable	NT=Trypsin;AC=MS:1001251	NT=higher energy beam-type collision-induced dissociation;AC=MS:1002481	20 ppm	dithiothreitol (dtt)	iodoacetamide (iaa)	1	1	20230704_128723_Mateus_PLASMAPOOL1_1.raw	ftp://ftp.pride.ebi.ac.uk/pride/data/archive/2025/10/PXD064439/20230704_128723_Mateus_PLASMAPOOL1_1.raw	v1.1.0	NT=ms-proteomics;VV=v1.1.0	manual curation	Blood plasma
20230704_31723_Mateus_7366_2	homo sapiens	Blood plasma	not applicable	pancreatic adenocarcinoma	2	20230704_31723_Mateus_7366_2	proteomic profiling by mass spectrometry	NT=Data-dependent acquisition;AC=PRIDE:0000627	NT=label free sample;AC=MS:1002038	NT=orbitrap fusion lumos;AC=MS:1002732	NT=Carbamidomethyl;AC=UNIMOD:4;TA=C;MT=Fixed	NT=Oxidation;AC=UNIMOD:35;TA=M;MT=Variable	NT=Acetyl;AC=UNIMOD:1;PP=Protein N-term;MT=Variable	NT=Trypsin;AC=MS:1001251	NT=higher energy beam-type collision-induced dissociation;AC=MS:1002481	20 ppm	dithiothreitol (dtt)	iodoacetamide (iaa)	1	1	20230704_31723_Mateus_7366_2.raw	ftp://ftp.pride.ebi.ac.uk/pride/data/archive/2025/10/PXD064439/20230704_31723_Mateus_7366_2.raw	v1.1.0	NT=ms-proteomics;VV=v1.1.0	manual curation	Blood plasma
20230704_33523_Mateus_4588_2	homo sapiens	Blood plasma	not applicable	pancreatic adenocarcinoma	2	20230704_33523_Mateus_4588_2	proteomic profiling by mass spectrometry	NT=Data-dependent acquisition;AC=PRIDE:0000627	NT=label free sample;AC=MS:1002038	NT=orbitrap fusion lumos;AC=MS:1002732	NT=Carbamidomethyl;AC=UNIMOD:4;TA=C;MT=Fixed	NT=Oxidation;AC=UNIMOD:35;TA=M;MT=Variable	NT=Acetyl;AC=UNIMOD:1;PP=Protein N-term;MT=Variable	NT=Trypsin;AC=MS:1001251	NT=higher energy beam-type collision-induced dissociation;AC=MS:1002481	20 ppm	dithiothreitol (dtt)	iodoacetamide (iaa)	1	1	20230704_33523_Mateus_4588_2.raw	ftp://ftp.pride.ebi.ac.uk/pride/data/archive/2025/10/PXD064439/20230704_33523_Mateus_4588_2.raw	v1.1.0	NT=ms-proteomics;VV=v1.1.0	manual curation	Blood plasma
20230704_33923_Mateus_4578_2	homo sapiens	Blood plasma	not applicable	pancreatic adenocarcinoma	2	20230704_33923_Mateus_4578_2	proteomic profiling by mass spectrometry	NT=Data-dependent acquisition;AC=PRIDE:0000627	NT=label free sample;AC=MS:1002038	NT=orbitrap fusion lumos;AC=MS:1002732	NT=Carbamidomethyl;AC=UNIMOD:4;TA=C;MT=Fixed	NT=Oxidation;AC=UNIMOD:35;TA=M;MT=Variable	NT=Acetyl;AC=UNIMOD:1;PP=Protein N-term;MT=Variable	NT=Trypsin;AC=MS:1001251	NT=higher energy beam-type collision-induced dissociation;AC=MS:1002481	20 ppm	dithiothreitol (dtt)	iodoacetamide (iaa)	1	1	20230704_33923_Mateus_4578_2.raw	ftp://ftp.pride.ebi.ac.uk/pride/data/archive/2025/10/PXD064439/20230704_33923_Mateus_4578_2.raw	v1.1.0	NT=ms-proteomics;VV=v1.1.0	manual curation	Blood plasma
20230704_29523_Mateus_CTL8_1	homo sapiens	Blood plasma	not applicable	pancreatic adenocarcinoma	1	20230704_29523_Mateus_CTL8_1	proteomic profiling by mass spectrometry	NT=Data-dependent acquisition;AC=PRIDE:0000627	NT=label free sample;AC=MS:1002038	NT=orbitrap fusion lumos;AC=MS:1002732	NT=Carbamidomethyl;AC=UNIMOD:4;TA=C;MT=Fixed	NT=Oxidation;AC=UNIMOD:35;TA=M;MT=Variable	NT=Acetyl;AC=UNIMOD:1;PP=Protein N-term;MT=Variable	NT=Trypsin;AC=MS:1001251	NT=higher energy beam-type collision-induced dissociation;AC=MS:1002481	20 ppm	dithiothreitol (dtt)	iodoacetamide (iaa)	1	1	20230704_29523_Mateus_CTL8_1.raw	ftp://ftp.pride.ebi.ac.uk/pride/data/archive/2025/10/PXD064439/20230704_29523_Mateus_CTL8_1.raw	v1.1.0	NT=ms-proteomics;VV=v1.1.0	manual curation	Blood plasma
20230704_31223_Mateus_4592_2	homo sapiens	Blood plasma	not applicable	pancreatic adenocarcinoma	2	20230704_31223_Mateus_4592_2	proteomic profiling by mass spectrometry	NT=Data-dependent acquisition;AC=PRIDE:0000627	NT=label free sample;AC=MS:1002038	NT=orbitrap fusion lumos;AC=MS:1002732	NT=Carbamidomethyl;AC=UNIMOD:4;TA=C;MT=Fixed	NT=Oxidation;AC=UNIMOD:35;TA=M;MT=Variable	NT=Acetyl;AC=UNIMOD:1;PP=Protein N-term;MT=Variable	NT=Trypsin;AC=MS:1001251	NT=higher energy beam-type collision-induced dissociation;AC=MS:1002481	20 ppm	dithiothreitol (dtt)	iodoacetamide (iaa)	1	1	20230704_31223_Mateus_4592_2.raw	ftp://ftp.pride.ebi.ac.uk/pride/data/archive/2025/10/PXD064439/20230704_31223_Mateus_4592_2.raw	v1.1.0	NT=ms-proteomics;VV=v1.1.0	manual curation	Blood plasma
20230704_33723_Mateus_4549_2	homo sapiens	Blood plasma	not applicable	pancreatic adenocarcinoma	2	20230704_33723_Mateus_4549_2	proteomic profiling by mass spectrometry	NT=Data-dependent acquisition;AC=PRIDE:0000627	NT=label free sample;AC=MS:1002038	NT=orbitrap fusion lumos;AC=MS:1002732	NT=Carbamidomethyl;AC=UNIMOD:4;TA=C;MT=Fixed	NT=Oxidation;AC=UNIMOD:35;TA=M;MT=Variable	NT=Acetyl;AC=UNIMOD:1;PP=Protein N-term;MT=Variable	NT=Trypsin;AC=MS:1001251	NT=higher energy beam-type collision-induced dissociation;AC=MS:1002481	20 ppm	dithiothreitol (dtt)	iodoacetamide (iaa)	1	1	20230704_33723_Mateus_4549_2.raw	ftp://ftp.pride.ebi.ac.uk/pride/data/archive/2025/10/PXD064439/20230704_33723_Mateus_4549_2.raw	v1.1.0	NT=ms-proteomics;VV=v1.1.0	manual curation	Blood plasma
20230704_30223_Mateus_CTL15_2	homo sapiens	Blood plasma	not applicable	pancreatic adenocarcinoma	2	20230704_30223_Mateus_CTL15_2	proteomic profiling by mass spectrometry	NT=Data-dependent acquisition;AC=PRIDE:0000627	NT=label free sample;AC=MS:1002038	NT=orbitrap fusion lumos;AC=MS:1002732	NT=Carbamidomethyl;AC=UNIMOD:4;TA=C;MT=Fixed	NT=Oxidation;AC=UNIMOD:35;TA=M;MT=Variable	NT=Acetyl;AC=UNIMOD:1;PP=Protein N-term;MT=Variable	NT=Trypsin;AC=MS:1001251	NT=higher energy beam-type collision-induced dissociation;AC=MS:1002481	20 ppm	dithiothreitol (dtt)	iodoacetamide (iaa)	1	1	20230704_30223_Mateus_CTL15_2.raw	ftp://ftp.pride.ebi.ac.uk/pride/data/archive/2025/10/PXD064439/20230704_30223_Mateus_CTL15_2.raw	v1.1.0	NT=ms-proteomics;VV=v1.1.0	manual curation	Blood plasma
20230704_28923_Mateus_CTL2_2	homo sapiens	Blood plasma	not applicable	pancreatic adenocarcinoma	2	20230704_28923_Mateus_CTL2_2	proteomic profiling by mass spectrometry	NT=Data-dependent acquisition;AC=PRIDE:0000627	NT=label free sample;AC=MS:1002038	NT=orbitrap fusion lumos;AC=MS:1002732	NT=Carbamidomethyl;AC=UNIMOD:4;TA=C;MT=Fixed	NT=Oxidation;AC=UNIMOD:35;TA=M;MT=Variable	NT=Acetyl;AC=UNIMOD:1;PP=Protein N-term;MT=Variable	NT=Trypsin;AC=MS:1001251	NT=higher energy beam-type collision-induced dissociation;AC=MS:1002481	20 ppm	dithiothreitol (dtt)	iodoacetamide (iaa)	1	1	20230704_28923_Mateus_CTL2_2.raw	ftp://ftp.pride.ebi.ac.uk/pride/data/archive/2025/10/PXD064439/20230704_28923_Mateus_CTL2_2.raw	v1.1.0	NT=ms-proteomics;VV=v1.1.0	manual curation	Blood plasma
20230704_34423_Mateus_CT58_2	homo sapiens	Blood plasma	not applicable	pancreatic adenocarcinoma	2	20230704_34423_Mateus_CT58_2	proteomic profiling by mass spectrometry	NT=Data-dependent acquisition;AC=PRIDE:0000627	NT=label free sample;AC=MS:1002038	NT=orbitrap fusion lumos;AC=MS:1002732	NT=Carbamidomethyl;AC=UNIMOD:4;TA=C;MT=Fixed	NT=Oxidation;AC=UNIMOD:35;TA=M;MT=Variable	NT=Acetyl;AC=UNIMOD:1;PP=Protein N-term;MT=Variable	NT=Trypsin;AC=MS:1001251	NT=higher energy beam-type collision-induced dissociation;AC=MS:1002481	20 ppm	dithiothreitol (dtt)	iodoacetamide (iaa)	1	1	20230704_34423_Mateus_CT58_2.raw	ftp://ftp.pride.ebi.ac.uk/pride/data/archive/2025/10/PXD064439/20230704_34423_Mateus_CT58_2.raw	v1.1.0	NT=ms-proteomics;VV=v1.1.0	manual curation	Blood plasma
20230704_129123_Mateus_4589_1	homo sapiens	Blood plasma	not applicable	pancreatic adenocarcinoma	1	20230704_129123_Mateus_4589_1	proteomic profiling by mass spectrometry	NT=Data-dependent acquisition;AC=PRIDE:0000627	NT=label free sample;AC=MS:1002038	NT=orbitrap fusion lumos;AC=MS:1002732	NT=Carbamidomethyl;AC=UNIMOD:4;TA=C;MT=Fixed	NT=Oxidation;AC=UNIMOD:35;TA=M;MT=Variable	NT=Acetyl;AC=UNIMOD:1;PP=Protein N-term;MT=Variable	NT=Trypsin;AC=MS:1001251	NT=higher energy beam-type collision-induced dissociation;AC=MS:1002481	20 ppm	dithiothreitol (dtt)	iodoacetamide (iaa)	1	1	20230704_129123_Mateus_4589_1.raw	ftp://ftp.pride.ebi.ac.uk/pride/data/archive/2025/10/PXD064439/20230704_129123_Mateus_4589_1.raw	v1.1.0	NT=ms-proteomics;VV=v1.1.0	manual curation	Blood plasma
20230704_31523_Mateus_7358_1	homo sapiens	Blood plasma	not applicable	pancreatic adenocarcinoma	1	20230704_31523_Mateus_7358_1	proteomic profiling by mass spectrometry	NT=Data-dependent acquisition;AC=PRIDE:0000627	NT=label free sample;AC=MS:1002038	NT=orbitrap fusion lumos;AC=MS:1002732	NT=Carbamidomethyl;AC=UNIMOD:4;TA=C;MT=Fixed	NT=Oxidation;AC=UNIMOD:35;TA=M;MT=Variable	NT=Acetyl;AC=UNIMOD:1;PP=Protein N-term;MT=Variable	NT=Trypsin;AC=MS:1001251	NT=higher energy beam-type collision-induced dissociation;AC=MS:1002481	20 ppm	dithiothreitol (dtt)	iodoacetamide (iaa)	1	1	20230704_31523_Mateus_7358_1.raw	ftp://ftp.pride.ebi.ac.uk/pride/data/archive/2025/10/PXD064439/20230704_31523_Mateus_7358_1.raw	v1.1.0	NT=ms-proteomics;VV=v1.1.0	manual curation	Blood plasma
20230704_32523_Mateus_4530_2	homo sapiens	Blood plasma	not applicable	pancreatic adenocarcinoma	2	20230704_32523_Mateus_4530_2	proteomic profiling by mass spectrometry	NT=Data-dependent acquisition;AC=PRIDE:0000627	NT=label free sample;AC=MS:1002038	NT=orbitrap fusion lumos;AC=MS:1002732	NT=Carbamidomethyl;AC=UNIMOD:4;TA=C;MT=Fixed	NT=Oxidation;AC=UNIMOD:35;TA=M;MT=Variable	NT=Acetyl;AC=UNIMOD:1;PP=Protein N-term;MT=Variable	NT=Trypsin;AC=MS:1001251	NT=higher energy beam-type collision-induced dissociation;AC=MS:1002481	20 ppm	dithiothreitol (dtt)	iodoacetamide (iaa)	1	1	20230704_32523_Mateus_4530_2.raw	ftp://ftp.pride.ebi.ac.uk/pride/data/archive/2025/10/PXD064439/20230704_32523_Mateus_4530_2.raw	v1.1.0	NT=ms-proteomics;VV=v1.1.0	manual curation	Blood plasma
20230704_29723_Mateus_CTL10_2	homo sapiens	Blood plasma	not applicable	pancreatic adenocarcinoma	2	20230704_29723_Mateus_CTL10_2	proteomic profiling by mass spectrometry	NT=Data-dependent acquisition;AC=PRIDE:0000627	NT=label free sample;AC=MS:1002038	NT=orbitrap fusion lumos;AC=MS:1002732	NT=Carbamidomethyl;AC=UNIMOD:4;TA=C;MT=Fixed	NT=Oxidation;AC=UNIMOD:35;TA=M;MT=Variable	NT=Acetyl;AC=UNIMOD:1;PP=Protein N-term;MT=Variable	NT=Trypsin;AC=MS:1001251	NT=higher energy beam-type collision-induced dissociation;AC=MS:1002481	20 ppm	dithiothreitol (dtt)	iodoacetamide (iaa)	1	1	20230704_29723_Mateus_CTL10_2.raw	ftp://ftp.pride.ebi.ac.uk/pride/data/archive/2025/10/PXD064439/20230704_29723_Mateus_CTL10_2.raw	v1.1.0	NT=ms-proteomics;VV=v1.1.0	manual curation	Blood plasma
20230704_Mateus_pool_1	homo sapiens	Blood plasma	not applicable	pancreatic adenocarcinoma	1	20230704_Mateus_pool_1	proteomic profiling by mass spectrometry	NT=Data-dependent acquisition;AC=PRIDE:0000627	NT=label free sample;AC=MS:1002038	NT=orbitrap fusion lumos;AC=MS:1002732	NT=Carbamidomethyl;AC=UNIMOD:4;TA=C;MT=Fixed	NT=Oxidation;AC=UNIMOD:35;TA=M;MT=Variable	NT=Acetyl;AC=UNIMOD:1;PP=Protein N-term;MT=Variable	NT=Trypsin;AC=MS:1001251	NT=higher energy beam-type collision-induced dissociation;AC=MS:1002481	20 ppm	dithiothreitol (dtt)	iodoacetamide (iaa)	1	1	20230704_Mateus_pool_1.raw	ftp://ftp.pride.ebi.ac.uk/pride/data/archive/2025/10/PXD064439/20230704_Mateus_pool_1.raw	v1.1.0	NT=ms-proteomics;VV=v1.1.0	manual curation	Blood plasma
20230704_31023_Mateus_CTL32_2	homo sapiens	Blood plasma	not applicable	pancreatic adenocarcinoma	2	20230704_31023_Mateus_CTL32_2	proteomic profiling by mass spectrometry	NT=Data-dependent acquisition;AC=PRIDE:0000627	NT=label free sample;AC=MS:1002038	NT=orbitrap fusion lumos;AC=MS:1002732	NT=Carbamidomethyl;AC=UNIMOD:4;TA=C;MT=Fixed	NT=Oxidation;AC=UNIMOD:35;TA=M;MT=Variable	NT=Acetyl;AC=UNIMOD:1;PP=Protein N-term;MT=Variable	NT=Trypsin;AC=MS:1001251	NT=higher energy beam-type collision-induced dissociation;AC=MS:1002481	20 ppm	dithiothreitol (dtt)	iodoacetamide (iaa)	1	1	20230704_31023_Mateus_CTL32_2.raw	ftp://ftp.pride.ebi.ac.uk/pride/data/archive/2025/10/PXD064439/20230704_31023_Mateus_CTL32_2.raw	v1.1.0	NT=ms-proteomics;VV=v1.1.0	manual curation	Blood plasma
20230704_30523_Mateus_CTL21_2	homo sapiens	Blood plasma	not applicable	pancreatic adenocarcinoma	2	20230704_30523_Mateus_CTL21_2	proteomic profiling by mass spectrometry	NT=Data-dependent acquisition;AC=PRIDE:0000627	NT=label free sample;AC=MS:1002038	NT=orbitrap fusion lumos;AC=MS:1002732	NT=Carbamidomethyl;AC=UNIMOD:4;TA=C;MT=Fixed	NT=Oxidation;AC=UNIMOD:35;TA=M;MT=Variable	NT=Acetyl;AC=UNIMOD:1;PP=Protein N-term;MT=Variable	NT=Trypsin;AC=MS:1001251	NT=higher energy beam-type collision-induced dissociation;AC=MS:1002481	20 ppm	dithiothreitol (dtt)	iodoacetamide (iaa)	1	1	20230704_30523_Mateus_CTL21_2.raw	ftp://ftp.pride.ebi.ac.uk/pride/data/archive/2025/10/PXD064439/20230704_30523_Mateus_CTL21_2.raw	v1.1.0	NT=ms-proteomics;VV=v1.1.0	manual curation	Blood plasma
20230704_31323_Mateus_7360_2	homo sapiens	Blood plasma	not applicable	pancreatic adenocarcinoma	2	20230704_31323_Mateus_7360_2	proteomic profiling by mass spectrometry	NT=Data-dependent acquisition;AC=PRIDE:0000627	NT=label free sample;AC=MS:1002038	NT=orbitrap fusion lumos;AC=MS:1002732	NT=Carbamidomethyl;AC=UNIMOD:4;TA=C;MT=Fixed	NT=Oxidation;AC=UNIMOD:35;TA=M;MT=Variable	NT=Acetyl;AC=UNIMOD:1;PP=Protein N-term;MT=Variable	NT=Trypsin;AC=MS:1001251	NT=higher energy beam-type collision-induced dissociation;AC=MS:1002481	20 ppm	dithiothreitol (dtt)	iodoacetamide (iaa)	1	1	20230704_31323_Mateus_7360_2.raw	ftp://ftp.pride.ebi.ac.uk/pride/data/archive/2025/10/PXD064439/20230704_31323_Mateus_7360_2.raw	v1.1.0	NT=ms-proteomics;VV=v1.1.0	manual curation	Blood plasma
20230704_29023_Mateus_CTL3_1	homo sapiens	Blood plasma	not applicable	pancreatic adenocarcinoma	1	20230704_29023_Mateus_CTL3_1	proteomic profiling by mass spectrometry	NT=Data-dependent acquisition;AC=PRIDE:0000627	NT=label free sample;AC=MS:1002038	NT=orbitrap fusion lumos;AC=MS:1002732	NT=Carbamidomethyl;AC=UNIMOD:4;TA=C;MT=Fixed	NT=Oxidation;AC=UNIMOD:35;TA=M;MT=Variable	NT=Acetyl;AC=UNIMOD:1;PP=Protein N-term;MT=Variable	NT=Trypsin;AC=MS:1001251	NT=higher energy beam-type collision-induced dissociation;AC=MS:1002481	20 ppm	dithiothreitol (dtt)	iodoacetamide (iaa)	1	1	20230704_29023_Mateus_CTL3_1.raw	ftp://ftp.pride.ebi.ac.uk/pride/data/archive/2025/10/PXD064439/20230704_29023_Mateus_CTL3_1.raw	v1.1.0	NT=ms-proteomics;VV=v1.1.0	manual curation	Blood plasma
20230704_30323_Mateus_CTL16_4	homo sapiens	Blood plasma	not applicable	pancreatic adenocarcinoma	4	20230704_30323_Mateus_CTL16_4	proteomic profiling by mass spectrometry	NT=Data-dependent acquisition;AC=PRIDE:0000627	NT=label free sample;AC=MS:1002038	NT=orbitrap fusion lumos;AC=MS:1002732	NT=Carbamidomethyl;AC=UNIMOD:4;TA=C;MT=Fixed	NT=Oxidation;AC=UNIMOD:35;TA=M;MT=Variable	NT=Acetyl;AC=UNIMOD:1;PP=Protein N-term;MT=Variable	NT=Trypsin;AC=MS:1001251	NT=higher energy beam-type collision-induced dissociation;AC=MS:1002481	20 ppm	dithiothreitol (dtt)	iodoacetamide (iaa)	1	1	20230704_30323_Mateus_CTL16_4.raw	ftp://ftp.pride.ebi.ac.uk/pride/data/archive/2025/10/PXD064439/20230704_30323_Mateus_CTL16_4.raw	v1.1.0	NT=ms-proteomics;VV=v1.1.0	manual curation	Blood plasma
20230704_34023_Mateus_4052_2	homo sapiens	Blood plasma	not applicable	pancreatic adenocarcinoma	2	20230704_34023_Mateus_4052_2	proteomic profiling by mass spectrometry	NT=Data-dependent acquisition;AC=PRIDE:0000627	NT=label free sample;AC=MS:1002038	NT=orbitrap fusion lumos;AC=MS:1002732	NT=Carbamidomethyl;AC=UNIMOD:4;TA=C;MT=Fixed	NT=Oxidation;AC=UNIMOD:35;TA=M;MT=Variable	NT=Acetyl;AC=UNIMOD:1;PP=Protein N-term;MT=Variable	NT=Trypsin;AC=MS:1001251	NT=higher energy beam-type collision-induced dissociation;AC=MS:1002481	20 ppm	dithiothreitol (dtt)	iodoacetamide (iaa)	1	1	20230704_34023_Mateus_4052_2.raw	ftp://ftp.pride.ebi.ac.uk/pride/data/archive/2025/10/PXD064439/20230704_34023_Mateus_4052_2.raw	v1.1.0	NT=ms-proteomics;VV=v1.1.0	manual curation	Blood plasma
20230704_30023_Mateus_CTL13_1	homo sapiens	Blood plasma	not applicable	pancreatic adenocarcinoma	1	20230704_30023_Mateus_CTL13_1	proteomic profiling by mass spectrometry	NT=Data-dependent acquisition;AC=PRIDE:0000627	NT=label free sample;AC=MS:1002038	NT=orbitrap fusion lumos;AC=MS:1002732	NT=Carbamidomethyl;AC=UNIMOD:4;TA=C;MT=Fixed	NT=Oxidation;AC=UNIMOD:35;TA=M;MT=Variable	NT=Acetyl;AC=UNIMOD:1;PP=Protein N-term;MT=Variable	NT=Trypsin;AC=MS:1001251	NT=higher energy beam-type collision-induced dissociation;AC=MS:1002481	20 ppm	dithiothreitol (dtt)	iodoacetamide (iaa)	1	1	20230704_30023_Mateus_CTL13_1.raw	ftp://ftp.pride.ebi.ac.uk/pride/data/archive/2025/10/PXD064439/20230704_30023_Mateus_CTL13_1.raw	v1.1.0	NT=ms-proteomics;VV=v1.1.0	manual curation	Blood plasma
20230704_29823_Mateus_CTL11_2	homo sapiens	Blood plasma	not applicable	pancreatic adenocarcinoma	2	20230704_29823_Mateus_CTL11_2	proteomic profiling by mass spectrometry	NT=Data-dependent acquisition;AC=PRIDE:0000627	NT=label free sample;AC=MS:1002038	NT=orbitrap fusion lumos;AC=MS:1002732	NT=Carbamidomethyl;AC=UNIMOD:4;TA=C;MT=Fixed	NT=Oxidation;AC=UNIMOD:35;TA=M;MT=Variable	NT=Acetyl;AC=UNIMOD:1;PP=Protein N-term;MT=Variable	NT=Trypsin;AC=MS:1001251	NT=higher energy beam-type collision-induced dissociation;AC=MS:1002481	20 ppm	dithiothreitol (dtt)	iodoacetamide (iaa)	1	1	20230704_29823_Mateus_CTL11_2.raw	ftp://ftp.pride.ebi.ac.uk/pride/data/archive/2025/10/PXD064439/20230704_29823_Mateus_CTL11_2.raw	v1.1.0	NT=ms-proteomics;VV=v1.1.0	manual curation	Blood plasma
20230704_33123_Mateus_4525_1	homo sapiens	Blood plasma	not applicable	pancreatic adenocarcinoma	1	20230704_33123_Mateus_4525_1	proteomic profiling by mass spectrometry	NT=Data-dependent acquisition;AC=PRIDE:0000627	NT=label free sample;AC=MS:1002038	NT=orbitrap fusion lumos;AC=MS:1002732	NT=Carbamidomethyl;AC=UNIMOD:4;TA=C;MT=Fixed	NT=Oxidation;AC=UNIMOD:35;TA=M;MT=Variable	NT=Acetyl;AC=UNIMOD:1;PP=Protein N-term;MT=Variable	NT=Trypsin;AC=MS:1001251	NT=higher energy beam-type collision-induced dissociation;AC=MS:1002481	20 ppm	dithiothreitol (dtt)	iodoacetamide (iaa)	1	1	20230704_33123_Mateus_4525_1.raw	ftp://ftp.pride.ebi.ac.uk/pride/data/archive/2025/10/PXD064439/20230704_33123_Mateus_4525_1.raw	v1.1.0	NT=ms-proteomics;VV=v1.1.0	manual curation	Blood plasma
20230704_31623_Mateus_4574_1	homo sapiens	Blood plasma	not applicable	pancreatic adenocarcinoma	1	20230704_31623_Mateus_4574_1	proteomic profiling by mass spectrometry	NT=Data-dependent acquisition;AC=PRIDE:0000627	NT=label free sample;AC=MS:1002038	NT=orbitrap fusion lumos;AC=MS:1002732	NT=Carbamidomethyl;AC=UNIMOD:4;TA=C;MT=Fixed	NT=Oxidation;AC=UNIMOD:35;TA=M;MT=Variable	NT=Acetyl;AC=UNIMOD:1;PP=Protein N-term;MT=Variable	NT=Trypsin;AC=MS:1001251	NT=higher energy beam-type collision-induced dissociation;AC=MS:1002481	20 ppm	dithiothreitol (dtt)	iodoacetamide (iaa)	1	1	20230704_31623_Mateus_4574_1.raw	ftp://ftp.pride.ebi.ac.uk/pride/data/archive/2025/10/PXD064439/20230704_31623_Mateus_4574_1.raw	v1.1.0	NT=ms-proteomics;VV=v1.1.0	manual curation	Blood plasma
20230704_33023_Mateus_4508_2	homo sapiens	Blood plasma	not applicable	pancreatic adenocarcinoma	2	20230704_33023_Mateus_4508_2	proteomic profiling by mass spectrometry	NT=Data-dependent acquisition;AC=PRIDE:0000627	NT=label free sample;AC=MS:1002038	NT=orbitrap fusion lumos;AC=MS:1002732	NT=Carbamidomethyl;AC=UNIMOD:4;TA=C;MT=Fixed	NT=Oxidation;AC=UNIMOD:35;TA=M;MT=Variable	NT=Acetyl;AC=UNIMOD:1;PP=Protein N-term;MT=Variable	NT=Trypsin;AC=MS:1001251	NT=higher energy beam-type collision-induced dissociation;AC=MS:1002481	20 ppm	dithiothreitol (dtt)	iodoacetamide (iaa)	1	1	20230704_33023_Mateus_4508_2.raw	ftp://ftp.pride.ebi.ac.uk/pride/data/archive/2025/10/PXD064439/20230704_33023_Mateus_4508_2.raw	v1.1.0	NT=ms-proteomics;VV=v1.1.0	manual curation	Blood plasma
20230704_29923_Mateus_CTL12_1	homo sapiens	Blood plasma	not applicable	pancreatic adenocarcinoma	1	20230704_29923_Mateus_CTL12_1	proteomic profiling by mass spectrometry	NT=Data-dependent acquisition;AC=PRIDE:0000627	NT=label free sample;AC=MS:1002038	NT=orbitrap fusion lumos;AC=MS:1002732	NT=Carbamidomethyl;AC=UNIMOD:4;TA=C;MT=Fixed	NT=Oxidation;AC=UNIMOD:35;TA=M;MT=Variable	NT=Acetyl;AC=UNIMOD:1;PP=Protein N-term;MT=Variable	NT=Trypsin;AC=MS:1001251	NT=higher energy beam-type collision-induced dissociation;AC=MS:1002481	20 ppm	dithiothreitol (dtt)	iodoacetamide (iaa)	1	1	20230704_29923_Mateus_CTL12_1.raw	ftp://ftp.pride.ebi.ac.uk/pride/data/archive/2025/10/PXD064439/20230704_29923_Mateus_CTL12_1.raw	v1.1.0	NT=ms-proteomics;VV=v1.1.0	manual curation	Blood plasma
20230704_29023_Mateus_CTL3_2	homo sapiens	Blood plasma	not applicable	pancreatic adenocarcinoma	2	20230704_29023_Mateus_CTL3_2	proteomic profiling by mass spectrometry	NT=Data-dependent acquisition;AC=PRIDE:0000627	NT=label free sample;AC=MS:1002038	NT=orbitrap fusion lumos;AC=MS:1002732	NT=Carbamidomethyl;AC=UNIMOD:4;TA=C;MT=Fixed	NT=Oxidation;AC=UNIMOD:35;TA=M;MT=Variable	NT=Acetyl;AC=UNIMOD:1;PP=Protein N-term;MT=Variable	NT=Trypsin;AC=MS:1001251	NT=higher energy beam-type collision-induced dissociation;AC=MS:1002481	20 ppm	dithiothreitol (dtt)	iodoacetamide (iaa)	1	1	20230704_29023_Mateus_CTL3_2.raw	ftp://ftp.pride.ebi.ac.uk/pride/data/archive/2025/10/PXD064439/20230704_29023_Mateus_CTL3_2.raw	v1.1.0	NT=ms-proteomics;VV=v1.1.0	manual curation	Blood plasma
20230704_29723_Mateus_CTL10_1	homo sapiens	Blood plasma	not applicable	pancreatic adenocarcinoma	1	20230704_29723_Mateus_CTL10_1	proteomic profiling by mass spectrometry	NT=Data-dependent acquisition;AC=PRIDE:0000627	NT=label free sample;AC=MS:1002038	NT=orbitrap fusion lumos;AC=MS:1002732	NT=Carbamidomethyl;AC=UNIMOD:4;TA=C;MT=Fixed	NT=Oxidation;AC=UNIMOD:35;TA=M;MT=Variable	NT=Acetyl;AC=UNIMOD:1;PP=Protein N-term;MT=Variable	NT=Trypsin;AC=MS:1001251	NT=higher energy beam-type collision-induced dissociation;AC=MS:1002481	20 ppm	dithiothreitol (dtt)	iodoacetamide (iaa)	1	1	20230704_29723_Mateus_CTL10_1.raw	ftp://ftp.pride.ebi.ac.uk/pride/data/archive/2025/10/PXD064439/20230704_29723_Mateus_CTL10_1.raw	v1.1.0	NT=ms-proteomics;VV=v1.1.0	manual curation	Blood plasma
20230704_30223_Mateus_CTL15_1	homo sapiens	Blood plasma	not applicable	pancreatic adenocarcinoma	1	20230704_30223_Mateus_CTL15_1	proteomic profiling by mass spectrometry	NT=Data-dependent acquisition;AC=PRIDE:0000627	NT=label free sample;AC=MS:1002038	NT=orbitrap fusion lumos;AC=MS:1002732	NT=Carbamidomethyl;AC=UNIMOD:4;TA=C;MT=Fixed	NT=Oxidation;AC=UNIMOD:35;TA=M;MT=Variable	NT=Acetyl;AC=UNIMOD:1;PP=Protein N-term;MT=Variable	NT=Trypsin;AC=MS:1001251	NT=higher energy beam-type collision-induced dissociation;AC=MS:1002481	20 ppm	dithiothreitol (dtt)	iodoacetamide (iaa)	1	1	20230704_30223_Mateus_CTL15_1.raw	ftp://ftp.pride.ebi.ac.uk/pride/data/archive/2025/10/PXD064439/20230704_30223_Mateus_CTL15_1.raw	v1.1.0	NT=ms-proteomics;VV=v1.1.0	manual curation	Blood plasma
20230704_128723_Mateus_PLASMAPOOL1_2	homo sapiens	Blood plasma	not applicable	pancreatic adenocarcinoma	2	20230704_128723_Mateus_PLASMAPOOL1_2	proteomic profiling by mass spectrometry	NT=Data-dependent acquisition;AC=PRIDE:0000627	NT=label free sample;AC=MS:1002038	NT=orbitrap fusion lumos;AC=MS:1002732	NT=Carbamidomethyl;AC=UNIMOD:4;TA=C;MT=Fixed	NT=Oxidation;AC=UNIMOD:35;TA=M;MT=Variable	NT=Acetyl;AC=UNIMOD:1;PP=Protein N-term;MT=Variable	NT=Trypsin;AC=MS:1001251	NT=higher energy beam-type collision-induced dissociation;AC=MS:1002481	20 ppm	dithiothreitol (dtt)	iodoacetamide (iaa)	1	1	20230704_128723_Mateus_PLASMAPOOL1_2.raw	ftp://ftp.pride.ebi.ac.uk/pride/data/archive/2025/10/PXD064439/20230704_128723_Mateus_PLASMAPOOL1_2.raw	v1.1.0	NT=ms-proteomics;VV=v1.1.0	manual curation	Blood plasma
20230704_30923_Mateus_CTL31_2	homo sapiens	Blood plasma	not applicable	pancreatic adenocarcinoma	2	20230704_30923_Mateus_CTL31_2	proteomic profiling by mass spectrometry	NT=Data-dependent acquisition;AC=PRIDE:0000627	NT=label free sample;AC=MS:1002038	NT=orbitrap fusion lumos;AC=MS:1002732	NT=Carbamidomethyl;AC=UNIMOD:4;TA=C;MT=Fixed	NT=Oxidation;AC=UNIMOD:35;TA=M;MT=Variable	NT=Acetyl;AC=UNIMOD:1;PP=Protein N-term;MT=Variable	NT=Trypsin;AC=MS:1001251	NT=higher energy beam-type collision-induced dissociation;AC=MS:1002481	20 ppm	dithiothreitol (dtt)	iodoacetamide (iaa)	1	1	20230704_30923_Mateus_CTL31_2.raw	ftp://ftp.pride.ebi.ac.uk/pride/data/archive/2025/10/PXD064439/20230704_30923_Mateus_CTL31_2.raw	v1.1.0	NT=ms-proteomics;VV=v1.1.0	manual curation	Blood plasma
20230704_34323_Mateus_CT56_1	homo sapiens	Blood plasma	not applicable	pancreatic adenocarcinoma	1	20230704_34323_Mateus_CT56_1	proteomic profiling by mass spectrometry	NT=Data-dependent acquisition;AC=PRIDE:0000627	NT=label free sample;AC=MS:1002038	NT=orbitrap fusion lumos;AC=MS:1002732	NT=Carbamidomethyl;AC=UNIMOD:4;TA=C;MT=Fixed	NT=Oxidation;AC=UNIMOD:35;TA=M;MT=Variable	NT=Acetyl;AC=UNIMOD:1;PP=Protein N-term;MT=Variable	NT=Trypsin;AC=MS:1001251	NT=higher energy beam-type collision-induced dissociation;AC=MS:1002481	20 ppm	dithiothreitol (dtt)	iodoacetamide (iaa)	1	1	20230704_34323_Mateus_CT56_1.raw	ftp://ftp.pride.ebi.ac.uk/pride/data/archive/2025/10/PXD064439/20230704_34323_Mateus_CT56_1.raw	v1.1.0	NT=ms-proteomics;VV=v1.1.0	manual curation	Blood plasma
20230704_31823_Mateus_7367_1	homo sapiens	Blood plasma	not applicable	pancreatic adenocarcinoma	1	20230704_31823_Mateus_7367_1	proteomic profiling by mass spectrometry	NT=Data-dependent acquisition;AC=PRIDE:0000627	NT=label free sample;AC=MS:1002038	NT=orbitrap fusion lumos;AC=MS:1002732	NT=Carbamidomethyl;AC=UNIMOD:4;TA=C;MT=Fixed	NT=Oxidation;AC=UNIMOD:35;TA=M;MT=Variable	NT=Acetyl;AC=UNIMOD:1;PP=Protein N-term;MT=Variable	NT=Trypsin;AC=MS:1001251	NT=higher energy beam-type collision-induced dissociation;AC=MS:1002481	20 ppm	dithiothreitol (dtt)	iodoacetamide (iaa)	1	1	20230704_31823_Mateus_7367_1.raw	ftp://ftp.pride.ebi.ac.uk/pride/data/archive/2025/10/PXD064439/20230704_31823_Mateus_7367_1.raw	v1.1.0	NT=ms-proteomics;VV=v1.1.0	manual curation	Blood plasma
20230704_29523_Mateus_CTL8_2	homo sapiens	Blood plasma	not applicable	pancreatic adenocarcinoma	2	20230704_29523_Mateus_CTL8_2	proteomic profiling by mass spectrometry	NT=Data-dependent acquisition;AC=PRIDE:0000627	NT=label free sample;AC=MS:1002038	NT=orbitrap fusion lumos;AC=MS:1002732	NT=Carbamidomethyl;AC=UNIMOD:4;TA=C;MT=Fixed	NT=Oxidation;AC=UNIMOD:35;TA=M;MT=Variable	NT=Acetyl;AC=UNIMOD:1;PP=Protein N-term;MT=Variable	NT=Trypsin;AC=MS:1001251	NT=higher energy beam-type collision-induced dissociation;AC=MS:1002481	20 ppm	dithiothreitol (dtt)	iodoacetamide (iaa)	1	1	20230704_29523_Mateus_CTL8_2.raw	ftp://ftp.pride.ebi.ac.uk/pride/data/archive/2025/10/PXD064439/20230704_29523_Mateus_CTL8_2.raw	v1.1.0	NT=ms-proteomics;VV=v1.1.0	manual curation	Blood plasma
20230704_32223_Mateus_4586_2	homo sapiens	Blood plasma	not applicable	pancreatic adenocarcinoma	2	20230704_32223_Mateus_4586_2	proteomic profiling by mass spectrometry	NT=Data-dependent acquisition;AC=PRIDE:0000627	NT=label free sample;AC=MS:1002038	NT=orbitrap fusion lumos;AC=MS:1002732	NT=Carbamidomethyl;AC=UNIMOD:4;TA=C;MT=Fixed	NT=Oxidation;AC=UNIMOD:35;TA=M;MT=Variable	NT=Acetyl;AC=UNIMOD:1;PP=Protein N-term;MT=Variable	NT=Trypsin;AC=MS:1001251	NT=higher energy beam-type collision-induced dissociation;AC=MS:1002481	20 ppm	dithiothreitol (dtt)	iodoacetamide (iaa)	1	1	20230704_32223_Mateus_4586_2.raw	ftp://ftp.pride.ebi.ac.uk/pride/data/archive/2025/10/PXD064439/20230704_32223_Mateus_4586_2.raw	v1.1.0	NT=ms-proteomics;VV=v1.1.0	manual curation	Blood plasma
20230704_30023_Mateus_CTL13_2	homo sapiens	Blood plasma	not applicable	pancreatic adenocarcinoma	2	20230704_30023_Mateus_CTL13_2	proteomic profiling by mass spectrometry	NT=Data-dependent acquisition;AC=PRIDE:0000627	NT=label free sample;AC=MS:1002038	NT=orbitrap fusion lumos;AC=MS:1002732	NT=Carbamidomethyl;AC=UNIMOD:4;TA=C;MT=Fixed	NT=Oxidation;AC=UNIMOD:35;TA=M;MT=Variable	NT=Acetyl;AC=UNIMOD:1;PP=Protein N-term;MT=Variable	NT=Trypsin;AC=MS:1001251	NT=higher energy beam-type collision-induced dissociation;AC=MS:1002481	20 ppm	dithiothreitol (dtt)	iodoacetamide (iaa)	1	1	20230704_30023_Mateus_CTL13_2.raw	ftp://ftp.pride.ebi.ac.uk/pride/data/archive/2025/10/PXD064439/20230704_30023_Mateus_CTL13_2.raw	v1.1.0	NT=ms-proteomics;VV=v1.1.0	manual curation	Blood plasma
20230704_31223_Mateus_4592_1	homo sapiens	Blood plasma	not applicable	pancreatic adenocarcinoma	1	20230704_31223_Mateus_4592_1	proteomic profiling by mass spectrometry	NT=Data-dependent acquisition;AC=PRIDE:0000627	NT=label free sample;AC=MS:1002038	NT=orbitrap fusion lumos;AC=MS:1002732	NT=Carbamidomethyl;AC=UNIMOD:4;TA=C;MT=Fixed	NT=Oxidation;AC=UNIMOD:35;TA=M;MT=Variable	NT=Acetyl;AC=UNIMOD:1;PP=Protein N-term;MT=Variable	NT=Trypsin;AC=MS:1001251	NT=higher energy beam-type collision-induced dissociation;AC=MS:1002481	20 ppm	dithiothreitol (dtt)	iodoacetamide (iaa)	1	1	20230704_31223_Mateus_4592_1.raw	ftp://ftp.pride.ebi.ac.uk/pride/data/archive/2025/10/PXD064439/20230704_31223_Mateus_4592_1.raw	v1.1.0	NT=ms-proteomics;VV=v1.1.0	manual curation	Blood plasma
20230704_33423_Mateus_4560_1	homo sapiens	Blood plasma	not applicable	pancreatic adenocarcinoma	1	20230704_33423_Mateus_4560_1	proteomic profiling by mass spectrometry	NT=Data-dependent acquisition;AC=PRIDE:0000627	NT=label free sample;AC=MS:1002038	NT=orbitrap fusion lumos;AC=MS:1002732	NT=Carbamidomethyl;AC=UNIMOD:4;TA=C;MT=Fixed	NT=Oxidation;AC=UNIMOD:35;TA=M;MT=Variable	NT=Acetyl;AC=UNIMOD:1;PP=Protein N-term;MT=Variable	NT=Trypsin;AC=MS:1001251	NT=higher energy beam-type collision-induced dissociation;AC=MS:1002481	20 ppm	dithiothreitol (dtt)	iodoacetamide (iaa)	1	1	20230704_33423_Mateus_4560_1.raw	ftp://ftp.pride.ebi.ac.uk/pride/data/archive/2025/10/PXD064439/20230704_33423_Mateus_4560_1.raw	v1.1.0	NT=ms-proteomics;VV=v1.1.0	manual curation	Blood plasma
20230704_32623_Mateus_4067_1	homo sapiens	Blood plasma	not applicable	pancreatic adenocarcinoma	1	20230704_32623_Mateus_4067_1	proteomic profiling by mass spectrometry	NT=Data-dependent acquisition;AC=PRIDE:0000627	NT=label free sample;AC=MS:1002038	NT=orbitrap fusion lumos;AC=MS:1002732	NT=Carbamidomethyl;AC=UNIMOD:4;TA=C;MT=Fixed	NT=Oxidation;AC=UNIMOD:35;TA=M;MT=Variable	NT=Acetyl;AC=UNIMOD:1;PP=Protein N-term;MT=Variable	NT=Trypsin;AC=MS:1001251	NT=higher energy beam-type collision-induced dissociation;AC=MS:1002481	20 ppm	dithiothreitol (dtt)	iodoacetamide (iaa)	1	1	20230704_32623_Mateus_4067_1.raw	ftp://ftp.pride.ebi.ac.uk/pride/data/archive/2025/10/PXD064439/20230704_32623_Mateus_4067_1.raw	v1.1.0	NT=ms-proteomics;VV=v1.1.0	manual curation	Blood plasma
20230704_33923_Mateus_4578_1	homo sapiens	Blood plasma	not applicable	pancreatic adenocarcinoma	1	20230704_33923_Mateus_4578_1	proteomic profiling by mass spectrometry	NT=Data-dependent acquisition;AC=PRIDE:0000627	NT=label free sample;AC=MS:1002038	NT=orbitrap fusion lumos;AC=MS:1002732	NT=Carbamidomethyl;AC=UNIMOD:4;TA=C;MT=Fixed	NT=Oxidation;AC=UNIMOD:35;TA=M;MT=Variable	NT=Acetyl;AC=UNIMOD:1;PP=Protein N-term;MT=Variable	NT=Trypsin;AC=MS:1001251	NT=higher energy beam-type collision-induced dissociation;AC=MS:1002481	20 ppm	dithiothreitol (dtt)	iodoacetamide (iaa)	1	1	20230704_33923_Mateus_4578_1.raw	ftp://ftp.pride.ebi.ac.uk/pride/data/archive/2025/10/PXD064439/20230704_33923_Mateus_4578_1.raw	v1.1.0	NT=ms-proteomics;VV=v1.1.0	manual curation	Blood plasma
