source name	characteristics[organism]	characteristics[organism part]	characteristics[disease]	characteristics[age]	characteristics[sex]	characteristics[cell type]	characteristics[biological replicate]	material type	characteristics[developmental stage]	characteristics[strain or breed]	assay name	technology type	comment[sdrf version]	comment[sdrf template]	comment[proteomics data acquisition method]	comment[fraction identifier]	comment[technical replicate]	comment[label]	comment[instrument]	comment[precursor mass tolerance]	comment[fragment mass tolerance]	comment[dissociation method]	comment[cleavage agent details]	comment[modification parameters]	comment[modification parameters]	comment[modification parameters]	comment[modification parameters]	comment[file uri]	comment[data file]
PXD002767-Sample-1	Solanum tuberosum	leaf	not available	not available	not available	not available	1	tissue	not available	not available	run 1	proteomic profiling by mass spectrometry	v1.1.0	NT=ms-proteomics;VV=v1.1.0	NT=Data-Dependent Acquisition;AC=PRIDE:0000627	1	1	AC=MS:1002038;NT=label free sample	NT=Q Exactive;AC=MS:1001911	20 ppm	0.03 Da	AC=MS:1000422;NT=HCD	AC=MS:1001251;NT=Trypsin	NT=Carbamidomethyl;AC=UNIMOD:4;TA=C;MT=Fixed	NT=Oxidation;AC=UNIMOD:35;MT=Variable;TA=M	NT=Acetyl;MT=Variable;TA=Protein N-term;AC=UNIMOD:1	NT=Deamidated;MT=Variable;TA=N,Q;AC=UNIMOD:7	./PXD002767/Sar_S4_2241_4.raw	Sar_S4_2241_4.raw
PXD002767-Sample-2	Solanum tuberosum	leaf	not available	not available	not available	not available	1	tissue	not available	not available	run 2	proteomic profiling by mass spectrometry	v1.1.0	NT=ms-proteomics;VV=v1.1.0	NT=Data-Dependent Acquisition;AC=PRIDE:0000627	1	1	AC=MS:1002038;NT=label free sample	NT=Q Exactive;AC=MS:1001911	20 ppm	0.03 Da	AC=MS:1000422;NT=HCD	AC=MS:1001251;NT=Trypsin	NT=Carbamidomethyl;AC=UNIMOD:4;TA=C;MT=Fixed	NT=Oxidation;AC=UNIMOD:35;MT=Variable;TA=M	NT=Acetyl;MT=Variable;TA=Protein N-term;AC=UNIMOD:1	NT=Deamidated;MT=Variable;TA=N,Q;AC=UNIMOD:7	./PXD002767/Sar_S16_2292_4.raw	Sar_S16_2292_4.raw
PXD002767-Sample-3	Solanum tuberosum	leaf	not available	not available	not available	not available	1	tissue	not available	not available	run 3	proteomic profiling by mass spectrometry	v1.1.0	NT=ms-proteomics;VV=v1.1.0	NT=Data-Dependent Acquisition;AC=PRIDE:0000627	1	1	AC=MS:1002038;NT=label free sample	NT=Q Exactive;AC=MS:1001911	20 ppm	0.03 Da	AC=MS:1000422;NT=HCD	AC=MS:1001251;NT=Trypsin	NT=Carbamidomethyl;AC=UNIMOD:4;TA=C;MT=Fixed	NT=Oxidation;AC=UNIMOD:35;MT=Variable;TA=M	NT=Acetyl;MT=Variable;TA=Protein N-term;AC=UNIMOD:1	NT=Deamidated;MT=Variable;TA=N,Q;AC=UNIMOD:7	./PXD002767/Bin_S120_2360_2.raw	Bin_S120_2360_2.raw
PXD002767-Sample-4	Solanum tuberosum	leaf	not available	not available	not available	not available	1	tissue	not available	not available	run 4	proteomic profiling by mass spectrometry	v1.1.0	NT=ms-proteomics;VV=v1.1.0	NT=Data-Dependent Acquisition;AC=PRIDE:0000627	1	1	AC=MS:1002038;NT=label free sample	NT=Q Exactive;AC=MS:1001911	20 ppm	0.03 Da	AC=MS:1000422;NT=HCD	AC=MS:1001251;NT=Trypsin	NT=Carbamidomethyl;AC=UNIMOD:4;TA=C;MT=Fixed	NT=Oxidation;AC=UNIMOD:35;MT=Variable;TA=M	NT=Acetyl;MT=Variable;TA=Protein N-term;AC=UNIMOD:1	NT=Deamidated;MT=Variable;TA=N,Q;AC=UNIMOD:7	./PXD002767/Kur_S4_2231_1.raw	Kur_S4_2231_1.raw
PXD002767-Sample-5	Solanum tuberosum	leaf	not available	not available	not available	not available	1	tissue	not available	not available	run 5	proteomic profiling by mass spectrometry	v1.1.0	NT=ms-proteomics;VV=v1.1.0	NT=Data-Dependent Acquisition;AC=PRIDE:0000627	1	1	AC=MS:1002038;NT=label free sample	NT=Q Exactive;AC=MS:1001911	20 ppm	0.03 Da	AC=MS:1000422;NT=HCD	AC=MS:1001251;NT=Trypsin	NT=Carbamidomethyl;AC=UNIMOD:4;TA=C;MT=Fixed	NT=Oxidation;AC=UNIMOD:35;MT=Variable;TA=M	NT=Acetyl;MT=Variable;TA=Protein N-term;AC=UNIMOD:1	NT=Deamidated;MT=Variable;TA=N,Q;AC=UNIMOD:7	./PXD002767/Sar_S258_2444_4.raw	Sar_S258_2444_4.raw
PXD002767-Sample-6	Solanum tuberosum	leaf	not available	not available	not available	not available	1	tissue	not available	not available	run 6	proteomic profiling by mass spectrometry	v1.1.0	NT=ms-proteomics;VV=v1.1.0	NT=Data-Dependent Acquisition;AC=PRIDE:0000627	1	1	AC=MS:1002038;NT=label free sample	NT=Q Exactive;AC=MS:1001911	20 ppm	0.03 Da	AC=MS:1000422;NT=HCD	AC=MS:1001251;NT=Trypsin	NT=Carbamidomethyl;AC=UNIMOD:4;TA=C;MT=Fixed	NT=Oxidation;AC=UNIMOD:35;MT=Variable;TA=M	NT=Acetyl;MT=Variable;TA=Protein N-term;AC=UNIMOD:1	NT=Deamidated;MT=Variable;TA=N,Q;AC=UNIMOD:7	./PXD002767/Bin_K65_4.raw	Bin_K65_4.raw
PXD002767-Sample-7	Solanum tuberosum	leaf	not available	not available	not available	not available	1	tissue	not available	not available	run 7	proteomic profiling by mass spectrometry	v1.1.0	NT=ms-proteomics;VV=v1.1.0	NT=Data-Dependent Acquisition;AC=PRIDE:0000627	1	1	AC=MS:1002038;NT=label free sample	NT=Q Exactive;AC=MS:1001911	20 ppm	0.03 Da	AC=MS:1000422;NT=HCD	AC=MS:1001251;NT=Trypsin	NT=Carbamidomethyl;AC=UNIMOD:4;TA=C;MT=Fixed	NT=Oxidation;AC=UNIMOD:35;MT=Variable;TA=M	NT=Acetyl;MT=Variable;TA=Protein N-term;AC=UNIMOD:1	NT=Deamidated;MT=Variable;TA=N,Q;AC=UNIMOD:7	./PXD002767/Sar_K65_1.raw	Sar_K65_1.raw
PXD002767-Sample-8	Solanum tuberosum	leaf	not available	not available	not available	not available	1	tissue	not available	not available	run 8	proteomic profiling by mass spectrometry	v1.1.0	NT=ms-proteomics;VV=v1.1.0	NT=Data-Dependent Acquisition;AC=PRIDE:0000627	1	1	AC=MS:1002038;NT=label free sample	NT=Q Exactive;AC=MS:1001911	20 ppm	0.03 Da	AC=MS:1000422;NT=HCD	AC=MS:1001251;NT=Trypsin	NT=Carbamidomethyl;AC=UNIMOD:4;TA=C;MT=Fixed	NT=Oxidation;AC=UNIMOD:35;MT=Variable;TA=M	NT=Acetyl;MT=Variable;TA=Protein N-term;AC=UNIMOD:1	NT=Deamidated;MT=Variable;TA=N,Q;AC=UNIMOD:7	./PXD002767/Bin_K4_2.raw	Bin_K4_2.raw
PXD002767-Sample-9	Solanum tuberosum	leaf	not available	not available	not available	not available	1	tissue	not available	not available	run 9	proteomic profiling by mass spectrometry	v1.1.0	NT=ms-proteomics;VV=v1.1.0	NT=Data-Dependent Acquisition;AC=PRIDE:0000627	1	1	AC=MS:1002038;NT=label free sample	NT=Q Exactive;AC=MS:1001911	20 ppm	0.03 Da	AC=MS:1000422;NT=HCD	AC=MS:1001251;NT=Trypsin	NT=Carbamidomethyl;AC=UNIMOD:4;TA=C;MT=Fixed	NT=Oxidation;AC=UNIMOD:35;MT=Variable;TA=M	NT=Acetyl;MT=Variable;TA=Protein N-term;AC=UNIMOD:1	NT=Deamidated;MT=Variable;TA=N,Q;AC=UNIMOD:7	./PXD002767/Sar_S4_2240_3.raw	Sar_S4_2240_3.raw
PXD002767-Sample-10	Solanum tuberosum	leaf	not available	not available	not available	not available	1	tissue	not available	not available	run 10	proteomic profiling by mass spectrometry	v1.1.0	NT=ms-proteomics;VV=v1.1.0	NT=Data-Dependent Acquisition;AC=PRIDE:0000627	1	1	AC=MS:1002038;NT=label free sample	NT=Q Exactive;AC=MS:1001911	20 ppm	0.03 Da	AC=MS:1000422;NT=HCD	AC=MS:1001251;NT=Trypsin	NT=Carbamidomethyl;AC=UNIMOD:4;TA=C;MT=Fixed	NT=Oxidation;AC=UNIMOD:35;MT=Variable;TA=M	NT=Acetyl;MT=Variable;TA=Protein N-term;AC=UNIMOD:1	NT=Deamidated;MT=Variable;TA=N,Q;AC=UNIMOD:7	./PXD002767/Kur_K65_4.raw	Kur_K65_4.raw
PXD002767-Sample-11	Solanum tuberosum	leaf	not available	not available	not available	not available	1	tissue	not available	not available	run 11	proteomic profiling by mass spectrometry	v1.1.0	NT=ms-proteomics;VV=v1.1.0	NT=Data-Dependent Acquisition;AC=PRIDE:0000627	1	1	AC=MS:1002038;NT=label free sample	NT=Q Exactive;AC=MS:1001911	20 ppm	0.03 Da	AC=MS:1000422;NT=HCD	AC=MS:1001251;NT=Trypsin	NT=Carbamidomethyl;AC=UNIMOD:4;TA=C;MT=Fixed	NT=Oxidation;AC=UNIMOD:35;MT=Variable;TA=M	NT=Acetyl;MT=Variable;TA=Protein N-term;AC=UNIMOD:1	NT=Deamidated;MT=Variable;TA=N,Q;AC=UNIMOD:7	./PXD002767/Sar_K4_1b.raw	Sar_K4_1b.raw
PXD002767-Sample-12	Solanum tuberosum	leaf	not available	not available	not available	not available	1	tissue	not available	not available	run 12	proteomic profiling by mass spectrometry	v1.1.0	NT=ms-proteomics;VV=v1.1.0	NT=Data-Dependent Acquisition;AC=PRIDE:0000627	1	1	AC=MS:1002038;NT=label free sample	NT=Q Exactive;AC=MS:1001911	20 ppm	0.03 Da	AC=MS:1000422;NT=HCD	AC=MS:1001251;NT=Trypsin	NT=Carbamidomethyl;AC=UNIMOD:4;TA=C;MT=Fixed	NT=Oxidation;AC=UNIMOD:35;MT=Variable;TA=M	NT=Acetyl;MT=Variable;TA=Protein N-term;AC=UNIMOD:1	NT=Deamidated;MT=Variable;TA=N,Q;AC=UNIMOD:7	./PXD002767/Kur_S120_2385_2.raw	Kur_S120_2385_2.raw
PXD002767-Sample-13	Solanum tuberosum	leaf	not available	not available	not available	not available	1	tissue	not available	not available	run 13	proteomic profiling by mass spectrometry	v1.1.0	NT=ms-proteomics;VV=v1.1.0	NT=Data-Dependent Acquisition;AC=PRIDE:0000627	1	1	AC=MS:1002038;NT=label free sample	NT=Q Exactive;AC=MS:1001911	20 ppm	0.03 Da	AC=MS:1000422;NT=HCD	AC=MS:1001251;NT=Trypsin	NT=Carbamidomethyl;AC=UNIMOD:4;TA=C;MT=Fixed	NT=Oxidation;AC=UNIMOD:35;MT=Variable;TA=M	NT=Acetyl;MT=Variable;TA=Protein N-term;AC=UNIMOD:1	NT=Deamidated;MT=Variable;TA=N,Q;AC=UNIMOD:7	./PXD002767/Kur_S120_2385_3.raw	Kur_S120_2385_3.raw
PXD002767-Sample-14	Solanum tuberosum	leaf	not available	not available	not available	not available	1	tissue	not available	not available	run 14	proteomic profiling by mass spectrometry	v1.1.0	NT=ms-proteomics;VV=v1.1.0	NT=Data-Dependent Acquisition;AC=PRIDE:0000627	1	1	AC=MS:1002038;NT=label free sample	NT=Q Exactive;AC=MS:1001911	20 ppm	0.03 Da	AC=MS:1000422;NT=HCD	AC=MS:1001251;NT=Trypsin	NT=Carbamidomethyl;AC=UNIMOD:4;TA=C;MT=Fixed	NT=Oxidation;AC=UNIMOD:35;MT=Variable;TA=M	NT=Acetyl;MT=Variable;TA=Protein N-term;AC=UNIMOD:1	NT=Deamidated;MT=Variable;TA=N,Q;AC=UNIMOD:7	./PXD002767/Sar_K16_2b.raw	Sar_K16_2b.raw
PXD002767-Sample-15	Solanum tuberosum	leaf	not available	not available	not available	not available	1	tissue	not available	not available	run 15	proteomic profiling by mass spectrometry	v1.1.0	NT=ms-proteomics;VV=v1.1.0	NT=Data-Dependent Acquisition;AC=PRIDE:0000627	1	1	AC=MS:1002038;NT=label free sample	NT=Q Exactive;AC=MS:1001911	20 ppm	0.03 Da	AC=MS:1000422;NT=HCD	AC=MS:1001251;NT=Trypsin	NT=Carbamidomethyl;AC=UNIMOD:4;TA=C;MT=Fixed	NT=Oxidation;AC=UNIMOD:35;MT=Variable;TA=M	NT=Acetyl;MT=Variable;TA=Protein N-term;AC=UNIMOD:1	NT=Deamidated;MT=Variable;TA=N,Q;AC=UNIMOD:7	./PXD002767/Sar_K65_4b.raw	Sar_K65_4b.raw
PXD002767-Sample-16	Solanum tuberosum	leaf	not available	not available	not available	not available	1	tissue	not available	not available	run 16	proteomic profiling by mass spectrometry	v1.1.0	NT=ms-proteomics;VV=v1.1.0	NT=Data-Dependent Acquisition;AC=PRIDE:0000627	1	1	AC=MS:1002038;NT=label free sample	NT=Q Exactive;AC=MS:1001911	20 ppm	0.03 Da	AC=MS:1000422;NT=HCD	AC=MS:1001251;NT=Trypsin	NT=Carbamidomethyl;AC=UNIMOD:4;TA=C;MT=Fixed	NT=Oxidation;AC=UNIMOD:35;MT=Variable;TA=M	NT=Acetyl;MT=Variable;TA=Protein N-term;AC=UNIMOD:1	NT=Deamidated;MT=Variable;TA=N,Q;AC=UNIMOD:7	./PXD002767/Sar_K120_1.raw	Sar_K120_1.raw
PXD002767-Sample-17	Solanum tuberosum	leaf	not available	not available	not available	not available	1	tissue	not available	not available	run 17	proteomic profiling by mass spectrometry	v1.1.0	NT=ms-proteomics;VV=v1.1.0	NT=Data-Dependent Acquisition;AC=PRIDE:0000627	1	1	AC=MS:1002038;NT=label free sample	NT=Q Exactive;AC=MS:1001911	20 ppm	0.03 Da	AC=MS:1000422;NT=HCD	AC=MS:1001251;NT=Trypsin	NT=Carbamidomethyl;AC=UNIMOD:4;TA=C;MT=Fixed	NT=Oxidation;AC=UNIMOD:35;MT=Variable;TA=M	NT=Acetyl;MT=Variable;TA=Protein N-term;AC=UNIMOD:1	NT=Deamidated;MT=Variable;TA=N,Q;AC=UNIMOD:7	./PXD002767/Sar_S65_2342_3.raw	Sar_S65_2342_3.raw
PXD002767-Sample-18	Solanum tuberosum	leaf	not available	not available	not available	not available	1	tissue	not available	not available	run 18	proteomic profiling by mass spectrometry	v1.1.0	NT=ms-proteomics;VV=v1.1.0	NT=Data-Dependent Acquisition;AC=PRIDE:0000627	1	1	AC=MS:1002038;NT=label free sample	NT=Q Exactive;AC=MS:1001911	20 ppm	0.03 Da	AC=MS:1000422;NT=HCD	AC=MS:1001251;NT=Trypsin	NT=Carbamidomethyl;AC=UNIMOD:4;TA=C;MT=Fixed	NT=Oxidation;AC=UNIMOD:35;MT=Variable;TA=M	NT=Acetyl;MT=Variable;TA=Protein N-term;AC=UNIMOD:1	NT=Deamidated;MT=Variable;TA=N,Q;AC=UNIMOD:7	./PXD002767/Kur_S16_2284_1.raw	Kur_S16_2284_1.raw
PXD002767-Sample-19	Solanum tuberosum	leaf	not available	not available	not available	not available	1	tissue	not available	not available	run 19	proteomic profiling by mass spectrometry	v1.1.0	NT=ms-proteomics;VV=v1.1.0	NT=Data-Dependent Acquisition;AC=PRIDE:0000627	1	1	AC=MS:1002038;NT=label free sample	NT=Q Exactive;AC=MS:1001911	20 ppm	0.03 Da	AC=MS:1000422;NT=HCD	AC=MS:1001251;NT=Trypsin	NT=Carbamidomethyl;AC=UNIMOD:4;TA=C;MT=Fixed	NT=Oxidation;AC=UNIMOD:35;MT=Variable;TA=M	NT=Acetyl;MT=Variable;TA=Protein N-term;AC=UNIMOD:1	NT=Deamidated;MT=Variable;TA=N,Q;AC=UNIMOD:7	./PXD002767/Kur_S258_2435_2.raw	Kur_S258_2435_2.raw
PXD002767-Sample-20	Solanum tuberosum	leaf	not available	not available	not available	not available	1	tissue	not available	not available	run 20	proteomic profiling by mass spectrometry	v1.1.0	NT=ms-proteomics;VV=v1.1.0	NT=Data-Dependent Acquisition;AC=PRIDE:0000627	1	1	AC=MS:1002038;NT=label free sample	NT=Q Exactive;AC=MS:1001911	20 ppm	0.03 Da	AC=MS:1000422;NT=HCD	AC=MS:1001251;NT=Trypsin	NT=Carbamidomethyl;AC=UNIMOD:4;TA=C;MT=Fixed	NT=Oxidation;AC=UNIMOD:35;MT=Variable;TA=M	NT=Acetyl;MT=Variable;TA=Protein N-term;AC=UNIMOD:1	NT=Deamidated;MT=Variable;TA=N,Q;AC=UNIMOD:7	./PXD002767/Bin_K4_3.raw	Bin_K4_3.raw
PXD002767-Sample-21	Solanum tuberosum	leaf	not available	not available	not available	not available	1	tissue	not available	not available	run 21	proteomic profiling by mass spectrometry	v1.1.0	NT=ms-proteomics;VV=v1.1.0	NT=Data-Dependent Acquisition;AC=PRIDE:0000627	1	1	AC=MS:1002038;NT=label free sample	NT=Q Exactive;AC=MS:1001911	20 ppm	0.03 Da	AC=MS:1000422;NT=HCD	AC=MS:1001251;NT=Trypsin	NT=Carbamidomethyl;AC=UNIMOD:4;TA=C;MT=Fixed	NT=Oxidation;AC=UNIMOD:35;MT=Variable;TA=M	NT=Acetyl;MT=Variable;TA=Protein N-term;AC=UNIMOD:1	NT=Deamidated;MT=Variable;TA=N,Q;AC=UNIMOD:7	./PXD002767/Sar_S16_2293_3.raw	Sar_S16_2293_3.raw
PXD002767-Sample-22	Solanum tuberosum	leaf	not available	not available	not available	not available	1	tissue	not available	not available	run 22	proteomic profiling by mass spectrometry	v1.1.0	NT=ms-proteomics;VV=v1.1.0	NT=Data-Dependent Acquisition;AC=PRIDE:0000627	1	1	AC=MS:1002038;NT=label free sample	NT=Q Exactive;AC=MS:1001911	20 ppm	0.03 Da	AC=MS:1000422;NT=HCD	AC=MS:1001251;NT=Trypsin	NT=Carbamidomethyl;AC=UNIMOD:4;TA=C;MT=Fixed	NT=Oxidation;AC=UNIMOD:35;MT=Variable;TA=M	NT=Acetyl;MT=Variable;TA=Protein N-term;AC=UNIMOD:1	NT=Deamidated;MT=Variable;TA=N,Q;AC=UNIMOD:7	./PXD002767/Sar_S16_2293_2.raw	Sar_S16_2293_2.raw
PXD002767-Sample-23	Solanum tuberosum	leaf	not available	not available	not available	not available	1	tissue	not available	not available	run 23	proteomic profiling by mass spectrometry	v1.1.0	NT=ms-proteomics;VV=v1.1.0	NT=Data-Dependent Acquisition;AC=PRIDE:0000627	1	1	AC=MS:1002038;NT=label free sample	NT=Q Exactive;AC=MS:1001911	20 ppm	0.03 Da	AC=MS:1000422;NT=HCD	AC=MS:1001251;NT=Trypsin	NT=Carbamidomethyl;AC=UNIMOD:4;TA=C;MT=Fixed	NT=Oxidation;AC=UNIMOD:35;MT=Variable;TA=M	NT=Acetyl;MT=Variable;TA=Protein N-term;AC=UNIMOD:1	NT=Deamidated;MT=Variable;TA=N,Q;AC=UNIMOD:7	./PXD002767/Kur_S16_2282_2.raw	Kur_S16_2282_2.raw
PXD002767-Sample-24	Solanum tuberosum	leaf	not available	not available	not available	not available	1	tissue	not available	not available	run 24	proteomic profiling by mass spectrometry	v1.1.0	NT=ms-proteomics;VV=v1.1.0	NT=Data-Dependent Acquisition;AC=PRIDE:0000627	1	1	AC=MS:1002038;NT=label free sample	NT=Q Exactive;AC=MS:1001911	20 ppm	0.03 Da	AC=MS:1000422;NT=HCD	AC=MS:1001251;NT=Trypsin	NT=Carbamidomethyl;AC=UNIMOD:4;TA=C;MT=Fixed	NT=Oxidation;AC=UNIMOD:35;MT=Variable;TA=M	NT=Acetyl;MT=Variable;TA=Protein N-term;AC=UNIMOD:1	NT=Deamidated;MT=Variable;TA=N,Q;AC=UNIMOD:7	./PXD002767/Sar_K65_3b.raw	Sar_K65_3b.raw
PXD002767-Sample-25	Solanum tuberosum	leaf	not available	not available	not available	not available	1	tissue	not available	not available	run 25	proteomic profiling by mass spectrometry	v1.1.0	NT=ms-proteomics;VV=v1.1.0	NT=Data-Dependent Acquisition;AC=PRIDE:0000627	1	1	AC=MS:1002038;NT=label free sample	NT=Q Exactive;AC=MS:1001911	20 ppm	0.03 Da	AC=MS:1000422;NT=HCD	AC=MS:1001251;NT=Trypsin	NT=Carbamidomethyl;AC=UNIMOD:4;TA=C;MT=Fixed	NT=Oxidation;AC=UNIMOD:35;MT=Variable;TA=M	NT=Acetyl;MT=Variable;TA=Protein N-term;AC=UNIMOD:1	NT=Deamidated;MT=Variable;TA=N,Q;AC=UNIMOD:7	./PXD002767/Sar_S120_2394_1.raw	Sar_S120_2394_1.raw
PXD002767-Sample-26	Solanum tuberosum	leaf	not available	not available	not available	not available	1	tissue	not available	not available	run 26	proteomic profiling by mass spectrometry	v1.1.0	NT=ms-proteomics;VV=v1.1.0	NT=Data-Dependent Acquisition;AC=PRIDE:0000627	1	1	AC=MS:1002038;NT=label free sample	NT=Q Exactive;AC=MS:1001911	20 ppm	0.03 Da	AC=MS:1000422;NT=HCD	AC=MS:1001251;NT=Trypsin	NT=Carbamidomethyl;AC=UNIMOD:4;TA=C;MT=Fixed	NT=Oxidation;AC=UNIMOD:35;MT=Variable;TA=M	NT=Acetyl;MT=Variable;TA=Protein N-term;AC=UNIMOD:1	NT=Deamidated;MT=Variable;TA=N,Q;AC=UNIMOD:7	./PXD002767/Kur_K16_4.raw	Kur_K16_4.raw
PXD002767-Sample-27	Solanum tuberosum	leaf	not available	not available	not available	not available	1	tissue	not available	not available	run 27	proteomic profiling by mass spectrometry	v1.1.0	NT=ms-proteomics;VV=v1.1.0	NT=Data-Dependent Acquisition;AC=PRIDE:0000627	1	1	AC=MS:1002038;NT=label free sample	NT=Q Exactive;AC=MS:1001911	20 ppm	0.03 Da	AC=MS:1000422;NT=HCD	AC=MS:1001251;NT=Trypsin	NT=Carbamidomethyl;AC=UNIMOD:4;TA=C;MT=Fixed	NT=Oxidation;AC=UNIMOD:35;MT=Variable;TA=M	NT=Acetyl;MT=Variable;TA=Protein N-term;AC=UNIMOD:1	NT=Deamidated;MT=Variable;TA=N,Q;AC=UNIMOD:7	./PXD002767/Kur_S258_2437_4.raw	Kur_S258_2437_4.raw
PXD002767-Sample-28	Solanum tuberosum	leaf	not available	not available	not available	not available	1	tissue	not available	not available	run 28	proteomic profiling by mass spectrometry	v1.1.0	NT=ms-proteomics;VV=v1.1.0	NT=Data-Dependent Acquisition;AC=PRIDE:0000627	1	1	AC=MS:1002038;NT=label free sample	NT=Q Exactive;AC=MS:1001911	20 ppm	0.03 Da	AC=MS:1000422;NT=HCD	AC=MS:1001251;NT=Trypsin	NT=Carbamidomethyl;AC=UNIMOD:4;TA=C;MT=Fixed	NT=Oxidation;AC=UNIMOD:35;MT=Variable;TA=M	NT=Acetyl;MT=Variable;TA=Protein N-term;AC=UNIMOD:1	NT=Deamidated;MT=Variable;TA=N,Q;AC=UNIMOD:7	./PXD002767/Sar_K258_1b.raw	Sar_K258_1b.raw
PXD002767-Sample-29	Solanum tuberosum	leaf	not available	not available	not available	not available	1	tissue	not available	not available	run 29	proteomic profiling by mass spectrometry	v1.1.0	NT=ms-proteomics;VV=v1.1.0	NT=Data-Dependent Acquisition;AC=PRIDE:0000627	1	1	AC=MS:1002038;NT=label free sample	NT=Q Exactive;AC=MS:1001911	20 ppm	0.03 Da	AC=MS:1000422;NT=HCD	AC=MS:1001251;NT=Trypsin	NT=Carbamidomethyl;AC=UNIMOD:4;TA=C;MT=Fixed	NT=Oxidation;AC=UNIMOD:35;MT=Variable;TA=M	NT=Acetyl;MT=Variable;TA=Protein N-term;AC=UNIMOD:1	NT=Deamidated;MT=Variable;TA=N,Q;AC=UNIMOD:7	./PXD002767/Kur_K258_1.raw	Kur_K258_1.raw
PXD002767-Sample-30	Solanum tuberosum	leaf	not available	not available	not available	not available	1	tissue	not available	not available	run 30	proteomic profiling by mass spectrometry	v1.1.0	NT=ms-proteomics;VV=v1.1.0	NT=Data-Dependent Acquisition;AC=PRIDE:0000627	1	1	AC=MS:1002038;NT=label free sample	NT=Q Exactive;AC=MS:1001911	20 ppm	0.03 Da	AC=MS:1000422;NT=HCD	AC=MS:1001251;NT=Trypsin	NT=Carbamidomethyl;AC=UNIMOD:4;TA=C;MT=Fixed	NT=Oxidation;AC=UNIMOD:35;MT=Variable;TA=M	NT=Acetyl;MT=Variable;TA=Protein N-term;AC=UNIMOD:1	NT=Deamidated;MT=Variable;TA=N,Q;AC=UNIMOD:7	./PXD002767/Sar_K258_1.raw	Sar_K258_1.raw
PXD002767-Sample-31	Solanum tuberosum	leaf	not available	not available	not available	not available	1	tissue	not available	not available	run 31	proteomic profiling by mass spectrometry	v1.1.0	NT=ms-proteomics;VV=v1.1.0	NT=Data-Dependent Acquisition;AC=PRIDE:0000627	1	1	AC=MS:1002038;NT=label free sample	NT=Q Exactive;AC=MS:1001911	20 ppm	0.03 Da	AC=MS:1000422;NT=HCD	AC=MS:1001251;NT=Trypsin	NT=Carbamidomethyl;AC=UNIMOD:4;TA=C;MT=Fixed	NT=Oxidation;AC=UNIMOD:35;MT=Variable;TA=M	NT=Acetyl;MT=Variable;TA=Protein N-term;AC=UNIMOD:1	NT=Deamidated;MT=Variable;TA=N,Q;AC=UNIMOD:7	./PXD002767/Kur_K120_1.raw	Kur_K120_1.raw
PXD002767-Sample-32	Solanum tuberosum	leaf	not available	not available	not available	not available	1	tissue	not available	not available	run 32	proteomic profiling by mass spectrometry	v1.1.0	NT=ms-proteomics;VV=v1.1.0	NT=Data-Dependent Acquisition;AC=PRIDE:0000627	1	1	AC=MS:1002038;NT=label free sample	NT=Q Exactive;AC=MS:1001911	20 ppm	0.03 Da	AC=MS:1000422;NT=HCD	AC=MS:1001251;NT=Trypsin	NT=Carbamidomethyl;AC=UNIMOD:4;TA=C;MT=Fixed	NT=Oxidation;AC=UNIMOD:35;MT=Variable;TA=M	NT=Acetyl;MT=Variable;TA=Protein N-term;AC=UNIMOD:1	NT=Deamidated;MT=Variable;TA=N,Q;AC=UNIMOD:7	./PXD002767/Sar_K120_3b.raw	Sar_K120_3b.raw
PXD002767-Sample-33	Solanum tuberosum	leaf	not available	not available	not available	not available	1	tissue	not available	not available	run 33	proteomic profiling by mass spectrometry	v1.1.0	NT=ms-proteomics;VV=v1.1.0	NT=Data-Dependent Acquisition;AC=PRIDE:0000627	1	1	AC=MS:1002038;NT=label free sample	NT=Q Exactive;AC=MS:1001911	20 ppm	0.03 Da	AC=MS:1000422;NT=HCD	AC=MS:1001251;NT=Trypsin	NT=Carbamidomethyl;AC=UNIMOD:4;TA=C;MT=Fixed	NT=Oxidation;AC=UNIMOD:35;MT=Variable;TA=M	NT=Acetyl;MT=Variable;TA=Protein N-term;AC=UNIMOD:1	NT=Deamidated;MT=Variable;TA=N,Q;AC=UNIMOD:7	./PXD002767/Bin_S120_2361_4.raw	Bin_S120_2361_4.raw
PXD002767-Sample-34	Solanum tuberosum	leaf	not available	not available	not available	not available	1	tissue	not available	not available	run 34	proteomic profiling by mass spectrometry	v1.1.0	NT=ms-proteomics;VV=v1.1.0	NT=Data-Dependent Acquisition;AC=PRIDE:0000627	1	1	AC=MS:1002038;NT=label free sample	NT=Q Exactive;AC=MS:1001911	20 ppm	0.03 Da	AC=MS:1000422;NT=HCD	AC=MS:1001251;NT=Trypsin	NT=Carbamidomethyl;AC=UNIMOD:4;TA=C;MT=Fixed	NT=Oxidation;AC=UNIMOD:35;MT=Variable;TA=M	NT=Acetyl;MT=Variable;TA=Protein N-term;AC=UNIMOD:1	NT=Deamidated;MT=Variable;TA=N,Q;AC=UNIMOD:7	./PXD002767/Bin_S16_2258_2.raw	Bin_S16_2258_2.raw
PXD002767-Sample-35	Solanum tuberosum	leaf	not available	not available	not available	not available	1	tissue	not available	not available	run 35	proteomic profiling by mass spectrometry	v1.1.0	NT=ms-proteomics;VV=v1.1.0	NT=Data-Dependent Acquisition;AC=PRIDE:0000627	1	1	AC=MS:1002038;NT=label free sample	NT=Q Exactive;AC=MS:1001911	20 ppm	0.03 Da	AC=MS:1000422;NT=HCD	AC=MS:1001251;NT=Trypsin	NT=Carbamidomethyl;AC=UNIMOD:4;TA=C;MT=Fixed	NT=Oxidation;AC=UNIMOD:35;MT=Variable;TA=M	NT=Acetyl;MT=Variable;TA=Protein N-term;AC=UNIMOD:1	NT=Deamidated;MT=Variable;TA=N,Q;AC=UNIMOD:7	./PXD002767/Sar_S4_2242_4.raw	Sar_S4_2242_4.raw
PXD002767-Sample-36	Solanum tuberosum	leaf	not available	not available	not available	not available	1	tissue	not available	not available	run 36	proteomic profiling by mass spectrometry	v1.1.0	NT=ms-proteomics;VV=v1.1.0	NT=Data-Dependent Acquisition;AC=PRIDE:0000627	1	1	AC=MS:1002038;NT=label free sample	NT=Q Exactive;AC=MS:1001911	20 ppm	0.03 Da	AC=MS:1000422;NT=HCD	AC=MS:1001251;NT=Trypsin	NT=Carbamidomethyl;AC=UNIMOD:4;TA=C;MT=Fixed	NT=Oxidation;AC=UNIMOD:35;MT=Variable;TA=M	NT=Acetyl;MT=Variable;TA=Protein N-term;AC=UNIMOD:1	NT=Deamidated;MT=Variable;TA=N,Q;AC=UNIMOD:7	./PXD002767/Kur_S4_2232_1.raw	Kur_S4_2232_1.raw
PXD002767-Sample-37	Solanum tuberosum	leaf	not available	not available	not available	not available	1	tissue	not available	not available	run 37	proteomic profiling by mass spectrometry	v1.1.0	NT=ms-proteomics;VV=v1.1.0	NT=Data-Dependent Acquisition;AC=PRIDE:0000627	1	1	AC=MS:1002038;NT=label free sample	NT=Q Exactive;AC=MS:1001911	20 ppm	0.03 Da	AC=MS:1000422;NT=HCD	AC=MS:1001251;NT=Trypsin	NT=Carbamidomethyl;AC=UNIMOD:4;TA=C;MT=Fixed	NT=Oxidation;AC=UNIMOD:35;MT=Variable;TA=M	NT=Acetyl;MT=Variable;TA=Protein N-term;AC=UNIMOD:1	NT=Deamidated;MT=Variable;TA=N,Q;AC=UNIMOD:7	./PXD002767/Sar_K120_3.raw	Sar_K120_3.raw
PXD002767-Sample-38	Solanum tuberosum	leaf	not available	not available	not available	not available	1	tissue	not available	not available	run 38	proteomic profiling by mass spectrometry	v1.1.0	NT=ms-proteomics;VV=v1.1.0	NT=Data-Dependent Acquisition;AC=PRIDE:0000627	1	1	AC=MS:1002038;NT=label free sample	NT=Q Exactive;AC=MS:1001911	20 ppm	0.03 Da	AC=MS:1000422;NT=HCD	AC=MS:1001251;NT=Trypsin	NT=Carbamidomethyl;AC=UNIMOD:4;TA=C;MT=Fixed	NT=Oxidation;AC=UNIMOD:35;MT=Variable;TA=M	NT=Acetyl;MT=Variable;TA=Protein N-term;AC=UNIMOD:1	NT=Deamidated;MT=Variable;TA=N,Q;AC=UNIMOD:7	./PXD002767/Sar_K65_2.raw	Sar_K65_2.raw
PXD002767-Sample-39	Solanum tuberosum	leaf	not available	not available	not available	not available	1	tissue	not available	not available	run 39	proteomic profiling by mass spectrometry	v1.1.0	NT=ms-proteomics;VV=v1.1.0	NT=Data-Dependent Acquisition;AC=PRIDE:0000627	1	1	AC=MS:1002038;NT=label free sample	NT=Q Exactive;AC=MS:1001911	20 ppm	0.03 Da	AC=MS:1000422;NT=HCD	AC=MS:1001251;NT=Trypsin	NT=Carbamidomethyl;AC=UNIMOD:4;TA=C;MT=Fixed	NT=Oxidation;AC=UNIMOD:35;MT=Variable;TA=M	NT=Acetyl;MT=Variable;TA=Protein N-term;AC=UNIMOD:1	NT=Deamidated;MT=Variable;TA=N,Q;AC=UNIMOD:7	./PXD002767/Bin_S65_2309_4.raw	Bin_S65_2309_4.raw
PXD002767-Sample-40	Solanum tuberosum	leaf	not available	not available	not available	not available	1	tissue	not available	not available	run 40	proteomic profiling by mass spectrometry	v1.1.0	NT=ms-proteomics;VV=v1.1.0	NT=Data-Dependent Acquisition;AC=PRIDE:0000627	1	1	AC=MS:1002038;NT=label free sample	NT=Q Exactive;AC=MS:1001911	20 ppm	0.03 Da	AC=MS:1000422;NT=HCD	AC=MS:1001251;NT=Trypsin	NT=Carbamidomethyl;AC=UNIMOD:4;TA=C;MT=Fixed	NT=Oxidation;AC=UNIMOD:35;MT=Variable;TA=M	NT=Acetyl;MT=Variable;TA=Protein N-term;AC=UNIMOD:1	NT=Deamidated;MT=Variable;TA=N,Q;AC=UNIMOD:7	./PXD002767/Bin_S258_2412_4.raw	Bin_S258_2412_4.raw
PXD002767-Sample-41	Solanum tuberosum	leaf	not available	not available	not available	not available	1	tissue	not available	not available	run 41	proteomic profiling by mass spectrometry	v1.1.0	NT=ms-proteomics;VV=v1.1.0	NT=Data-Dependent Acquisition;AC=PRIDE:0000627	1	1	AC=MS:1002038;NT=label free sample	NT=Q Exactive;AC=MS:1001911	20 ppm	0.03 Da	AC=MS:1000422;NT=HCD	AC=MS:1001251;NT=Trypsin	NT=Carbamidomethyl;AC=UNIMOD:4;TA=C;MT=Fixed	NT=Oxidation;AC=UNIMOD:35;MT=Variable;TA=M	NT=Acetyl;MT=Variable;TA=Protein N-term;AC=UNIMOD:1	NT=Deamidated;MT=Variable;TA=N,Q;AC=UNIMOD:7	./PXD002767/Sar_S120_2395_4.raw	Sar_S120_2395_4.raw
PXD002767-Sample-42	Solanum tuberosum	leaf	not available	not available	not available	not available	1	tissue	not available	not available	run 42	proteomic profiling by mass spectrometry	v1.1.0	NT=ms-proteomics;VV=v1.1.0	NT=Data-Dependent Acquisition;AC=PRIDE:0000627	1	1	AC=MS:1002038;NT=label free sample	NT=Q Exactive;AC=MS:1001911	20 ppm	0.03 Da	AC=MS:1000422;NT=HCD	AC=MS:1001251;NT=Trypsin	NT=Carbamidomethyl;AC=UNIMOD:4;TA=C;MT=Fixed	NT=Oxidation;AC=UNIMOD:35;MT=Variable;TA=M	NT=Acetyl;MT=Variable;TA=Protein N-term;AC=UNIMOD:1	NT=Deamidated;MT=Variable;TA=N,Q;AC=UNIMOD:7	./PXD002767/Sar_S258_2445_1.raw	Sar_S258_2445_1.raw
PXD002767-Sample-43	Solanum tuberosum	leaf	not available	not available	not available	not available	1	tissue	not available	not available	run 43	proteomic profiling by mass spectrometry	v1.1.0	NT=ms-proteomics;VV=v1.1.0	NT=Data-Dependent Acquisition;AC=PRIDE:0000627	1	1	AC=MS:1002038;NT=label free sample	NT=Q Exactive;AC=MS:1001911	20 ppm	0.03 Da	AC=MS:1000422;NT=HCD	AC=MS:1001251;NT=Trypsin	NT=Carbamidomethyl;AC=UNIMOD:4;TA=C;MT=Fixed	NT=Oxidation;AC=UNIMOD:35;MT=Variable;TA=M	NT=Acetyl;MT=Variable;TA=Protein N-term;AC=UNIMOD:1	NT=Deamidated;MT=Variable;TA=N,Q;AC=UNIMOD:7	./PXD002767/Kur_S16_2284_3.raw	Kur_S16_2284_3.raw
PXD002767-Sample-44	Solanum tuberosum	leaf	not available	not available	not available	not available	1	tissue	not available	not available	run 44	proteomic profiling by mass spectrometry	v1.1.0	NT=ms-proteomics;VV=v1.1.0	NT=Data-Dependent Acquisition;AC=PRIDE:0000627	1	1	AC=MS:1002038;NT=label free sample	NT=Q Exactive;AC=MS:1001911	20 ppm	0.03 Da	AC=MS:1000422;NT=HCD	AC=MS:1001251;NT=Trypsin	NT=Carbamidomethyl;AC=UNIMOD:4;TA=C;MT=Fixed	NT=Oxidation;AC=UNIMOD:35;MT=Variable;TA=M	NT=Acetyl;MT=Variable;TA=Protein N-term;AC=UNIMOD:1	NT=Deamidated;MT=Variable;TA=N,Q;AC=UNIMOD:7	./PXD002767/Kur_S4_2232_3.raw	Kur_S4_2232_3.raw
PXD002767-Sample-45	Solanum tuberosum	leaf	not available	not available	not available	not available	1	tissue	not available	not available	run 45	proteomic profiling by mass spectrometry	v1.1.0	NT=ms-proteomics;VV=v1.1.0	NT=Data-Dependent Acquisition;AC=PRIDE:0000627	1	1	AC=MS:1002038;NT=label free sample	NT=Q Exactive;AC=MS:1001911	20 ppm	0.03 Da	AC=MS:1000422;NT=HCD	AC=MS:1001251;NT=Trypsin	NT=Carbamidomethyl;AC=UNIMOD:4;TA=C;MT=Fixed	NT=Oxidation;AC=UNIMOD:35;MT=Variable;TA=M	NT=Acetyl;MT=Variable;TA=Protein N-term;AC=UNIMOD:1	NT=Deamidated;MT=Variable;TA=N,Q;AC=UNIMOD:7	./PXD002767/Sar_K4_1.raw	Sar_K4_1.raw
PXD002767-Sample-46	Solanum tuberosum	leaf	not available	not available	not available	not available	1	tissue	not available	not available	run 46	proteomic profiling by mass spectrometry	v1.1.0	NT=ms-proteomics;VV=v1.1.0	NT=Data-Dependent Acquisition;AC=PRIDE:0000627	1	1	AC=MS:1002038;NT=label free sample	NT=Q Exactive;AC=MS:1001911	20 ppm	0.03 Da	AC=MS:1000422;NT=HCD	AC=MS:1001251;NT=Trypsin	NT=Carbamidomethyl;AC=UNIMOD:4;TA=C;MT=Fixed	NT=Oxidation;AC=UNIMOD:35;MT=Variable;TA=M	NT=Acetyl;MT=Variable;TA=Protein N-term;AC=UNIMOD:1	NT=Deamidated;MT=Variable;TA=N,Q;AC=UNIMOD:7	./PXD002767/Kur_S258_2436_1.raw	Kur_S258_2436_1.raw
PXD002767-Sample-47	Solanum tuberosum	leaf	not available	not available	not available	not available	1	tissue	not available	not available	run 47	proteomic profiling by mass spectrometry	v1.1.0	NT=ms-proteomics;VV=v1.1.0	NT=Data-Dependent Acquisition;AC=PRIDE:0000627	1	1	AC=MS:1002038;NT=label free sample	NT=Q Exactive;AC=MS:1001911	20 ppm	0.03 Da	AC=MS:1000422;NT=HCD	AC=MS:1001251;NT=Trypsin	NT=Carbamidomethyl;AC=UNIMOD:4;TA=C;MT=Fixed	NT=Oxidation;AC=UNIMOD:35;MT=Variable;TA=M	NT=Acetyl;MT=Variable;TA=Protein N-term;AC=UNIMOD:1	NT=Deamidated;MT=Variable;TA=N,Q;AC=UNIMOD:7	./PXD002767/Sar_S16_2293_1.raw	Sar_S16_2293_1.raw
PXD002767-Sample-48	Solanum tuberosum	leaf	not available	not available	not available	not available	1	tissue	not available	not available	run 48	proteomic profiling by mass spectrometry	v1.1.0	NT=ms-proteomics;VV=v1.1.0	NT=Data-Dependent Acquisition;AC=PRIDE:0000627	1	1	AC=MS:1002038;NT=label free sample	NT=Q Exactive;AC=MS:1001911	20 ppm	0.03 Da	AC=MS:1000422;NT=HCD	AC=MS:1001251;NT=Trypsin	NT=Carbamidomethyl;AC=UNIMOD:4;TA=C;MT=Fixed	NT=Oxidation;AC=UNIMOD:35;MT=Variable;TA=M	NT=Acetyl;MT=Variable;TA=Protein N-term;AC=UNIMOD:1	NT=Deamidated;MT=Variable;TA=N,Q;AC=UNIMOD:7	./PXD002767/Bin_K16_4b.raw	Bin_K16_4b.raw
PXD002767-Sample-49	Solanum tuberosum	leaf	not available	not available	not available	not available	1	tissue	not available	not available	run 49	proteomic profiling by mass spectrometry	v1.1.0	NT=ms-proteomics;VV=v1.1.0	NT=Data-Dependent Acquisition;AC=PRIDE:0000627	1	1	AC=MS:1002038;NT=label free sample	NT=Q Exactive;AC=MS:1001911	20 ppm	0.03 Da	AC=MS:1000422;NT=HCD	AC=MS:1001251;NT=Trypsin	NT=Carbamidomethyl;AC=UNIMOD:4;TA=C;MT=Fixed	NT=Oxidation;AC=UNIMOD:35;MT=Variable;TA=M	NT=Acetyl;MT=Variable;TA=Protein N-term;AC=UNIMOD:1	NT=Deamidated;MT=Variable;TA=N,Q;AC=UNIMOD:7	./PXD002767/Sar_S120_2394_3.raw	Sar_S120_2394_3.raw
PXD002767-Sample-50	Solanum tuberosum	leaf	not available	not available	not available	not available	1	tissue	not available	not available	run 50	proteomic profiling by mass spectrometry	v1.1.0	NT=ms-proteomics;VV=v1.1.0	NT=Data-Dependent Acquisition;AC=PRIDE:0000627	1	1	AC=MS:1002038;NT=label free sample	NT=Q Exactive;AC=MS:1001911	20 ppm	0.03 Da	AC=MS:1000422;NT=HCD	AC=MS:1001251;NT=Trypsin	NT=Carbamidomethyl;AC=UNIMOD:4;TA=C;MT=Fixed	NT=Oxidation;AC=UNIMOD:35;MT=Variable;TA=M	NT=Acetyl;MT=Variable;TA=Protein N-term;AC=UNIMOD:1	NT=Deamidated;MT=Variable;TA=N,Q;AC=UNIMOD:7	./PXD002767/Sar_K258_3.raw	Sar_K258_3.raw
PXD002767-Sample-51	Solanum tuberosum	leaf	not available	not available	not available	not available	1	tissue	not available	not available	run 51	proteomic profiling by mass spectrometry	v1.1.0	NT=ms-proteomics;VV=v1.1.0	NT=Data-Dependent Acquisition;AC=PRIDE:0000627	1	1	AC=MS:1002038;NT=label free sample	NT=Q Exactive;AC=MS:1001911	20 ppm	0.03 Da	AC=MS:1000422;NT=HCD	AC=MS:1001251;NT=Trypsin	NT=Carbamidomethyl;AC=UNIMOD:4;TA=C;MT=Fixed	NT=Oxidation;AC=UNIMOD:35;MT=Variable;TA=M	NT=Acetyl;MT=Variable;TA=Protein N-term;AC=UNIMOD:1	NT=Deamidated;MT=Variable;TA=N,Q;AC=UNIMOD:7	./PXD002767/Kur_K258_2b.raw	Kur_K258_2b.raw
PXD002767-Sample-52	Solanum tuberosum	leaf	not available	not available	not available	not available	1	tissue	not available	not available	run 52	proteomic profiling by mass spectrometry	v1.1.0	NT=ms-proteomics;VV=v1.1.0	NT=Data-Dependent Acquisition;AC=PRIDE:0000627	1	1	AC=MS:1002038;NT=label free sample	NT=Q Exactive;AC=MS:1001911	20 ppm	0.03 Da	AC=MS:1000422;NT=HCD	AC=MS:1001251;NT=Trypsin	NT=Carbamidomethyl;AC=UNIMOD:4;TA=C;MT=Fixed	NT=Oxidation;AC=UNIMOD:35;MT=Variable;TA=M	NT=Acetyl;MT=Variable;TA=Protein N-term;AC=UNIMOD:1	NT=Deamidated;MT=Variable;TA=N,Q;AC=UNIMOD:7	./PXD002767/Kur_S258_2436_3.raw	Kur_S258_2436_3.raw
PXD002767-Sample-53	Solanum tuberosum	leaf	not available	not available	not available	not available	1	tissue	not available	not available	run 53	proteomic profiling by mass spectrometry	v1.1.0	NT=ms-proteomics;VV=v1.1.0	NT=Data-Dependent Acquisition;AC=PRIDE:0000627	1	1	AC=MS:1002038;NT=label free sample	NT=Q Exactive;AC=MS:1001911	20 ppm	0.03 Da	AC=MS:1000422;NT=HCD	AC=MS:1001251;NT=Trypsin	NT=Carbamidomethyl;AC=UNIMOD:4;TA=C;MT=Fixed	NT=Oxidation;AC=UNIMOD:35;MT=Variable;TA=M	NT=Acetyl;MT=Variable;TA=Protein N-term;AC=UNIMOD:1	NT=Deamidated;MT=Variable;TA=N,Q;AC=UNIMOD:7	./PXD002767/Sar_K16_1.raw	Sar_K16_1.raw
PXD002767-Sample-54	Solanum tuberosum	leaf	not available	not available	not available	not available	1	tissue	not available	not available	run 54	proteomic profiling by mass spectrometry	v1.1.0	NT=ms-proteomics;VV=v1.1.0	NT=Data-Dependent Acquisition;AC=PRIDE:0000627	1	1	AC=MS:1002038;NT=label free sample	NT=Q Exactive;AC=MS:1001911	20 ppm	0.03 Da	AC=MS:1000422;NT=HCD	AC=MS:1001251;NT=Trypsin	NT=Carbamidomethyl;AC=UNIMOD:4;TA=C;MT=Fixed	NT=Oxidation;AC=UNIMOD:35;MT=Variable;TA=M	NT=Acetyl;MT=Variable;TA=Protein N-term;AC=UNIMOD:1	NT=Deamidated;MT=Variable;TA=N,Q;AC=UNIMOD:7	./PXD002767/Sar_K4_4b.raw	Sar_K4_4b.raw
PXD002767-Sample-55	Solanum tuberosum	leaf	not available	not available	not available	not available	1	tissue	not available	not available	run 55	proteomic profiling by mass spectrometry	v1.1.0	NT=ms-proteomics;VV=v1.1.0	NT=Data-Dependent Acquisition;AC=PRIDE:0000627	1	1	AC=MS:1002038;NT=label free sample	NT=Q Exactive;AC=MS:1001911	20 ppm	0.03 Da	AC=MS:1000422;NT=HCD	AC=MS:1001251;NT=Trypsin	NT=Carbamidomethyl;AC=UNIMOD:4;TA=C;MT=Fixed	NT=Oxidation;AC=UNIMOD:35;MT=Variable;TA=M	NT=Acetyl;MT=Variable;TA=Protein N-term;AC=UNIMOD:1	NT=Deamidated;MT=Variable;TA=N,Q;AC=UNIMOD:7	./PXD002767/Kur_S120_2385_1.raw	Kur_S120_2385_1.raw
PXD002767-Sample-56	Solanum tuberosum	leaf	not available	not available	not available	not available	1	tissue	not available	not available	run 56	proteomic profiling by mass spectrometry	v1.1.0	NT=ms-proteomics;VV=v1.1.0	NT=Data-Dependent Acquisition;AC=PRIDE:0000627	1	1	AC=MS:1002038;NT=label free sample	NT=Q Exactive;AC=MS:1001911	20 ppm	0.03 Da	AC=MS:1000422;NT=HCD	AC=MS:1001251;NT=Trypsin	NT=Carbamidomethyl;AC=UNIMOD:4;TA=C;MT=Fixed	NT=Oxidation;AC=UNIMOD:35;MT=Variable;TA=M	NT=Acetyl;MT=Variable;TA=Protein N-term;AC=UNIMOD:1	NT=Deamidated;MT=Variable;TA=N,Q;AC=UNIMOD:7	./PXD002767/Kur_K120_2.raw	Kur_K120_2.raw
PXD002767-Sample-57	Solanum tuberosum	leaf	not available	not available	not available	not available	1	tissue	not available	not available	run 57	proteomic profiling by mass spectrometry	v1.1.0	NT=ms-proteomics;VV=v1.1.0	NT=Data-Dependent Acquisition;AC=PRIDE:0000627	1	1	AC=MS:1002038;NT=label free sample	NT=Q Exactive;AC=MS:1001911	20 ppm	0.03 Da	AC=MS:1000422;NT=HCD	AC=MS:1001251;NT=Trypsin	NT=Carbamidomethyl;AC=UNIMOD:4;TA=C;MT=Fixed	NT=Oxidation;AC=UNIMOD:35;MT=Variable;TA=M	NT=Acetyl;MT=Variable;TA=Protein N-term;AC=UNIMOD:1	NT=Deamidated;MT=Variable;TA=N,Q;AC=UNIMOD:7	./PXD002767/Kur_K120_3.raw	Kur_K120_3.raw
PXD002767-Sample-58	Solanum tuberosum	leaf	not available	not available	not available	not available	1	tissue	not available	not available	run 58	proteomic profiling by mass spectrometry	v1.1.0	NT=ms-proteomics;VV=v1.1.0	NT=Data-Dependent Acquisition;AC=PRIDE:0000627	1	1	AC=MS:1002038;NT=label free sample	NT=Q Exactive;AC=MS:1001911	20 ppm	0.03 Da	AC=MS:1000422;NT=HCD	AC=MS:1001251;NT=Trypsin	NT=Carbamidomethyl;AC=UNIMOD:4;TA=C;MT=Fixed	NT=Oxidation;AC=UNIMOD:35;MT=Variable;TA=M	NT=Acetyl;MT=Variable;TA=Protein N-term;AC=UNIMOD:1	NT=Deamidated;MT=Variable;TA=N,Q;AC=UNIMOD:7	./PXD002767/Sar_S4_2240_1.raw	Sar_S4_2240_1.raw
PXD002767-Sample-59	Solanum tuberosum	leaf	not available	not available	not available	not available	1	tissue	not available	not available	run 59	proteomic profiling by mass spectrometry	v1.1.0	NT=ms-proteomics;VV=v1.1.0	NT=Data-Dependent Acquisition;AC=PRIDE:0000627	1	1	AC=MS:1002038;NT=label free sample	NT=Q Exactive;AC=MS:1001911	20 ppm	0.03 Da	AC=MS:1000422;NT=HCD	AC=MS:1001251;NT=Trypsin	NT=Carbamidomethyl;AC=UNIMOD:4;TA=C;MT=Fixed	NT=Oxidation;AC=UNIMOD:35;MT=Variable;TA=M	NT=Acetyl;MT=Variable;TA=Protein N-term;AC=UNIMOD:1	NT=Deamidated;MT=Variable;TA=N,Q;AC=UNIMOD:7	./PXD002767/Kur_S4_2232_2.raw	Kur_S4_2232_2.raw
PXD002767-Sample-60	Solanum tuberosum	leaf	not available	not available	not available	not available	1	tissue	not available	not available	run 60	proteomic profiling by mass spectrometry	v1.1.0	NT=ms-proteomics;VV=v1.1.0	NT=Data-Dependent Acquisition;AC=PRIDE:0000627	1	1	AC=MS:1002038;NT=label free sample	NT=Q Exactive;AC=MS:1001911	20 ppm	0.03 Da	AC=MS:1000422;NT=HCD	AC=MS:1001251;NT=Trypsin	NT=Carbamidomethyl;AC=UNIMOD:4;TA=C;MT=Fixed	NT=Oxidation;AC=UNIMOD:35;MT=Variable;TA=M	NT=Acetyl;MT=Variable;TA=Protein N-term;AC=UNIMOD:1	NT=Deamidated;MT=Variable;TA=N,Q;AC=UNIMOD:7	./PXD002767/Bin_S4_2209_4.raw	Bin_S4_2209_4.raw
PXD002767-Sample-61	Solanum tuberosum	leaf	not available	not available	not available	not available	1	tissue	not available	not available	run 61	proteomic profiling by mass spectrometry	v1.1.0	NT=ms-proteomics;VV=v1.1.0	NT=Data-Dependent Acquisition;AC=PRIDE:0000627	1	1	AC=MS:1002038;NT=label free sample	NT=Q Exactive;AC=MS:1001911	20 ppm	0.03 Da	AC=MS:1000422;NT=HCD	AC=MS:1001251;NT=Trypsin	NT=Carbamidomethyl;AC=UNIMOD:4;TA=C;MT=Fixed	NT=Oxidation;AC=UNIMOD:35;MT=Variable;TA=M	NT=Acetyl;MT=Variable;TA=Protein N-term;AC=UNIMOD:1	NT=Deamidated;MT=Variable;TA=N,Q;AC=UNIMOD:7	./PXD002767/Kur_S4_2231_3.raw	Kur_S4_2231_3.raw
PXD002767-Sample-62	Solanum tuberosum	leaf	not available	not available	not available	not available	1	tissue	not available	not available	run 62	proteomic profiling by mass spectrometry	v1.1.0	NT=ms-proteomics;VV=v1.1.0	NT=Data-Dependent Acquisition;AC=PRIDE:0000627	1	1	AC=MS:1002038;NT=label free sample	NT=Q Exactive;AC=MS:1001911	20 ppm	0.03 Da	AC=MS:1000422;NT=HCD	AC=MS:1001251;NT=Trypsin	NT=Carbamidomethyl;AC=UNIMOD:4;TA=C;MT=Fixed	NT=Oxidation;AC=UNIMOD:35;MT=Variable;TA=M	NT=Acetyl;MT=Variable;TA=Protein N-term;AC=UNIMOD:1	NT=Deamidated;MT=Variable;TA=N,Q;AC=UNIMOD:7	./PXD002767/Bin_K16_1b.raw	Bin_K16_1b.raw
PXD002767-Sample-63	Solanum tuberosum	leaf	not available	not available	not available	not available	1	tissue	not available	not available	run 63	proteomic profiling by mass spectrometry	v1.1.0	NT=ms-proteomics;VV=v1.1.0	NT=Data-Dependent Acquisition;AC=PRIDE:0000627	1	1	AC=MS:1002038;NT=label free sample	NT=Q Exactive;AC=MS:1001911	20 ppm	0.03 Da	AC=MS:1000422;NT=HCD	AC=MS:1001251;NT=Trypsin	NT=Carbamidomethyl;AC=UNIMOD:4;TA=C;MT=Fixed	NT=Oxidation;AC=UNIMOD:35;MT=Variable;TA=M	NT=Acetyl;MT=Variable;TA=Protein N-term;AC=UNIMOD:1	NT=Deamidated;MT=Variable;TA=N,Q;AC=UNIMOD:7	./PXD002767/Bin_S258_2411_4.raw	Bin_S258_2411_4.raw
PXD002767-Sample-64	Solanum tuberosum	leaf	not available	not available	not available	not available	1	tissue	not available	not available	run 64	proteomic profiling by mass spectrometry	v1.1.0	NT=ms-proteomics;VV=v1.1.0	NT=Data-Dependent Acquisition;AC=PRIDE:0000627	1	1	AC=MS:1002038;NT=label free sample	NT=Q Exactive;AC=MS:1001911	20 ppm	0.03 Da	AC=MS:1000422;NT=HCD	AC=MS:1001251;NT=Trypsin	NT=Carbamidomethyl;AC=UNIMOD:4;TA=C;MT=Fixed	NT=Oxidation;AC=UNIMOD:35;MT=Variable;TA=M	NT=Acetyl;MT=Variable;TA=Protein N-term;AC=UNIMOD:1	NT=Deamidated;MT=Variable;TA=N,Q;AC=UNIMOD:7	./PXD002767/BIn_K258_4.raw	BIn_K258_4.raw
PXD002767-Sample-65	Solanum tuberosum	leaf	not available	not available	not available	not available	1	tissue	not available	not available	run 65	proteomic profiling by mass spectrometry	v1.1.0	NT=ms-proteomics;VV=v1.1.0	NT=Data-Dependent Acquisition;AC=PRIDE:0000627	1	1	AC=MS:1002038;NT=label free sample	NT=Q Exactive;AC=MS:1001911	20 ppm	0.03 Da	AC=MS:1000422;NT=HCD	AC=MS:1001251;NT=Trypsin	NT=Carbamidomethyl;AC=UNIMOD:4;TA=C;MT=Fixed	NT=Oxidation;AC=UNIMOD:35;MT=Variable;TA=M	NT=Acetyl;MT=Variable;TA=Protein N-term;AC=UNIMOD:1	NT=Deamidated;MT=Variable;TA=N,Q;AC=UNIMOD:7	./PXD002767/Kur_K4_1.raw	Kur_K4_1.raw
PXD002767-Sample-66	Solanum tuberosum	leaf	not available	not available	not available	not available	1	tissue	not available	not available	run 66	proteomic profiling by mass spectrometry	v1.1.0	NT=ms-proteomics;VV=v1.1.0	NT=Data-Dependent Acquisition;AC=PRIDE:0000627	1	1	AC=MS:1002038;NT=label free sample	NT=Q Exactive;AC=MS:1001911	20 ppm	0.03 Da	AC=MS:1000422;NT=HCD	AC=MS:1001251;NT=Trypsin	NT=Carbamidomethyl;AC=UNIMOD:4;TA=C;MT=Fixed	NT=Oxidation;AC=UNIMOD:35;MT=Variable;TA=M	NT=Acetyl;MT=Variable;TA=Protein N-term;AC=UNIMOD:1	NT=Deamidated;MT=Variable;TA=N,Q;AC=UNIMOD:7	./PXD002767/Sar_K16_2.raw	Sar_K16_2.raw
PXD002767-Sample-67	Solanum tuberosum	leaf	not available	not available	not available	not available	1	tissue	not available	not available	run 67	proteomic profiling by mass spectrometry	v1.1.0	NT=ms-proteomics;VV=v1.1.0	NT=Data-Dependent Acquisition;AC=PRIDE:0000627	1	1	AC=MS:1002038;NT=label free sample	NT=Q Exactive;AC=MS:1001911	20 ppm	0.03 Da	AC=MS:1000422;NT=HCD	AC=MS:1001251;NT=Trypsin	NT=Carbamidomethyl;AC=UNIMOD:4;TA=C;MT=Fixed	NT=Oxidation;AC=UNIMOD:35;MT=Variable;TA=M	NT=Acetyl;MT=Variable;TA=Protein N-term;AC=UNIMOD:1	NT=Deamidated;MT=Variable;TA=N,Q;AC=UNIMOD:7	./PXD002767/Sar_K16_3.raw	Sar_K16_3.raw
PXD002767-Sample-68	Solanum tuberosum	leaf	not available	not available	not available	not available	1	tissue	not available	not available	run 68	proteomic profiling by mass spectrometry	v1.1.0	NT=ms-proteomics;VV=v1.1.0	NT=Data-Dependent Acquisition;AC=PRIDE:0000627	1	1	AC=MS:1002038;NT=label free sample	NT=Q Exactive;AC=MS:1001911	20 ppm	0.03 Da	AC=MS:1000422;NT=HCD	AC=MS:1001251;NT=Trypsin	NT=Carbamidomethyl;AC=UNIMOD:4;TA=C;MT=Fixed	NT=Oxidation;AC=UNIMOD:35;MT=Variable;TA=M	NT=Acetyl;MT=Variable;TA=Protein N-term;AC=UNIMOD:1	NT=Deamidated;MT=Variable;TA=N,Q;AC=UNIMOD:7	./PXD002767/Kur_S4_2231_2.raw	Kur_S4_2231_2.raw
PXD002767-Sample-69	Solanum tuberosum	leaf	not available	not available	not available	not available	1	tissue	not available	not available	run 69	proteomic profiling by mass spectrometry	v1.1.0	NT=ms-proteomics;VV=v1.1.0	NT=Data-Dependent Acquisition;AC=PRIDE:0000627	1	1	AC=MS:1002038;NT=label free sample	NT=Q Exactive;AC=MS:1001911	20 ppm	0.03 Da	AC=MS:1000422;NT=HCD	AC=MS:1001251;NT=Trypsin	NT=Carbamidomethyl;AC=UNIMOD:4;TA=C;MT=Fixed	NT=Oxidation;AC=UNIMOD:35;MT=Variable;TA=M	NT=Acetyl;MT=Variable;TA=Protein N-term;AC=UNIMOD:1	NT=Deamidated;MT=Variable;TA=N,Q;AC=UNIMOD:7	./PXD002767/Sar_S258_2446_1.raw	Sar_S258_2446_1.raw
PXD002767-Sample-70	Solanum tuberosum	leaf	not available	not available	not available	not available	1	tissue	not available	not available	run 70	proteomic profiling by mass spectrometry	v1.1.0	NT=ms-proteomics;VV=v1.1.0	NT=Data-Dependent Acquisition;AC=PRIDE:0000627	1	1	AC=MS:1002038;NT=label free sample	NT=Q Exactive;AC=MS:1001911	20 ppm	0.03 Da	AC=MS:1000422;NT=HCD	AC=MS:1001251;NT=Trypsin	NT=Carbamidomethyl;AC=UNIMOD:4;TA=C;MT=Fixed	NT=Oxidation;AC=UNIMOD:35;MT=Variable;TA=M	NT=Acetyl;MT=Variable;TA=Protein N-term;AC=UNIMOD:1	NT=Deamidated;MT=Variable;TA=N,Q;AC=UNIMOD:7	./PXD002767/Bin_K120_4.raw	Bin_K120_4.raw
PXD002767-Sample-71	Solanum tuberosum	leaf	not available	not available	not available	not available	1	tissue	not available	not available	run 71	proteomic profiling by mass spectrometry	v1.1.0	NT=ms-proteomics;VV=v1.1.0	NT=Data-Dependent Acquisition;AC=PRIDE:0000627	1	1	AC=MS:1002038;NT=label free sample	NT=Q Exactive;AC=MS:1001911	20 ppm	0.03 Da	AC=MS:1000422;NT=HCD	AC=MS:1001251;NT=Trypsin	NT=Carbamidomethyl;AC=UNIMOD:4;TA=C;MT=Fixed	NT=Oxidation;AC=UNIMOD:35;MT=Variable;TA=M	NT=Acetyl;MT=Variable;TA=Protein N-term;AC=UNIMOD:1	NT=Deamidated;MT=Variable;TA=N,Q;AC=UNIMOD:7	./PXD002767/Sar_S65_2342_2.raw	Sar_S65_2342_2.raw
PXD002767-Sample-72	Solanum tuberosum	leaf	not available	not available	not available	not available	1	tissue	not available	not available	run 72	proteomic profiling by mass spectrometry	v1.1.0	NT=ms-proteomics;VV=v1.1.0	NT=Data-Dependent Acquisition;AC=PRIDE:0000627	1	1	AC=MS:1002038;NT=label free sample	NT=Q Exactive;AC=MS:1001911	20 ppm	0.03 Da	AC=MS:1000422;NT=HCD	AC=MS:1001251;NT=Trypsin	NT=Carbamidomethyl;AC=UNIMOD:4;TA=C;MT=Fixed	NT=Oxidation;AC=UNIMOD:35;MT=Variable;TA=M	NT=Acetyl;MT=Variable;TA=Protein N-term;AC=UNIMOD:1	NT=Deamidated;MT=Variable;TA=N,Q;AC=UNIMOD:7	./PXD002767/Bin_K16_3b.raw	Bin_K16_3b.raw
PXD002767-Sample-73	Solanum tuberosum	leaf	not available	not available	not available	not available	1	tissue	not available	not available	run 73	proteomic profiling by mass spectrometry	v1.1.0	NT=ms-proteomics;VV=v1.1.0	NT=Data-Dependent Acquisition;AC=PRIDE:0000627	1	1	AC=MS:1002038;NT=label free sample	NT=Q Exactive;AC=MS:1001911	20 ppm	0.03 Da	AC=MS:1000422;NT=HCD	AC=MS:1001251;NT=Trypsin	NT=Carbamidomethyl;AC=UNIMOD:4;TA=C;MT=Fixed	NT=Oxidation;AC=UNIMOD:35;MT=Variable;TA=M	NT=Acetyl;MT=Variable;TA=Protein N-term;AC=UNIMOD:1	NT=Deamidated;MT=Variable;TA=N,Q;AC=UNIMOD:7	./PXD002767/Sar_K258_4b.raw	Sar_K258_4b.raw
PXD002767-Sample-74	Solanum tuberosum	leaf	not available	not available	not available	not available	1	tissue	not available	not available	run 74	proteomic profiling by mass spectrometry	v1.1.0	NT=ms-proteomics;VV=v1.1.0	NT=Data-Dependent Acquisition;AC=PRIDE:0000627	1	1	AC=MS:1002038;NT=label free sample	NT=Q Exactive;AC=MS:1001911	20 ppm	0.03 Da	AC=MS:1000422;NT=HCD	AC=MS:1001251;NT=Trypsin	NT=Carbamidomethyl;AC=UNIMOD:4;TA=C;MT=Fixed	NT=Oxidation;AC=UNIMOD:35;MT=Variable;TA=M	NT=Acetyl;MT=Variable;TA=Protein N-term;AC=UNIMOD:1	NT=Deamidated;MT=Variable;TA=N,Q;AC=UNIMOD:7	./PXD002767/Bin_S4_2208_2.raw	Bin_S4_2208_2.raw
PXD002767-Sample-75	Solanum tuberosum	leaf	not available	not available	not available	not available	1	tissue	not available	not available	run 75	proteomic profiling by mass spectrometry	v1.1.0	NT=ms-proteomics;VV=v1.1.0	NT=Data-Dependent Acquisition;AC=PRIDE:0000627	1	1	AC=MS:1002038;NT=label free sample	NT=Q Exactive;AC=MS:1001911	20 ppm	0.03 Da	AC=MS:1000422;NT=HCD	AC=MS:1001251;NT=Trypsin	NT=Carbamidomethyl;AC=UNIMOD:4;TA=C;MT=Fixed	NT=Oxidation;AC=UNIMOD:35;MT=Variable;TA=M	NT=Acetyl;MT=Variable;TA=Protein N-term;AC=UNIMOD:1	NT=Deamidated;MT=Variable;TA=N,Q;AC=UNIMOD:7	./PXD002767/Sar_S16_2293_4.raw	Sar_S16_2293_4.raw
PXD002767-Sample-76	Solanum tuberosum	leaf	not available	not available	not available	not available	1	tissue	not available	not available	run 76	proteomic profiling by mass spectrometry	v1.1.0	NT=ms-proteomics;VV=v1.1.0	NT=Data-Dependent Acquisition;AC=PRIDE:0000627	1	1	AC=MS:1002038;NT=label free sample	NT=Q Exactive;AC=MS:1001911	20 ppm	0.03 Da	AC=MS:1000422;NT=HCD	AC=MS:1001251;NT=Trypsin	NT=Carbamidomethyl;AC=UNIMOD:4;TA=C;MT=Fixed	NT=Oxidation;AC=UNIMOD:35;MT=Variable;TA=M	NT=Acetyl;MT=Variable;TA=Protein N-term;AC=UNIMOD:1	NT=Deamidated;MT=Variable;TA=N,Q;AC=UNIMOD:7	./PXD002767/Kur_K16_2.raw	Kur_K16_2.raw
PXD002767-Sample-77	Solanum tuberosum	leaf	not available	not available	not available	not available	1	tissue	not available	not available	run 77	proteomic profiling by mass spectrometry	v1.1.0	NT=ms-proteomics;VV=v1.1.0	NT=Data-Dependent Acquisition;AC=PRIDE:0000627	1	1	AC=MS:1002038;NT=label free sample	NT=Q Exactive;AC=MS:1001911	20 ppm	0.03 Da	AC=MS:1000422;NT=HCD	AC=MS:1001251;NT=Trypsin	NT=Carbamidomethyl;AC=UNIMOD:4;TA=C;MT=Fixed	NT=Oxidation;AC=UNIMOD:35;MT=Variable;TA=M	NT=Acetyl;MT=Variable;TA=Protein N-term;AC=UNIMOD:1	NT=Deamidated;MT=Variable;TA=N,Q;AC=UNIMOD:7	./PXD002767/BIn_K258_1.raw	BIn_K258_1.raw
PXD002767-Sample-78	Solanum tuberosum	leaf	not available	not available	not available	not available	1	tissue	not available	not available	run 78	proteomic profiling by mass spectrometry	v1.1.0	NT=ms-proteomics;VV=v1.1.0	NT=Data-Dependent Acquisition;AC=PRIDE:0000627	1	1	AC=MS:1002038;NT=label free sample	NT=Q Exactive;AC=MS:1001911	20 ppm	0.03 Da	AC=MS:1000422;NT=HCD	AC=MS:1001251;NT=Trypsin	NT=Carbamidomethyl;AC=UNIMOD:4;TA=C;MT=Fixed	NT=Oxidation;AC=UNIMOD:35;MT=Variable;TA=M	NT=Acetyl;MT=Variable;TA=Protein N-term;AC=UNIMOD:1	NT=Deamidated;MT=Variable;TA=N,Q;AC=UNIMOD:7	./PXD002767/Sar_S16_2292_3.raw	Sar_S16_2292_3.raw
PXD002767-Sample-79	Solanum tuberosum	leaf	not available	not available	not available	not available	1	tissue	not available	not available	run 79	proteomic profiling by mass spectrometry	v1.1.0	NT=ms-proteomics;VV=v1.1.0	NT=Data-Dependent Acquisition;AC=PRIDE:0000627	1	1	AC=MS:1002038;NT=label free sample	NT=Q Exactive;AC=MS:1001911	20 ppm	0.03 Da	AC=MS:1000422;NT=HCD	AC=MS:1001251;NT=Trypsin	NT=Carbamidomethyl;AC=UNIMOD:4;TA=C;MT=Fixed	NT=Oxidation;AC=UNIMOD:35;MT=Variable;TA=M	NT=Acetyl;MT=Variable;TA=Protein N-term;AC=UNIMOD:1	NT=Deamidated;MT=Variable;TA=N,Q;AC=UNIMOD:7	./PXD002767/Sar_K65_3.raw	Sar_K65_3.raw
PXD002767-Sample-80	Solanum tuberosum	leaf	not available	not available	not available	not available	1	tissue	not available	not available	run 80	proteomic profiling by mass spectrometry	v1.1.0	NT=ms-proteomics;VV=v1.1.0	NT=Data-Dependent Acquisition;AC=PRIDE:0000627	1	1	AC=MS:1002038;NT=label free sample	NT=Q Exactive;AC=MS:1001911	20 ppm	0.03 Da	AC=MS:1000422;NT=HCD	AC=MS:1001251;NT=Trypsin	NT=Carbamidomethyl;AC=UNIMOD:4;TA=C;MT=Fixed	NT=Oxidation;AC=UNIMOD:35;MT=Variable;TA=M	NT=Acetyl;MT=Variable;TA=Protein N-term;AC=UNIMOD:1	NT=Deamidated;MT=Variable;TA=N,Q;AC=UNIMOD:7	./PXD002767/Kur_S65_2335_3.raw	Kur_S65_2335_3.raw
PXD002767-Sample-81	Solanum tuberosum	leaf	not available	not available	not available	not available	1	tissue	not available	not available	run 81	proteomic profiling by mass spectrometry	v1.1.0	NT=ms-proteomics;VV=v1.1.0	NT=Data-Dependent Acquisition;AC=PRIDE:0000627	1	1	AC=MS:1002038;NT=label free sample	NT=Q Exactive;AC=MS:1001911	20 ppm	0.03 Da	AC=MS:1000422;NT=HCD	AC=MS:1001251;NT=Trypsin	NT=Carbamidomethyl;AC=UNIMOD:4;TA=C;MT=Fixed	NT=Oxidation;AC=UNIMOD:35;MT=Variable;TA=M	NT=Acetyl;MT=Variable;TA=Protein N-term;AC=UNIMOD:1	NT=Deamidated;MT=Variable;TA=N,Q;AC=UNIMOD:7	./PXD002767/Kur_S4_2233_1.raw	Kur_S4_2233_1.raw
PXD002767-Sample-82	Solanum tuberosum	leaf	not available	not available	not available	not available	1	tissue	not available	not available	run 82	proteomic profiling by mass spectrometry	v1.1.0	NT=ms-proteomics;VV=v1.1.0	NT=Data-Dependent Acquisition;AC=PRIDE:0000627	1	1	AC=MS:1002038;NT=label free sample	NT=Q Exactive;AC=MS:1001911	20 ppm	0.03 Da	AC=MS:1000422;NT=HCD	AC=MS:1001251;NT=Trypsin	NT=Carbamidomethyl;AC=UNIMOD:4;TA=C;MT=Fixed	NT=Oxidation;AC=UNIMOD:35;MT=Variable;TA=M	NT=Acetyl;MT=Variable;TA=Protein N-term;AC=UNIMOD:1	NT=Deamidated;MT=Variable;TA=N,Q;AC=UNIMOD:7	./PXD002767/Sar_S258_2445_4.raw	Sar_S258_2445_4.raw
PXD002767-Sample-83	Solanum tuberosum	leaf	not available	not available	not available	not available	1	tissue	not available	not available	run 83	proteomic profiling by mass spectrometry	v1.1.0	NT=ms-proteomics;VV=v1.1.0	NT=Data-Dependent Acquisition;AC=PRIDE:0000627	1	1	AC=MS:1002038;NT=label free sample	NT=Q Exactive;AC=MS:1001911	20 ppm	0.03 Da	AC=MS:1000422;NT=HCD	AC=MS:1001251;NT=Trypsin	NT=Carbamidomethyl;AC=UNIMOD:4;TA=C;MT=Fixed	NT=Oxidation;AC=UNIMOD:35;MT=Variable;TA=M	NT=Acetyl;MT=Variable;TA=Protein N-term;AC=UNIMOD:1	NT=Deamidated;MT=Variable;TA=N,Q;AC=UNIMOD:7	./PXD002767/Bin_K16_3.raw	Bin_K16_3.raw
PXD002767-Sample-84	Solanum tuberosum	leaf	not available	not available	not available	not available	1	tissue	not available	not available	run 84	proteomic profiling by mass spectrometry	v1.1.0	NT=ms-proteomics;VV=v1.1.0	NT=Data-Dependent Acquisition;AC=PRIDE:0000627	1	1	AC=MS:1002038;NT=label free sample	NT=Q Exactive;AC=MS:1001911	20 ppm	0.03 Da	AC=MS:1000422;NT=HCD	AC=MS:1001251;NT=Trypsin	NT=Carbamidomethyl;AC=UNIMOD:4;TA=C;MT=Fixed	NT=Oxidation;AC=UNIMOD:35;MT=Variable;TA=M	NT=Acetyl;MT=Variable;TA=Protein N-term;AC=UNIMOD:1	NT=Deamidated;MT=Variable;TA=N,Q;AC=UNIMOD:7	./PXD002767/Sar_K16_1b.raw	Sar_K16_1b.raw
PXD002767-Sample-85	Solanum tuberosum	leaf	not available	not available	not available	not available	1	tissue	not available	not available	run 85	proteomic profiling by mass spectrometry	v1.1.0	NT=ms-proteomics;VV=v1.1.0	NT=Data-Dependent Acquisition;AC=PRIDE:0000627	1	1	AC=MS:1002038;NT=label free sample	NT=Q Exactive;AC=MS:1001911	20 ppm	0.03 Da	AC=MS:1000422;NT=HCD	AC=MS:1001251;NT=Trypsin	NT=Carbamidomethyl;AC=UNIMOD:4;TA=C;MT=Fixed	NT=Oxidation;AC=UNIMOD:35;MT=Variable;TA=M	NT=Acetyl;MT=Variable;TA=Protein N-term;AC=UNIMOD:1	NT=Deamidated;MT=Variable;TA=N,Q;AC=UNIMOD:7	./PXD002767/Bin_K65_2.raw	Bin_K65_2.raw
PXD002767-Sample-86	Solanum tuberosum	leaf	not available	not available	not available	not available	1	tissue	not available	not available	run 86	proteomic profiling by mass spectrometry	v1.1.0	NT=ms-proteomics;VV=v1.1.0	NT=Data-Dependent Acquisition;AC=PRIDE:0000627	1	1	AC=MS:1002038;NT=label free sample	NT=Q Exactive;AC=MS:1001911	20 ppm	0.03 Da	AC=MS:1000422;NT=HCD	AC=MS:1001251;NT=Trypsin	NT=Carbamidomethyl;AC=UNIMOD:4;TA=C;MT=Fixed	NT=Oxidation;AC=UNIMOD:35;MT=Variable;TA=M	NT=Acetyl;MT=Variable;TA=Protein N-term;AC=UNIMOD:1	NT=Deamidated;MT=Variable;TA=N,Q;AC=UNIMOD:7	./PXD002767/Sar_S65_2343_2.raw	Sar_S65_2343_2.raw
PXD002767-Sample-87	Solanum tuberosum	leaf	not available	not available	not available	not available	1	tissue	not available	not available	run 87	proteomic profiling by mass spectrometry	v1.1.0	NT=ms-proteomics;VV=v1.1.0	NT=Data-Dependent Acquisition;AC=PRIDE:0000627	1	1	AC=MS:1002038;NT=label free sample	NT=Q Exactive;AC=MS:1001911	20 ppm	0.03 Da	AC=MS:1000422;NT=HCD	AC=MS:1001251;NT=Trypsin	NT=Carbamidomethyl;AC=UNIMOD:4;TA=C;MT=Fixed	NT=Oxidation;AC=UNIMOD:35;MT=Variable;TA=M	NT=Acetyl;MT=Variable;TA=Protein N-term;AC=UNIMOD:1	NT=Deamidated;MT=Variable;TA=N,Q;AC=UNIMOD:7	./PXD002767/Bin_S16_2259_2.raw	Bin_S16_2259_2.raw
PXD002767-Sample-88	Solanum tuberosum	leaf	not available	not available	not available	not available	1	tissue	not available	not available	run 88	proteomic profiling by mass spectrometry	v1.1.0	NT=ms-proteomics;VV=v1.1.0	NT=Data-Dependent Acquisition;AC=PRIDE:0000627	1	1	AC=MS:1002038;NT=label free sample	NT=Q Exactive;AC=MS:1001911	20 ppm	0.03 Da	AC=MS:1000422;NT=HCD	AC=MS:1001251;NT=Trypsin	NT=Carbamidomethyl;AC=UNIMOD:4;TA=C;MT=Fixed	NT=Oxidation;AC=UNIMOD:35;MT=Variable;TA=M	NT=Acetyl;MT=Variable;TA=Protein N-term;AC=UNIMOD:1	NT=Deamidated;MT=Variable;TA=N,Q;AC=UNIMOD:7	./PXD002767/Sar_S16_2291_2.raw	Sar_S16_2291_2.raw
PXD002767-Sample-89	Solanum tuberosum	leaf	not available	not available	not available	not available	1	tissue	not available	not available	run 89	proteomic profiling by mass spectrometry	v1.1.0	NT=ms-proteomics;VV=v1.1.0	NT=Data-Dependent Acquisition;AC=PRIDE:0000627	1	1	AC=MS:1002038;NT=label free sample	NT=Q Exactive;AC=MS:1001911	20 ppm	0.03 Da	AC=MS:1000422;NT=HCD	AC=MS:1001251;NT=Trypsin	NT=Carbamidomethyl;AC=UNIMOD:4;TA=C;MT=Fixed	NT=Oxidation;AC=UNIMOD:35;MT=Variable;TA=M	NT=Acetyl;MT=Variable;TA=Protein N-term;AC=UNIMOD:1	NT=Deamidated;MT=Variable;TA=N,Q;AC=UNIMOD:7	./PXD002767/Sar_S4_2241_2.raw	Sar_S4_2241_2.raw
PXD002767-Sample-90	Solanum tuberosum	leaf	not available	not available	not available	not available	1	tissue	not available	not available	run 90	proteomic profiling by mass spectrometry	v1.1.0	NT=ms-proteomics;VV=v1.1.0	NT=Data-Dependent Acquisition;AC=PRIDE:0000627	1	1	AC=MS:1002038;NT=label free sample	NT=Q Exactive;AC=MS:1001911	20 ppm	0.03 Da	AC=MS:1000422;NT=HCD	AC=MS:1001251;NT=Trypsin	NT=Carbamidomethyl;AC=UNIMOD:4;TA=C;MT=Fixed	NT=Oxidation;AC=UNIMOD:35;MT=Variable;TA=M	NT=Acetyl;MT=Variable;TA=Protein N-term;AC=UNIMOD:1	NT=Deamidated;MT=Variable;TA=N,Q;AC=UNIMOD:7	./PXD002767/Sar_S65_2342_1.raw	Sar_S65_2342_1.raw
PXD002767-Sample-91	Solanum tuberosum	leaf	not available	not available	not available	not available	1	tissue	not available	not available	run 91	proteomic profiling by mass spectrometry	v1.1.0	NT=ms-proteomics;VV=v1.1.0	NT=Data-Dependent Acquisition;AC=PRIDE:0000627	1	1	AC=MS:1002038;NT=label free sample	NT=Q Exactive;AC=MS:1001911	20 ppm	0.03 Da	AC=MS:1000422;NT=HCD	AC=MS:1001251;NT=Trypsin	NT=Carbamidomethyl;AC=UNIMOD:4;TA=C;MT=Fixed	NT=Oxidation;AC=UNIMOD:35;MT=Variable;TA=M	NT=Acetyl;MT=Variable;TA=Protein N-term;AC=UNIMOD:1	NT=Deamidated;MT=Variable;TA=N,Q;AC=UNIMOD:7	./PXD002767/Kur_S65_2333_1.raw	Kur_S65_2333_1.raw
PXD002767-Sample-92	Solanum tuberosum	leaf	not available	not available	not available	not available	1	tissue	not available	not available	run 92	proteomic profiling by mass spectrometry	v1.1.0	NT=ms-proteomics;VV=v1.1.0	NT=Data-Dependent Acquisition;AC=PRIDE:0000627	1	1	AC=MS:1002038;NT=label free sample	NT=Q Exactive;AC=MS:1001911	20 ppm	0.03 Da	AC=MS:1000422;NT=HCD	AC=MS:1001251;NT=Trypsin	NT=Carbamidomethyl;AC=UNIMOD:4;TA=C;MT=Fixed	NT=Oxidation;AC=UNIMOD:35;MT=Variable;TA=M	NT=Acetyl;MT=Variable;TA=Protein N-term;AC=UNIMOD:1	NT=Deamidated;MT=Variable;TA=N,Q;AC=UNIMOD:7	./PXD002767/Kur_S16_2283_2.raw	Kur_S16_2283_2.raw
PXD002767-Sample-93	Solanum tuberosum	leaf	not available	not available	not available	not available	1	tissue	not available	not available	run 93	proteomic profiling by mass spectrometry	v1.1.0	NT=ms-proteomics;VV=v1.1.0	NT=Data-Dependent Acquisition;AC=PRIDE:0000627	1	1	AC=MS:1002038;NT=label free sample	NT=Q Exactive;AC=MS:1001911	20 ppm	0.03 Da	AC=MS:1000422;NT=HCD	AC=MS:1001251;NT=Trypsin	NT=Carbamidomethyl;AC=UNIMOD:4;TA=C;MT=Fixed	NT=Oxidation;AC=UNIMOD:35;MT=Variable;TA=M	NT=Acetyl;MT=Variable;TA=Protein N-term;AC=UNIMOD:1	NT=Deamidated;MT=Variable;TA=N,Q;AC=UNIMOD:7	./PXD002767/Bin_S16_2260_2.raw	Bin_S16_2260_2.raw
PXD002767-Sample-94	Solanum tuberosum	leaf	not available	not available	not available	not available	1	tissue	not available	not available	run 94	proteomic profiling by mass spectrometry	v1.1.0	NT=ms-proteomics;VV=v1.1.0	NT=Data-Dependent Acquisition;AC=PRIDE:0000627	1	1	AC=MS:1002038;NT=label free sample	NT=Q Exactive;AC=MS:1001911	20 ppm	0.03 Da	AC=MS:1000422;NT=HCD	AC=MS:1001251;NT=Trypsin	NT=Carbamidomethyl;AC=UNIMOD:4;TA=C;MT=Fixed	NT=Oxidation;AC=UNIMOD:35;MT=Variable;TA=M	NT=Acetyl;MT=Variable;TA=Protein N-term;AC=UNIMOD:1	NT=Deamidated;MT=Variable;TA=N,Q;AC=UNIMOD:7	./PXD002767/Kur_S65_2334_4.raw	Kur_S65_2334_4.raw
PXD002767-Sample-95	Solanum tuberosum	leaf	not available	not available	not available	not available	1	tissue	not available	not available	run 95	proteomic profiling by mass spectrometry	v1.1.0	NT=ms-proteomics;VV=v1.1.0	NT=Data-Dependent Acquisition;AC=PRIDE:0000627	1	1	AC=MS:1002038;NT=label free sample	NT=Q Exactive;AC=MS:1001911	20 ppm	0.03 Da	AC=MS:1000422;NT=HCD	AC=MS:1001251;NT=Trypsin	NT=Carbamidomethyl;AC=UNIMOD:4;TA=C;MT=Fixed	NT=Oxidation;AC=UNIMOD:35;MT=Variable;TA=M	NT=Acetyl;MT=Variable;TA=Protein N-term;AC=UNIMOD:1	NT=Deamidated;MT=Variable;TA=N,Q;AC=UNIMOD:7	./PXD002767/Bin_S120_2361_2.raw	Bin_S120_2361_2.raw
PXD002767-Sample-96	Solanum tuberosum	leaf	not available	not available	not available	not available	1	tissue	not available	not available	run 96	proteomic profiling by mass spectrometry	v1.1.0	NT=ms-proteomics;VV=v1.1.0	NT=Data-Dependent Acquisition;AC=PRIDE:0000627	1	1	AC=MS:1002038;NT=label free sample	NT=Q Exactive;AC=MS:1001911	20 ppm	0.03 Da	AC=MS:1000422;NT=HCD	AC=MS:1001251;NT=Trypsin	NT=Carbamidomethyl;AC=UNIMOD:4;TA=C;MT=Fixed	NT=Oxidation;AC=UNIMOD:35;MT=Variable;TA=M	NT=Acetyl;MT=Variable;TA=Protein N-term;AC=UNIMOD:1	NT=Deamidated;MT=Variable;TA=N,Q;AC=UNIMOD:7	./PXD002767/Kur_S120_2385_4.raw	Kur_S120_2385_4.raw
PXD002767-Sample-97	Solanum tuberosum	leaf	not available	not available	not available	not available	1	tissue	not available	not available	run 97	proteomic profiling by mass spectrometry	v1.1.0	NT=ms-proteomics;VV=v1.1.0	NT=Data-Dependent Acquisition;AC=PRIDE:0000627	1	1	AC=MS:1002038;NT=label free sample	NT=Q Exactive;AC=MS:1001911	20 ppm	0.03 Da	AC=MS:1000422;NT=HCD	AC=MS:1001251;NT=Trypsin	NT=Carbamidomethyl;AC=UNIMOD:4;TA=C;MT=Fixed	NT=Oxidation;AC=UNIMOD:35;MT=Variable;TA=M	NT=Acetyl;MT=Variable;TA=Protein N-term;AC=UNIMOD:1	NT=Deamidated;MT=Variable;TA=N,Q;AC=UNIMOD:7	./PXD002767/Bin_S258_2412_1.raw	Bin_S258_2412_1.raw
PXD002767-Sample-98	Solanum tuberosum	leaf	not available	not available	not available	not available	1	tissue	not available	not available	run 98	proteomic profiling by mass spectrometry	v1.1.0	NT=ms-proteomics;VV=v1.1.0	NT=Data-Dependent Acquisition;AC=PRIDE:0000627	1	1	AC=MS:1002038;NT=label free sample	NT=Q Exactive;AC=MS:1001911	20 ppm	0.03 Da	AC=MS:1000422;NT=HCD	AC=MS:1001251;NT=Trypsin	NT=Carbamidomethyl;AC=UNIMOD:4;TA=C;MT=Fixed	NT=Oxidation;AC=UNIMOD:35;MT=Variable;TA=M	NT=Acetyl;MT=Variable;TA=Protein N-term;AC=UNIMOD:1	NT=Deamidated;MT=Variable;TA=N,Q;AC=UNIMOD:7	./PXD002767/Sar_K65_1b.raw	Sar_K65_1b.raw
PXD002767-Sample-99	Solanum tuberosum	leaf	not available	not available	not available	not available	1	tissue	not available	not available	run 99	proteomic profiling by mass spectrometry	v1.1.0	NT=ms-proteomics;VV=v1.1.0	NT=Data-Dependent Acquisition;AC=PRIDE:0000627	1	1	AC=MS:1002038;NT=label free sample	NT=Q Exactive;AC=MS:1001911	20 ppm	0.03 Da	AC=MS:1000422;NT=HCD	AC=MS:1001251;NT=Trypsin	NT=Carbamidomethyl;AC=UNIMOD:4;TA=C;MT=Fixed	NT=Oxidation;AC=UNIMOD:35;MT=Variable;TA=M	NT=Acetyl;MT=Variable;TA=Protein N-term;AC=UNIMOD:1	NT=Deamidated;MT=Variable;TA=N,Q;AC=UNIMOD:7	./PXD002767/Kur_K4_3b.raw	Kur_K4_3b.raw
PXD002767-Sample-100	Solanum tuberosum	leaf	not available	not available	not available	not available	1	tissue	not available	not available	run 100	proteomic profiling by mass spectrometry	v1.1.0	NT=ms-proteomics;VV=v1.1.0	NT=Data-Dependent Acquisition;AC=PRIDE:0000627	1	1	AC=MS:1002038;NT=label free sample	NT=Q Exactive;AC=MS:1001911	20 ppm	0.03 Da	AC=MS:1000422;NT=HCD	AC=MS:1001251;NT=Trypsin	NT=Carbamidomethyl;AC=UNIMOD:4;TA=C;MT=Fixed	NT=Oxidation;AC=UNIMOD:35;MT=Variable;TA=M	NT=Acetyl;MT=Variable;TA=Protein N-term;AC=UNIMOD:1	NT=Deamidated;MT=Variable;TA=N,Q;AC=UNIMOD:7	./PXD002767/Kur_K4_4b.raw	Kur_K4_4b.raw
PXD002767-Sample-101	Solanum tuberosum	leaf	not available	not available	not available	not available	1	tissue	not available	not available	run 101	proteomic profiling by mass spectrometry	v1.1.0	NT=ms-proteomics;VV=v1.1.0	NT=Data-Dependent Acquisition;AC=PRIDE:0000627	1	1	AC=MS:1002038;NT=label free sample	NT=Q Exactive;AC=MS:1001911	20 ppm	0.03 Da	AC=MS:1000422;NT=HCD	AC=MS:1001251;NT=Trypsin	NT=Carbamidomethyl;AC=UNIMOD:4;TA=C;MT=Fixed	NT=Oxidation;AC=UNIMOD:35;MT=Variable;TA=M	NT=Acetyl;MT=Variable;TA=Protein N-term;AC=UNIMOD:1	NT=Deamidated;MT=Variable;TA=N,Q;AC=UNIMOD:7	./PXD002767/Sar_S120_2393_2.raw	Sar_S120_2393_2.raw
PXD002767-Sample-102	Solanum tuberosum	leaf	not available	not available	not available	not available	1	tissue	not available	not available	run 102	proteomic profiling by mass spectrometry	v1.1.0	NT=ms-proteomics;VV=v1.1.0	NT=Data-Dependent Acquisition;AC=PRIDE:0000627	1	1	AC=MS:1002038;NT=label free sample	NT=Q Exactive;AC=MS:1001911	20 ppm	0.03 Da	AC=MS:1000422;NT=HCD	AC=MS:1001251;NT=Trypsin	NT=Carbamidomethyl;AC=UNIMOD:4;TA=C;MT=Fixed	NT=Oxidation;AC=UNIMOD:35;MT=Variable;TA=M	NT=Acetyl;MT=Variable;TA=Protein N-term;AC=UNIMOD:1	NT=Deamidated;MT=Variable;TA=N,Q;AC=UNIMOD:7	./PXD002767/Bin_S65_2310_2.raw	Bin_S65_2310_2.raw
PXD002767-Sample-103	Solanum tuberosum	leaf	not available	not available	not available	not available	1	tissue	not available	not available	run 103	proteomic profiling by mass spectrometry	v1.1.0	NT=ms-proteomics;VV=v1.1.0	NT=Data-Dependent Acquisition;AC=PRIDE:0000627	1	1	AC=MS:1002038;NT=label free sample	NT=Q Exactive;AC=MS:1001911	20 ppm	0.03 Da	AC=MS:1000422;NT=HCD	AC=MS:1001251;NT=Trypsin	NT=Carbamidomethyl;AC=UNIMOD:4;TA=C;MT=Fixed	NT=Oxidation;AC=UNIMOD:35;MT=Variable;TA=M	NT=Acetyl;MT=Variable;TA=Protein N-term;AC=UNIMOD:1	NT=Deamidated;MT=Variable;TA=N,Q;AC=UNIMOD:7	./PXD002767/Bin_K120_1.raw	Bin_K120_1.raw
PXD002767-Sample-104	Solanum tuberosum	leaf	not available	not available	not available	not available	1	tissue	not available	not available	run 104	proteomic profiling by mass spectrometry	v1.1.0	NT=ms-proteomics;VV=v1.1.0	NT=Data-Dependent Acquisition;AC=PRIDE:0000627	1	1	AC=MS:1002038;NT=label free sample	NT=Q Exactive;AC=MS:1001911	20 ppm	0.03 Da	AC=MS:1000422;NT=HCD	AC=MS:1001251;NT=Trypsin	NT=Carbamidomethyl;AC=UNIMOD:4;TA=C;MT=Fixed	NT=Oxidation;AC=UNIMOD:35;MT=Variable;TA=M	NT=Acetyl;MT=Variable;TA=Protein N-term;AC=UNIMOD:1	NT=Deamidated;MT=Variable;TA=N,Q;AC=UNIMOD:7	./PXD002767/Sar_S258_2446_4.raw	Sar_S258_2446_4.raw
PXD002767-Sample-105	Solanum tuberosum	leaf	not available	not available	not available	not available	1	tissue	not available	not available	run 105	proteomic profiling by mass spectrometry	v1.1.0	NT=ms-proteomics;VV=v1.1.0	NT=Data-Dependent Acquisition;AC=PRIDE:0000627	1	1	AC=MS:1002038;NT=label free sample	NT=Q Exactive;AC=MS:1001911	20 ppm	0.03 Da	AC=MS:1000422;NT=HCD	AC=MS:1001251;NT=Trypsin	NT=Carbamidomethyl;AC=UNIMOD:4;TA=C;MT=Fixed	NT=Oxidation;AC=UNIMOD:35;MT=Variable;TA=M	NT=Acetyl;MT=Variable;TA=Protein N-term;AC=UNIMOD:1	NT=Deamidated;MT=Variable;TA=N,Q;AC=UNIMOD:7	./PXD002767/BIn_K258_3b.raw	BIn_K258_3b.raw
PXD002767-Sample-106	Solanum tuberosum	leaf	not available	not available	not available	not available	1	tissue	not available	not available	run 106	proteomic profiling by mass spectrometry	v1.1.0	NT=ms-proteomics;VV=v1.1.0	NT=Data-Dependent Acquisition;AC=PRIDE:0000627	1	1	AC=MS:1002038;NT=label free sample	NT=Q Exactive;AC=MS:1001911	20 ppm	0.03 Da	AC=MS:1000422;NT=HCD	AC=MS:1001251;NT=Trypsin	NT=Carbamidomethyl;AC=UNIMOD:4;TA=C;MT=Fixed	NT=Oxidation;AC=UNIMOD:35;MT=Variable;TA=M	NT=Acetyl;MT=Variable;TA=Protein N-term;AC=UNIMOD:1	NT=Deamidated;MT=Variable;TA=N,Q;AC=UNIMOD:7	./PXD002767/Sar_S4_2242_2.raw	Sar_S4_2242_2.raw
PXD002767-Sample-107	Solanum tuberosum	leaf	not available	not available	not available	not available	1	tissue	not available	not available	run 107	proteomic profiling by mass spectrometry	v1.1.0	NT=ms-proteomics;VV=v1.1.0	NT=Data-Dependent Acquisition;AC=PRIDE:0000627	1	1	AC=MS:1002038;NT=label free sample	NT=Q Exactive;AC=MS:1001911	20 ppm	0.03 Da	AC=MS:1000422;NT=HCD	AC=MS:1001251;NT=Trypsin	NT=Carbamidomethyl;AC=UNIMOD:4;TA=C;MT=Fixed	NT=Oxidation;AC=UNIMOD:35;MT=Variable;TA=M	NT=Acetyl;MT=Variable;TA=Protein N-term;AC=UNIMOD:1	NT=Deamidated;MT=Variable;TA=N,Q;AC=UNIMOD:7	./PXD002767/Bin_S65_2310_3.raw	Bin_S65_2310_3.raw
PXD002767-Sample-108	Solanum tuberosum	leaf	not available	not available	not available	not available	1	tissue	not available	not available	run 108	proteomic profiling by mass spectrometry	v1.1.0	NT=ms-proteomics;VV=v1.1.0	NT=Data-Dependent Acquisition;AC=PRIDE:0000627	1	1	AC=MS:1002038;NT=label free sample	NT=Q Exactive;AC=MS:1001911	20 ppm	0.03 Da	AC=MS:1000422;NT=HCD	AC=MS:1001251;NT=Trypsin	NT=Carbamidomethyl;AC=UNIMOD:4;TA=C;MT=Fixed	NT=Oxidation;AC=UNIMOD:35;MT=Variable;TA=M	NT=Acetyl;MT=Variable;TA=Protein N-term;AC=UNIMOD:1	NT=Deamidated;MT=Variable;TA=N,Q;AC=UNIMOD:7	./PXD002767/Bin_S120_2361_1.raw	Bin_S120_2361_1.raw
PXD002767-Sample-109	Solanum tuberosum	leaf	not available	not available	not available	not available	1	tissue	not available	not available	run 109	proteomic profiling by mass spectrometry	v1.1.0	NT=ms-proteomics;VV=v1.1.0	NT=Data-Dependent Acquisition;AC=PRIDE:0000627	1	1	AC=MS:1002038;NT=label free sample	NT=Q Exactive;AC=MS:1001911	20 ppm	0.03 Da	AC=MS:1000422;NT=HCD	AC=MS:1001251;NT=Trypsin	NT=Carbamidomethyl;AC=UNIMOD:4;TA=C;MT=Fixed	NT=Oxidation;AC=UNIMOD:35;MT=Variable;TA=M	NT=Acetyl;MT=Variable;TA=Protein N-term;AC=UNIMOD:1	NT=Deamidated;MT=Variable;TA=N,Q;AC=UNIMOD:7	./PXD002767/Kur_S120_2386_4.raw	Kur_S120_2386_4.raw
PXD002767-Sample-110	Solanum tuberosum	leaf	not available	not available	not available	not available	1	tissue	not available	not available	run 110	proteomic profiling by mass spectrometry	v1.1.0	NT=ms-proteomics;VV=v1.1.0	NT=Data-Dependent Acquisition;AC=PRIDE:0000627	1	1	AC=MS:1002038;NT=label free sample	NT=Q Exactive;AC=MS:1001911	20 ppm	0.03 Da	AC=MS:1000422;NT=HCD	AC=MS:1001251;NT=Trypsin	NT=Carbamidomethyl;AC=UNIMOD:4;TA=C;MT=Fixed	NT=Oxidation;AC=UNIMOD:35;MT=Variable;TA=M	NT=Acetyl;MT=Variable;TA=Protein N-term;AC=UNIMOD:1	NT=Deamidated;MT=Variable;TA=N,Q;AC=UNIMOD:7	./PXD002767/Bin_S65_2311_4.raw	Bin_S65_2311_4.raw
PXD002767-Sample-111	Solanum tuberosum	leaf	not available	not available	not available	not available	1	tissue	not available	not available	run 111	proteomic profiling by mass spectrometry	v1.1.0	NT=ms-proteomics;VV=v1.1.0	NT=Data-Dependent Acquisition;AC=PRIDE:0000627	1	1	AC=MS:1002038;NT=label free sample	NT=Q Exactive;AC=MS:1001911	20 ppm	0.03 Da	AC=MS:1000422;NT=HCD	AC=MS:1001251;NT=Trypsin	NT=Carbamidomethyl;AC=UNIMOD:4;TA=C;MT=Fixed	NT=Oxidation;AC=UNIMOD:35;MT=Variable;TA=M	NT=Acetyl;MT=Variable;TA=Protein N-term;AC=UNIMOD:1	NT=Deamidated;MT=Variable;TA=N,Q;AC=UNIMOD:7	./PXD002767/Kur_S4_2233_4_120615122544.raw	Kur_S4_2233_4_120615122544.raw
PXD002767-Sample-112	Solanum tuberosum	leaf	not available	not available	not available	not available	1	tissue	not available	not available	run 112	proteomic profiling by mass spectrometry	v1.1.0	NT=ms-proteomics;VV=v1.1.0	NT=Data-Dependent Acquisition;AC=PRIDE:0000627	1	1	AC=MS:1002038;NT=label free sample	NT=Q Exactive;AC=MS:1001911	20 ppm	0.03 Da	AC=MS:1000422;NT=HCD	AC=MS:1001251;NT=Trypsin	NT=Carbamidomethyl;AC=UNIMOD:4;TA=C;MT=Fixed	NT=Oxidation;AC=UNIMOD:35;MT=Variable;TA=M	NT=Acetyl;MT=Variable;TA=Protein N-term;AC=UNIMOD:1	NT=Deamidated;MT=Variable;TA=N,Q;AC=UNIMOD:7	./PXD002767/Kur_K4_4.raw	Kur_K4_4.raw
PXD002767-Sample-113	Solanum tuberosum	leaf	not available	not available	not available	not available	1	tissue	not available	not available	run 113	proteomic profiling by mass spectrometry	v1.1.0	NT=ms-proteomics;VV=v1.1.0	NT=Data-Dependent Acquisition;AC=PRIDE:0000627	1	1	AC=MS:1002038;NT=label free sample	NT=Q Exactive;AC=MS:1001911	20 ppm	0.03 Da	AC=MS:1000422;NT=HCD	AC=MS:1001251;NT=Trypsin	NT=Carbamidomethyl;AC=UNIMOD:4;TA=C;MT=Fixed	NT=Oxidation;AC=UNIMOD:35;MT=Variable;TA=M	NT=Acetyl;MT=Variable;TA=Protein N-term;AC=UNIMOD:1	NT=Deamidated;MT=Variable;TA=N,Q;AC=UNIMOD:7	./PXD002767/Kur_K65_2.raw	Kur_K65_2.raw
PXD002767-Sample-114	Solanum tuberosum	leaf	not available	not available	not available	not available	1	tissue	not available	not available	run 114	proteomic profiling by mass spectrometry	v1.1.0	NT=ms-proteomics;VV=v1.1.0	NT=Data-Dependent Acquisition;AC=PRIDE:0000627	1	1	AC=MS:1002038;NT=label free sample	NT=Q Exactive;AC=MS:1001911	20 ppm	0.03 Da	AC=MS:1000422;NT=HCD	AC=MS:1001251;NT=Trypsin	NT=Carbamidomethyl;AC=UNIMOD:4;TA=C;MT=Fixed	NT=Oxidation;AC=UNIMOD:35;MT=Variable;TA=M	NT=Acetyl;MT=Variable;TA=Protein N-term;AC=UNIMOD:1	NT=Deamidated;MT=Variable;TA=N,Q;AC=UNIMOD:7	./PXD002767/Sar_S65_2343_3.raw	Sar_S65_2343_3.raw
PXD002767-Sample-115	Solanum tuberosum	leaf	not available	not available	not available	not available	1	tissue	not available	not available	run 115	proteomic profiling by mass spectrometry	v1.1.0	NT=ms-proteomics;VV=v1.1.0	NT=Data-Dependent Acquisition;AC=PRIDE:0000627	1	1	AC=MS:1002038;NT=label free sample	NT=Q Exactive;AC=MS:1001911	20 ppm	0.03 Da	AC=MS:1000422;NT=HCD	AC=MS:1001251;NT=Trypsin	NT=Carbamidomethyl;AC=UNIMOD:4;TA=C;MT=Fixed	NT=Oxidation;AC=UNIMOD:35;MT=Variable;TA=M	NT=Acetyl;MT=Variable;TA=Protein N-term;AC=UNIMOD:1	NT=Deamidated;MT=Variable;TA=N,Q;AC=UNIMOD:7	./PXD002767/Sar_S120_2395_1.raw	Sar_S120_2395_1.raw
PXD002767-Sample-116	Solanum tuberosum	leaf	not available	not available	not available	not available	1	tissue	not available	not available	run 116	proteomic profiling by mass spectrometry	v1.1.0	NT=ms-proteomics;VV=v1.1.0	NT=Data-Dependent Acquisition;AC=PRIDE:0000627	1	1	AC=MS:1002038;NT=label free sample	NT=Q Exactive;AC=MS:1001911	20 ppm	0.03 Da	AC=MS:1000422;NT=HCD	AC=MS:1001251;NT=Trypsin	NT=Carbamidomethyl;AC=UNIMOD:4;TA=C;MT=Fixed	NT=Oxidation;AC=UNIMOD:35;MT=Variable;TA=M	NT=Acetyl;MT=Variable;TA=Protein N-term;AC=UNIMOD:1	NT=Deamidated;MT=Variable;TA=N,Q;AC=UNIMOD:7	./PXD002767/Kur_S258_2437_2.raw	Kur_S258_2437_2.raw
PXD002767-Sample-117	Solanum tuberosum	leaf	not available	not available	not available	not available	1	tissue	not available	not available	run 117	proteomic profiling by mass spectrometry	v1.1.0	NT=ms-proteomics;VV=v1.1.0	NT=Data-Dependent Acquisition;AC=PRIDE:0000627	1	1	AC=MS:1002038;NT=label free sample	NT=Q Exactive;AC=MS:1001911	20 ppm	0.03 Da	AC=MS:1000422;NT=HCD	AC=MS:1001251;NT=Trypsin	NT=Carbamidomethyl;AC=UNIMOD:4;TA=C;MT=Fixed	NT=Oxidation;AC=UNIMOD:35;MT=Variable;TA=M	NT=Acetyl;MT=Variable;TA=Protein N-term;AC=UNIMOD:1	NT=Deamidated;MT=Variable;TA=N,Q;AC=UNIMOD:7	./PXD002767/Bin_S4_2207_3.raw	Bin_S4_2207_3.raw
PXD002767-Sample-118	Solanum tuberosum	leaf	not available	not available	not available	not available	1	tissue	not available	not available	run 118	proteomic profiling by mass spectrometry	v1.1.0	NT=ms-proteomics;VV=v1.1.0	NT=Data-Dependent Acquisition;AC=PRIDE:0000627	1	1	AC=MS:1002038;NT=label free sample	NT=Q Exactive;AC=MS:1001911	20 ppm	0.03 Da	AC=MS:1000422;NT=HCD	AC=MS:1001251;NT=Trypsin	NT=Carbamidomethyl;AC=UNIMOD:4;TA=C;MT=Fixed	NT=Oxidation;AC=UNIMOD:35;MT=Variable;TA=M	NT=Acetyl;MT=Variable;TA=Protein N-term;AC=UNIMOD:1	NT=Deamidated;MT=Variable;TA=N,Q;AC=UNIMOD:7	./PXD002767/Bin_K4_4b.raw	Bin_K4_4b.raw
PXD002767-Sample-119	Solanum tuberosum	leaf	not available	not available	not available	not available	1	tissue	not available	not available	run 119	proteomic profiling by mass spectrometry	v1.1.0	NT=ms-proteomics;VV=v1.1.0	NT=Data-Dependent Acquisition;AC=PRIDE:0000627	1	1	AC=MS:1002038;NT=label free sample	NT=Q Exactive;AC=MS:1001911	20 ppm	0.03 Da	AC=MS:1000422;NT=HCD	AC=MS:1001251;NT=Trypsin	NT=Carbamidomethyl;AC=UNIMOD:4;TA=C;MT=Fixed	NT=Oxidation;AC=UNIMOD:35;MT=Variable;TA=M	NT=Acetyl;MT=Variable;TA=Protein N-term;AC=UNIMOD:1	NT=Deamidated;MT=Variable;TA=N,Q;AC=UNIMOD:7	./PXD002767/Bin_K16_2b.raw	Bin_K16_2b.raw
PXD002767-Sample-120	Solanum tuberosum	leaf	not available	not available	not available	not available	1	tissue	not available	not available	run 120	proteomic profiling by mass spectrometry	v1.1.0	NT=ms-proteomics;VV=v1.1.0	NT=Data-Dependent Acquisition;AC=PRIDE:0000627	1	1	AC=MS:1002038;NT=label free sample	NT=Q Exactive;AC=MS:1001911	20 ppm	0.03 Da	AC=MS:1000422;NT=HCD	AC=MS:1001251;NT=Trypsin	NT=Carbamidomethyl;AC=UNIMOD:4;TA=C;MT=Fixed	NT=Oxidation;AC=UNIMOD:35;MT=Variable;TA=M	NT=Acetyl;MT=Variable;TA=Protein N-term;AC=UNIMOD:1	NT=Deamidated;MT=Variable;TA=N,Q;AC=UNIMOD:7	./PXD002767/Bin_S120_2362_2.raw	Bin_S120_2362_2.raw
PXD002767-Sample-121	Solanum tuberosum	leaf	not available	not available	not available	not available	1	tissue	not available	not available	run 121	proteomic profiling by mass spectrometry	v1.1.0	NT=ms-proteomics;VV=v1.1.0	NT=Data-Dependent Acquisition;AC=PRIDE:0000627	1	1	AC=MS:1002038;NT=label free sample	NT=Q Exactive;AC=MS:1001911	20 ppm	0.03 Da	AC=MS:1000422;NT=HCD	AC=MS:1001251;NT=Trypsin	NT=Carbamidomethyl;AC=UNIMOD:4;TA=C;MT=Fixed	NT=Oxidation;AC=UNIMOD:35;MT=Variable;TA=M	NT=Acetyl;MT=Variable;TA=Protein N-term;AC=UNIMOD:1	NT=Deamidated;MT=Variable;TA=N,Q;AC=UNIMOD:7	./PXD002767/Kur_S258_2435_4.raw	Kur_S258_2435_4.raw
PXD002767-Sample-122	Solanum tuberosum	leaf	not available	not available	not available	not available	1	tissue	not available	not available	run 122	proteomic profiling by mass spectrometry	v1.1.0	NT=ms-proteomics;VV=v1.1.0	NT=Data-Dependent Acquisition;AC=PRIDE:0000627	1	1	AC=MS:1002038;NT=label free sample	NT=Q Exactive;AC=MS:1001911	20 ppm	0.03 Da	AC=MS:1000422;NT=HCD	AC=MS:1001251;NT=Trypsin	NT=Carbamidomethyl;AC=UNIMOD:4;TA=C;MT=Fixed	NT=Oxidation;AC=UNIMOD:35;MT=Variable;TA=M	NT=Acetyl;MT=Variable;TA=Protein N-term;AC=UNIMOD:1	NT=Deamidated;MT=Variable;TA=N,Q;AC=UNIMOD:7	./PXD002767/Bin_K4_4.raw	Bin_K4_4.raw
PXD002767-Sample-123	Solanum tuberosum	leaf	not available	not available	not available	not available	1	tissue	not available	not available	run 123	proteomic profiling by mass spectrometry	v1.1.0	NT=ms-proteomics;VV=v1.1.0	NT=Data-Dependent Acquisition;AC=PRIDE:0000627	1	1	AC=MS:1002038;NT=label free sample	NT=Q Exactive;AC=MS:1001911	20 ppm	0.03 Da	AC=MS:1000422;NT=HCD	AC=MS:1001251;NT=Trypsin	NT=Carbamidomethyl;AC=UNIMOD:4;TA=C;MT=Fixed	NT=Oxidation;AC=UNIMOD:35;MT=Variable;TA=M	NT=Acetyl;MT=Variable;TA=Protein N-term;AC=UNIMOD:1	NT=Deamidated;MT=Variable;TA=N,Q;AC=UNIMOD:7	./PXD002767/Kur_S65_2335_2.raw	Kur_S65_2335_2.raw
PXD002767-Sample-124	Solanum tuberosum	leaf	not available	not available	not available	not available	1	tissue	not available	not available	run 124	proteomic profiling by mass spectrometry	v1.1.0	NT=ms-proteomics;VV=v1.1.0	NT=Data-Dependent Acquisition;AC=PRIDE:0000627	1	1	AC=MS:1002038;NT=label free sample	NT=Q Exactive;AC=MS:1001911	20 ppm	0.03 Da	AC=MS:1000422;NT=HCD	AC=MS:1001251;NT=Trypsin	NT=Carbamidomethyl;AC=UNIMOD:4;TA=C;MT=Fixed	NT=Oxidation;AC=UNIMOD:35;MT=Variable;TA=M	NT=Acetyl;MT=Variable;TA=Protein N-term;AC=UNIMOD:1	NT=Deamidated;MT=Variable;TA=N,Q;AC=UNIMOD:7	./PXD002767/Sar_S65_2342_4.raw	Sar_S65_2342_4.raw
PXD002767-Sample-125	Solanum tuberosum	leaf	not available	not available	not available	not available	1	tissue	not available	not available	run 125	proteomic profiling by mass spectrometry	v1.1.0	NT=ms-proteomics;VV=v1.1.0	NT=Data-Dependent Acquisition;AC=PRIDE:0000627	1	1	AC=MS:1002038;NT=label free sample	NT=Q Exactive;AC=MS:1001911	20 ppm	0.03 Da	AC=MS:1000422;NT=HCD	AC=MS:1001251;NT=Trypsin	NT=Carbamidomethyl;AC=UNIMOD:4;TA=C;MT=Fixed	NT=Oxidation;AC=UNIMOD:35;MT=Variable;TA=M	NT=Acetyl;MT=Variable;TA=Protein N-term;AC=UNIMOD:1	NT=Deamidated;MT=Variable;TA=N,Q;AC=UNIMOD:7	./PXD002767/Bin_S258_2412_3.raw	Bin_S258_2412_3.raw
PXD002767-Sample-126	Solanum tuberosum	leaf	not available	not available	not available	not available	1	tissue	not available	not available	run 126	proteomic profiling by mass spectrometry	v1.1.0	NT=ms-proteomics;VV=v1.1.0	NT=Data-Dependent Acquisition;AC=PRIDE:0000627	1	1	AC=MS:1002038;NT=label free sample	NT=Q Exactive;AC=MS:1001911	20 ppm	0.03 Da	AC=MS:1000422;NT=HCD	AC=MS:1001251;NT=Trypsin	NT=Carbamidomethyl;AC=UNIMOD:4;TA=C;MT=Fixed	NT=Oxidation;AC=UNIMOD:35;MT=Variable;TA=M	NT=Acetyl;MT=Variable;TA=Protein N-term;AC=UNIMOD:1	NT=Deamidated;MT=Variable;TA=N,Q;AC=UNIMOD:7	./PXD002767/Sar_S16_2292_1.raw	Sar_S16_2292_1.raw
PXD002767-Sample-127	Solanum tuberosum	leaf	not available	not available	not available	not available	1	tissue	not available	not available	run 127	proteomic profiling by mass spectrometry	v1.1.0	NT=ms-proteomics;VV=v1.1.0	NT=Data-Dependent Acquisition;AC=PRIDE:0000627	1	1	AC=MS:1002038;NT=label free sample	NT=Q Exactive;AC=MS:1001911	20 ppm	0.03 Da	AC=MS:1000422;NT=HCD	AC=MS:1001251;NT=Trypsin	NT=Carbamidomethyl;AC=UNIMOD:4;TA=C;MT=Fixed	NT=Oxidation;AC=UNIMOD:35;MT=Variable;TA=M	NT=Acetyl;MT=Variable;TA=Protein N-term;AC=UNIMOD:1	NT=Deamidated;MT=Variable;TA=N,Q;AC=UNIMOD:7	./PXD002767/Sar_S120_2394_4.raw	Sar_S120_2394_4.raw
PXD002767-Sample-128	Solanum tuberosum	leaf	not available	not available	not available	not available	1	tissue	not available	not available	run 128	proteomic profiling by mass spectrometry	v1.1.0	NT=ms-proteomics;VV=v1.1.0	NT=Data-Dependent Acquisition;AC=PRIDE:0000627	1	1	AC=MS:1002038;NT=label free sample	NT=Q Exactive;AC=MS:1001911	20 ppm	0.03 Da	AC=MS:1000422;NT=HCD	AC=MS:1001251;NT=Trypsin	NT=Carbamidomethyl;AC=UNIMOD:4;TA=C;MT=Fixed	NT=Oxidation;AC=UNIMOD:35;MT=Variable;TA=M	NT=Acetyl;MT=Variable;TA=Protein N-term;AC=UNIMOD:1	NT=Deamidated;MT=Variable;TA=N,Q;AC=UNIMOD:7	./PXD002767/Sar_S258_2444_1.raw	Sar_S258_2444_1.raw
PXD002767-Sample-129	Solanum tuberosum	leaf	not available	not available	not available	not available	1	tissue	not available	not available	run 129	proteomic profiling by mass spectrometry	v1.1.0	NT=ms-proteomics;VV=v1.1.0	NT=Data-Dependent Acquisition;AC=PRIDE:0000627	1	1	AC=MS:1002038;NT=label free sample	NT=Q Exactive;AC=MS:1001911	20 ppm	0.03 Da	AC=MS:1000422;NT=HCD	AC=MS:1001251;NT=Trypsin	NT=Carbamidomethyl;AC=UNIMOD:4;TA=C;MT=Fixed	NT=Oxidation;AC=UNIMOD:35;MT=Variable;TA=M	NT=Acetyl;MT=Variable;TA=Protein N-term;AC=UNIMOD:1	NT=Deamidated;MT=Variable;TA=N,Q;AC=UNIMOD:7	./PXD002767/Kur_S16_2284_4.raw	Kur_S16_2284_4.raw
PXD002767-Sample-130	Solanum tuberosum	leaf	not available	not available	not available	not available	1	tissue	not available	not available	run 130	proteomic profiling by mass spectrometry	v1.1.0	NT=ms-proteomics;VV=v1.1.0	NT=Data-Dependent Acquisition;AC=PRIDE:0000627	1	1	AC=MS:1002038;NT=label free sample	NT=Q Exactive;AC=MS:1001911	20 ppm	0.03 Da	AC=MS:1000422;NT=HCD	AC=MS:1001251;NT=Trypsin	NT=Carbamidomethyl;AC=UNIMOD:4;TA=C;MT=Fixed	NT=Oxidation;AC=UNIMOD:35;MT=Variable;TA=M	NT=Acetyl;MT=Variable;TA=Protein N-term;AC=UNIMOD:1	NT=Deamidated;MT=Variable;TA=N,Q;AC=UNIMOD:7	./PXD002767/BIn_K258_2.raw	BIn_K258_2.raw
PXD002767-Sample-131	Solanum tuberosum	leaf	not available	not available	not available	not available	1	tissue	not available	not available	run 131	proteomic profiling by mass spectrometry	v1.1.0	NT=ms-proteomics;VV=v1.1.0	NT=Data-Dependent Acquisition;AC=PRIDE:0000627	1	1	AC=MS:1002038;NT=label free sample	NT=Q Exactive;AC=MS:1001911	20 ppm	0.03 Da	AC=MS:1000422;NT=HCD	AC=MS:1001251;NT=Trypsin	NT=Carbamidomethyl;AC=UNIMOD:4;TA=C;MT=Fixed	NT=Oxidation;AC=UNIMOD:35;MT=Variable;TA=M	NT=Acetyl;MT=Variable;TA=Protein N-term;AC=UNIMOD:1	NT=Deamidated;MT=Variable;TA=N,Q;AC=UNIMOD:7	./PXD002767/Bin_S4_2208_4.raw	Bin_S4_2208_4.raw
PXD002767-Sample-132	Solanum tuberosum	leaf	not available	not available	not available	not available	1	tissue	not available	not available	run 132	proteomic profiling by mass spectrometry	v1.1.0	NT=ms-proteomics;VV=v1.1.0	NT=Data-Dependent Acquisition;AC=PRIDE:0000627	1	1	AC=MS:1002038;NT=label free sample	NT=Q Exactive;AC=MS:1001911	20 ppm	0.03 Da	AC=MS:1000422;NT=HCD	AC=MS:1001251;NT=Trypsin	NT=Carbamidomethyl;AC=UNIMOD:4;TA=C;MT=Fixed	NT=Oxidation;AC=UNIMOD:35;MT=Variable;TA=M	NT=Acetyl;MT=Variable;TA=Protein N-term;AC=UNIMOD:1	NT=Deamidated;MT=Variable;TA=N,Q;AC=UNIMOD:7	./PXD002767/Kur_S4_2233_2.raw	Kur_S4_2233_2.raw
PXD002767-Sample-133	Solanum tuberosum	leaf	not available	not available	not available	not available	1	tissue	not available	not available	run 133	proteomic profiling by mass spectrometry	v1.1.0	NT=ms-proteomics;VV=v1.1.0	NT=Data-Dependent Acquisition;AC=PRIDE:0000627	1	1	AC=MS:1002038;NT=label free sample	NT=Q Exactive;AC=MS:1001911	20 ppm	0.03 Da	AC=MS:1000422;NT=HCD	AC=MS:1001251;NT=Trypsin	NT=Carbamidomethyl;AC=UNIMOD:4;TA=C;MT=Fixed	NT=Oxidation;AC=UNIMOD:35;MT=Variable;TA=M	NT=Acetyl;MT=Variable;TA=Protein N-term;AC=UNIMOD:1	NT=Deamidated;MT=Variable;TA=N,Q;AC=UNIMOD:7	./PXD002767/Kur_S4_2231_4.raw	Kur_S4_2231_4.raw
PXD002767-Sample-134	Solanum tuberosum	leaf	not available	not available	not available	not available	1	tissue	not available	not available	run 134	proteomic profiling by mass spectrometry	v1.1.0	NT=ms-proteomics;VV=v1.1.0	NT=Data-Dependent Acquisition;AC=PRIDE:0000627	1	1	AC=MS:1002038;NT=label free sample	NT=Q Exactive;AC=MS:1001911	20 ppm	0.03 Da	AC=MS:1000422;NT=HCD	AC=MS:1001251;NT=Trypsin	NT=Carbamidomethyl;AC=UNIMOD:4;TA=C;MT=Fixed	NT=Oxidation;AC=UNIMOD:35;MT=Variable;TA=M	NT=Acetyl;MT=Variable;TA=Protein N-term;AC=UNIMOD:1	NT=Deamidated;MT=Variable;TA=N,Q;AC=UNIMOD:7	./PXD002767/Kur_S65_2333_2.raw	Kur_S65_2333_2.raw
PXD002767-Sample-135	Solanum tuberosum	leaf	not available	not available	not available	not available	1	tissue	not available	not available	run 135	proteomic profiling by mass spectrometry	v1.1.0	NT=ms-proteomics;VV=v1.1.0	NT=Data-Dependent Acquisition;AC=PRIDE:0000627	1	1	AC=MS:1002038;NT=label free sample	NT=Q Exactive;AC=MS:1001911	20 ppm	0.03 Da	AC=MS:1000422;NT=HCD	AC=MS:1001251;NT=Trypsin	NT=Carbamidomethyl;AC=UNIMOD:4;TA=C;MT=Fixed	NT=Oxidation;AC=UNIMOD:35;MT=Variable;TA=M	NT=Acetyl;MT=Variable;TA=Protein N-term;AC=UNIMOD:1	NT=Deamidated;MT=Variable;TA=N,Q;AC=UNIMOD:7	./PXD002767/Sar_K120_4.raw	Sar_K120_4.raw
PXD002767-Sample-136	Solanum tuberosum	leaf	not available	not available	not available	not available	1	tissue	not available	not available	run 136	proteomic profiling by mass spectrometry	v1.1.0	NT=ms-proteomics;VV=v1.1.0	NT=Data-Dependent Acquisition;AC=PRIDE:0000627	1	1	AC=MS:1002038;NT=label free sample	NT=Q Exactive;AC=MS:1001911	20 ppm	0.03 Da	AC=MS:1000422;NT=HCD	AC=MS:1001251;NT=Trypsin	NT=Carbamidomethyl;AC=UNIMOD:4;TA=C;MT=Fixed	NT=Oxidation;AC=UNIMOD:35;MT=Variable;TA=M	NT=Acetyl;MT=Variable;TA=Protein N-term;AC=UNIMOD:1	NT=Deamidated;MT=Variable;TA=N,Q;AC=UNIMOD:7	./PXD002767/Sar_S120_2395_2.raw	Sar_S120_2395_2.raw
PXD002767-Sample-137	Solanum tuberosum	leaf	not available	not available	not available	not available	1	tissue	not available	not available	run 137	proteomic profiling by mass spectrometry	v1.1.0	NT=ms-proteomics;VV=v1.1.0	NT=Data-Dependent Acquisition;AC=PRIDE:0000627	1	1	AC=MS:1002038;NT=label free sample	NT=Q Exactive;AC=MS:1001911	20 ppm	0.03 Da	AC=MS:1000422;NT=HCD	AC=MS:1001251;NT=Trypsin	NT=Carbamidomethyl;AC=UNIMOD:4;TA=C;MT=Fixed	NT=Oxidation;AC=UNIMOD:35;MT=Variable;TA=M	NT=Acetyl;MT=Variable;TA=Protein N-term;AC=UNIMOD:1	NT=Deamidated;MT=Variable;TA=N,Q;AC=UNIMOD:7	./PXD002767/Sar_S65_2344_4.raw	Sar_S65_2344_4.raw
PXD002767-Sample-138	Solanum tuberosum	leaf	not available	not available	not available	not available	1	tissue	not available	not available	run 138	proteomic profiling by mass spectrometry	v1.1.0	NT=ms-proteomics;VV=v1.1.0	NT=Data-Dependent Acquisition;AC=PRIDE:0000627	1	1	AC=MS:1002038;NT=label free sample	NT=Q Exactive;AC=MS:1001911	20 ppm	0.03 Da	AC=MS:1000422;NT=HCD	AC=MS:1001251;NT=Trypsin	NT=Carbamidomethyl;AC=UNIMOD:4;TA=C;MT=Fixed	NT=Oxidation;AC=UNIMOD:35;MT=Variable;TA=M	NT=Acetyl;MT=Variable;TA=Protein N-term;AC=UNIMOD:1	NT=Deamidated;MT=Variable;TA=N,Q;AC=UNIMOD:7	./PXD002767/Sar_K258_4.raw	Sar_K258_4.raw
PXD002767-Sample-139	Solanum tuberosum	leaf	not available	not available	not available	not available	1	tissue	not available	not available	run 139	proteomic profiling by mass spectrometry	v1.1.0	NT=ms-proteomics;VV=v1.1.0	NT=Data-Dependent Acquisition;AC=PRIDE:0000627	1	1	AC=MS:1002038;NT=label free sample	NT=Q Exactive;AC=MS:1001911	20 ppm	0.03 Da	AC=MS:1000422;NT=HCD	AC=MS:1001251;NT=Trypsin	NT=Carbamidomethyl;AC=UNIMOD:4;TA=C;MT=Fixed	NT=Oxidation;AC=UNIMOD:35;MT=Variable;TA=M	NT=Acetyl;MT=Variable;TA=Protein N-term;AC=UNIMOD:1	NT=Deamidated;MT=Variable;TA=N,Q;AC=UNIMOD:7	./PXD002767/Bin_S4_2209_2.raw	Bin_S4_2209_2.raw
PXD002767-Sample-140	Solanum tuberosum	leaf	not available	not available	not available	not available	1	tissue	not available	not available	run 140	proteomic profiling by mass spectrometry	v1.1.0	NT=ms-proteomics;VV=v1.1.0	NT=Data-Dependent Acquisition;AC=PRIDE:0000627	1	1	AC=MS:1002038;NT=label free sample	NT=Q Exactive;AC=MS:1001911	20 ppm	0.03 Da	AC=MS:1000422;NT=HCD	AC=MS:1001251;NT=Trypsin	NT=Carbamidomethyl;AC=UNIMOD:4;TA=C;MT=Fixed	NT=Oxidation;AC=UNIMOD:35;MT=Variable;TA=M	NT=Acetyl;MT=Variable;TA=Protein N-term;AC=UNIMOD:1	NT=Deamidated;MT=Variable;TA=N,Q;AC=UNIMOD:7	./PXD002767/Bin_K120_2.raw	Bin_K120_2.raw
PXD002767-Sample-141	Solanum tuberosum	leaf	not available	not available	not available	not available	1	tissue	not available	not available	run 141	proteomic profiling by mass spectrometry	v1.1.0	NT=ms-proteomics;VV=v1.1.0	NT=Data-Dependent Acquisition;AC=PRIDE:0000627	1	1	AC=MS:1002038;NT=label free sample	NT=Q Exactive;AC=MS:1001911	20 ppm	0.03 Da	AC=MS:1000422;NT=HCD	AC=MS:1001251;NT=Trypsin	NT=Carbamidomethyl;AC=UNIMOD:4;TA=C;MT=Fixed	NT=Oxidation;AC=UNIMOD:35;MT=Variable;TA=M	NT=Acetyl;MT=Variable;TA=Protein N-term;AC=UNIMOD:1	NT=Deamidated;MT=Variable;TA=N,Q;AC=UNIMOD:7	./PXD002767/Kur_K120_4.raw	Kur_K120_4.raw
PXD002767-Sample-142	Solanum tuberosum	leaf	not available	not available	not available	not available	1	tissue	not available	not available	run 142	proteomic profiling by mass spectrometry	v1.1.0	NT=ms-proteomics;VV=v1.1.0	NT=Data-Dependent Acquisition;AC=PRIDE:0000627	1	1	AC=MS:1002038;NT=label free sample	NT=Q Exactive;AC=MS:1001911	20 ppm	0.03 Da	AC=MS:1000422;NT=HCD	AC=MS:1001251;NT=Trypsin	NT=Carbamidomethyl;AC=UNIMOD:4;TA=C;MT=Fixed	NT=Oxidation;AC=UNIMOD:35;MT=Variable;TA=M	NT=Acetyl;MT=Variable;TA=Protein N-term;AC=UNIMOD:1	NT=Deamidated;MT=Variable;TA=N,Q;AC=UNIMOD:7	./PXD002767/Bin_K16_1.raw	Bin_K16_1.raw
PXD002767-Sample-143	Solanum tuberosum	leaf	not available	not available	not available	not available	1	tissue	not available	not available	run 143	proteomic profiling by mass spectrometry	v1.1.0	NT=ms-proteomics;VV=v1.1.0	NT=Data-Dependent Acquisition;AC=PRIDE:0000627	1	1	AC=MS:1002038;NT=label free sample	NT=Q Exactive;AC=MS:1001911	20 ppm	0.03 Da	AC=MS:1000422;NT=HCD	AC=MS:1001251;NT=Trypsin	NT=Carbamidomethyl;AC=UNIMOD:4;TA=C;MT=Fixed	NT=Oxidation;AC=UNIMOD:35;MT=Variable;TA=M	NT=Acetyl;MT=Variable;TA=Protein N-term;AC=UNIMOD:1	NT=Deamidated;MT=Variable;TA=N,Q;AC=UNIMOD:7	./PXD002767/Sar_K120_2b.raw	Sar_K120_2b.raw
PXD002767-Sample-144	Solanum tuberosum	leaf	not available	not available	not available	not available	1	tissue	not available	not available	run 144	proteomic profiling by mass spectrometry	v1.1.0	NT=ms-proteomics;VV=v1.1.0	NT=Data-Dependent Acquisition;AC=PRIDE:0000627	1	1	AC=MS:1002038;NT=label free sample	NT=Q Exactive;AC=MS:1001911	20 ppm	0.03 Da	AC=MS:1000422;NT=HCD	AC=MS:1001251;NT=Trypsin	NT=Carbamidomethyl;AC=UNIMOD:4;TA=C;MT=Fixed	NT=Oxidation;AC=UNIMOD:35;MT=Variable;TA=M	NT=Acetyl;MT=Variable;TA=Protein N-term;AC=UNIMOD:1	NT=Deamidated;MT=Variable;TA=N,Q;AC=UNIMOD:7	./PXD002767/Bin_S4_2207_1.raw	Bin_S4_2207_1.raw
PXD002767-Sample-145	Solanum tuberosum	leaf	not available	not available	not available	not available	1	tissue	not available	not available	run 145	proteomic profiling by mass spectrometry	v1.1.0	NT=ms-proteomics;VV=v1.1.0	NT=Data-Dependent Acquisition;AC=PRIDE:0000627	1	1	AC=MS:1002038;NT=label free sample	NT=Q Exactive;AC=MS:1001911	20 ppm	0.03 Da	AC=MS:1000422;NT=HCD	AC=MS:1001251;NT=Trypsin	NT=Carbamidomethyl;AC=UNIMOD:4;TA=C;MT=Fixed	NT=Oxidation;AC=UNIMOD:35;MT=Variable;TA=M	NT=Acetyl;MT=Variable;TA=Protein N-term;AC=UNIMOD:1	NT=Deamidated;MT=Variable;TA=N,Q;AC=UNIMOD:7	./PXD002767/Bin_K120_3.raw	Bin_K120_3.raw
PXD002767-Sample-146	Solanum tuberosum	leaf	not available	not available	not available	not available	1	tissue	not available	not available	run 146	proteomic profiling by mass spectrometry	v1.1.0	NT=ms-proteomics;VV=v1.1.0	NT=Data-Dependent Acquisition;AC=PRIDE:0000627	1	1	AC=MS:1002038;NT=label free sample	NT=Q Exactive;AC=MS:1001911	20 ppm	0.03 Da	AC=MS:1000422;NT=HCD	AC=MS:1001251;NT=Trypsin	NT=Carbamidomethyl;AC=UNIMOD:4;TA=C;MT=Fixed	NT=Oxidation;AC=UNIMOD:35;MT=Variable;TA=M	NT=Acetyl;MT=Variable;TA=Protein N-term;AC=UNIMOD:1	NT=Deamidated;MT=Variable;TA=N,Q;AC=UNIMOD:7	./PXD002767/Kur_K16_4b.raw	Kur_K16_4b.raw
PXD002767-Sample-147	Solanum tuberosum	leaf	not available	not available	not available	not available	1	tissue	not available	not available	run 147	proteomic profiling by mass spectrometry	v1.1.0	NT=ms-proteomics;VV=v1.1.0	NT=Data-Dependent Acquisition;AC=PRIDE:0000627	1	1	AC=MS:1002038;NT=label free sample	NT=Q Exactive;AC=MS:1001911	20 ppm	0.03 Da	AC=MS:1000422;NT=HCD	AC=MS:1001251;NT=Trypsin	NT=Carbamidomethyl;AC=UNIMOD:4;TA=C;MT=Fixed	NT=Oxidation;AC=UNIMOD:35;MT=Variable;TA=M	NT=Acetyl;MT=Variable;TA=Protein N-term;AC=UNIMOD:1	NT=Deamidated;MT=Variable;TA=N,Q;AC=UNIMOD:7	./PXD002767/Sar_K16_4.raw	Sar_K16_4.raw
PXD002767-Sample-148	Solanum tuberosum	leaf	not available	not available	not available	not available	1	tissue	not available	not available	run 148	proteomic profiling by mass spectrometry	v1.1.0	NT=ms-proteomics;VV=v1.1.0	NT=Data-Dependent Acquisition;AC=PRIDE:0000627	1	1	AC=MS:1002038;NT=label free sample	NT=Q Exactive;AC=MS:1001911	20 ppm	0.03 Da	AC=MS:1000422;NT=HCD	AC=MS:1001251;NT=Trypsin	NT=Carbamidomethyl;AC=UNIMOD:4;TA=C;MT=Fixed	NT=Oxidation;AC=UNIMOD:35;MT=Variable;TA=M	NT=Acetyl;MT=Variable;TA=Protein N-term;AC=UNIMOD:1	NT=Deamidated;MT=Variable;TA=N,Q;AC=UNIMOD:7	./PXD002767/Bin_K4_1b.raw	Bin_K4_1b.raw
PXD002767-Sample-149	Solanum tuberosum	leaf	not available	not available	not available	not available	1	tissue	not available	not available	run 149	proteomic profiling by mass spectrometry	v1.1.0	NT=ms-proteomics;VV=v1.1.0	NT=Data-Dependent Acquisition;AC=PRIDE:0000627	1	1	AC=MS:1002038;NT=label free sample	NT=Q Exactive;AC=MS:1001911	20 ppm	0.03 Da	AC=MS:1000422;NT=HCD	AC=MS:1001251;NT=Trypsin	NT=Carbamidomethyl;AC=UNIMOD:4;TA=C;MT=Fixed	NT=Oxidation;AC=UNIMOD:35;MT=Variable;TA=M	NT=Acetyl;MT=Variable;TA=Protein N-term;AC=UNIMOD:1	NT=Deamidated;MT=Variable;TA=N,Q;AC=UNIMOD:7	./PXD002767/Kur_S65_2333_3.raw	Kur_S65_2333_3.raw
PXD002767-Sample-150	Solanum tuberosum	leaf	not available	not available	not available	not available	1	tissue	not available	not available	run 150	proteomic profiling by mass spectrometry	v1.1.0	NT=ms-proteomics;VV=v1.1.0	NT=Data-Dependent Acquisition;AC=PRIDE:0000627	1	1	AC=MS:1002038;NT=label free sample	NT=Q Exactive;AC=MS:1001911	20 ppm	0.03 Da	AC=MS:1000422;NT=HCD	AC=MS:1001251;NT=Trypsin	NT=Carbamidomethyl;AC=UNIMOD:4;TA=C;MT=Fixed	NT=Oxidation;AC=UNIMOD:35;MT=Variable;TA=M	NT=Acetyl;MT=Variable;TA=Protein N-term;AC=UNIMOD:1	NT=Deamidated;MT=Variable;TA=N,Q;AC=UNIMOD:7	./PXD002767/Sar_K16_4b.raw	Sar_K16_4b.raw
PXD002767-Sample-151	Solanum tuberosum	leaf	not available	not available	not available	not available	1	tissue	not available	not available	run 151	proteomic profiling by mass spectrometry	v1.1.0	NT=ms-proteomics;VV=v1.1.0	NT=Data-Dependent Acquisition;AC=PRIDE:0000627	1	1	AC=MS:1002038;NT=label free sample	NT=Q Exactive;AC=MS:1001911	20 ppm	0.03 Da	AC=MS:1000422;NT=HCD	AC=MS:1001251;NT=Trypsin	NT=Carbamidomethyl;AC=UNIMOD:4;TA=C;MT=Fixed	NT=Oxidation;AC=UNIMOD:35;MT=Variable;TA=M	NT=Acetyl;MT=Variable;TA=Protein N-term;AC=UNIMOD:1	NT=Deamidated;MT=Variable;TA=N,Q;AC=UNIMOD:7	./PXD002767/Bin_S120_2362b_1.raw	Bin_S120_2362b_1.raw
PXD002767-Sample-152	Solanum tuberosum	leaf	not available	not available	not available	not available	1	tissue	not available	not available	run 152	proteomic profiling by mass spectrometry	v1.1.0	NT=ms-proteomics;VV=v1.1.0	NT=Data-Dependent Acquisition;AC=PRIDE:0000627	1	1	AC=MS:1002038;NT=label free sample	NT=Q Exactive;AC=MS:1001911	20 ppm	0.03 Da	AC=MS:1000422;NT=HCD	AC=MS:1001251;NT=Trypsin	NT=Carbamidomethyl;AC=UNIMOD:4;TA=C;MT=Fixed	NT=Oxidation;AC=UNIMOD:35;MT=Variable;TA=M	NT=Acetyl;MT=Variable;TA=Protein N-term;AC=UNIMOD:1	NT=Deamidated;MT=Variable;TA=N,Q;AC=UNIMOD:7	./PXD002767/BIn_K258_3.raw	BIn_K258_3.raw
PXD002767-Sample-153	Solanum tuberosum	leaf	not available	not available	not available	not available	1	tissue	not available	not available	run 153	proteomic profiling by mass spectrometry	v1.1.0	NT=ms-proteomics;VV=v1.1.0	NT=Data-Dependent Acquisition;AC=PRIDE:0000627	1	1	AC=MS:1002038;NT=label free sample	NT=Q Exactive;AC=MS:1001911	20 ppm	0.03 Da	AC=MS:1000422;NT=HCD	AC=MS:1001251;NT=Trypsin	NT=Carbamidomethyl;AC=UNIMOD:4;TA=C;MT=Fixed	NT=Oxidation;AC=UNIMOD:35;MT=Variable;TA=M	NT=Acetyl;MT=Variable;TA=Protein N-term;AC=UNIMOD:1	NT=Deamidated;MT=Variable;TA=N,Q;AC=UNIMOD:7	./PXD002767/BIn_K258_1b.raw	BIn_K258_1b.raw
PXD002767-Sample-154	Solanum tuberosum	leaf	not available	not available	not available	not available	1	tissue	not available	not available	run 154	proteomic profiling by mass spectrometry	v1.1.0	NT=ms-proteomics;VV=v1.1.0	NT=Data-Dependent Acquisition;AC=PRIDE:0000627	1	1	AC=MS:1002038;NT=label free sample	NT=Q Exactive;AC=MS:1001911	20 ppm	0.03 Da	AC=MS:1000422;NT=HCD	AC=MS:1001251;NT=Trypsin	NT=Carbamidomethyl;AC=UNIMOD:4;TA=C;MT=Fixed	NT=Oxidation;AC=UNIMOD:35;MT=Variable;TA=M	NT=Acetyl;MT=Variable;TA=Protein N-term;AC=UNIMOD:1	NT=Deamidated;MT=Variable;TA=N,Q;AC=UNIMOD:7	./PXD002767/Kur_K258_4.raw	Kur_K258_4.raw
PXD002767-Sample-155	Solanum tuberosum	leaf	not available	not available	not available	not available	1	tissue	not available	not available	run 155	proteomic profiling by mass spectrometry	v1.1.0	NT=ms-proteomics;VV=v1.1.0	NT=Data-Dependent Acquisition;AC=PRIDE:0000627	1	1	AC=MS:1002038;NT=label free sample	NT=Q Exactive;AC=MS:1001911	20 ppm	0.03 Da	AC=MS:1000422;NT=HCD	AC=MS:1001251;NT=Trypsin	NT=Carbamidomethyl;AC=UNIMOD:4;TA=C;MT=Fixed	NT=Oxidation;AC=UNIMOD:35;MT=Variable;TA=M	NT=Acetyl;MT=Variable;TA=Protein N-term;AC=UNIMOD:1	NT=Deamidated;MT=Variable;TA=N,Q;AC=UNIMOD:7	./PXD002767/Kur_S4_2233_3.raw	Kur_S4_2233_3.raw
PXD002767-Sample-156	Solanum tuberosum	leaf	not available	not available	not available	not available	1	tissue	not available	not available	run 156	proteomic profiling by mass spectrometry	v1.1.0	NT=ms-proteomics;VV=v1.1.0	NT=Data-Dependent Acquisition;AC=PRIDE:0000627	1	1	AC=MS:1002038;NT=label free sample	NT=Q Exactive;AC=MS:1001911	20 ppm	0.03 Da	AC=MS:1000422;NT=HCD	AC=MS:1001251;NT=Trypsin	NT=Carbamidomethyl;AC=UNIMOD:4;TA=C;MT=Fixed	NT=Oxidation;AC=UNIMOD:35;MT=Variable;TA=M	NT=Acetyl;MT=Variable;TA=Protein N-term;AC=UNIMOD:1	NT=Deamidated;MT=Variable;TA=N,Q;AC=UNIMOD:7	./PXD002767/Kur_K65_2b.raw	Kur_K65_2b.raw
PXD002767-Sample-157	Solanum tuberosum	leaf	not available	not available	not available	not available	1	tissue	not available	not available	run 157	proteomic profiling by mass spectrometry	v1.1.0	NT=ms-proteomics;VV=v1.1.0	NT=Data-Dependent Acquisition;AC=PRIDE:0000627	1	1	AC=MS:1002038;NT=label free sample	NT=Q Exactive;AC=MS:1001911	20 ppm	0.03 Da	AC=MS:1000422;NT=HCD	AC=MS:1001251;NT=Trypsin	NT=Carbamidomethyl;AC=UNIMOD:4;TA=C;MT=Fixed	NT=Oxidation;AC=UNIMOD:35;MT=Variable;TA=M	NT=Acetyl;MT=Variable;TA=Protein N-term;AC=UNIMOD:1	NT=Deamidated;MT=Variable;TA=N,Q;AC=UNIMOD:7	./PXD002767/Kur_S65_2335_1.raw	Kur_S65_2335_1.raw
PXD002767-Sample-158	Solanum tuberosum	leaf	not available	not available	not available	not available	1	tissue	not available	not available	run 158	proteomic profiling by mass spectrometry	v1.1.0	NT=ms-proteomics;VV=v1.1.0	NT=Data-Dependent Acquisition;AC=PRIDE:0000627	1	1	AC=MS:1002038;NT=label free sample	NT=Q Exactive;AC=MS:1001911	20 ppm	0.03 Da	AC=MS:1000422;NT=HCD	AC=MS:1001251;NT=Trypsin	NT=Carbamidomethyl;AC=UNIMOD:4;TA=C;MT=Fixed	NT=Oxidation;AC=UNIMOD:35;MT=Variable;TA=M	NT=Acetyl;MT=Variable;TA=Protein N-term;AC=UNIMOD:1	NT=Deamidated;MT=Variable;TA=N,Q;AC=UNIMOD:7	./PXD002767/Bin_S258_2412_2.raw	Bin_S258_2412_2.raw
PXD002767-Sample-159	Solanum tuberosum	leaf	not available	not available	not available	not available	1	tissue	not available	not available	run 159	proteomic profiling by mass spectrometry	v1.1.0	NT=ms-proteomics;VV=v1.1.0	NT=Data-Dependent Acquisition;AC=PRIDE:0000627	1	1	AC=MS:1002038;NT=label free sample	NT=Q Exactive;AC=MS:1001911	20 ppm	0.03 Da	AC=MS:1000422;NT=HCD	AC=MS:1001251;NT=Trypsin	NT=Carbamidomethyl;AC=UNIMOD:4;TA=C;MT=Fixed	NT=Oxidation;AC=UNIMOD:35;MT=Variable;TA=M	NT=Acetyl;MT=Variable;TA=Protein N-term;AC=UNIMOD:1	NT=Deamidated;MT=Variable;TA=N,Q;AC=UNIMOD:7	./PXD002767/Kur_S4_2232_4.raw	Kur_S4_2232_4.raw
PXD002767-Sample-160	Solanum tuberosum	leaf	not available	not available	not available	not available	1	tissue	not available	not available	run 160	proteomic profiling by mass spectrometry	v1.1.0	NT=ms-proteomics;VV=v1.1.0	NT=Data-Dependent Acquisition;AC=PRIDE:0000627	1	1	AC=MS:1002038;NT=label free sample	NT=Q Exactive;AC=MS:1001911	20 ppm	0.03 Da	AC=MS:1000422;NT=HCD	AC=MS:1001251;NT=Trypsin	NT=Carbamidomethyl;AC=UNIMOD:4;TA=C;MT=Fixed	NT=Oxidation;AC=UNIMOD:35;MT=Variable;TA=M	NT=Acetyl;MT=Variable;TA=Protein N-term;AC=UNIMOD:1	NT=Deamidated;MT=Variable;TA=N,Q;AC=UNIMOD:7	./PXD002767/Bin_S65_2310_1.raw	Bin_S65_2310_1.raw
PXD002767-Sample-161	Solanum tuberosum	leaf	not available	not available	not available	not available	1	tissue	not available	not available	run 161	proteomic profiling by mass spectrometry	v1.1.0	NT=ms-proteomics;VV=v1.1.0	NT=Data-Dependent Acquisition;AC=PRIDE:0000627	1	1	AC=MS:1002038;NT=label free sample	NT=Q Exactive;AC=MS:1001911	20 ppm	0.03 Da	AC=MS:1000422;NT=HCD	AC=MS:1001251;NT=Trypsin	NT=Carbamidomethyl;AC=UNIMOD:4;TA=C;MT=Fixed	NT=Oxidation;AC=UNIMOD:35;MT=Variable;TA=M	NT=Acetyl;MT=Variable;TA=Protein N-term;AC=UNIMOD:1	NT=Deamidated;MT=Variable;TA=N,Q;AC=UNIMOD:7	./PXD002767/Sar_S65_2343_1.raw	Sar_S65_2343_1.raw
PXD002767-Sample-162	Solanum tuberosum	leaf	not available	not available	not available	not available	1	tissue	not available	not available	run 162	proteomic profiling by mass spectrometry	v1.1.0	NT=ms-proteomics;VV=v1.1.0	NT=Data-Dependent Acquisition;AC=PRIDE:0000627	1	1	AC=MS:1002038;NT=label free sample	NT=Q Exactive;AC=MS:1001911	20 ppm	0.03 Da	AC=MS:1000422;NT=HCD	AC=MS:1001251;NT=Trypsin	NT=Carbamidomethyl;AC=UNIMOD:4;TA=C;MT=Fixed	NT=Oxidation;AC=UNIMOD:35;MT=Variable;TA=M	NT=Acetyl;MT=Variable;TA=Protein N-term;AC=UNIMOD:1	NT=Deamidated;MT=Variable;TA=N,Q;AC=UNIMOD:7	./PXD002767/Bin_S65_2311_2.raw	Bin_S65_2311_2.raw
PXD002767-Sample-163	Solanum tuberosum	leaf	not available	not available	not available	not available	1	tissue	not available	not available	run 163	proteomic profiling by mass spectrometry	v1.1.0	NT=ms-proteomics;VV=v1.1.0	NT=Data-Dependent Acquisition;AC=PRIDE:0000627	1	1	AC=MS:1002038;NT=label free sample	NT=Q Exactive;AC=MS:1001911	20 ppm	0.03 Da	AC=MS:1000422;NT=HCD	AC=MS:1001251;NT=Trypsin	NT=Carbamidomethyl;AC=UNIMOD:4;TA=C;MT=Fixed	NT=Oxidation;AC=UNIMOD:35;MT=Variable;TA=M	NT=Acetyl;MT=Variable;TA=Protein N-term;AC=UNIMOD:1	NT=Deamidated;MT=Variable;TA=N,Q;AC=UNIMOD:7	./PXD002767/Bin_K120_2b.raw	Bin_K120_2b.raw
PXD002767-Sample-164	Solanum tuberosum	leaf	not available	not available	not available	not available	1	tissue	not available	not available	run 164	proteomic profiling by mass spectrometry	v1.1.0	NT=ms-proteomics;VV=v1.1.0	NT=Data-Dependent Acquisition;AC=PRIDE:0000627	1	1	AC=MS:1002038;NT=label free sample	NT=Q Exactive;AC=MS:1001911	20 ppm	0.03 Da	AC=MS:1000422;NT=HCD	AC=MS:1001251;NT=Trypsin	NT=Carbamidomethyl;AC=UNIMOD:4;TA=C;MT=Fixed	NT=Oxidation;AC=UNIMOD:35;MT=Variable;TA=M	NT=Acetyl;MT=Variable;TA=Protein N-term;AC=UNIMOD:1	NT=Deamidated;MT=Variable;TA=N,Q;AC=UNIMOD:7	./PXD002767/Kur_K65_4b.raw	Kur_K65_4b.raw
PXD002767-Sample-165	Solanum tuberosum	leaf	not available	not available	not available	not available	1	tissue	not available	not available	run 165	proteomic profiling by mass spectrometry	v1.1.0	NT=ms-proteomics;VV=v1.1.0	NT=Data-Dependent Acquisition;AC=PRIDE:0000627	1	1	AC=MS:1002038;NT=label free sample	NT=Q Exactive;AC=MS:1001911	20 ppm	0.03 Da	AC=MS:1000422;NT=HCD	AC=MS:1001251;NT=Trypsin	NT=Carbamidomethyl;AC=UNIMOD:4;TA=C;MT=Fixed	NT=Oxidation;AC=UNIMOD:35;MT=Variable;TA=M	NT=Acetyl;MT=Variable;TA=Protein N-term;AC=UNIMOD:1	NT=Deamidated;MT=Variable;TA=N,Q;AC=UNIMOD:7	./PXD002767/Kur_S16_2283_4.raw	Kur_S16_2283_4.raw
PXD002767-Sample-166	Solanum tuberosum	leaf	not available	not available	not available	not available	1	tissue	not available	not available	run 166	proteomic profiling by mass spectrometry	v1.1.0	NT=ms-proteomics;VV=v1.1.0	NT=Data-Dependent Acquisition;AC=PRIDE:0000627	1	1	AC=MS:1002038;NT=label free sample	NT=Q Exactive;AC=MS:1001911	20 ppm	0.03 Da	AC=MS:1000422;NT=HCD	AC=MS:1001251;NT=Trypsin	NT=Carbamidomethyl;AC=UNIMOD:4;TA=C;MT=Fixed	NT=Oxidation;AC=UNIMOD:35;MT=Variable;TA=M	NT=Acetyl;MT=Variable;TA=Protein N-term;AC=UNIMOD:1	NT=Deamidated;MT=Variable;TA=N,Q;AC=UNIMOD:7	./PXD002767/Kur_S65_2335_4.raw	Kur_S65_2335_4.raw
PXD002767-Sample-167	Solanum tuberosum	leaf	not available	not available	not available	not available	1	tissue	not available	not available	run 167	proteomic profiling by mass spectrometry	v1.1.0	NT=ms-proteomics;VV=v1.1.0	NT=Data-Dependent Acquisition;AC=PRIDE:0000627	1	1	AC=MS:1002038;NT=label free sample	NT=Q Exactive;AC=MS:1001911	20 ppm	0.03 Da	AC=MS:1000422;NT=HCD	AC=MS:1001251;NT=Trypsin	NT=Carbamidomethyl;AC=UNIMOD:4;TA=C;MT=Fixed	NT=Oxidation;AC=UNIMOD:35;MT=Variable;TA=M	NT=Acetyl;MT=Variable;TA=Protein N-term;AC=UNIMOD:1	NT=Deamidated;MT=Variable;TA=N,Q;AC=UNIMOD:7	./PXD002767/Sar_S65_2344_1.raw	Sar_S65_2344_1.raw
PXD002767-Sample-168	Solanum tuberosum	leaf	not available	not available	not available	not available	1	tissue	not available	not available	run 168	proteomic profiling by mass spectrometry	v1.1.0	NT=ms-proteomics;VV=v1.1.0	NT=Data-Dependent Acquisition;AC=PRIDE:0000627	1	1	AC=MS:1002038;NT=label free sample	NT=Q Exactive;AC=MS:1001911	20 ppm	0.03 Da	AC=MS:1000422;NT=HCD	AC=MS:1001251;NT=Trypsin	NT=Carbamidomethyl;AC=UNIMOD:4;TA=C;MT=Fixed	NT=Oxidation;AC=UNIMOD:35;MT=Variable;TA=M	NT=Acetyl;MT=Variable;TA=Protein N-term;AC=UNIMOD:1	NT=Deamidated;MT=Variable;TA=N,Q;AC=UNIMOD:7	./PXD002767/Kur_S65_2334_2.raw	Kur_S65_2334_2.raw
PXD002767-Sample-169	Solanum tuberosum	leaf	not available	not available	not available	not available	1	tissue	not available	not available	run 169	proteomic profiling by mass spectrometry	v1.1.0	NT=ms-proteomics;VV=v1.1.0	NT=Data-Dependent Acquisition;AC=PRIDE:0000627	1	1	AC=MS:1002038;NT=label free sample	NT=Q Exactive;AC=MS:1001911	20 ppm	0.03 Da	AC=MS:1000422;NT=HCD	AC=MS:1001251;NT=Trypsin	NT=Carbamidomethyl;AC=UNIMOD:4;TA=C;MT=Fixed	NT=Oxidation;AC=UNIMOD:35;MT=Variable;TA=M	NT=Acetyl;MT=Variable;TA=Protein N-term;AC=UNIMOD:1	NT=Deamidated;MT=Variable;TA=N,Q;AC=UNIMOD:7	./PXD002767/Bin_S16_2259_4.raw	Bin_S16_2259_4.raw
PXD002767-Sample-170	Solanum tuberosum	leaf	not available	not available	not available	not available	1	tissue	not available	not available	run 170	proteomic profiling by mass spectrometry	v1.1.0	NT=ms-proteomics;VV=v1.1.0	NT=Data-Dependent Acquisition;AC=PRIDE:0000627	1	1	AC=MS:1002038;NT=label free sample	NT=Q Exactive;AC=MS:1001911	20 ppm	0.03 Da	AC=MS:1000422;NT=HCD	AC=MS:1001251;NT=Trypsin	NT=Carbamidomethyl;AC=UNIMOD:4;TA=C;MT=Fixed	NT=Oxidation;AC=UNIMOD:35;MT=Variable;TA=M	NT=Acetyl;MT=Variable;TA=Protein N-term;AC=UNIMOD:1	NT=Deamidated;MT=Variable;TA=N,Q;AC=UNIMOD:7	./PXD002767/Bin_S16_2260_4.raw	Bin_S16_2260_4.raw
PXD002767-Sample-171	Solanum tuberosum	leaf	not available	not available	not available	not available	1	tissue	not available	not available	run 171	proteomic profiling by mass spectrometry	v1.1.0	NT=ms-proteomics;VV=v1.1.0	NT=Data-Dependent Acquisition;AC=PRIDE:0000627	1	1	AC=MS:1002038;NT=label free sample	NT=Q Exactive;AC=MS:1001911	20 ppm	0.03 Da	AC=MS:1000422;NT=HCD	AC=MS:1001251;NT=Trypsin	NT=Carbamidomethyl;AC=UNIMOD:4;TA=C;MT=Fixed	NT=Oxidation;AC=UNIMOD:35;MT=Variable;TA=M	NT=Acetyl;MT=Variable;TA=Protein N-term;AC=UNIMOD:1	NT=Deamidated;MT=Variable;TA=N,Q;AC=UNIMOD:7	./PXD002767/Bin_S65_2311_3.raw	Bin_S65_2311_3.raw
PXD002767-Sample-172	Solanum tuberosum	leaf	not available	not available	not available	not available	1	tissue	not available	not available	run 172	proteomic profiling by mass spectrometry	v1.1.0	NT=ms-proteomics;VV=v1.1.0	NT=Data-Dependent Acquisition;AC=PRIDE:0000627	1	1	AC=MS:1002038;NT=label free sample	NT=Q Exactive;AC=MS:1001911	20 ppm	0.03 Da	AC=MS:1000422;NT=HCD	AC=MS:1001251;NT=Trypsin	NT=Carbamidomethyl;AC=UNIMOD:4;TA=C;MT=Fixed	NT=Oxidation;AC=UNIMOD:35;MT=Variable;TA=M	NT=Acetyl;MT=Variable;TA=Protein N-term;AC=UNIMOD:1	NT=Deamidated;MT=Variable;TA=N,Q;AC=UNIMOD:7	./PXD002767/Sar_S258_2445_2.raw	Sar_S258_2445_2.raw
PXD002767-Sample-173	Solanum tuberosum	leaf	not available	not available	not available	not available	1	tissue	not available	not available	run 173	proteomic profiling by mass spectrometry	v1.1.0	NT=ms-proteomics;VV=v1.1.0	NT=Data-Dependent Acquisition;AC=PRIDE:0000627	1	1	AC=MS:1002038;NT=label free sample	NT=Q Exactive;AC=MS:1001911	20 ppm	0.03 Da	AC=MS:1000422;NT=HCD	AC=MS:1001251;NT=Trypsin	NT=Carbamidomethyl;AC=UNIMOD:4;TA=C;MT=Fixed	NT=Oxidation;AC=UNIMOD:35;MT=Variable;TA=M	NT=Acetyl;MT=Variable;TA=Protein N-term;AC=UNIMOD:1	NT=Deamidated;MT=Variable;TA=N,Q;AC=UNIMOD:7	./PXD002767/Bin_S120_2360_3.raw	Bin_S120_2360_3.raw
PXD002767-Sample-174	Solanum tuberosum	leaf	not available	not available	not available	not available	1	tissue	not available	not available	run 174	proteomic profiling by mass spectrometry	v1.1.0	NT=ms-proteomics;VV=v1.1.0	NT=Data-Dependent Acquisition;AC=PRIDE:0000627	1	1	AC=MS:1002038;NT=label free sample	NT=Q Exactive;AC=MS:1001911	20 ppm	0.03 Da	AC=MS:1000422;NT=HCD	AC=MS:1001251;NT=Trypsin	NT=Carbamidomethyl;AC=UNIMOD:4;TA=C;MT=Fixed	NT=Oxidation;AC=UNIMOD:35;MT=Variable;TA=M	NT=Acetyl;MT=Variable;TA=Protein N-term;AC=UNIMOD:1	NT=Deamidated;MT=Variable;TA=N,Q;AC=UNIMOD:7	./PXD002767/Kur_K65_3b.raw	Kur_K65_3b.raw
PXD002767-Sample-175	Solanum tuberosum	leaf	not available	not available	not available	not available	1	tissue	not available	not available	run 175	proteomic profiling by mass spectrometry	v1.1.0	NT=ms-proteomics;VV=v1.1.0	NT=Data-Dependent Acquisition;AC=PRIDE:0000627	1	1	AC=MS:1002038;NT=label free sample	NT=Q Exactive;AC=MS:1001911	20 ppm	0.03 Da	AC=MS:1000422;NT=HCD	AC=MS:1001251;NT=Trypsin	NT=Carbamidomethyl;AC=UNIMOD:4;TA=C;MT=Fixed	NT=Oxidation;AC=UNIMOD:35;MT=Variable;TA=M	NT=Acetyl;MT=Variable;TA=Protein N-term;AC=UNIMOD:1	NT=Deamidated;MT=Variable;TA=N,Q;AC=UNIMOD:7	./PXD002767/Sar_S120_2393_4.raw	Sar_S120_2393_4.raw
PXD002767-Sample-176	Solanum tuberosum	leaf	not available	not available	not available	not available	1	tissue	not available	not available	run 176	proteomic profiling by mass spectrometry	v1.1.0	NT=ms-proteomics;VV=v1.1.0	NT=Data-Dependent Acquisition;AC=PRIDE:0000627	1	1	AC=MS:1002038;NT=label free sample	NT=Q Exactive;AC=MS:1001911	20 ppm	0.03 Da	AC=MS:1000422;NT=HCD	AC=MS:1001251;NT=Trypsin	NT=Carbamidomethyl;AC=UNIMOD:4;TA=C;MT=Fixed	NT=Oxidation;AC=UNIMOD:35;MT=Variable;TA=M	NT=Acetyl;MT=Variable;TA=Protein N-term;AC=UNIMOD:1	NT=Deamidated;MT=Variable;TA=N,Q;AC=UNIMOD:7	./PXD002767/Sar_S16_2291_4.raw	Sar_S16_2291_4.raw
PXD002767-Sample-177	Solanum tuberosum	leaf	not available	not available	not available	not available	1	tissue	not available	not available	run 178	proteomic profiling by mass spectrometry	v1.1.0	NT=ms-proteomics;VV=v1.1.0	NT=Data-Dependent Acquisition;AC=PRIDE:0000627	1	1	AC=MS:1002038;NT=label free sample	NT=Q Exactive;AC=MS:1001911	20 ppm	0.03 Da	AC=MS:1000422;NT=HCD	AC=MS:1001251;NT=Trypsin	NT=Carbamidomethyl;AC=UNIMOD:4;TA=C;MT=Fixed	NT=Oxidation;AC=UNIMOD:35;MT=Variable;TA=M	NT=Acetyl;MT=Variable;TA=Protein N-term;AC=UNIMOD:1	NT=Deamidated;MT=Variable;TA=N,Q;AC=UNIMOD:7	./PXD002767/Sar_K120_4b.raw	Sar_K120_4b.raw
PXD002767-Sample-178	Solanum tuberosum	leaf	not available	not available	not available	not available	1	tissue	not available	not available	run 179	proteomic profiling by mass spectrometry	v1.1.0	NT=ms-proteomics;VV=v1.1.0	NT=Data-Dependent Acquisition;AC=PRIDE:0000627	1	1	AC=MS:1002038;NT=label free sample	NT=Q Exactive;AC=MS:1001911	20 ppm	0.03 Da	AC=MS:1000422;NT=HCD	AC=MS:1001251;NT=Trypsin	NT=Carbamidomethyl;AC=UNIMOD:4;TA=C;MT=Fixed	NT=Oxidation;AC=UNIMOD:35;MT=Variable;TA=M	NT=Acetyl;MT=Variable;TA=Protein N-term;AC=UNIMOD:1	NT=Deamidated;MT=Variable;TA=N,Q;AC=UNIMOD:7	./PXD002767/Sar_S258_2446_3.raw	Sar_S258_2446_3.raw
PXD002767-Sample-179	Solanum tuberosum	leaf	not available	not available	not available	not available	1	tissue	not available	not available	run 180	proteomic profiling by mass spectrometry	v1.1.0	NT=ms-proteomics;VV=v1.1.0	NT=Data-Dependent Acquisition;AC=PRIDE:0000627	1	1	AC=MS:1002038;NT=label free sample	NT=Q Exactive;AC=MS:1001911	20 ppm	0.03 Da	AC=MS:1000422;NT=HCD	AC=MS:1001251;NT=Trypsin	NT=Carbamidomethyl;AC=UNIMOD:4;TA=C;MT=Fixed	NT=Oxidation;AC=UNIMOD:35;MT=Variable;TA=M	NT=Acetyl;MT=Variable;TA=Protein N-term;AC=UNIMOD:1	NT=Deamidated;MT=Variable;TA=N,Q;AC=UNIMOD:7	./PXD002767/Sar_K4_3.raw	Sar_K4_3.raw
PXD002767-Sample-180	Solanum tuberosum	leaf	not available	not available	not available	not available	1	tissue	not available	not available	run 181	proteomic profiling by mass spectrometry	v1.1.0	NT=ms-proteomics;VV=v1.1.0	NT=Data-Dependent Acquisition;AC=PRIDE:0000627	1	1	AC=MS:1002038;NT=label free sample	NT=Q Exactive;AC=MS:1001911	20 ppm	0.03 Da	AC=MS:1000422;NT=HCD	AC=MS:1001251;NT=Trypsin	NT=Carbamidomethyl;AC=UNIMOD:4;TA=C;MT=Fixed	NT=Oxidation;AC=UNIMOD:35;MT=Variable;TA=M	NT=Acetyl;MT=Variable;TA=Protein N-term;AC=UNIMOD:1	NT=Deamidated;MT=Variable;TA=N,Q;AC=UNIMOD:7	./PXD002767/Kur_S120_2384_4.raw	Kur_S120_2384_4.raw
PXD002767-Sample-181	Solanum tuberosum	leaf	not available	not available	not available	not available	1	tissue	not available	not available	run 182	proteomic profiling by mass spectrometry	v1.1.0	NT=ms-proteomics;VV=v1.1.0	NT=Data-Dependent Acquisition;AC=PRIDE:0000627	1	1	AC=MS:1002038;NT=label free sample	NT=Q Exactive;AC=MS:1001911	20 ppm	0.03 Da	AC=MS:1000422;NT=HCD	AC=MS:1001251;NT=Trypsin	NT=Carbamidomethyl;AC=UNIMOD:4;TA=C;MT=Fixed	NT=Oxidation;AC=UNIMOD:35;MT=Variable;TA=M	NT=Acetyl;MT=Variable;TA=Protein N-term;AC=UNIMOD:1	NT=Deamidated;MT=Variable;TA=N,Q;AC=UNIMOD:7	./PXD002767/Bin_S4_2207_4.raw	Bin_S4_2207_4.raw
PXD002767-Sample-182	Solanum tuberosum	leaf	not available	not available	not available	not available	1	tissue	not available	not available	run 183	proteomic profiling by mass spectrometry	v1.1.0	NT=ms-proteomics;VV=v1.1.0	NT=Data-Dependent Acquisition;AC=PRIDE:0000627	1	1	AC=MS:1002038;NT=label free sample	NT=Q Exactive;AC=MS:1001911	20 ppm	0.03 Da	AC=MS:1000422;NT=HCD	AC=MS:1001251;NT=Trypsin	NT=Carbamidomethyl;AC=UNIMOD:4;TA=C;MT=Fixed	NT=Oxidation;AC=UNIMOD:35;MT=Variable;TA=M	NT=Acetyl;MT=Variable;TA=Protein N-term;AC=UNIMOD:1	NT=Deamidated;MT=Variable;TA=N,Q;AC=UNIMOD:7	./PXD002767/Bin_S65_2310_4.raw	Bin_S65_2310_4.raw
PXD002767-Sample-183	Solanum tuberosum	leaf	not available	not available	not available	not available	1	tissue	not available	not available	run 184	proteomic profiling by mass spectrometry	v1.1.0	NT=ms-proteomics;VV=v1.1.0	NT=Data-Dependent Acquisition;AC=PRIDE:0000627	1	1	AC=MS:1002038;NT=label free sample	NT=Q Exactive;AC=MS:1001911	20 ppm	0.03 Da	AC=MS:1000422;NT=HCD	AC=MS:1001251;NT=Trypsin	NT=Carbamidomethyl;AC=UNIMOD:4;TA=C;MT=Fixed	NT=Oxidation;AC=UNIMOD:35;MT=Variable;TA=M	NT=Acetyl;MT=Variable;TA=Protein N-term;AC=UNIMOD:1	NT=Deamidated;MT=Variable;TA=N,Q;AC=UNIMOD:7	./PXD002767/Kur_S258_2435_3.raw	Kur_S258_2435_3.raw
PXD002767-Sample-184	Solanum tuberosum	leaf	not available	not available	not available	not available	1	tissue	not available	not available	run 185	proteomic profiling by mass spectrometry	v1.1.0	NT=ms-proteomics;VV=v1.1.0	NT=Data-Dependent Acquisition;AC=PRIDE:0000627	1	1	AC=MS:1002038;NT=label free sample	NT=Q Exactive;AC=MS:1001911	20 ppm	0.03 Da	AC=MS:1000422;NT=HCD	AC=MS:1001251;NT=Trypsin	NT=Carbamidomethyl;AC=UNIMOD:4;TA=C;MT=Fixed	NT=Oxidation;AC=UNIMOD:35;MT=Variable;TA=M	NT=Acetyl;MT=Variable;TA=Protein N-term;AC=UNIMOD:1	NT=Deamidated;MT=Variable;TA=N,Q;AC=UNIMOD:7	./PXD002767/Kur_S120_2386_3.raw	Kur_S120_2386_3.raw
PXD002767-Sample-185	Solanum tuberosum	leaf	not available	not available	not available	not available	1	tissue	not available	not available	run 186	proteomic profiling by mass spectrometry	v1.1.0	NT=ms-proteomics;VV=v1.1.0	NT=Data-Dependent Acquisition;AC=PRIDE:0000627	1	1	AC=MS:1002038;NT=label free sample	NT=Q Exactive;AC=MS:1001911	20 ppm	0.03 Da	AC=MS:1000422;NT=HCD	AC=MS:1001251;NT=Trypsin	NT=Carbamidomethyl;AC=UNIMOD:4;TA=C;MT=Fixed	NT=Oxidation;AC=UNIMOD:35;MT=Variable;TA=M	NT=Acetyl;MT=Variable;TA=Protein N-term;AC=UNIMOD:1	NT=Deamidated;MT=Variable;TA=N,Q;AC=UNIMOD:7	./PXD002767/Kur_K4_3.raw	Kur_K4_3.raw
PXD002767-Sample-186	Solanum tuberosum	leaf	not available	not available	not available	not available	1	tissue	not available	not available	run 187	proteomic profiling by mass spectrometry	v1.1.0	NT=ms-proteomics;VV=v1.1.0	NT=Data-Dependent Acquisition;AC=PRIDE:0000627	1	1	AC=MS:1002038;NT=label free sample	NT=Q Exactive;AC=MS:1001911	20 ppm	0.03 Da	AC=MS:1000422;NT=HCD	AC=MS:1001251;NT=Trypsin	NT=Carbamidomethyl;AC=UNIMOD:4;TA=C;MT=Fixed	NT=Oxidation;AC=UNIMOD:35;MT=Variable;TA=M	NT=Acetyl;MT=Variable;TA=Protein N-term;AC=UNIMOD:1	NT=Deamidated;MT=Variable;TA=N,Q;AC=UNIMOD:7	./PXD002767/Kur_S258_2436_2.raw	Kur_S258_2436_2.raw
PXD002767-Sample-187	Solanum tuberosum	leaf	not available	not available	not available	not available	1	tissue	not available	not available	run 188	proteomic profiling by mass spectrometry	v1.1.0	NT=ms-proteomics;VV=v1.1.0	NT=Data-Dependent Acquisition;AC=PRIDE:0000627	1	1	AC=MS:1002038;NT=label free sample	NT=Q Exactive;AC=MS:1001911	20 ppm	0.03 Da	AC=MS:1000422;NT=HCD	AC=MS:1001251;NT=Trypsin	NT=Carbamidomethyl;AC=UNIMOD:4;TA=C;MT=Fixed	NT=Oxidation;AC=UNIMOD:35;MT=Variable;TA=M	NT=Acetyl;MT=Variable;TA=Protein N-term;AC=UNIMOD:1	NT=Deamidated;MT=Variable;TA=N,Q;AC=UNIMOD:7	./PXD002767/Sar_S65_2343_4.raw	Sar_S65_2343_4.raw
PXD002767-Sample-188	Solanum tuberosum	leaf	not available	not available	not available	not available	1	tissue	not available	not available	run 189	proteomic profiling by mass spectrometry	v1.1.0	NT=ms-proteomics;VV=v1.1.0	NT=Data-Dependent Acquisition;AC=PRIDE:0000627	1	1	AC=MS:1002038;NT=label free sample	NT=Q Exactive;AC=MS:1001911	20 ppm	0.03 Da	AC=MS:1000422;NT=HCD	AC=MS:1001251;NT=Trypsin	NT=Carbamidomethyl;AC=UNIMOD:4;TA=C;MT=Fixed	NT=Oxidation;AC=UNIMOD:35;MT=Variable;TA=M	NT=Acetyl;MT=Variable;TA=Protein N-term;AC=UNIMOD:1	NT=Deamidated;MT=Variable;TA=N,Q;AC=UNIMOD:7	./PXD002767/Kur_S16_2282_3.raw	Kur_S16_2282_3.raw
PXD002767-Sample-189	Solanum tuberosum	leaf	not available	not available	not available	not available	1	tissue	not available	not available	run 190	proteomic profiling by mass spectrometry	v1.1.0	NT=ms-proteomics;VV=v1.1.0	NT=Data-Dependent Acquisition;AC=PRIDE:0000627	1	1	AC=MS:1002038;NT=label free sample	NT=Q Exactive;AC=MS:1001911	20 ppm	0.03 Da	AC=MS:1000422;NT=HCD	AC=MS:1001251;NT=Trypsin	NT=Carbamidomethyl;AC=UNIMOD:4;TA=C;MT=Fixed	NT=Oxidation;AC=UNIMOD:35;MT=Variable;TA=M	NT=Acetyl;MT=Variable;TA=Protein N-term;AC=UNIMOD:1	NT=Deamidated;MT=Variable;TA=N,Q;AC=UNIMOD:7	./PXD002767/Bin_S16_2258_3.raw	Bin_S16_2258_3.raw
PXD002767-Sample-190	Solanum tuberosum	leaf	not available	not available	not available	not available	1	tissue	not available	not available	run 191	proteomic profiling by mass spectrometry	v1.1.0	NT=ms-proteomics;VV=v1.1.0	NT=Data-Dependent Acquisition;AC=PRIDE:0000627	1	1	AC=MS:1002038;NT=label free sample	NT=Q Exactive;AC=MS:1001911	20 ppm	0.03 Da	AC=MS:1000422;NT=HCD	AC=MS:1001251;NT=Trypsin	NT=Carbamidomethyl;AC=UNIMOD:4;TA=C;MT=Fixed	NT=Oxidation;AC=UNIMOD:35;MT=Variable;TA=M	NT=Acetyl;MT=Variable;TA=Protein N-term;AC=UNIMOD:1	NT=Deamidated;MT=Variable;TA=N,Q;AC=UNIMOD:7	./PXD002767/Kur_K65_1b.raw	Kur_K65_1b.raw
PXD002767-Sample-191	Solanum tuberosum	leaf	not available	not available	not available	not available	1	tissue	not available	not available	run 192	proteomic profiling by mass spectrometry	v1.1.0	NT=ms-proteomics;VV=v1.1.0	NT=Data-Dependent Acquisition;AC=PRIDE:0000627	1	1	AC=MS:1002038;NT=label free sample	NT=Q Exactive;AC=MS:1001911	20 ppm	0.03 Da	AC=MS:1000422;NT=HCD	AC=MS:1001251;NT=Trypsin	NT=Carbamidomethyl;AC=UNIMOD:4;TA=C;MT=Fixed	NT=Oxidation;AC=UNIMOD:35;MT=Variable;TA=M	NT=Acetyl;MT=Variable;TA=Protein N-term;AC=UNIMOD:1	NT=Deamidated;MT=Variable;TA=N,Q;AC=UNIMOD:7	./PXD002767/Kur_S65_2333_4.raw	Kur_S65_2333_4.raw
PXD002767-Sample-192	Solanum tuberosum	leaf	not available	not available	not available	not available	1	tissue	not available	not available	run 193	proteomic profiling by mass spectrometry	v1.1.0	NT=ms-proteomics;VV=v1.1.0	NT=Data-Dependent Acquisition;AC=PRIDE:0000627	1	1	AC=MS:1002038;NT=label free sample	NT=Q Exactive;AC=MS:1001911	20 ppm	0.03 Da	AC=MS:1000422;NT=HCD	AC=MS:1001251;NT=Trypsin	NT=Carbamidomethyl;AC=UNIMOD:4;TA=C;MT=Fixed	NT=Oxidation;AC=UNIMOD:35;MT=Variable;TA=M	NT=Acetyl;MT=Variable;TA=Protein N-term;AC=UNIMOD:1	NT=Deamidated;MT=Variable;TA=N,Q;AC=UNIMOD:7	./PXD002767/Sar_S258_2446_2.raw	Sar_S258_2446_2.raw
PXD002767-Sample-193	Solanum tuberosum	leaf	not available	not available	not available	not available	1	tissue	not available	not available	run 194	proteomic profiling by mass spectrometry	v1.1.0	NT=ms-proteomics;VV=v1.1.0	NT=Data-Dependent Acquisition;AC=PRIDE:0000627	1	1	AC=MS:1002038;NT=label free sample	NT=Q Exactive;AC=MS:1001911	20 ppm	0.03 Da	AC=MS:1000422;NT=HCD	AC=MS:1001251;NT=Trypsin	NT=Carbamidomethyl;AC=UNIMOD:4;TA=C;MT=Fixed	NT=Oxidation;AC=UNIMOD:35;MT=Variable;TA=M	NT=Acetyl;MT=Variable;TA=Protein N-term;AC=UNIMOD:1	NT=Deamidated;MT=Variable;TA=N,Q;AC=UNIMOD:7	./PXD002767/Kur_S65_2334_1.raw	Kur_S65_2334_1.raw
PXD002767-Sample-194	Solanum tuberosum	leaf	not available	not available	not available	not available	1	tissue	not available	not available	run 195	proteomic profiling by mass spectrometry	v1.1.0	NT=ms-proteomics;VV=v1.1.0	NT=Data-Dependent Acquisition;AC=PRIDE:0000627	1	1	AC=MS:1002038;NT=label free sample	NT=Q Exactive;AC=MS:1001911	20 ppm	0.03 Da	AC=MS:1000422;NT=HCD	AC=MS:1001251;NT=Trypsin	NT=Carbamidomethyl;AC=UNIMOD:4;TA=C;MT=Fixed	NT=Oxidation;AC=UNIMOD:35;MT=Variable;TA=M	NT=Acetyl;MT=Variable;TA=Protein N-term;AC=UNIMOD:1	NT=Deamidated;MT=Variable;TA=N,Q;AC=UNIMOD:7	./PXD002767/Sar_K120_1b.raw	Sar_K120_1b.raw
PXD002767-Sample-195	Solanum tuberosum	leaf	not available	not available	not available	not available	1	tissue	not available	not available	run 196	proteomic profiling by mass spectrometry	v1.1.0	NT=ms-proteomics;VV=v1.1.0	NT=Data-Dependent Acquisition;AC=PRIDE:0000627	1	1	AC=MS:1002038;NT=label free sample	NT=Q Exactive;AC=MS:1001911	20 ppm	0.03 Da	AC=MS:1000422;NT=HCD	AC=MS:1001251;NT=Trypsin	NT=Carbamidomethyl;AC=UNIMOD:4;TA=C;MT=Fixed	NT=Oxidation;AC=UNIMOD:35;MT=Variable;TA=M	NT=Acetyl;MT=Variable;TA=Protein N-term;AC=UNIMOD:1	NT=Deamidated;MT=Variable;TA=N,Q;AC=UNIMOD:7	./PXD002767/Kur_S120_2386_2.raw	Kur_S120_2386_2.raw
PXD002767-Sample-196	Solanum tuberosum	leaf	not available	not available	not available	not available	1	tissue	not available	not available	run 197	proteomic profiling by mass spectrometry	v1.1.0	NT=ms-proteomics;VV=v1.1.0	NT=Data-Dependent Acquisition;AC=PRIDE:0000627	1	1	AC=MS:1002038;NT=label free sample	NT=Q Exactive;AC=MS:1001911	20 ppm	0.03 Da	AC=MS:1000422;NT=HCD	AC=MS:1001251;NT=Trypsin	NT=Carbamidomethyl;AC=UNIMOD:4;TA=C;MT=Fixed	NT=Oxidation;AC=UNIMOD:35;MT=Variable;TA=M	NT=Acetyl;MT=Variable;TA=Protein N-term;AC=UNIMOD:1	NT=Deamidated;MT=Variable;TA=N,Q;AC=UNIMOD:7	./PXD002767/Sar_S65_2344_2.raw	Sar_S65_2344_2.raw
PXD002767-Sample-197	Solanum tuberosum	leaf	not available	not available	not available	not available	1	tissue	not available	not available	run 198	proteomic profiling by mass spectrometry	v1.1.0	NT=ms-proteomics;VV=v1.1.0	NT=Data-Dependent Acquisition;AC=PRIDE:0000627	1	1	AC=MS:1002038;NT=label free sample	NT=Q Exactive;AC=MS:1001911	20 ppm	0.03 Da	AC=MS:1000422;NT=HCD	AC=MS:1001251;NT=Trypsin	NT=Carbamidomethyl;AC=UNIMOD:4;TA=C;MT=Fixed	NT=Oxidation;AC=UNIMOD:35;MT=Variable;TA=M	NT=Acetyl;MT=Variable;TA=Protein N-term;AC=UNIMOD:1	NT=Deamidated;MT=Variable;TA=N,Q;AC=UNIMOD:7	./PXD002767/Kur_K120_2b.raw	Kur_K120_2b.raw
PXD002767-Sample-198	Solanum tuberosum	leaf	not available	not available	not available	not available	1	tissue	not available	not available	run 199	proteomic profiling by mass spectrometry	v1.1.0	NT=ms-proteomics;VV=v1.1.0	NT=Data-Dependent Acquisition;AC=PRIDE:0000627	1	1	AC=MS:1002038;NT=label free sample	NT=Q Exactive;AC=MS:1001911	20 ppm	0.03 Da	AC=MS:1000422;NT=HCD	AC=MS:1001251;NT=Trypsin	NT=Carbamidomethyl;AC=UNIMOD:4;TA=C;MT=Fixed	NT=Oxidation;AC=UNIMOD:35;MT=Variable;TA=M	NT=Acetyl;MT=Variable;TA=Protein N-term;AC=UNIMOD:1	NT=Deamidated;MT=Variable;TA=N,Q;AC=UNIMOD:7	./PXD002767/Kur_K16_2b.raw	Kur_K16_2b.raw
PXD002767-Sample-199	Solanum tuberosum	leaf	not available	not available	not available	not available	1	tissue	not available	not available	run 200	proteomic profiling by mass spectrometry	v1.1.0	NT=ms-proteomics;VV=v1.1.0	NT=Data-Dependent Acquisition;AC=PRIDE:0000627	1	1	AC=MS:1002038;NT=label free sample	NT=Q Exactive;AC=MS:1001911	20 ppm	0.03 Da	AC=MS:1000422;NT=HCD	AC=MS:1001251;NT=Trypsin	NT=Carbamidomethyl;AC=UNIMOD:4;TA=C;MT=Fixed	NT=Oxidation;AC=UNIMOD:35;MT=Variable;TA=M	NT=Acetyl;MT=Variable;TA=Protein N-term;AC=UNIMOD:1	NT=Deamidated;MT=Variable;TA=N,Q;AC=UNIMOD:7	./PXD002767/Sar_S4_2240_2.raw	Sar_S4_2240_2.raw
PXD002767-Sample-200	Solanum tuberosum	leaf	not available	not available	not available	not available	1	tissue	not available	not available	run 201	proteomic profiling by mass spectrometry	v1.1.0	NT=ms-proteomics;VV=v1.1.0	NT=Data-Dependent Acquisition;AC=PRIDE:0000627	1	1	AC=MS:1002038;NT=label free sample	NT=Q Exactive;AC=MS:1001911	20 ppm	0.03 Da	AC=MS:1000422;NT=HCD	AC=MS:1001251;NT=Trypsin	NT=Carbamidomethyl;AC=UNIMOD:4;TA=C;MT=Fixed	NT=Oxidation;AC=UNIMOD:35;MT=Variable;TA=M	NT=Acetyl;MT=Variable;TA=Protein N-term;AC=UNIMOD:1	NT=Deamidated;MT=Variable;TA=N,Q;AC=UNIMOD:7	./PXD002767/Bin_S4_2208_1.raw	Bin_S4_2208_1.raw
PXD002767-Sample-201	Solanum tuberosum	leaf	not available	not available	not available	not available	1	tissue	not available	not available	run 202	proteomic profiling by mass spectrometry	v1.1.0	NT=ms-proteomics;VV=v1.1.0	NT=Data-Dependent Acquisition;AC=PRIDE:0000627	1	1	AC=MS:1002038;NT=label free sample	NT=Q Exactive;AC=MS:1001911	20 ppm	0.03 Da	AC=MS:1000422;NT=HCD	AC=MS:1001251;NT=Trypsin	NT=Carbamidomethyl;AC=UNIMOD:4;TA=C;MT=Fixed	NT=Oxidation;AC=UNIMOD:35;MT=Variable;TA=M	NT=Acetyl;MT=Variable;TA=Protein N-term;AC=UNIMOD:1	NT=Deamidated;MT=Variable;TA=N,Q;AC=UNIMOD:7	./PXD002767/Sar_K258_3b.raw	Sar_K258_3b.raw
PXD002767-Sample-202	Solanum tuberosum	leaf	not available	not available	not available	not available	1	tissue	not available	not available	run 203	proteomic profiling by mass spectrometry	v1.1.0	NT=ms-proteomics;VV=v1.1.0	NT=Data-Dependent Acquisition;AC=PRIDE:0000627	1	1	AC=MS:1002038;NT=label free sample	NT=Q Exactive;AC=MS:1001911	20 ppm	0.03 Da	AC=MS:1000422;NT=HCD	AC=MS:1001251;NT=Trypsin	NT=Carbamidomethyl;AC=UNIMOD:4;TA=C;MT=Fixed	NT=Oxidation;AC=UNIMOD:35;MT=Variable;TA=M	NT=Acetyl;MT=Variable;TA=Protein N-term;AC=UNIMOD:1	NT=Deamidated;MT=Variable;TA=N,Q;AC=UNIMOD:7	./PXD002767/Sar_K258_2.raw	Sar_K258_2.raw
PXD002767-Sample-203	Solanum tuberosum	leaf	not available	not available	not available	not available	1	tissue	not available	not available	run 204	proteomic profiling by mass spectrometry	v1.1.0	NT=ms-proteomics;VV=v1.1.0	NT=Data-Dependent Acquisition;AC=PRIDE:0000627	1	1	AC=MS:1002038;NT=label free sample	NT=Q Exactive;AC=MS:1001911	20 ppm	0.03 Da	AC=MS:1000422;NT=HCD	AC=MS:1001251;NT=Trypsin	NT=Carbamidomethyl;AC=UNIMOD:4;TA=C;MT=Fixed	NT=Oxidation;AC=UNIMOD:35;MT=Variable;TA=M	NT=Acetyl;MT=Variable;TA=Protein N-term;AC=UNIMOD:1	NT=Deamidated;MT=Variable;TA=N,Q;AC=UNIMOD:7	./PXD002767/Bin_K65_2b.raw	Bin_K65_2b.raw
PXD002767-Sample-204	Solanum tuberosum	leaf	not available	not available	not available	not available	1	tissue	not available	not available	run 205	proteomic profiling by mass spectrometry	v1.1.0	NT=ms-proteomics;VV=v1.1.0	NT=Data-Dependent Acquisition;AC=PRIDE:0000627	1	1	AC=MS:1002038;NT=label free sample	NT=Q Exactive;AC=MS:1001911	20 ppm	0.03 Da	AC=MS:1000422;NT=HCD	AC=MS:1001251;NT=Trypsin	NT=Carbamidomethyl;AC=UNIMOD:4;TA=C;MT=Fixed	NT=Oxidation;AC=UNIMOD:35;MT=Variable;TA=M	NT=Acetyl;MT=Variable;TA=Protein N-term;AC=UNIMOD:1	NT=Deamidated;MT=Variable;TA=N,Q;AC=UNIMOD:7	./PXD002767/Bin_S4_2208_3.raw	Bin_S4_2208_3.raw
PXD002767-Sample-205	Solanum tuberosum	leaf	not available	not available	not available	not available	1	tissue	not available	not available	run 206	proteomic profiling by mass spectrometry	v1.1.0	NT=ms-proteomics;VV=v1.1.0	NT=Data-Dependent Acquisition;AC=PRIDE:0000627	1	1	AC=MS:1002038;NT=label free sample	NT=Q Exactive;AC=MS:1001911	20 ppm	0.03 Da	AC=MS:1000422;NT=HCD	AC=MS:1001251;NT=Trypsin	NT=Carbamidomethyl;AC=UNIMOD:4;TA=C;MT=Fixed	NT=Oxidation;AC=UNIMOD:35;MT=Variable;TA=M	NT=Acetyl;MT=Variable;TA=Protein N-term;AC=UNIMOD:1	NT=Deamidated;MT=Variable;TA=N,Q;AC=UNIMOD:7	./PXD002767/Bin_K16_4.raw	Bin_K16_4.raw
PXD002767-Sample-206	Solanum tuberosum	leaf	not available	not available	not available	not available	1	tissue	not available	not available	run 207	proteomic profiling by mass spectrometry	v1.1.0	NT=ms-proteomics;VV=v1.1.0	NT=Data-Dependent Acquisition;AC=PRIDE:0000627	1	1	AC=MS:1002038;NT=label free sample	NT=Q Exactive;AC=MS:1001911	20 ppm	0.03 Da	AC=MS:1000422;NT=HCD	AC=MS:1001251;NT=Trypsin	NT=Carbamidomethyl;AC=UNIMOD:4;TA=C;MT=Fixed	NT=Oxidation;AC=UNIMOD:35;MT=Variable;TA=M	NT=Acetyl;MT=Variable;TA=Protein N-term;AC=UNIMOD:1	NT=Deamidated;MT=Variable;TA=N,Q;AC=UNIMOD:7	./PXD002767/Sar_S120_2394_2.raw	Sar_S120_2394_2.raw
PXD002767-Sample-207	Solanum tuberosum	leaf	not available	not available	not available	not available	1	tissue	not available	not available	run 208	proteomic profiling by mass spectrometry	v1.1.0	NT=ms-proteomics;VV=v1.1.0	NT=Data-Dependent Acquisition;AC=PRIDE:0000627	1	1	AC=MS:1002038;NT=label free sample	NT=Q Exactive;AC=MS:1001911	20 ppm	0.03 Da	AC=MS:1000422;NT=HCD	AC=MS:1001251;NT=Trypsin	NT=Carbamidomethyl;AC=UNIMOD:4;TA=C;MT=Fixed	NT=Oxidation;AC=UNIMOD:35;MT=Variable;TA=M	NT=Acetyl;MT=Variable;TA=Protein N-term;AC=UNIMOD:1	NT=Deamidated;MT=Variable;TA=N,Q;AC=UNIMOD:7	./PXD002767/Kur_S16_2284_2.raw	Kur_S16_2284_2.raw
PXD002767-Sample-208	Solanum tuberosum	leaf	not available	not available	not available	not available	1	tissue	not available	not available	run 209	proteomic profiling by mass spectrometry	v1.1.0	NT=ms-proteomics;VV=v1.1.0	NT=Data-Dependent Acquisition;AC=PRIDE:0000627	1	1	AC=MS:1002038;NT=label free sample	NT=Q Exactive;AC=MS:1001911	20 ppm	0.03 Da	AC=MS:1000422;NT=HCD	AC=MS:1001251;NT=Trypsin	NT=Carbamidomethyl;AC=UNIMOD:4;TA=C;MT=Fixed	NT=Oxidation;AC=UNIMOD:35;MT=Variable;TA=M	NT=Acetyl;MT=Variable;TA=Protein N-term;AC=UNIMOD:1	NT=Deamidated;MT=Variable;TA=N,Q;AC=UNIMOD:7	./PXD002767/Kur_K258_2.raw	Kur_K258_2.raw
PXD002767-Sample-209	Solanum tuberosum	leaf	not available	not available	not available	not available	1	tissue	not available	not available	run 210	proteomic profiling by mass spectrometry	v1.1.0	NT=ms-proteomics;VV=v1.1.0	NT=Data-Dependent Acquisition;AC=PRIDE:0000627	1	1	AC=MS:1002038;NT=label free sample	NT=Q Exactive;AC=MS:1001911	20 ppm	0.03 Da	AC=MS:1000422;NT=HCD	AC=MS:1001251;NT=Trypsin	NT=Carbamidomethyl;AC=UNIMOD:4;TA=C;MT=Fixed	NT=Oxidation;AC=UNIMOD:35;MT=Variable;TA=M	NT=Acetyl;MT=Variable;TA=Protein N-term;AC=UNIMOD:1	NT=Deamidated;MT=Variable;TA=N,Q;AC=UNIMOD:7	./PXD002767/Sar_S65_2344_3.raw	Sar_S65_2344_3.raw
PXD002767-Sample-210	Solanum tuberosum	leaf	not available	not available	not available	not available	1	tissue	not available	not available	run 211	proteomic profiling by mass spectrometry	v1.1.0	NT=ms-proteomics;VV=v1.1.0	NT=Data-Dependent Acquisition;AC=PRIDE:0000627	1	1	AC=MS:1002038;NT=label free sample	NT=Q Exactive;AC=MS:1001911	20 ppm	0.03 Da	AC=MS:1000422;NT=HCD	AC=MS:1001251;NT=Trypsin	NT=Carbamidomethyl;AC=UNIMOD:4;TA=C;MT=Fixed	NT=Oxidation;AC=UNIMOD:35;MT=Variable;TA=M	NT=Acetyl;MT=Variable;TA=Protein N-term;AC=UNIMOD:1	NT=Deamidated;MT=Variable;TA=N,Q;AC=UNIMOD:7	./PXD002767/Kur_S65_2334_3.raw	Kur_S65_2334_3.raw
PXD002767-Sample-211	Solanum tuberosum	leaf	not available	not available	not available	not available	1	tissue	not available	not available	run 212	proteomic profiling by mass spectrometry	v1.1.0	NT=ms-proteomics;VV=v1.1.0	NT=Data-Dependent Acquisition;AC=PRIDE:0000627	1	1	AC=MS:1002038;NT=label free sample	NT=Q Exactive;AC=MS:1001911	20 ppm	0.03 Da	AC=MS:1000422;NT=HCD	AC=MS:1001251;NT=Trypsin	NT=Carbamidomethyl;AC=UNIMOD:4;TA=C;MT=Fixed	NT=Oxidation;AC=UNIMOD:35;MT=Variable;TA=M	NT=Acetyl;MT=Variable;TA=Protein N-term;AC=UNIMOD:1	NT=Deamidated;MT=Variable;TA=N,Q;AC=UNIMOD:7	./PXD002767/Sar_K120_2.raw	Sar_K120_2.raw
PXD002767-Sample-212	Solanum tuberosum	leaf	not available	not available	not available	not available	1	tissue	not available	not available	run 213	proteomic profiling by mass spectrometry	v1.1.0	NT=ms-proteomics;VV=v1.1.0	NT=Data-Dependent Acquisition;AC=PRIDE:0000627	1	1	AC=MS:1002038;NT=label free sample	NT=Q Exactive;AC=MS:1001911	20 ppm	0.03 Da	AC=MS:1000422;NT=HCD	AC=MS:1001251;NT=Trypsin	NT=Carbamidomethyl;AC=UNIMOD:4;TA=C;MT=Fixed	NT=Oxidation;AC=UNIMOD:35;MT=Variable;TA=M	NT=Acetyl;MT=Variable;TA=Protein N-term;AC=UNIMOD:1	NT=Deamidated;MT=Variable;TA=N,Q;AC=UNIMOD:7	./PXD002767/Bin_S65_2311_1.raw	Bin_S65_2311_1.raw
PXD002767-Sample-213	Solanum tuberosum	leaf	not available	not available	not available	not available	1	tissue	not available	not available	run 214	proteomic profiling by mass spectrometry	v1.1.0	NT=ms-proteomics;VV=v1.1.0	NT=Data-Dependent Acquisition;AC=PRIDE:0000627	1	1	AC=MS:1002038;NT=label free sample	NT=Q Exactive;AC=MS:1001911	20 ppm	0.03 Da	AC=MS:1000422;NT=HCD	AC=MS:1001251;NT=Trypsin	NT=Carbamidomethyl;AC=UNIMOD:4;TA=C;MT=Fixed	NT=Oxidation;AC=UNIMOD:35;MT=Variable;TA=M	NT=Acetyl;MT=Variable;TA=Protein N-term;AC=UNIMOD:1	NT=Deamidated;MT=Variable;TA=N,Q;AC=UNIMOD:7	./PXD002767/Kur_K4_2b.raw	Kur_K4_2b.raw
PXD002767-Sample-214	Solanum tuberosum	leaf	not available	not available	not available	not available	1	tissue	not available	not available	run 215	proteomic profiling by mass spectrometry	v1.1.0	NT=ms-proteomics;VV=v1.1.0	NT=Data-Dependent Acquisition;AC=PRIDE:0000627	1	1	AC=MS:1002038;NT=label free sample	NT=Q Exactive;AC=MS:1001911	20 ppm	0.03 Da	AC=MS:1000422;NT=HCD	AC=MS:1001251;NT=Trypsin	NT=Carbamidomethyl;AC=UNIMOD:4;TA=C;MT=Fixed	NT=Oxidation;AC=UNIMOD:35;MT=Variable;TA=M	NT=Acetyl;MT=Variable;TA=Protein N-term;AC=UNIMOD:1	NT=Deamidated;MT=Variable;TA=N,Q;AC=UNIMOD:7	./PXD002767/Sar_K4_2.raw	Sar_K4_2.raw
PXD002767-Sample-215	Solanum tuberosum	leaf	not available	not available	not available	not available	1	tissue	not available	not available	run 216	proteomic profiling by mass spectrometry	v1.1.0	NT=ms-proteomics;VV=v1.1.0	NT=Data-Dependent Acquisition;AC=PRIDE:0000627	1	1	AC=MS:1002038;NT=label free sample	NT=Q Exactive;AC=MS:1001911	20 ppm	0.03 Da	AC=MS:1000422;NT=HCD	AC=MS:1001251;NT=Trypsin	NT=Carbamidomethyl;AC=UNIMOD:4;TA=C;MT=Fixed	NT=Oxidation;AC=UNIMOD:35;MT=Variable;TA=M	NT=Acetyl;MT=Variable;TA=Protein N-term;AC=UNIMOD:1	NT=Deamidated;MT=Variable;TA=N,Q;AC=UNIMOD:7	./PXD002767/Bin_S120_2362_4.raw	Bin_S120_2362_4.raw
PXD002767-Sample-216	Solanum tuberosum	leaf	not available	not available	not available	not available	1	tissue	not available	not available	run 217	proteomic profiling by mass spectrometry	v1.1.0	NT=ms-proteomics;VV=v1.1.0	NT=Data-Dependent Acquisition;AC=PRIDE:0000627	1	1	AC=MS:1002038;NT=label free sample	NT=Q Exactive;AC=MS:1001911	20 ppm	0.03 Da	AC=MS:1000422;NT=HCD	AC=MS:1001251;NT=Trypsin	NT=Carbamidomethyl;AC=UNIMOD:4;TA=C;MT=Fixed	NT=Oxidation;AC=UNIMOD:35;MT=Variable;TA=M	NT=Acetyl;MT=Variable;TA=Protein N-term;AC=UNIMOD:1	NT=Deamidated;MT=Variable;TA=N,Q;AC=UNIMOD:7	./PXD002767/Sar_S258_2445_3.raw	Sar_S258_2445_3.raw
PXD002767-Sample-217	Solanum tuberosum	leaf	not available	not available	not available	not available	1	tissue	not available	not available	run 218	proteomic profiling by mass spectrometry	v1.1.0	NT=ms-proteomics;VV=v1.1.0	NT=Data-Dependent Acquisition;AC=PRIDE:0000627	1	1	AC=MS:1002038;NT=label free sample	NT=Q Exactive;AC=MS:1001911	20 ppm	0.03 Da	AC=MS:1000422;NT=HCD	AC=MS:1001251;NT=Trypsin	NT=Carbamidomethyl;AC=UNIMOD:4;TA=C;MT=Fixed	NT=Oxidation;AC=UNIMOD:35;MT=Variable;TA=M	NT=Acetyl;MT=Variable;TA=Protein N-term;AC=UNIMOD:1	NT=Deamidated;MT=Variable;TA=N,Q;AC=UNIMOD:7	./PXD002767/Bin_K4_1.raw	Bin_K4_1.raw
PXD002767-Sample-218	Solanum tuberosum	leaf	not available	not available	not available	not available	1	tissue	not available	not available	run 219	proteomic profiling by mass spectrometry	v1.1.0	NT=ms-proteomics;VV=v1.1.0	NT=Data-Dependent Acquisition;AC=PRIDE:0000627	1	1	AC=MS:1002038;NT=label free sample	NT=Q Exactive;AC=MS:1001911	20 ppm	0.03 Da	AC=MS:1000422;NT=HCD	AC=MS:1001251;NT=Trypsin	NT=Carbamidomethyl;AC=UNIMOD:4;TA=C;MT=Fixed	NT=Oxidation;AC=UNIMOD:35;MT=Variable;TA=M	NT=Acetyl;MT=Variable;TA=Protein N-term;AC=UNIMOD:1	NT=Deamidated;MT=Variable;TA=N,Q;AC=UNIMOD:7	./PXD002767/BIn_K258_2b.raw	BIn_K258_2b.raw
PXD002767-Sample-219	Solanum tuberosum	leaf	not available	not available	not available	not available	1	tissue	not available	not available	run 220	proteomic profiling by mass spectrometry	v1.1.0	NT=ms-proteomics;VV=v1.1.0	NT=Data-Dependent Acquisition;AC=PRIDE:0000627	1	1	AC=MS:1002038;NT=label free sample	NT=Q Exactive;AC=MS:1001911	20 ppm	0.03 Da	AC=MS:1000422;NT=HCD	AC=MS:1001251;NT=Trypsin	NT=Carbamidomethyl;AC=UNIMOD:4;TA=C;MT=Fixed	NT=Oxidation;AC=UNIMOD:35;MT=Variable;TA=M	NT=Acetyl;MT=Variable;TA=Protein N-term;AC=UNIMOD:1	NT=Deamidated;MT=Variable;TA=N,Q;AC=UNIMOD:7	./PXD002767/Kur_K258_3.raw	Kur_K258_3.raw
PXD002767-Sample-220	Solanum tuberosum	leaf	not available	not available	not available	not available	1	tissue	not available	not available	run 221	proteomic profiling by mass spectrometry	v1.1.0	NT=ms-proteomics;VV=v1.1.0	NT=Data-Dependent Acquisition;AC=PRIDE:0000627	1	1	AC=MS:1002038;NT=label free sample	NT=Q Exactive;AC=MS:1001911	20 ppm	0.03 Da	AC=MS:1000422;NT=HCD	AC=MS:1001251;NT=Trypsin	NT=Carbamidomethyl;AC=UNIMOD:4;TA=C;MT=Fixed	NT=Oxidation;AC=UNIMOD:35;MT=Variable;TA=M	NT=Acetyl;MT=Variable;TA=Protein N-term;AC=UNIMOD:1	NT=Deamidated;MT=Variable;TA=N,Q;AC=UNIMOD:7	./PXD002767/Bin_K4_2b.raw	Bin_K4_2b.raw
PXD002767-Sample-221	Solanum tuberosum	leaf	not available	not available	not available	not available	1	tissue	not available	not available	run 222	proteomic profiling by mass spectrometry	v1.1.0	NT=ms-proteomics;VV=v1.1.0	NT=Data-Dependent Acquisition;AC=PRIDE:0000627	1	1	AC=MS:1002038;NT=label free sample	NT=Q Exactive;AC=MS:1001911	20 ppm	0.03 Da	AC=MS:1000422;NT=HCD	AC=MS:1001251;NT=Trypsin	NT=Carbamidomethyl;AC=UNIMOD:4;TA=C;MT=Fixed	NT=Oxidation;AC=UNIMOD:35;MT=Variable;TA=M	NT=Acetyl;MT=Variable;TA=Protein N-term;AC=UNIMOD:1	NT=Deamidated;MT=Variable;TA=N,Q;AC=UNIMOD:7	./PXD002767/Bin_K65_3b.raw	Bin_K65_3b.raw
PXD002767-Sample-222	Solanum tuberosum	leaf	not available	not available	not available	not available	1	tissue	not available	not available	run 223	proteomic profiling by mass spectrometry	v1.1.0	NT=ms-proteomics;VV=v1.1.0	NT=Data-Dependent Acquisition;AC=PRIDE:0000627	1	1	AC=MS:1002038;NT=label free sample	NT=Q Exactive;AC=MS:1001911	20 ppm	0.03 Da	AC=MS:1000422;NT=HCD	AC=MS:1001251;NT=Trypsin	NT=Carbamidomethyl;AC=UNIMOD:4;TA=C;MT=Fixed	NT=Oxidation;AC=UNIMOD:35;MT=Variable;TA=M	NT=Acetyl;MT=Variable;TA=Protein N-term;AC=UNIMOD:1	NT=Deamidated;MT=Variable;TA=N,Q;AC=UNIMOD:7	./PXD002767/Sar_S4_2242_3.raw	Sar_S4_2242_3.raw
PXD002767-Sample-223	Solanum tuberosum	leaf	not available	not available	not available	not available	1	tissue	not available	not available	run 224	proteomic profiling by mass spectrometry	v1.1.0	NT=ms-proteomics;VV=v1.1.0	NT=Data-Dependent Acquisition;AC=PRIDE:0000627	1	1	AC=MS:1002038;NT=label free sample	NT=Q Exactive;AC=MS:1001911	20 ppm	0.03 Da	AC=MS:1000422;NT=HCD	AC=MS:1001251;NT=Trypsin	NT=Carbamidomethyl;AC=UNIMOD:4;TA=C;MT=Fixed	NT=Oxidation;AC=UNIMOD:35;MT=Variable;TA=M	NT=Acetyl;MT=Variable;TA=Protein N-term;AC=UNIMOD:1	NT=Deamidated;MT=Variable;TA=N,Q;AC=UNIMOD:7	./PXD002767/Kur_S120_2384_3.raw	Kur_S120_2384_3.raw
PXD002767-Sample-224	Solanum tuberosum	leaf	not available	not available	not available	not available	1	tissue	not available	not available	run 225	proteomic profiling by mass spectrometry	v1.1.0	NT=ms-proteomics;VV=v1.1.0	NT=Data-Dependent Acquisition;AC=PRIDE:0000627	1	1	AC=MS:1002038;NT=label free sample	NT=Q Exactive;AC=MS:1001911	20 ppm	0.03 Da	AC=MS:1000422;NT=HCD	AC=MS:1001251;NT=Trypsin	NT=Carbamidomethyl;AC=UNIMOD:4;TA=C;MT=Fixed	NT=Oxidation;AC=UNIMOD:35;MT=Variable;TA=M	NT=Acetyl;MT=Variable;TA=Protein N-term;AC=UNIMOD:1	NT=Deamidated;MT=Variable;TA=N,Q;AC=UNIMOD:7	./PXD002767/Bin_S16_2258_1.raw	Bin_S16_2258_1.raw
PXD002767-Sample-225	Solanum tuberosum	leaf	not available	not available	not available	not available	1	tissue	not available	not available	run 226	proteomic profiling by mass spectrometry	v1.1.0	NT=ms-proteomics;VV=v1.1.0	NT=Data-Dependent Acquisition;AC=PRIDE:0000627	1	1	AC=MS:1002038;NT=label free sample	NT=Q Exactive;AC=MS:1001911	20 ppm	0.03 Da	AC=MS:1000422;NT=HCD	AC=MS:1001251;NT=Trypsin	NT=Carbamidomethyl;AC=UNIMOD:4;TA=C;MT=Fixed	NT=Oxidation;AC=UNIMOD:35;MT=Variable;TA=M	NT=Acetyl;MT=Variable;TA=Protein N-term;AC=UNIMOD:1	NT=Deamidated;MT=Variable;TA=N,Q;AC=UNIMOD:7	./PXD002767/Bin_S4_2209_1.raw	Bin_S4_2209_1.raw
PXD002767-Sample-226	Solanum tuberosum	leaf	not available	not available	not available	not available	1	tissue	not available	not available	run 227	proteomic profiling by mass spectrometry	v1.1.0	NT=ms-proteomics;VV=v1.1.0	NT=Data-Dependent Acquisition;AC=PRIDE:0000627	1	1	AC=MS:1002038;NT=label free sample	NT=Q Exactive;AC=MS:1001911	20 ppm	0.03 Da	AC=MS:1000422;NT=HCD	AC=MS:1001251;NT=Trypsin	NT=Carbamidomethyl;AC=UNIMOD:4;TA=C;MT=Fixed	NT=Oxidation;AC=UNIMOD:35;MT=Variable;TA=M	NT=Acetyl;MT=Variable;TA=Protein N-term;AC=UNIMOD:1	NT=Deamidated;MT=Variable;TA=N,Q;AC=UNIMOD:7	./PXD002767/Kur_S120_2386_1.raw	Kur_S120_2386_1.raw
PXD002767-Sample-227	Solanum tuberosum	leaf	not available	not available	not available	not available	1	tissue	not available	not available	run 228	proteomic profiling by mass spectrometry	v1.1.0	NT=ms-proteomics;VV=v1.1.0	NT=Data-Dependent Acquisition;AC=PRIDE:0000627	1	1	AC=MS:1002038;NT=label free sample	NT=Q Exactive;AC=MS:1001911	20 ppm	0.03 Da	AC=MS:1000422;NT=HCD	AC=MS:1001251;NT=Trypsin	NT=Carbamidomethyl;AC=UNIMOD:4;TA=C;MT=Fixed	NT=Oxidation;AC=UNIMOD:35;MT=Variable;TA=M	NT=Acetyl;MT=Variable;TA=Protein N-term;AC=UNIMOD:1	NT=Deamidated;MT=Variable;TA=N,Q;AC=UNIMOD:7	./PXD002767/Kur_S258_2437_3.raw	Kur_S258_2437_3.raw
PXD002767-Sample-228	Solanum tuberosum	leaf	not available	not available	not available	not available	1	tissue	not available	not available	run 229	proteomic profiling by mass spectrometry	v1.1.0	NT=ms-proteomics;VV=v1.1.0	NT=Data-Dependent Acquisition;AC=PRIDE:0000627	1	1	AC=MS:1002038;NT=label free sample	NT=Q Exactive;AC=MS:1001911	20 ppm	0.03 Da	AC=MS:1000422;NT=HCD	AC=MS:1001251;NT=Trypsin	NT=Carbamidomethyl;AC=UNIMOD:4;TA=C;MT=Fixed	NT=Oxidation;AC=UNIMOD:35;MT=Variable;TA=M	NT=Acetyl;MT=Variable;TA=Protein N-term;AC=UNIMOD:1	NT=Deamidated;MT=Variable;TA=N,Q;AC=UNIMOD:7	./PXD002767/Bin_S120_2360_1.raw	Bin_S120_2360_1.raw
PXD002767-Sample-229	Solanum tuberosum	leaf	not available	not available	not available	not available	1	tissue	not available	not available	run 230	proteomic profiling by mass spectrometry	v1.1.0	NT=ms-proteomics;VV=v1.1.0	NT=Data-Dependent Acquisition;AC=PRIDE:0000627	1	1	AC=MS:1002038;NT=label free sample	NT=Q Exactive;AC=MS:1001911	20 ppm	0.03 Da	AC=MS:1000422;NT=HCD	AC=MS:1001251;NT=Trypsin	NT=Carbamidomethyl;AC=UNIMOD:4;TA=C;MT=Fixed	NT=Oxidation;AC=UNIMOD:35;MT=Variable;TA=M	NT=Acetyl;MT=Variable;TA=Protein N-term;AC=UNIMOD:1	NT=Deamidated;MT=Variable;TA=N,Q;AC=UNIMOD:7	./PXD002767/Sar_S258_2444_3.raw	Sar_S258_2444_3.raw
PXD002767-Sample-230	Solanum tuberosum	leaf	not available	not available	not available	not available	1	tissue	not available	not available	run 231	proteomic profiling by mass spectrometry	v1.1.0	NT=ms-proteomics;VV=v1.1.0	NT=Data-Dependent Acquisition;AC=PRIDE:0000627	1	1	AC=MS:1002038;NT=label free sample	NT=Q Exactive;AC=MS:1001911	20 ppm	0.03 Da	AC=MS:1000422;NT=HCD	AC=MS:1001251;NT=Trypsin	NT=Carbamidomethyl;AC=UNIMOD:4;TA=C;MT=Fixed	NT=Oxidation;AC=UNIMOD:35;MT=Variable;TA=M	NT=Acetyl;MT=Variable;TA=Protein N-term;AC=UNIMOD:1	NT=Deamidated;MT=Variable;TA=N,Q;AC=UNIMOD:7	./PXD002767/Sar_K258_2b.raw	Sar_K258_2b.raw
PXD002767-Sample-231	Solanum tuberosum	leaf	not available	not available	not available	not available	1	tissue	not available	not available	run 232	proteomic profiling by mass spectrometry	v1.1.0	NT=ms-proteomics;VV=v1.1.0	NT=Data-Dependent Acquisition;AC=PRIDE:0000627	1	1	AC=MS:1002038;NT=label free sample	NT=Q Exactive;AC=MS:1001911	20 ppm	0.03 Da	AC=MS:1000422;NT=HCD	AC=MS:1001251;NT=Trypsin	NT=Carbamidomethyl;AC=UNIMOD:4;TA=C;MT=Fixed	NT=Oxidation;AC=UNIMOD:35;MT=Variable;TA=M	NT=Acetyl;MT=Variable;TA=Protein N-term;AC=UNIMOD:1	NT=Deamidated;MT=Variable;TA=N,Q;AC=UNIMOD:7	./PXD002767/Kur_S258_2435_1.raw	Kur_S258_2435_1.raw
PXD002767-Sample-232	Solanum tuberosum	leaf	not available	not available	not available	not available	1	tissue	not available	not available	run 233	proteomic profiling by mass spectrometry	v1.1.0	NT=ms-proteomics;VV=v1.1.0	NT=Data-Dependent Acquisition;AC=PRIDE:0000627	1	1	AC=MS:1002038;NT=label free sample	NT=Q Exactive;AC=MS:1001911	20 ppm	0.03 Da	AC=MS:1000422;NT=HCD	AC=MS:1001251;NT=Trypsin	NT=Carbamidomethyl;AC=UNIMOD:4;TA=C;MT=Fixed	NT=Oxidation;AC=UNIMOD:35;MT=Variable;TA=M	NT=Acetyl;MT=Variable;TA=Protein N-term;AC=UNIMOD:1	NT=Deamidated;MT=Variable;TA=N,Q;AC=UNIMOD:7	./PXD002767/Sar_K4_3b.raw	Sar_K4_3b.raw
PXD002767-Sample-233	Solanum tuberosum	leaf	not available	not available	not available	not available	1	tissue	not available	not available	run 234	proteomic profiling by mass spectrometry	v1.1.0	NT=ms-proteomics;VV=v1.1.0	NT=Data-Dependent Acquisition;AC=PRIDE:0000627	1	1	AC=MS:1002038;NT=label free sample	NT=Q Exactive;AC=MS:1001911	20 ppm	0.03 Da	AC=MS:1000422;NT=HCD	AC=MS:1001251;NT=Trypsin	NT=Carbamidomethyl;AC=UNIMOD:4;TA=C;MT=Fixed	NT=Oxidation;AC=UNIMOD:35;MT=Variable;TA=M	NT=Acetyl;MT=Variable;TA=Protein N-term;AC=UNIMOD:1	NT=Deamidated;MT=Variable;TA=N,Q;AC=UNIMOD:7	./PXD002767/Kur_S16_2282_1.raw	Kur_S16_2282_1.raw
PXD002767-Sample-234	Solanum tuberosum	leaf	not available	not available	not available	not available	1	tissue	not available	not available	run 235	proteomic profiling by mass spectrometry	v1.1.0	NT=ms-proteomics;VV=v1.1.0	NT=Data-Dependent Acquisition;AC=PRIDE:0000627	1	1	AC=MS:1002038;NT=label free sample	NT=Q Exactive;AC=MS:1001911	20 ppm	0.03 Da	AC=MS:1000422;NT=HCD	AC=MS:1001251;NT=Trypsin	NT=Carbamidomethyl;AC=UNIMOD:4;TA=C;MT=Fixed	NT=Oxidation;AC=UNIMOD:35;MT=Variable;TA=M	NT=Acetyl;MT=Variable;TA=Protein N-term;AC=UNIMOD:1	NT=Deamidated;MT=Variable;TA=N,Q;AC=UNIMOD:7	./PXD002767/Bin_K65_4b.raw	Bin_K65_4b.raw
PXD002767-Sample-235	Solanum tuberosum	leaf	not available	not available	not available	not available	1	tissue	not available	not available	run 236	proteomic profiling by mass spectrometry	v1.1.0	NT=ms-proteomics;VV=v1.1.0	NT=Data-Dependent Acquisition;AC=PRIDE:0000627	1	1	AC=MS:1002038;NT=label free sample	NT=Q Exactive;AC=MS:1001911	20 ppm	0.03 Da	AC=MS:1000422;NT=HCD	AC=MS:1001251;NT=Trypsin	NT=Carbamidomethyl;AC=UNIMOD:4;TA=C;MT=Fixed	NT=Oxidation;AC=UNIMOD:35;MT=Variable;TA=M	NT=Acetyl;MT=Variable;TA=Protein N-term;AC=UNIMOD:1	NT=Deamidated;MT=Variable;TA=N,Q;AC=UNIMOD:7	./PXD002767/Bin_S120_2362_3.raw	Bin_S120_2362_3.raw
PXD002767-Sample-236	Solanum tuberosum	leaf	not available	not available	not available	not available	1	tissue	not available	not available	run 237	proteomic profiling by mass spectrometry	v1.1.0	NT=ms-proteomics;VV=v1.1.0	NT=Data-Dependent Acquisition;AC=PRIDE:0000627	1	1	AC=MS:1002038;NT=label free sample	NT=Q Exactive;AC=MS:1001911	20 ppm	0.03 Da	AC=MS:1000422;NT=HCD	AC=MS:1001251;NT=Trypsin	NT=Carbamidomethyl;AC=UNIMOD:4;TA=C;MT=Fixed	NT=Oxidation;AC=UNIMOD:35;MT=Variable;TA=M	NT=Acetyl;MT=Variable;TA=Protein N-term;AC=UNIMOD:1	NT=Deamidated;MT=Variable;TA=N,Q;AC=UNIMOD:7	./PXD002767/Kur_S258_2436_4.raw	Kur_S258_2436_4.raw
PXD002767-Sample-237	Solanum tuberosum	leaf	not available	not available	not available	not available	1	tissue	not available	not available	run 238	proteomic profiling by mass spectrometry	v1.1.0	NT=ms-proteomics;VV=v1.1.0	NT=Data-Dependent Acquisition;AC=PRIDE:0000627	1	1	AC=MS:1002038;NT=label free sample	NT=Q Exactive;AC=MS:1001911	20 ppm	0.03 Da	AC=MS:1000422;NT=HCD	AC=MS:1001251;NT=Trypsin	NT=Carbamidomethyl;AC=UNIMOD:4;TA=C;MT=Fixed	NT=Oxidation;AC=UNIMOD:35;MT=Variable;TA=M	NT=Acetyl;MT=Variable;TA=Protein N-term;AC=UNIMOD:1	NT=Deamidated;MT=Variable;TA=N,Q;AC=UNIMOD:7	./PXD002767/Sar_K4_2b.raw	Sar_K4_2b.raw
PXD002767-Sample-238	Solanum tuberosum	leaf	not available	not available	not available	not available	1	tissue	not available	not available	run 239	proteomic profiling by mass spectrometry	v1.1.0	NT=ms-proteomics;VV=v1.1.0	NT=Data-Dependent Acquisition;AC=PRIDE:0000627	1	1	AC=MS:1002038;NT=label free sample	NT=Q Exactive;AC=MS:1001911	20 ppm	0.03 Da	AC=MS:1000422;NT=HCD	AC=MS:1001251;NT=Trypsin	NT=Carbamidomethyl;AC=UNIMOD:4;TA=C;MT=Fixed	NT=Oxidation;AC=UNIMOD:35;MT=Variable;TA=M	NT=Acetyl;MT=Variable;TA=Protein N-term;AC=UNIMOD:1	NT=Deamidated;MT=Variable;TA=N,Q;AC=UNIMOD:7	./PXD002767/Sar_S16_2291_3.raw	Sar_S16_2291_3.raw
PXD002767-Sample-239	Solanum tuberosum	leaf	not available	not available	not available	not available	1	tissue	not available	not available	run 240	proteomic profiling by mass spectrometry	v1.1.0	NT=ms-proteomics;VV=v1.1.0	NT=Data-Dependent Acquisition;AC=PRIDE:0000627	1	1	AC=MS:1002038;NT=label free sample	NT=Q Exactive;AC=MS:1001911	20 ppm	0.03 Da	AC=MS:1000422;NT=HCD	AC=MS:1001251;NT=Trypsin	NT=Carbamidomethyl;AC=UNIMOD:4;TA=C;MT=Fixed	NT=Oxidation;AC=UNIMOD:35;MT=Variable;TA=M	NT=Acetyl;MT=Variable;TA=Protein N-term;AC=UNIMOD:1	NT=Deamidated;MT=Variable;TA=N,Q;AC=UNIMOD:7	./PXD002767/Sar_S4_2241_3.raw	Sar_S4_2241_3.raw
PXD002767-Sample-240	Solanum tuberosum	leaf	not available	not available	not available	not available	1	tissue	not available	not available	run 241	proteomic profiling by mass spectrometry	v1.1.0	NT=ms-proteomics;VV=v1.1.0	NT=Data-Dependent Acquisition;AC=PRIDE:0000627	1	1	AC=MS:1002038;NT=label free sample	NT=Q Exactive;AC=MS:1001911	20 ppm	0.03 Da	AC=MS:1000422;NT=HCD	AC=MS:1001251;NT=Trypsin	NT=Carbamidomethyl;AC=UNIMOD:4;TA=C;MT=Fixed	NT=Oxidation;AC=UNIMOD:35;MT=Variable;TA=M	NT=Acetyl;MT=Variable;TA=Protein N-term;AC=UNIMOD:1	NT=Deamidated;MT=Variable;TA=N,Q;AC=UNIMOD:7	./PXD002767/Sar_S4_2442_1.raw	Sar_S4_2442_1.raw
PXD002767-Sample-241	Solanum tuberosum	leaf	not available	not available	not available	not available	1	tissue	not available	not available	run 242	proteomic profiling by mass spectrometry	v1.1.0	NT=ms-proteomics;VV=v1.1.0	NT=Data-Dependent Acquisition;AC=PRIDE:0000627	1	1	AC=MS:1002038;NT=label free sample	NT=Q Exactive;AC=MS:1001911	20 ppm	0.03 Da	AC=MS:1000422;NT=HCD	AC=MS:1001251;NT=Trypsin	NT=Carbamidomethyl;AC=UNIMOD:4;TA=C;MT=Fixed	NT=Oxidation;AC=UNIMOD:35;MT=Variable;TA=M	NT=Acetyl;MT=Variable;TA=Protein N-term;AC=UNIMOD:1	NT=Deamidated;MT=Variable;TA=N,Q;AC=UNIMOD:7	./PXD002767/Bin_S120_2360_4.raw	Bin_S120_2360_4.raw
PXD002767-Sample-242	Solanum tuberosum	leaf	not available	not available	not available	not available	1	tissue	not available	not available	run 243	proteomic profiling by mass spectrometry	v1.1.0	NT=ms-proteomics;VV=v1.1.0	NT=Data-Dependent Acquisition;AC=PRIDE:0000627	1	1	AC=MS:1002038;NT=label free sample	NT=Q Exactive;AC=MS:1001911	20 ppm	0.03 Da	AC=MS:1000422;NT=HCD	AC=MS:1001251;NT=Trypsin	NT=Carbamidomethyl;AC=UNIMOD:4;TA=C;MT=Fixed	NT=Oxidation;AC=UNIMOD:35;MT=Variable;TA=M	NT=Acetyl;MT=Variable;TA=Protein N-term;AC=UNIMOD:1	NT=Deamidated;MT=Variable;TA=N,Q;AC=UNIMOD:7	./PXD002767/Bin_S16_2258_4.raw	Bin_S16_2258_4.raw
PXD002767-Sample-243	Solanum tuberosum	leaf	not available	not available	not available	not available	1	tissue	not available	not available	run 244	proteomic profiling by mass spectrometry	v1.1.0	NT=ms-proteomics;VV=v1.1.0	NT=Data-Dependent Acquisition;AC=PRIDE:0000627	1	1	AC=MS:1002038;NT=label free sample	NT=Q Exactive;AC=MS:1001911	20 ppm	0.03 Da	AC=MS:1000422;NT=HCD	AC=MS:1001251;NT=Trypsin	NT=Carbamidomethyl;AC=UNIMOD:4;TA=C;MT=Fixed	NT=Oxidation;AC=UNIMOD:35;MT=Variable;TA=M	NT=Acetyl;MT=Variable;TA=Protein N-term;AC=UNIMOD:1	NT=Deamidated;MT=Variable;TA=N,Q;AC=UNIMOD:7	./PXD002767/Bin_K4_3b.raw	Bin_K4_3b.raw
PXD002767-Sample-244	Solanum tuberosum	leaf	not available	not available	not available	not available	1	tissue	not available	not available	run 245	proteomic profiling by mass spectrometry	v1.1.0	NT=ms-proteomics;VV=v1.1.0	NT=Data-Dependent Acquisition;AC=PRIDE:0000627	1	1	AC=MS:1002038;NT=label free sample	NT=Q Exactive;AC=MS:1001911	20 ppm	0.03 Da	AC=MS:1000422;NT=HCD	AC=MS:1001251;NT=Trypsin	NT=Carbamidomethyl;AC=UNIMOD:4;TA=C;MT=Fixed	NT=Oxidation;AC=UNIMOD:35;MT=Variable;TA=M	NT=Acetyl;MT=Variable;TA=Protein N-term;AC=UNIMOD:1	NT=Deamidated;MT=Variable;TA=N,Q;AC=UNIMOD:7	./PXD002767/Bin_S16_2260_3.raw	Bin_S16_2260_3.raw
PXD002767-Sample-245	Solanum tuberosum	leaf	not available	not available	not available	not available	1	tissue	not available	not available	run 246	proteomic profiling by mass spectrometry	v1.1.0	NT=ms-proteomics;VV=v1.1.0	NT=Data-Dependent Acquisition;AC=PRIDE:0000627	1	1	AC=MS:1002038;NT=label free sample	NT=Q Exactive;AC=MS:1001911	20 ppm	0.03 Da	AC=MS:1000422;NT=HCD	AC=MS:1001251;NT=Trypsin	NT=Carbamidomethyl;AC=UNIMOD:4;TA=C;MT=Fixed	NT=Oxidation;AC=UNIMOD:35;MT=Variable;TA=M	NT=Acetyl;MT=Variable;TA=Protein N-term;AC=UNIMOD:1	NT=Deamidated;MT=Variable;TA=N,Q;AC=UNIMOD:7	./PXD002767/Bin_S258_2411_1.raw	Bin_S258_2411_1.raw
PXD002767-Sample-246	Solanum tuberosum	leaf	not available	not available	not available	not available	1	tissue	not available	not available	run 247	proteomic profiling by mass spectrometry	v1.1.0	NT=ms-proteomics;VV=v1.1.0	NT=Data-Dependent Acquisition;AC=PRIDE:0000627	1	1	AC=MS:1002038;NT=label free sample	NT=Q Exactive;AC=MS:1001911	20 ppm	0.03 Da	AC=MS:1000422;NT=HCD	AC=MS:1001251;NT=Trypsin	NT=Carbamidomethyl;AC=UNIMOD:4;TA=C;MT=Fixed	NT=Oxidation;AC=UNIMOD:35;MT=Variable;TA=M	NT=Acetyl;MT=Variable;TA=Protein N-term;AC=UNIMOD:1	NT=Deamidated;MT=Variable;TA=N,Q;AC=UNIMOD:7	./PXD002767/Bin_K120_1b.raw	Bin_K120_1b.raw
PXD002767-Sample-247	Solanum tuberosum	leaf	not available	not available	not available	not available	1	tissue	not available	not available	run 248	proteomic profiling by mass spectrometry	v1.1.0	NT=ms-proteomics;VV=v1.1.0	NT=Data-Dependent Acquisition;AC=PRIDE:0000627	1	1	AC=MS:1002038;NT=label free sample	NT=Q Exactive;AC=MS:1001911	20 ppm	0.03 Da	AC=MS:1000422;NT=HCD	AC=MS:1001251;NT=Trypsin	NT=Carbamidomethyl;AC=UNIMOD:4;TA=C;MT=Fixed	NT=Oxidation;AC=UNIMOD:35;MT=Variable;TA=M	NT=Acetyl;MT=Variable;TA=Protein N-term;AC=UNIMOD:1	NT=Deamidated;MT=Variable;TA=N,Q;AC=UNIMOD:7	./PXD002767/BIn_K258_4b.raw	BIn_K258_4b.raw
PXD002767-Sample-248	Solanum tuberosum	leaf	not available	not available	not available	not available	1	tissue	not available	not available	run 249	proteomic profiling by mass spectrometry	v1.1.0	NT=ms-proteomics;VV=v1.1.0	NT=Data-Dependent Acquisition;AC=PRIDE:0000627	1	1	AC=MS:1002038;NT=label free sample	NT=Q Exactive;AC=MS:1001911	20 ppm	0.03 Da	AC=MS:1000422;NT=HCD	AC=MS:1001251;NT=Trypsin	NT=Carbamidomethyl;AC=UNIMOD:4;TA=C;MT=Fixed	NT=Oxidation;AC=UNIMOD:35;MT=Variable;TA=M	NT=Acetyl;MT=Variable;TA=Protein N-term;AC=UNIMOD:1	NT=Deamidated;MT=Variable;TA=N,Q;AC=UNIMOD:7	./PXD002767/Bin_S16_2258_3_120607134908.raw	Bin_S16_2258_3_120607134908.raw
PXD002767-Sample-249	Solanum tuberosum	leaf	not available	not available	not available	not available	1	tissue	not available	not available	run 250	proteomic profiling by mass spectrometry	v1.1.0	NT=ms-proteomics;VV=v1.1.0	NT=Data-Dependent Acquisition;AC=PRIDE:0000627	1	1	AC=MS:1002038;NT=label free sample	NT=Q Exactive;AC=MS:1001911	20 ppm	0.03 Da	AC=MS:1000422;NT=HCD	AC=MS:1001251;NT=Trypsin	NT=Carbamidomethyl;AC=UNIMOD:4;TA=C;MT=Fixed	NT=Oxidation;AC=UNIMOD:35;MT=Variable;TA=M	NT=Acetyl;MT=Variable;TA=Protein N-term;AC=UNIMOD:1	NT=Deamidated;MT=Variable;TA=N,Q;AC=UNIMOD:7	./PXD002767/Bin_S4_2207_2.raw	Bin_S4_2207_2.raw
PXD002767-Sample-250	Solanum tuberosum	leaf	not available	not available	not available	not available	1	tissue	not available	not available	run 251	proteomic profiling by mass spectrometry	v1.1.0	NT=ms-proteomics;VV=v1.1.0	NT=Data-Dependent Acquisition;AC=PRIDE:0000627	1	1	AC=MS:1002038;NT=label free sample	NT=Q Exactive;AC=MS:1001911	20 ppm	0.03 Da	AC=MS:1000422;NT=HCD	AC=MS:1001251;NT=Trypsin	NT=Carbamidomethyl;AC=UNIMOD:4;TA=C;MT=Fixed	NT=Oxidation;AC=UNIMOD:35;MT=Variable;TA=M	NT=Acetyl;MT=Variable;TA=Protein N-term;AC=UNIMOD:1	NT=Deamidated;MT=Variable;TA=N,Q;AC=UNIMOD:7	./PXD002767/Sar_S258_2444_2.raw	Sar_S258_2444_2.raw
PXD002767-Sample-251	Solanum tuberosum	leaf	not available	not available	not available	not available	1	tissue	not available	not available	run 252	proteomic profiling by mass spectrometry	v1.1.0	NT=ms-proteomics;VV=v1.1.0	NT=Data-Dependent Acquisition;AC=PRIDE:0000627	1	1	AC=MS:1002038;NT=label free sample	NT=Q Exactive;AC=MS:1001911	20 ppm	0.03 Da	AC=MS:1000422;NT=HCD	AC=MS:1001251;NT=Trypsin	NT=Carbamidomethyl;AC=UNIMOD:4;TA=C;MT=Fixed	NT=Oxidation;AC=UNIMOD:35;MT=Variable;TA=M	NT=Acetyl;MT=Variable;TA=Protein N-term;AC=UNIMOD:1	NT=Deamidated;MT=Variable;TA=N,Q;AC=UNIMOD:7	./PXD002767/Bin_S65_2309_1.raw	Bin_S65_2309_1.raw
PXD002767-Sample-252	Solanum tuberosum	leaf	not available	not available	not available	not available	1	tissue	not available	not available	run 253	proteomic profiling by mass spectrometry	v1.1.0	NT=ms-proteomics;VV=v1.1.0	NT=Data-Dependent Acquisition;AC=PRIDE:0000627	1	1	AC=MS:1002038;NT=label free sample	NT=Q Exactive;AC=MS:1001911	20 ppm	0.03 Da	AC=MS:1000422;NT=HCD	AC=MS:1001251;NT=Trypsin	NT=Carbamidomethyl;AC=UNIMOD:4;TA=C;MT=Fixed	NT=Oxidation;AC=UNIMOD:35;MT=Variable;TA=M	NT=Acetyl;MT=Variable;TA=Protein N-term;AC=UNIMOD:1	NT=Deamidated;MT=Variable;TA=N,Q;AC=UNIMOD:7	./PXD002767/Kur_K16_3.raw	Kur_K16_3.raw
PXD002767-Sample-253	Solanum tuberosum	leaf	not available	not available	not available	not available	1	tissue	not available	not available	run 254	proteomic profiling by mass spectrometry	v1.1.0	NT=ms-proteomics;VV=v1.1.0	NT=Data-Dependent Acquisition;AC=PRIDE:0000627	1	1	AC=MS:1002038;NT=label free sample	NT=Q Exactive;AC=MS:1001911	20 ppm	0.03 Da	AC=MS:1000422;NT=HCD	AC=MS:1001251;NT=Trypsin	NT=Carbamidomethyl;AC=UNIMOD:4;TA=C;MT=Fixed	NT=Oxidation;AC=UNIMOD:35;MT=Variable;TA=M	NT=Acetyl;MT=Variable;TA=Protein N-term;AC=UNIMOD:1	NT=Deamidated;MT=Variable;TA=N,Q;AC=UNIMOD:7	./PXD002767/Sar_S4_2441_1.raw	Sar_S4_2441_1.raw
PXD002767-Sample-254	Solanum tuberosum	leaf	not available	not available	not available	not available	1	tissue	not available	not available	run 255	proteomic profiling by mass spectrometry	v1.1.0	NT=ms-proteomics;VV=v1.1.0	NT=Data-Dependent Acquisition;AC=PRIDE:0000627	1	1	AC=MS:1002038;NT=label free sample	NT=Q Exactive;AC=MS:1001911	20 ppm	0.03 Da	AC=MS:1000422;NT=HCD	AC=MS:1001251;NT=Trypsin	NT=Carbamidomethyl;AC=UNIMOD:4;TA=C;MT=Fixed	NT=Oxidation;AC=UNIMOD:35;MT=Variable;TA=M	NT=Acetyl;MT=Variable;TA=Protein N-term;AC=UNIMOD:1	NT=Deamidated;MT=Variable;TA=N,Q;AC=UNIMOD:7	./PXD002767/Bin_K16_2.raw	Bin_K16_2.raw
PXD002767-Sample-255	Solanum tuberosum	leaf	not available	not available	not available	not available	1	tissue	not available	not available	run 256	proteomic profiling by mass spectrometry	v1.1.0	NT=ms-proteomics;VV=v1.1.0	NT=Data-Dependent Acquisition;AC=PRIDE:0000627	1	1	AC=MS:1002038;NT=label free sample	NT=Q Exactive;AC=MS:1001911	20 ppm	0.03 Da	AC=MS:1000422;NT=HCD	AC=MS:1001251;NT=Trypsin	NT=Carbamidomethyl;AC=UNIMOD:4;TA=C;MT=Fixed	NT=Oxidation;AC=UNIMOD:35;MT=Variable;TA=M	NT=Acetyl;MT=Variable;TA=Protein N-term;AC=UNIMOD:1	NT=Deamidated;MT=Variable;TA=N,Q;AC=UNIMOD:7	./PXD002767/Kur_K65_3.raw	Kur_K65_3.raw
PXD002767-Sample-256	Solanum tuberosum	leaf	not available	not available	not available	not available	1	tissue	not available	not available	run 257	proteomic profiling by mass spectrometry	v1.1.0	NT=ms-proteomics;VV=v1.1.0	NT=Data-Dependent Acquisition;AC=PRIDE:0000627	1	1	AC=MS:1002038;NT=label free sample	NT=Q Exactive;AC=MS:1001911	20 ppm	0.03 Da	AC=MS:1000422;NT=HCD	AC=MS:1001251;NT=Trypsin	NT=Carbamidomethyl;AC=UNIMOD:4;TA=C;MT=Fixed	NT=Oxidation;AC=UNIMOD:35;MT=Variable;TA=M	NT=Acetyl;MT=Variable;TA=Protein N-term;AC=UNIMOD:1	NT=Deamidated;MT=Variable;TA=N,Q;AC=UNIMOD:7	./PXD002767/Kur_S120_2384_2.raw	Kur_S120_2384_2.raw
PXD002767-Sample-257	Solanum tuberosum	leaf	not available	not available	not available	not available	1	tissue	not available	not available	run 258	proteomic profiling by mass spectrometry	v1.1.0	NT=ms-proteomics;VV=v1.1.0	NT=Data-Dependent Acquisition;AC=PRIDE:0000627	1	1	AC=MS:1002038;NT=label free sample	NT=Q Exactive;AC=MS:1001911	20 ppm	0.03 Da	AC=MS:1000422;NT=HCD	AC=MS:1001251;NT=Trypsin	NT=Carbamidomethyl;AC=UNIMOD:4;TA=C;MT=Fixed	NT=Oxidation;AC=UNIMOD:35;MT=Variable;TA=M	NT=Acetyl;MT=Variable;TA=Protein N-term;AC=UNIMOD:1	NT=Deamidated;MT=Variable;TA=N,Q;AC=UNIMOD:7	./PXD002767/Kur_K258_3b.raw	Kur_K258_3b.raw
PXD002767-Sample-258	Solanum tuberosum	leaf	not available	not available	not available	not available	1	tissue	not available	not available	run 259	proteomic profiling by mass spectrometry	v1.1.0	NT=ms-proteomics;VV=v1.1.0	NT=Data-Dependent Acquisition;AC=PRIDE:0000627	1	1	AC=MS:1002038;NT=label free sample	NT=Q Exactive;AC=MS:1001911	20 ppm	0.03 Da	AC=MS:1000422;NT=HCD	AC=MS:1001251;NT=Trypsin	NT=Carbamidomethyl;AC=UNIMOD:4;TA=C;MT=Fixed	NT=Oxidation;AC=UNIMOD:35;MT=Variable;TA=M	NT=Acetyl;MT=Variable;TA=Protein N-term;AC=UNIMOD:1	NT=Deamidated;MT=Variable;TA=N,Q;AC=UNIMOD:7	./PXD002767/Kur_S16_2282_4.raw	Kur_S16_2282_4.raw
PXD002767-Sample-259	Solanum tuberosum	leaf	not available	not available	not available	not available	1	tissue	not available	not available	run 260	proteomic profiling by mass spectrometry	v1.1.0	NT=ms-proteomics;VV=v1.1.0	NT=Data-Dependent Acquisition;AC=PRIDE:0000627	1	1	AC=MS:1002038;NT=label free sample	NT=Q Exactive;AC=MS:1001911	20 ppm	0.03 Da	AC=MS:1000422;NT=HCD	AC=MS:1001251;NT=Trypsin	NT=Carbamidomethyl;AC=UNIMOD:4;TA=C;MT=Fixed	NT=Oxidation;AC=UNIMOD:35;MT=Variable;TA=M	NT=Acetyl;MT=Variable;TA=Protein N-term;AC=UNIMOD:1	NT=Deamidated;MT=Variable;TA=N,Q;AC=UNIMOD:7	./PXD002767/Sar_S120_2393_3.raw	Sar_S120_2393_3.raw
PXD002767-Sample-260	Solanum tuberosum	leaf	not available	not available	not available	not available	1	tissue	not available	not available	run 261	proteomic profiling by mass spectrometry	v1.1.0	NT=ms-proteomics;VV=v1.1.0	NT=Data-Dependent Acquisition;AC=PRIDE:0000627	1	1	AC=MS:1002038;NT=label free sample	NT=Q Exactive;AC=MS:1001911	20 ppm	0.03 Da	AC=MS:1000422;NT=HCD	AC=MS:1001251;NT=Trypsin	NT=Carbamidomethyl;AC=UNIMOD:4;TA=C;MT=Fixed	NT=Oxidation;AC=UNIMOD:35;MT=Variable;TA=M	NT=Acetyl;MT=Variable;TA=Protein N-term;AC=UNIMOD:1	NT=Deamidated;MT=Variable;TA=N,Q;AC=UNIMOD:7	./PXD002767/Bin_K65_1.raw	Bin_K65_1.raw
PXD002767-Sample-261	Solanum tuberosum	leaf	not available	not available	not available	not available	1	tissue	not available	not available	run 262	proteomic profiling by mass spectrometry	v1.1.0	NT=ms-proteomics;VV=v1.1.0	NT=Data-Dependent Acquisition;AC=PRIDE:0000627	1	1	AC=MS:1002038;NT=label free sample	NT=Q Exactive;AC=MS:1001911	20 ppm	0.03 Da	AC=MS:1000422;NT=HCD	AC=MS:1001251;NT=Trypsin	NT=Carbamidomethyl;AC=UNIMOD:4;TA=C;MT=Fixed	NT=Oxidation;AC=UNIMOD:35;MT=Variable;TA=M	NT=Acetyl;MT=Variable;TA=Protein N-term;AC=UNIMOD:1	NT=Deamidated;MT=Variable;TA=N,Q;AC=UNIMOD:7	./PXD002767/Bin_S16_2259_3.raw	Bin_S16_2259_3.raw
PXD002767-Sample-262	Solanum tuberosum	leaf	not available	not available	not available	not available	1	tissue	not available	not available	run 263	proteomic profiling by mass spectrometry	v1.1.0	NT=ms-proteomics;VV=v1.1.0	NT=Data-Dependent Acquisition;AC=PRIDE:0000627	1	1	AC=MS:1002038;NT=label free sample	NT=Q Exactive;AC=MS:1001911	20 ppm	0.03 Da	AC=MS:1000422;NT=HCD	AC=MS:1001251;NT=Trypsin	NT=Carbamidomethyl;AC=UNIMOD:4;TA=C;MT=Fixed	NT=Oxidation;AC=UNIMOD:35;MT=Variable;TA=M	NT=Acetyl;MT=Variable;TA=Protein N-term;AC=UNIMOD:1	NT=Deamidated;MT=Variable;TA=N,Q;AC=UNIMOD:7	./PXD002767/Kur_K16_1.raw	Kur_K16_1.raw
PXD002767-Sample-263	Solanum tuberosum	leaf	not available	not available	not available	not available	1	tissue	not available	not available	run 264	proteomic profiling by mass spectrometry	v1.1.0	NT=ms-proteomics;VV=v1.1.0	NT=Data-Dependent Acquisition;AC=PRIDE:0000627	1	1	AC=MS:1002038;NT=label free sample	NT=Q Exactive;AC=MS:1001911	20 ppm	0.03 Da	AC=MS:1000422;NT=HCD	AC=MS:1001251;NT=Trypsin	NT=Carbamidomethyl;AC=UNIMOD:4;TA=C;MT=Fixed	NT=Oxidation;AC=UNIMOD:35;MT=Variable;TA=M	NT=Acetyl;MT=Variable;TA=Protein N-term;AC=UNIMOD:1	NT=Deamidated;MT=Variable;TA=N,Q;AC=UNIMOD:7	./PXD002767/Kur_S16_2283_3.raw	Kur_S16_2283_3.raw
PXD002767-Sample-264	Solanum tuberosum	leaf	not available	not available	not available	not available	1	tissue	not available	not available	run 265	proteomic profiling by mass spectrometry	v1.1.0	NT=ms-proteomics;VV=v1.1.0	NT=Data-Dependent Acquisition;AC=PRIDE:0000627	1	1	AC=MS:1002038;NT=label free sample	NT=Q Exactive;AC=MS:1001911	20 ppm	0.03 Da	AC=MS:1000422;NT=HCD	AC=MS:1001251;NT=Trypsin	NT=Carbamidomethyl;AC=UNIMOD:4;TA=C;MT=Fixed	NT=Oxidation;AC=UNIMOD:35;MT=Variable;TA=M	NT=Acetyl;MT=Variable;TA=Protein N-term;AC=UNIMOD:1	NT=Deamidated;MT=Variable;TA=N,Q;AC=UNIMOD:7	./PXD002767/Kur_S16_2283_1.raw	Kur_S16_2283_1.raw
PXD002767-Sample-265	Solanum tuberosum	leaf	not available	not available	not available	not available	1	tissue	not available	not available	run 266	proteomic profiling by mass spectrometry	v1.1.0	NT=ms-proteomics;VV=v1.1.0	NT=Data-Dependent Acquisition;AC=PRIDE:0000627	1	1	AC=MS:1002038;NT=label free sample	NT=Q Exactive;AC=MS:1001911	20 ppm	0.03 Da	AC=MS:1000422;NT=HCD	AC=MS:1001251;NT=Trypsin	NT=Carbamidomethyl;AC=UNIMOD:4;TA=C;MT=Fixed	NT=Oxidation;AC=UNIMOD:35;MT=Variable;TA=M	NT=Acetyl;MT=Variable;TA=Protein N-term;AC=UNIMOD:1	NT=Deamidated;MT=Variable;TA=N,Q;AC=UNIMOD:7	./PXD002767/Kur_S120_2384_1.raw	Kur_S120_2384_1.raw
PXD002767-Sample-266	Solanum tuberosum	leaf	not available	not available	not available	not available	1	tissue	not available	not available	run 267	proteomic profiling by mass spectrometry	v1.1.0	NT=ms-proteomics;VV=v1.1.0	NT=Data-Dependent Acquisition;AC=PRIDE:0000627	1	1	AC=MS:1002038;NT=label free sample	NT=Q Exactive;AC=MS:1001911	20 ppm	0.03 Da	AC=MS:1000422;NT=HCD	AC=MS:1001251;NT=Trypsin	NT=Carbamidomethyl;AC=UNIMOD:4;TA=C;MT=Fixed	NT=Oxidation;AC=UNIMOD:35;MT=Variable;TA=M	NT=Acetyl;MT=Variable;TA=Protein N-term;AC=UNIMOD:1	NT=Deamidated;MT=Variable;TA=N,Q;AC=UNIMOD:7	./PXD002767/Bin_S16_2259_1.raw	Bin_S16_2259_1.raw
PXD002767-Sample-267	Solanum tuberosum	leaf	not available	not available	not available	not available	1	tissue	not available	not available	run 268	proteomic profiling by mass spectrometry	v1.1.0	NT=ms-proteomics;VV=v1.1.0	NT=Data-Dependent Acquisition;AC=PRIDE:0000627	1	1	AC=MS:1002038;NT=label free sample	NT=Q Exactive;AC=MS:1001911	20 ppm	0.03 Da	AC=MS:1000422;NT=HCD	AC=MS:1001251;NT=Trypsin	NT=Carbamidomethyl;AC=UNIMOD:4;TA=C;MT=Fixed	NT=Oxidation;AC=UNIMOD:35;MT=Variable;TA=M	NT=Acetyl;MT=Variable;TA=Protein N-term;AC=UNIMOD:1	NT=Deamidated;MT=Variable;TA=N,Q;AC=UNIMOD:7	./PXD002767/Bin_S258_2411_3.raw	Bin_S258_2411_3.raw
PXD002767-Sample-268	Solanum tuberosum	leaf	not available	not available	not available	not available	1	tissue	not available	not available	run 269	proteomic profiling by mass spectrometry	v1.1.0	NT=ms-proteomics;VV=v1.1.0	NT=Data-Dependent Acquisition;AC=PRIDE:0000627	1	1	AC=MS:1002038;NT=label free sample	NT=Q Exactive;AC=MS:1001911	20 ppm	0.03 Da	AC=MS:1000422;NT=HCD	AC=MS:1001251;NT=Trypsin	NT=Carbamidomethyl;AC=UNIMOD:4;TA=C;MT=Fixed	NT=Oxidation;AC=UNIMOD:35;MT=Variable;TA=M	NT=Acetyl;MT=Variable;TA=Protein N-term;AC=UNIMOD:1	NT=Deamidated;MT=Variable;TA=N,Q;AC=UNIMOD:7	./PXD002767/Bin_K120_3b.raw	Bin_K120_3b.raw
PXD002767-Sample-269	Solanum tuberosum	leaf	not available	not available	not available	not available	1	tissue	not available	not available	run 270	proteomic profiling by mass spectrometry	v1.1.0	NT=ms-proteomics;VV=v1.1.0	NT=Data-Dependent Acquisition;AC=PRIDE:0000627	1	1	AC=MS:1002038;NT=label free sample	NT=Q Exactive;AC=MS:1001911	20 ppm	0.03 Da	AC=MS:1000422;NT=HCD	AC=MS:1001251;NT=Trypsin	NT=Carbamidomethyl;AC=UNIMOD:4;TA=C;MT=Fixed	NT=Oxidation;AC=UNIMOD:35;MT=Variable;TA=M	NT=Acetyl;MT=Variable;TA=Protein N-term;AC=UNIMOD:1	NT=Deamidated;MT=Variable;TA=N,Q;AC=UNIMOD:7	./PXD002767/Bin_K65_3.raw	Bin_K65_3.raw
PXD002767-Sample-270	Solanum tuberosum	leaf	not available	not available	not available	not available	1	tissue	not available	not available	run 271	proteomic profiling by mass spectrometry	v1.1.0	NT=ms-proteomics;VV=v1.1.0	NT=Data-Dependent Acquisition;AC=PRIDE:0000627	1	1	AC=MS:1002038;NT=label free sample	NT=Q Exactive;AC=MS:1001911	20 ppm	0.03 Da	AC=MS:1000422;NT=HCD	AC=MS:1001251;NT=Trypsin	NT=Carbamidomethyl;AC=UNIMOD:4;TA=C;MT=Fixed	NT=Oxidation;AC=UNIMOD:35;MT=Variable;TA=M	NT=Acetyl;MT=Variable;TA=Protein N-term;AC=UNIMOD:1	NT=Deamidated;MT=Variable;TA=N,Q;AC=UNIMOD:7	./PXD002767/Kur_K120_1b.raw	Kur_K120_1b.raw
PXD002767-Sample-271	Solanum tuberosum	leaf	not available	not available	not available	not available	1	tissue	not available	not available	run 272	proteomic profiling by mass spectrometry	v1.1.0	NT=ms-proteomics;VV=v1.1.0	NT=Data-Dependent Acquisition;AC=PRIDE:0000627	1	1	AC=MS:1002038;NT=label free sample	NT=Q Exactive;AC=MS:1001911	20 ppm	0.03 Da	AC=MS:1000422;NT=HCD	AC=MS:1001251;NT=Trypsin	NT=Carbamidomethyl;AC=UNIMOD:4;TA=C;MT=Fixed	NT=Oxidation;AC=UNIMOD:35;MT=Variable;TA=M	NT=Acetyl;MT=Variable;TA=Protein N-term;AC=UNIMOD:1	NT=Deamidated;MT=Variable;TA=N,Q;AC=UNIMOD:7	./PXD002767/Kur_K16_3b.raw	Kur_K16_3b.raw
PXD002767-Sample-272	Solanum tuberosum	leaf	not available	not available	not available	not available	1	tissue	not available	not available	run 273	proteomic profiling by mass spectrometry	v1.1.0	NT=ms-proteomics;VV=v1.1.0	NT=Data-Dependent Acquisition;AC=PRIDE:0000627	1	1	AC=MS:1002038;NT=label free sample	NT=Q Exactive;AC=MS:1001911	20 ppm	0.03 Da	AC=MS:1000422;NT=HCD	AC=MS:1001251;NT=Trypsin	NT=Carbamidomethyl;AC=UNIMOD:4;TA=C;MT=Fixed	NT=Oxidation;AC=UNIMOD:35;MT=Variable;TA=M	NT=Acetyl;MT=Variable;TA=Protein N-term;AC=UNIMOD:1	NT=Deamidated;MT=Variable;TA=N,Q;AC=UNIMOD:7	./PXD002767/Bin_S120_2361_3.raw	Bin_S120_2361_3.raw
PXD002767-Sample-273	Solanum tuberosum	leaf	not available	not available	not available	not available	1	tissue	not available	not available	run 274	proteomic profiling by mass spectrometry	v1.1.0	NT=ms-proteomics;VV=v1.1.0	NT=Data-Dependent Acquisition;AC=PRIDE:0000627	1	1	AC=MS:1002038;NT=label free sample	NT=Q Exactive;AC=MS:1001911	20 ppm	0.03 Da	AC=MS:1000422;NT=HCD	AC=MS:1001251;NT=Trypsin	NT=Carbamidomethyl;AC=UNIMOD:4;TA=C;MT=Fixed	NT=Oxidation;AC=UNIMOD:35;MT=Variable;TA=M	NT=Acetyl;MT=Variable;TA=Protein N-term;AC=UNIMOD:1	NT=Deamidated;MT=Variable;TA=N,Q;AC=UNIMOD:7	./PXD002767/Sar_K4_4.raw	Sar_K4_4.raw
PXD002767-Sample-274	Solanum tuberosum	leaf	not available	not available	not available	not available	1	tissue	not available	not available	run 275	proteomic profiling by mass spectrometry	v1.1.0	NT=ms-proteomics;VV=v1.1.0	NT=Data-Dependent Acquisition;AC=PRIDE:0000627	1	1	AC=MS:1002038;NT=label free sample	NT=Q Exactive;AC=MS:1001911	20 ppm	0.03 Da	AC=MS:1000422;NT=HCD	AC=MS:1001251;NT=Trypsin	NT=Carbamidomethyl;AC=UNIMOD:4;TA=C;MT=Fixed	NT=Oxidation;AC=UNIMOD:35;MT=Variable;TA=M	NT=Acetyl;MT=Variable;TA=Protein N-term;AC=UNIMOD:1	NT=Deamidated;MT=Variable;TA=N,Q;AC=UNIMOD:7	./PXD002767/Kur_K120_3b.raw	Kur_K120_3b.raw
PXD002767-Sample-275	Solanum tuberosum	leaf	not available	not available	not available	not available	1	tissue	not available	not available	run 276	proteomic profiling by mass spectrometry	v1.1.0	NT=ms-proteomics;VV=v1.1.0	NT=Data-Dependent Acquisition;AC=PRIDE:0000627	1	1	AC=MS:1002038;NT=label free sample	NT=Q Exactive;AC=MS:1001911	20 ppm	0.03 Da	AC=MS:1000422;NT=HCD	AC=MS:1001251;NT=Trypsin	NT=Carbamidomethyl;AC=UNIMOD:4;TA=C;MT=Fixed	NT=Oxidation;AC=UNIMOD:35;MT=Variable;TA=M	NT=Acetyl;MT=Variable;TA=Protein N-term;AC=UNIMOD:1	NT=Deamidated;MT=Variable;TA=N,Q;AC=UNIMOD:7	./PXD002767/Bin_S65_2309_3.raw	Bin_S65_2309_3.raw
PXD002767-Sample-276	Solanum tuberosum	leaf	not available	not available	not available	not available	1	tissue	not available	not available	run 277	proteomic profiling by mass spectrometry	v1.1.0	NT=ms-proteomics;VV=v1.1.0	NT=Data-Dependent Acquisition;AC=PRIDE:0000627	1	1	AC=MS:1002038;NT=label free sample	NT=Q Exactive;AC=MS:1001911	20 ppm	0.03 Da	AC=MS:1000422;NT=HCD	AC=MS:1001251;NT=Trypsin	NT=Carbamidomethyl;AC=UNIMOD:4;TA=C;MT=Fixed	NT=Oxidation;AC=UNIMOD:35;MT=Variable;TA=M	NT=Acetyl;MT=Variable;TA=Protein N-term;AC=UNIMOD:1	NT=Deamidated;MT=Variable;TA=N,Q;AC=UNIMOD:7	./PXD002767/Bin_S16_2260_1.raw	Bin_S16_2260_1.raw
PXD002767-Sample-277	Solanum tuberosum	leaf	not available	not available	not available	not available	1	tissue	not available	not available	run 278	proteomic profiling by mass spectrometry	v1.1.0	NT=ms-proteomics;VV=v1.1.0	NT=Data-Dependent Acquisition;AC=PRIDE:0000627	1	1	AC=MS:1002038;NT=label free sample	NT=Q Exactive;AC=MS:1001911	20 ppm	0.03 Da	AC=MS:1000422;NT=HCD	AC=MS:1001251;NT=Trypsin	NT=Carbamidomethyl;AC=UNIMOD:4;TA=C;MT=Fixed	NT=Oxidation;AC=UNIMOD:35;MT=Variable;TA=M	NT=Acetyl;MT=Variable;TA=Protein N-term;AC=UNIMOD:1	NT=Deamidated;MT=Variable;TA=N,Q;AC=UNIMOD:7	./PXD002767/Bin_S65_2309_2.raw	Bin_S65_2309_2.raw
PXD002767-Sample-278	Solanum tuberosum	leaf	not available	not available	not available	not available	1	tissue	not available	not available	run 279	proteomic profiling by mass spectrometry	v1.1.0	NT=ms-proteomics;VV=v1.1.0	NT=Data-Dependent Acquisition;AC=PRIDE:0000627	1	1	AC=MS:1002038;NT=label free sample	NT=Q Exactive;AC=MS:1001911	20 ppm	0.03 Da	AC=MS:1000422;NT=HCD	AC=MS:1001251;NT=Trypsin	NT=Carbamidomethyl;AC=UNIMOD:4;TA=C;MT=Fixed	NT=Oxidation;AC=UNIMOD:35;MT=Variable;TA=M	NT=Acetyl;MT=Variable;TA=Protein N-term;AC=UNIMOD:1	NT=Deamidated;MT=Variable;TA=N,Q;AC=UNIMOD:7	./PXD002767/Kur_K16_1b.raw	Kur_K16_1b.raw
PXD002767-Sample-279	Solanum tuberosum	leaf	not available	not available	not available	not available	1	tissue	not available	not available	run 280	proteomic profiling by mass spectrometry	v1.1.0	NT=ms-proteomics;VV=v1.1.0	NT=Data-Dependent Acquisition;AC=PRIDE:0000627	1	1	AC=MS:1002038;NT=label free sample	NT=Q Exactive;AC=MS:1001911	20 ppm	0.03 Da	AC=MS:1000422;NT=HCD	AC=MS:1001251;NT=Trypsin	NT=Carbamidomethyl;AC=UNIMOD:4;TA=C;MT=Fixed	NT=Oxidation;AC=UNIMOD:35;MT=Variable;TA=M	NT=Acetyl;MT=Variable;TA=Protein N-term;AC=UNIMOD:1	NT=Deamidated;MT=Variable;TA=N,Q;AC=UNIMOD:7	./PXD002767/Sar_K16_3b.raw	Sar_K16_3b.raw
PXD002767-Sample-280	Solanum tuberosum	leaf	not available	not available	not available	not available	1	tissue	not available	not available	run 281	proteomic profiling by mass spectrometry	v1.1.0	NT=ms-proteomics;VV=v1.1.0	NT=Data-Dependent Acquisition;AC=PRIDE:0000627	1	1	AC=MS:1002038;NT=label free sample	NT=Q Exactive;AC=MS:1001911	20 ppm	0.03 Da	AC=MS:1000422;NT=HCD	AC=MS:1001251;NT=Trypsin	NT=Carbamidomethyl;AC=UNIMOD:4;TA=C;MT=Fixed	NT=Oxidation;AC=UNIMOD:35;MT=Variable;TA=M	NT=Acetyl;MT=Variable;TA=Protein N-term;AC=UNIMOD:1	NT=Deamidated;MT=Variable;TA=N,Q;AC=UNIMOD:7	./PXD002767/Kur_K120_4b.raw	Kur_K120_4b.raw
PXD002767-Sample-281	Solanum tuberosum	leaf	not available	not available	not available	not available	1	tissue	not available	not available	run 282	proteomic profiling by mass spectrometry	v1.1.0	NT=ms-proteomics;VV=v1.1.0	NT=Data-Dependent Acquisition;AC=PRIDE:0000627	1	1	AC=MS:1002038;NT=label free sample	NT=Q Exactive;AC=MS:1001911	20 ppm	0.03 Da	AC=MS:1000422;NT=HCD	AC=MS:1001251;NT=Trypsin	NT=Carbamidomethyl;AC=UNIMOD:4;TA=C;MT=Fixed	NT=Oxidation;AC=UNIMOD:35;MT=Variable;TA=M	NT=Acetyl;MT=Variable;TA=Protein N-term;AC=UNIMOD:1	NT=Deamidated;MT=Variable;TA=N,Q;AC=UNIMOD:7	./PXD002767/Sar_S120_2395_3.raw	Sar_S120_2395_3.raw
PXD002767-Sample-282	Solanum tuberosum	leaf	not available	not available	not available	not available	1	tissue	not available	not available	run 283	proteomic profiling by mass spectrometry	v1.1.0	NT=ms-proteomics;VV=v1.1.0	NT=Data-Dependent Acquisition;AC=PRIDE:0000627	1	1	AC=MS:1002038;NT=label free sample	NT=Q Exactive;AC=MS:1001911	20 ppm	0.03 Da	AC=MS:1000422;NT=HCD	AC=MS:1001251;NT=Trypsin	NT=Carbamidomethyl;AC=UNIMOD:4;TA=C;MT=Fixed	NT=Oxidation;AC=UNIMOD:35;MT=Variable;TA=M	NT=Acetyl;MT=Variable;TA=Protein N-term;AC=UNIMOD:1	NT=Deamidated;MT=Variable;TA=N,Q;AC=UNIMOD:7	./PXD002767/Bin_S258_2411_2.raw	Bin_S258_2411_2.raw
PXD002767-Sample-283	Solanum tuberosum	leaf	not available	not available	not available	not available	1	tissue	not available	not available	run 284	proteomic profiling by mass spectrometry	v1.1.0	NT=ms-proteomics;VV=v1.1.0	NT=Data-Dependent Acquisition;AC=PRIDE:0000627	1	1	AC=MS:1002038;NT=label free sample	NT=Q Exactive;AC=MS:1001911	20 ppm	0.03 Da	AC=MS:1000422;NT=HCD	AC=MS:1001251;NT=Trypsin	NT=Carbamidomethyl;AC=UNIMOD:4;TA=C;MT=Fixed	NT=Oxidation;AC=UNIMOD:35;MT=Variable;TA=M	NT=Acetyl;MT=Variable;TA=Protein N-term;AC=UNIMOD:1	NT=Deamidated;MT=Variable;TA=N,Q;AC=UNIMOD:7	./PXD002767/Sar_S16_2291_1.raw	Sar_S16_2291_1.raw
PXD002767-Sample-284	Solanum tuberosum	leaf	not available	not available	not available	not available	1	tissue	not available	not available	run 285	proteomic profiling by mass spectrometry	v1.1.0	NT=ms-proteomics;VV=v1.1.0	NT=Data-Dependent Acquisition;AC=PRIDE:0000627	1	1	AC=MS:1002038;NT=label free sample	NT=Q Exactive;AC=MS:1001911	20 ppm	0.03 Da	AC=MS:1000422;NT=HCD	AC=MS:1001251;NT=Trypsin	NT=Carbamidomethyl;AC=UNIMOD:4;TA=C;MT=Fixed	NT=Oxidation;AC=UNIMOD:35;MT=Variable;TA=M	NT=Acetyl;MT=Variable;TA=Protein N-term;AC=UNIMOD:1	NT=Deamidated;MT=Variable;TA=N,Q;AC=UNIMOD:7	./PXD002767/Sar_K65_4.raw	Sar_K65_4.raw
PXD002767-Sample-285	Solanum tuberosum	leaf	not available	not available	not available	not available	1	tissue	not available	not available	run 286	proteomic profiling by mass spectrometry	v1.1.0	NT=ms-proteomics;VV=v1.1.0	NT=Data-Dependent Acquisition;AC=PRIDE:0000627	1	1	AC=MS:1002038;NT=label free sample	NT=Q Exactive;AC=MS:1001911	20 ppm	0.03 Da	AC=MS:1000422;NT=HCD	AC=MS:1001251;NT=Trypsin	NT=Carbamidomethyl;AC=UNIMOD:4;TA=C;MT=Fixed	NT=Oxidation;AC=UNIMOD:35;MT=Variable;TA=M	NT=Acetyl;MT=Variable;TA=Protein N-term;AC=UNIMOD:1	NT=Deamidated;MT=Variable;TA=N,Q;AC=UNIMOD:7	./PXD002767/Bin_S4_2209_3.raw	Bin_S4_2209_3.raw
PXD002767-Sample-286	Solanum tuberosum	leaf	not available	not available	not available	not available	1	tissue	not available	not available	run 287	proteomic profiling by mass spectrometry	v1.1.0	NT=ms-proteomics;VV=v1.1.0	NT=Data-Dependent Acquisition;AC=PRIDE:0000627	1	1	AC=MS:1002038;NT=label free sample	NT=Q Exactive;AC=MS:1001911	20 ppm	0.03 Da	AC=MS:1000422;NT=HCD	AC=MS:1001251;NT=Trypsin	NT=Carbamidomethyl;AC=UNIMOD:4;TA=C;MT=Fixed	NT=Oxidation;AC=UNIMOD:35;MT=Variable;TA=M	NT=Acetyl;MT=Variable;TA=Protein N-term;AC=UNIMOD:1	NT=Deamidated;MT=Variable;TA=N,Q;AC=UNIMOD:7	./PXD002767/Sar_S120_2393_1.raw	Sar_S120_2393_1.raw
PXD002767-Sample-287	Solanum tuberosum	leaf	not available	not available	not available	not available	1	tissue	not available	not available	run 288	proteomic profiling by mass spectrometry	v1.1.0	NT=ms-proteomics;VV=v1.1.0	NT=Data-Dependent Acquisition;AC=PRIDE:0000627	1	1	AC=MS:1002038;NT=label free sample	NT=Q Exactive;AC=MS:1001911	20 ppm	0.03 Da	AC=MS:1000422;NT=HCD	AC=MS:1001251;NT=Trypsin	NT=Carbamidomethyl;AC=UNIMOD:4;TA=C;MT=Fixed	NT=Oxidation;AC=UNIMOD:35;MT=Variable;TA=M	NT=Acetyl;MT=Variable;TA=Protein N-term;AC=UNIMOD:1	NT=Deamidated;MT=Variable;TA=N,Q;AC=UNIMOD:7	./PXD002767/Sar_S16_2292_2.raw	Sar_S16_2292_2.raw
PXD002767-Sample-288	Solanum tuberosum	leaf	not available	not available	not available	not available	1	tissue	not available	not available	run 289	proteomic profiling by mass spectrometry	v1.1.0	NT=ms-proteomics;VV=v1.1.0	NT=Data-Dependent Acquisition;AC=PRIDE:0000627	1	1	AC=MS:1002038;NT=label free sample	NT=Q Exactive;AC=MS:1001911	20 ppm	0.03 Da	AC=MS:1000422;NT=HCD	AC=MS:1001251;NT=Trypsin	NT=Carbamidomethyl;AC=UNIMOD:4;TA=C;MT=Fixed	NT=Oxidation;AC=UNIMOD:35;MT=Variable;TA=M	NT=Acetyl;MT=Variable;TA=Protein N-term;AC=UNIMOD:1	NT=Deamidated;MT=Variable;TA=N,Q;AC=UNIMOD:7	./PXD002767/Bin_K120_4b.raw	Bin_K120_4b.raw
PXD002767-Sample-289	Solanum tuberosum	leaf	not available	not available	not available	not available	1	tissue	not available	not available	run 290	proteomic profiling by mass spectrometry	v1.1.0	NT=ms-proteomics;VV=v1.1.0	NT=Data-Dependent Acquisition;AC=PRIDE:0000627	1	1	AC=MS:1002038;NT=label free sample	NT=Q Exactive;AC=MS:1001911	20 ppm	0.03 Da	AC=MS:1000422;NT=HCD	AC=MS:1001251;NT=Trypsin	NT=Carbamidomethyl;AC=UNIMOD:4;TA=C;MT=Fixed	NT=Oxidation;AC=UNIMOD:35;MT=Variable;TA=M	NT=Acetyl;MT=Variable;TA=Protein N-term;AC=UNIMOD:1	NT=Deamidated;MT=Variable;TA=N,Q;AC=UNIMOD:7	./PXD002767/Sar_S4_2240_4.raw	Sar_S4_2240_4.raw
PXD002767-Sample-290	Solanum tuberosum	leaf	not available	not available	not available	not available	1	tissue	not available	not available	run 291	proteomic profiling by mass spectrometry	v1.1.0	NT=ms-proteomics;VV=v1.1.0	NT=Data-Dependent Acquisition;AC=PRIDE:0000627	1	1	AC=MS:1002038;NT=label free sample	NT=Q Exactive;AC=MS:1001911	20 ppm	0.03 Da	AC=MS:1000422;NT=HCD	AC=MS:1001251;NT=Trypsin	NT=Carbamidomethyl;AC=UNIMOD:4;TA=C;MT=Fixed	NT=Oxidation;AC=UNIMOD:35;MT=Variable;TA=M	NT=Acetyl;MT=Variable;TA=Protein N-term;AC=UNIMOD:1	NT=Deamidated;MT=Variable;TA=N,Q;AC=UNIMOD:7	./PXD002767/Bin_S120_2362_1.raw	Bin_S120_2362_1.raw
PXD002767-Sample-291	Solanum tuberosum	leaf	not available	not available	not available	not available	1	tissue	not available	not available	run 292	proteomic profiling by mass spectrometry	v1.1.0	NT=ms-proteomics;VV=v1.1.0	NT=Data-Dependent Acquisition;AC=PRIDE:0000627	1	1	AC=MS:1002038;NT=label free sample	NT=Q Exactive;AC=MS:1001911	20 ppm	0.03 Da	AC=MS:1000422;NT=HCD	AC=MS:1001251;NT=Trypsin	NT=Carbamidomethyl;AC=UNIMOD:4;TA=C;MT=Fixed	NT=Oxidation;AC=UNIMOD:35;MT=Variable;TA=M	NT=Acetyl;MT=Variable;TA=Protein N-term;AC=UNIMOD:1	NT=Deamidated;MT=Variable;TA=N,Q;AC=UNIMOD:7	./PXD002767/Kur_K258_4b.raw	Kur_K258_4b.raw
PXD002767-Sample-292	Solanum tuberosum	leaf	not available	not available	not available	not available	1	tissue	not available	not available	run 293	proteomic profiling by mass spectrometry	v1.1.0	NT=ms-proteomics;VV=v1.1.0	NT=Data-Dependent Acquisition;AC=PRIDE:0000627	1	1	AC=MS:1002038;NT=label free sample	NT=Q Exactive;AC=MS:1001911	20 ppm	0.03 Da	AC=MS:1000422;NT=HCD	AC=MS:1001251;NT=Trypsin	NT=Carbamidomethyl;AC=UNIMOD:4;TA=C;MT=Fixed	NT=Oxidation;AC=UNIMOD:35;MT=Variable;TA=M	NT=Acetyl;MT=Variable;TA=Protein N-term;AC=UNIMOD:1	NT=Deamidated;MT=Variable;TA=N,Q;AC=UNIMOD:7	./PXD002767/Kur_K258_1b.raw	Kur_K258_1b.raw
PXD002767-Sample-293	Solanum tuberosum	leaf	not available	not available	not available	not available	1	tissue	not available	not available	run 294	proteomic profiling by mass spectrometry	v1.1.0	NT=ms-proteomics;VV=v1.1.0	NT=Data-Dependent Acquisition;AC=PRIDE:0000627	1	1	AC=MS:1002038;NT=label free sample	NT=Q Exactive;AC=MS:1001911	20 ppm	0.03 Da	AC=MS:1000422;NT=HCD	AC=MS:1001251;NT=Trypsin	NT=Carbamidomethyl;AC=UNIMOD:4;TA=C;MT=Fixed	NT=Oxidation;AC=UNIMOD:35;MT=Variable;TA=M	NT=Acetyl;MT=Variable;TA=Protein N-term;AC=UNIMOD:1	NT=Deamidated;MT=Variable;TA=N,Q;AC=UNIMOD:7	./PXD002767/Kur_S258_2437_1.raw	Kur_S258_2437_1.raw
PXD002767-Sample-294	Solanum tuberosum	leaf	not available	not available	not available	not available	1	tissue	not available	not available	run 295	proteomic profiling by mass spectrometry	v1.1.0	NT=ms-proteomics;VV=v1.1.0	NT=Data-Dependent Acquisition;AC=PRIDE:0000627	1	1	AC=MS:1002038;NT=label free sample	NT=Q Exactive;AC=MS:1001911	20 ppm	0.03 Da	AC=MS:1000422;NT=HCD	AC=MS:1001251;NT=Trypsin	NT=Carbamidomethyl;AC=UNIMOD:4;TA=C;MT=Fixed	NT=Oxidation;AC=UNIMOD:35;MT=Variable;TA=M	NT=Acetyl;MT=Variable;TA=Protein N-term;AC=UNIMOD:1	NT=Deamidated;MT=Variable;TA=N,Q;AC=UNIMOD:7	./PXD002767/Kur_K4_1b.raw	Kur_K4_1b.raw
PXD002767-Sample-295	Solanum tuberosum	leaf	not available	not available	not available	not available	1	tissue	not available	not available	run 296	proteomic profiling by mass spectrometry	v1.1.0	NT=ms-proteomics;VV=v1.1.0	NT=Data-Dependent Acquisition;AC=PRIDE:0000627	1	1	AC=MS:1002038;NT=label free sample	NT=Q Exactive;AC=MS:1001911	20 ppm	0.03 Da	AC=MS:1000422;NT=HCD	AC=MS:1001251;NT=Trypsin	NT=Carbamidomethyl;AC=UNIMOD:4;TA=C;MT=Fixed	NT=Oxidation;AC=UNIMOD:35;MT=Variable;TA=M	NT=Acetyl;MT=Variable;TA=Protein N-term;AC=UNIMOD:1	NT=Deamidated;MT=Variable;TA=N,Q;AC=UNIMOD:7	./PXD002767/Kur_K65_1.raw	Kur_K65_1.raw
PXD002767-Sample-296	Solanum tuberosum	leaf	not available	not available	not available	not available	1	tissue	not available	not available	run 297	proteomic profiling by mass spectrometry	v1.1.0	NT=ms-proteomics;VV=v1.1.0	NT=Data-Dependent Acquisition;AC=PRIDE:0000627	1	1	AC=MS:1002038;NT=label free sample	NT=Q Exactive;AC=MS:1001911	20 ppm	0.03 Da	AC=MS:1000422;NT=HCD	AC=MS:1001251;NT=Trypsin	NT=Carbamidomethyl;AC=UNIMOD:4;TA=C;MT=Fixed	NT=Oxidation;AC=UNIMOD:35;MT=Variable;TA=M	NT=Acetyl;MT=Variable;TA=Protein N-term;AC=UNIMOD:1	NT=Deamidated;MT=Variable;TA=N,Q;AC=UNIMOD:7	./PXD002767/Sar_K65_2b.raw	Sar_K65_2b.raw
PXD002767-Sample-297	Solanum tuberosum	leaf	not available	not available	not available	not available	1	tissue	not available	not available	run 298	proteomic profiling by mass spectrometry	v1.1.0	NT=ms-proteomics;VV=v1.1.0	NT=Data-Dependent Acquisition;AC=PRIDE:0000627	1	1	AC=MS:1002038;NT=label free sample	NT=Q Exactive;AC=MS:1001911	20 ppm	0.03 Da	AC=MS:1000422;NT=HCD	AC=MS:1001251;NT=Trypsin	NT=Carbamidomethyl;AC=UNIMOD:4;TA=C;MT=Fixed	NT=Oxidation;AC=UNIMOD:35;MT=Variable;TA=M	NT=Acetyl;MT=Variable;TA=Protein N-term;AC=UNIMOD:1	NT=Deamidated;MT=Variable;TA=N,Q;AC=UNIMOD:7	./PXD002767/Bin_K65_1b.raw	Bin_K65_1b.raw
