source name	characteristics[organism]	characteristics[organism part]	characteristics[age]	characteristics[sex]	characteristics[cell type]	characteristics[cell line]	characteristics[disease]	characteristics[biological replicate]	material type	characteristics[developmental stage]	characteristics[strain or breed]	assay name	technology type	comment[sdrf version]	comment[sdrf template]	comment[proteomics data acquisition method]	comment[technical replicate]	comment[data file]	comment[file uri]	comment[fraction identifier]	comment[label]	comment[instrument]	comment[cleavage agent details]	comment[modification parameters]	comment[modification parameters]	comment[modification parameters]	comment[modification parameters]	comment[modification parameters]	comment[dissociation method]	comment[precursor mass tolerance]	comment[fragment mass tolerance]	factor value[organism part]
PXD022469-sample-1	Homo sapiens	Blood plasma	not available	not available	not available	not available	not available	1	cell	not available	not available	run1	proteomic profiling by mass spectrometry	v1.1.0	NT=ms-proteomics;VV=v1.1.0	NT=Data-Dependent Acquisition;AC=PRIDE:0000627	2	AP051018_Gurjeet_LA_Hu14_1.raw	ftp://ftp.pride.ebi.ac.uk/pride/data/archive/2021/02/PXD022469/AP051018_Gurjeet_LA_Hu14_1.raw	1	NT=label free sample;AC=MS:1002038	NT=Q Exactive HF;AC=MS:1002523	NT=Trypsin;AC=MS:1001251	NT=Carbamidomethyl;MT=Fixed;TA=C;AC=UNIMOD:4	NT=Acetyl;MT=Variable;TA=N-term;AC=UNIMOD:1	NT=Oxidation;MT=Variable;TA=M;AC=UNIMOD:35	NT=Glu->pyro-Glu;MT=Variable;TA=E;AC=UNIMOD:27	NT=Gln->pyro-Glu;MT=Variable;TA=Q;AC=UNIMOD:28	not available	5 ppm	0.07 Da	Blood plasma
PXD022469-sample-2	Homo sapiens	Blood plasma	not available	not available	not available	not available	not available	1	cell	not available	not available	run2	proteomic profiling by mass spectrometry	v1.1.0	NT=ms-proteomics;VV=v1.1.0	NT=Data-Dependent Acquisition;AC=PRIDE:0000627	2	AP051018_Gurjeet_LA_Hu14_2.raw	ftp://ftp.pride.ebi.ac.uk/pride/data/archive/2021/02/PXD022469/AP051018_Gurjeet_LA_Hu14_2.raw	2	NT=label free sample;AC=MS:1002038	NT=Q Exactive HF;AC=MS:1002523	NT=Trypsin;AC=MS:1001251	NT=Carbamidomethyl;MT=Fixed;TA=C;AC=UNIMOD:4	NT=Acetyl;MT=Variable;TA=N-term;AC=UNIMOD:1	NT=Oxidation;MT=Variable;TA=M;AC=UNIMOD:35	NT=Glu->pyro-Glu;MT=Variable;TA=E;AC=UNIMOD:27	NT=Gln->pyro-Glu;MT=Variable;TA=Q;AC=UNIMOD:28	not available	5 ppm	0.07 Da	Blood plasma
PXD022469-sample-3	Homo sapiens	Blood plasma	not available	not available	not available	not available	not available	1	cell	not available	not available	run3	proteomic profiling by mass spectrometry	v1.1.0	NT=ms-proteomics;VV=v1.1.0	NT=Data-Dependent Acquisition;AC=PRIDE:0000627	2	AP051018_Gurjeet_LA_Hu14_3.raw	ftp://ftp.pride.ebi.ac.uk/pride/data/archive/2021/02/PXD022469/AP051018_Gurjeet_LA_Hu14_3.raw	3	NT=label free sample;AC=MS:1002038	NT=Q Exactive HF;AC=MS:1002523	NT=Trypsin;AC=MS:1001251	NT=Carbamidomethyl;MT=Fixed;TA=C;AC=UNIMOD:4	NT=Acetyl;MT=Variable;TA=N-term;AC=UNIMOD:1	NT=Oxidation;MT=Variable;TA=M;AC=UNIMOD:35	NT=Glu->pyro-Glu;MT=Variable;TA=E;AC=UNIMOD:27	NT=Gln->pyro-Glu;MT=Variable;TA=Q;AC=UNIMOD:28	not available	5 ppm	0.07 Da	Blood plasma
PXD022469-sample-4	Homo sapiens	Blood plasma	not available	not available	not available	not available	not available	1	cell	not available	not available	run4	proteomic profiling by mass spectrometry	v1.1.0	NT=ms-proteomics;VV=v1.1.0	NT=Data-Dependent Acquisition;AC=PRIDE:0000627	2	AP051018_Gurjeet_LA_Hu14_4.raw	ftp://ftp.pride.ebi.ac.uk/pride/data/archive/2021/02/PXD022469/AP051018_Gurjeet_LA_Hu14_4.raw	4	NT=label free sample;AC=MS:1002038	NT=Q Exactive HF;AC=MS:1002523	NT=Trypsin;AC=MS:1001251	NT=Carbamidomethyl;MT=Fixed;TA=C;AC=UNIMOD:4	NT=Acetyl;MT=Variable;TA=N-term;AC=UNIMOD:1	NT=Oxidation;MT=Variable;TA=M;AC=UNIMOD:35	NT=Glu->pyro-Glu;MT=Variable;TA=E;AC=UNIMOD:27	NT=Gln->pyro-Glu;MT=Variable;TA=Q;AC=UNIMOD:28	not available	5 ppm	0.07 Da	Blood plasma
PXD022469-sample-5	Homo sapiens	Blood plasma	not available	not available	not available	not available	not available	1	cell	not available	not available	run5	proteomic profiling by mass spectrometry	v1.1.0	NT=ms-proteomics;VV=v1.1.0	NT=Data-Dependent Acquisition;AC=PRIDE:0000627	2	AP051018_Gurjeet_LA_Hu14_5.raw	ftp://ftp.pride.ebi.ac.uk/pride/data/archive/2021/02/PXD022469/AP051018_Gurjeet_LA_Hu14_5.raw	5	NT=label free sample;AC=MS:1002038	NT=Q Exactive HF;AC=MS:1002523	NT=Trypsin;AC=MS:1001251	NT=Carbamidomethyl;MT=Fixed;TA=C;AC=UNIMOD:4	NT=Acetyl;MT=Variable;TA=N-term;AC=UNIMOD:1	NT=Oxidation;MT=Variable;TA=M;AC=UNIMOD:35	NT=Glu->pyro-Glu;MT=Variable;TA=E;AC=UNIMOD:27	NT=Gln->pyro-Glu;MT=Variable;TA=Q;AC=UNIMOD:28	not available	5 ppm	0.07 Da	Blood plasma
PXD022469-sample-6	Homo sapiens	Blood plasma	not available	not available	not available	not available	not available	1	cell	not available	not available	run6	proteomic profiling by mass spectrometry	v1.1.0	NT=ms-proteomics;VV=v1.1.0	NT=Data-Dependent Acquisition;AC=PRIDE:0000627	2	AP051018_Gurjeet_LA_Hu14_6.raw	ftp://ftp.pride.ebi.ac.uk/pride/data/archive/2021/02/PXD022469/AP051018_Gurjeet_LA_Hu14_6.raw	6	NT=label free sample;AC=MS:1002038	NT=Q Exactive HF;AC=MS:1002523	NT=Trypsin;AC=MS:1001251	NT=Carbamidomethyl;MT=Fixed;TA=C;AC=UNIMOD:4	NT=Acetyl;MT=Variable;TA=N-term;AC=UNIMOD:1	NT=Oxidation;MT=Variable;TA=M;AC=UNIMOD:35	NT=Glu->pyro-Glu;MT=Variable;TA=E;AC=UNIMOD:27	NT=Gln->pyro-Glu;MT=Variable;TA=Q;AC=UNIMOD:28	not available	5 ppm	0.07 Da	Blood plasma
PXD022469-sample-7	Homo sapiens	Blood plasma	not available	not available	not available	not available	not available	1	cell	not available	not available	run7	proteomic profiling by mass spectrometry	v1.1.0	NT=ms-proteomics;VV=v1.1.0	NT=Data-Dependent Acquisition;AC=PRIDE:0000627	2	AP051018_Gurjeet_LA_Hu14_7.raw	ftp://ftp.pride.ebi.ac.uk/pride/data/archive/2021/02/PXD022469/AP051018_Gurjeet_LA_Hu14_7.raw	7	NT=label free sample;AC=MS:1002038	NT=Q Exactive HF;AC=MS:1002523	NT=Trypsin;AC=MS:1001251	NT=Carbamidomethyl;MT=Fixed;TA=C;AC=UNIMOD:4	NT=Acetyl;MT=Variable;TA=N-term;AC=UNIMOD:1	NT=Oxidation;MT=Variable;TA=M;AC=UNIMOD:35	NT=Glu->pyro-Glu;MT=Variable;TA=E;AC=UNIMOD:27	NT=Gln->pyro-Glu;MT=Variable;TA=Q;AC=UNIMOD:28	not available	5 ppm	0.07 Da	Blood plasma
PXD022469-sample-8	Homo sapiens	Blood plasma	not available	not available	not available	not available	not available	1	cell	not available	not available	run8	proteomic profiling by mass spectrometry	v1.1.0	NT=ms-proteomics;VV=v1.1.0	NT=Data-Dependent Acquisition;AC=PRIDE:0000627	2	AP051018_Gurjeet_LA_Hu14_8.raw	ftp://ftp.pride.ebi.ac.uk/pride/data/archive/2021/02/PXD022469/AP051018_Gurjeet_LA_Hu14_8.raw	8	NT=label free sample;AC=MS:1002038	NT=Q Exactive HF;AC=MS:1002523	NT=Trypsin;AC=MS:1001251	NT=Carbamidomethyl;MT=Fixed;TA=C;AC=UNIMOD:4	NT=Acetyl;MT=Variable;TA=N-term;AC=UNIMOD:1	NT=Oxidation;MT=Variable;TA=M;AC=UNIMOD:35	NT=Glu->pyro-Glu;MT=Variable;TA=E;AC=UNIMOD:27	NT=Gln->pyro-Glu;MT=Variable;TA=Q;AC=UNIMOD:28	not available	5 ppm	0.07 Da	Blood plasma
PXD022469-sample-9	Homo sapiens	Blood plasma	not available	not available	not available	not available	not available	1	cell	not available	not available	run9	proteomic profiling by mass spectrometry	v1.1.0	NT=ms-proteomics;VV=v1.1.0	NT=Data-Dependent Acquisition;AC=PRIDE:0000627	2	AP051018_Gurjeet_LA_Hu14_9.raw	ftp://ftp.pride.ebi.ac.uk/pride/data/archive/2021/02/PXD022469/AP051018_Gurjeet_LA_Hu14_9.raw	9	NT=label free sample;AC=MS:1002038	NT=Q Exactive HF;AC=MS:1002523	NT=Trypsin;AC=MS:1001251	NT=Carbamidomethyl;MT=Fixed;TA=C;AC=UNIMOD:4	NT=Acetyl;MT=Variable;TA=N-term;AC=UNIMOD:1	NT=Oxidation;MT=Variable;TA=M;AC=UNIMOD:35	NT=Glu->pyro-Glu;MT=Variable;TA=E;AC=UNIMOD:27	NT=Gln->pyro-Glu;MT=Variable;TA=Q;AC=UNIMOD:28	not available	5 ppm	0.07 Da	Blood plasma
PXD022469-sample-10	Homo sapiens	Blood plasma	not available	not available	not available	not available	not available	1	cell	not available	not available	run10	proteomic profiling by mass spectrometry	v1.1.0	NT=ms-proteomics;VV=v1.1.0	NT=Data-Dependent Acquisition;AC=PRIDE:0000627	2	AP051018_Gurjeet_LA_Hu14_10.raw	ftp://ftp.pride.ebi.ac.uk/pride/data/archive/2021/02/PXD022469/AP051018_Gurjeet_LA_Hu14_10.raw	10	NT=label free sample;AC=MS:1002038	NT=Q Exactive HF;AC=MS:1002523	NT=Trypsin;AC=MS:1001251	NT=Carbamidomethyl;MT=Fixed;TA=C;AC=UNIMOD:4	NT=Acetyl;MT=Variable;TA=N-term;AC=UNIMOD:1	NT=Oxidation;MT=Variable;TA=M;AC=UNIMOD:35	NT=Glu->pyro-Glu;MT=Variable;TA=E;AC=UNIMOD:27	NT=Gln->pyro-Glu;MT=Variable;TA=Q;AC=UNIMOD:28	not available	5 ppm	0.07 Da	Blood plasma
PXD022469-sample-11	Homo sapiens	Blood plasma	not available	not available	not available	not available	not available	1	cell	not available	not available	run11	proteomic profiling by mass spectrometry	v1.1.0	NT=ms-proteomics;VV=v1.1.0	NT=Data-Dependent Acquisition;AC=PRIDE:0000627	2	AP051018_Gurjeet_LA_Hu14_11.raw	ftp://ftp.pride.ebi.ac.uk/pride/data/archive/2021/02/PXD022469/AP051018_Gurjeet_LA_Hu14_11.raw	11	NT=label free sample;AC=MS:1002038	NT=Q Exactive HF;AC=MS:1002523	NT=Trypsin;AC=MS:1001251	NT=Carbamidomethyl;MT=Fixed;TA=C;AC=UNIMOD:4	NT=Acetyl;MT=Variable;TA=N-term;AC=UNIMOD:1	NT=Oxidation;MT=Variable;TA=M;AC=UNIMOD:35	NT=Glu->pyro-Glu;MT=Variable;TA=E;AC=UNIMOD:27	NT=Gln->pyro-Glu;MT=Variable;TA=Q;AC=UNIMOD:28	not available	5 ppm	0.07 Da	Blood plasma
PXD022469-sample-12	Homo sapiens	Blood plasma	not available	not available	not available	not available	not available	1	cell	not available	not available	run12	proteomic profiling by mass spectrometry	v1.1.0	NT=ms-proteomics;VV=v1.1.0	NT=Data-Dependent Acquisition;AC=PRIDE:0000627	2	AP051018_Gurjeet_LA_Hu14_12.raw	ftp://ftp.pride.ebi.ac.uk/pride/data/archive/2021/02/PXD022469/AP051018_Gurjeet_LA_Hu14_12.raw	12	NT=label free sample;AC=MS:1002038	NT=Q Exactive HF;AC=MS:1002523	NT=Trypsin;AC=MS:1001251	NT=Carbamidomethyl;MT=Fixed;TA=C;AC=UNIMOD:4	NT=Acetyl;MT=Variable;TA=N-term;AC=UNIMOD:1	NT=Oxidation;MT=Variable;TA=M;AC=UNIMOD:35	NT=Glu->pyro-Glu;MT=Variable;TA=E;AC=UNIMOD:27	NT=Gln->pyro-Glu;MT=Variable;TA=Q;AC=UNIMOD:28	not available	5 ppm	0.07 Da	Blood plasma
PXD022469-sample-13	Homo sapiens	Blood plasma	not available	not available	not available	not available	not available	1	cell	not available	not available	run13	proteomic profiling by mass spectrometry	v1.1.0	NT=ms-proteomics;VV=v1.1.0	NT=Data-Dependent Acquisition;AC=PRIDE:0000627	2	AP051018_Gurjeet_LA_Hu14_13.raw	ftp://ftp.pride.ebi.ac.uk/pride/data/archive/2021/02/PXD022469/AP051018_Gurjeet_LA_Hu14_13.raw	13	NT=label free sample;AC=MS:1002038	NT=Q Exactive HF;AC=MS:1002523	NT=Trypsin;AC=MS:1001251	NT=Carbamidomethyl;MT=Fixed;TA=C;AC=UNIMOD:4	NT=Acetyl;MT=Variable;TA=N-term;AC=UNIMOD:1	NT=Oxidation;MT=Variable;TA=M;AC=UNIMOD:35	NT=Glu->pyro-Glu;MT=Variable;TA=E;AC=UNIMOD:27	NT=Gln->pyro-Glu;MT=Variable;TA=Q;AC=UNIMOD:28	not available	5 ppm	0.07 Da	Blood plasma
PXD022469-sample-14	Homo sapiens	Blood plasma	not available	not available	not available	not available	not available	1	cell	not available	not available	run14	proteomic profiling by mass spectrometry	v1.1.0	NT=ms-proteomics;VV=v1.1.0	NT=Data-Dependent Acquisition;AC=PRIDE:0000627	2	AP051018_Gurjeet_LA_Hu14_14.raw	ftp://ftp.pride.ebi.ac.uk/pride/data/archive/2021/02/PXD022469/AP051018_Gurjeet_LA_Hu14_14.raw	14	NT=label free sample;AC=MS:1002038	NT=Q Exactive HF;AC=MS:1002523	NT=Trypsin;AC=MS:1001251	NT=Carbamidomethyl;MT=Fixed;TA=C;AC=UNIMOD:4	NT=Acetyl;MT=Variable;TA=N-term;AC=UNIMOD:1	NT=Oxidation;MT=Variable;TA=M;AC=UNIMOD:35	NT=Glu->pyro-Glu;MT=Variable;TA=E;AC=UNIMOD:27	NT=Gln->pyro-Glu;MT=Variable;TA=Q;AC=UNIMOD:28	not available	5 ppm	0.07 Da	Blood plasma
PXD022469-sample-15	Homo sapiens	Blood plasma	not available	not available	not available	not available	not available	1	cell	not available	not available	run15	proteomic profiling by mass spectrometry	v1.1.0	NT=ms-proteomics;VV=v1.1.0	NT=Data-Dependent Acquisition;AC=PRIDE:0000627	2	AP051018_Gurjeet_LA_Hu14_15.raw	ftp://ftp.pride.ebi.ac.uk/pride/data/archive/2021/02/PXD022469/AP051018_Gurjeet_LA_Hu14_15.raw	15	NT=label free sample;AC=MS:1002038	NT=Q Exactive HF;AC=MS:1002523	NT=Trypsin;AC=MS:1001251	NT=Carbamidomethyl;MT=Fixed;TA=C;AC=UNIMOD:4	NT=Acetyl;MT=Variable;TA=N-term;AC=UNIMOD:1	NT=Oxidation;MT=Variable;TA=M;AC=UNIMOD:35	NT=Glu->pyro-Glu;MT=Variable;TA=E;AC=UNIMOD:27	NT=Gln->pyro-Glu;MT=Variable;TA=Q;AC=UNIMOD:28	not available	5 ppm	0.07 Da	Blood plasma
PXD022469-sample-16	Homo sapiens	Blood plasma	not available	not available	not available	not available	not available	1	cell	not available	not available	run16	proteomic profiling by mass spectrometry	v1.1.0	NT=ms-proteomics;VV=v1.1.0	NT=Data-Dependent Acquisition;AC=PRIDE:0000627	2	AP051018_Gurjeet_LA_Hu14_16.raw	ftp://ftp.pride.ebi.ac.uk/pride/data/archive/2021/02/PXD022469/AP051018_Gurjeet_LA_Hu14_16.raw	16	NT=label free sample;AC=MS:1002038	NT=Q Exactive HF;AC=MS:1002523	NT=Trypsin;AC=MS:1001251	NT=Carbamidomethyl;MT=Fixed;TA=C;AC=UNIMOD:4	NT=Acetyl;MT=Variable;TA=N-term;AC=UNIMOD:1	NT=Oxidation;MT=Variable;TA=M;AC=UNIMOD:35	NT=Glu->pyro-Glu;MT=Variable;TA=E;AC=UNIMOD:27	NT=Gln->pyro-Glu;MT=Variable;TA=Q;AC=UNIMOD:28	not available	5 ppm	0.07 Da	Blood plasma
PXD022469-sample-17	Homo sapiens	Blood plasma	not available	not available	not available	not available	not available	1	cell	not available	not available	run17	proteomic profiling by mass spectrometry	v1.1.0	NT=ms-proteomics;VV=v1.1.0	NT=Data-Dependent Acquisition;AC=PRIDE:0000627	2	AP051018_Gurjeet_LA_Hu14_17.raw	ftp://ftp.pride.ebi.ac.uk/pride/data/archive/2021/02/PXD022469/AP051018_Gurjeet_LA_Hu14_17.raw	17	NT=label free sample;AC=MS:1002038	NT=Q Exactive HF;AC=MS:1002523	NT=Trypsin;AC=MS:1001251	NT=Carbamidomethyl;MT=Fixed;TA=C;AC=UNIMOD:4	NT=Acetyl;MT=Variable;TA=N-term;AC=UNIMOD:1	NT=Oxidation;MT=Variable;TA=M;AC=UNIMOD:35	NT=Glu->pyro-Glu;MT=Variable;TA=E;AC=UNIMOD:27	NT=Gln->pyro-Glu;MT=Variable;TA=Q;AC=UNIMOD:28	not available	5 ppm	0.07 Da	Blood plasma
PXD022469-sample-18	Homo sapiens	Blood plasma	not available	not available	not available	not available	not available	1	cell	not available	not available	run18	proteomic profiling by mass spectrometry	v1.1.0	NT=ms-proteomics;VV=v1.1.0	NT=Data-Dependent Acquisition;AC=PRIDE:0000627	2	AP051018_Gurjeet_LA_Hu14_18.raw	ftp://ftp.pride.ebi.ac.uk/pride/data/archive/2021/02/PXD022469/AP051018_Gurjeet_LA_Hu14_18.raw	18	NT=label free sample;AC=MS:1002038	NT=Q Exactive HF;AC=MS:1002523	NT=Trypsin;AC=MS:1001251	NT=Carbamidomethyl;MT=Fixed;TA=C;AC=UNIMOD:4	NT=Acetyl;MT=Variable;TA=N-term;AC=UNIMOD:1	NT=Oxidation;MT=Variable;TA=M;AC=UNIMOD:35	NT=Glu->pyro-Glu;MT=Variable;TA=E;AC=UNIMOD:27	NT=Gln->pyro-Glu;MT=Variable;TA=Q;AC=UNIMOD:28	not available	5 ppm	0.07 Da	Blood plasma
PXD022469-sample-19	Homo sapiens	Blood plasma	not available	not available	not available	not available	not available	1	cell	not available	not available	run19	proteomic profiling by mass spectrometry	v1.1.0	NT=ms-proteomics;VV=v1.1.0	NT=Data-Dependent Acquisition;AC=PRIDE:0000627	2	AP051018_Gurjeet_LA_Hu14_19.raw	ftp://ftp.pride.ebi.ac.uk/pride/data/archive/2021/02/PXD022469/AP051018_Gurjeet_LA_Hu14_19.raw	19	NT=label free sample;AC=MS:1002038	NT=Q Exactive HF;AC=MS:1002523	NT=Trypsin;AC=MS:1001251	NT=Carbamidomethyl;MT=Fixed;TA=C;AC=UNIMOD:4	NT=Acetyl;MT=Variable;TA=N-term;AC=UNIMOD:1	NT=Oxidation;MT=Variable;TA=M;AC=UNIMOD:35	NT=Glu->pyro-Glu;MT=Variable;TA=E;AC=UNIMOD:27	NT=Gln->pyro-Glu;MT=Variable;TA=Q;AC=UNIMOD:28	not available	5 ppm	0.07 Da	Blood plasma
PXD022469-sample-20	Homo sapiens	Blood plasma	not available	not available	not available	not available	not available	1	cell	not available	not available	run20	proteomic profiling by mass spectrometry	v1.1.0	NT=ms-proteomics;VV=v1.1.0	NT=Data-Dependent Acquisition;AC=PRIDE:0000627	2	AP051018_Gurjeet_LA_Hu14_20.raw	ftp://ftp.pride.ebi.ac.uk/pride/data/archive/2021/02/PXD022469/AP051018_Gurjeet_LA_Hu14_20.raw	20	NT=label free sample;AC=MS:1002038	NT=Q Exactive HF;AC=MS:1002523	NT=Trypsin;AC=MS:1001251	NT=Carbamidomethyl;MT=Fixed;TA=C;AC=UNIMOD:4	NT=Acetyl;MT=Variable;TA=N-term;AC=UNIMOD:1	NT=Oxidation;MT=Variable;TA=M;AC=UNIMOD:35	NT=Glu->pyro-Glu;MT=Variable;TA=E;AC=UNIMOD:27	NT=Gln->pyro-Glu;MT=Variable;TA=Q;AC=UNIMOD:28	not available	5 ppm	0.07 Da	Blood plasma
PXD022469-sample-21	Homo sapiens	Blood plasma	not available	not available	not available	not available	not available	1	cell	not available	not available	run21	proteomic profiling by mass spectrometry	v1.1.0	NT=ms-proteomics;VV=v1.1.0	NT=Data-Dependent Acquisition;AC=PRIDE:0000627	2	AP051018_Gurjeet_LA_Hu14_21.raw	ftp://ftp.pride.ebi.ac.uk/pride/data/archive/2021/02/PXD022469/AP051018_Gurjeet_LA_Hu14_21.raw	21	NT=label free sample;AC=MS:1002038	NT=Q Exactive HF;AC=MS:1002523	NT=Trypsin;AC=MS:1001251	NT=Carbamidomethyl;MT=Fixed;TA=C;AC=UNIMOD:4	NT=Acetyl;MT=Variable;TA=N-term;AC=UNIMOD:1	NT=Oxidation;MT=Variable;TA=M;AC=UNIMOD:35	NT=Glu->pyro-Glu;MT=Variable;TA=E;AC=UNIMOD:27	NT=Gln->pyro-Glu;MT=Variable;TA=Q;AC=UNIMOD:28	not available	5 ppm	0.07 Da	Blood plasma
PXD022469-sample-22	Homo sapiens	Blood plasma	not available	not available	not available	not available	not available	1	cell	not available	not available	run22	proteomic profiling by mass spectrometry	v1.1.0	NT=ms-proteomics;VV=v1.1.0	NT=Data-Dependent Acquisition;AC=PRIDE:0000627	2	AP051018_Gurjeet_LA_Hu14_22.raw	ftp://ftp.pride.ebi.ac.uk/pride/data/archive/2021/02/PXD022469/AP051018_Gurjeet_LA_Hu14_22.raw	22	NT=label free sample;AC=MS:1002038	NT=Q Exactive HF;AC=MS:1002523	NT=Trypsin;AC=MS:1001251	NT=Carbamidomethyl;MT=Fixed;TA=C;AC=UNIMOD:4	NT=Acetyl;MT=Variable;TA=N-term;AC=UNIMOD:1	NT=Oxidation;MT=Variable;TA=M;AC=UNIMOD:35	NT=Glu->pyro-Glu;MT=Variable;TA=E;AC=UNIMOD:27	NT=Gln->pyro-Glu;MT=Variable;TA=Q;AC=UNIMOD:28	not available	5 ppm	0.07 Da	Blood plasma
PXD022469-sample-23	Homo sapiens	Blood plasma	not available	not available	not available	not available	not available	1	cell	not available	not available	run23	proteomic profiling by mass spectrometry	v1.1.0	NT=ms-proteomics;VV=v1.1.0	NT=Data-Dependent Acquisition;AC=PRIDE:0000627	2	AP051018_Gurjeet_LA_Hu14_23.raw	ftp://ftp.pride.ebi.ac.uk/pride/data/archive/2021/02/PXD022469/AP051018_Gurjeet_LA_Hu14_23.raw	23	NT=label free sample;AC=MS:1002038	NT=Q Exactive HF;AC=MS:1002523	NT=Trypsin;AC=MS:1001251	NT=Carbamidomethyl;MT=Fixed;TA=C;AC=UNIMOD:4	NT=Acetyl;MT=Variable;TA=N-term;AC=UNIMOD:1	NT=Oxidation;MT=Variable;TA=M;AC=UNIMOD:35	NT=Glu->pyro-Glu;MT=Variable;TA=E;AC=UNIMOD:27	NT=Gln->pyro-Glu;MT=Variable;TA=Q;AC=UNIMOD:28	not available	5 ppm	0.07 Da	Blood plasma
PXD022469-sample-24	Homo sapiens	Blood plasma	not available	not available	not available	not available	not available	1	cell	not available	not available	run24	proteomic profiling by mass spectrometry	v1.1.0	NT=ms-proteomics;VV=v1.1.0	NT=Data-Dependent Acquisition;AC=PRIDE:0000627	2	AP051018_Gurjeet_LA_Hu14_24.raw	ftp://ftp.pride.ebi.ac.uk/pride/data/archive/2021/02/PXD022469/AP051018_Gurjeet_LA_Hu14_24.raw	24	NT=label free sample;AC=MS:1002038	NT=Q Exactive HF;AC=MS:1002523	NT=Trypsin;AC=MS:1001251	NT=Carbamidomethyl;MT=Fixed;TA=C;AC=UNIMOD:4	NT=Acetyl;MT=Variable;TA=N-term;AC=UNIMOD:1	NT=Oxidation;MT=Variable;TA=M;AC=UNIMOD:35	NT=Glu->pyro-Glu;MT=Variable;TA=E;AC=UNIMOD:27	NT=Gln->pyro-Glu;MT=Variable;TA=Q;AC=UNIMOD:28	not available	5 ppm	0.07 Da	Blood plasma
PXD022469-sample-25	Homo sapiens	Blood plasma	not available	not available	not available	not available	not available	1	cell	not available	not available	run25	proteomic profiling by mass spectrometry	v1.1.0	NT=ms-proteomics;VV=v1.1.0	NT=Data-Dependent Acquisition;AC=PRIDE:0000627	2	AP051118_Gurjeet_Hu14_LA_C18_1.raw	ftp://ftp.pride.ebi.ac.uk/pride/data/archive/2021/02/PXD022469/AP051118_Gurjeet_Hu14_LA_C18_1.raw	1	NT=label free sample;AC=MS:1002038	NT=Q Exactive HF;AC=MS:1002523	NT=Trypsin;AC=MS:1001251	NT=Carbamidomethyl;MT=Fixed;TA=C;AC=UNIMOD:4	NT=Acetyl;MT=Variable;TA=N-term;AC=UNIMOD:1	NT=Oxidation;MT=Variable;TA=M;AC=UNIMOD:35	NT=Glu->pyro-Glu;MT=Variable;TA=E;AC=UNIMOD:27	NT=Gln->pyro-Glu;MT=Variable;TA=Q;AC=UNIMOD:28	not available	5 ppm	0.07 Da	Blood plasma
PXD022469-sample-26	Homo sapiens	Blood plasma	not available	not available	not available	not available	not available	1	cell	not available	not available	run26	proteomic profiling by mass spectrometry	v1.1.0	NT=ms-proteomics;VV=v1.1.0	NT=Data-Dependent Acquisition;AC=PRIDE:0000627	2	AP051118_Gurjeet_Hu14_LA_C18_2.raw	ftp://ftp.pride.ebi.ac.uk/pride/data/archive/2021/02/PXD022469/AP051118_Gurjeet_Hu14_LA_C18_2.raw	2	NT=label free sample;AC=MS:1002038	NT=Q Exactive HF;AC=MS:1002523	NT=Trypsin;AC=MS:1001251	NT=Carbamidomethyl;MT=Fixed;TA=C;AC=UNIMOD:4	NT=Acetyl;MT=Variable;TA=N-term;AC=UNIMOD:1	NT=Oxidation;MT=Variable;TA=M;AC=UNIMOD:35	NT=Glu->pyro-Glu;MT=Variable;TA=E;AC=UNIMOD:27	NT=Gln->pyro-Glu;MT=Variable;TA=Q;AC=UNIMOD:28	not available	5 ppm	0.07 Da	Blood plasma
PXD022469-sample-27	Homo sapiens	Blood plasma	not available	not available	not available	not available	not available	1	cell	not available	not available	run27	proteomic profiling by mass spectrometry	v1.1.0	NT=ms-proteomics;VV=v1.1.0	NT=Data-Dependent Acquisition;AC=PRIDE:0000627	2	AP051118_Gurjeet_Hu14_LA_C18_3.raw	ftp://ftp.pride.ebi.ac.uk/pride/data/archive/2021/02/PXD022469/AP051118_Gurjeet_Hu14_LA_C18_3.raw	3	NT=label free sample;AC=MS:1002038	NT=Q Exactive HF;AC=MS:1002523	NT=Trypsin;AC=MS:1001251	NT=Carbamidomethyl;MT=Fixed;TA=C;AC=UNIMOD:4	NT=Acetyl;MT=Variable;TA=N-term;AC=UNIMOD:1	NT=Oxidation;MT=Variable;TA=M;AC=UNIMOD:35	NT=Glu->pyro-Glu;MT=Variable;TA=E;AC=UNIMOD:27	NT=Gln->pyro-Glu;MT=Variable;TA=Q;AC=UNIMOD:28	not available	5 ppm	0.07 Da	Blood plasma
PXD022469-sample-28	Homo sapiens	Blood plasma	not available	not available	not available	not available	not available	1	cell	not available	not available	run28	proteomic profiling by mass spectrometry	v1.1.0	NT=ms-proteomics;VV=v1.1.0	NT=Data-Dependent Acquisition;AC=PRIDE:0000627	2	AP051118_Gurjeet_Hu14_LA_C18_4.raw	ftp://ftp.pride.ebi.ac.uk/pride/data/archive/2021/02/PXD022469/AP051118_Gurjeet_Hu14_LA_C18_4.raw	4	NT=label free sample;AC=MS:1002038	NT=Q Exactive HF;AC=MS:1002523	NT=Trypsin;AC=MS:1001251	NT=Carbamidomethyl;MT=Fixed;TA=C;AC=UNIMOD:4	NT=Acetyl;MT=Variable;TA=N-term;AC=UNIMOD:1	NT=Oxidation;MT=Variable;TA=M;AC=UNIMOD:35	NT=Glu->pyro-Glu;MT=Variable;TA=E;AC=UNIMOD:27	NT=Gln->pyro-Glu;MT=Variable;TA=Q;AC=UNIMOD:28	not available	5 ppm	0.07 Da	Blood plasma
PXD022469-sample-29	Homo sapiens	Blood plasma	not available	not available	not available	not available	not available	1	cell	not available	not available	run29	proteomic profiling by mass spectrometry	v1.1.0	NT=ms-proteomics;VV=v1.1.0	NT=Data-Dependent Acquisition;AC=PRIDE:0000627	2	AP051118_Gurjeet_Hu14_LA_C18_5.raw	ftp://ftp.pride.ebi.ac.uk/pride/data/archive/2021/02/PXD022469/AP051118_Gurjeet_Hu14_LA_C18_5.raw	5	NT=label free sample;AC=MS:1002038	NT=Q Exactive HF;AC=MS:1002523	NT=Trypsin;AC=MS:1001251	NT=Carbamidomethyl;MT=Fixed;TA=C;AC=UNIMOD:4	NT=Acetyl;MT=Variable;TA=N-term;AC=UNIMOD:1	NT=Oxidation;MT=Variable;TA=M;AC=UNIMOD:35	NT=Glu->pyro-Glu;MT=Variable;TA=E;AC=UNIMOD:27	NT=Gln->pyro-Glu;MT=Variable;TA=Q;AC=UNIMOD:28	not available	5 ppm	0.07 Da	Blood plasma
PXD022469-sample-30	Homo sapiens	Blood plasma	not available	not available	not available	not available	not available	1	cell	not available	not available	run30	proteomic profiling by mass spectrometry	v1.1.0	NT=ms-proteomics;VV=v1.1.0	NT=Data-Dependent Acquisition;AC=PRIDE:0000627	2	AP051118_Gurjeet_Hu14_LA_C18_6.raw	ftp://ftp.pride.ebi.ac.uk/pride/data/archive/2021/02/PXD022469/AP051118_Gurjeet_Hu14_LA_C18_6.raw	6	NT=label free sample;AC=MS:1002038	NT=Q Exactive HF;AC=MS:1002523	NT=Trypsin;AC=MS:1001251	NT=Carbamidomethyl;MT=Fixed;TA=C;AC=UNIMOD:4	NT=Acetyl;MT=Variable;TA=N-term;AC=UNIMOD:1	NT=Oxidation;MT=Variable;TA=M;AC=UNIMOD:35	NT=Glu->pyro-Glu;MT=Variable;TA=E;AC=UNIMOD:27	NT=Gln->pyro-Glu;MT=Variable;TA=Q;AC=UNIMOD:28	not available	5 ppm	0.07 Da	Blood plasma
PXD022469-sample-31	Homo sapiens	Blood plasma	not available	not available	not available	not available	not available	1	cell	not available	not available	run31	proteomic profiling by mass spectrometry	v1.1.0	NT=ms-proteomics;VV=v1.1.0	NT=Data-Dependent Acquisition;AC=PRIDE:0000627	2	AP051118_Gurjeet_Hu14_LA_C18_7.raw	ftp://ftp.pride.ebi.ac.uk/pride/data/archive/2021/02/PXD022469/AP051118_Gurjeet_Hu14_LA_C18_7.raw	7	NT=label free sample;AC=MS:1002038	NT=Q Exactive HF;AC=MS:1002523	NT=Trypsin;AC=MS:1001251	NT=Carbamidomethyl;MT=Fixed;TA=C;AC=UNIMOD:4	NT=Acetyl;MT=Variable;TA=N-term;AC=UNIMOD:1	NT=Oxidation;MT=Variable;TA=M;AC=UNIMOD:35	NT=Glu->pyro-Glu;MT=Variable;TA=E;AC=UNIMOD:27	NT=Gln->pyro-Glu;MT=Variable;TA=Q;AC=UNIMOD:28	not available	5 ppm	0.07 Da	Blood plasma
PXD022469-sample-32	Homo sapiens	Blood plasma	not available	not available	not available	not available	not available	1	cell	not available	not available	run32	proteomic profiling by mass spectrometry	v1.1.0	NT=ms-proteomics;VV=v1.1.0	NT=Data-Dependent Acquisition;AC=PRIDE:0000627	2	AP051118_Gurjeet_Hu14_LA_C18_8.raw	ftp://ftp.pride.ebi.ac.uk/pride/data/archive/2021/02/PXD022469/AP051118_Gurjeet_Hu14_LA_C18_8.raw	8	NT=label free sample;AC=MS:1002038	NT=Q Exactive HF;AC=MS:1002523	NT=Trypsin;AC=MS:1001251	NT=Carbamidomethyl;MT=Fixed;TA=C;AC=UNIMOD:4	NT=Acetyl;MT=Variable;TA=N-term;AC=UNIMOD:1	NT=Oxidation;MT=Variable;TA=M;AC=UNIMOD:35	NT=Glu->pyro-Glu;MT=Variable;TA=E;AC=UNIMOD:27	NT=Gln->pyro-Glu;MT=Variable;TA=Q;AC=UNIMOD:28	not available	5 ppm	0.07 Da	Blood plasma
PXD022469-sample-33	Homo sapiens	Blood plasma	not available	not available	not available	not available	not available	1	cell	not available	not available	run33	proteomic profiling by mass spectrometry	v1.1.0	NT=ms-proteomics;VV=v1.1.0	NT=Data-Dependent Acquisition;AC=PRIDE:0000627	2	AP051118_Gurjeet_Hu14_LA_C18_9.raw	ftp://ftp.pride.ebi.ac.uk/pride/data/archive/2021/02/PXD022469/AP051118_Gurjeet_Hu14_LA_C18_9.raw	9	NT=label free sample;AC=MS:1002038	NT=Q Exactive HF;AC=MS:1002523	NT=Trypsin;AC=MS:1001251	NT=Carbamidomethyl;MT=Fixed;TA=C;AC=UNIMOD:4	NT=Acetyl;MT=Variable;TA=N-term;AC=UNIMOD:1	NT=Oxidation;MT=Variable;TA=M;AC=UNIMOD:35	NT=Glu->pyro-Glu;MT=Variable;TA=E;AC=UNIMOD:27	NT=Gln->pyro-Glu;MT=Variable;TA=Q;AC=UNIMOD:28	not available	5 ppm	0.07 Da	Blood plasma
PXD022469-sample-34	Homo sapiens	Blood plasma	not available	not available	not available	not available	not available	1	cell	not available	not available	run34	proteomic profiling by mass spectrometry	v1.1.0	NT=ms-proteomics;VV=v1.1.0	NT=Data-Dependent Acquisition;AC=PRIDE:0000627	2	AP051118_Gurjeet_Hu14_LA_C18_10.raw	ftp://ftp.pride.ebi.ac.uk/pride/data/archive/2021/02/PXD022469/AP051118_Gurjeet_Hu14_LA_C18_10.raw	10	NT=label free sample;AC=MS:1002038	NT=Q Exactive HF;AC=MS:1002523	NT=Trypsin;AC=MS:1001251	NT=Carbamidomethyl;MT=Fixed;TA=C;AC=UNIMOD:4	NT=Acetyl;MT=Variable;TA=N-term;AC=UNIMOD:1	NT=Oxidation;MT=Variable;TA=M;AC=UNIMOD:35	NT=Glu->pyro-Glu;MT=Variable;TA=E;AC=UNIMOD:27	NT=Gln->pyro-Glu;MT=Variable;TA=Q;AC=UNIMOD:28	not available	5 ppm	0.07 Da	Blood plasma
PXD022469-sample-35	Homo sapiens	Blood plasma	not available	not available	not available	not available	not available	1	cell	not available	not available	run35	proteomic profiling by mass spectrometry	v1.1.0	NT=ms-proteomics;VV=v1.1.0	NT=Data-Dependent Acquisition;AC=PRIDE:0000627	2	AP051118_Gurjeet_Hu14_LA_C18_11.raw	ftp://ftp.pride.ebi.ac.uk/pride/data/archive/2021/02/PXD022469/AP051118_Gurjeet_Hu14_LA_C18_11.raw	11	NT=label free sample;AC=MS:1002038	NT=Q Exactive HF;AC=MS:1002523	NT=Trypsin;AC=MS:1001251	NT=Carbamidomethyl;MT=Fixed;TA=C;AC=UNIMOD:4	NT=Acetyl;MT=Variable;TA=N-term;AC=UNIMOD:1	NT=Oxidation;MT=Variable;TA=M;AC=UNIMOD:35	NT=Glu->pyro-Glu;MT=Variable;TA=E;AC=UNIMOD:27	NT=Gln->pyro-Glu;MT=Variable;TA=Q;AC=UNIMOD:28	not available	5 ppm	0.07 Da	Blood plasma
PXD022469-sample-36	Homo sapiens	Blood plasma	not available	not available	not available	not available	not available	1	cell	not available	not available	run36	proteomic profiling by mass spectrometry	v1.1.0	NT=ms-proteomics;VV=v1.1.0	NT=Data-Dependent Acquisition;AC=PRIDE:0000627	2	AP051118_Gurjeet_Hu14_LA_C18_12.raw	ftp://ftp.pride.ebi.ac.uk/pride/data/archive/2021/02/PXD022469/AP051118_Gurjeet_Hu14_LA_C18_12.raw	12	NT=label free sample;AC=MS:1002038	NT=Q Exactive HF;AC=MS:1002523	NT=Trypsin;AC=MS:1001251	NT=Carbamidomethyl;MT=Fixed;TA=C;AC=UNIMOD:4	NT=Acetyl;MT=Variable;TA=N-term;AC=UNIMOD:1	NT=Oxidation;MT=Variable;TA=M;AC=UNIMOD:35	NT=Glu->pyro-Glu;MT=Variable;TA=E;AC=UNIMOD:27	NT=Gln->pyro-Glu;MT=Variable;TA=Q;AC=UNIMOD:28	not available	5 ppm	0.07 Da	Blood plasma
PXD022469-sample-37	Homo sapiens	Blood plasma	not available	not available	not available	not available	not available	1	cell	not available	not available	run37	proteomic profiling by mass spectrometry	v1.1.0	NT=ms-proteomics;VV=v1.1.0	NT=Data-Dependent Acquisition;AC=PRIDE:0000627	2	AP051118_Gurjeet_Hu14_LA_C18_13.raw	ftp://ftp.pride.ebi.ac.uk/pride/data/archive/2021/02/PXD022469/AP051118_Gurjeet_Hu14_LA_C18_13.raw	13	NT=label free sample;AC=MS:1002038	NT=Q Exactive HF;AC=MS:1002523	NT=Trypsin;AC=MS:1001251	NT=Carbamidomethyl;MT=Fixed;TA=C;AC=UNIMOD:4	NT=Acetyl;MT=Variable;TA=N-term;AC=UNIMOD:1	NT=Oxidation;MT=Variable;TA=M;AC=UNIMOD:35	NT=Glu->pyro-Glu;MT=Variable;TA=E;AC=UNIMOD:27	NT=Gln->pyro-Glu;MT=Variable;TA=Q;AC=UNIMOD:28	not available	5 ppm	0.07 Da	Blood plasma
PXD022469-sample-38	Homo sapiens	Blood plasma	not available	not available	not available	not available	not available	1	cell	not available	not available	run38	proteomic profiling by mass spectrometry	v1.1.0	NT=ms-proteomics;VV=v1.1.0	NT=Data-Dependent Acquisition;AC=PRIDE:0000627	2	AP051118_Gurjeet_Hu14_LA_C18_14.raw	ftp://ftp.pride.ebi.ac.uk/pride/data/archive/2021/02/PXD022469/AP051118_Gurjeet_Hu14_LA_C18_14.raw	14	NT=label free sample;AC=MS:1002038	NT=Q Exactive HF;AC=MS:1002523	NT=Trypsin;AC=MS:1001251	NT=Carbamidomethyl;MT=Fixed;TA=C;AC=UNIMOD:4	NT=Acetyl;MT=Variable;TA=N-term;AC=UNIMOD:1	NT=Oxidation;MT=Variable;TA=M;AC=UNIMOD:35	NT=Glu->pyro-Glu;MT=Variable;TA=E;AC=UNIMOD:27	NT=Gln->pyro-Glu;MT=Variable;TA=Q;AC=UNIMOD:28	not available	5 ppm	0.07 Da	Blood plasma
PXD022469-sample-39	Homo sapiens	Blood plasma	not available	not available	not available	not available	not available	1	cell	not available	not available	run39	proteomic profiling by mass spectrometry	v1.1.0	NT=ms-proteomics;VV=v1.1.0	NT=Data-Dependent Acquisition;AC=PRIDE:0000627	2	AP051118_Gurjeet_Hu14_LA_C18_15.raw	ftp://ftp.pride.ebi.ac.uk/pride/data/archive/2021/02/PXD022469/AP051118_Gurjeet_Hu14_LA_C18_15.raw	15	NT=label free sample;AC=MS:1002038	NT=Q Exactive HF;AC=MS:1002523	NT=Trypsin;AC=MS:1001251	NT=Carbamidomethyl;MT=Fixed;TA=C;AC=UNIMOD:4	NT=Acetyl;MT=Variable;TA=N-term;AC=UNIMOD:1	NT=Oxidation;MT=Variable;TA=M;AC=UNIMOD:35	NT=Glu->pyro-Glu;MT=Variable;TA=E;AC=UNIMOD:27	NT=Gln->pyro-Glu;MT=Variable;TA=Q;AC=UNIMOD:28	not available	5 ppm	0.07 Da	Blood plasma
PXD022469-sample-40	Homo sapiens	Blood plasma	not available	not available	not available	not available	not available	1	cell	not available	not available	run40	proteomic profiling by mass spectrometry	v1.1.0	NT=ms-proteomics;VV=v1.1.0	NT=Data-Dependent Acquisition;AC=PRIDE:0000627	2	AP051118_Gurjeet_Hu14_LA_C18_16.raw	ftp://ftp.pride.ebi.ac.uk/pride/data/archive/2021/02/PXD022469/AP051118_Gurjeet_Hu14_LA_C18_16.raw	16	NT=label free sample;AC=MS:1002038	NT=Q Exactive HF;AC=MS:1002523	NT=Trypsin;AC=MS:1001251	NT=Carbamidomethyl;MT=Fixed;TA=C;AC=UNIMOD:4	NT=Acetyl;MT=Variable;TA=N-term;AC=UNIMOD:1	NT=Oxidation;MT=Variable;TA=M;AC=UNIMOD:35	NT=Glu->pyro-Glu;MT=Variable;TA=E;AC=UNIMOD:27	NT=Gln->pyro-Glu;MT=Variable;TA=Q;AC=UNIMOD:28	not available	5 ppm	0.07 Da	Blood plasma
PXD022469-sample-41	Homo sapiens	Blood plasma	not available	not available	not available	not available	not available	1	cell	not available	not available	run41	proteomic profiling by mass spectrometry	v1.1.0	NT=ms-proteomics;VV=v1.1.0	NT=Data-Dependent Acquisition;AC=PRIDE:0000627	2	AP051118_Gurjeet_Hu14_LA_C18_17.raw	ftp://ftp.pride.ebi.ac.uk/pride/data/archive/2021/02/PXD022469/AP051118_Gurjeet_Hu14_LA_C18_17.raw	17	NT=label free sample;AC=MS:1002038	NT=Q Exactive HF;AC=MS:1002523	NT=Trypsin;AC=MS:1001251	NT=Carbamidomethyl;MT=Fixed;TA=C;AC=UNIMOD:4	NT=Acetyl;MT=Variable;TA=N-term;AC=UNIMOD:1	NT=Oxidation;MT=Variable;TA=M;AC=UNIMOD:35	NT=Glu->pyro-Glu;MT=Variable;TA=E;AC=UNIMOD:27	NT=Gln->pyro-Glu;MT=Variable;TA=Q;AC=UNIMOD:28	not available	5 ppm	0.07 Da	Blood plasma
PXD022469-sample-42	Homo sapiens	Blood plasma	not available	not available	not available	not available	not available	1	cell	not available	not available	run42	proteomic profiling by mass spectrometry	v1.1.0	NT=ms-proteomics;VV=v1.1.0	NT=Data-Dependent Acquisition;AC=PRIDE:0000627	2	AP051118_Gurjeet_Hu14_LA_C18_18.raw	ftp://ftp.pride.ebi.ac.uk/pride/data/archive/2021/02/PXD022469/AP051118_Gurjeet_Hu14_LA_C18_18.raw	18	NT=label free sample;AC=MS:1002038	NT=Q Exactive HF;AC=MS:1002523	NT=Trypsin;AC=MS:1001251	NT=Carbamidomethyl;MT=Fixed;TA=C;AC=UNIMOD:4	NT=Acetyl;MT=Variable;TA=N-term;AC=UNIMOD:1	NT=Oxidation;MT=Variable;TA=M;AC=UNIMOD:35	NT=Glu->pyro-Glu;MT=Variable;TA=E;AC=UNIMOD:27	NT=Gln->pyro-Glu;MT=Variable;TA=Q;AC=UNIMOD:28	not available	5 ppm	0.07 Da	Blood plasma
PXD022469-sample-43	Homo sapiens	Blood plasma	not available	not available	not available	not available	not available	1	cell	not available	not available	run43	proteomic profiling by mass spectrometry	v1.1.0	NT=ms-proteomics;VV=v1.1.0	NT=Data-Dependent Acquisition;AC=PRIDE:0000627	2	AP051118_Gurjeet_Hu14_LA_C18_19.raw	ftp://ftp.pride.ebi.ac.uk/pride/data/archive/2021/02/PXD022469/AP051118_Gurjeet_Hu14_LA_C18_19.raw	19	NT=label free sample;AC=MS:1002038	NT=Q Exactive HF;AC=MS:1002523	NT=Trypsin;AC=MS:1001251	NT=Carbamidomethyl;MT=Fixed;TA=C;AC=UNIMOD:4	NT=Acetyl;MT=Variable;TA=N-term;AC=UNIMOD:1	NT=Oxidation;MT=Variable;TA=M;AC=UNIMOD:35	NT=Glu->pyro-Glu;MT=Variable;TA=E;AC=UNIMOD:27	NT=Gln->pyro-Glu;MT=Variable;TA=Q;AC=UNIMOD:28	not available	5 ppm	0.07 Da	Blood plasma
PXD022469-sample-44	Homo sapiens	Blood plasma	not available	not available	not available	not available	not available	1	cell	not available	not available	run44	proteomic profiling by mass spectrometry	v1.1.0	NT=ms-proteomics;VV=v1.1.0	NT=Data-Dependent Acquisition;AC=PRIDE:0000627	2	AP051118_Gurjeet_Hu14_LA_C18_20.raw	ftp://ftp.pride.ebi.ac.uk/pride/data/archive/2021/02/PXD022469/AP051118_Gurjeet_Hu14_LA_C18_20.raw	20	NT=label free sample;AC=MS:1002038	NT=Q Exactive HF;AC=MS:1002523	NT=Trypsin;AC=MS:1001251	NT=Carbamidomethyl;MT=Fixed;TA=C;AC=UNIMOD:4	NT=Acetyl;MT=Variable;TA=N-term;AC=UNIMOD:1	NT=Oxidation;MT=Variable;TA=M;AC=UNIMOD:35	NT=Glu->pyro-Glu;MT=Variable;TA=E;AC=UNIMOD:27	NT=Gln->pyro-Glu;MT=Variable;TA=Q;AC=UNIMOD:28	not available	5 ppm	0.07 Da	Blood plasma
PXD022469-sample-45	Homo sapiens	Blood plasma	not available	not available	not available	not available	not available	1	cell	not available	not available	run45	proteomic profiling by mass spectrometry	v1.1.0	NT=ms-proteomics;VV=v1.1.0	NT=Data-Dependent Acquisition;AC=PRIDE:0000627	2	AP051118_Gurjeet_Hu14_LA_C18_21.raw	ftp://ftp.pride.ebi.ac.uk/pride/data/archive/2021/02/PXD022469/AP051118_Gurjeet_Hu14_LA_C18_21.raw	21	NT=label free sample;AC=MS:1002038	NT=Q Exactive HF;AC=MS:1002523	NT=Trypsin;AC=MS:1001251	NT=Carbamidomethyl;MT=Fixed;TA=C;AC=UNIMOD:4	NT=Acetyl;MT=Variable;TA=N-term;AC=UNIMOD:1	NT=Oxidation;MT=Variable;TA=M;AC=UNIMOD:35	NT=Glu->pyro-Glu;MT=Variable;TA=E;AC=UNIMOD:27	NT=Gln->pyro-Glu;MT=Variable;TA=Q;AC=UNIMOD:28	not available	5 ppm	0.07 Da	Blood plasma
PXD022469-sample-46	Homo sapiens	Blood plasma	not available	not available	not available	not available	not available	1	cell	not available	not available	run46	proteomic profiling by mass spectrometry	v1.1.0	NT=ms-proteomics;VV=v1.1.0	NT=Data-Dependent Acquisition;AC=PRIDE:0000627	2	AP051118_Gurjeet_Hu14_LA_C18_22.raw	ftp://ftp.pride.ebi.ac.uk/pride/data/archive/2021/02/PXD022469/AP051118_Gurjeet_Hu14_LA_C18_22.raw	22	NT=label free sample;AC=MS:1002038	NT=Q Exactive HF;AC=MS:1002523	NT=Trypsin;AC=MS:1001251	NT=Carbamidomethyl;MT=Fixed;TA=C;AC=UNIMOD:4	NT=Acetyl;MT=Variable;TA=N-term;AC=UNIMOD:1	NT=Oxidation;MT=Variable;TA=M;AC=UNIMOD:35	NT=Glu->pyro-Glu;MT=Variable;TA=E;AC=UNIMOD:27	NT=Gln->pyro-Glu;MT=Variable;TA=Q;AC=UNIMOD:28	not available	5 ppm	0.07 Da	Blood plasma
PXD022469-sample-47	Homo sapiens	Blood plasma	not available	not available	not available	not available	not available	1	cell	not available	not available	run47	proteomic profiling by mass spectrometry	v1.1.0	NT=ms-proteomics;VV=v1.1.0	NT=Data-Dependent Acquisition;AC=PRIDE:0000627	2	AP051118_Gurjeet_Hu14_LA_C18_23.raw	ftp://ftp.pride.ebi.ac.uk/pride/data/archive/2021/02/PXD022469/AP051118_Gurjeet_Hu14_LA_C18_23.raw	23	NT=label free sample;AC=MS:1002038	NT=Q Exactive HF;AC=MS:1002523	NT=Trypsin;AC=MS:1001251	NT=Carbamidomethyl;MT=Fixed;TA=C;AC=UNIMOD:4	NT=Acetyl;MT=Variable;TA=N-term;AC=UNIMOD:1	NT=Oxidation;MT=Variable;TA=M;AC=UNIMOD:35	NT=Glu->pyro-Glu;MT=Variable;TA=E;AC=UNIMOD:27	NT=Gln->pyro-Glu;MT=Variable;TA=Q;AC=UNIMOD:28	not available	5 ppm	0.07 Da	Blood plasma
PXD022469-sample-48	Homo sapiens	Blood plasma	not available	not available	not available	not available	not available	1	cell	not available	not available	run48	proteomic profiling by mass spectrometry	v1.1.0	NT=ms-proteomics;VV=v1.1.0	NT=Data-Dependent Acquisition;AC=PRIDE:0000627	2	AP051118_Gurjeet_Hu14_LA_C18_24.raw	ftp://ftp.pride.ebi.ac.uk/pride/data/archive/2021/02/PXD022469/AP051118_Gurjeet_Hu14_LA_C18_24.raw	24	NT=label free sample;AC=MS:1002038	NT=Q Exactive HF;AC=MS:1002523	NT=Trypsin;AC=MS:1001251	NT=Carbamidomethyl;MT=Fixed;TA=C;AC=UNIMOD:4	NT=Acetyl;MT=Variable;TA=N-term;AC=UNIMOD:1	NT=Oxidation;MT=Variable;TA=M;AC=UNIMOD:35	NT=Glu->pyro-Glu;MT=Variable;TA=E;AC=UNIMOD:27	NT=Gln->pyro-Glu;MT=Variable;TA=Q;AC=UNIMOD:28	not available	5 ppm	0.07 Da	Blood plasma
PXD022469-sample-49	Homo sapiens	Blood plasma	not available	not available	not available	not available	not available	1	cell	not available	not available	run49	proteomic profiling by mass spectrometry	v1.1.0	NT=ms-proteomics;VV=v1.1.0	NT=Data-Dependent Acquisition;AC=PRIDE:0000627	2	AP051118_Gurjeet_Hu14_LA_PAGE_BinosTrial_1.raw	ftp://ftp.pride.ebi.ac.uk/pride/data/archive/2021/02/PXD022469/AP051118_Gurjeet_Hu14_LA_PAGE_BinosTrial_1.raw	1	NT=label free sample;AC=MS:1002038	NT=Q Exactive HF;AC=MS:1002523	NT=Trypsin;AC=MS:1001251	NT=Carbamidomethyl;MT=Fixed;TA=C;AC=UNIMOD:4	NT=Acetyl;MT=Variable;TA=N-term;AC=UNIMOD:1	NT=Oxidation;MT=Variable;TA=M;AC=UNIMOD:35	NT=Glu->pyro-Glu;MT=Variable;TA=E;AC=UNIMOD:27	NT=Gln->pyro-Glu;MT=Variable;TA=Q;AC=UNIMOD:28	not available	5 ppm	0.07 Da	Blood plasma
PXD022469-sample-50	Homo sapiens	Blood plasma	not available	not available	not available	not available	not available	1	cell	not available	not available	run50	proteomic profiling by mass spectrometry	v1.1.0	NT=ms-proteomics;VV=v1.1.0	NT=Data-Dependent Acquisition;AC=PRIDE:0000627	2	AP051118_Gurjeet_Hu14_LA_PAGE_BinosTrial_2.raw	ftp://ftp.pride.ebi.ac.uk/pride/data/archive/2021/02/PXD022469/AP051118_Gurjeet_Hu14_LA_PAGE_BinosTrial_2.raw	2	NT=label free sample;AC=MS:1002038	NT=Q Exactive HF;AC=MS:1002523	NT=Trypsin;AC=MS:1001251	NT=Carbamidomethyl;MT=Fixed;TA=C;AC=UNIMOD:4	NT=Acetyl;MT=Variable;TA=N-term;AC=UNIMOD:1	NT=Oxidation;MT=Variable;TA=M;AC=UNIMOD:35	NT=Glu->pyro-Glu;MT=Variable;TA=E;AC=UNIMOD:27	NT=Gln->pyro-Glu;MT=Variable;TA=Q;AC=UNIMOD:28	not available	5 ppm	0.07 Da	Blood plasma
PXD022469-sample-51	Homo sapiens	Blood plasma	not available	not available	not available	not available	not available	1	cell	not available	not available	run51	proteomic profiling by mass spectrometry	v1.1.0	NT=ms-proteomics;VV=v1.1.0	NT=Data-Dependent Acquisition;AC=PRIDE:0000627	2	AP051118_Gurjeet_Hu14_LA_PAGE_BinosTrial_3.raw	ftp://ftp.pride.ebi.ac.uk/pride/data/archive/2021/02/PXD022469/AP051118_Gurjeet_Hu14_LA_PAGE_BinosTrial_3.raw	3	NT=label free sample;AC=MS:1002038	NT=Q Exactive HF;AC=MS:1002523	NT=Trypsin;AC=MS:1001251	NT=Carbamidomethyl;MT=Fixed;TA=C;AC=UNIMOD:4	NT=Acetyl;MT=Variable;TA=N-term;AC=UNIMOD:1	NT=Oxidation;MT=Variable;TA=M;AC=UNIMOD:35	NT=Glu->pyro-Glu;MT=Variable;TA=E;AC=UNIMOD:27	NT=Gln->pyro-Glu;MT=Variable;TA=Q;AC=UNIMOD:28	not available	5 ppm	0.07 Da	Blood plasma
PXD022469-sample-52	Homo sapiens	Blood plasma	not available	not available	not available	not available	not available	1	cell	not available	not available	run52	proteomic profiling by mass spectrometry	v1.1.0	NT=ms-proteomics;VV=v1.1.0	NT=Data-Dependent Acquisition;AC=PRIDE:0000627	2	AP051118_Gurjeet_Hu14_LA_PAGE_BinosTrial_4.raw	ftp://ftp.pride.ebi.ac.uk/pride/data/archive/2021/02/PXD022469/AP051118_Gurjeet_Hu14_LA_PAGE_BinosTrial_4.raw	4	NT=label free sample;AC=MS:1002038	NT=Q Exactive HF;AC=MS:1002523	NT=Trypsin;AC=MS:1001251	NT=Carbamidomethyl;MT=Fixed;TA=C;AC=UNIMOD:4	NT=Acetyl;MT=Variable;TA=N-term;AC=UNIMOD:1	NT=Oxidation;MT=Variable;TA=M;AC=UNIMOD:35	NT=Glu->pyro-Glu;MT=Variable;TA=E;AC=UNIMOD:27	NT=Gln->pyro-Glu;MT=Variable;TA=Q;AC=UNIMOD:28	not available	5 ppm	0.07 Da	Blood plasma
PXD022469-sample-53	Homo sapiens	Blood plasma	not available	not available	not available	not available	not available	1	cell	not available	not available	run53	proteomic profiling by mass spectrometry	v1.1.0	NT=ms-proteomics;VV=v1.1.0	NT=Data-Dependent Acquisition;AC=PRIDE:0000627	2	AP051118_Gurjeet_Hu14_LA_PAGE_BinosTrial_5.raw	ftp://ftp.pride.ebi.ac.uk/pride/data/archive/2021/02/PXD022469/AP051118_Gurjeet_Hu14_LA_PAGE_BinosTrial_5.raw	5	NT=label free sample;AC=MS:1002038	NT=Q Exactive HF;AC=MS:1002523	NT=Trypsin;AC=MS:1001251	NT=Carbamidomethyl;MT=Fixed;TA=C;AC=UNIMOD:4	NT=Acetyl;MT=Variable;TA=N-term;AC=UNIMOD:1	NT=Oxidation;MT=Variable;TA=M;AC=UNIMOD:35	NT=Glu->pyro-Glu;MT=Variable;TA=E;AC=UNIMOD:27	NT=Gln->pyro-Glu;MT=Variable;TA=Q;AC=UNIMOD:28	not available	5 ppm	0.07 Da	Blood plasma
PXD022469-sample-54	Homo sapiens	Blood plasma	not available	not available	not available	not available	not available	1	cell	not available	not available	run54	proteomic profiling by mass spectrometry	v1.1.0	NT=ms-proteomics;VV=v1.1.0	NT=Data-Dependent Acquisition;AC=PRIDE:0000627	2	AP051118_Gurjeet_Hu14_LA_PAGE_BinosTrial_6.raw	ftp://ftp.pride.ebi.ac.uk/pride/data/archive/2021/02/PXD022469/AP051118_Gurjeet_Hu14_LA_PAGE_BinosTrial_6.raw	6	NT=label free sample;AC=MS:1002038	NT=Q Exactive HF;AC=MS:1002523	NT=Trypsin;AC=MS:1001251	NT=Carbamidomethyl;MT=Fixed;TA=C;AC=UNIMOD:4	NT=Acetyl;MT=Variable;TA=N-term;AC=UNIMOD:1	NT=Oxidation;MT=Variable;TA=M;AC=UNIMOD:35	NT=Glu->pyro-Glu;MT=Variable;TA=E;AC=UNIMOD:27	NT=Gln->pyro-Glu;MT=Variable;TA=Q;AC=UNIMOD:28	not available	5 ppm	0.07 Da	Blood plasma
PXD022469-sample-55	Homo sapiens	Blood plasma	not available	not available	not available	not available	not available	1	cell	not available	not available	run55	proteomic profiling by mass spectrometry	v1.1.0	NT=ms-proteomics;VV=v1.1.0	NT=Data-Dependent Acquisition;AC=PRIDE:0000627	2	AP051118_Gurjeet_Hu14_LA_PAGE_BinosTrial_7.raw	ftp://ftp.pride.ebi.ac.uk/pride/data/archive/2021/02/PXD022469/AP051118_Gurjeet_Hu14_LA_PAGE_BinosTrial_7.raw	7	NT=label free sample;AC=MS:1002038	NT=Q Exactive HF;AC=MS:1002523	NT=Trypsin;AC=MS:1001251	NT=Carbamidomethyl;MT=Fixed;TA=C;AC=UNIMOD:4	NT=Acetyl;MT=Variable;TA=N-term;AC=UNIMOD:1	NT=Oxidation;MT=Variable;TA=M;AC=UNIMOD:35	NT=Glu->pyro-Glu;MT=Variable;TA=E;AC=UNIMOD:27	NT=Gln->pyro-Glu;MT=Variable;TA=Q;AC=UNIMOD:28	not available	5 ppm	0.07 Da	Blood plasma
PXD022469-sample-56	Homo sapiens	Blood plasma	not available	not available	not available	not available	not available	1	cell	not available	not available	run56	proteomic profiling by mass spectrometry	v1.1.0	NT=ms-proteomics;VV=v1.1.0	NT=Data-Dependent Acquisition;AC=PRIDE:0000627	2	AP051118_Gurjeet_Hu14_LA_PAGE_BinosTrial_8.raw	ftp://ftp.pride.ebi.ac.uk/pride/data/archive/2021/02/PXD022469/AP051118_Gurjeet_Hu14_LA_PAGE_BinosTrial_8.raw	8	NT=label free sample;AC=MS:1002038	NT=Q Exactive HF;AC=MS:1002523	NT=Trypsin;AC=MS:1001251	NT=Carbamidomethyl;MT=Fixed;TA=C;AC=UNIMOD:4	NT=Acetyl;MT=Variable;TA=N-term;AC=UNIMOD:1	NT=Oxidation;MT=Variable;TA=M;AC=UNIMOD:35	NT=Glu->pyro-Glu;MT=Variable;TA=E;AC=UNIMOD:27	NT=Gln->pyro-Glu;MT=Variable;TA=Q;AC=UNIMOD:28	not available	5 ppm	0.07 Da	Blood plasma
PXD022469-sample-57	Homo sapiens	Blood plasma	not available	not available	not available	not available	not available	1	cell	not available	not available	run57	proteomic profiling by mass spectrometry	v1.1.0	NT=ms-proteomics;VV=v1.1.0	NT=Data-Dependent Acquisition;AC=PRIDE:0000627	2	AP051118_Gurjeet_Hu14_LA_PAGE_BinosTrial_9.raw	ftp://ftp.pride.ebi.ac.uk/pride/data/archive/2021/02/PXD022469/AP051118_Gurjeet_Hu14_LA_PAGE_BinosTrial_9.raw	9	NT=label free sample;AC=MS:1002038	NT=Q Exactive HF;AC=MS:1002523	NT=Trypsin;AC=MS:1001251	NT=Carbamidomethyl;MT=Fixed;TA=C;AC=UNIMOD:4	NT=Acetyl;MT=Variable;TA=N-term;AC=UNIMOD:1	NT=Oxidation;MT=Variable;TA=M;AC=UNIMOD:35	NT=Glu->pyro-Glu;MT=Variable;TA=E;AC=UNIMOD:27	NT=Gln->pyro-Glu;MT=Variable;TA=Q;AC=UNIMOD:28	not available	5 ppm	0.07 Da	Blood plasma
PXD022469-sample-58	Homo sapiens	Blood plasma	not available	not available	not available	not available	not available	1	cell	not available	not available	run58	proteomic profiling by mass spectrometry	v1.1.0	NT=ms-proteomics;VV=v1.1.0	NT=Data-Dependent Acquisition;AC=PRIDE:0000627	2	AP051118_Gurjeet_Hu14_LA_PAGE_BinosTrial_10.raw	ftp://ftp.pride.ebi.ac.uk/pride/data/archive/2021/02/PXD022469/AP051118_Gurjeet_Hu14_LA_PAGE_BinosTrial_10.raw	10	NT=label free sample;AC=MS:1002038	NT=Q Exactive HF;AC=MS:1002523	NT=Trypsin;AC=MS:1001251	NT=Carbamidomethyl;MT=Fixed;TA=C;AC=UNIMOD:4	NT=Acetyl;MT=Variable;TA=N-term;AC=UNIMOD:1	NT=Oxidation;MT=Variable;TA=M;AC=UNIMOD:35	NT=Glu->pyro-Glu;MT=Variable;TA=E;AC=UNIMOD:27	NT=Gln->pyro-Glu;MT=Variable;TA=Q;AC=UNIMOD:28	not available	5 ppm	0.07 Da	Blood plasma
PXD022469-sample-59	Homo sapiens	Blood plasma	not available	not available	not available	not available	not available	1	cell	not available	not available	run59	proteomic profiling by mass spectrometry	v1.1.0	NT=ms-proteomics;VV=v1.1.0	NT=Data-Dependent Acquisition;AC=PRIDE:0000627	2	AP051118_Gurjeet_Hu14_LA_PAGE_BinosTrial_11.raw	ftp://ftp.pride.ebi.ac.uk/pride/data/archive/2021/02/PXD022469/AP051118_Gurjeet_Hu14_LA_PAGE_BinosTrial_11.raw	11	NT=label free sample;AC=MS:1002038	NT=Q Exactive HF;AC=MS:1002523	NT=Trypsin;AC=MS:1001251	NT=Carbamidomethyl;MT=Fixed;TA=C;AC=UNIMOD:4	NT=Acetyl;MT=Variable;TA=N-term;AC=UNIMOD:1	NT=Oxidation;MT=Variable;TA=M;AC=UNIMOD:35	NT=Glu->pyro-Glu;MT=Variable;TA=E;AC=UNIMOD:27	NT=Gln->pyro-Glu;MT=Variable;TA=Q;AC=UNIMOD:28	not available	5 ppm	0.07 Da	Blood plasma
PXD022469-sample-60	Homo sapiens	Blood plasma	not available	not available	not available	not available	not available	1	cell	not available	not available	run60	proteomic profiling by mass spectrometry	v1.1.0	NT=ms-proteomics;VV=v1.1.0	NT=Data-Dependent Acquisition;AC=PRIDE:0000627	2	AP051118_Gurjeet_Hu14_LA_PAGE_BinosTrial_12.raw	ftp://ftp.pride.ebi.ac.uk/pride/data/archive/2021/02/PXD022469/AP051118_Gurjeet_Hu14_LA_PAGE_BinosTrial_12.raw	12	NT=label free sample;AC=MS:1002038	NT=Q Exactive HF;AC=MS:1002523	NT=Trypsin;AC=MS:1001251	NT=Carbamidomethyl;MT=Fixed;TA=C;AC=UNIMOD:4	NT=Acetyl;MT=Variable;TA=N-term;AC=UNIMOD:1	NT=Oxidation;MT=Variable;TA=M;AC=UNIMOD:35	NT=Glu->pyro-Glu;MT=Variable;TA=E;AC=UNIMOD:27	NT=Gln->pyro-Glu;MT=Variable;TA=Q;AC=UNIMOD:28	not available	5 ppm	0.07 Da	Blood plasma
PXD022469-sample-61	Homo sapiens	Blood plasma	not available	not available	not available	not available	not available	1	cell	not available	not available	run61	proteomic profiling by mass spectrometry	v1.1.0	NT=ms-proteomics;VV=v1.1.0	NT=Data-Dependent Acquisition;AC=PRIDE:0000627	2	AP051118_Gurjeet_Hu14_LA_PAGE_BinosTrial_13.raw	ftp://ftp.pride.ebi.ac.uk/pride/data/archive/2021/02/PXD022469/AP051118_Gurjeet_Hu14_LA_PAGE_BinosTrial_13.raw	13	NT=label free sample;AC=MS:1002038	NT=Q Exactive HF;AC=MS:1002523	NT=Trypsin;AC=MS:1001251	NT=Carbamidomethyl;MT=Fixed;TA=C;AC=UNIMOD:4	NT=Acetyl;MT=Variable;TA=N-term;AC=UNIMOD:1	NT=Oxidation;MT=Variable;TA=M;AC=UNIMOD:35	NT=Glu->pyro-Glu;MT=Variable;TA=E;AC=UNIMOD:27	NT=Gln->pyro-Glu;MT=Variable;TA=Q;AC=UNIMOD:28	not available	5 ppm	0.07 Da	Blood plasma
PXD022469-sample-62	Homo sapiens	Blood plasma	not available	not available	not available	not available	not available	1	cell	not available	not available	run62	proteomic profiling by mass spectrometry	v1.1.0	NT=ms-proteomics;VV=v1.1.0	NT=Data-Dependent Acquisition;AC=PRIDE:0000627	2	AP051118_Gurjeet_Hu14_LA_PAGE_BinosTrial_14.raw	ftp://ftp.pride.ebi.ac.uk/pride/data/archive/2021/02/PXD022469/AP051118_Gurjeet_Hu14_LA_PAGE_BinosTrial_14.raw	14	NT=label free sample;AC=MS:1002038	NT=Q Exactive HF;AC=MS:1002523	NT=Trypsin;AC=MS:1001251	NT=Carbamidomethyl;MT=Fixed;TA=C;AC=UNIMOD:4	NT=Acetyl;MT=Variable;TA=N-term;AC=UNIMOD:1	NT=Oxidation;MT=Variable;TA=M;AC=UNIMOD:35	NT=Glu->pyro-Glu;MT=Variable;TA=E;AC=UNIMOD:27	NT=Gln->pyro-Glu;MT=Variable;TA=Q;AC=UNIMOD:28	not available	5 ppm	0.07 Da	Blood plasma
PXD022469-sample-63	Homo sapiens	Blood plasma	not available	not available	not available	not available	not available	1	cell	not available	not available	run63	proteomic profiling by mass spectrometry	v1.1.0	NT=ms-proteomics;VV=v1.1.0	NT=Data-Dependent Acquisition;AC=PRIDE:0000627	2	AP051118_Gurjeet_Hu14_LA_PAGE_BinosTrial_15.raw	ftp://ftp.pride.ebi.ac.uk/pride/data/archive/2021/02/PXD022469/AP051118_Gurjeet_Hu14_LA_PAGE_BinosTrial_15.raw	15	NT=label free sample;AC=MS:1002038	NT=Q Exactive HF;AC=MS:1002523	NT=Trypsin;AC=MS:1001251	NT=Carbamidomethyl;MT=Fixed;TA=C;AC=UNIMOD:4	NT=Acetyl;MT=Variable;TA=N-term;AC=UNIMOD:1	NT=Oxidation;MT=Variable;TA=M;AC=UNIMOD:35	NT=Glu->pyro-Glu;MT=Variable;TA=E;AC=UNIMOD:27	NT=Gln->pyro-Glu;MT=Variable;TA=Q;AC=UNIMOD:28	not available	5 ppm	0.07 Da	Blood plasma
PXD022469-sample-64	Homo sapiens	Blood plasma	not available	not available	not available	not available	not available	1	cell	not available	not available	run64	proteomic profiling by mass spectrometry	v1.1.0	NT=ms-proteomics;VV=v1.1.0	NT=Data-Dependent Acquisition;AC=PRIDE:0000627	2	AP051118_Gurjeet_Hu14_LA_PAGE_BinosTrial_16.raw	ftp://ftp.pride.ebi.ac.uk/pride/data/archive/2021/02/PXD022469/AP051118_Gurjeet_Hu14_LA_PAGE_BinosTrial_16.raw	16	NT=label free sample;AC=MS:1002038	NT=Q Exactive HF;AC=MS:1002523	NT=Trypsin;AC=MS:1001251	NT=Carbamidomethyl;MT=Fixed;TA=C;AC=UNIMOD:4	NT=Acetyl;MT=Variable;TA=N-term;AC=UNIMOD:1	NT=Oxidation;MT=Variable;TA=M;AC=UNIMOD:35	NT=Glu->pyro-Glu;MT=Variable;TA=E;AC=UNIMOD:27	NT=Gln->pyro-Glu;MT=Variable;TA=Q;AC=UNIMOD:28	not available	5 ppm	0.07 Da	Blood plasma
PXD022469-sample-65	Homo sapiens	Blood plasma	not available	not available	not available	not available	not available	1	cell	not available	not available	run65	proteomic profiling by mass spectrometry	v1.1.0	NT=ms-proteomics;VV=v1.1.0	NT=Data-Dependent Acquisition;AC=PRIDE:0000627	2	AP051118_Gurjeet_Hu14_LA_PAGE_BinosTrial_17.raw	ftp://ftp.pride.ebi.ac.uk/pride/data/archive/2021/02/PXD022469/AP051118_Gurjeet_Hu14_LA_PAGE_BinosTrial_17.raw	17	NT=label free sample;AC=MS:1002038	NT=Q Exactive HF;AC=MS:1002523	NT=Trypsin;AC=MS:1001251	NT=Carbamidomethyl;MT=Fixed;TA=C;AC=UNIMOD:4	NT=Acetyl;MT=Variable;TA=N-term;AC=UNIMOD:1	NT=Oxidation;MT=Variable;TA=M;AC=UNIMOD:35	NT=Glu->pyro-Glu;MT=Variable;TA=E;AC=UNIMOD:27	NT=Gln->pyro-Glu;MT=Variable;TA=Q;AC=UNIMOD:28	not available	5 ppm	0.07 Da	Blood plasma
PXD022469-sample-66	Homo sapiens	Blood plasma	not available	not available	not available	not available	not available	1	cell	not available	not available	run66	proteomic profiling by mass spectrometry	v1.1.0	NT=ms-proteomics;VV=v1.1.0	NT=Data-Dependent Acquisition;AC=PRIDE:0000627	2	AP051118_Gurjeet_Hu14_LA_PAGE_BinosTrial_18.raw	ftp://ftp.pride.ebi.ac.uk/pride/data/archive/2021/02/PXD022469/AP051118_Gurjeet_Hu14_LA_PAGE_BinosTrial_18.raw	18	NT=label free sample;AC=MS:1002038	NT=Q Exactive HF;AC=MS:1002523	NT=Trypsin;AC=MS:1001251	NT=Carbamidomethyl;MT=Fixed;TA=C;AC=UNIMOD:4	NT=Acetyl;MT=Variable;TA=N-term;AC=UNIMOD:1	NT=Oxidation;MT=Variable;TA=M;AC=UNIMOD:35	NT=Glu->pyro-Glu;MT=Variable;TA=E;AC=UNIMOD:27	NT=Gln->pyro-Glu;MT=Variable;TA=Q;AC=UNIMOD:28	not available	5 ppm	0.07 Da	Blood plasma
PXD022469-sample-67	Homo sapiens	Blood plasma	not available	not available	not available	not available	not available	1	cell	not available	not available	run67	proteomic profiling by mass spectrometry	v1.1.0	NT=ms-proteomics;VV=v1.1.0	NT=Data-Dependent Acquisition;AC=PRIDE:0000627	2	AP051118_Gurjeet_Hu14_LA_PAGE_BinosTrial_19.raw	ftp://ftp.pride.ebi.ac.uk/pride/data/archive/2021/02/PXD022469/AP051118_Gurjeet_Hu14_LA_PAGE_BinosTrial_19.raw	19	NT=label free sample;AC=MS:1002038	NT=Q Exactive HF;AC=MS:1002523	NT=Trypsin;AC=MS:1001251	NT=Carbamidomethyl;MT=Fixed;TA=C;AC=UNIMOD:4	NT=Acetyl;MT=Variable;TA=N-term;AC=UNIMOD:1	NT=Oxidation;MT=Variable;TA=M;AC=UNIMOD:35	NT=Glu->pyro-Glu;MT=Variable;TA=E;AC=UNIMOD:27	NT=Gln->pyro-Glu;MT=Variable;TA=Q;AC=UNIMOD:28	not available	5 ppm	0.07 Da	Blood plasma
PXD022469-sample-68	Homo sapiens	Blood plasma	not available	not available	not available	not available	not available	1	cell	not available	not available	run68	proteomic profiling by mass spectrometry	v1.1.0	NT=ms-proteomics;VV=v1.1.0	NT=Data-Dependent Acquisition;AC=PRIDE:0000627	2	AP051118_Gurjeet_Hu14_LA_PAGE_BinosTrial_20.raw	ftp://ftp.pride.ebi.ac.uk/pride/data/archive/2021/02/PXD022469/AP051118_Gurjeet_Hu14_LA_PAGE_BinosTrial_20.raw	20	NT=label free sample;AC=MS:1002038	NT=Q Exactive HF;AC=MS:1002523	NT=Trypsin;AC=MS:1001251	NT=Carbamidomethyl;MT=Fixed;TA=C;AC=UNIMOD:4	NT=Acetyl;MT=Variable;TA=N-term;AC=UNIMOD:1	NT=Oxidation;MT=Variable;TA=M;AC=UNIMOD:35	NT=Glu->pyro-Glu;MT=Variable;TA=E;AC=UNIMOD:27	NT=Gln->pyro-Glu;MT=Variable;TA=Q;AC=UNIMOD:28	not available	5 ppm	0.07 Da	Blood plasma
PXD022469-sample-69	Homo sapiens	Blood plasma	not available	not available	not available	not available	not available	1	cell	not available	not available	run69	proteomic profiling by mass spectrometry	v1.1.0	NT=ms-proteomics;VV=v1.1.0	NT=Data-Dependent Acquisition;AC=PRIDE:0000627	2	AP051118_Gurjeet_Hu14_LA_PAGE_BinosTrial_21.raw	ftp://ftp.pride.ebi.ac.uk/pride/data/archive/2021/02/PXD022469/AP051118_Gurjeet_Hu14_LA_PAGE_BinosTrial_21.raw	21	NT=label free sample;AC=MS:1002038	NT=Q Exactive HF;AC=MS:1002523	NT=Trypsin;AC=MS:1001251	NT=Carbamidomethyl;MT=Fixed;TA=C;AC=UNIMOD:4	NT=Acetyl;MT=Variable;TA=N-term;AC=UNIMOD:1	NT=Oxidation;MT=Variable;TA=M;AC=UNIMOD:35	NT=Glu->pyro-Glu;MT=Variable;TA=E;AC=UNIMOD:27	NT=Gln->pyro-Glu;MT=Variable;TA=Q;AC=UNIMOD:28	not available	5 ppm	0.07 Da	Blood plasma
PXD022469-sample-70	Homo sapiens	Blood plasma	not available	not available	not available	not available	not available	1	cell	not available	not available	run70	proteomic profiling by mass spectrometry	v1.1.0	NT=ms-proteomics;VV=v1.1.0	NT=Data-Dependent Acquisition;AC=PRIDE:0000627	2	AP051118_Gurjeet_Hu14_LA_PAGE_BinosTrial_22.raw	ftp://ftp.pride.ebi.ac.uk/pride/data/archive/2021/02/PXD022469/AP051118_Gurjeet_Hu14_LA_PAGE_BinosTrial_22.raw	22	NT=label free sample;AC=MS:1002038	NT=Q Exactive HF;AC=MS:1002523	NT=Trypsin;AC=MS:1001251	NT=Carbamidomethyl;MT=Fixed;TA=C;AC=UNIMOD:4	NT=Acetyl;MT=Variable;TA=N-term;AC=UNIMOD:1	NT=Oxidation;MT=Variable;TA=M;AC=UNIMOD:35	NT=Glu->pyro-Glu;MT=Variable;TA=E;AC=UNIMOD:27	NT=Gln->pyro-Glu;MT=Variable;TA=Q;AC=UNIMOD:28	not available	5 ppm	0.07 Da	Blood plasma
PXD022469-sample-71	Homo sapiens	Blood plasma	not available	not available	not available	not available	not available	1	cell	not available	not available	run71	proteomic profiling by mass spectrometry	v1.1.0	NT=ms-proteomics;VV=v1.1.0	NT=Data-Dependent Acquisition;AC=PRIDE:0000627	2	AP051118_Gurjeet_Hu14_LA_PAGE_BinosTrial_23.raw	ftp://ftp.pride.ebi.ac.uk/pride/data/archive/2021/02/PXD022469/AP051118_Gurjeet_Hu14_LA_PAGE_BinosTrial_23.raw	23	NT=label free sample;AC=MS:1002038	NT=Q Exactive HF;AC=MS:1002523	NT=Trypsin;AC=MS:1001251	NT=Carbamidomethyl;MT=Fixed;TA=C;AC=UNIMOD:4	NT=Acetyl;MT=Variable;TA=N-term;AC=UNIMOD:1	NT=Oxidation;MT=Variable;TA=M;AC=UNIMOD:35	NT=Glu->pyro-Glu;MT=Variable;TA=E;AC=UNIMOD:27	NT=Gln->pyro-Glu;MT=Variable;TA=Q;AC=UNIMOD:28	not available	5 ppm	0.07 Da	Blood plasma
PXD022469-sample-72	Homo sapiens	Blood plasma	not available	not available	not available	not available	not available	1	cell	not available	not available	run72	proteomic profiling by mass spectrometry	v1.1.0	NT=ms-proteomics;VV=v1.1.0	NT=Data-Dependent Acquisition;AC=PRIDE:0000627	2	AP051118_Gurjeet_Hu14_LA_PAGE_BinosTrial_24.raw	ftp://ftp.pride.ebi.ac.uk/pride/data/archive/2021/02/PXD022469/AP051118_Gurjeet_Hu14_LA_PAGE_BinosTrial_24.raw	24	NT=label free sample;AC=MS:1002038	NT=Q Exactive HF;AC=MS:1002523	NT=Trypsin;AC=MS:1001251	NT=Carbamidomethyl;MT=Fixed;TA=C;AC=UNIMOD:4	NT=Acetyl;MT=Variable;TA=N-term;AC=UNIMOD:1	NT=Oxidation;MT=Variable;TA=M;AC=UNIMOD:35	NT=Glu->pyro-Glu;MT=Variable;TA=E;AC=UNIMOD:27	NT=Gln->pyro-Glu;MT=Variable;TA=Q;AC=UNIMOD:28	not available	5 ppm	0.07 Da	Blood plasma
PXD022469-sample-73	Homo sapiens	Blood plasma	not available	not available	not available	not available	not available	1	cell	not available	not available	run73	proteomic profiling by mass spectrometry	v1.1.0	NT=ms-proteomics;VV=v1.1.0	NT=Data-Dependent Acquisition;AC=PRIDE:0000627	2	AP051218_Gurjeet_LA_Hu14_C18_Binos_1.raw	ftp://ftp.pride.ebi.ac.uk/pride/data/archive/2021/02/PXD022469/AP051218_Gurjeet_LA_Hu14_C18_Binos_1.raw	1	NT=label free sample;AC=MS:1002038	NT=Q Exactive HF;AC=MS:1002523	NT=Trypsin;AC=MS:1001251	NT=Carbamidomethyl;MT=Fixed;TA=C;AC=UNIMOD:4	NT=Acetyl;MT=Variable;TA=N-term;AC=UNIMOD:1	NT=Oxidation;MT=Variable;TA=M;AC=UNIMOD:35	NT=Glu->pyro-Glu;MT=Variable;TA=E;AC=UNIMOD:27	NT=Gln->pyro-Glu;MT=Variable;TA=Q;AC=UNIMOD:28	not available	5 ppm	0.07 Da	Blood plasma
PXD022469-sample-74	Homo sapiens	Blood plasma	not available	not available	not available	not available	not available	1	cell	not available	not available	run74	proteomic profiling by mass spectrometry	v1.1.0	NT=ms-proteomics;VV=v1.1.0	NT=Data-Dependent Acquisition;AC=PRIDE:0000627	2	AP051218_Gurjeet_LA_Hu14_C18_Binos_2.raw	ftp://ftp.pride.ebi.ac.uk/pride/data/archive/2021/02/PXD022469/AP051218_Gurjeet_LA_Hu14_C18_Binos_2.raw	2	NT=label free sample;AC=MS:1002038	NT=Q Exactive HF;AC=MS:1002523	NT=Trypsin;AC=MS:1001251	NT=Carbamidomethyl;MT=Fixed;TA=C;AC=UNIMOD:4	NT=Acetyl;MT=Variable;TA=N-term;AC=UNIMOD:1	NT=Oxidation;MT=Variable;TA=M;AC=UNIMOD:35	NT=Glu->pyro-Glu;MT=Variable;TA=E;AC=UNIMOD:27	NT=Gln->pyro-Glu;MT=Variable;TA=Q;AC=UNIMOD:28	not available	5 ppm	0.07 Da	Blood plasma
PXD022469-sample-75	Homo sapiens	Blood plasma	not available	not available	not available	not available	not available	1	cell	not available	not available	run75	proteomic profiling by mass spectrometry	v1.1.0	NT=ms-proteomics;VV=v1.1.0	NT=Data-Dependent Acquisition;AC=PRIDE:0000627	2	AP051218_Gurjeet_LA_Hu14_C18_Binos_3.raw	ftp://ftp.pride.ebi.ac.uk/pride/data/archive/2021/02/PXD022469/AP051218_Gurjeet_LA_Hu14_C18_Binos_3.raw	3	NT=label free sample;AC=MS:1002038	NT=Q Exactive HF;AC=MS:1002523	NT=Trypsin;AC=MS:1001251	NT=Carbamidomethyl;MT=Fixed;TA=C;AC=UNIMOD:4	NT=Acetyl;MT=Variable;TA=N-term;AC=UNIMOD:1	NT=Oxidation;MT=Variable;TA=M;AC=UNIMOD:35	NT=Glu->pyro-Glu;MT=Variable;TA=E;AC=UNIMOD:27	NT=Gln->pyro-Glu;MT=Variable;TA=Q;AC=UNIMOD:28	not available	5 ppm	0.07 Da	Blood plasma
PXD022469-sample-76	Homo sapiens	Blood plasma	not available	not available	not available	not available	not available	1	cell	not available	not available	run76	proteomic profiling by mass spectrometry	v1.1.0	NT=ms-proteomics;VV=v1.1.0	NT=Data-Dependent Acquisition;AC=PRIDE:0000627	2	AP051218_Gurjeet_LA_Hu14_C18_Binos_4.raw	ftp://ftp.pride.ebi.ac.uk/pride/data/archive/2021/02/PXD022469/AP051218_Gurjeet_LA_Hu14_C18_Binos_4.raw	4	NT=label free sample;AC=MS:1002038	NT=Q Exactive HF;AC=MS:1002523	NT=Trypsin;AC=MS:1001251	NT=Carbamidomethyl;MT=Fixed;TA=C;AC=UNIMOD:4	NT=Acetyl;MT=Variable;TA=N-term;AC=UNIMOD:1	NT=Oxidation;MT=Variable;TA=M;AC=UNIMOD:35	NT=Glu->pyro-Glu;MT=Variable;TA=E;AC=UNIMOD:27	NT=Gln->pyro-Glu;MT=Variable;TA=Q;AC=UNIMOD:28	not available	5 ppm	0.07 Da	Blood plasma
PXD022469-sample-77	Homo sapiens	Blood plasma	not available	not available	not available	not available	not available	1	cell	not available	not available	run77	proteomic profiling by mass spectrometry	v1.1.0	NT=ms-proteomics;VV=v1.1.0	NT=Data-Dependent Acquisition;AC=PRIDE:0000627	2	AP051218_Gurjeet_LA_Hu14_C18_Binos_5.raw	ftp://ftp.pride.ebi.ac.uk/pride/data/archive/2021/02/PXD022469/AP051218_Gurjeet_LA_Hu14_C18_Binos_5.raw	5	NT=label free sample;AC=MS:1002038	NT=Q Exactive HF;AC=MS:1002523	NT=Trypsin;AC=MS:1001251	NT=Carbamidomethyl;MT=Fixed;TA=C;AC=UNIMOD:4	NT=Acetyl;MT=Variable;TA=N-term;AC=UNIMOD:1	NT=Oxidation;MT=Variable;TA=M;AC=UNIMOD:35	NT=Glu->pyro-Glu;MT=Variable;TA=E;AC=UNIMOD:27	NT=Gln->pyro-Glu;MT=Variable;TA=Q;AC=UNIMOD:28	not available	5 ppm	0.07 Da	Blood plasma
PXD022469-sample-78	Homo sapiens	Blood plasma	not available	not available	not available	not available	not available	1	cell	not available	not available	run78	proteomic profiling by mass spectrometry	v1.1.0	NT=ms-proteomics;VV=v1.1.0	NT=Data-Dependent Acquisition;AC=PRIDE:0000627	2	AP051218_Gurjeet_LA_Hu14_C18_Binos_6.raw	ftp://ftp.pride.ebi.ac.uk/pride/data/archive/2021/02/PXD022469/AP051218_Gurjeet_LA_Hu14_C18_Binos_6.raw	6	NT=label free sample;AC=MS:1002038	NT=Q Exactive HF;AC=MS:1002523	NT=Trypsin;AC=MS:1001251	NT=Carbamidomethyl;MT=Fixed;TA=C;AC=UNIMOD:4	NT=Acetyl;MT=Variable;TA=N-term;AC=UNIMOD:1	NT=Oxidation;MT=Variable;TA=M;AC=UNIMOD:35	NT=Glu->pyro-Glu;MT=Variable;TA=E;AC=UNIMOD:27	NT=Gln->pyro-Glu;MT=Variable;TA=Q;AC=UNIMOD:28	not available	5 ppm	0.07 Da	Blood plasma
PXD022469-sample-79	Homo sapiens	Blood plasma	not available	not available	not available	not available	not available	1	cell	not available	not available	run79	proteomic profiling by mass spectrometry	v1.1.0	NT=ms-proteomics;VV=v1.1.0	NT=Data-Dependent Acquisition;AC=PRIDE:0000627	2	AP051218_Gurjeet_LA_Hu14_C18_Binos_7.raw	ftp://ftp.pride.ebi.ac.uk/pride/data/archive/2021/02/PXD022469/AP051218_Gurjeet_LA_Hu14_C18_Binos_7.raw	7	NT=label free sample;AC=MS:1002038	NT=Q Exactive HF;AC=MS:1002523	NT=Trypsin;AC=MS:1001251	NT=Carbamidomethyl;MT=Fixed;TA=C;AC=UNIMOD:4	NT=Acetyl;MT=Variable;TA=N-term;AC=UNIMOD:1	NT=Oxidation;MT=Variable;TA=M;AC=UNIMOD:35	NT=Glu->pyro-Glu;MT=Variable;TA=E;AC=UNIMOD:27	NT=Gln->pyro-Glu;MT=Variable;TA=Q;AC=UNIMOD:28	not available	5 ppm	0.07 Da	Blood plasma
PXD022469-sample-80	Homo sapiens	Blood plasma	not available	not available	not available	not available	not available	1	cell	not available	not available	run80	proteomic profiling by mass spectrometry	v1.1.0	NT=ms-proteomics;VV=v1.1.0	NT=Data-Dependent Acquisition;AC=PRIDE:0000627	2	AP051218_Gurjeet_LA_Hu14_C18_Binos_8.raw	ftp://ftp.pride.ebi.ac.uk/pride/data/archive/2021/02/PXD022469/AP051218_Gurjeet_LA_Hu14_C18_Binos_8.raw	8	NT=label free sample;AC=MS:1002038	NT=Q Exactive HF;AC=MS:1002523	NT=Trypsin;AC=MS:1001251	NT=Carbamidomethyl;MT=Fixed;TA=C;AC=UNIMOD:4	NT=Acetyl;MT=Variable;TA=N-term;AC=UNIMOD:1	NT=Oxidation;MT=Variable;TA=M;AC=UNIMOD:35	NT=Glu->pyro-Glu;MT=Variable;TA=E;AC=UNIMOD:27	NT=Gln->pyro-Glu;MT=Variable;TA=Q;AC=UNIMOD:28	not available	5 ppm	0.07 Da	Blood plasma
PXD022469-sample-81	Homo sapiens	Blood plasma	not available	not available	not available	not available	not available	1	cell	not available	not available	run81	proteomic profiling by mass spectrometry	v1.1.0	NT=ms-proteomics;VV=v1.1.0	NT=Data-Dependent Acquisition;AC=PRIDE:0000627	2	AP051218_Gurjeet_LA_Hu14_C18_Binos_9.raw	ftp://ftp.pride.ebi.ac.uk/pride/data/archive/2021/02/PXD022469/AP051218_Gurjeet_LA_Hu14_C18_Binos_9.raw	9	NT=label free sample;AC=MS:1002038	NT=Q Exactive HF;AC=MS:1002523	NT=Trypsin;AC=MS:1001251	NT=Carbamidomethyl;MT=Fixed;TA=C;AC=UNIMOD:4	NT=Acetyl;MT=Variable;TA=N-term;AC=UNIMOD:1	NT=Oxidation;MT=Variable;TA=M;AC=UNIMOD:35	NT=Glu->pyro-Glu;MT=Variable;TA=E;AC=UNIMOD:27	NT=Gln->pyro-Glu;MT=Variable;TA=Q;AC=UNIMOD:28	not available	5 ppm	0.07 Da	Blood plasma
PXD022469-sample-82	Homo sapiens	Blood plasma	not available	not available	not available	not available	not available	1	cell	not available	not available	run82	proteomic profiling by mass spectrometry	v1.1.0	NT=ms-proteomics;VV=v1.1.0	NT=Data-Dependent Acquisition;AC=PRIDE:0000627	2	AP051218_Gurjeet_LA_Hu14_C18_Binos_10.raw	ftp://ftp.pride.ebi.ac.uk/pride/data/archive/2021/02/PXD022469/AP051218_Gurjeet_LA_Hu14_C18_Binos_10.raw	10	NT=label free sample;AC=MS:1002038	NT=Q Exactive HF;AC=MS:1002523	NT=Trypsin;AC=MS:1001251	NT=Carbamidomethyl;MT=Fixed;TA=C;AC=UNIMOD:4	NT=Acetyl;MT=Variable;TA=N-term;AC=UNIMOD:1	NT=Oxidation;MT=Variable;TA=M;AC=UNIMOD:35	NT=Glu->pyro-Glu;MT=Variable;TA=E;AC=UNIMOD:27	NT=Gln->pyro-Glu;MT=Variable;TA=Q;AC=UNIMOD:28	not available	5 ppm	0.07 Da	Blood plasma
PXD022469-sample-83	Homo sapiens	Blood plasma	not available	not available	not available	not available	not available	1	cell	not available	not available	run83	proteomic profiling by mass spectrometry	v1.1.0	NT=ms-proteomics;VV=v1.1.0	NT=Data-Dependent Acquisition;AC=PRIDE:0000627	2	AP051218_Gurjeet_LA_Hu14_C18_Binos_11.raw	ftp://ftp.pride.ebi.ac.uk/pride/data/archive/2021/02/PXD022469/AP051218_Gurjeet_LA_Hu14_C18_Binos_11.raw	11	NT=label free sample;AC=MS:1002038	NT=Q Exactive HF;AC=MS:1002523	NT=Trypsin;AC=MS:1001251	NT=Carbamidomethyl;MT=Fixed;TA=C;AC=UNIMOD:4	NT=Acetyl;MT=Variable;TA=N-term;AC=UNIMOD:1	NT=Oxidation;MT=Variable;TA=M;AC=UNIMOD:35	NT=Glu->pyro-Glu;MT=Variable;TA=E;AC=UNIMOD:27	NT=Gln->pyro-Glu;MT=Variable;TA=Q;AC=UNIMOD:28	not available	5 ppm	0.07 Da	Blood plasma
PXD022469-sample-84	Homo sapiens	Blood plasma	not available	not available	not available	not available	not available	1	cell	not available	not available	run84	proteomic profiling by mass spectrometry	v1.1.0	NT=ms-proteomics;VV=v1.1.0	NT=Data-Dependent Acquisition;AC=PRIDE:0000627	2	AP051218_Gurjeet_LA_Hu14_C18_Binos_12.raw	ftp://ftp.pride.ebi.ac.uk/pride/data/archive/2021/02/PXD022469/AP051218_Gurjeet_LA_Hu14_C18_Binos_12.raw	12	NT=label free sample;AC=MS:1002038	NT=Q Exactive HF;AC=MS:1002523	NT=Trypsin;AC=MS:1001251	NT=Carbamidomethyl;MT=Fixed;TA=C;AC=UNIMOD:4	NT=Acetyl;MT=Variable;TA=N-term;AC=UNIMOD:1	NT=Oxidation;MT=Variable;TA=M;AC=UNIMOD:35	NT=Glu->pyro-Glu;MT=Variable;TA=E;AC=UNIMOD:27	NT=Gln->pyro-Glu;MT=Variable;TA=Q;AC=UNIMOD:28	not available	5 ppm	0.07 Da	Blood plasma
PXD022469-sample-85	Homo sapiens	Blood plasma	not available	not available	not available	not available	not available	1	cell	not available	not available	run85	proteomic profiling by mass spectrometry	v1.1.0	NT=ms-proteomics;VV=v1.1.0	NT=Data-Dependent Acquisition;AC=PRIDE:0000627	2	AP051218_Gurjeet_LA_Hu14_C18_Binos_13.raw	ftp://ftp.pride.ebi.ac.uk/pride/data/archive/2021/02/PXD022469/AP051218_Gurjeet_LA_Hu14_C18_Binos_13.raw	13	NT=label free sample;AC=MS:1002038	NT=Q Exactive HF;AC=MS:1002523	NT=Trypsin;AC=MS:1001251	NT=Carbamidomethyl;MT=Fixed;TA=C;AC=UNIMOD:4	NT=Acetyl;MT=Variable;TA=N-term;AC=UNIMOD:1	NT=Oxidation;MT=Variable;TA=M;AC=UNIMOD:35	NT=Glu->pyro-Glu;MT=Variable;TA=E;AC=UNIMOD:27	NT=Gln->pyro-Glu;MT=Variable;TA=Q;AC=UNIMOD:28	not available	5 ppm	0.07 Da	Blood plasma
PXD022469-sample-86	Homo sapiens	Blood plasma	not available	not available	not available	not available	not available	1	cell	not available	not available	run86	proteomic profiling by mass spectrometry	v1.1.0	NT=ms-proteomics;VV=v1.1.0	NT=Data-Dependent Acquisition;AC=PRIDE:0000627	2	AP051218_Gurjeet_LA_Hu14_C18_Binos_14.raw	ftp://ftp.pride.ebi.ac.uk/pride/data/archive/2021/02/PXD022469/AP051218_Gurjeet_LA_Hu14_C18_Binos_14.raw	14	NT=label free sample;AC=MS:1002038	NT=Q Exactive HF;AC=MS:1002523	NT=Trypsin;AC=MS:1001251	NT=Carbamidomethyl;MT=Fixed;TA=C;AC=UNIMOD:4	NT=Acetyl;MT=Variable;TA=N-term;AC=UNIMOD:1	NT=Oxidation;MT=Variable;TA=M;AC=UNIMOD:35	NT=Glu->pyro-Glu;MT=Variable;TA=E;AC=UNIMOD:27	NT=Gln->pyro-Glu;MT=Variable;TA=Q;AC=UNIMOD:28	not available	5 ppm	0.07 Da	Blood plasma
PXD022469-sample-87	Homo sapiens	Blood plasma	not available	not available	not available	not available	not available	1	cell	not available	not available	run87	proteomic profiling by mass spectrometry	v1.1.0	NT=ms-proteomics;VV=v1.1.0	NT=Data-Dependent Acquisition;AC=PRIDE:0000627	2	AP051218_Gurjeet_LA_Hu14_C18_Binos_15.raw	ftp://ftp.pride.ebi.ac.uk/pride/data/archive/2021/02/PXD022469/AP051218_Gurjeet_LA_Hu14_C18_Binos_15.raw	15	NT=label free sample;AC=MS:1002038	NT=Q Exactive HF;AC=MS:1002523	NT=Trypsin;AC=MS:1001251	NT=Carbamidomethyl;MT=Fixed;TA=C;AC=UNIMOD:4	NT=Acetyl;MT=Variable;TA=N-term;AC=UNIMOD:1	NT=Oxidation;MT=Variable;TA=M;AC=UNIMOD:35	NT=Glu->pyro-Glu;MT=Variable;TA=E;AC=UNIMOD:27	NT=Gln->pyro-Glu;MT=Variable;TA=Q;AC=UNIMOD:28	not available	5 ppm	0.07 Da	Blood plasma
PXD022469-sample-88	Homo sapiens	Blood plasma	not available	not available	not available	not available	not available	1	cell	not available	not available	run88	proteomic profiling by mass spectrometry	v1.1.0	NT=ms-proteomics;VV=v1.1.0	NT=Data-Dependent Acquisition;AC=PRIDE:0000627	2	AP051218_Gurjeet_LA_Hu14_C18_Binos_16.raw	ftp://ftp.pride.ebi.ac.uk/pride/data/archive/2021/02/PXD022469/AP051218_Gurjeet_LA_Hu14_C18_Binos_16.raw	16	NT=label free sample;AC=MS:1002038	NT=Q Exactive HF;AC=MS:1002523	NT=Trypsin;AC=MS:1001251	NT=Carbamidomethyl;MT=Fixed;TA=C;AC=UNIMOD:4	NT=Acetyl;MT=Variable;TA=N-term;AC=UNIMOD:1	NT=Oxidation;MT=Variable;TA=M;AC=UNIMOD:35	NT=Glu->pyro-Glu;MT=Variable;TA=E;AC=UNIMOD:27	NT=Gln->pyro-Glu;MT=Variable;TA=Q;AC=UNIMOD:28	not available	5 ppm	0.07 Da	Blood plasma
PXD022469-sample-89	Homo sapiens	Blood plasma	not available	not available	not available	not available	not available	1	cell	not available	not available	run89	proteomic profiling by mass spectrometry	v1.1.0	NT=ms-proteomics;VV=v1.1.0	NT=Data-Dependent Acquisition;AC=PRIDE:0000627	2	AP051218_Gurjeet_LA_Hu14_C18_Binos_17.raw	ftp://ftp.pride.ebi.ac.uk/pride/data/archive/2021/02/PXD022469/AP051218_Gurjeet_LA_Hu14_C18_Binos_17.raw	17	NT=label free sample;AC=MS:1002038	NT=Q Exactive HF;AC=MS:1002523	NT=Trypsin;AC=MS:1001251	NT=Carbamidomethyl;MT=Fixed;TA=C;AC=UNIMOD:4	NT=Acetyl;MT=Variable;TA=N-term;AC=UNIMOD:1	NT=Oxidation;MT=Variable;TA=M;AC=UNIMOD:35	NT=Glu->pyro-Glu;MT=Variable;TA=E;AC=UNIMOD:27	NT=Gln->pyro-Glu;MT=Variable;TA=Q;AC=UNIMOD:28	not available	5 ppm	0.07 Da	Blood plasma
PXD022469-sample-90	Homo sapiens	Blood plasma	not available	not available	not available	not available	not available	1	cell	not available	not available	run90	proteomic profiling by mass spectrometry	v1.1.0	NT=ms-proteomics;VV=v1.1.0	NT=Data-Dependent Acquisition;AC=PRIDE:0000627	2	AP051218_Gurjeet_LA_Hu14_C18_Binos_18.raw	ftp://ftp.pride.ebi.ac.uk/pride/data/archive/2021/02/PXD022469/AP051218_Gurjeet_LA_Hu14_C18_Binos_18.raw	18	NT=label free sample;AC=MS:1002038	NT=Q Exactive HF;AC=MS:1002523	NT=Trypsin;AC=MS:1001251	NT=Carbamidomethyl;MT=Fixed;TA=C;AC=UNIMOD:4	NT=Acetyl;MT=Variable;TA=N-term;AC=UNIMOD:1	NT=Oxidation;MT=Variable;TA=M;AC=UNIMOD:35	NT=Glu->pyro-Glu;MT=Variable;TA=E;AC=UNIMOD:27	NT=Gln->pyro-Glu;MT=Variable;TA=Q;AC=UNIMOD:28	not available	5 ppm	0.07 Da	Blood plasma
PXD022469-sample-91	Homo sapiens	Blood plasma	not available	not available	not available	not available	not available	1	cell	not available	not available	run91	proteomic profiling by mass spectrometry	v1.1.0	NT=ms-proteomics;VV=v1.1.0	NT=Data-Dependent Acquisition;AC=PRIDE:0000627	2	AP051218_Gurjeet_LA_Hu14_C18_Binos_19.raw	ftp://ftp.pride.ebi.ac.uk/pride/data/archive/2021/02/PXD022469/AP051218_Gurjeet_LA_Hu14_C18_Binos_19.raw	19	NT=label free sample;AC=MS:1002038	NT=Q Exactive HF;AC=MS:1002523	NT=Trypsin;AC=MS:1001251	NT=Carbamidomethyl;MT=Fixed;TA=C;AC=UNIMOD:4	NT=Acetyl;MT=Variable;TA=N-term;AC=UNIMOD:1	NT=Oxidation;MT=Variable;TA=M;AC=UNIMOD:35	NT=Glu->pyro-Glu;MT=Variable;TA=E;AC=UNIMOD:27	NT=Gln->pyro-Glu;MT=Variable;TA=Q;AC=UNIMOD:28	not available	5 ppm	0.07 Da	Blood plasma
PXD022469-sample-92	Homo sapiens	Blood plasma	not available	not available	not available	not available	not available	1	cell	not available	not available	run92	proteomic profiling by mass spectrometry	v1.1.0	NT=ms-proteomics;VV=v1.1.0	NT=Data-Dependent Acquisition;AC=PRIDE:0000627	2	AP051218_Gurjeet_LA_Hu14_C18_Binos_20.raw	ftp://ftp.pride.ebi.ac.uk/pride/data/archive/2021/02/PXD022469/AP051218_Gurjeet_LA_Hu14_C18_Binos_20.raw	20	NT=label free sample;AC=MS:1002038	NT=Q Exactive HF;AC=MS:1002523	NT=Trypsin;AC=MS:1001251	NT=Carbamidomethyl;MT=Fixed;TA=C;AC=UNIMOD:4	NT=Acetyl;MT=Variable;TA=N-term;AC=UNIMOD:1	NT=Oxidation;MT=Variable;TA=M;AC=UNIMOD:35	NT=Glu->pyro-Glu;MT=Variable;TA=E;AC=UNIMOD:27	NT=Gln->pyro-Glu;MT=Variable;TA=Q;AC=UNIMOD:28	not available	5 ppm	0.07 Da	Blood plasma
PXD022469-sample-93	Homo sapiens	Blood plasma	not available	not available	not available	not available	not available	1	cell	not available	not available	run93	proteomic profiling by mass spectrometry	v1.1.0	NT=ms-proteomics;VV=v1.1.0	NT=Data-Dependent Acquisition;AC=PRIDE:0000627	2	AP051218_Gurjeet_LA_Hu14_C18_Binos_21.raw	ftp://ftp.pride.ebi.ac.uk/pride/data/archive/2021/02/PXD022469/AP051218_Gurjeet_LA_Hu14_C18_Binos_21.raw	21	NT=label free sample;AC=MS:1002038	NT=Q Exactive HF;AC=MS:1002523	NT=Trypsin;AC=MS:1001251	NT=Carbamidomethyl;MT=Fixed;TA=C;AC=UNIMOD:4	NT=Acetyl;MT=Variable;TA=N-term;AC=UNIMOD:1	NT=Oxidation;MT=Variable;TA=M;AC=UNIMOD:35	NT=Glu->pyro-Glu;MT=Variable;TA=E;AC=UNIMOD:27	NT=Gln->pyro-Glu;MT=Variable;TA=Q;AC=UNIMOD:28	not available	5 ppm	0.07 Da	Blood plasma
PXD022469-sample-94	Homo sapiens	Blood plasma	not available	not available	not available	not available	not available	1	cell	not available	not available	run94	proteomic profiling by mass spectrometry	v1.1.0	NT=ms-proteomics;VV=v1.1.0	NT=Data-Dependent Acquisition;AC=PRIDE:0000627	2	AP051218_Gurjeet_LA_Hu14_C18_Binos_22.raw	ftp://ftp.pride.ebi.ac.uk/pride/data/archive/2021/02/PXD022469/AP051218_Gurjeet_LA_Hu14_C18_Binos_22.raw	22	NT=label free sample;AC=MS:1002038	NT=Q Exactive HF;AC=MS:1002523	NT=Trypsin;AC=MS:1001251	NT=Carbamidomethyl;MT=Fixed;TA=C;AC=UNIMOD:4	NT=Acetyl;MT=Variable;TA=N-term;AC=UNIMOD:1	NT=Oxidation;MT=Variable;TA=M;AC=UNIMOD:35	NT=Glu->pyro-Glu;MT=Variable;TA=E;AC=UNIMOD:27	NT=Gln->pyro-Glu;MT=Variable;TA=Q;AC=UNIMOD:28	not available	5 ppm	0.07 Da	Blood plasma
PXD022469-sample-95	Homo sapiens	Blood plasma	not available	not available	not available	not available	not available	1	cell	not available	not available	run95	proteomic profiling by mass spectrometry	v1.1.0	NT=ms-proteomics;VV=v1.1.0	NT=Data-Dependent Acquisition;AC=PRIDE:0000627	2	AP051218_Gurjeet_LA_Hu14_C18_Binos_23.raw	ftp://ftp.pride.ebi.ac.uk/pride/data/archive/2021/02/PXD022469/AP051218_Gurjeet_LA_Hu14_C18_Binos_23.raw	23	NT=label free sample;AC=MS:1002038	NT=Q Exactive HF;AC=MS:1002523	NT=Trypsin;AC=MS:1001251	NT=Carbamidomethyl;MT=Fixed;TA=C;AC=UNIMOD:4	NT=Acetyl;MT=Variable;TA=N-term;AC=UNIMOD:1	NT=Oxidation;MT=Variable;TA=M;AC=UNIMOD:35	NT=Glu->pyro-Glu;MT=Variable;TA=E;AC=UNIMOD:27	NT=Gln->pyro-Glu;MT=Variable;TA=Q;AC=UNIMOD:28	not available	5 ppm	0.07 Da	Blood plasma
PXD022469-sample-96	Homo sapiens	Blood plasma	not available	not available	not available	not available	not available	1	cell	not available	not available	run96	proteomic profiling by mass spectrometry	v1.1.0	NT=ms-proteomics;VV=v1.1.0	NT=Data-Dependent Acquisition;AC=PRIDE:0000627	2	AP051218_Gurjeet_LA_Hu14_C18_Binos_24.raw	ftp://ftp.pride.ebi.ac.uk/pride/data/archive/2021/02/PXD022469/AP051218_Gurjeet_LA_Hu14_C18_Binos_24.raw	24	NT=label free sample;AC=MS:1002038	NT=Q Exactive HF;AC=MS:1002523	NT=Trypsin;AC=MS:1001251	NT=Carbamidomethyl;MT=Fixed;TA=C;AC=UNIMOD:4	NT=Acetyl;MT=Variable;TA=N-term;AC=UNIMOD:1	NT=Oxidation;MT=Variable;TA=M;AC=UNIMOD:35	NT=Glu->pyro-Glu;MT=Variable;TA=E;AC=UNIMOD:27	NT=Gln->pyro-Glu;MT=Variable;TA=Q;AC=UNIMOD:28	not available	5 ppm	0.07 Da	Blood plasma
PXD022469-sample-97	Homo sapiens	Blood plasma	not available	not available	not available	not available	not available	1	cell	not available	not available	run97	proteomic profiling by mass spectrometry	v1.1.0	NT=ms-proteomics;VV=v1.1.0	NT=Data-Dependent Acquisition;AC=PRIDE:0000627	2	AP251018_Gurjeet_LA_Hu6_1.raw	ftp://ftp.pride.ebi.ac.uk/pride/data/archive/2021/02/PXD022469/AP251018_Gurjeet_LA_Hu6_1.raw	1	NT=label free sample;AC=MS:1002038	NT=Q Exactive HF;AC=MS:1002523	NT=Trypsin;AC=MS:1001251	NT=Carbamidomethyl;MT=Fixed;TA=C;AC=UNIMOD:4	NT=Acetyl;MT=Variable;TA=N-term;AC=UNIMOD:1	NT=Oxidation;MT=Variable;TA=M;AC=UNIMOD:35	NT=Glu->pyro-Glu;MT=Variable;TA=E;AC=UNIMOD:27	NT=Gln->pyro-Glu;MT=Variable;TA=Q;AC=UNIMOD:28	not available	5 ppm	0.07 Da	Blood plasma
PXD022469-sample-98	Homo sapiens	Blood plasma	not available	not available	not available	not available	not available	1	cell	not available	not available	run98	proteomic profiling by mass spectrometry	v1.1.0	NT=ms-proteomics;VV=v1.1.0	NT=Data-Dependent Acquisition;AC=PRIDE:0000627	2	AP251018_Gurjeet_LA_Hu6_2.raw	ftp://ftp.pride.ebi.ac.uk/pride/data/archive/2021/02/PXD022469/AP251018_Gurjeet_LA_Hu6_2.raw	2	NT=label free sample;AC=MS:1002038	NT=Q Exactive HF;AC=MS:1002523	NT=Trypsin;AC=MS:1001251	NT=Carbamidomethyl;MT=Fixed;TA=C;AC=UNIMOD:4	NT=Acetyl;MT=Variable;TA=N-term;AC=UNIMOD:1	NT=Oxidation;MT=Variable;TA=M;AC=UNIMOD:35	NT=Glu->pyro-Glu;MT=Variable;TA=E;AC=UNIMOD:27	NT=Gln->pyro-Glu;MT=Variable;TA=Q;AC=UNIMOD:28	not available	5 ppm	0.07 Da	Blood plasma
PXD022469-sample-99	Homo sapiens	Blood plasma	not available	not available	not available	not available	not available	1	cell	not available	not available	run99	proteomic profiling by mass spectrometry	v1.1.0	NT=ms-proteomics;VV=v1.1.0	NT=Data-Dependent Acquisition;AC=PRIDE:0000627	2	AP251018_Gurjeet_LA_Hu6_3.raw	ftp://ftp.pride.ebi.ac.uk/pride/data/archive/2021/02/PXD022469/AP251018_Gurjeet_LA_Hu6_3.raw	3	NT=label free sample;AC=MS:1002038	NT=Q Exactive HF;AC=MS:1002523	NT=Trypsin;AC=MS:1001251	NT=Carbamidomethyl;MT=Fixed;TA=C;AC=UNIMOD:4	NT=Acetyl;MT=Variable;TA=N-term;AC=UNIMOD:1	NT=Oxidation;MT=Variable;TA=M;AC=UNIMOD:35	NT=Glu->pyro-Glu;MT=Variable;TA=E;AC=UNIMOD:27	NT=Gln->pyro-Glu;MT=Variable;TA=Q;AC=UNIMOD:28	not available	5 ppm	0.07 Da	Blood plasma
PXD022469-sample-100	Homo sapiens	Blood plasma	not available	not available	not available	not available	not available	1	cell	not available	not available	run100	proteomic profiling by mass spectrometry	v1.1.0	NT=ms-proteomics;VV=v1.1.0	NT=Data-Dependent Acquisition;AC=PRIDE:0000627	2	AP251018_Gurjeet_LA_Hu6_4.raw	ftp://ftp.pride.ebi.ac.uk/pride/data/archive/2021/02/PXD022469/AP251018_Gurjeet_LA_Hu6_4.raw	4	NT=label free sample;AC=MS:1002038	NT=Q Exactive HF;AC=MS:1002523	NT=Trypsin;AC=MS:1001251	NT=Carbamidomethyl;MT=Fixed;TA=C;AC=UNIMOD:4	NT=Acetyl;MT=Variable;TA=N-term;AC=UNIMOD:1	NT=Oxidation;MT=Variable;TA=M;AC=UNIMOD:35	NT=Glu->pyro-Glu;MT=Variable;TA=E;AC=UNIMOD:27	NT=Gln->pyro-Glu;MT=Variable;TA=Q;AC=UNIMOD:28	not available	5 ppm	0.07 Da	Blood plasma
PXD022469-sample-101	Homo sapiens	Blood plasma	not available	not available	not available	not available	not available	1	cell	not available	not available	run101	proteomic profiling by mass spectrometry	v1.1.0	NT=ms-proteomics;VV=v1.1.0	NT=Data-Dependent Acquisition;AC=PRIDE:0000627	2	AP251018_Gurjeet_LA_Hu6_5.raw	ftp://ftp.pride.ebi.ac.uk/pride/data/archive/2021/02/PXD022469/AP251018_Gurjeet_LA_Hu6_5.raw	5	NT=label free sample;AC=MS:1002038	NT=Q Exactive HF;AC=MS:1002523	NT=Trypsin;AC=MS:1001251	NT=Carbamidomethyl;MT=Fixed;TA=C;AC=UNIMOD:4	NT=Acetyl;MT=Variable;TA=N-term;AC=UNIMOD:1	NT=Oxidation;MT=Variable;TA=M;AC=UNIMOD:35	NT=Glu->pyro-Glu;MT=Variable;TA=E;AC=UNIMOD:27	NT=Gln->pyro-Glu;MT=Variable;TA=Q;AC=UNIMOD:28	not available	5 ppm	0.07 Da	Blood plasma
PXD022469-sample-102	Homo sapiens	Blood plasma	not available	not available	not available	not available	not available	1	cell	not available	not available	run102	proteomic profiling by mass spectrometry	v1.1.0	NT=ms-proteomics;VV=v1.1.0	NT=Data-Dependent Acquisition;AC=PRIDE:0000627	2	AP251018_Gurjeet_LA_Hu6_6.raw	ftp://ftp.pride.ebi.ac.uk/pride/data/archive/2021/02/PXD022469/AP251018_Gurjeet_LA_Hu6_6.raw	6	NT=label free sample;AC=MS:1002038	NT=Q Exactive HF;AC=MS:1002523	NT=Trypsin;AC=MS:1001251	NT=Carbamidomethyl;MT=Fixed;TA=C;AC=UNIMOD:4	NT=Acetyl;MT=Variable;TA=N-term;AC=UNIMOD:1	NT=Oxidation;MT=Variable;TA=M;AC=UNIMOD:35	NT=Glu->pyro-Glu;MT=Variable;TA=E;AC=UNIMOD:27	NT=Gln->pyro-Glu;MT=Variable;TA=Q;AC=UNIMOD:28	not available	5 ppm	0.07 Da	Blood plasma
PXD022469-sample-103	Homo sapiens	Blood plasma	not available	not available	not available	not available	not available	1	cell	not available	not available	run103	proteomic profiling by mass spectrometry	v1.1.0	NT=ms-proteomics;VV=v1.1.0	NT=Data-Dependent Acquisition;AC=PRIDE:0000627	2	AP251018_Gurjeet_LA_Hu6_7.raw	ftp://ftp.pride.ebi.ac.uk/pride/data/archive/2021/02/PXD022469/AP251018_Gurjeet_LA_Hu6_7.raw	7	NT=label free sample;AC=MS:1002038	NT=Q Exactive HF;AC=MS:1002523	NT=Trypsin;AC=MS:1001251	NT=Carbamidomethyl;MT=Fixed;TA=C;AC=UNIMOD:4	NT=Acetyl;MT=Variable;TA=N-term;AC=UNIMOD:1	NT=Oxidation;MT=Variable;TA=M;AC=UNIMOD:35	NT=Glu->pyro-Glu;MT=Variable;TA=E;AC=UNIMOD:27	NT=Gln->pyro-Glu;MT=Variable;TA=Q;AC=UNIMOD:28	not available	5 ppm	0.07 Da	Blood plasma
PXD022469-sample-104	Homo sapiens	Blood plasma	not available	not available	not available	not available	not available	1	cell	not available	not available	run104	proteomic profiling by mass spectrometry	v1.1.0	NT=ms-proteomics;VV=v1.1.0	NT=Data-Dependent Acquisition;AC=PRIDE:0000627	2	AP251018_Gurjeet_LA_Hu6_8.raw	ftp://ftp.pride.ebi.ac.uk/pride/data/archive/2021/02/PXD022469/AP251018_Gurjeet_LA_Hu6_8.raw	8	NT=label free sample;AC=MS:1002038	NT=Q Exactive HF;AC=MS:1002523	NT=Trypsin;AC=MS:1001251	NT=Carbamidomethyl;MT=Fixed;TA=C;AC=UNIMOD:4	NT=Acetyl;MT=Variable;TA=N-term;AC=UNIMOD:1	NT=Oxidation;MT=Variable;TA=M;AC=UNIMOD:35	NT=Glu->pyro-Glu;MT=Variable;TA=E;AC=UNIMOD:27	NT=Gln->pyro-Glu;MT=Variable;TA=Q;AC=UNIMOD:28	not available	5 ppm	0.07 Da	Blood plasma
PXD022469-sample-105	Homo sapiens	Blood plasma	not available	not available	not available	not available	not available	1	cell	not available	not available	run105	proteomic profiling by mass spectrometry	v1.1.0	NT=ms-proteomics;VV=v1.1.0	NT=Data-Dependent Acquisition;AC=PRIDE:0000627	2	AP251018_Gurjeet_LA_Hu6_9.raw	ftp://ftp.pride.ebi.ac.uk/pride/data/archive/2021/02/PXD022469/AP251018_Gurjeet_LA_Hu6_9.raw	9	NT=label free sample;AC=MS:1002038	NT=Q Exactive HF;AC=MS:1002523	NT=Trypsin;AC=MS:1001251	NT=Carbamidomethyl;MT=Fixed;TA=C;AC=UNIMOD:4	NT=Acetyl;MT=Variable;TA=N-term;AC=UNIMOD:1	NT=Oxidation;MT=Variable;TA=M;AC=UNIMOD:35	NT=Glu->pyro-Glu;MT=Variable;TA=E;AC=UNIMOD:27	NT=Gln->pyro-Glu;MT=Variable;TA=Q;AC=UNIMOD:28	not available	5 ppm	0.07 Da	Blood plasma
PXD022469-sample-106	Homo sapiens	Blood plasma	not available	not available	not available	not available	not available	1	cell	not available	not available	run106	proteomic profiling by mass spectrometry	v1.1.0	NT=ms-proteomics;VV=v1.1.0	NT=Data-Dependent Acquisition;AC=PRIDE:0000627	2	AP251018_Gurjeet_LA_Hu6_10.raw	ftp://ftp.pride.ebi.ac.uk/pride/data/archive/2021/02/PXD022469/AP251018_Gurjeet_LA_Hu6_10.raw	10	NT=label free sample;AC=MS:1002038	NT=Q Exactive HF;AC=MS:1002523	NT=Trypsin;AC=MS:1001251	NT=Carbamidomethyl;MT=Fixed;TA=C;AC=UNIMOD:4	NT=Acetyl;MT=Variable;TA=N-term;AC=UNIMOD:1	NT=Oxidation;MT=Variable;TA=M;AC=UNIMOD:35	NT=Glu->pyro-Glu;MT=Variable;TA=E;AC=UNIMOD:27	NT=Gln->pyro-Glu;MT=Variable;TA=Q;AC=UNIMOD:28	not available	5 ppm	0.07 Da	Blood plasma
PXD022469-sample-107	Homo sapiens	Blood plasma	not available	not available	not available	not available	not available	1	cell	not available	not available	run107	proteomic profiling by mass spectrometry	v1.1.0	NT=ms-proteomics;VV=v1.1.0	NT=Data-Dependent Acquisition;AC=PRIDE:0000627	2	AP251018_Gurjeet_LA_Hu6_11.raw	ftp://ftp.pride.ebi.ac.uk/pride/data/archive/2021/02/PXD022469/AP251018_Gurjeet_LA_Hu6_11.raw	11	NT=label free sample;AC=MS:1002038	NT=Q Exactive HF;AC=MS:1002523	NT=Trypsin;AC=MS:1001251	NT=Carbamidomethyl;MT=Fixed;TA=C;AC=UNIMOD:4	NT=Acetyl;MT=Variable;TA=N-term;AC=UNIMOD:1	NT=Oxidation;MT=Variable;TA=M;AC=UNIMOD:35	NT=Glu->pyro-Glu;MT=Variable;TA=E;AC=UNIMOD:27	NT=Gln->pyro-Glu;MT=Variable;TA=Q;AC=UNIMOD:28	not available	5 ppm	0.07 Da	Blood plasma
PXD022469-sample-108	Homo sapiens	Blood plasma	not available	not available	not available	not available	not available	1	cell	not available	not available	run108	proteomic profiling by mass spectrometry	v1.1.0	NT=ms-proteomics;VV=v1.1.0	NT=Data-Dependent Acquisition;AC=PRIDE:0000627	2	AP251018_Gurjeet_LA_Hu6_12.raw	ftp://ftp.pride.ebi.ac.uk/pride/data/archive/2021/02/PXD022469/AP251018_Gurjeet_LA_Hu6_12.raw	12	NT=label free sample;AC=MS:1002038	NT=Q Exactive HF;AC=MS:1002523	NT=Trypsin;AC=MS:1001251	NT=Carbamidomethyl;MT=Fixed;TA=C;AC=UNIMOD:4	NT=Acetyl;MT=Variable;TA=N-term;AC=UNIMOD:1	NT=Oxidation;MT=Variable;TA=M;AC=UNIMOD:35	NT=Glu->pyro-Glu;MT=Variable;TA=E;AC=UNIMOD:27	NT=Gln->pyro-Glu;MT=Variable;TA=Q;AC=UNIMOD:28	not available	5 ppm	0.07 Da	Blood plasma
PXD022469-sample-109	Homo sapiens	Blood plasma	not available	not available	not available	not available	not available	1	cell	not available	not available	run109	proteomic profiling by mass spectrometry	v1.1.0	NT=ms-proteomics;VV=v1.1.0	NT=Data-Dependent Acquisition;AC=PRIDE:0000627	2	AP251018_Gurjeet_LA_Hu6_13.raw	ftp://ftp.pride.ebi.ac.uk/pride/data/archive/2021/02/PXD022469/AP251018_Gurjeet_LA_Hu6_13.raw	13	NT=label free sample;AC=MS:1002038	NT=Q Exactive HF;AC=MS:1002523	NT=Trypsin;AC=MS:1001251	NT=Carbamidomethyl;MT=Fixed;TA=C;AC=UNIMOD:4	NT=Acetyl;MT=Variable;TA=N-term;AC=UNIMOD:1	NT=Oxidation;MT=Variable;TA=M;AC=UNIMOD:35	NT=Glu->pyro-Glu;MT=Variable;TA=E;AC=UNIMOD:27	NT=Gln->pyro-Glu;MT=Variable;TA=Q;AC=UNIMOD:28	not available	5 ppm	0.07 Da	Blood plasma
PXD022469-sample-110	Homo sapiens	Blood plasma	not available	not available	not available	not available	not available	1	cell	not available	not available	run110	proteomic profiling by mass spectrometry	v1.1.0	NT=ms-proteomics;VV=v1.1.0	NT=Data-Dependent Acquisition;AC=PRIDE:0000627	2	AP251018_Gurjeet_LA_Hu6_14.raw	ftp://ftp.pride.ebi.ac.uk/pride/data/archive/2021/02/PXD022469/AP251018_Gurjeet_LA_Hu6_14.raw	14	NT=label free sample;AC=MS:1002038	NT=Q Exactive HF;AC=MS:1002523	NT=Trypsin;AC=MS:1001251	NT=Carbamidomethyl;MT=Fixed;TA=C;AC=UNIMOD:4	NT=Acetyl;MT=Variable;TA=N-term;AC=UNIMOD:1	NT=Oxidation;MT=Variable;TA=M;AC=UNIMOD:35	NT=Glu->pyro-Glu;MT=Variable;TA=E;AC=UNIMOD:27	NT=Gln->pyro-Glu;MT=Variable;TA=Q;AC=UNIMOD:28	not available	5 ppm	0.07 Da	Blood plasma
PXD022469-sample-111	Homo sapiens	Blood plasma	not available	not available	not available	not available	not available	1	cell	not available	not available	run111	proteomic profiling by mass spectrometry	v1.1.0	NT=ms-proteomics;VV=v1.1.0	NT=Data-Dependent Acquisition;AC=PRIDE:0000627	2	AP251018_Gurjeet_LA_Hu6_15.raw	ftp://ftp.pride.ebi.ac.uk/pride/data/archive/2021/02/PXD022469/AP251018_Gurjeet_LA_Hu6_15.raw	15	NT=label free sample;AC=MS:1002038	NT=Q Exactive HF;AC=MS:1002523	NT=Trypsin;AC=MS:1001251	NT=Carbamidomethyl;MT=Fixed;TA=C;AC=UNIMOD:4	NT=Acetyl;MT=Variable;TA=N-term;AC=UNIMOD:1	NT=Oxidation;MT=Variable;TA=M;AC=UNIMOD:35	NT=Glu->pyro-Glu;MT=Variable;TA=E;AC=UNIMOD:27	NT=Gln->pyro-Glu;MT=Variable;TA=Q;AC=UNIMOD:28	not available	5 ppm	0.07 Da	Blood plasma
PXD022469-sample-112	Homo sapiens	Blood plasma	not available	not available	not available	not available	not available	1	cell	not available	not available	run112	proteomic profiling by mass spectrometry	v1.1.0	NT=ms-proteomics;VV=v1.1.0	NT=Data-Dependent Acquisition;AC=PRIDE:0000627	2	AP251018_Gurjeet_LA_Hu6_16.raw	ftp://ftp.pride.ebi.ac.uk/pride/data/archive/2021/02/PXD022469/AP251018_Gurjeet_LA_Hu6_16.raw	16	NT=label free sample;AC=MS:1002038	NT=Q Exactive HF;AC=MS:1002523	NT=Trypsin;AC=MS:1001251	NT=Carbamidomethyl;MT=Fixed;TA=C;AC=UNIMOD:4	NT=Acetyl;MT=Variable;TA=N-term;AC=UNIMOD:1	NT=Oxidation;MT=Variable;TA=M;AC=UNIMOD:35	NT=Glu->pyro-Glu;MT=Variable;TA=E;AC=UNIMOD:27	NT=Gln->pyro-Glu;MT=Variable;TA=Q;AC=UNIMOD:28	not available	5 ppm	0.07 Da	Blood plasma
PXD022469-sample-113	Homo sapiens	Blood plasma	not available	not available	not available	not available	not available	1	cell	not available	not available	run113	proteomic profiling by mass spectrometry	v1.1.0	NT=ms-proteomics;VV=v1.1.0	NT=Data-Dependent Acquisition;AC=PRIDE:0000627	2	AP251018_Gurjeet_LA_Hu6_17.raw	ftp://ftp.pride.ebi.ac.uk/pride/data/archive/2021/02/PXD022469/AP251018_Gurjeet_LA_Hu6_17.raw	17	NT=label free sample;AC=MS:1002038	NT=Q Exactive HF;AC=MS:1002523	NT=Trypsin;AC=MS:1001251	NT=Carbamidomethyl;MT=Fixed;TA=C;AC=UNIMOD:4	NT=Acetyl;MT=Variable;TA=N-term;AC=UNIMOD:1	NT=Oxidation;MT=Variable;TA=M;AC=UNIMOD:35	NT=Glu->pyro-Glu;MT=Variable;TA=E;AC=UNIMOD:27	NT=Gln->pyro-Glu;MT=Variable;TA=Q;AC=UNIMOD:28	not available	5 ppm	0.07 Da	Blood plasma
PXD022469-sample-114	Homo sapiens	Blood plasma	not available	not available	not available	not available	not available	1	cell	not available	not available	run114	proteomic profiling by mass spectrometry	v1.1.0	NT=ms-proteomics;VV=v1.1.0	NT=Data-Dependent Acquisition;AC=PRIDE:0000627	2	AP251018_Gurjeet_LA_Hu6_18.raw	ftp://ftp.pride.ebi.ac.uk/pride/data/archive/2021/02/PXD022469/AP251018_Gurjeet_LA_Hu6_18.raw	18	NT=label free sample;AC=MS:1002038	NT=Q Exactive HF;AC=MS:1002523	NT=Trypsin;AC=MS:1001251	NT=Carbamidomethyl;MT=Fixed;TA=C;AC=UNIMOD:4	NT=Acetyl;MT=Variable;TA=N-term;AC=UNIMOD:1	NT=Oxidation;MT=Variable;TA=M;AC=UNIMOD:35	NT=Glu->pyro-Glu;MT=Variable;TA=E;AC=UNIMOD:27	NT=Gln->pyro-Glu;MT=Variable;TA=Q;AC=UNIMOD:28	not available	5 ppm	0.07 Da	Blood plasma
PXD022469-sample-115	Homo sapiens	Blood plasma	not available	not available	not available	not available	not available	1	cell	not available	not available	run115	proteomic profiling by mass spectrometry	v1.1.0	NT=ms-proteomics;VV=v1.1.0	NT=Data-Dependent Acquisition;AC=PRIDE:0000627	2	AP251018_Gurjeet_LA_Hu6_19.raw	ftp://ftp.pride.ebi.ac.uk/pride/data/archive/2021/02/PXD022469/AP251018_Gurjeet_LA_Hu6_19.raw	19	NT=label free sample;AC=MS:1002038	NT=Q Exactive HF;AC=MS:1002523	NT=Trypsin;AC=MS:1001251	NT=Carbamidomethyl;MT=Fixed;TA=C;AC=UNIMOD:4	NT=Acetyl;MT=Variable;TA=N-term;AC=UNIMOD:1	NT=Oxidation;MT=Variable;TA=M;AC=UNIMOD:35	NT=Glu->pyro-Glu;MT=Variable;TA=E;AC=UNIMOD:27	NT=Gln->pyro-Glu;MT=Variable;TA=Q;AC=UNIMOD:28	not available	5 ppm	0.07 Da	Blood plasma
PXD022469-sample-116	Homo sapiens	Blood plasma	not available	not available	not available	not available	not available	1	cell	not available	not available	run116	proteomic profiling by mass spectrometry	v1.1.0	NT=ms-proteomics;VV=v1.1.0	NT=Data-Dependent Acquisition;AC=PRIDE:0000627	2	AP251018_Gurjeet_LA_Hu6_20.raw	ftp://ftp.pride.ebi.ac.uk/pride/data/archive/2021/02/PXD022469/AP251018_Gurjeet_LA_Hu6_20.raw	20	NT=label free sample;AC=MS:1002038	NT=Q Exactive HF;AC=MS:1002523	NT=Trypsin;AC=MS:1001251	NT=Carbamidomethyl;MT=Fixed;TA=C;AC=UNIMOD:4	NT=Acetyl;MT=Variable;TA=N-term;AC=UNIMOD:1	NT=Oxidation;MT=Variable;TA=M;AC=UNIMOD:35	NT=Glu->pyro-Glu;MT=Variable;TA=E;AC=UNIMOD:27	NT=Gln->pyro-Glu;MT=Variable;TA=Q;AC=UNIMOD:28	not available	5 ppm	0.07 Da	Blood plasma
PXD022469-sample-117	Homo sapiens	Blood plasma	not available	not available	not available	not available	not available	1	cell	not available	not available	run117	proteomic profiling by mass spectrometry	v1.1.0	NT=ms-proteomics;VV=v1.1.0	NT=Data-Dependent Acquisition;AC=PRIDE:0000627	2	AP251018_Gurjeet_LA_Hu6_21.raw	ftp://ftp.pride.ebi.ac.uk/pride/data/archive/2021/02/PXD022469/AP251018_Gurjeet_LA_Hu6_21.raw	21	NT=label free sample;AC=MS:1002038	NT=Q Exactive HF;AC=MS:1002523	NT=Trypsin;AC=MS:1001251	NT=Carbamidomethyl;MT=Fixed;TA=C;AC=UNIMOD:4	NT=Acetyl;MT=Variable;TA=N-term;AC=UNIMOD:1	NT=Oxidation;MT=Variable;TA=M;AC=UNIMOD:35	NT=Glu->pyro-Glu;MT=Variable;TA=E;AC=UNIMOD:27	NT=Gln->pyro-Glu;MT=Variable;TA=Q;AC=UNIMOD:28	not available	5 ppm	0.07 Da	Blood plasma
PXD022469-sample-118	Homo sapiens	Blood plasma	not available	not available	not available	not available	not available	1	cell	not available	not available	run118	proteomic profiling by mass spectrometry	v1.1.0	NT=ms-proteomics;VV=v1.1.0	NT=Data-Dependent Acquisition;AC=PRIDE:0000627	2	AP251018_Gurjeet_LA_Hu6_22.raw	ftp://ftp.pride.ebi.ac.uk/pride/data/archive/2021/02/PXD022469/AP251018_Gurjeet_LA_Hu6_22.raw	22	NT=label free sample;AC=MS:1002038	NT=Q Exactive HF;AC=MS:1002523	NT=Trypsin;AC=MS:1001251	NT=Carbamidomethyl;MT=Fixed;TA=C;AC=UNIMOD:4	NT=Acetyl;MT=Variable;TA=N-term;AC=UNIMOD:1	NT=Oxidation;MT=Variable;TA=M;AC=UNIMOD:35	NT=Glu->pyro-Glu;MT=Variable;TA=E;AC=UNIMOD:27	NT=Gln->pyro-Glu;MT=Variable;TA=Q;AC=UNIMOD:28	not available	5 ppm	0.07 Da	Blood plasma
PXD022469-sample-119	Homo sapiens	Blood plasma	not available	not available	not available	not available	not available	1	cell	not available	not available	run119	proteomic profiling by mass spectrometry	v1.1.0	NT=ms-proteomics;VV=v1.1.0	NT=Data-Dependent Acquisition;AC=PRIDE:0000627	2	AP251018_Gurjeet_LA_Hu6_23.raw	ftp://ftp.pride.ebi.ac.uk/pride/data/archive/2021/02/PXD022469/AP251018_Gurjeet_LA_Hu6_23.raw	23	NT=label free sample;AC=MS:1002038	NT=Q Exactive HF;AC=MS:1002523	NT=Trypsin;AC=MS:1001251	NT=Carbamidomethyl;MT=Fixed;TA=C;AC=UNIMOD:4	NT=Acetyl;MT=Variable;TA=N-term;AC=UNIMOD:1	NT=Oxidation;MT=Variable;TA=M;AC=UNIMOD:35	NT=Glu->pyro-Glu;MT=Variable;TA=E;AC=UNIMOD:27	NT=Gln->pyro-Glu;MT=Variable;TA=Q;AC=UNIMOD:28	not available	5 ppm	0.07 Da	Blood plasma
PXD022469-sample-120	Homo sapiens	Blood plasma	not available	not available	not available	not available	not available	1	cell	not available	not available	run120	proteomic profiling by mass spectrometry	v1.1.0	NT=ms-proteomics;VV=v1.1.0	NT=Data-Dependent Acquisition;AC=PRIDE:0000627	2	AP251018_Gurjeet_LA_Hu6_24.raw	ftp://ftp.pride.ebi.ac.uk/pride/data/archive/2021/02/PXD022469/AP251018_Gurjeet_LA_Hu6_24.raw	24	NT=label free sample;AC=MS:1002038	NT=Q Exactive HF;AC=MS:1002523	NT=Trypsin;AC=MS:1001251	NT=Carbamidomethyl;MT=Fixed;TA=C;AC=UNIMOD:4	NT=Acetyl;MT=Variable;TA=N-term;AC=UNIMOD:1	NT=Oxidation;MT=Variable;TA=M;AC=UNIMOD:35	NT=Glu->pyro-Glu;MT=Variable;TA=E;AC=UNIMOD:27	NT=Gln->pyro-Glu;MT=Variable;TA=Q;AC=UNIMOD:28	not available	5 ppm	0.07 Da	Blood plasma
PXD022469-sample-121	Homo sapiens	Blood plasma	not available	not available	not available	not available	not available	1	cell	not available	not available	run121	proteomic profiling by mass spectrometry	v1.1.0	NT=ms-proteomics;VV=v1.1.0	NT=Data-Dependent Acquisition;AC=PRIDE:0000627	2	AP251018_Gurjeet_LA_top20_Hu6_1.raw	ftp://ftp.pride.ebi.ac.uk/pride/data/archive/2021/02/PXD022469/AP251018_Gurjeet_LA_top20_Hu6_1.raw	1	NT=label free sample;AC=MS:1002038	NT=Q Exactive HF;AC=MS:1002523	NT=Trypsin;AC=MS:1001251	NT=Carbamidomethyl;MT=Fixed;TA=C;AC=UNIMOD:4	NT=Acetyl;MT=Variable;TA=N-term;AC=UNIMOD:1	NT=Oxidation;MT=Variable;TA=M;AC=UNIMOD:35	NT=Glu->pyro-Glu;MT=Variable;TA=E;AC=UNIMOD:27	NT=Gln->pyro-Glu;MT=Variable;TA=Q;AC=UNIMOD:28	not available	5 ppm	0.07 Da	Blood plasma
PXD022469-sample-122	Homo sapiens	Blood plasma	not available	not available	not available	not available	not available	1	cell	not available	not available	run122	proteomic profiling by mass spectrometry	v1.1.0	NT=ms-proteomics;VV=v1.1.0	NT=Data-Dependent Acquisition;AC=PRIDE:0000627	2	AP251018_Gurjeet_LA_top20_Hu6_2.raw	ftp://ftp.pride.ebi.ac.uk/pride/data/archive/2021/02/PXD022469/AP251018_Gurjeet_LA_top20_Hu6_2.raw	2	NT=label free sample;AC=MS:1002038	NT=Q Exactive HF;AC=MS:1002523	NT=Trypsin;AC=MS:1001251	NT=Carbamidomethyl;MT=Fixed;TA=C;AC=UNIMOD:4	NT=Acetyl;MT=Variable;TA=N-term;AC=UNIMOD:1	NT=Oxidation;MT=Variable;TA=M;AC=UNIMOD:35	NT=Glu->pyro-Glu;MT=Variable;TA=E;AC=UNIMOD:27	NT=Gln->pyro-Glu;MT=Variable;TA=Q;AC=UNIMOD:28	not available	5 ppm	0.07 Da	Blood plasma
PXD022469-sample-123	Homo sapiens	Blood plasma	not available	not available	not available	not available	not available	1	cell	not available	not available	run123	proteomic profiling by mass spectrometry	v1.1.0	NT=ms-proteomics;VV=v1.1.0	NT=Data-Dependent Acquisition;AC=PRIDE:0000627	2	AP251018_Gurjeet_LA_top20_Hu6_3.raw	ftp://ftp.pride.ebi.ac.uk/pride/data/archive/2021/02/PXD022469/AP251018_Gurjeet_LA_top20_Hu6_3.raw	3	NT=label free sample;AC=MS:1002038	NT=Q Exactive HF;AC=MS:1002523	NT=Trypsin;AC=MS:1001251	NT=Carbamidomethyl;MT=Fixed;TA=C;AC=UNIMOD:4	NT=Acetyl;MT=Variable;TA=N-term;AC=UNIMOD:1	NT=Oxidation;MT=Variable;TA=M;AC=UNIMOD:35	NT=Glu->pyro-Glu;MT=Variable;TA=E;AC=UNIMOD:27	NT=Gln->pyro-Glu;MT=Variable;TA=Q;AC=UNIMOD:28	not available	5 ppm	0.07 Da	Blood plasma
PXD022469-sample-124	Homo sapiens	Blood plasma	not available	not available	not available	not available	not available	1	cell	not available	not available	run124	proteomic profiling by mass spectrometry	v1.1.0	NT=ms-proteomics;VV=v1.1.0	NT=Data-Dependent Acquisition;AC=PRIDE:0000627	2	AP251018_Gurjeet_LA_top20_Hu6_4.raw	ftp://ftp.pride.ebi.ac.uk/pride/data/archive/2021/02/PXD022469/AP251018_Gurjeet_LA_top20_Hu6_4.raw	4	NT=label free sample;AC=MS:1002038	NT=Q Exactive HF;AC=MS:1002523	NT=Trypsin;AC=MS:1001251	NT=Carbamidomethyl;MT=Fixed;TA=C;AC=UNIMOD:4	NT=Acetyl;MT=Variable;TA=N-term;AC=UNIMOD:1	NT=Oxidation;MT=Variable;TA=M;AC=UNIMOD:35	NT=Glu->pyro-Glu;MT=Variable;TA=E;AC=UNIMOD:27	NT=Gln->pyro-Glu;MT=Variable;TA=Q;AC=UNIMOD:28	not available	5 ppm	0.07 Da	Blood plasma
PXD022469-sample-125	Homo sapiens	Blood plasma	not available	not available	not available	not available	not available	1	cell	not available	not available	run125	proteomic profiling by mass spectrometry	v1.1.0	NT=ms-proteomics;VV=v1.1.0	NT=Data-Dependent Acquisition;AC=PRIDE:0000627	2	AP251018_Gurjeet_LA_top20_Hu6_5.raw	ftp://ftp.pride.ebi.ac.uk/pride/data/archive/2021/02/PXD022469/AP251018_Gurjeet_LA_top20_Hu6_5.raw	5	NT=label free sample;AC=MS:1002038	NT=Q Exactive HF;AC=MS:1002523	NT=Trypsin;AC=MS:1001251	NT=Carbamidomethyl;MT=Fixed;TA=C;AC=UNIMOD:4	NT=Acetyl;MT=Variable;TA=N-term;AC=UNIMOD:1	NT=Oxidation;MT=Variable;TA=M;AC=UNIMOD:35	NT=Glu->pyro-Glu;MT=Variable;TA=E;AC=UNIMOD:27	NT=Gln->pyro-Glu;MT=Variable;TA=Q;AC=UNIMOD:28	not available	5 ppm	0.07 Da	Blood plasma
PXD022469-sample-126	Homo sapiens	Blood plasma	not available	not available	not available	not available	not available	1	cell	not available	not available	run126	proteomic profiling by mass spectrometry	v1.1.0	NT=ms-proteomics;VV=v1.1.0	NT=Data-Dependent Acquisition;AC=PRIDE:0000627	2	AP251018_Gurjeet_LA_top20_Hu6_6.raw	ftp://ftp.pride.ebi.ac.uk/pride/data/archive/2021/02/PXD022469/AP251018_Gurjeet_LA_top20_Hu6_6.raw	6	NT=label free sample;AC=MS:1002038	NT=Q Exactive HF;AC=MS:1002523	NT=Trypsin;AC=MS:1001251	NT=Carbamidomethyl;MT=Fixed;TA=C;AC=UNIMOD:4	NT=Acetyl;MT=Variable;TA=N-term;AC=UNIMOD:1	NT=Oxidation;MT=Variable;TA=M;AC=UNIMOD:35	NT=Glu->pyro-Glu;MT=Variable;TA=E;AC=UNIMOD:27	NT=Gln->pyro-Glu;MT=Variable;TA=Q;AC=UNIMOD:28	not available	5 ppm	0.07 Da	Blood plasma
PXD022469-sample-127	Homo sapiens	Blood plasma	not available	not available	not available	not available	not available	1	cell	not available	not available	run127	proteomic profiling by mass spectrometry	v1.1.0	NT=ms-proteomics;VV=v1.1.0	NT=Data-Dependent Acquisition;AC=PRIDE:0000627	2	AP251018_Gurjeet_LA_top20_Hu6_7.raw	ftp://ftp.pride.ebi.ac.uk/pride/data/archive/2021/02/PXD022469/AP251018_Gurjeet_LA_top20_Hu6_7.raw	7	NT=label free sample;AC=MS:1002038	NT=Q Exactive HF;AC=MS:1002523	NT=Trypsin;AC=MS:1001251	NT=Carbamidomethyl;MT=Fixed;TA=C;AC=UNIMOD:4	NT=Acetyl;MT=Variable;TA=N-term;AC=UNIMOD:1	NT=Oxidation;MT=Variable;TA=M;AC=UNIMOD:35	NT=Glu->pyro-Glu;MT=Variable;TA=E;AC=UNIMOD:27	NT=Gln->pyro-Glu;MT=Variable;TA=Q;AC=UNIMOD:28	not available	5 ppm	0.07 Da	Blood plasma
PXD022469-sample-128	Homo sapiens	Blood plasma	not available	not available	not available	not available	not available	1	cell	not available	not available	run128	proteomic profiling by mass spectrometry	v1.1.0	NT=ms-proteomics;VV=v1.1.0	NT=Data-Dependent Acquisition;AC=PRIDE:0000627	2	AP251018_Gurjeet_LA_top20_Hu6_8.raw	ftp://ftp.pride.ebi.ac.uk/pride/data/archive/2021/02/PXD022469/AP251018_Gurjeet_LA_top20_Hu6_8.raw	8	NT=label free sample;AC=MS:1002038	NT=Q Exactive HF;AC=MS:1002523	NT=Trypsin;AC=MS:1001251	NT=Carbamidomethyl;MT=Fixed;TA=C;AC=UNIMOD:4	NT=Acetyl;MT=Variable;TA=N-term;AC=UNIMOD:1	NT=Oxidation;MT=Variable;TA=M;AC=UNIMOD:35	NT=Glu->pyro-Glu;MT=Variable;TA=E;AC=UNIMOD:27	NT=Gln->pyro-Glu;MT=Variable;TA=Q;AC=UNIMOD:28	not available	5 ppm	0.07 Da	Blood plasma
PXD022469-sample-129	Homo sapiens	Blood plasma	not available	not available	not available	not available	not available	1	cell	not available	not available	run129	proteomic profiling by mass spectrometry	v1.1.0	NT=ms-proteomics;VV=v1.1.0	NT=Data-Dependent Acquisition;AC=PRIDE:0000627	2	AP251018_Gurjeet_LA_top20_Hu6_9.raw	ftp://ftp.pride.ebi.ac.uk/pride/data/archive/2021/02/PXD022469/AP251018_Gurjeet_LA_top20_Hu6_9.raw	9	NT=label free sample;AC=MS:1002038	NT=Q Exactive HF;AC=MS:1002523	NT=Trypsin;AC=MS:1001251	NT=Carbamidomethyl;MT=Fixed;TA=C;AC=UNIMOD:4	NT=Acetyl;MT=Variable;TA=N-term;AC=UNIMOD:1	NT=Oxidation;MT=Variable;TA=M;AC=UNIMOD:35	NT=Glu->pyro-Glu;MT=Variable;TA=E;AC=UNIMOD:27	NT=Gln->pyro-Glu;MT=Variable;TA=Q;AC=UNIMOD:28	not available	5 ppm	0.07 Da	Blood plasma
PXD022469-sample-130	Homo sapiens	Blood plasma	not available	not available	not available	not available	not available	1	cell	not available	not available	run130	proteomic profiling by mass spectrometry	v1.1.0	NT=ms-proteomics;VV=v1.1.0	NT=Data-Dependent Acquisition;AC=PRIDE:0000627	2	AP251018_Gurjeet_LA_top20_Hu6_10.raw	ftp://ftp.pride.ebi.ac.uk/pride/data/archive/2021/02/PXD022469/AP251018_Gurjeet_LA_top20_Hu6_10.raw	10	NT=label free sample;AC=MS:1002038	NT=Q Exactive HF;AC=MS:1002523	NT=Trypsin;AC=MS:1001251	NT=Carbamidomethyl;MT=Fixed;TA=C;AC=UNIMOD:4	NT=Acetyl;MT=Variable;TA=N-term;AC=UNIMOD:1	NT=Oxidation;MT=Variable;TA=M;AC=UNIMOD:35	NT=Glu->pyro-Glu;MT=Variable;TA=E;AC=UNIMOD:27	NT=Gln->pyro-Glu;MT=Variable;TA=Q;AC=UNIMOD:28	not available	5 ppm	0.07 Da	Blood plasma
PXD022469-sample-131	Homo sapiens	Blood plasma	not available	not available	not available	not available	not available	1	cell	not available	not available	run131	proteomic profiling by mass spectrometry	v1.1.0	NT=ms-proteomics;VV=v1.1.0	NT=Data-Dependent Acquisition;AC=PRIDE:0000627	2	AP251018_Gurjeet_LA_top20_Hu6_11.raw	ftp://ftp.pride.ebi.ac.uk/pride/data/archive/2021/02/PXD022469/AP251018_Gurjeet_LA_top20_Hu6_11.raw	11	NT=label free sample;AC=MS:1002038	NT=Q Exactive HF;AC=MS:1002523	NT=Trypsin;AC=MS:1001251	NT=Carbamidomethyl;MT=Fixed;TA=C;AC=UNIMOD:4	NT=Acetyl;MT=Variable;TA=N-term;AC=UNIMOD:1	NT=Oxidation;MT=Variable;TA=M;AC=UNIMOD:35	NT=Glu->pyro-Glu;MT=Variable;TA=E;AC=UNIMOD:27	NT=Gln->pyro-Glu;MT=Variable;TA=Q;AC=UNIMOD:28	not available	5 ppm	0.07 Da	Blood plasma
PXD022469-sample-132	Homo sapiens	Blood plasma	not available	not available	not available	not available	not available	1	cell	not available	not available	run132	proteomic profiling by mass spectrometry	v1.1.0	NT=ms-proteomics;VV=v1.1.0	NT=Data-Dependent Acquisition;AC=PRIDE:0000627	2	AP251018_Gurjeet_LA_top20_Hu6_12.raw	ftp://ftp.pride.ebi.ac.uk/pride/data/archive/2021/02/PXD022469/AP251018_Gurjeet_LA_top20_Hu6_12.raw	12	NT=label free sample;AC=MS:1002038	NT=Q Exactive HF;AC=MS:1002523	NT=Trypsin;AC=MS:1001251	NT=Carbamidomethyl;MT=Fixed;TA=C;AC=UNIMOD:4	NT=Acetyl;MT=Variable;TA=N-term;AC=UNIMOD:1	NT=Oxidation;MT=Variable;TA=M;AC=UNIMOD:35	NT=Glu->pyro-Glu;MT=Variable;TA=E;AC=UNIMOD:27	NT=Gln->pyro-Glu;MT=Variable;TA=Q;AC=UNIMOD:28	not available	5 ppm	0.07 Da	Blood plasma
PXD022469-sample-133	Homo sapiens	Blood plasma	not available	not available	not available	not available	not available	1	cell	not available	not available	run133	proteomic profiling by mass spectrometry	v1.1.0	NT=ms-proteomics;VV=v1.1.0	NT=Data-Dependent Acquisition;AC=PRIDE:0000627	2	AP251018_Gurjeet_LA_top20_Hu6_13.raw	ftp://ftp.pride.ebi.ac.uk/pride/data/archive/2021/02/PXD022469/AP251018_Gurjeet_LA_top20_Hu6_13.raw	13	NT=label free sample;AC=MS:1002038	NT=Q Exactive HF;AC=MS:1002523	NT=Trypsin;AC=MS:1001251	NT=Carbamidomethyl;MT=Fixed;TA=C;AC=UNIMOD:4	NT=Acetyl;MT=Variable;TA=N-term;AC=UNIMOD:1	NT=Oxidation;MT=Variable;TA=M;AC=UNIMOD:35	NT=Glu->pyro-Glu;MT=Variable;TA=E;AC=UNIMOD:27	NT=Gln->pyro-Glu;MT=Variable;TA=Q;AC=UNIMOD:28	not available	5 ppm	0.07 Da	Blood plasma
PXD022469-sample-134	Homo sapiens	Blood plasma	not available	not available	not available	not available	not available	1	cell	not available	not available	run134	proteomic profiling by mass spectrometry	v1.1.0	NT=ms-proteomics;VV=v1.1.0	NT=Data-Dependent Acquisition;AC=PRIDE:0000627	2	AP251018_Gurjeet_LA_top20_Hu6_14.raw	ftp://ftp.pride.ebi.ac.uk/pride/data/archive/2021/02/PXD022469/AP251018_Gurjeet_LA_top20_Hu6_14.raw	14	NT=label free sample;AC=MS:1002038	NT=Q Exactive HF;AC=MS:1002523	NT=Trypsin;AC=MS:1001251	NT=Carbamidomethyl;MT=Fixed;TA=C;AC=UNIMOD:4	NT=Acetyl;MT=Variable;TA=N-term;AC=UNIMOD:1	NT=Oxidation;MT=Variable;TA=M;AC=UNIMOD:35	NT=Glu->pyro-Glu;MT=Variable;TA=E;AC=UNIMOD:27	NT=Gln->pyro-Glu;MT=Variable;TA=Q;AC=UNIMOD:28	not available	5 ppm	0.07 Da	Blood plasma
PXD022469-sample-135	Homo sapiens	Blood plasma	not available	not available	not available	not available	not available	1	cell	not available	not available	run135	proteomic profiling by mass spectrometry	v1.1.0	NT=ms-proteomics;VV=v1.1.0	NT=Data-Dependent Acquisition;AC=PRIDE:0000627	2	AP251018_Gurjeet_LA_top20_Hu6_15.raw	ftp://ftp.pride.ebi.ac.uk/pride/data/archive/2021/02/PXD022469/AP251018_Gurjeet_LA_top20_Hu6_15.raw	15	NT=label free sample;AC=MS:1002038	NT=Q Exactive HF;AC=MS:1002523	NT=Trypsin;AC=MS:1001251	NT=Carbamidomethyl;MT=Fixed;TA=C;AC=UNIMOD:4	NT=Acetyl;MT=Variable;TA=N-term;AC=UNIMOD:1	NT=Oxidation;MT=Variable;TA=M;AC=UNIMOD:35	NT=Glu->pyro-Glu;MT=Variable;TA=E;AC=UNIMOD:27	NT=Gln->pyro-Glu;MT=Variable;TA=Q;AC=UNIMOD:28	not available	5 ppm	0.07 Da	Blood plasma
PXD022469-sample-136	Homo sapiens	Blood plasma	not available	not available	not available	not available	not available	1	cell	not available	not available	run136	proteomic profiling by mass spectrometry	v1.1.0	NT=ms-proteomics;VV=v1.1.0	NT=Data-Dependent Acquisition;AC=PRIDE:0000627	2	AP251018_Gurjeet_LA_top20_Hu6_16.raw	ftp://ftp.pride.ebi.ac.uk/pride/data/archive/2021/02/PXD022469/AP251018_Gurjeet_LA_top20_Hu6_16.raw	16	NT=label free sample;AC=MS:1002038	NT=Q Exactive HF;AC=MS:1002523	NT=Trypsin;AC=MS:1001251	NT=Carbamidomethyl;MT=Fixed;TA=C;AC=UNIMOD:4	NT=Acetyl;MT=Variable;TA=N-term;AC=UNIMOD:1	NT=Oxidation;MT=Variable;TA=M;AC=UNIMOD:35	NT=Glu->pyro-Glu;MT=Variable;TA=E;AC=UNIMOD:27	NT=Gln->pyro-Glu;MT=Variable;TA=Q;AC=UNIMOD:28	not available	5 ppm	0.07 Da	Blood plasma
PXD022469-sample-137	Homo sapiens	Blood plasma	not available	not available	not available	not available	not available	1	cell	not available	not available	run137	proteomic profiling by mass spectrometry	v1.1.0	NT=ms-proteomics;VV=v1.1.0	NT=Data-Dependent Acquisition;AC=PRIDE:0000627	2	AP251018_Gurjeet_LA_top20_Hu6_17.raw	ftp://ftp.pride.ebi.ac.uk/pride/data/archive/2021/02/PXD022469/AP251018_Gurjeet_LA_top20_Hu6_17.raw	17	NT=label free sample;AC=MS:1002038	NT=Q Exactive HF;AC=MS:1002523	NT=Trypsin;AC=MS:1001251	NT=Carbamidomethyl;MT=Fixed;TA=C;AC=UNIMOD:4	NT=Acetyl;MT=Variable;TA=N-term;AC=UNIMOD:1	NT=Oxidation;MT=Variable;TA=M;AC=UNIMOD:35	NT=Glu->pyro-Glu;MT=Variable;TA=E;AC=UNIMOD:27	NT=Gln->pyro-Glu;MT=Variable;TA=Q;AC=UNIMOD:28	not available	5 ppm	0.07 Da	Blood plasma
PXD022469-sample-138	Homo sapiens	Blood plasma	not available	not available	not available	not available	not available	1	cell	not available	not available	run138	proteomic profiling by mass spectrometry	v1.1.0	NT=ms-proteomics;VV=v1.1.0	NT=Data-Dependent Acquisition;AC=PRIDE:0000627	2	AP251018_Gurjeet_LA_top20_Hu6_18.raw	ftp://ftp.pride.ebi.ac.uk/pride/data/archive/2021/02/PXD022469/AP251018_Gurjeet_LA_top20_Hu6_18.raw	18	NT=label free sample;AC=MS:1002038	NT=Q Exactive HF;AC=MS:1002523	NT=Trypsin;AC=MS:1001251	NT=Carbamidomethyl;MT=Fixed;TA=C;AC=UNIMOD:4	NT=Acetyl;MT=Variable;TA=N-term;AC=UNIMOD:1	NT=Oxidation;MT=Variable;TA=M;AC=UNIMOD:35	NT=Glu->pyro-Glu;MT=Variable;TA=E;AC=UNIMOD:27	NT=Gln->pyro-Glu;MT=Variable;TA=Q;AC=UNIMOD:28	not available	5 ppm	0.07 Da	Blood plasma
PXD022469-sample-139	Homo sapiens	Blood plasma	not available	not available	not available	not available	not available	1	cell	not available	not available	run139	proteomic profiling by mass spectrometry	v1.1.0	NT=ms-proteomics;VV=v1.1.0	NT=Data-Dependent Acquisition;AC=PRIDE:0000627	2	AP251018_Gurjeet_LA_top20_Hu6_19.raw	ftp://ftp.pride.ebi.ac.uk/pride/data/archive/2021/02/PXD022469/AP251018_Gurjeet_LA_top20_Hu6_19.raw	19	NT=label free sample;AC=MS:1002038	NT=Q Exactive HF;AC=MS:1002523	NT=Trypsin;AC=MS:1001251	NT=Carbamidomethyl;MT=Fixed;TA=C;AC=UNIMOD:4	NT=Acetyl;MT=Variable;TA=N-term;AC=UNIMOD:1	NT=Oxidation;MT=Variable;TA=M;AC=UNIMOD:35	NT=Glu->pyro-Glu;MT=Variable;TA=E;AC=UNIMOD:27	NT=Gln->pyro-Glu;MT=Variable;TA=Q;AC=UNIMOD:28	not available	5 ppm	0.07 Da	Blood plasma
PXD022469-sample-140	Homo sapiens	Blood plasma	not available	not available	not available	not available	not available	1	cell	not available	not available	run140	proteomic profiling by mass spectrometry	v1.1.0	NT=ms-proteomics;VV=v1.1.0	NT=Data-Dependent Acquisition;AC=PRIDE:0000627	2	AP251018_Gurjeet_LA_top20_Hu6_20.raw	ftp://ftp.pride.ebi.ac.uk/pride/data/archive/2021/02/PXD022469/AP251018_Gurjeet_LA_top20_Hu6_20.raw	20	NT=label free sample;AC=MS:1002038	NT=Q Exactive HF;AC=MS:1002523	NT=Trypsin;AC=MS:1001251	NT=Carbamidomethyl;MT=Fixed;TA=C;AC=UNIMOD:4	NT=Acetyl;MT=Variable;TA=N-term;AC=UNIMOD:1	NT=Oxidation;MT=Variable;TA=M;AC=UNIMOD:35	NT=Glu->pyro-Glu;MT=Variable;TA=E;AC=UNIMOD:27	NT=Gln->pyro-Glu;MT=Variable;TA=Q;AC=UNIMOD:28	not available	5 ppm	0.07 Da	Blood plasma
PXD022469-sample-141	Homo sapiens	Blood plasma	not available	not available	not available	not available	not available	1	cell	not available	not available	run141	proteomic profiling by mass spectrometry	v1.1.0	NT=ms-proteomics;VV=v1.1.0	NT=Data-Dependent Acquisition;AC=PRIDE:0000627	2	AP251018_Gurjeet_LA_top20_Hu6_21.raw	ftp://ftp.pride.ebi.ac.uk/pride/data/archive/2021/02/PXD022469/AP251018_Gurjeet_LA_top20_Hu6_21.raw	21	NT=label free sample;AC=MS:1002038	NT=Q Exactive HF;AC=MS:1002523	NT=Trypsin;AC=MS:1001251	NT=Carbamidomethyl;MT=Fixed;TA=C;AC=UNIMOD:4	NT=Acetyl;MT=Variable;TA=N-term;AC=UNIMOD:1	NT=Oxidation;MT=Variable;TA=M;AC=UNIMOD:35	NT=Glu->pyro-Glu;MT=Variable;TA=E;AC=UNIMOD:27	NT=Gln->pyro-Glu;MT=Variable;TA=Q;AC=UNIMOD:28	not available	5 ppm	0.07 Da	Blood plasma
PXD022469-sample-142	Homo sapiens	Blood plasma	not available	not available	not available	not available	not available	1	cell	not available	not available	run142	proteomic profiling by mass spectrometry	v1.1.0	NT=ms-proteomics;VV=v1.1.0	NT=Data-Dependent Acquisition;AC=PRIDE:0000627	2	AP251018_Gurjeet_LA_top20_Hu6_22.raw	ftp://ftp.pride.ebi.ac.uk/pride/data/archive/2021/02/PXD022469/AP251018_Gurjeet_LA_top20_Hu6_22.raw	22	NT=label free sample;AC=MS:1002038	NT=Q Exactive HF;AC=MS:1002523	NT=Trypsin;AC=MS:1001251	NT=Carbamidomethyl;MT=Fixed;TA=C;AC=UNIMOD:4	NT=Acetyl;MT=Variable;TA=N-term;AC=UNIMOD:1	NT=Oxidation;MT=Variable;TA=M;AC=UNIMOD:35	NT=Glu->pyro-Glu;MT=Variable;TA=E;AC=UNIMOD:27	NT=Gln->pyro-Glu;MT=Variable;TA=Q;AC=UNIMOD:28	not available	5 ppm	0.07 Da	Blood plasma
PXD022469-sample-143	Homo sapiens	Blood plasma	not available	not available	not available	not available	not available	1	cell	not available	not available	run143	proteomic profiling by mass spectrometry	v1.1.0	NT=ms-proteomics;VV=v1.1.0	NT=Data-Dependent Acquisition;AC=PRIDE:0000627	2	AP251018_Gurjeet_LA_top20_Hu6_23.raw	ftp://ftp.pride.ebi.ac.uk/pride/data/archive/2021/02/PXD022469/AP251018_Gurjeet_LA_top20_Hu6_23.raw	23	NT=label free sample;AC=MS:1002038	NT=Q Exactive HF;AC=MS:1002523	NT=Trypsin;AC=MS:1001251	NT=Carbamidomethyl;MT=Fixed;TA=C;AC=UNIMOD:4	NT=Acetyl;MT=Variable;TA=N-term;AC=UNIMOD:1	NT=Oxidation;MT=Variable;TA=M;AC=UNIMOD:35	NT=Glu->pyro-Glu;MT=Variable;TA=E;AC=UNIMOD:27	NT=Gln->pyro-Glu;MT=Variable;TA=Q;AC=UNIMOD:28	not available	5 ppm	0.07 Da	Blood plasma
PXD022469-sample-144	Homo sapiens	Blood plasma	not available	not available	not available	not available	not available	1	cell	not available	not available	run144	proteomic profiling by mass spectrometry	v1.1.0	NT=ms-proteomics;VV=v1.1.0	NT=Data-Dependent Acquisition;AC=PRIDE:0000627	2	AP251018_Gurjeet_LA_top20_Hu6_24.raw	ftp://ftp.pride.ebi.ac.uk/pride/data/archive/2021/02/PXD022469/AP251018_Gurjeet_LA_top20_Hu6_24.raw	24	NT=label free sample;AC=MS:1002038	NT=Q Exactive HF;AC=MS:1002523	NT=Trypsin;AC=MS:1001251	NT=Carbamidomethyl;MT=Fixed;TA=C;AC=UNIMOD:4	NT=Acetyl;MT=Variable;TA=N-term;AC=UNIMOD:1	NT=Oxidation;MT=Variable;TA=M;AC=UNIMOD:35	NT=Glu->pyro-Glu;MT=Variable;TA=E;AC=UNIMOD:27	NT=Gln->pyro-Glu;MT=Variable;TA=Q;AC=UNIMOD:28	not available	5 ppm	0.07 Da	Blood plasma
PXD022469-sample-145	Homo sapiens	Blood plasma	not available	not available	not available	not available	not available	1	cell	not available	not available	run145	proteomic profiling by mass spectrometry	v1.1.0	NT=ms-proteomics;VV=v1.1.0	NT=Data-Dependent Acquisition;AC=PRIDE:0000627	2	AP051218_Gurjeet_LA_Hu6_C18_Binos_1.raw	ftp://ftp.pride.ebi.ac.uk/pride/data/archive/2021/02/PXD022469/AP051218_Gurjeet_LA_Hu6_C18_Binos_1.raw	1	NT=label free sample;AC=MS:1002038	NT=Q Exactive HF;AC=MS:1002523	NT=Trypsin;AC=MS:1001251	NT=Carbamidomethyl;MT=Fixed;TA=C;AC=UNIMOD:4	NT=Acetyl;MT=Variable;TA=N-term;AC=UNIMOD:1	NT=Oxidation;MT=Variable;TA=M;AC=UNIMOD:35	NT=Glu->pyro-Glu;MT=Variable;TA=E;AC=UNIMOD:27	NT=Gln->pyro-Glu;MT=Variable;TA=Q;AC=UNIMOD:28	not available	5 ppm	0.07 Da	Blood plasma
PXD022469-sample-146	Homo sapiens	Blood plasma	not available	not available	not available	not available	not available	1	cell	not available	not available	run146	proteomic profiling by mass spectrometry	v1.1.0	NT=ms-proteomics;VV=v1.1.0	NT=Data-Dependent Acquisition;AC=PRIDE:0000627	2	AP051218_Gurjeet_LA_Hu6_C18_Binos_2.raw	ftp://ftp.pride.ebi.ac.uk/pride/data/archive/2021/02/PXD022469/AP051218_Gurjeet_LA_Hu6_C18_Binos_2.raw	2	NT=label free sample;AC=MS:1002038	NT=Q Exactive HF;AC=MS:1002523	NT=Trypsin;AC=MS:1001251	NT=Carbamidomethyl;MT=Fixed;TA=C;AC=UNIMOD:4	NT=Acetyl;MT=Variable;TA=N-term;AC=UNIMOD:1	NT=Oxidation;MT=Variable;TA=M;AC=UNIMOD:35	NT=Glu->pyro-Glu;MT=Variable;TA=E;AC=UNIMOD:27	NT=Gln->pyro-Glu;MT=Variable;TA=Q;AC=UNIMOD:28	not available	5 ppm	0.07 Da	Blood plasma
PXD022469-sample-147	Homo sapiens	Blood plasma	not available	not available	not available	not available	not available	1	cell	not available	not available	run147	proteomic profiling by mass spectrometry	v1.1.0	NT=ms-proteomics;VV=v1.1.0	NT=Data-Dependent Acquisition;AC=PRIDE:0000627	2	AP051218_Gurjeet_LA_Hu6_C18_Binos_3.raw	ftp://ftp.pride.ebi.ac.uk/pride/data/archive/2021/02/PXD022469/AP051218_Gurjeet_LA_Hu6_C18_Binos_3.raw	3	NT=label free sample;AC=MS:1002038	NT=Q Exactive HF;AC=MS:1002523	NT=Trypsin;AC=MS:1001251	NT=Carbamidomethyl;MT=Fixed;TA=C;AC=UNIMOD:4	NT=Acetyl;MT=Variable;TA=N-term;AC=UNIMOD:1	NT=Oxidation;MT=Variable;TA=M;AC=UNIMOD:35	NT=Glu->pyro-Glu;MT=Variable;TA=E;AC=UNIMOD:27	NT=Gln->pyro-Glu;MT=Variable;TA=Q;AC=UNIMOD:28	not available	5 ppm	0.07 Da	Blood plasma
PXD022469-sample-148	Homo sapiens	Blood plasma	not available	not available	not available	not available	not available	1	cell	not available	not available	run148	proteomic profiling by mass spectrometry	v1.1.0	NT=ms-proteomics;VV=v1.1.0	NT=Data-Dependent Acquisition;AC=PRIDE:0000627	2	AP051218_Gurjeet_LA_Hu6_C18_Binos_4.raw	ftp://ftp.pride.ebi.ac.uk/pride/data/archive/2021/02/PXD022469/AP051218_Gurjeet_LA_Hu6_C18_Binos_4.raw	4	NT=label free sample;AC=MS:1002038	NT=Q Exactive HF;AC=MS:1002523	NT=Trypsin;AC=MS:1001251	NT=Carbamidomethyl;MT=Fixed;TA=C;AC=UNIMOD:4	NT=Acetyl;MT=Variable;TA=N-term;AC=UNIMOD:1	NT=Oxidation;MT=Variable;TA=M;AC=UNIMOD:35	NT=Glu->pyro-Glu;MT=Variable;TA=E;AC=UNIMOD:27	NT=Gln->pyro-Glu;MT=Variable;TA=Q;AC=UNIMOD:28	not available	5 ppm	0.07 Da	Blood plasma
PXD022469-sample-149	Homo sapiens	Blood plasma	not available	not available	not available	not available	not available	1	cell	not available	not available	run149	proteomic profiling by mass spectrometry	v1.1.0	NT=ms-proteomics;VV=v1.1.0	NT=Data-Dependent Acquisition;AC=PRIDE:0000627	2	AP051218_Gurjeet_LA_Hu6_C18_Binos_5.raw	ftp://ftp.pride.ebi.ac.uk/pride/data/archive/2021/02/PXD022469/AP051218_Gurjeet_LA_Hu6_C18_Binos_5.raw	5	NT=label free sample;AC=MS:1002038	NT=Q Exactive HF;AC=MS:1002523	NT=Trypsin;AC=MS:1001251	NT=Carbamidomethyl;MT=Fixed;TA=C;AC=UNIMOD:4	NT=Acetyl;MT=Variable;TA=N-term;AC=UNIMOD:1	NT=Oxidation;MT=Variable;TA=M;AC=UNIMOD:35	NT=Glu->pyro-Glu;MT=Variable;TA=E;AC=UNIMOD:27	NT=Gln->pyro-Glu;MT=Variable;TA=Q;AC=UNIMOD:28	not available	5 ppm	0.07 Da	Blood plasma
PXD022469-sample-150	Homo sapiens	Blood plasma	not available	not available	not available	not available	not available	1	cell	not available	not available	run150	proteomic profiling by mass spectrometry	v1.1.0	NT=ms-proteomics;VV=v1.1.0	NT=Data-Dependent Acquisition;AC=PRIDE:0000627	2	AP051218_Gurjeet_LA_Hu6_C18_Binos_6.raw	ftp://ftp.pride.ebi.ac.uk/pride/data/archive/2021/02/PXD022469/AP051218_Gurjeet_LA_Hu6_C18_Binos_6.raw	6	NT=label free sample;AC=MS:1002038	NT=Q Exactive HF;AC=MS:1002523	NT=Trypsin;AC=MS:1001251	NT=Carbamidomethyl;MT=Fixed;TA=C;AC=UNIMOD:4	NT=Acetyl;MT=Variable;TA=N-term;AC=UNIMOD:1	NT=Oxidation;MT=Variable;TA=M;AC=UNIMOD:35	NT=Glu->pyro-Glu;MT=Variable;TA=E;AC=UNIMOD:27	NT=Gln->pyro-Glu;MT=Variable;TA=Q;AC=UNIMOD:28	not available	5 ppm	0.07 Da	Blood plasma
PXD022469-sample-151	Homo sapiens	Blood plasma	not available	not available	not available	not available	not available	1	cell	not available	not available	run151	proteomic profiling by mass spectrometry	v1.1.0	NT=ms-proteomics;VV=v1.1.0	NT=Data-Dependent Acquisition;AC=PRIDE:0000627	2	AP051218_Gurjeet_LA_Hu6_C18_Binos_7.raw	ftp://ftp.pride.ebi.ac.uk/pride/data/archive/2021/02/PXD022469/AP051218_Gurjeet_LA_Hu6_C18_Binos_7.raw	7	NT=label free sample;AC=MS:1002038	NT=Q Exactive HF;AC=MS:1002523	NT=Trypsin;AC=MS:1001251	NT=Carbamidomethyl;MT=Fixed;TA=C;AC=UNIMOD:4	NT=Acetyl;MT=Variable;TA=N-term;AC=UNIMOD:1	NT=Oxidation;MT=Variable;TA=M;AC=UNIMOD:35	NT=Glu->pyro-Glu;MT=Variable;TA=E;AC=UNIMOD:27	NT=Gln->pyro-Glu;MT=Variable;TA=Q;AC=UNIMOD:28	not available	5 ppm	0.07 Da	Blood plasma
PXD022469-sample-152	Homo sapiens	Blood plasma	not available	not available	not available	not available	not available	1	cell	not available	not available	run152	proteomic profiling by mass spectrometry	v1.1.0	NT=ms-proteomics;VV=v1.1.0	NT=Data-Dependent Acquisition;AC=PRIDE:0000627	2	AP051218_Gurjeet_LA_Hu6_C18_Binos_8.raw	ftp://ftp.pride.ebi.ac.uk/pride/data/archive/2021/02/PXD022469/AP051218_Gurjeet_LA_Hu6_C18_Binos_8.raw	8	NT=label free sample;AC=MS:1002038	NT=Q Exactive HF;AC=MS:1002523	NT=Trypsin;AC=MS:1001251	NT=Carbamidomethyl;MT=Fixed;TA=C;AC=UNIMOD:4	NT=Acetyl;MT=Variable;TA=N-term;AC=UNIMOD:1	NT=Oxidation;MT=Variable;TA=M;AC=UNIMOD:35	NT=Glu->pyro-Glu;MT=Variable;TA=E;AC=UNIMOD:27	NT=Gln->pyro-Glu;MT=Variable;TA=Q;AC=UNIMOD:28	not available	5 ppm	0.07 Da	Blood plasma
PXD022469-sample-153	Homo sapiens	Blood plasma	not available	not available	not available	not available	not available	1	cell	not available	not available	run153	proteomic profiling by mass spectrometry	v1.1.0	NT=ms-proteomics;VV=v1.1.0	NT=Data-Dependent Acquisition;AC=PRIDE:0000627	2	AP051218_Gurjeet_LA_Hu6_C18_Binos_9.raw	ftp://ftp.pride.ebi.ac.uk/pride/data/archive/2021/02/PXD022469/AP051218_Gurjeet_LA_Hu6_C18_Binos_9.raw	9	NT=label free sample;AC=MS:1002038	NT=Q Exactive HF;AC=MS:1002523	NT=Trypsin;AC=MS:1001251	NT=Carbamidomethyl;MT=Fixed;TA=C;AC=UNIMOD:4	NT=Acetyl;MT=Variable;TA=N-term;AC=UNIMOD:1	NT=Oxidation;MT=Variable;TA=M;AC=UNIMOD:35	NT=Glu->pyro-Glu;MT=Variable;TA=E;AC=UNIMOD:27	NT=Gln->pyro-Glu;MT=Variable;TA=Q;AC=UNIMOD:28	not available	5 ppm	0.07 Da	Blood plasma
PXD022469-sample-154	Homo sapiens	Blood plasma	not available	not available	not available	not available	not available	1	cell	not available	not available	run154	proteomic profiling by mass spectrometry	v1.1.0	NT=ms-proteomics;VV=v1.1.0	NT=Data-Dependent Acquisition;AC=PRIDE:0000627	2	AP051218_Gurjeet_LA_Hu6_C18_Binos_10.raw	ftp://ftp.pride.ebi.ac.uk/pride/data/archive/2021/02/PXD022469/AP051218_Gurjeet_LA_Hu6_C18_Binos_10.raw	10	NT=label free sample;AC=MS:1002038	NT=Q Exactive HF;AC=MS:1002523	NT=Trypsin;AC=MS:1001251	NT=Carbamidomethyl;MT=Fixed;TA=C;AC=UNIMOD:4	NT=Acetyl;MT=Variable;TA=N-term;AC=UNIMOD:1	NT=Oxidation;MT=Variable;TA=M;AC=UNIMOD:35	NT=Glu->pyro-Glu;MT=Variable;TA=E;AC=UNIMOD:27	NT=Gln->pyro-Glu;MT=Variable;TA=Q;AC=UNIMOD:28	not available	5 ppm	0.07 Da	Blood plasma
PXD022469-sample-155	Homo sapiens	Blood plasma	not available	not available	not available	not available	not available	1	cell	not available	not available	run155	proteomic profiling by mass spectrometry	v1.1.0	NT=ms-proteomics;VV=v1.1.0	NT=Data-Dependent Acquisition;AC=PRIDE:0000627	2	AP051218_Gurjeet_LA_Hu6_C18_Binos_11.raw	ftp://ftp.pride.ebi.ac.uk/pride/data/archive/2021/02/PXD022469/AP051218_Gurjeet_LA_Hu6_C18_Binos_11.raw	11	NT=label free sample;AC=MS:1002038	NT=Q Exactive HF;AC=MS:1002523	NT=Trypsin;AC=MS:1001251	NT=Carbamidomethyl;MT=Fixed;TA=C;AC=UNIMOD:4	NT=Acetyl;MT=Variable;TA=N-term;AC=UNIMOD:1	NT=Oxidation;MT=Variable;TA=M;AC=UNIMOD:35	NT=Glu->pyro-Glu;MT=Variable;TA=E;AC=UNIMOD:27	NT=Gln->pyro-Glu;MT=Variable;TA=Q;AC=UNIMOD:28	not available	5 ppm	0.07 Da	Blood plasma
PXD022469-sample-156	Homo sapiens	Blood plasma	not available	not available	not available	not available	not available	1	cell	not available	not available	run156	proteomic profiling by mass spectrometry	v1.1.0	NT=ms-proteomics;VV=v1.1.0	NT=Data-Dependent Acquisition;AC=PRIDE:0000627	2	AP051218_Gurjeet_LA_Hu6_C18_Binos_12.raw	ftp://ftp.pride.ebi.ac.uk/pride/data/archive/2021/02/PXD022469/AP051218_Gurjeet_LA_Hu6_C18_Binos_12.raw	12	NT=label free sample;AC=MS:1002038	NT=Q Exactive HF;AC=MS:1002523	NT=Trypsin;AC=MS:1001251	NT=Carbamidomethyl;MT=Fixed;TA=C;AC=UNIMOD:4	NT=Acetyl;MT=Variable;TA=N-term;AC=UNIMOD:1	NT=Oxidation;MT=Variable;TA=M;AC=UNIMOD:35	NT=Glu->pyro-Glu;MT=Variable;TA=E;AC=UNIMOD:27	NT=Gln->pyro-Glu;MT=Variable;TA=Q;AC=UNIMOD:28	not available	5 ppm	0.07 Da	Blood plasma
PXD022469-sample-157	Homo sapiens	Blood plasma	not available	not available	not available	not available	not available	1	cell	not available	not available	run157	proteomic profiling by mass spectrometry	v1.1.0	NT=ms-proteomics;VV=v1.1.0	NT=Data-Dependent Acquisition;AC=PRIDE:0000627	2	AP051218_Gurjeet_LA_Hu6_C18_Binos_13.raw	ftp://ftp.pride.ebi.ac.uk/pride/data/archive/2021/02/PXD022469/AP051218_Gurjeet_LA_Hu6_C18_Binos_13.raw	13	NT=label free sample;AC=MS:1002038	NT=Q Exactive HF;AC=MS:1002523	NT=Trypsin;AC=MS:1001251	NT=Carbamidomethyl;MT=Fixed;TA=C;AC=UNIMOD:4	NT=Acetyl;MT=Variable;TA=N-term;AC=UNIMOD:1	NT=Oxidation;MT=Variable;TA=M;AC=UNIMOD:35	NT=Glu->pyro-Glu;MT=Variable;TA=E;AC=UNIMOD:27	NT=Gln->pyro-Glu;MT=Variable;TA=Q;AC=UNIMOD:28	not available	5 ppm	0.07 Da	Blood plasma
PXD022469-sample-158	Homo sapiens	Blood plasma	not available	not available	not available	not available	not available	1	cell	not available	not available	run158	proteomic profiling by mass spectrometry	v1.1.0	NT=ms-proteomics;VV=v1.1.0	NT=Data-Dependent Acquisition;AC=PRIDE:0000627	2	AP051218_Gurjeet_LA_Hu6_C18_Binos_14.raw	ftp://ftp.pride.ebi.ac.uk/pride/data/archive/2021/02/PXD022469/AP051218_Gurjeet_LA_Hu6_C18_Binos_14.raw	14	NT=label free sample;AC=MS:1002038	NT=Q Exactive HF;AC=MS:1002523	NT=Trypsin;AC=MS:1001251	NT=Carbamidomethyl;MT=Fixed;TA=C;AC=UNIMOD:4	NT=Acetyl;MT=Variable;TA=N-term;AC=UNIMOD:1	NT=Oxidation;MT=Variable;TA=M;AC=UNIMOD:35	NT=Glu->pyro-Glu;MT=Variable;TA=E;AC=UNIMOD:27	NT=Gln->pyro-Glu;MT=Variable;TA=Q;AC=UNIMOD:28	not available	5 ppm	0.07 Da	Blood plasma
PXD022469-sample-159	Homo sapiens	Blood plasma	not available	not available	not available	not available	not available	1	cell	not available	not available	run159	proteomic profiling by mass spectrometry	v1.1.0	NT=ms-proteomics;VV=v1.1.0	NT=Data-Dependent Acquisition;AC=PRIDE:0000627	2	AP051218_Gurjeet_LA_Hu6_C18_Binos_15.raw	ftp://ftp.pride.ebi.ac.uk/pride/data/archive/2021/02/PXD022469/AP051218_Gurjeet_LA_Hu6_C18_Binos_15.raw	15	NT=label free sample;AC=MS:1002038	NT=Q Exactive HF;AC=MS:1002523	NT=Trypsin;AC=MS:1001251	NT=Carbamidomethyl;MT=Fixed;TA=C;AC=UNIMOD:4	NT=Acetyl;MT=Variable;TA=N-term;AC=UNIMOD:1	NT=Oxidation;MT=Variable;TA=M;AC=UNIMOD:35	NT=Glu->pyro-Glu;MT=Variable;TA=E;AC=UNIMOD:27	NT=Gln->pyro-Glu;MT=Variable;TA=Q;AC=UNIMOD:28	not available	5 ppm	0.07 Da	Blood plasma
PXD022469-sample-160	Homo sapiens	Blood plasma	not available	not available	not available	not available	not available	1	cell	not available	not available	run160	proteomic profiling by mass spectrometry	v1.1.0	NT=ms-proteomics;VV=v1.1.0	NT=Data-Dependent Acquisition;AC=PRIDE:0000627	2	AP051218_Gurjeet_LA_Hu6_C18_Binos_16.raw	ftp://ftp.pride.ebi.ac.uk/pride/data/archive/2021/02/PXD022469/AP051218_Gurjeet_LA_Hu6_C18_Binos_16.raw	16	NT=label free sample;AC=MS:1002038	NT=Q Exactive HF;AC=MS:1002523	NT=Trypsin;AC=MS:1001251	NT=Carbamidomethyl;MT=Fixed;TA=C;AC=UNIMOD:4	NT=Acetyl;MT=Variable;TA=N-term;AC=UNIMOD:1	NT=Oxidation;MT=Variable;TA=M;AC=UNIMOD:35	NT=Glu->pyro-Glu;MT=Variable;TA=E;AC=UNIMOD:27	NT=Gln->pyro-Glu;MT=Variable;TA=Q;AC=UNIMOD:28	not available	5 ppm	0.07 Da	Blood plasma
PXD022469-sample-161	Homo sapiens	Blood plasma	not available	not available	not available	not available	not available	1	cell	not available	not available	run161	proteomic profiling by mass spectrometry	v1.1.0	NT=ms-proteomics;VV=v1.1.0	NT=Data-Dependent Acquisition;AC=PRIDE:0000627	2	AP051218_Gurjeet_LA_Hu6_C18_Binos_17.raw	ftp://ftp.pride.ebi.ac.uk/pride/data/archive/2021/02/PXD022469/AP051218_Gurjeet_LA_Hu6_C18_Binos_17.raw	17	NT=label free sample;AC=MS:1002038	NT=Q Exactive HF;AC=MS:1002523	NT=Trypsin;AC=MS:1001251	NT=Carbamidomethyl;MT=Fixed;TA=C;AC=UNIMOD:4	NT=Acetyl;MT=Variable;TA=N-term;AC=UNIMOD:1	NT=Oxidation;MT=Variable;TA=M;AC=UNIMOD:35	NT=Glu->pyro-Glu;MT=Variable;TA=E;AC=UNIMOD:27	NT=Gln->pyro-Glu;MT=Variable;TA=Q;AC=UNIMOD:28	not available	5 ppm	0.07 Da	Blood plasma
PXD022469-sample-162	Homo sapiens	Blood plasma	not available	not available	not available	not available	not available	1	cell	not available	not available	run162	proteomic profiling by mass spectrometry	v1.1.0	NT=ms-proteomics;VV=v1.1.0	NT=Data-Dependent Acquisition;AC=PRIDE:0000627	2	AP051218_Gurjeet_LA_Hu6_C18_Binos_18.raw	ftp://ftp.pride.ebi.ac.uk/pride/data/archive/2021/02/PXD022469/AP051218_Gurjeet_LA_Hu6_C18_Binos_18.raw	18	NT=label free sample;AC=MS:1002038	NT=Q Exactive HF;AC=MS:1002523	NT=Trypsin;AC=MS:1001251	NT=Carbamidomethyl;MT=Fixed;TA=C;AC=UNIMOD:4	NT=Acetyl;MT=Variable;TA=N-term;AC=UNIMOD:1	NT=Oxidation;MT=Variable;TA=M;AC=UNIMOD:35	NT=Glu->pyro-Glu;MT=Variable;TA=E;AC=UNIMOD:27	NT=Gln->pyro-Glu;MT=Variable;TA=Q;AC=UNIMOD:28	not available	5 ppm	0.07 Da	Blood plasma
PXD022469-sample-163	Homo sapiens	Blood plasma	not available	not available	not available	not available	not available	1	cell	not available	not available	run163	proteomic profiling by mass spectrometry	v1.1.0	NT=ms-proteomics;VV=v1.1.0	NT=Data-Dependent Acquisition;AC=PRIDE:0000627	2	AP051218_Gurjeet_LA_Hu6_C18_Binos_19.raw	ftp://ftp.pride.ebi.ac.uk/pride/data/archive/2021/02/PXD022469/AP051218_Gurjeet_LA_Hu6_C18_Binos_19.raw	19	NT=label free sample;AC=MS:1002038	NT=Q Exactive HF;AC=MS:1002523	NT=Trypsin;AC=MS:1001251	NT=Carbamidomethyl;MT=Fixed;TA=C;AC=UNIMOD:4	NT=Acetyl;MT=Variable;TA=N-term;AC=UNIMOD:1	NT=Oxidation;MT=Variable;TA=M;AC=UNIMOD:35	NT=Glu->pyro-Glu;MT=Variable;TA=E;AC=UNIMOD:27	NT=Gln->pyro-Glu;MT=Variable;TA=Q;AC=UNIMOD:28	not available	5 ppm	0.07 Da	Blood plasma
PXD022469-sample-164	Homo sapiens	Blood plasma	not available	not available	not available	not available	not available	1	cell	not available	not available	run164	proteomic profiling by mass spectrometry	v1.1.0	NT=ms-proteomics;VV=v1.1.0	NT=Data-Dependent Acquisition;AC=PRIDE:0000627	2	AP051218_Gurjeet_LA_Hu6_C18_Binos_20.raw	ftp://ftp.pride.ebi.ac.uk/pride/data/archive/2021/02/PXD022469/AP051218_Gurjeet_LA_Hu6_C18_Binos_20.raw	20	NT=label free sample;AC=MS:1002038	NT=Q Exactive HF;AC=MS:1002523	NT=Trypsin;AC=MS:1001251	NT=Carbamidomethyl;MT=Fixed;TA=C;AC=UNIMOD:4	NT=Acetyl;MT=Variable;TA=N-term;AC=UNIMOD:1	NT=Oxidation;MT=Variable;TA=M;AC=UNIMOD:35	NT=Glu->pyro-Glu;MT=Variable;TA=E;AC=UNIMOD:27	NT=Gln->pyro-Glu;MT=Variable;TA=Q;AC=UNIMOD:28	not available	5 ppm	0.07 Da	Blood plasma
PXD022469-sample-165	Homo sapiens	Blood plasma	not available	not available	not available	not available	not available	1	cell	not available	not available	run165	proteomic profiling by mass spectrometry	v1.1.0	NT=ms-proteomics;VV=v1.1.0	NT=Data-Dependent Acquisition;AC=PRIDE:0000627	2	AP051218_Gurjeet_LA_Hu6_C18_Binos_21.raw	ftp://ftp.pride.ebi.ac.uk/pride/data/archive/2021/02/PXD022469/AP051218_Gurjeet_LA_Hu6_C18_Binos_21.raw	21	NT=label free sample;AC=MS:1002038	NT=Q Exactive HF;AC=MS:1002523	NT=Trypsin;AC=MS:1001251	NT=Carbamidomethyl;MT=Fixed;TA=C;AC=UNIMOD:4	NT=Acetyl;MT=Variable;TA=N-term;AC=UNIMOD:1	NT=Oxidation;MT=Variable;TA=M;AC=UNIMOD:35	NT=Glu->pyro-Glu;MT=Variable;TA=E;AC=UNIMOD:27	NT=Gln->pyro-Glu;MT=Variable;TA=Q;AC=UNIMOD:28	not available	5 ppm	0.07 Da	Blood plasma
PXD022469-sample-166	Homo sapiens	Blood plasma	not available	not available	not available	not available	not available	1	cell	not available	not available	run166	proteomic profiling by mass spectrometry	v1.1.0	NT=ms-proteomics;VV=v1.1.0	NT=Data-Dependent Acquisition;AC=PRIDE:0000627	2	AP051218_Gurjeet_LA_Hu6_C18_Binos_22.raw	ftp://ftp.pride.ebi.ac.uk/pride/data/archive/2021/02/PXD022469/AP051218_Gurjeet_LA_Hu6_C18_Binos_22.raw	22	NT=label free sample;AC=MS:1002038	NT=Q Exactive HF;AC=MS:1002523	NT=Trypsin;AC=MS:1001251	NT=Carbamidomethyl;MT=Fixed;TA=C;AC=UNIMOD:4	NT=Acetyl;MT=Variable;TA=N-term;AC=UNIMOD:1	NT=Oxidation;MT=Variable;TA=M;AC=UNIMOD:35	NT=Glu->pyro-Glu;MT=Variable;TA=E;AC=UNIMOD:27	NT=Gln->pyro-Glu;MT=Variable;TA=Q;AC=UNIMOD:28	not available	5 ppm	0.07 Da	Blood plasma
PXD022469-sample-167	Homo sapiens	Blood plasma	not available	not available	not available	not available	not available	1	cell	not available	not available	run167	proteomic profiling by mass spectrometry	v1.1.0	NT=ms-proteomics;VV=v1.1.0	NT=Data-Dependent Acquisition;AC=PRIDE:0000627	2	AP051218_Gurjeet_LA_Hu6_C18_Binos_23.raw	ftp://ftp.pride.ebi.ac.uk/pride/data/archive/2021/02/PXD022469/AP051218_Gurjeet_LA_Hu6_C18_Binos_23.raw	23	NT=label free sample;AC=MS:1002038	NT=Q Exactive HF;AC=MS:1002523	NT=Trypsin;AC=MS:1001251	NT=Carbamidomethyl;MT=Fixed;TA=C;AC=UNIMOD:4	NT=Acetyl;MT=Variable;TA=N-term;AC=UNIMOD:1	NT=Oxidation;MT=Variable;TA=M;AC=UNIMOD:35	NT=Glu->pyro-Glu;MT=Variable;TA=E;AC=UNIMOD:27	NT=Gln->pyro-Glu;MT=Variable;TA=Q;AC=UNIMOD:28	not available	5 ppm	0.07 Da	Blood plasma
PXD022469-sample-168	Homo sapiens	Blood plasma	not available	not available	not available	not available	not available	1	cell	not available	not available	run168	proteomic profiling by mass spectrometry	v1.1.0	NT=ms-proteomics;VV=v1.1.0	NT=Data-Dependent Acquisition;AC=PRIDE:0000627	2	AP051218_Gurjeet_LA_Hu6_C18_Binos_24.raw	ftp://ftp.pride.ebi.ac.uk/pride/data/archive/2021/02/PXD022469/AP051218_Gurjeet_LA_Hu6_C18_Binos_24.raw	24	NT=label free sample;AC=MS:1002038	NT=Q Exactive HF;AC=MS:1002523	NT=Trypsin;AC=MS:1001251	NT=Carbamidomethyl;MT=Fixed;TA=C;AC=UNIMOD:4	NT=Acetyl;MT=Variable;TA=N-term;AC=UNIMOD:1	NT=Oxidation;MT=Variable;TA=M;AC=UNIMOD:35	NT=Glu->pyro-Glu;MT=Variable;TA=E;AC=UNIMOD:27	NT=Gln->pyro-Glu;MT=Variable;TA=Q;AC=UNIMOD:28	not available	5 ppm	0.07 Da	Blood plasma
PXD022469-sample-169	Homo sapiens	Blood plasma	not available	not available	not available	not available	not available	1	cell	not available	not available	run169	proteomic profiling by mass spectrometry	v1.1.0	NT=ms-proteomics;VV=v1.1.0	NT=Data-Dependent Acquisition;AC=PRIDE:0000627	2	AP051118_Gurjeet_Hu6_LA_C18_1.raw	ftp://ftp.pride.ebi.ac.uk/pride/data/archive/2021/02/PXD022469/AP051118_Gurjeet_Hu6_LA_C18_1.raw	1	NT=label free sample;AC=MS:1002038	NT=Q Exactive HF;AC=MS:1002523	NT=Trypsin;AC=MS:1001251	NT=Carbamidomethyl;MT=Fixed;TA=C;AC=UNIMOD:4	NT=Acetyl;MT=Variable;TA=N-term;AC=UNIMOD:1	NT=Oxidation;MT=Variable;TA=M;AC=UNIMOD:35	NT=Glu->pyro-Glu;MT=Variable;TA=E;AC=UNIMOD:27	NT=Gln->pyro-Glu;MT=Variable;TA=Q;AC=UNIMOD:28	not available	5 ppm	0.07 Da	Blood plasma
PXD022469-sample-170	Homo sapiens	Blood plasma	not available	not available	not available	not available	not available	1	cell	not available	not available	run170	proteomic profiling by mass spectrometry	v1.1.0	NT=ms-proteomics;VV=v1.1.0	NT=Data-Dependent Acquisition;AC=PRIDE:0000627	2	AP051118_Gurjeet_Hu6_LA_C18_2.raw	ftp://ftp.pride.ebi.ac.uk/pride/data/archive/2021/02/PXD022469/AP051118_Gurjeet_Hu6_LA_C18_2.raw	2	NT=label free sample;AC=MS:1002038	NT=Q Exactive HF;AC=MS:1002523	NT=Trypsin;AC=MS:1001251	NT=Carbamidomethyl;MT=Fixed;TA=C;AC=UNIMOD:4	NT=Acetyl;MT=Variable;TA=N-term;AC=UNIMOD:1	NT=Oxidation;MT=Variable;TA=M;AC=UNIMOD:35	NT=Glu->pyro-Glu;MT=Variable;TA=E;AC=UNIMOD:27	NT=Gln->pyro-Glu;MT=Variable;TA=Q;AC=UNIMOD:28	not available	5 ppm	0.07 Da	Blood plasma
PXD022469-sample-171	Homo sapiens	Blood plasma	not available	not available	not available	not available	not available	1	cell	not available	not available	run171	proteomic profiling by mass spectrometry	v1.1.0	NT=ms-proteomics;VV=v1.1.0	NT=Data-Dependent Acquisition;AC=PRIDE:0000627	2	AP051118_Gurjeet_Hu6_LA_C18_3.raw	ftp://ftp.pride.ebi.ac.uk/pride/data/archive/2021/02/PXD022469/AP051118_Gurjeet_Hu6_LA_C18_3.raw	3	NT=label free sample;AC=MS:1002038	NT=Q Exactive HF;AC=MS:1002523	NT=Trypsin;AC=MS:1001251	NT=Carbamidomethyl;MT=Fixed;TA=C;AC=UNIMOD:4	NT=Acetyl;MT=Variable;TA=N-term;AC=UNIMOD:1	NT=Oxidation;MT=Variable;TA=M;AC=UNIMOD:35	NT=Glu->pyro-Glu;MT=Variable;TA=E;AC=UNIMOD:27	NT=Gln->pyro-Glu;MT=Variable;TA=Q;AC=UNIMOD:28	not available	5 ppm	0.07 Da	Blood plasma
PXD022469-sample-172	Homo sapiens	Blood plasma	not available	not available	not available	not available	not available	1	cell	not available	not available	run172	proteomic profiling by mass spectrometry	v1.1.0	NT=ms-proteomics;VV=v1.1.0	NT=Data-Dependent Acquisition;AC=PRIDE:0000627	2	AP051118_Gurjeet_Hu6_LA_C18_4.raw	ftp://ftp.pride.ebi.ac.uk/pride/data/archive/2021/02/PXD022469/AP051118_Gurjeet_Hu6_LA_C18_4.raw	4	NT=label free sample;AC=MS:1002038	NT=Q Exactive HF;AC=MS:1002523	NT=Trypsin;AC=MS:1001251	NT=Carbamidomethyl;MT=Fixed;TA=C;AC=UNIMOD:4	NT=Acetyl;MT=Variable;TA=N-term;AC=UNIMOD:1	NT=Oxidation;MT=Variable;TA=M;AC=UNIMOD:35	NT=Glu->pyro-Glu;MT=Variable;TA=E;AC=UNIMOD:27	NT=Gln->pyro-Glu;MT=Variable;TA=Q;AC=UNIMOD:28	not available	5 ppm	0.07 Da	Blood plasma
PXD022469-sample-173	Homo sapiens	Blood plasma	not available	not available	not available	not available	not available	1	cell	not available	not available	run173	proteomic profiling by mass spectrometry	v1.1.0	NT=ms-proteomics;VV=v1.1.0	NT=Data-Dependent Acquisition;AC=PRIDE:0000627	2	AP051118_Gurjeet_Hu6_LA_C18_5.raw	ftp://ftp.pride.ebi.ac.uk/pride/data/archive/2021/02/PXD022469/AP051118_Gurjeet_Hu6_LA_C18_5.raw	5	NT=label free sample;AC=MS:1002038	NT=Q Exactive HF;AC=MS:1002523	NT=Trypsin;AC=MS:1001251	NT=Carbamidomethyl;MT=Fixed;TA=C;AC=UNIMOD:4	NT=Acetyl;MT=Variable;TA=N-term;AC=UNIMOD:1	NT=Oxidation;MT=Variable;TA=M;AC=UNIMOD:35	NT=Glu->pyro-Glu;MT=Variable;TA=E;AC=UNIMOD:27	NT=Gln->pyro-Glu;MT=Variable;TA=Q;AC=UNIMOD:28	not available	5 ppm	0.07 Da	Blood plasma
PXD022469-sample-174	Homo sapiens	Blood plasma	not available	not available	not available	not available	not available	1	cell	not available	not available	run174	proteomic profiling by mass spectrometry	v1.1.0	NT=ms-proteomics;VV=v1.1.0	NT=Data-Dependent Acquisition;AC=PRIDE:0000627	2	AP051118_Gurjeet_Hu6_LA_C18_6.raw	ftp://ftp.pride.ebi.ac.uk/pride/data/archive/2021/02/PXD022469/AP051118_Gurjeet_Hu6_LA_C18_6.raw	6	NT=label free sample;AC=MS:1002038	NT=Q Exactive HF;AC=MS:1002523	NT=Trypsin;AC=MS:1001251	NT=Carbamidomethyl;MT=Fixed;TA=C;AC=UNIMOD:4	NT=Acetyl;MT=Variable;TA=N-term;AC=UNIMOD:1	NT=Oxidation;MT=Variable;TA=M;AC=UNIMOD:35	NT=Glu->pyro-Glu;MT=Variable;TA=E;AC=UNIMOD:27	NT=Gln->pyro-Glu;MT=Variable;TA=Q;AC=UNIMOD:28	not available	5 ppm	0.07 Da	Blood plasma
PXD022469-sample-175	Homo sapiens	Blood plasma	not available	not available	not available	not available	not available	1	cell	not available	not available	run175	proteomic profiling by mass spectrometry	v1.1.0	NT=ms-proteomics;VV=v1.1.0	NT=Data-Dependent Acquisition;AC=PRIDE:0000627	2	AP051118_Gurjeet_Hu6_LA_C18_7.raw	ftp://ftp.pride.ebi.ac.uk/pride/data/archive/2021/02/PXD022469/AP051118_Gurjeet_Hu6_LA_C18_7.raw	7	NT=label free sample;AC=MS:1002038	NT=Q Exactive HF;AC=MS:1002523	NT=Trypsin;AC=MS:1001251	NT=Carbamidomethyl;MT=Fixed;TA=C;AC=UNIMOD:4	NT=Acetyl;MT=Variable;TA=N-term;AC=UNIMOD:1	NT=Oxidation;MT=Variable;TA=M;AC=UNIMOD:35	NT=Glu->pyro-Glu;MT=Variable;TA=E;AC=UNIMOD:27	NT=Gln->pyro-Glu;MT=Variable;TA=Q;AC=UNIMOD:28	not available	5 ppm	0.07 Da	Blood plasma
PXD022469-sample-176	Homo sapiens	Blood plasma	not available	not available	not available	not available	not available	1	cell	not available	not available	run176	proteomic profiling by mass spectrometry	v1.1.0	NT=ms-proteomics;VV=v1.1.0	NT=Data-Dependent Acquisition;AC=PRIDE:0000627	2	AP051118_Gurjeet_Hu6_LA_C18_8.raw	ftp://ftp.pride.ebi.ac.uk/pride/data/archive/2021/02/PXD022469/AP051118_Gurjeet_Hu6_LA_C18_8.raw	8	NT=label free sample;AC=MS:1002038	NT=Q Exactive HF;AC=MS:1002523	NT=Trypsin;AC=MS:1001251	NT=Carbamidomethyl;MT=Fixed;TA=C;AC=UNIMOD:4	NT=Acetyl;MT=Variable;TA=N-term;AC=UNIMOD:1	NT=Oxidation;MT=Variable;TA=M;AC=UNIMOD:35	NT=Glu->pyro-Glu;MT=Variable;TA=E;AC=UNIMOD:27	NT=Gln->pyro-Glu;MT=Variable;TA=Q;AC=UNIMOD:28	not available	5 ppm	0.07 Da	Blood plasma
PXD022469-sample-177	Homo sapiens	Blood plasma	not available	not available	not available	not available	not available	1	cell	not available	not available	run177	proteomic profiling by mass spectrometry	v1.1.0	NT=ms-proteomics;VV=v1.1.0	NT=Data-Dependent Acquisition;AC=PRIDE:0000627	2	AP051118_Gurjeet_Hu6_LA_C18_9.raw	ftp://ftp.pride.ebi.ac.uk/pride/data/archive/2021/02/PXD022469/AP051118_Gurjeet_Hu6_LA_C18_9.raw	9	NT=label free sample;AC=MS:1002038	NT=Q Exactive HF;AC=MS:1002523	NT=Trypsin;AC=MS:1001251	NT=Carbamidomethyl;MT=Fixed;TA=C;AC=UNIMOD:4	NT=Acetyl;MT=Variable;TA=N-term;AC=UNIMOD:1	NT=Oxidation;MT=Variable;TA=M;AC=UNIMOD:35	NT=Glu->pyro-Glu;MT=Variable;TA=E;AC=UNIMOD:27	NT=Gln->pyro-Glu;MT=Variable;TA=Q;AC=UNIMOD:28	not available	5 ppm	0.07 Da	Blood plasma
PXD022469-sample-178	Homo sapiens	Blood plasma	not available	not available	not available	not available	not available	1	cell	not available	not available	run178	proteomic profiling by mass spectrometry	v1.1.0	NT=ms-proteomics;VV=v1.1.0	NT=Data-Dependent Acquisition;AC=PRIDE:0000627	2	AP051118_Gurjeet_Hu6_LA_C18_10.raw	ftp://ftp.pride.ebi.ac.uk/pride/data/archive/2021/02/PXD022469/AP051118_Gurjeet_Hu6_LA_C18_10.raw	10	NT=label free sample;AC=MS:1002038	NT=Q Exactive HF;AC=MS:1002523	NT=Trypsin;AC=MS:1001251	NT=Carbamidomethyl;MT=Fixed;TA=C;AC=UNIMOD:4	NT=Acetyl;MT=Variable;TA=N-term;AC=UNIMOD:1	NT=Oxidation;MT=Variable;TA=M;AC=UNIMOD:35	NT=Glu->pyro-Glu;MT=Variable;TA=E;AC=UNIMOD:27	NT=Gln->pyro-Glu;MT=Variable;TA=Q;AC=UNIMOD:28	not available	5 ppm	0.07 Da	Blood plasma
PXD022469-sample-179	Homo sapiens	Blood plasma	not available	not available	not available	not available	not available	1	cell	not available	not available	run179	proteomic profiling by mass spectrometry	v1.1.0	NT=ms-proteomics;VV=v1.1.0	NT=Data-Dependent Acquisition;AC=PRIDE:0000627	2	AP051118_Gurjeet_Hu6_LA_C18_11.raw	ftp://ftp.pride.ebi.ac.uk/pride/data/archive/2021/02/PXD022469/AP051118_Gurjeet_Hu6_LA_C18_11.raw	11	NT=label free sample;AC=MS:1002038	NT=Q Exactive HF;AC=MS:1002523	NT=Trypsin;AC=MS:1001251	NT=Carbamidomethyl;MT=Fixed;TA=C;AC=UNIMOD:4	NT=Acetyl;MT=Variable;TA=N-term;AC=UNIMOD:1	NT=Oxidation;MT=Variable;TA=M;AC=UNIMOD:35	NT=Glu->pyro-Glu;MT=Variable;TA=E;AC=UNIMOD:27	NT=Gln->pyro-Glu;MT=Variable;TA=Q;AC=UNIMOD:28	not available	5 ppm	0.07 Da	Blood plasma
PXD022469-sample-180	Homo sapiens	Blood plasma	not available	not available	not available	not available	not available	1	cell	not available	not available	run180	proteomic profiling by mass spectrometry	v1.1.0	NT=ms-proteomics;VV=v1.1.0	NT=Data-Dependent Acquisition;AC=PRIDE:0000627	2	AP051118_Gurjeet_Hu6_LA_C18_12.raw	ftp://ftp.pride.ebi.ac.uk/pride/data/archive/2021/02/PXD022469/AP051118_Gurjeet_Hu6_LA_C18_12.raw	12	NT=label free sample;AC=MS:1002038	NT=Q Exactive HF;AC=MS:1002523	NT=Trypsin;AC=MS:1001251	NT=Carbamidomethyl;MT=Fixed;TA=C;AC=UNIMOD:4	NT=Acetyl;MT=Variable;TA=N-term;AC=UNIMOD:1	NT=Oxidation;MT=Variable;TA=M;AC=UNIMOD:35	NT=Glu->pyro-Glu;MT=Variable;TA=E;AC=UNIMOD:27	NT=Gln->pyro-Glu;MT=Variable;TA=Q;AC=UNIMOD:28	not available	5 ppm	0.07 Da	Blood plasma
PXD022469-sample-181	Homo sapiens	Blood plasma	not available	not available	not available	not available	not available	1	cell	not available	not available	run181	proteomic profiling by mass spectrometry	v1.1.0	NT=ms-proteomics;VV=v1.1.0	NT=Data-Dependent Acquisition;AC=PRIDE:0000627	2	AP051118_Gurjeet_Hu6_LA_C18_13.raw	ftp://ftp.pride.ebi.ac.uk/pride/data/archive/2021/02/PXD022469/AP051118_Gurjeet_Hu6_LA_C18_13.raw	13	NT=label free sample;AC=MS:1002038	NT=Q Exactive HF;AC=MS:1002523	NT=Trypsin;AC=MS:1001251	NT=Carbamidomethyl;MT=Fixed;TA=C;AC=UNIMOD:4	NT=Acetyl;MT=Variable;TA=N-term;AC=UNIMOD:1	NT=Oxidation;MT=Variable;TA=M;AC=UNIMOD:35	NT=Glu->pyro-Glu;MT=Variable;TA=E;AC=UNIMOD:27	NT=Gln->pyro-Glu;MT=Variable;TA=Q;AC=UNIMOD:28	not available	5 ppm	0.07 Da	Blood plasma
PXD022469-sample-182	Homo sapiens	Blood plasma	not available	not available	not available	not available	not available	1	cell	not available	not available	run182	proteomic profiling by mass spectrometry	v1.1.0	NT=ms-proteomics;VV=v1.1.0	NT=Data-Dependent Acquisition;AC=PRIDE:0000627	2	AP051118_Gurjeet_Hu6_LA_C18_14.raw	ftp://ftp.pride.ebi.ac.uk/pride/data/archive/2021/02/PXD022469/AP051118_Gurjeet_Hu6_LA_C18_14.raw	14	NT=label free sample;AC=MS:1002038	NT=Q Exactive HF;AC=MS:1002523	NT=Trypsin;AC=MS:1001251	NT=Carbamidomethyl;MT=Fixed;TA=C;AC=UNIMOD:4	NT=Acetyl;MT=Variable;TA=N-term;AC=UNIMOD:1	NT=Oxidation;MT=Variable;TA=M;AC=UNIMOD:35	NT=Glu->pyro-Glu;MT=Variable;TA=E;AC=UNIMOD:27	NT=Gln->pyro-Glu;MT=Variable;TA=Q;AC=UNIMOD:28	not available	5 ppm	0.07 Da	Blood plasma
PXD022469-sample-183	Homo sapiens	Blood plasma	not available	not available	not available	not available	not available	1	cell	not available	not available	run183	proteomic profiling by mass spectrometry	v1.1.0	NT=ms-proteomics;VV=v1.1.0	NT=Data-Dependent Acquisition;AC=PRIDE:0000627	2	AP051118_Gurjeet_Hu6_LA_C18_15.raw	ftp://ftp.pride.ebi.ac.uk/pride/data/archive/2021/02/PXD022469/AP051118_Gurjeet_Hu6_LA_C18_15.raw	15	NT=label free sample;AC=MS:1002038	NT=Q Exactive HF;AC=MS:1002523	NT=Trypsin;AC=MS:1001251	NT=Carbamidomethyl;MT=Fixed;TA=C;AC=UNIMOD:4	NT=Acetyl;MT=Variable;TA=N-term;AC=UNIMOD:1	NT=Oxidation;MT=Variable;TA=M;AC=UNIMOD:35	NT=Glu->pyro-Glu;MT=Variable;TA=E;AC=UNIMOD:27	NT=Gln->pyro-Glu;MT=Variable;TA=Q;AC=UNIMOD:28	not available	5 ppm	0.07 Da	Blood plasma
PXD022469-sample-184	Homo sapiens	Blood plasma	not available	not available	not available	not available	not available	1	cell	not available	not available	run184	proteomic profiling by mass spectrometry	v1.1.0	NT=ms-proteomics;VV=v1.1.0	NT=Data-Dependent Acquisition;AC=PRIDE:0000627	2	AP051118_Gurjeet_Hu6_LA_C18_16.raw	ftp://ftp.pride.ebi.ac.uk/pride/data/archive/2021/02/PXD022469/AP051118_Gurjeet_Hu6_LA_C18_16.raw	16	NT=label free sample;AC=MS:1002038	NT=Q Exactive HF;AC=MS:1002523	NT=Trypsin;AC=MS:1001251	NT=Carbamidomethyl;MT=Fixed;TA=C;AC=UNIMOD:4	NT=Acetyl;MT=Variable;TA=N-term;AC=UNIMOD:1	NT=Oxidation;MT=Variable;TA=M;AC=UNIMOD:35	NT=Glu->pyro-Glu;MT=Variable;TA=E;AC=UNIMOD:27	NT=Gln->pyro-Glu;MT=Variable;TA=Q;AC=UNIMOD:28	not available	5 ppm	0.07 Da	Blood plasma
PXD022469-sample-185	Homo sapiens	Blood plasma	not available	not available	not available	not available	not available	1	cell	not available	not available	run185	proteomic profiling by mass spectrometry	v1.1.0	NT=ms-proteomics;VV=v1.1.0	NT=Data-Dependent Acquisition;AC=PRIDE:0000627	2	AP051118_Gurjeet_Hu6_LA_C18_17.raw	ftp://ftp.pride.ebi.ac.uk/pride/data/archive/2021/02/PXD022469/AP051118_Gurjeet_Hu6_LA_C18_17.raw	17	NT=label free sample;AC=MS:1002038	NT=Q Exactive HF;AC=MS:1002523	NT=Trypsin;AC=MS:1001251	NT=Carbamidomethyl;MT=Fixed;TA=C;AC=UNIMOD:4	NT=Acetyl;MT=Variable;TA=N-term;AC=UNIMOD:1	NT=Oxidation;MT=Variable;TA=M;AC=UNIMOD:35	NT=Glu->pyro-Glu;MT=Variable;TA=E;AC=UNIMOD:27	NT=Gln->pyro-Glu;MT=Variable;TA=Q;AC=UNIMOD:28	not available	5 ppm	0.07 Da	Blood plasma
PXD022469-sample-186	Homo sapiens	Blood plasma	not available	not available	not available	not available	not available	1	cell	not available	not available	run186	proteomic profiling by mass spectrometry	v1.1.0	NT=ms-proteomics;VV=v1.1.0	NT=Data-Dependent Acquisition;AC=PRIDE:0000627	2	AP051118_Gurjeet_Hu6_LA_C18_18.raw	ftp://ftp.pride.ebi.ac.uk/pride/data/archive/2021/02/PXD022469/AP051118_Gurjeet_Hu6_LA_C18_18.raw	18	NT=label free sample;AC=MS:1002038	NT=Q Exactive HF;AC=MS:1002523	NT=Trypsin;AC=MS:1001251	NT=Carbamidomethyl;MT=Fixed;TA=C;AC=UNIMOD:4	NT=Acetyl;MT=Variable;TA=N-term;AC=UNIMOD:1	NT=Oxidation;MT=Variable;TA=M;AC=UNIMOD:35	NT=Glu->pyro-Glu;MT=Variable;TA=E;AC=UNIMOD:27	NT=Gln->pyro-Glu;MT=Variable;TA=Q;AC=UNIMOD:28	not available	5 ppm	0.07 Da	Blood plasma
PXD022469-sample-187	Homo sapiens	Blood plasma	not available	not available	not available	not available	not available	1	cell	not available	not available	run187	proteomic profiling by mass spectrometry	v1.1.0	NT=ms-proteomics;VV=v1.1.0	NT=Data-Dependent Acquisition;AC=PRIDE:0000627	2	AP051118_Gurjeet_Hu6_LA_C18_19.raw	ftp://ftp.pride.ebi.ac.uk/pride/data/archive/2021/02/PXD022469/AP051118_Gurjeet_Hu6_LA_C18_19.raw	19	NT=label free sample;AC=MS:1002038	NT=Q Exactive HF;AC=MS:1002523	NT=Trypsin;AC=MS:1001251	NT=Carbamidomethyl;MT=Fixed;TA=C;AC=UNIMOD:4	NT=Acetyl;MT=Variable;TA=N-term;AC=UNIMOD:1	NT=Oxidation;MT=Variable;TA=M;AC=UNIMOD:35	NT=Glu->pyro-Glu;MT=Variable;TA=E;AC=UNIMOD:27	NT=Gln->pyro-Glu;MT=Variable;TA=Q;AC=UNIMOD:28	not available	5 ppm	0.07 Da	Blood plasma
PXD022469-sample-188	Homo sapiens	Blood plasma	not available	not available	not available	not available	not available	1	cell	not available	not available	run188	proteomic profiling by mass spectrometry	v1.1.0	NT=ms-proteomics;VV=v1.1.0	NT=Data-Dependent Acquisition;AC=PRIDE:0000627	2	AP051118_Gurjeet_Hu6_LA_C18_20.raw	ftp://ftp.pride.ebi.ac.uk/pride/data/archive/2021/02/PXD022469/AP051118_Gurjeet_Hu6_LA_C18_20.raw	20	NT=label free sample;AC=MS:1002038	NT=Q Exactive HF;AC=MS:1002523	NT=Trypsin;AC=MS:1001251	NT=Carbamidomethyl;MT=Fixed;TA=C;AC=UNIMOD:4	NT=Acetyl;MT=Variable;TA=N-term;AC=UNIMOD:1	NT=Oxidation;MT=Variable;TA=M;AC=UNIMOD:35	NT=Glu->pyro-Glu;MT=Variable;TA=E;AC=UNIMOD:27	NT=Gln->pyro-Glu;MT=Variable;TA=Q;AC=UNIMOD:28	not available	5 ppm	0.07 Da	Blood plasma
PXD022469-sample-189	Homo sapiens	Blood plasma	not available	not available	not available	not available	not available	1	cell	not available	not available	run189	proteomic profiling by mass spectrometry	v1.1.0	NT=ms-proteomics;VV=v1.1.0	NT=Data-Dependent Acquisition;AC=PRIDE:0000627	2	AP051118_Gurjeet_Hu6_LA_C18_21.raw	ftp://ftp.pride.ebi.ac.uk/pride/data/archive/2021/02/PXD022469/AP051118_Gurjeet_Hu6_LA_C18_21.raw	21	NT=label free sample;AC=MS:1002038	NT=Q Exactive HF;AC=MS:1002523	NT=Trypsin;AC=MS:1001251	NT=Carbamidomethyl;MT=Fixed;TA=C;AC=UNIMOD:4	NT=Acetyl;MT=Variable;TA=N-term;AC=UNIMOD:1	NT=Oxidation;MT=Variable;TA=M;AC=UNIMOD:35	NT=Glu->pyro-Glu;MT=Variable;TA=E;AC=UNIMOD:27	NT=Gln->pyro-Glu;MT=Variable;TA=Q;AC=UNIMOD:28	not available	5 ppm	0.07 Da	Blood plasma
PXD022469-sample-190	Homo sapiens	Blood plasma	not available	not available	not available	not available	not available	1	cell	not available	not available	run190	proteomic profiling by mass spectrometry	v1.1.0	NT=ms-proteomics;VV=v1.1.0	NT=Data-Dependent Acquisition;AC=PRIDE:0000627	2	AP051118_Gurjeet_Hu6_LA_C18_22.raw	ftp://ftp.pride.ebi.ac.uk/pride/data/archive/2021/02/PXD022469/AP051118_Gurjeet_Hu6_LA_C18_22.raw	22	NT=label free sample;AC=MS:1002038	NT=Q Exactive HF;AC=MS:1002523	NT=Trypsin;AC=MS:1001251	NT=Carbamidomethyl;MT=Fixed;TA=C;AC=UNIMOD:4	NT=Acetyl;MT=Variable;TA=N-term;AC=UNIMOD:1	NT=Oxidation;MT=Variable;TA=M;AC=UNIMOD:35	NT=Glu->pyro-Glu;MT=Variable;TA=E;AC=UNIMOD:27	NT=Gln->pyro-Glu;MT=Variable;TA=Q;AC=UNIMOD:28	not available	5 ppm	0.07 Da	Blood plasma
PXD022469-sample-191	Homo sapiens	Blood plasma	not available	not available	not available	not available	not available	1	cell	not available	not available	run191	proteomic profiling by mass spectrometry	v1.1.0	NT=ms-proteomics;VV=v1.1.0	NT=Data-Dependent Acquisition;AC=PRIDE:0000627	2	AP051118_Gurjeet_Hu6_LA_C18_23.raw	ftp://ftp.pride.ebi.ac.uk/pride/data/archive/2021/02/PXD022469/AP051118_Gurjeet_Hu6_LA_C18_23.raw	23	NT=label free sample;AC=MS:1002038	NT=Q Exactive HF;AC=MS:1002523	NT=Trypsin;AC=MS:1001251	NT=Carbamidomethyl;MT=Fixed;TA=C;AC=UNIMOD:4	NT=Acetyl;MT=Variable;TA=N-term;AC=UNIMOD:1	NT=Oxidation;MT=Variable;TA=M;AC=UNIMOD:35	NT=Glu->pyro-Glu;MT=Variable;TA=E;AC=UNIMOD:27	NT=Gln->pyro-Glu;MT=Variable;TA=Q;AC=UNIMOD:28	not available	5 ppm	0.07 Da	Blood plasma
PXD022469-sample-192	Homo sapiens	Blood plasma	not available	not available	not available	not available	not available	1	cell	not available	not available	run192	proteomic profiling by mass spectrometry	v1.1.0	NT=ms-proteomics;VV=v1.1.0	NT=Data-Dependent Acquisition;AC=PRIDE:0000627	2	AP051118_Gurjeet_Hu6_LA_C18_24.raw	ftp://ftp.pride.ebi.ac.uk/pride/data/archive/2021/02/PXD022469/AP051118_Gurjeet_Hu6_LA_C18_24.raw	24	NT=label free sample;AC=MS:1002038	NT=Q Exactive HF;AC=MS:1002523	NT=Trypsin;AC=MS:1001251	NT=Carbamidomethyl;MT=Fixed;TA=C;AC=UNIMOD:4	NT=Acetyl;MT=Variable;TA=N-term;AC=UNIMOD:1	NT=Oxidation;MT=Variable;TA=M;AC=UNIMOD:35	NT=Glu->pyro-Glu;MT=Variable;TA=E;AC=UNIMOD:27	NT=Gln->pyro-Glu;MT=Variable;TA=Q;AC=UNIMOD:28	not available	5 ppm	0.07 Da	Blood plasma
PXD022469-sample-193	Homo sapiens	Blood plasma	not available	not available	not available	not available	not available	1	cell	not available	not available	run193	proteomic profiling by mass spectrometry	v1.1.0	NT=ms-proteomics;VV=v1.1.0	NT=Data-Dependent Acquisition;AC=PRIDE:0000627	2	AP051118_Gurjeet_ProtMiner_B1.raw	ftp://ftp.pride.ebi.ac.uk/pride/data/archive/2021/02/PXD022469/AP051118_Gurjeet_ProtMiner_B1.raw	1	NT=label free sample;AC=MS:1002038	NT=Q Exactive HF;AC=MS:1002523	NT=Trypsin;AC=MS:1001251	NT=Carbamidomethyl;MT=Fixed;TA=C;AC=UNIMOD:4	NT=Acetyl;MT=Variable;TA=N-term;AC=UNIMOD:1	NT=Oxidation;MT=Variable;TA=M;AC=UNIMOD:35	NT=Glu->pyro-Glu;MT=Variable;TA=E;AC=UNIMOD:27	NT=Gln->pyro-Glu;MT=Variable;TA=Q;AC=UNIMOD:28	not available	5 ppm	0.07 Da	Blood plasma
PXD022469-sample-194	Homo sapiens	Blood plasma	not available	not available	not available	not available	not available	1	cell	not available	not available	run194	proteomic profiling by mass spectrometry	v1.1.0	NT=ms-proteomics;VV=v1.1.0	NT=Data-Dependent Acquisition;AC=PRIDE:0000627	2	AP051118_Gurjeet_ProtMiner_B2.raw	ftp://ftp.pride.ebi.ac.uk/pride/data/archive/2021/02/PXD022469/AP051118_Gurjeet_ProtMiner_B2.raw	2	NT=label free sample;AC=MS:1002038	NT=Q Exactive HF;AC=MS:1002523	NT=Trypsin;AC=MS:1001251	NT=Carbamidomethyl;MT=Fixed;TA=C;AC=UNIMOD:4	NT=Acetyl;MT=Variable;TA=N-term;AC=UNIMOD:1	NT=Oxidation;MT=Variable;TA=M;AC=UNIMOD:35	NT=Glu->pyro-Glu;MT=Variable;TA=E;AC=UNIMOD:27	NT=Gln->pyro-Glu;MT=Variable;TA=Q;AC=UNIMOD:28	not available	5 ppm	0.07 Da	Blood plasma
PXD022469-sample-195	Homo sapiens	Blood plasma	not available	not available	not available	not available	not available	1	cell	not available	not available	run195	proteomic profiling by mass spectrometry	v1.1.0	NT=ms-proteomics;VV=v1.1.0	NT=Data-Dependent Acquisition;AC=PRIDE:0000627	2	AP051118_Gurjeet_ProtMiner_B3.raw	ftp://ftp.pride.ebi.ac.uk/pride/data/archive/2021/02/PXD022469/AP051118_Gurjeet_ProtMiner_B3.raw	3	NT=label free sample;AC=MS:1002038	NT=Q Exactive HF;AC=MS:1002523	NT=Trypsin;AC=MS:1001251	NT=Carbamidomethyl;MT=Fixed;TA=C;AC=UNIMOD:4	NT=Acetyl;MT=Variable;TA=N-term;AC=UNIMOD:1	NT=Oxidation;MT=Variable;TA=M;AC=UNIMOD:35	NT=Glu->pyro-Glu;MT=Variable;TA=E;AC=UNIMOD:27	NT=Gln->pyro-Glu;MT=Variable;TA=Q;AC=UNIMOD:28	not available	5 ppm	0.07 Da	Blood plasma
PXD022469-sample-196	Homo sapiens	Blood plasma	not available	not available	not available	not available	not available	1	cell	not available	not available	run196	proteomic profiling by mass spectrometry	v1.1.0	NT=ms-proteomics;VV=v1.1.0	NT=Data-Dependent Acquisition;AC=PRIDE:0000627	2	AP051118_Gurjeet_ProtMiner_B4.raw	ftp://ftp.pride.ebi.ac.uk/pride/data/archive/2021/02/PXD022469/AP051118_Gurjeet_ProtMiner_B4.raw	4	NT=label free sample;AC=MS:1002038	NT=Q Exactive HF;AC=MS:1002523	NT=Trypsin;AC=MS:1001251	NT=Carbamidomethyl;MT=Fixed;TA=C;AC=UNIMOD:4	NT=Acetyl;MT=Variable;TA=N-term;AC=UNIMOD:1	NT=Oxidation;MT=Variable;TA=M;AC=UNIMOD:35	NT=Glu->pyro-Glu;MT=Variable;TA=E;AC=UNIMOD:27	NT=Gln->pyro-Glu;MT=Variable;TA=Q;AC=UNIMOD:28	not available	5 ppm	0.07 Da	Blood plasma
PXD022469-sample-197	Homo sapiens	Blood plasma	not available	not available	not available	not available	not available	1	cell	not available	not available	run197	proteomic profiling by mass spectrometry	v1.1.0	NT=ms-proteomics;VV=v1.1.0	NT=Data-Dependent Acquisition;AC=PRIDE:0000627	2	AP051118_Gurjeet_ProtMiner_B5.raw	ftp://ftp.pride.ebi.ac.uk/pride/data/archive/2021/02/PXD022469/AP051118_Gurjeet_ProtMiner_B5.raw	5	NT=label free sample;AC=MS:1002038	NT=Q Exactive HF;AC=MS:1002523	NT=Trypsin;AC=MS:1001251	NT=Carbamidomethyl;MT=Fixed;TA=C;AC=UNIMOD:4	NT=Acetyl;MT=Variable;TA=N-term;AC=UNIMOD:1	NT=Oxidation;MT=Variable;TA=M;AC=UNIMOD:35	NT=Glu->pyro-Glu;MT=Variable;TA=E;AC=UNIMOD:27	NT=Gln->pyro-Glu;MT=Variable;TA=Q;AC=UNIMOD:28	not available	5 ppm	0.07 Da	Blood plasma
PXD022469-sample-198	Homo sapiens	Blood plasma	not available	not available	not available	not available	not available	1	cell	not available	not available	run198	proteomic profiling by mass spectrometry	v1.1.0	NT=ms-proteomics;VV=v1.1.0	NT=Data-Dependent Acquisition;AC=PRIDE:0000627	2	AP051118_Gurjeet_ProtMiner_B6.raw	ftp://ftp.pride.ebi.ac.uk/pride/data/archive/2021/02/PXD022469/AP051118_Gurjeet_ProtMiner_B6.raw	6	NT=label free sample;AC=MS:1002038	NT=Q Exactive HF;AC=MS:1002523	NT=Trypsin;AC=MS:1001251	NT=Carbamidomethyl;MT=Fixed;TA=C;AC=UNIMOD:4	NT=Acetyl;MT=Variable;TA=N-term;AC=UNIMOD:1	NT=Oxidation;MT=Variable;TA=M;AC=UNIMOD:35	NT=Glu->pyro-Glu;MT=Variable;TA=E;AC=UNIMOD:27	NT=Gln->pyro-Glu;MT=Variable;TA=Q;AC=UNIMOD:28	not available	5 ppm	0.07 Da	Blood plasma
PXD022469-sample-199	Homo sapiens	Blood plasma	not available	not available	not available	not available	not available	1	cell	not available	not available	run199	proteomic profiling by mass spectrometry	v1.1.0	NT=ms-proteomics;VV=v1.1.0	NT=Data-Dependent Acquisition;AC=PRIDE:0000627	2	AP051118_Gurjeet_ProtMiner_B7.raw	ftp://ftp.pride.ebi.ac.uk/pride/data/archive/2021/02/PXD022469/AP051118_Gurjeet_ProtMiner_B7.raw	7	NT=label free sample;AC=MS:1002038	NT=Q Exactive HF;AC=MS:1002523	NT=Trypsin;AC=MS:1001251	NT=Carbamidomethyl;MT=Fixed;TA=C;AC=UNIMOD:4	NT=Acetyl;MT=Variable;TA=N-term;AC=UNIMOD:1	NT=Oxidation;MT=Variable;TA=M;AC=UNIMOD:35	NT=Glu->pyro-Glu;MT=Variable;TA=E;AC=UNIMOD:27	NT=Gln->pyro-Glu;MT=Variable;TA=Q;AC=UNIMOD:28	not available	5 ppm	0.07 Da	Blood plasma
PXD022469-sample-200	Homo sapiens	Blood plasma	not available	not available	not available	not available	not available	1	cell	not available	not available	run200	proteomic profiling by mass spectrometry	v1.1.0	NT=ms-proteomics;VV=v1.1.0	NT=Data-Dependent Acquisition;AC=PRIDE:0000627	2	AP051118_Gurjeet_ProtMiner_B8.raw	ftp://ftp.pride.ebi.ac.uk/pride/data/archive/2021/02/PXD022469/AP051118_Gurjeet_ProtMiner_B8.raw	8	NT=label free sample;AC=MS:1002038	NT=Q Exactive HF;AC=MS:1002523	NT=Trypsin;AC=MS:1001251	NT=Carbamidomethyl;MT=Fixed;TA=C;AC=UNIMOD:4	NT=Acetyl;MT=Variable;TA=N-term;AC=UNIMOD:1	NT=Oxidation;MT=Variable;TA=M;AC=UNIMOD:35	NT=Glu->pyro-Glu;MT=Variable;TA=E;AC=UNIMOD:27	NT=Gln->pyro-Glu;MT=Variable;TA=Q;AC=UNIMOD:28	not available	5 ppm	0.07 Da	Blood plasma
PXD022469-sample-201	Homo sapiens	Blood plasma	not available	not available	not available	not available	not available	1	cell	not available	not available	run201	proteomic profiling by mass spectrometry	v1.1.0	NT=ms-proteomics;VV=v1.1.0	NT=Data-Dependent Acquisition;AC=PRIDE:0000627	2	AP051118_Gurjeet_ProtMiner_B9.raw	ftp://ftp.pride.ebi.ac.uk/pride/data/archive/2021/02/PXD022469/AP051118_Gurjeet_ProtMiner_B9.raw	9	NT=label free sample;AC=MS:1002038	NT=Q Exactive HF;AC=MS:1002523	NT=Trypsin;AC=MS:1001251	NT=Carbamidomethyl;MT=Fixed;TA=C;AC=UNIMOD:4	NT=Acetyl;MT=Variable;TA=N-term;AC=UNIMOD:1	NT=Oxidation;MT=Variable;TA=M;AC=UNIMOD:35	NT=Glu->pyro-Glu;MT=Variable;TA=E;AC=UNIMOD:27	NT=Gln->pyro-Glu;MT=Variable;TA=Q;AC=UNIMOD:28	not available	5 ppm	0.07 Da	Blood plasma
PXD022469-sample-202	Homo sapiens	Blood plasma	not available	not available	not available	not available	not available	1	cell	not available	not available	run202	proteomic profiling by mass spectrometry	v1.1.0	NT=ms-proteomics;VV=v1.1.0	NT=Data-Dependent Acquisition;AC=PRIDE:0000627	2	AP051118_Gurjeet_ProtMiner_B10.raw	ftp://ftp.pride.ebi.ac.uk/pride/data/archive/2021/02/PXD022469/AP051118_Gurjeet_ProtMiner_B10.raw	10	NT=label free sample;AC=MS:1002038	NT=Q Exactive HF;AC=MS:1002523	NT=Trypsin;AC=MS:1001251	NT=Carbamidomethyl;MT=Fixed;TA=C;AC=UNIMOD:4	NT=Acetyl;MT=Variable;TA=N-term;AC=UNIMOD:1	NT=Oxidation;MT=Variable;TA=M;AC=UNIMOD:35	NT=Glu->pyro-Glu;MT=Variable;TA=E;AC=UNIMOD:27	NT=Gln->pyro-Glu;MT=Variable;TA=Q;AC=UNIMOD:28	not available	5 ppm	0.07 Da	Blood plasma
PXD022469-sample-203	Homo sapiens	Blood plasma	not available	not available	not available	not available	not available	1	cell	not available	not available	run203	proteomic profiling by mass spectrometry	v1.1.0	NT=ms-proteomics;VV=v1.1.0	NT=Data-Dependent Acquisition;AC=PRIDE:0000627	2	AP051118_Gurjeet_ProtMiner_B11.raw	ftp://ftp.pride.ebi.ac.uk/pride/data/archive/2021/02/PXD022469/AP051118_Gurjeet_ProtMiner_B11.raw	11	NT=label free sample;AC=MS:1002038	NT=Q Exactive HF;AC=MS:1002523	NT=Trypsin;AC=MS:1001251	NT=Carbamidomethyl;MT=Fixed;TA=C;AC=UNIMOD:4	NT=Acetyl;MT=Variable;TA=N-term;AC=UNIMOD:1	NT=Oxidation;MT=Variable;TA=M;AC=UNIMOD:35	NT=Glu->pyro-Glu;MT=Variable;TA=E;AC=UNIMOD:27	NT=Gln->pyro-Glu;MT=Variable;TA=Q;AC=UNIMOD:28	not available	5 ppm	0.07 Da	Blood plasma
PXD022469-sample-204	Homo sapiens	Blood plasma	not available	not available	not available	not available	not available	1	cell	not available	not available	run204	proteomic profiling by mass spectrometry	v1.1.0	NT=ms-proteomics;VV=v1.1.0	NT=Data-Dependent Acquisition;AC=PRIDE:0000627	2	AP051118_Gurjeet_ProtMiner_B12.raw	ftp://ftp.pride.ebi.ac.uk/pride/data/archive/2021/02/PXD022469/AP051118_Gurjeet_ProtMiner_B12.raw	12	NT=label free sample;AC=MS:1002038	NT=Q Exactive HF;AC=MS:1002523	NT=Trypsin;AC=MS:1001251	NT=Carbamidomethyl;MT=Fixed;TA=C;AC=UNIMOD:4	NT=Acetyl;MT=Variable;TA=N-term;AC=UNIMOD:1	NT=Oxidation;MT=Variable;TA=M;AC=UNIMOD:35	NT=Glu->pyro-Glu;MT=Variable;TA=E;AC=UNIMOD:27	NT=Gln->pyro-Glu;MT=Variable;TA=Q;AC=UNIMOD:28	not available	5 ppm	0.07 Da	Blood plasma
PXD022469-sample-205	Homo sapiens	Blood plasma	not available	not available	not available	not available	not available	1	cell	not available	not available	run205	proteomic profiling by mass spectrometry	v1.1.0	NT=ms-proteomics;VV=v1.1.0	NT=Data-Dependent Acquisition;AC=PRIDE:0000627	2	AP051118_Gurjeet_ProtMiner_B13.raw	ftp://ftp.pride.ebi.ac.uk/pride/data/archive/2021/02/PXD022469/AP051118_Gurjeet_ProtMiner_B13.raw	13	NT=label free sample;AC=MS:1002038	NT=Q Exactive HF;AC=MS:1002523	NT=Trypsin;AC=MS:1001251	NT=Carbamidomethyl;MT=Fixed;TA=C;AC=UNIMOD:4	NT=Acetyl;MT=Variable;TA=N-term;AC=UNIMOD:1	NT=Oxidation;MT=Variable;TA=M;AC=UNIMOD:35	NT=Glu->pyro-Glu;MT=Variable;TA=E;AC=UNIMOD:27	NT=Gln->pyro-Glu;MT=Variable;TA=Q;AC=UNIMOD:28	not available	5 ppm	0.07 Da	Blood plasma
PXD022469-sample-206	Homo sapiens	Blood plasma	not available	not available	not available	not available	not available	1	cell	not available	not available	run206	proteomic profiling by mass spectrometry	v1.1.0	NT=ms-proteomics;VV=v1.1.0	NT=Data-Dependent Acquisition;AC=PRIDE:0000627	2	AP051118_Gurjeet_ProtMiner_B14.raw	ftp://ftp.pride.ebi.ac.uk/pride/data/archive/2021/02/PXD022469/AP051118_Gurjeet_ProtMiner_B14.raw	14	NT=label free sample;AC=MS:1002038	NT=Q Exactive HF;AC=MS:1002523	NT=Trypsin;AC=MS:1001251	NT=Carbamidomethyl;MT=Fixed;TA=C;AC=UNIMOD:4	NT=Acetyl;MT=Variable;TA=N-term;AC=UNIMOD:1	NT=Oxidation;MT=Variable;TA=M;AC=UNIMOD:35	NT=Glu->pyro-Glu;MT=Variable;TA=E;AC=UNIMOD:27	NT=Gln->pyro-Glu;MT=Variable;TA=Q;AC=UNIMOD:28	not available	5 ppm	0.07 Da	Blood plasma
PXD022469-sample-207	Homo sapiens	Blood plasma	not available	not available	not available	not available	not available	1	cell	not available	not available	run207	proteomic profiling by mass spectrometry	v1.1.0	NT=ms-proteomics;VV=v1.1.0	NT=Data-Dependent Acquisition;AC=PRIDE:0000627	2	AP051118_Gurjeet_ProtMiner_B15.raw	ftp://ftp.pride.ebi.ac.uk/pride/data/archive/2021/02/PXD022469/AP051118_Gurjeet_ProtMiner_B15.raw	15	NT=label free sample;AC=MS:1002038	NT=Q Exactive HF;AC=MS:1002523	NT=Trypsin;AC=MS:1001251	NT=Carbamidomethyl;MT=Fixed;TA=C;AC=UNIMOD:4	NT=Acetyl;MT=Variable;TA=N-term;AC=UNIMOD:1	NT=Oxidation;MT=Variable;TA=M;AC=UNIMOD:35	NT=Glu->pyro-Glu;MT=Variable;TA=E;AC=UNIMOD:27	NT=Gln->pyro-Glu;MT=Variable;TA=Q;AC=UNIMOD:28	not available	5 ppm	0.07 Da	Blood plasma
PXD022469-sample-208	Homo sapiens	Blood plasma	not available	not available	not available	not available	not available	1	cell	not available	not available	run208	proteomic profiling by mass spectrometry	v1.1.0	NT=ms-proteomics;VV=v1.1.0	NT=Data-Dependent Acquisition;AC=PRIDE:0000627	2	AP051118_Gurjeet_ProtMiner_B16.raw	ftp://ftp.pride.ebi.ac.uk/pride/data/archive/2021/02/PXD022469/AP051118_Gurjeet_ProtMiner_B16.raw	16	NT=label free sample;AC=MS:1002038	NT=Q Exactive HF;AC=MS:1002523	NT=Trypsin;AC=MS:1001251	NT=Carbamidomethyl;MT=Fixed;TA=C;AC=UNIMOD:4	NT=Acetyl;MT=Variable;TA=N-term;AC=UNIMOD:1	NT=Oxidation;MT=Variable;TA=M;AC=UNIMOD:35	NT=Glu->pyro-Glu;MT=Variable;TA=E;AC=UNIMOD:27	NT=Gln->pyro-Glu;MT=Variable;TA=Q;AC=UNIMOD:28	not available	5 ppm	0.07 Da	Blood plasma
PXD022469-sample-209	Homo sapiens	Blood plasma	not available	not available	not available	not available	not available	1	cell	not available	not available	run209	proteomic profiling by mass spectrometry	v1.1.0	NT=ms-proteomics;VV=v1.1.0	NT=Data-Dependent Acquisition;AC=PRIDE:0000627	2	AP051118_Gurjeet_ProtMiner_B17.raw	ftp://ftp.pride.ebi.ac.uk/pride/data/archive/2021/02/PXD022469/AP051118_Gurjeet_ProtMiner_B17.raw	17	NT=label free sample;AC=MS:1002038	NT=Q Exactive HF;AC=MS:1002523	NT=Trypsin;AC=MS:1001251	NT=Carbamidomethyl;MT=Fixed;TA=C;AC=UNIMOD:4	NT=Acetyl;MT=Variable;TA=N-term;AC=UNIMOD:1	NT=Oxidation;MT=Variable;TA=M;AC=UNIMOD:35	NT=Glu->pyro-Glu;MT=Variable;TA=E;AC=UNIMOD:27	NT=Gln->pyro-Glu;MT=Variable;TA=Q;AC=UNIMOD:28	not available	5 ppm	0.07 Da	Blood plasma
PXD022469-sample-210	Homo sapiens	Blood plasma	not available	not available	not available	not available	not available	1	cell	not available	not available	run210	proteomic profiling by mass spectrometry	v1.1.0	NT=ms-proteomics;VV=v1.1.0	NT=Data-Dependent Acquisition;AC=PRIDE:0000627	2	AP051118_Gurjeet_ProtMiner_B18.raw	ftp://ftp.pride.ebi.ac.uk/pride/data/archive/2021/02/PXD022469/AP051118_Gurjeet_ProtMiner_B18.raw	18	NT=label free sample;AC=MS:1002038	NT=Q Exactive HF;AC=MS:1002523	NT=Trypsin;AC=MS:1001251	NT=Carbamidomethyl;MT=Fixed;TA=C;AC=UNIMOD:4	NT=Acetyl;MT=Variable;TA=N-term;AC=UNIMOD:1	NT=Oxidation;MT=Variable;TA=M;AC=UNIMOD:35	NT=Glu->pyro-Glu;MT=Variable;TA=E;AC=UNIMOD:27	NT=Gln->pyro-Glu;MT=Variable;TA=Q;AC=UNIMOD:28	not available	5 ppm	0.07 Da	Blood plasma
PXD022469-sample-211	Homo sapiens	Blood plasma	not available	not available	not available	not available	not available	1	cell	not available	not available	run211	proteomic profiling by mass spectrometry	v1.1.0	NT=ms-proteomics;VV=v1.1.0	NT=Data-Dependent Acquisition;AC=PRIDE:0000627	2	AP051118_Gurjeet_ProtMiner_B19.raw	ftp://ftp.pride.ebi.ac.uk/pride/data/archive/2021/02/PXD022469/AP051118_Gurjeet_ProtMiner_B19.raw	19	NT=label free sample;AC=MS:1002038	NT=Q Exactive HF;AC=MS:1002523	NT=Trypsin;AC=MS:1001251	NT=Carbamidomethyl;MT=Fixed;TA=C;AC=UNIMOD:4	NT=Acetyl;MT=Variable;TA=N-term;AC=UNIMOD:1	NT=Oxidation;MT=Variable;TA=M;AC=UNIMOD:35	NT=Glu->pyro-Glu;MT=Variable;TA=E;AC=UNIMOD:27	NT=Gln->pyro-Glu;MT=Variable;TA=Q;AC=UNIMOD:28	not available	5 ppm	0.07 Da	Blood plasma
PXD022469-sample-212	Homo sapiens	Blood plasma	not available	not available	not available	not available	not available	1	cell	not available	not available	run212	proteomic profiling by mass spectrometry	v1.1.0	NT=ms-proteomics;VV=v1.1.0	NT=Data-Dependent Acquisition;AC=PRIDE:0000627	2	AP051118_Gurjeet_ProtMiner_B20.raw	ftp://ftp.pride.ebi.ac.uk/pride/data/archive/2021/02/PXD022469/AP051118_Gurjeet_ProtMiner_B20.raw	20	NT=label free sample;AC=MS:1002038	NT=Q Exactive HF;AC=MS:1002523	NT=Trypsin;AC=MS:1001251	NT=Carbamidomethyl;MT=Fixed;TA=C;AC=UNIMOD:4	NT=Acetyl;MT=Variable;TA=N-term;AC=UNIMOD:1	NT=Oxidation;MT=Variable;TA=M;AC=UNIMOD:35	NT=Glu->pyro-Glu;MT=Variable;TA=E;AC=UNIMOD:27	NT=Gln->pyro-Glu;MT=Variable;TA=Q;AC=UNIMOD:28	not available	5 ppm	0.07 Da	Blood plasma
PXD022469-sample-213	Homo sapiens	Blood plasma	not available	not available	not available	not available	not available	1	cell	not available	not available	run213	proteomic profiling by mass spectrometry	v1.1.0	NT=ms-proteomics;VV=v1.1.0	NT=Data-Dependent Acquisition;AC=PRIDE:0000627	2	AP051118_Gurjeet_ProtMiner_B21.raw	ftp://ftp.pride.ebi.ac.uk/pride/data/archive/2021/02/PXD022469/AP051118_Gurjeet_ProtMiner_B21.raw	21	NT=label free sample;AC=MS:1002038	NT=Q Exactive HF;AC=MS:1002523	NT=Trypsin;AC=MS:1001251	NT=Carbamidomethyl;MT=Fixed;TA=C;AC=UNIMOD:4	NT=Acetyl;MT=Variable;TA=N-term;AC=UNIMOD:1	NT=Oxidation;MT=Variable;TA=M;AC=UNIMOD:35	NT=Glu->pyro-Glu;MT=Variable;TA=E;AC=UNIMOD:27	NT=Gln->pyro-Glu;MT=Variable;TA=Q;AC=UNIMOD:28	not available	5 ppm	0.07 Da	Blood plasma
PXD022469-sample-214	Homo sapiens	Blood plasma	not available	not available	not available	not available	not available	1	cell	not available	not available	run214	proteomic profiling by mass spectrometry	v1.1.0	NT=ms-proteomics;VV=v1.1.0	NT=Data-Dependent Acquisition;AC=PRIDE:0000627	2	AP051118_Gurjeet_ProtMiner_B22.raw	ftp://ftp.pride.ebi.ac.uk/pride/data/archive/2021/02/PXD022469/AP051118_Gurjeet_ProtMiner_B22.raw	22	NT=label free sample;AC=MS:1002038	NT=Q Exactive HF;AC=MS:1002523	NT=Trypsin;AC=MS:1001251	NT=Carbamidomethyl;MT=Fixed;TA=C;AC=UNIMOD:4	NT=Acetyl;MT=Variable;TA=N-term;AC=UNIMOD:1	NT=Oxidation;MT=Variable;TA=M;AC=UNIMOD:35	NT=Glu->pyro-Glu;MT=Variable;TA=E;AC=UNIMOD:27	NT=Gln->pyro-Glu;MT=Variable;TA=Q;AC=UNIMOD:28	not available	5 ppm	0.07 Da	Blood plasma
PXD022469-sample-215	Homo sapiens	Blood plasma	not available	not available	not available	not available	not available	1	cell	not available	not available	run215	proteomic profiling by mass spectrometry	v1.1.0	NT=ms-proteomics;VV=v1.1.0	NT=Data-Dependent Acquisition;AC=PRIDE:0000627	2	AP051118_Gurjeet_ProtMiner_B23.raw	ftp://ftp.pride.ebi.ac.uk/pride/data/archive/2021/02/PXD022469/AP051118_Gurjeet_ProtMiner_B23.raw	23	NT=label free sample;AC=MS:1002038	NT=Q Exactive HF;AC=MS:1002523	NT=Trypsin;AC=MS:1001251	NT=Carbamidomethyl;MT=Fixed;TA=C;AC=UNIMOD:4	NT=Acetyl;MT=Variable;TA=N-term;AC=UNIMOD:1	NT=Oxidation;MT=Variable;TA=M;AC=UNIMOD:35	NT=Glu->pyro-Glu;MT=Variable;TA=E;AC=UNIMOD:27	NT=Gln->pyro-Glu;MT=Variable;TA=Q;AC=UNIMOD:28	not available	5 ppm	0.07 Da	Blood plasma
PXD022469-sample-216	Homo sapiens	Blood plasma	not available	not available	not available	not available	not available	1	cell	not available	not available	run216	proteomic profiling by mass spectrometry	v1.1.0	NT=ms-proteomics;VV=v1.1.0	NT=Data-Dependent Acquisition;AC=PRIDE:0000627	2	AP051118_Gurjeet_ProtMiner_B24.raw	ftp://ftp.pride.ebi.ac.uk/pride/data/archive/2021/02/PXD022469/AP051118_Gurjeet_ProtMiner_B24.raw	24	NT=label free sample;AC=MS:1002038	NT=Q Exactive HF;AC=MS:1002523	NT=Trypsin;AC=MS:1001251	NT=Carbamidomethyl;MT=Fixed;TA=C;AC=UNIMOD:4	NT=Acetyl;MT=Variable;TA=N-term;AC=UNIMOD:1	NT=Oxidation;MT=Variable;TA=M;AC=UNIMOD:35	NT=Glu->pyro-Glu;MT=Variable;TA=E;AC=UNIMOD:27	NT=Gln->pyro-Glu;MT=Variable;TA=Q;AC=UNIMOD:28	not available	5 ppm	0.07 Da	Blood plasma
PXD022469-sample-217	Homo sapiens	Blood plasma	not available	not available	not available	not available	not available	1	cell	not available	not available	run217	proteomic profiling by mass spectrometry	v1.1.0	NT=ms-proteomics;VV=v1.1.0	NT=Data-Dependent Acquisition;AC=PRIDE:0000627	2	AP051118_Gurjeet_ProtMiner_UB1.raw	ftp://ftp.pride.ebi.ac.uk/pride/data/archive/2021/02/PXD022469/AP051118_Gurjeet_ProtMiner_UB1.raw	1	NT=label free sample;AC=MS:1002038	NT=Q Exactive HF;AC=MS:1002523	NT=Trypsin;AC=MS:1001251	NT=Carbamidomethyl;MT=Fixed;TA=C;AC=UNIMOD:4	NT=Acetyl;MT=Variable;TA=N-term;AC=UNIMOD:1	NT=Oxidation;MT=Variable;TA=M;AC=UNIMOD:35	NT=Glu->pyro-Glu;MT=Variable;TA=E;AC=UNIMOD:27	NT=Gln->pyro-Glu;MT=Variable;TA=Q;AC=UNIMOD:28	not available	5 ppm	0.07 Da	Blood plasma
PXD022469-sample-218	Homo sapiens	Blood plasma	not available	not available	not available	not available	not available	1	cell	not available	not available	run218	proteomic profiling by mass spectrometry	v1.1.0	NT=ms-proteomics;VV=v1.1.0	NT=Data-Dependent Acquisition;AC=PRIDE:0000627	2	AP051118_Gurjeet_ProtMiner_UB2.raw	ftp://ftp.pride.ebi.ac.uk/pride/data/archive/2021/02/PXD022469/AP051118_Gurjeet_ProtMiner_UB2.raw	2	NT=label free sample;AC=MS:1002038	NT=Q Exactive HF;AC=MS:1002523	NT=Trypsin;AC=MS:1001251	NT=Carbamidomethyl;MT=Fixed;TA=C;AC=UNIMOD:4	NT=Acetyl;MT=Variable;TA=N-term;AC=UNIMOD:1	NT=Oxidation;MT=Variable;TA=M;AC=UNIMOD:35	NT=Glu->pyro-Glu;MT=Variable;TA=E;AC=UNIMOD:27	NT=Gln->pyro-Glu;MT=Variable;TA=Q;AC=UNIMOD:28	not available	5 ppm	0.07 Da	Blood plasma
PXD022469-sample-219	Homo sapiens	Blood plasma	not available	not available	not available	not available	not available	1	cell	not available	not available	run219	proteomic profiling by mass spectrometry	v1.1.0	NT=ms-proteomics;VV=v1.1.0	NT=Data-Dependent Acquisition;AC=PRIDE:0000627	2	AP051118_Gurjeet_ProtMiner_UB3.raw	ftp://ftp.pride.ebi.ac.uk/pride/data/archive/2021/02/PXD022469/AP051118_Gurjeet_ProtMiner_UB3.raw	3	NT=label free sample;AC=MS:1002038	NT=Q Exactive HF;AC=MS:1002523	NT=Trypsin;AC=MS:1001251	NT=Carbamidomethyl;MT=Fixed;TA=C;AC=UNIMOD:4	NT=Acetyl;MT=Variable;TA=N-term;AC=UNIMOD:1	NT=Oxidation;MT=Variable;TA=M;AC=UNIMOD:35	NT=Glu->pyro-Glu;MT=Variable;TA=E;AC=UNIMOD:27	NT=Gln->pyro-Glu;MT=Variable;TA=Q;AC=UNIMOD:28	not available	5 ppm	0.07 Da	Blood plasma
PXD022469-sample-220	Homo sapiens	Blood plasma	not available	not available	not available	not available	not available	1	cell	not available	not available	run220	proteomic profiling by mass spectrometry	v1.1.0	NT=ms-proteomics;VV=v1.1.0	NT=Data-Dependent Acquisition;AC=PRIDE:0000627	2	AP051118_Gurjeet_ProtMiner_UB4.raw	ftp://ftp.pride.ebi.ac.uk/pride/data/archive/2021/02/PXD022469/AP051118_Gurjeet_ProtMiner_UB4.raw	4	NT=label free sample;AC=MS:1002038	NT=Q Exactive HF;AC=MS:1002523	NT=Trypsin;AC=MS:1001251	NT=Carbamidomethyl;MT=Fixed;TA=C;AC=UNIMOD:4	NT=Acetyl;MT=Variable;TA=N-term;AC=UNIMOD:1	NT=Oxidation;MT=Variable;TA=M;AC=UNIMOD:35	NT=Glu->pyro-Glu;MT=Variable;TA=E;AC=UNIMOD:27	NT=Gln->pyro-Glu;MT=Variable;TA=Q;AC=UNIMOD:28	not available	5 ppm	0.07 Da	Blood plasma
PXD022469-sample-221	Homo sapiens	Blood plasma	not available	not available	not available	not available	not available	1	cell	not available	not available	run221	proteomic profiling by mass spectrometry	v1.1.0	NT=ms-proteomics;VV=v1.1.0	NT=Data-Dependent Acquisition;AC=PRIDE:0000627	2	AP051118_Gurjeet_ProtMiner_UB5.raw	ftp://ftp.pride.ebi.ac.uk/pride/data/archive/2021/02/PXD022469/AP051118_Gurjeet_ProtMiner_UB5.raw	5	NT=label free sample;AC=MS:1002038	NT=Q Exactive HF;AC=MS:1002523	NT=Trypsin;AC=MS:1001251	NT=Carbamidomethyl;MT=Fixed;TA=C;AC=UNIMOD:4	NT=Acetyl;MT=Variable;TA=N-term;AC=UNIMOD:1	NT=Oxidation;MT=Variable;TA=M;AC=UNIMOD:35	NT=Glu->pyro-Glu;MT=Variable;TA=E;AC=UNIMOD:27	NT=Gln->pyro-Glu;MT=Variable;TA=Q;AC=UNIMOD:28	not available	5 ppm	0.07 Da	Blood plasma
PXD022469-sample-222	Homo sapiens	Blood plasma	not available	not available	not available	not available	not available	1	cell	not available	not available	run222	proteomic profiling by mass spectrometry	v1.1.0	NT=ms-proteomics;VV=v1.1.0	NT=Data-Dependent Acquisition;AC=PRIDE:0000627	2	AP051118_Gurjeet_ProtMiner_UB6.raw	ftp://ftp.pride.ebi.ac.uk/pride/data/archive/2021/02/PXD022469/AP051118_Gurjeet_ProtMiner_UB6.raw	6	NT=label free sample;AC=MS:1002038	NT=Q Exactive HF;AC=MS:1002523	NT=Trypsin;AC=MS:1001251	NT=Carbamidomethyl;MT=Fixed;TA=C;AC=UNIMOD:4	NT=Acetyl;MT=Variable;TA=N-term;AC=UNIMOD:1	NT=Oxidation;MT=Variable;TA=M;AC=UNIMOD:35	NT=Glu->pyro-Glu;MT=Variable;TA=E;AC=UNIMOD:27	NT=Gln->pyro-Glu;MT=Variable;TA=Q;AC=UNIMOD:28	not available	5 ppm	0.07 Da	Blood plasma
PXD022469-sample-223	Homo sapiens	Blood plasma	not available	not available	not available	not available	not available	1	cell	not available	not available	run223	proteomic profiling by mass spectrometry	v1.1.0	NT=ms-proteomics;VV=v1.1.0	NT=Data-Dependent Acquisition;AC=PRIDE:0000627	2	AP051118_Gurjeet_ProtMiner_UB7.raw	ftp://ftp.pride.ebi.ac.uk/pride/data/archive/2021/02/PXD022469/AP051118_Gurjeet_ProtMiner_UB7.raw	7	NT=label free sample;AC=MS:1002038	NT=Q Exactive HF;AC=MS:1002523	NT=Trypsin;AC=MS:1001251	NT=Carbamidomethyl;MT=Fixed;TA=C;AC=UNIMOD:4	NT=Acetyl;MT=Variable;TA=N-term;AC=UNIMOD:1	NT=Oxidation;MT=Variable;TA=M;AC=UNIMOD:35	NT=Glu->pyro-Glu;MT=Variable;TA=E;AC=UNIMOD:27	NT=Gln->pyro-Glu;MT=Variable;TA=Q;AC=UNIMOD:28	not available	5 ppm	0.07 Da	Blood plasma
PXD022469-sample-224	Homo sapiens	Blood plasma	not available	not available	not available	not available	not available	1	cell	not available	not available	run224	proteomic profiling by mass spectrometry	v1.1.0	NT=ms-proteomics;VV=v1.1.0	NT=Data-Dependent Acquisition;AC=PRIDE:0000627	2	AP051118_Gurjeet_ProtMiner_UB8.raw	ftp://ftp.pride.ebi.ac.uk/pride/data/archive/2021/02/PXD022469/AP051118_Gurjeet_ProtMiner_UB8.raw	8	NT=label free sample;AC=MS:1002038	NT=Q Exactive HF;AC=MS:1002523	NT=Trypsin;AC=MS:1001251	NT=Carbamidomethyl;MT=Fixed;TA=C;AC=UNIMOD:4	NT=Acetyl;MT=Variable;TA=N-term;AC=UNIMOD:1	NT=Oxidation;MT=Variable;TA=M;AC=UNIMOD:35	NT=Glu->pyro-Glu;MT=Variable;TA=E;AC=UNIMOD:27	NT=Gln->pyro-Glu;MT=Variable;TA=Q;AC=UNIMOD:28	not available	5 ppm	0.07 Da	Blood plasma
PXD022469-sample-225	Homo sapiens	Blood plasma	not available	not available	not available	not available	not available	1	cell	not available	not available	run225	proteomic profiling by mass spectrometry	v1.1.0	NT=ms-proteomics;VV=v1.1.0	NT=Data-Dependent Acquisition;AC=PRIDE:0000627	2	AP051118_Gurjeet_ProtMiner_UB9.raw	ftp://ftp.pride.ebi.ac.uk/pride/data/archive/2021/02/PXD022469/AP051118_Gurjeet_ProtMiner_UB9.raw	9	NT=label free sample;AC=MS:1002038	NT=Q Exactive HF;AC=MS:1002523	NT=Trypsin;AC=MS:1001251	NT=Carbamidomethyl;MT=Fixed;TA=C;AC=UNIMOD:4	NT=Acetyl;MT=Variable;TA=N-term;AC=UNIMOD:1	NT=Oxidation;MT=Variable;TA=M;AC=UNIMOD:35	NT=Glu->pyro-Glu;MT=Variable;TA=E;AC=UNIMOD:27	NT=Gln->pyro-Glu;MT=Variable;TA=Q;AC=UNIMOD:28	not available	5 ppm	0.07 Da	Blood plasma
PXD022469-sample-226	Homo sapiens	Blood plasma	not available	not available	not available	not available	not available	1	cell	not available	not available	run226	proteomic profiling by mass spectrometry	v1.1.0	NT=ms-proteomics;VV=v1.1.0	NT=Data-Dependent Acquisition;AC=PRIDE:0000627	2	AP051118_Gurjeet_ProtMiner_UB10.raw	ftp://ftp.pride.ebi.ac.uk/pride/data/archive/2021/02/PXD022469/AP051118_Gurjeet_ProtMiner_UB10.raw	10	NT=label free sample;AC=MS:1002038	NT=Q Exactive HF;AC=MS:1002523	NT=Trypsin;AC=MS:1001251	NT=Carbamidomethyl;MT=Fixed;TA=C;AC=UNIMOD:4	NT=Acetyl;MT=Variable;TA=N-term;AC=UNIMOD:1	NT=Oxidation;MT=Variable;TA=M;AC=UNIMOD:35	NT=Glu->pyro-Glu;MT=Variable;TA=E;AC=UNIMOD:27	NT=Gln->pyro-Glu;MT=Variable;TA=Q;AC=UNIMOD:28	not available	5 ppm	0.07 Da	Blood plasma
PXD022469-sample-227	Homo sapiens	Blood plasma	not available	not available	not available	not available	not available	1	cell	not available	not available	run227	proteomic profiling by mass spectrometry	v1.1.0	NT=ms-proteomics;VV=v1.1.0	NT=Data-Dependent Acquisition;AC=PRIDE:0000627	2	AP051118_Gurjeet_ProtMiner_UB11.raw	ftp://ftp.pride.ebi.ac.uk/pride/data/archive/2021/02/PXD022469/AP051118_Gurjeet_ProtMiner_UB11.raw	11	NT=label free sample;AC=MS:1002038	NT=Q Exactive HF;AC=MS:1002523	NT=Trypsin;AC=MS:1001251	NT=Carbamidomethyl;MT=Fixed;TA=C;AC=UNIMOD:4	NT=Acetyl;MT=Variable;TA=N-term;AC=UNIMOD:1	NT=Oxidation;MT=Variable;TA=M;AC=UNIMOD:35	NT=Glu->pyro-Glu;MT=Variable;TA=E;AC=UNIMOD:27	NT=Gln->pyro-Glu;MT=Variable;TA=Q;AC=UNIMOD:28	not available	5 ppm	0.07 Da	Blood plasma
PXD022469-sample-228	Homo sapiens	Blood plasma	not available	not available	not available	not available	not available	1	cell	not available	not available	run228	proteomic profiling by mass spectrometry	v1.1.0	NT=ms-proteomics;VV=v1.1.0	NT=Data-Dependent Acquisition;AC=PRIDE:0000627	2	AP051118_Gurjeet_ProtMiner_UB12.raw	ftp://ftp.pride.ebi.ac.uk/pride/data/archive/2021/02/PXD022469/AP051118_Gurjeet_ProtMiner_UB12.raw	12	NT=label free sample;AC=MS:1002038	NT=Q Exactive HF;AC=MS:1002523	NT=Trypsin;AC=MS:1001251	NT=Carbamidomethyl;MT=Fixed;TA=C;AC=UNIMOD:4	NT=Acetyl;MT=Variable;TA=N-term;AC=UNIMOD:1	NT=Oxidation;MT=Variable;TA=M;AC=UNIMOD:35	NT=Glu->pyro-Glu;MT=Variable;TA=E;AC=UNIMOD:27	NT=Gln->pyro-Glu;MT=Variable;TA=Q;AC=UNIMOD:28	not available	5 ppm	0.07 Da	Blood plasma
PXD022469-sample-229	Homo sapiens	Blood plasma	not available	not available	not available	not available	not available	1	cell	not available	not available	run229	proteomic profiling by mass spectrometry	v1.1.0	NT=ms-proteomics;VV=v1.1.0	NT=Data-Dependent Acquisition;AC=PRIDE:0000627	2	AP051118_Gurjeet_ProtMiner_UB13.raw	ftp://ftp.pride.ebi.ac.uk/pride/data/archive/2021/02/PXD022469/AP051118_Gurjeet_ProtMiner_UB13.raw	13	NT=label free sample;AC=MS:1002038	NT=Q Exactive HF;AC=MS:1002523	NT=Trypsin;AC=MS:1001251	NT=Carbamidomethyl;MT=Fixed;TA=C;AC=UNIMOD:4	NT=Acetyl;MT=Variable;TA=N-term;AC=UNIMOD:1	NT=Oxidation;MT=Variable;TA=M;AC=UNIMOD:35	NT=Glu->pyro-Glu;MT=Variable;TA=E;AC=UNIMOD:27	NT=Gln->pyro-Glu;MT=Variable;TA=Q;AC=UNIMOD:28	not available	5 ppm	0.07 Da	Blood plasma
PXD022469-sample-230	Homo sapiens	Blood plasma	not available	not available	not available	not available	not available	1	cell	not available	not available	run230	proteomic profiling by mass spectrometry	v1.1.0	NT=ms-proteomics;VV=v1.1.0	NT=Data-Dependent Acquisition;AC=PRIDE:0000627	2	AP051118_Gurjeet_ProtMiner_UB14.raw	ftp://ftp.pride.ebi.ac.uk/pride/data/archive/2021/02/PXD022469/AP051118_Gurjeet_ProtMiner_UB14.raw	14	NT=label free sample;AC=MS:1002038	NT=Q Exactive HF;AC=MS:1002523	NT=Trypsin;AC=MS:1001251	NT=Carbamidomethyl;MT=Fixed;TA=C;AC=UNIMOD:4	NT=Acetyl;MT=Variable;TA=N-term;AC=UNIMOD:1	NT=Oxidation;MT=Variable;TA=M;AC=UNIMOD:35	NT=Glu->pyro-Glu;MT=Variable;TA=E;AC=UNIMOD:27	NT=Gln->pyro-Glu;MT=Variable;TA=Q;AC=UNIMOD:28	not available	5 ppm	0.07 Da	Blood plasma
PXD022469-sample-231	Homo sapiens	Blood plasma	not available	not available	not available	not available	not available	1	cell	not available	not available	run231	proteomic profiling by mass spectrometry	v1.1.0	NT=ms-proteomics;VV=v1.1.0	NT=Data-Dependent Acquisition;AC=PRIDE:0000627	2	AP051118_Gurjeet_ProtMiner_UB15.raw	ftp://ftp.pride.ebi.ac.uk/pride/data/archive/2021/02/PXD022469/AP051118_Gurjeet_ProtMiner_UB15.raw	15	NT=label free sample;AC=MS:1002038	NT=Q Exactive HF;AC=MS:1002523	NT=Trypsin;AC=MS:1001251	NT=Carbamidomethyl;MT=Fixed;TA=C;AC=UNIMOD:4	NT=Acetyl;MT=Variable;TA=N-term;AC=UNIMOD:1	NT=Oxidation;MT=Variable;TA=M;AC=UNIMOD:35	NT=Glu->pyro-Glu;MT=Variable;TA=E;AC=UNIMOD:27	NT=Gln->pyro-Glu;MT=Variable;TA=Q;AC=UNIMOD:28	not available	5 ppm	0.07 Da	Blood plasma
PXD022469-sample-232	Homo sapiens	Blood plasma	not available	not available	not available	not available	not available	1	cell	not available	not available	run232	proteomic profiling by mass spectrometry	v1.1.0	NT=ms-proteomics;VV=v1.1.0	NT=Data-Dependent Acquisition;AC=PRIDE:0000627	2	AP051118_Gurjeet_ProtMiner_UB16.raw	ftp://ftp.pride.ebi.ac.uk/pride/data/archive/2021/02/PXD022469/AP051118_Gurjeet_ProtMiner_UB16.raw	16	NT=label free sample;AC=MS:1002038	NT=Q Exactive HF;AC=MS:1002523	NT=Trypsin;AC=MS:1001251	NT=Carbamidomethyl;MT=Fixed;TA=C;AC=UNIMOD:4	NT=Acetyl;MT=Variable;TA=N-term;AC=UNIMOD:1	NT=Oxidation;MT=Variable;TA=M;AC=UNIMOD:35	NT=Glu->pyro-Glu;MT=Variable;TA=E;AC=UNIMOD:27	NT=Gln->pyro-Glu;MT=Variable;TA=Q;AC=UNIMOD:28	not available	5 ppm	0.07 Da	Blood plasma
PXD022469-sample-233	Homo sapiens	Blood plasma	not available	not available	not available	not available	not available	1	cell	not available	not available	run233	proteomic profiling by mass spectrometry	v1.1.0	NT=ms-proteomics;VV=v1.1.0	NT=Data-Dependent Acquisition;AC=PRIDE:0000627	2	AP051118_Gurjeet_ProtMiner_UB17.raw	ftp://ftp.pride.ebi.ac.uk/pride/data/archive/2021/02/PXD022469/AP051118_Gurjeet_ProtMiner_UB17.raw	17	NT=label free sample;AC=MS:1002038	NT=Q Exactive HF;AC=MS:1002523	NT=Trypsin;AC=MS:1001251	NT=Carbamidomethyl;MT=Fixed;TA=C;AC=UNIMOD:4	NT=Acetyl;MT=Variable;TA=N-term;AC=UNIMOD:1	NT=Oxidation;MT=Variable;TA=M;AC=UNIMOD:35	NT=Glu->pyro-Glu;MT=Variable;TA=E;AC=UNIMOD:27	NT=Gln->pyro-Glu;MT=Variable;TA=Q;AC=UNIMOD:28	not available	5 ppm	0.07 Da	Blood plasma
PXD022469-sample-234	Homo sapiens	Blood plasma	not available	not available	not available	not available	not available	1	cell	not available	not available	run234	proteomic profiling by mass spectrometry	v1.1.0	NT=ms-proteomics;VV=v1.1.0	NT=Data-Dependent Acquisition;AC=PRIDE:0000627	2	AP051118_Gurjeet_ProtMiner_UB18.raw	ftp://ftp.pride.ebi.ac.uk/pride/data/archive/2021/02/PXD022469/AP051118_Gurjeet_ProtMiner_UB18.raw	18	NT=label free sample;AC=MS:1002038	NT=Q Exactive HF;AC=MS:1002523	NT=Trypsin;AC=MS:1001251	NT=Carbamidomethyl;MT=Fixed;TA=C;AC=UNIMOD:4	NT=Acetyl;MT=Variable;TA=N-term;AC=UNIMOD:1	NT=Oxidation;MT=Variable;TA=M;AC=UNIMOD:35	NT=Glu->pyro-Glu;MT=Variable;TA=E;AC=UNIMOD:27	NT=Gln->pyro-Glu;MT=Variable;TA=Q;AC=UNIMOD:28	not available	5 ppm	0.07 Da	Blood plasma
PXD022469-sample-235	Homo sapiens	Blood plasma	not available	not available	not available	not available	not available	1	cell	not available	not available	run235	proteomic profiling by mass spectrometry	v1.1.0	NT=ms-proteomics;VV=v1.1.0	NT=Data-Dependent Acquisition;AC=PRIDE:0000627	2	AP051118_Gurjeet_ProtMiner_UB19.raw	ftp://ftp.pride.ebi.ac.uk/pride/data/archive/2021/02/PXD022469/AP051118_Gurjeet_ProtMiner_UB19.raw	19	NT=label free sample;AC=MS:1002038	NT=Q Exactive HF;AC=MS:1002523	NT=Trypsin;AC=MS:1001251	NT=Carbamidomethyl;MT=Fixed;TA=C;AC=UNIMOD:4	NT=Acetyl;MT=Variable;TA=N-term;AC=UNIMOD:1	NT=Oxidation;MT=Variable;TA=M;AC=UNIMOD:35	NT=Glu->pyro-Glu;MT=Variable;TA=E;AC=UNIMOD:27	NT=Gln->pyro-Glu;MT=Variable;TA=Q;AC=UNIMOD:28	not available	5 ppm	0.07 Da	Blood plasma
PXD022469-sample-236	Homo sapiens	Blood plasma	not available	not available	not available	not available	not available	1	cell	not available	not available	run236	proteomic profiling by mass spectrometry	v1.1.0	NT=ms-proteomics;VV=v1.1.0	NT=Data-Dependent Acquisition;AC=PRIDE:0000627	2	AP051118_Gurjeet_ProtMiner_UB20.raw	ftp://ftp.pride.ebi.ac.uk/pride/data/archive/2021/02/PXD022469/AP051118_Gurjeet_ProtMiner_UB20.raw	20	NT=label free sample;AC=MS:1002038	NT=Q Exactive HF;AC=MS:1002523	NT=Trypsin;AC=MS:1001251	NT=Carbamidomethyl;MT=Fixed;TA=C;AC=UNIMOD:4	NT=Acetyl;MT=Variable;TA=N-term;AC=UNIMOD:1	NT=Oxidation;MT=Variable;TA=M;AC=UNIMOD:35	NT=Glu->pyro-Glu;MT=Variable;TA=E;AC=UNIMOD:27	NT=Gln->pyro-Glu;MT=Variable;TA=Q;AC=UNIMOD:28	not available	5 ppm	0.07 Da	Blood plasma
PXD022469-sample-237	Homo sapiens	Blood plasma	not available	not available	not available	not available	not available	1	cell	not available	not available	run237	proteomic profiling by mass spectrometry	v1.1.0	NT=ms-proteomics;VV=v1.1.0	NT=Data-Dependent Acquisition;AC=PRIDE:0000627	2	AP051118_Gurjeet_ProtMiner_UB21.raw	ftp://ftp.pride.ebi.ac.uk/pride/data/archive/2021/02/PXD022469/AP051118_Gurjeet_ProtMiner_UB21.raw	21	NT=label free sample;AC=MS:1002038	NT=Q Exactive HF;AC=MS:1002523	NT=Trypsin;AC=MS:1001251	NT=Carbamidomethyl;MT=Fixed;TA=C;AC=UNIMOD:4	NT=Acetyl;MT=Variable;TA=N-term;AC=UNIMOD:1	NT=Oxidation;MT=Variable;TA=M;AC=UNIMOD:35	NT=Glu->pyro-Glu;MT=Variable;TA=E;AC=UNIMOD:27	NT=Gln->pyro-Glu;MT=Variable;TA=Q;AC=UNIMOD:28	not available	5 ppm	0.07 Da	Blood plasma
PXD022469-sample-238	Homo sapiens	Blood plasma	not available	not available	not available	not available	not available	1	cell	not available	not available	run238	proteomic profiling by mass spectrometry	v1.1.0	NT=ms-proteomics;VV=v1.1.0	NT=Data-Dependent Acquisition;AC=PRIDE:0000627	2	AP051118_Gurjeet_ProtMiner_UB22.raw	ftp://ftp.pride.ebi.ac.uk/pride/data/archive/2021/02/PXD022469/AP051118_Gurjeet_ProtMiner_UB22.raw	22	NT=label free sample;AC=MS:1002038	NT=Q Exactive HF;AC=MS:1002523	NT=Trypsin;AC=MS:1001251	NT=Carbamidomethyl;MT=Fixed;TA=C;AC=UNIMOD:4	NT=Acetyl;MT=Variable;TA=N-term;AC=UNIMOD:1	NT=Oxidation;MT=Variable;TA=M;AC=UNIMOD:35	NT=Glu->pyro-Glu;MT=Variable;TA=E;AC=UNIMOD:27	NT=Gln->pyro-Glu;MT=Variable;TA=Q;AC=UNIMOD:28	not available	5 ppm	0.07 Da	Blood plasma
PXD022469-sample-239	Homo sapiens	Blood plasma	not available	not available	not available	not available	not available	1	cell	not available	not available	run239	proteomic profiling by mass spectrometry	v1.1.0	NT=ms-proteomics;VV=v1.1.0	NT=Data-Dependent Acquisition;AC=PRIDE:0000627	2	AP051118_Gurjeet_ProtMiner_UB23.raw	ftp://ftp.pride.ebi.ac.uk/pride/data/archive/2021/02/PXD022469/AP051118_Gurjeet_ProtMiner_UB23.raw	23	NT=label free sample;AC=MS:1002038	NT=Q Exactive HF;AC=MS:1002523	NT=Trypsin;AC=MS:1001251	NT=Carbamidomethyl;MT=Fixed;TA=C;AC=UNIMOD:4	NT=Acetyl;MT=Variable;TA=N-term;AC=UNIMOD:1	NT=Oxidation;MT=Variable;TA=M;AC=UNIMOD:35	NT=Glu->pyro-Glu;MT=Variable;TA=E;AC=UNIMOD:27	NT=Gln->pyro-Glu;MT=Variable;TA=Q;AC=UNIMOD:28	not available	5 ppm	0.07 Da	Blood plasma
PXD022469-sample-240	Homo sapiens	Blood plasma	not available	not available	not available	not available	not available	1	cell	not available	not available	run240	proteomic profiling by mass spectrometry	v1.1.0	NT=ms-proteomics;VV=v1.1.0	NT=Data-Dependent Acquisition;AC=PRIDE:0000627	2	AP051118_Gurjeet_ProtMiner_UB24.raw	ftp://ftp.pride.ebi.ac.uk/pride/data/archive/2021/02/PXD022469/AP051118_Gurjeet_ProtMiner_UB24.raw	24	NT=label free sample;AC=MS:1002038	NT=Q Exactive HF;AC=MS:1002523	NT=Trypsin;AC=MS:1001251	NT=Carbamidomethyl;MT=Fixed;TA=C;AC=UNIMOD:4	NT=Acetyl;MT=Variable;TA=N-term;AC=UNIMOD:1	NT=Oxidation;MT=Variable;TA=M;AC=UNIMOD:35	NT=Glu->pyro-Glu;MT=Variable;TA=E;AC=UNIMOD:27	NT=Gln->pyro-Glu;MT=Variable;TA=Q;AC=UNIMOD:28	not available	5 ppm	0.07 Da	Blood plasma
PXD022469-sample-241	Homo sapiens	Blood plasma	not available	not available	not available	not available	not available	1	cell	not available	not available	run241	proteomic profiling by mass spectrometry	v1.1.0	NT=ms-proteomics;VV=v1.1.0	NT=Data-Dependent Acquisition;AC=PRIDE:0000627	2	AP051118_Gurjeet_ProtMiner_UB_C18_1.raw	ftp://ftp.pride.ebi.ac.uk/pride/data/archive/2021/02/PXD022469/AP051118_Gurjeet_ProtMiner_UB_C18_1.raw	1	NT=label free sample;AC=MS:1002038	NT=Q Exactive HF;AC=MS:1002523	NT=Trypsin;AC=MS:1001251	NT=Carbamidomethyl;MT=Fixed;TA=C;AC=UNIMOD:4	NT=Acetyl;MT=Variable;TA=N-term;AC=UNIMOD:1	NT=Oxidation;MT=Variable;TA=M;AC=UNIMOD:35	NT=Glu->pyro-Glu;MT=Variable;TA=E;AC=UNIMOD:27	NT=Gln->pyro-Glu;MT=Variable;TA=Q;AC=UNIMOD:28	not available	5 ppm	0.07 Da	Blood plasma
PXD022469-sample-242	Homo sapiens	Blood plasma	not available	not available	not available	not available	not available	1	cell	not available	not available	run242	proteomic profiling by mass spectrometry	v1.1.0	NT=ms-proteomics;VV=v1.1.0	NT=Data-Dependent Acquisition;AC=PRIDE:0000627	2	AP051118_Gurjeet_ProtMiner_UB_C18_2.raw	ftp://ftp.pride.ebi.ac.uk/pride/data/archive/2021/02/PXD022469/AP051118_Gurjeet_ProtMiner_UB_C18_2.raw	2	NT=label free sample;AC=MS:1002038	NT=Q Exactive HF;AC=MS:1002523	NT=Trypsin;AC=MS:1001251	NT=Carbamidomethyl;MT=Fixed;TA=C;AC=UNIMOD:4	NT=Acetyl;MT=Variable;TA=N-term;AC=UNIMOD:1	NT=Oxidation;MT=Variable;TA=M;AC=UNIMOD:35	NT=Glu->pyro-Glu;MT=Variable;TA=E;AC=UNIMOD:27	NT=Gln->pyro-Glu;MT=Variable;TA=Q;AC=UNIMOD:28	not available	5 ppm	0.07 Da	Blood plasma
PXD022469-sample-243	Homo sapiens	Blood plasma	not available	not available	not available	not available	not available	1	cell	not available	not available	run243	proteomic profiling by mass spectrometry	v1.1.0	NT=ms-proteomics;VV=v1.1.0	NT=Data-Dependent Acquisition;AC=PRIDE:0000627	2	AP051118_Gurjeet_ProtMiner_UB_C18_3.raw	ftp://ftp.pride.ebi.ac.uk/pride/data/archive/2021/02/PXD022469/AP051118_Gurjeet_ProtMiner_UB_C18_3.raw	3	NT=label free sample;AC=MS:1002038	NT=Q Exactive HF;AC=MS:1002523	NT=Trypsin;AC=MS:1001251	NT=Carbamidomethyl;MT=Fixed;TA=C;AC=UNIMOD:4	NT=Acetyl;MT=Variable;TA=N-term;AC=UNIMOD:1	NT=Oxidation;MT=Variable;TA=M;AC=UNIMOD:35	NT=Glu->pyro-Glu;MT=Variable;TA=E;AC=UNIMOD:27	NT=Gln->pyro-Glu;MT=Variable;TA=Q;AC=UNIMOD:28	not available	5 ppm	0.07 Da	Blood plasma
PXD022469-sample-244	Homo sapiens	Blood plasma	not available	not available	not available	not available	not available	1	cell	not available	not available	run244	proteomic profiling by mass spectrometry	v1.1.0	NT=ms-proteomics;VV=v1.1.0	NT=Data-Dependent Acquisition;AC=PRIDE:0000627	2	AP051118_Gurjeet_ProtMiner_UB_C18_4.raw	ftp://ftp.pride.ebi.ac.uk/pride/data/archive/2021/02/PXD022469/AP051118_Gurjeet_ProtMiner_UB_C18_4.raw	4	NT=label free sample;AC=MS:1002038	NT=Q Exactive HF;AC=MS:1002523	NT=Trypsin;AC=MS:1001251	NT=Carbamidomethyl;MT=Fixed;TA=C;AC=UNIMOD:4	NT=Acetyl;MT=Variable;TA=N-term;AC=UNIMOD:1	NT=Oxidation;MT=Variable;TA=M;AC=UNIMOD:35	NT=Glu->pyro-Glu;MT=Variable;TA=E;AC=UNIMOD:27	NT=Gln->pyro-Glu;MT=Variable;TA=Q;AC=UNIMOD:28	not available	5 ppm	0.07 Da	Blood plasma
PXD022469-sample-245	Homo sapiens	Blood plasma	not available	not available	not available	not available	not available	1	cell	not available	not available	run245	proteomic profiling by mass spectrometry	v1.1.0	NT=ms-proteomics;VV=v1.1.0	NT=Data-Dependent Acquisition;AC=PRIDE:0000627	2	AP051118_Gurjeet_ProtMiner_UB_C18_5.raw	ftp://ftp.pride.ebi.ac.uk/pride/data/archive/2021/02/PXD022469/AP051118_Gurjeet_ProtMiner_UB_C18_5.raw	5	NT=label free sample;AC=MS:1002038	NT=Q Exactive HF;AC=MS:1002523	NT=Trypsin;AC=MS:1001251	NT=Carbamidomethyl;MT=Fixed;TA=C;AC=UNIMOD:4	NT=Acetyl;MT=Variable;TA=N-term;AC=UNIMOD:1	NT=Oxidation;MT=Variable;TA=M;AC=UNIMOD:35	NT=Glu->pyro-Glu;MT=Variable;TA=E;AC=UNIMOD:27	NT=Gln->pyro-Glu;MT=Variable;TA=Q;AC=UNIMOD:28	not available	5 ppm	0.07 Da	Blood plasma
PXD022469-sample-246	Homo sapiens	Blood plasma	not available	not available	not available	not available	not available	1	cell	not available	not available	run246	proteomic profiling by mass spectrometry	v1.1.0	NT=ms-proteomics;VV=v1.1.0	NT=Data-Dependent Acquisition;AC=PRIDE:0000627	2	AP051118_Gurjeet_ProtMiner_UB_C18_6.raw	ftp://ftp.pride.ebi.ac.uk/pride/data/archive/2021/02/PXD022469/AP051118_Gurjeet_ProtMiner_UB_C18_6.raw	6	NT=label free sample;AC=MS:1002038	NT=Q Exactive HF;AC=MS:1002523	NT=Trypsin;AC=MS:1001251	NT=Carbamidomethyl;MT=Fixed;TA=C;AC=UNIMOD:4	NT=Acetyl;MT=Variable;TA=N-term;AC=UNIMOD:1	NT=Oxidation;MT=Variable;TA=M;AC=UNIMOD:35	NT=Glu->pyro-Glu;MT=Variable;TA=E;AC=UNIMOD:27	NT=Gln->pyro-Glu;MT=Variable;TA=Q;AC=UNIMOD:28	not available	5 ppm	0.07 Da	Blood plasma
PXD022469-sample-247	Homo sapiens	Blood plasma	not available	not available	not available	not available	not available	1	cell	not available	not available	run247	proteomic profiling by mass spectrometry	v1.1.0	NT=ms-proteomics;VV=v1.1.0	NT=Data-Dependent Acquisition;AC=PRIDE:0000627	2	AP051118_Gurjeet_ProtMiner_UB_C18_7.raw	ftp://ftp.pride.ebi.ac.uk/pride/data/archive/2021/02/PXD022469/AP051118_Gurjeet_ProtMiner_UB_C18_7.raw	7	NT=label free sample;AC=MS:1002038	NT=Q Exactive HF;AC=MS:1002523	NT=Trypsin;AC=MS:1001251	NT=Carbamidomethyl;MT=Fixed;TA=C;AC=UNIMOD:4	NT=Acetyl;MT=Variable;TA=N-term;AC=UNIMOD:1	NT=Oxidation;MT=Variable;TA=M;AC=UNIMOD:35	NT=Glu->pyro-Glu;MT=Variable;TA=E;AC=UNIMOD:27	NT=Gln->pyro-Glu;MT=Variable;TA=Q;AC=UNIMOD:28	not available	5 ppm	0.07 Da	Blood plasma
PXD022469-sample-248	Homo sapiens	Blood plasma	not available	not available	not available	not available	not available	1	cell	not available	not available	run248	proteomic profiling by mass spectrometry	v1.1.0	NT=ms-proteomics;VV=v1.1.0	NT=Data-Dependent Acquisition;AC=PRIDE:0000627	2	AP051118_Gurjeet_ProtMiner_UB_C18_8.raw	ftp://ftp.pride.ebi.ac.uk/pride/data/archive/2021/02/PXD022469/AP051118_Gurjeet_ProtMiner_UB_C18_8.raw	8	NT=label free sample;AC=MS:1002038	NT=Q Exactive HF;AC=MS:1002523	NT=Trypsin;AC=MS:1001251	NT=Carbamidomethyl;MT=Fixed;TA=C;AC=UNIMOD:4	NT=Acetyl;MT=Variable;TA=N-term;AC=UNIMOD:1	NT=Oxidation;MT=Variable;TA=M;AC=UNIMOD:35	NT=Glu->pyro-Glu;MT=Variable;TA=E;AC=UNIMOD:27	NT=Gln->pyro-Glu;MT=Variable;TA=Q;AC=UNIMOD:28	not available	5 ppm	0.07 Da	Blood plasma
PXD022469-sample-249	Homo sapiens	Blood plasma	not available	not available	not available	not available	not available	1	cell	not available	not available	run249	proteomic profiling by mass spectrometry	v1.1.0	NT=ms-proteomics;VV=v1.1.0	NT=Data-Dependent Acquisition;AC=PRIDE:0000627	2	AP051118_Gurjeet_ProtMiner_UB_C18_9.raw	ftp://ftp.pride.ebi.ac.uk/pride/data/archive/2021/02/PXD022469/AP051118_Gurjeet_ProtMiner_UB_C18_9.raw	9	NT=label free sample;AC=MS:1002038	NT=Q Exactive HF;AC=MS:1002523	NT=Trypsin;AC=MS:1001251	NT=Carbamidomethyl;MT=Fixed;TA=C;AC=UNIMOD:4	NT=Acetyl;MT=Variable;TA=N-term;AC=UNIMOD:1	NT=Oxidation;MT=Variable;TA=M;AC=UNIMOD:35	NT=Glu->pyro-Glu;MT=Variable;TA=E;AC=UNIMOD:27	NT=Gln->pyro-Glu;MT=Variable;TA=Q;AC=UNIMOD:28	not available	5 ppm	0.07 Da	Blood plasma
PXD022469-sample-250	Homo sapiens	Blood plasma	not available	not available	not available	not available	not available	1	cell	not available	not available	run250	proteomic profiling by mass spectrometry	v1.1.0	NT=ms-proteomics;VV=v1.1.0	NT=Data-Dependent Acquisition;AC=PRIDE:0000627	2	AP051118_Gurjeet_ProtMiner_UB_C18_10.raw	ftp://ftp.pride.ebi.ac.uk/pride/data/archive/2021/02/PXD022469/AP051118_Gurjeet_ProtMiner_UB_C18_10.raw	10	NT=label free sample;AC=MS:1002038	NT=Q Exactive HF;AC=MS:1002523	NT=Trypsin;AC=MS:1001251	NT=Carbamidomethyl;MT=Fixed;TA=C;AC=UNIMOD:4	NT=Acetyl;MT=Variable;TA=N-term;AC=UNIMOD:1	NT=Oxidation;MT=Variable;TA=M;AC=UNIMOD:35	NT=Glu->pyro-Glu;MT=Variable;TA=E;AC=UNIMOD:27	NT=Gln->pyro-Glu;MT=Variable;TA=Q;AC=UNIMOD:28	not available	5 ppm	0.07 Da	Blood plasma
PXD022469-sample-251	Homo sapiens	Blood plasma	not available	not available	not available	not available	not available	1	cell	not available	not available	run251	proteomic profiling by mass spectrometry	v1.1.0	NT=ms-proteomics;VV=v1.1.0	NT=Data-Dependent Acquisition;AC=PRIDE:0000627	2	AP051118_Gurjeet_ProtMiner_UB_C18_11.raw	ftp://ftp.pride.ebi.ac.uk/pride/data/archive/2021/02/PXD022469/AP051118_Gurjeet_ProtMiner_UB_C18_11.raw	11	NT=label free sample;AC=MS:1002038	NT=Q Exactive HF;AC=MS:1002523	NT=Trypsin;AC=MS:1001251	NT=Carbamidomethyl;MT=Fixed;TA=C;AC=UNIMOD:4	NT=Acetyl;MT=Variable;TA=N-term;AC=UNIMOD:1	NT=Oxidation;MT=Variable;TA=M;AC=UNIMOD:35	NT=Glu->pyro-Glu;MT=Variable;TA=E;AC=UNIMOD:27	NT=Gln->pyro-Glu;MT=Variable;TA=Q;AC=UNIMOD:28	not available	5 ppm	0.07 Da	Blood plasma
PXD022469-sample-252	Homo sapiens	Blood plasma	not available	not available	not available	not available	not available	1	cell	not available	not available	run252	proteomic profiling by mass spectrometry	v1.1.0	NT=ms-proteomics;VV=v1.1.0	NT=Data-Dependent Acquisition;AC=PRIDE:0000627	2	AP051118_Gurjeet_ProtMiner_UB_C18_12.raw	ftp://ftp.pride.ebi.ac.uk/pride/data/archive/2021/02/PXD022469/AP051118_Gurjeet_ProtMiner_UB_C18_12.raw	12	NT=label free sample;AC=MS:1002038	NT=Q Exactive HF;AC=MS:1002523	NT=Trypsin;AC=MS:1001251	NT=Carbamidomethyl;MT=Fixed;TA=C;AC=UNIMOD:4	NT=Acetyl;MT=Variable;TA=N-term;AC=UNIMOD:1	NT=Oxidation;MT=Variable;TA=M;AC=UNIMOD:35	NT=Glu->pyro-Glu;MT=Variable;TA=E;AC=UNIMOD:27	NT=Gln->pyro-Glu;MT=Variable;TA=Q;AC=UNIMOD:28	not available	5 ppm	0.07 Da	Blood plasma
PXD022469-sample-253	Homo sapiens	Blood plasma	not available	not available	not available	not available	not available	1	cell	not available	not available	run253	proteomic profiling by mass spectrometry	v1.1.0	NT=ms-proteomics;VV=v1.1.0	NT=Data-Dependent Acquisition;AC=PRIDE:0000627	2	AP051118_Gurjeet_ProtMiner_UB_C18_13.raw	ftp://ftp.pride.ebi.ac.uk/pride/data/archive/2021/02/PXD022469/AP051118_Gurjeet_ProtMiner_UB_C18_13.raw	13	NT=label free sample;AC=MS:1002038	NT=Q Exactive HF;AC=MS:1002523	NT=Trypsin;AC=MS:1001251	NT=Carbamidomethyl;MT=Fixed;TA=C;AC=UNIMOD:4	NT=Acetyl;MT=Variable;TA=N-term;AC=UNIMOD:1	NT=Oxidation;MT=Variable;TA=M;AC=UNIMOD:35	NT=Glu->pyro-Glu;MT=Variable;TA=E;AC=UNIMOD:27	NT=Gln->pyro-Glu;MT=Variable;TA=Q;AC=UNIMOD:28	not available	5 ppm	0.07 Da	Blood plasma
PXD022469-sample-254	Homo sapiens	Blood plasma	not available	not available	not available	not available	not available	1	cell	not available	not available	run254	proteomic profiling by mass spectrometry	v1.1.0	NT=ms-proteomics;VV=v1.1.0	NT=Data-Dependent Acquisition;AC=PRIDE:0000627	2	AP051118_Gurjeet_ProtMiner_UB_C18_14.raw	ftp://ftp.pride.ebi.ac.uk/pride/data/archive/2021/02/PXD022469/AP051118_Gurjeet_ProtMiner_UB_C18_14.raw	14	NT=label free sample;AC=MS:1002038	NT=Q Exactive HF;AC=MS:1002523	NT=Trypsin;AC=MS:1001251	NT=Carbamidomethyl;MT=Fixed;TA=C;AC=UNIMOD:4	NT=Acetyl;MT=Variable;TA=N-term;AC=UNIMOD:1	NT=Oxidation;MT=Variable;TA=M;AC=UNIMOD:35	NT=Glu->pyro-Glu;MT=Variable;TA=E;AC=UNIMOD:27	NT=Gln->pyro-Glu;MT=Variable;TA=Q;AC=UNIMOD:28	not available	5 ppm	0.07 Da	Blood plasma
PXD022469-sample-255	Homo sapiens	Blood plasma	not available	not available	not available	not available	not available	1	cell	not available	not available	run255	proteomic profiling by mass spectrometry	v1.1.0	NT=ms-proteomics;VV=v1.1.0	NT=Data-Dependent Acquisition;AC=PRIDE:0000627	2	AP051118_Gurjeet_ProtMiner_UB_C18_15.raw	ftp://ftp.pride.ebi.ac.uk/pride/data/archive/2021/02/PXD022469/AP051118_Gurjeet_ProtMiner_UB_C18_15.raw	15	NT=label free sample;AC=MS:1002038	NT=Q Exactive HF;AC=MS:1002523	NT=Trypsin;AC=MS:1001251	NT=Carbamidomethyl;MT=Fixed;TA=C;AC=UNIMOD:4	NT=Acetyl;MT=Variable;TA=N-term;AC=UNIMOD:1	NT=Oxidation;MT=Variable;TA=M;AC=UNIMOD:35	NT=Glu->pyro-Glu;MT=Variable;TA=E;AC=UNIMOD:27	NT=Gln->pyro-Glu;MT=Variable;TA=Q;AC=UNIMOD:28	not available	5 ppm	0.07 Da	Blood plasma
PXD022469-sample-256	Homo sapiens	Blood plasma	not available	not available	not available	not available	not available	1	cell	not available	not available	run256	proteomic profiling by mass spectrometry	v1.1.0	NT=ms-proteomics;VV=v1.1.0	NT=Data-Dependent Acquisition;AC=PRIDE:0000627	2	AP051118_Gurjeet_ProtMiner_UB_C18_16.raw	ftp://ftp.pride.ebi.ac.uk/pride/data/archive/2021/02/PXD022469/AP051118_Gurjeet_ProtMiner_UB_C18_16.raw	16	NT=label free sample;AC=MS:1002038	NT=Q Exactive HF;AC=MS:1002523	NT=Trypsin;AC=MS:1001251	NT=Carbamidomethyl;MT=Fixed;TA=C;AC=UNIMOD:4	NT=Acetyl;MT=Variable;TA=N-term;AC=UNIMOD:1	NT=Oxidation;MT=Variable;TA=M;AC=UNIMOD:35	NT=Glu->pyro-Glu;MT=Variable;TA=E;AC=UNIMOD:27	NT=Gln->pyro-Glu;MT=Variable;TA=Q;AC=UNIMOD:28	not available	5 ppm	0.07 Da	Blood plasma
PXD022469-sample-257	Homo sapiens	Blood plasma	not available	not available	not available	not available	not available	1	cell	not available	not available	run257	proteomic profiling by mass spectrometry	v1.1.0	NT=ms-proteomics;VV=v1.1.0	NT=Data-Dependent Acquisition;AC=PRIDE:0000627	2	AP051118_Gurjeet_ProtMiner_UB_C18_17.raw	ftp://ftp.pride.ebi.ac.uk/pride/data/archive/2021/02/PXD022469/AP051118_Gurjeet_ProtMiner_UB_C18_17.raw	17	NT=label free sample;AC=MS:1002038	NT=Q Exactive HF;AC=MS:1002523	NT=Trypsin;AC=MS:1001251	NT=Carbamidomethyl;MT=Fixed;TA=C;AC=UNIMOD:4	NT=Acetyl;MT=Variable;TA=N-term;AC=UNIMOD:1	NT=Oxidation;MT=Variable;TA=M;AC=UNIMOD:35	NT=Glu->pyro-Glu;MT=Variable;TA=E;AC=UNIMOD:27	NT=Gln->pyro-Glu;MT=Variable;TA=Q;AC=UNIMOD:28	not available	5 ppm	0.07 Da	Blood plasma
PXD022469-sample-258	Homo sapiens	Blood plasma	not available	not available	not available	not available	not available	1	cell	not available	not available	run258	proteomic profiling by mass spectrometry	v1.1.0	NT=ms-proteomics;VV=v1.1.0	NT=Data-Dependent Acquisition;AC=PRIDE:0000627	2	AP051118_Gurjeet_ProtMiner_UB_C18_18.raw	ftp://ftp.pride.ebi.ac.uk/pride/data/archive/2021/02/PXD022469/AP051118_Gurjeet_ProtMiner_UB_C18_18.raw	18	NT=label free sample;AC=MS:1002038	NT=Q Exactive HF;AC=MS:1002523	NT=Trypsin;AC=MS:1001251	NT=Carbamidomethyl;MT=Fixed;TA=C;AC=UNIMOD:4	NT=Acetyl;MT=Variable;TA=N-term;AC=UNIMOD:1	NT=Oxidation;MT=Variable;TA=M;AC=UNIMOD:35	NT=Glu->pyro-Glu;MT=Variable;TA=E;AC=UNIMOD:27	NT=Gln->pyro-Glu;MT=Variable;TA=Q;AC=UNIMOD:28	not available	5 ppm	0.07 Da	Blood plasma
PXD022469-sample-259	Homo sapiens	Blood plasma	not available	not available	not available	not available	not available	1	cell	not available	not available	run259	proteomic profiling by mass spectrometry	v1.1.0	NT=ms-proteomics;VV=v1.1.0	NT=Data-Dependent Acquisition;AC=PRIDE:0000627	2	AP051118_Gurjeet_ProtMiner_UB_C18_19.raw	ftp://ftp.pride.ebi.ac.uk/pride/data/archive/2021/02/PXD022469/AP051118_Gurjeet_ProtMiner_UB_C18_19.raw	19	NT=label free sample;AC=MS:1002038	NT=Q Exactive HF;AC=MS:1002523	NT=Trypsin;AC=MS:1001251	NT=Carbamidomethyl;MT=Fixed;TA=C;AC=UNIMOD:4	NT=Acetyl;MT=Variable;TA=N-term;AC=UNIMOD:1	NT=Oxidation;MT=Variable;TA=M;AC=UNIMOD:35	NT=Glu->pyro-Glu;MT=Variable;TA=E;AC=UNIMOD:27	NT=Gln->pyro-Glu;MT=Variable;TA=Q;AC=UNIMOD:28	not available	5 ppm	0.07 Da	Blood plasma
PXD022469-sample-260	Homo sapiens	Blood plasma	not available	not available	not available	not available	not available	1	cell	not available	not available	run260	proteomic profiling by mass spectrometry	v1.1.0	NT=ms-proteomics;VV=v1.1.0	NT=Data-Dependent Acquisition;AC=PRIDE:0000627	2	AP051118_Gurjeet_ProtMiner_UB_C18_20.raw	ftp://ftp.pride.ebi.ac.uk/pride/data/archive/2021/02/PXD022469/AP051118_Gurjeet_ProtMiner_UB_C18_20.raw	20	NT=label free sample;AC=MS:1002038	NT=Q Exactive HF;AC=MS:1002523	NT=Trypsin;AC=MS:1001251	NT=Carbamidomethyl;MT=Fixed;TA=C;AC=UNIMOD:4	NT=Acetyl;MT=Variable;TA=N-term;AC=UNIMOD:1	NT=Oxidation;MT=Variable;TA=M;AC=UNIMOD:35	NT=Glu->pyro-Glu;MT=Variable;TA=E;AC=UNIMOD:27	NT=Gln->pyro-Glu;MT=Variable;TA=Q;AC=UNIMOD:28	not available	5 ppm	0.07 Da	Blood plasma
PXD022469-sample-261	Homo sapiens	Blood plasma	not available	not available	not available	not available	not available	1	cell	not available	not available	run261	proteomic profiling by mass spectrometry	v1.1.0	NT=ms-proteomics;VV=v1.1.0	NT=Data-Dependent Acquisition;AC=PRIDE:0000627	2	AP051118_Gurjeet_ProtMiner_UB_C18_21.raw	ftp://ftp.pride.ebi.ac.uk/pride/data/archive/2021/02/PXD022469/AP051118_Gurjeet_ProtMiner_UB_C18_21.raw	21	NT=label free sample;AC=MS:1002038	NT=Q Exactive HF;AC=MS:1002523	NT=Trypsin;AC=MS:1001251	NT=Carbamidomethyl;MT=Fixed;TA=C;AC=UNIMOD:4	NT=Acetyl;MT=Variable;TA=N-term;AC=UNIMOD:1	NT=Oxidation;MT=Variable;TA=M;AC=UNIMOD:35	NT=Glu->pyro-Glu;MT=Variable;TA=E;AC=UNIMOD:27	NT=Gln->pyro-Glu;MT=Variable;TA=Q;AC=UNIMOD:28	not available	5 ppm	0.07 Da	Blood plasma
PXD022469-sample-262	Homo sapiens	Blood plasma	not available	not available	not available	not available	not available	1	cell	not available	not available	run262	proteomic profiling by mass spectrometry	v1.1.0	NT=ms-proteomics;VV=v1.1.0	NT=Data-Dependent Acquisition;AC=PRIDE:0000627	2	AP051118_Gurjeet_ProtMiner_UB_C18_22.raw	ftp://ftp.pride.ebi.ac.uk/pride/data/archive/2021/02/PXD022469/AP051118_Gurjeet_ProtMiner_UB_C18_22.raw	22	NT=label free sample;AC=MS:1002038	NT=Q Exactive HF;AC=MS:1002523	NT=Trypsin;AC=MS:1001251	NT=Carbamidomethyl;MT=Fixed;TA=C;AC=UNIMOD:4	NT=Acetyl;MT=Variable;TA=N-term;AC=UNIMOD:1	NT=Oxidation;MT=Variable;TA=M;AC=UNIMOD:35	NT=Glu->pyro-Glu;MT=Variable;TA=E;AC=UNIMOD:27	NT=Gln->pyro-Glu;MT=Variable;TA=Q;AC=UNIMOD:28	not available	5 ppm	0.07 Da	Blood plasma
PXD022469-sample-263	Homo sapiens	Blood plasma	not available	not available	not available	not available	not available	1	cell	not available	not available	run263	proteomic profiling by mass spectrometry	v1.1.0	NT=ms-proteomics;VV=v1.1.0	NT=Data-Dependent Acquisition;AC=PRIDE:0000627	2	AP051118_Gurjeet_ProtMiner_UB_C18_23.raw	ftp://ftp.pride.ebi.ac.uk/pride/data/archive/2021/02/PXD022469/AP051118_Gurjeet_ProtMiner_UB_C18_23.raw	23	NT=label free sample;AC=MS:1002038	NT=Q Exactive HF;AC=MS:1002523	NT=Trypsin;AC=MS:1001251	NT=Carbamidomethyl;MT=Fixed;TA=C;AC=UNIMOD:4	NT=Acetyl;MT=Variable;TA=N-term;AC=UNIMOD:1	NT=Oxidation;MT=Variable;TA=M;AC=UNIMOD:35	NT=Glu->pyro-Glu;MT=Variable;TA=E;AC=UNIMOD:27	NT=Gln->pyro-Glu;MT=Variable;TA=Q;AC=UNIMOD:28	not available	5 ppm	0.07 Da	Blood plasma
PXD022469-sample-264	Homo sapiens	Blood plasma	not available	not available	not available	not available	not available	1	cell	not available	not available	run264	proteomic profiling by mass spectrometry	v1.1.0	NT=ms-proteomics;VV=v1.1.0	NT=Data-Dependent Acquisition;AC=PRIDE:0000627	2	AP051118_Gurjeet_ProtMiner_UB_C18_24.raw	ftp://ftp.pride.ebi.ac.uk/pride/data/archive/2021/02/PXD022469/AP051118_Gurjeet_ProtMiner_UB_C18_24.raw	24	NT=label free sample;AC=MS:1002038	NT=Q Exactive HF;AC=MS:1002523	NT=Trypsin;AC=MS:1001251	NT=Carbamidomethyl;MT=Fixed;TA=C;AC=UNIMOD:4	NT=Acetyl;MT=Variable;TA=N-term;AC=UNIMOD:1	NT=Oxidation;MT=Variable;TA=M;AC=UNIMOD:35	NT=Glu->pyro-Glu;MT=Variable;TA=E;AC=UNIMOD:27	NT=Gln->pyro-Glu;MT=Variable;TA=Q;AC=UNIMOD:28	not available	5 ppm	0.07 Da	Blood plasma
PXD022469-sample-265	Homo sapiens	Blood plasma	not available	not available	not available	not available	not available	1	cell	not available	not available	run265	proteomic profiling by mass spectrometry	v1.1.0	NT=ms-proteomics;VV=v1.1.0	NT=Data-Dependent Acquisition;AC=PRIDE:0000627	2	AP051218_Gurjeet_ProtMiner_UB_C18_Binos_1.raw	ftp://ftp.pride.ebi.ac.uk/pride/data/archive/2021/02/PXD022469/AP051218_Gurjeet_ProtMiner_UB_C18_Binos_1.raw	1	NT=label free sample;AC=MS:1002038	NT=Q Exactive HF;AC=MS:1002523	NT=Trypsin;AC=MS:1001251	NT=Carbamidomethyl;MT=Fixed;TA=C;AC=UNIMOD:4	NT=Acetyl;MT=Variable;TA=N-term;AC=UNIMOD:1	NT=Oxidation;MT=Variable;TA=M;AC=UNIMOD:35	NT=Glu->pyro-Glu;MT=Variable;TA=E;AC=UNIMOD:27	NT=Gln->pyro-Glu;MT=Variable;TA=Q;AC=UNIMOD:28	not available	5 ppm	0.07 Da	Blood plasma
PXD022469-sample-266	Homo sapiens	Blood plasma	not available	not available	not available	not available	not available	1	cell	not available	not available	run266	proteomic profiling by mass spectrometry	v1.1.0	NT=ms-proteomics;VV=v1.1.0	NT=Data-Dependent Acquisition;AC=PRIDE:0000627	2	AP051218_Gurjeet_ProtMiner_UB_C18_Binos_2.raw	ftp://ftp.pride.ebi.ac.uk/pride/data/archive/2021/02/PXD022469/AP051218_Gurjeet_ProtMiner_UB_C18_Binos_2.raw	2	NT=label free sample;AC=MS:1002038	NT=Q Exactive HF;AC=MS:1002523	NT=Trypsin;AC=MS:1001251	NT=Carbamidomethyl;MT=Fixed;TA=C;AC=UNIMOD:4	NT=Acetyl;MT=Variable;TA=N-term;AC=UNIMOD:1	NT=Oxidation;MT=Variable;TA=M;AC=UNIMOD:35	NT=Glu->pyro-Glu;MT=Variable;TA=E;AC=UNIMOD:27	NT=Gln->pyro-Glu;MT=Variable;TA=Q;AC=UNIMOD:28	not available	5 ppm	0.07 Da	Blood plasma
PXD022469-sample-267	Homo sapiens	Blood plasma	not available	not available	not available	not available	not available	1	cell	not available	not available	run267	proteomic profiling by mass spectrometry	v1.1.0	NT=ms-proteomics;VV=v1.1.0	NT=Data-Dependent Acquisition;AC=PRIDE:0000627	2	AP051218_Gurjeet_ProtMiner_UB_C18_Binos_3.raw	ftp://ftp.pride.ebi.ac.uk/pride/data/archive/2021/02/PXD022469/AP051218_Gurjeet_ProtMiner_UB_C18_Binos_3.raw	3	NT=label free sample;AC=MS:1002038	NT=Q Exactive HF;AC=MS:1002523	NT=Trypsin;AC=MS:1001251	NT=Carbamidomethyl;MT=Fixed;TA=C;AC=UNIMOD:4	NT=Acetyl;MT=Variable;TA=N-term;AC=UNIMOD:1	NT=Oxidation;MT=Variable;TA=M;AC=UNIMOD:35	NT=Glu->pyro-Glu;MT=Variable;TA=E;AC=UNIMOD:27	NT=Gln->pyro-Glu;MT=Variable;TA=Q;AC=UNIMOD:28	not available	5 ppm	0.07 Da	Blood plasma
PXD022469-sample-268	Homo sapiens	Blood plasma	not available	not available	not available	not available	not available	1	cell	not available	not available	run268	proteomic profiling by mass spectrometry	v1.1.0	NT=ms-proteomics;VV=v1.1.0	NT=Data-Dependent Acquisition;AC=PRIDE:0000627	2	AP051218_Gurjeet_ProtMiner_UB_C18_Binos_4.raw	ftp://ftp.pride.ebi.ac.uk/pride/data/archive/2021/02/PXD022469/AP051218_Gurjeet_ProtMiner_UB_C18_Binos_4.raw	4	NT=label free sample;AC=MS:1002038	NT=Q Exactive HF;AC=MS:1002523	NT=Trypsin;AC=MS:1001251	NT=Carbamidomethyl;MT=Fixed;TA=C;AC=UNIMOD:4	NT=Acetyl;MT=Variable;TA=N-term;AC=UNIMOD:1	NT=Oxidation;MT=Variable;TA=M;AC=UNIMOD:35	NT=Glu->pyro-Glu;MT=Variable;TA=E;AC=UNIMOD:27	NT=Gln->pyro-Glu;MT=Variable;TA=Q;AC=UNIMOD:28	not available	5 ppm	0.07 Da	Blood plasma
PXD022469-sample-269	Homo sapiens	Blood plasma	not available	not available	not available	not available	not available	1	cell	not available	not available	run269	proteomic profiling by mass spectrometry	v1.1.0	NT=ms-proteomics;VV=v1.1.0	NT=Data-Dependent Acquisition;AC=PRIDE:0000627	2	AP051218_Gurjeet_ProtMiner_UB_C18_Binos_5.raw	ftp://ftp.pride.ebi.ac.uk/pride/data/archive/2021/02/PXD022469/AP051218_Gurjeet_ProtMiner_UB_C18_Binos_5.raw	5	NT=label free sample;AC=MS:1002038	NT=Q Exactive HF;AC=MS:1002523	NT=Trypsin;AC=MS:1001251	NT=Carbamidomethyl;MT=Fixed;TA=C;AC=UNIMOD:4	NT=Acetyl;MT=Variable;TA=N-term;AC=UNIMOD:1	NT=Oxidation;MT=Variable;TA=M;AC=UNIMOD:35	NT=Glu->pyro-Glu;MT=Variable;TA=E;AC=UNIMOD:27	NT=Gln->pyro-Glu;MT=Variable;TA=Q;AC=UNIMOD:28	not available	5 ppm	0.07 Da	Blood plasma
PXD022469-sample-270	Homo sapiens	Blood plasma	not available	not available	not available	not available	not available	1	cell	not available	not available	run270	proteomic profiling by mass spectrometry	v1.1.0	NT=ms-proteomics;VV=v1.1.0	NT=Data-Dependent Acquisition;AC=PRIDE:0000627	2	AP051218_Gurjeet_ProtMiner_UB_C18_Binos_6.raw	ftp://ftp.pride.ebi.ac.uk/pride/data/archive/2021/02/PXD022469/AP051218_Gurjeet_ProtMiner_UB_C18_Binos_6.raw	6	NT=label free sample;AC=MS:1002038	NT=Q Exactive HF;AC=MS:1002523	NT=Trypsin;AC=MS:1001251	NT=Carbamidomethyl;MT=Fixed;TA=C;AC=UNIMOD:4	NT=Acetyl;MT=Variable;TA=N-term;AC=UNIMOD:1	NT=Oxidation;MT=Variable;TA=M;AC=UNIMOD:35	NT=Glu->pyro-Glu;MT=Variable;TA=E;AC=UNIMOD:27	NT=Gln->pyro-Glu;MT=Variable;TA=Q;AC=UNIMOD:28	not available	5 ppm	0.07 Da	Blood plasma
PXD022469-sample-271	Homo sapiens	Blood plasma	not available	not available	not available	not available	not available	1	cell	not available	not available	run271	proteomic profiling by mass spectrometry	v1.1.0	NT=ms-proteomics;VV=v1.1.0	NT=Data-Dependent Acquisition;AC=PRIDE:0000627	2	AP051218_Gurjeet_ProtMiner_UB_C18_Binos_7.raw	ftp://ftp.pride.ebi.ac.uk/pride/data/archive/2021/02/PXD022469/AP051218_Gurjeet_ProtMiner_UB_C18_Binos_7.raw	7	NT=label free sample;AC=MS:1002038	NT=Q Exactive HF;AC=MS:1002523	NT=Trypsin;AC=MS:1001251	NT=Carbamidomethyl;MT=Fixed;TA=C;AC=UNIMOD:4	NT=Acetyl;MT=Variable;TA=N-term;AC=UNIMOD:1	NT=Oxidation;MT=Variable;TA=M;AC=UNIMOD:35	NT=Glu->pyro-Glu;MT=Variable;TA=E;AC=UNIMOD:27	NT=Gln->pyro-Glu;MT=Variable;TA=Q;AC=UNIMOD:28	not available	5 ppm	0.07 Da	Blood plasma
PXD022469-sample-272	Homo sapiens	Blood plasma	not available	not available	not available	not available	not available	1	cell	not available	not available	run272	proteomic profiling by mass spectrometry	v1.1.0	NT=ms-proteomics;VV=v1.1.0	NT=Data-Dependent Acquisition;AC=PRIDE:0000627	2	AP051218_Gurjeet_ProtMiner_UB_C18_Binos_8.raw	ftp://ftp.pride.ebi.ac.uk/pride/data/archive/2021/02/PXD022469/AP051218_Gurjeet_ProtMiner_UB_C18_Binos_8.raw	8	NT=label free sample;AC=MS:1002038	NT=Q Exactive HF;AC=MS:1002523	NT=Trypsin;AC=MS:1001251	NT=Carbamidomethyl;MT=Fixed;TA=C;AC=UNIMOD:4	NT=Acetyl;MT=Variable;TA=N-term;AC=UNIMOD:1	NT=Oxidation;MT=Variable;TA=M;AC=UNIMOD:35	NT=Glu->pyro-Glu;MT=Variable;TA=E;AC=UNIMOD:27	NT=Gln->pyro-Glu;MT=Variable;TA=Q;AC=UNIMOD:28	not available	5 ppm	0.07 Da	Blood plasma
PXD022469-sample-273	Homo sapiens	Blood plasma	not available	not available	not available	not available	not available	1	cell	not available	not available	run273	proteomic profiling by mass spectrometry	v1.1.0	NT=ms-proteomics;VV=v1.1.0	NT=Data-Dependent Acquisition;AC=PRIDE:0000627	2	AP051218_Gurjeet_ProtMiner_UB_C18_Binos_9.raw	ftp://ftp.pride.ebi.ac.uk/pride/data/archive/2021/02/PXD022469/AP051218_Gurjeet_ProtMiner_UB_C18_Binos_9.raw	9	NT=label free sample;AC=MS:1002038	NT=Q Exactive HF;AC=MS:1002523	NT=Trypsin;AC=MS:1001251	NT=Carbamidomethyl;MT=Fixed;TA=C;AC=UNIMOD:4	NT=Acetyl;MT=Variable;TA=N-term;AC=UNIMOD:1	NT=Oxidation;MT=Variable;TA=M;AC=UNIMOD:35	NT=Glu->pyro-Glu;MT=Variable;TA=E;AC=UNIMOD:27	NT=Gln->pyro-Glu;MT=Variable;TA=Q;AC=UNIMOD:28	not available	5 ppm	0.07 Da	Blood plasma
PXD022469-sample-274	Homo sapiens	Blood plasma	not available	not available	not available	not available	not available	1	cell	not available	not available	run274	proteomic profiling by mass spectrometry	v1.1.0	NT=ms-proteomics;VV=v1.1.0	NT=Data-Dependent Acquisition;AC=PRIDE:0000627	2	AP051218_Gurjeet_ProtMiner_UB_C18_Binos_10.raw	ftp://ftp.pride.ebi.ac.uk/pride/data/archive/2021/02/PXD022469/AP051218_Gurjeet_ProtMiner_UB_C18_Binos_10.raw	10	NT=label free sample;AC=MS:1002038	NT=Q Exactive HF;AC=MS:1002523	NT=Trypsin;AC=MS:1001251	NT=Carbamidomethyl;MT=Fixed;TA=C;AC=UNIMOD:4	NT=Acetyl;MT=Variable;TA=N-term;AC=UNIMOD:1	NT=Oxidation;MT=Variable;TA=M;AC=UNIMOD:35	NT=Glu->pyro-Glu;MT=Variable;TA=E;AC=UNIMOD:27	NT=Gln->pyro-Glu;MT=Variable;TA=Q;AC=UNIMOD:28	not available	5 ppm	0.07 Da	Blood plasma
PXD022469-sample-275	Homo sapiens	Blood plasma	not available	not available	not available	not available	not available	1	cell	not available	not available	run275	proteomic profiling by mass spectrometry	v1.1.0	NT=ms-proteomics;VV=v1.1.0	NT=Data-Dependent Acquisition;AC=PRIDE:0000627	2	AP051218_Gurjeet_ProtMiner_UB_C18_Binos_11.raw	ftp://ftp.pride.ebi.ac.uk/pride/data/archive/2021/02/PXD022469/AP051218_Gurjeet_ProtMiner_UB_C18_Binos_11.raw	11	NT=label free sample;AC=MS:1002038	NT=Q Exactive HF;AC=MS:1002523	NT=Trypsin;AC=MS:1001251	NT=Carbamidomethyl;MT=Fixed;TA=C;AC=UNIMOD:4	NT=Acetyl;MT=Variable;TA=N-term;AC=UNIMOD:1	NT=Oxidation;MT=Variable;TA=M;AC=UNIMOD:35	NT=Glu->pyro-Glu;MT=Variable;TA=E;AC=UNIMOD:27	NT=Gln->pyro-Glu;MT=Variable;TA=Q;AC=UNIMOD:28	not available	5 ppm	0.07 Da	Blood plasma
PXD022469-sample-276	Homo sapiens	Blood plasma	not available	not available	not available	not available	not available	1	cell	not available	not available	run276	proteomic profiling by mass spectrometry	v1.1.0	NT=ms-proteomics;VV=v1.1.0	NT=Data-Dependent Acquisition;AC=PRIDE:0000627	2	AP051218_Gurjeet_ProtMiner_UB_C18_Binos_12.raw	ftp://ftp.pride.ebi.ac.uk/pride/data/archive/2021/02/PXD022469/AP051218_Gurjeet_ProtMiner_UB_C18_Binos_12.raw	12	NT=label free sample;AC=MS:1002038	NT=Q Exactive HF;AC=MS:1002523	NT=Trypsin;AC=MS:1001251	NT=Carbamidomethyl;MT=Fixed;TA=C;AC=UNIMOD:4	NT=Acetyl;MT=Variable;TA=N-term;AC=UNIMOD:1	NT=Oxidation;MT=Variable;TA=M;AC=UNIMOD:35	NT=Glu->pyro-Glu;MT=Variable;TA=E;AC=UNIMOD:27	NT=Gln->pyro-Glu;MT=Variable;TA=Q;AC=UNIMOD:28	not available	5 ppm	0.07 Da	Blood plasma
PXD022469-sample-277	Homo sapiens	Blood plasma	not available	not available	not available	not available	not available	1	cell	not available	not available	run277	proteomic profiling by mass spectrometry	v1.1.0	NT=ms-proteomics;VV=v1.1.0	NT=Data-Dependent Acquisition;AC=PRIDE:0000627	2	AP051218_Gurjeet_ProtMiner_UB_C18_Binos_13.raw	ftp://ftp.pride.ebi.ac.uk/pride/data/archive/2021/02/PXD022469/AP051218_Gurjeet_ProtMiner_UB_C18_Binos_13.raw	13	NT=label free sample;AC=MS:1002038	NT=Q Exactive HF;AC=MS:1002523	NT=Trypsin;AC=MS:1001251	NT=Carbamidomethyl;MT=Fixed;TA=C;AC=UNIMOD:4	NT=Acetyl;MT=Variable;TA=N-term;AC=UNIMOD:1	NT=Oxidation;MT=Variable;TA=M;AC=UNIMOD:35	NT=Glu->pyro-Glu;MT=Variable;TA=E;AC=UNIMOD:27	NT=Gln->pyro-Glu;MT=Variable;TA=Q;AC=UNIMOD:28	not available	5 ppm	0.07 Da	Blood plasma
PXD022469-sample-278	Homo sapiens	Blood plasma	not available	not available	not available	not available	not available	1	cell	not available	not available	run278	proteomic profiling by mass spectrometry	v1.1.0	NT=ms-proteomics;VV=v1.1.0	NT=Data-Dependent Acquisition;AC=PRIDE:0000627	2	AP051218_Gurjeet_ProtMiner_UB_C18_Binos_14.raw	ftp://ftp.pride.ebi.ac.uk/pride/data/archive/2021/02/PXD022469/AP051218_Gurjeet_ProtMiner_UB_C18_Binos_14.raw	14	NT=label free sample;AC=MS:1002038	NT=Q Exactive HF;AC=MS:1002523	NT=Trypsin;AC=MS:1001251	NT=Carbamidomethyl;MT=Fixed;TA=C;AC=UNIMOD:4	NT=Acetyl;MT=Variable;TA=N-term;AC=UNIMOD:1	NT=Oxidation;MT=Variable;TA=M;AC=UNIMOD:35	NT=Glu->pyro-Glu;MT=Variable;TA=E;AC=UNIMOD:27	NT=Gln->pyro-Glu;MT=Variable;TA=Q;AC=UNIMOD:28	not available	5 ppm	0.07 Da	Blood plasma
PXD022469-sample-279	Homo sapiens	Blood plasma	not available	not available	not available	not available	not available	1	cell	not available	not available	run279	proteomic profiling by mass spectrometry	v1.1.0	NT=ms-proteomics;VV=v1.1.0	NT=Data-Dependent Acquisition;AC=PRIDE:0000627	2	AP051218_Gurjeet_ProtMiner_UB_C18_Binos_15.raw	ftp://ftp.pride.ebi.ac.uk/pride/data/archive/2021/02/PXD022469/AP051218_Gurjeet_ProtMiner_UB_C18_Binos_15.raw	15	NT=label free sample;AC=MS:1002038	NT=Q Exactive HF;AC=MS:1002523	NT=Trypsin;AC=MS:1001251	NT=Carbamidomethyl;MT=Fixed;TA=C;AC=UNIMOD:4	NT=Acetyl;MT=Variable;TA=N-term;AC=UNIMOD:1	NT=Oxidation;MT=Variable;TA=M;AC=UNIMOD:35	NT=Glu->pyro-Glu;MT=Variable;TA=E;AC=UNIMOD:27	NT=Gln->pyro-Glu;MT=Variable;TA=Q;AC=UNIMOD:28	not available	5 ppm	0.07 Da	Blood plasma
PXD022469-sample-280	Homo sapiens	Blood plasma	not available	not available	not available	not available	not available	1	cell	not available	not available	run280	proteomic profiling by mass spectrometry	v1.1.0	NT=ms-proteomics;VV=v1.1.0	NT=Data-Dependent Acquisition;AC=PRIDE:0000627	2	AP051218_Gurjeet_ProtMiner_UB_C18_Binos_16.raw	ftp://ftp.pride.ebi.ac.uk/pride/data/archive/2021/02/PXD022469/AP051218_Gurjeet_ProtMiner_UB_C18_Binos_16.raw	16	NT=label free sample;AC=MS:1002038	NT=Q Exactive HF;AC=MS:1002523	NT=Trypsin;AC=MS:1001251	NT=Carbamidomethyl;MT=Fixed;TA=C;AC=UNIMOD:4	NT=Acetyl;MT=Variable;TA=N-term;AC=UNIMOD:1	NT=Oxidation;MT=Variable;TA=M;AC=UNIMOD:35	NT=Glu->pyro-Glu;MT=Variable;TA=E;AC=UNIMOD:27	NT=Gln->pyro-Glu;MT=Variable;TA=Q;AC=UNIMOD:28	not available	5 ppm	0.07 Da	Blood plasma
PXD022469-sample-281	Homo sapiens	Blood plasma	not available	not available	not available	not available	not available	1	cell	not available	not available	run281	proteomic profiling by mass spectrometry	v1.1.0	NT=ms-proteomics;VV=v1.1.0	NT=Data-Dependent Acquisition;AC=PRIDE:0000627	2	AP051218_Gurjeet_ProtMiner_UB_C18_Binos_17.raw	ftp://ftp.pride.ebi.ac.uk/pride/data/archive/2021/02/PXD022469/AP051218_Gurjeet_ProtMiner_UB_C18_Binos_17.raw	17	NT=label free sample;AC=MS:1002038	NT=Q Exactive HF;AC=MS:1002523	NT=Trypsin;AC=MS:1001251	NT=Carbamidomethyl;MT=Fixed;TA=C;AC=UNIMOD:4	NT=Acetyl;MT=Variable;TA=N-term;AC=UNIMOD:1	NT=Oxidation;MT=Variable;TA=M;AC=UNIMOD:35	NT=Glu->pyro-Glu;MT=Variable;TA=E;AC=UNIMOD:27	NT=Gln->pyro-Glu;MT=Variable;TA=Q;AC=UNIMOD:28	not available	5 ppm	0.07 Da	Blood plasma
PXD022469-sample-282	Homo sapiens	Blood plasma	not available	not available	not available	not available	not available	1	cell	not available	not available	run282	proteomic profiling by mass spectrometry	v1.1.0	NT=ms-proteomics;VV=v1.1.0	NT=Data-Dependent Acquisition;AC=PRIDE:0000627	2	AP051218_Gurjeet_ProtMiner_UB_C18_Binos_18.raw	ftp://ftp.pride.ebi.ac.uk/pride/data/archive/2021/02/PXD022469/AP051218_Gurjeet_ProtMiner_UB_C18_Binos_18.raw	18	NT=label free sample;AC=MS:1002038	NT=Q Exactive HF;AC=MS:1002523	NT=Trypsin;AC=MS:1001251	NT=Carbamidomethyl;MT=Fixed;TA=C;AC=UNIMOD:4	NT=Acetyl;MT=Variable;TA=N-term;AC=UNIMOD:1	NT=Oxidation;MT=Variable;TA=M;AC=UNIMOD:35	NT=Glu->pyro-Glu;MT=Variable;TA=E;AC=UNIMOD:27	NT=Gln->pyro-Glu;MT=Variable;TA=Q;AC=UNIMOD:28	not available	5 ppm	0.07 Da	Blood plasma
PXD022469-sample-283	Homo sapiens	Blood plasma	not available	not available	not available	not available	not available	1	cell	not available	not available	run283	proteomic profiling by mass spectrometry	v1.1.0	NT=ms-proteomics;VV=v1.1.0	NT=Data-Dependent Acquisition;AC=PRIDE:0000627	2	AP051218_Gurjeet_ProtMiner_UB_C18_Binos_19.raw	ftp://ftp.pride.ebi.ac.uk/pride/data/archive/2021/02/PXD022469/AP051218_Gurjeet_ProtMiner_UB_C18_Binos_19.raw	19	NT=label free sample;AC=MS:1002038	NT=Q Exactive HF;AC=MS:1002523	NT=Trypsin;AC=MS:1001251	NT=Carbamidomethyl;MT=Fixed;TA=C;AC=UNIMOD:4	NT=Acetyl;MT=Variable;TA=N-term;AC=UNIMOD:1	NT=Oxidation;MT=Variable;TA=M;AC=UNIMOD:35	NT=Glu->pyro-Glu;MT=Variable;TA=E;AC=UNIMOD:27	NT=Gln->pyro-Glu;MT=Variable;TA=Q;AC=UNIMOD:28	not available	5 ppm	0.07 Da	Blood plasma
PXD022469-sample-284	Homo sapiens	Blood plasma	not available	not available	not available	not available	not available	1	cell	not available	not available	run284	proteomic profiling by mass spectrometry	v1.1.0	NT=ms-proteomics;VV=v1.1.0	NT=Data-Dependent Acquisition;AC=PRIDE:0000627	2	AP051218_Gurjeet_ProtMiner_UB_C18_Binos_20.raw	ftp://ftp.pride.ebi.ac.uk/pride/data/archive/2021/02/PXD022469/AP051218_Gurjeet_ProtMiner_UB_C18_Binos_20.raw	20	NT=label free sample;AC=MS:1002038	NT=Q Exactive HF;AC=MS:1002523	NT=Trypsin;AC=MS:1001251	NT=Carbamidomethyl;MT=Fixed;TA=C;AC=UNIMOD:4	NT=Acetyl;MT=Variable;TA=N-term;AC=UNIMOD:1	NT=Oxidation;MT=Variable;TA=M;AC=UNIMOD:35	NT=Glu->pyro-Glu;MT=Variable;TA=E;AC=UNIMOD:27	NT=Gln->pyro-Glu;MT=Variable;TA=Q;AC=UNIMOD:28	not available	5 ppm	0.07 Da	Blood plasma
PXD022469-sample-285	Homo sapiens	Blood plasma	not available	not available	not available	not available	not available	1	cell	not available	not available	run285	proteomic profiling by mass spectrometry	v1.1.0	NT=ms-proteomics;VV=v1.1.0	NT=Data-Dependent Acquisition;AC=PRIDE:0000627	2	AP051218_Gurjeet_ProtMiner_UB_C18_Binos_21.raw	ftp://ftp.pride.ebi.ac.uk/pride/data/archive/2021/02/PXD022469/AP051218_Gurjeet_ProtMiner_UB_C18_Binos_21.raw	21	NT=label free sample;AC=MS:1002038	NT=Q Exactive HF;AC=MS:1002523	NT=Trypsin;AC=MS:1001251	NT=Carbamidomethyl;MT=Fixed;TA=C;AC=UNIMOD:4	NT=Acetyl;MT=Variable;TA=N-term;AC=UNIMOD:1	NT=Oxidation;MT=Variable;TA=M;AC=UNIMOD:35	NT=Glu->pyro-Glu;MT=Variable;TA=E;AC=UNIMOD:27	NT=Gln->pyro-Glu;MT=Variable;TA=Q;AC=UNIMOD:28	not available	5 ppm	0.07 Da	Blood plasma
PXD022469-sample-286	Homo sapiens	Blood plasma	not available	not available	not available	not available	not available	1	cell	not available	not available	run286	proteomic profiling by mass spectrometry	v1.1.0	NT=ms-proteomics;VV=v1.1.0	NT=Data-Dependent Acquisition;AC=PRIDE:0000627	2	AP051218_Gurjeet_ProtMiner_UB_C18_Binos_22.raw	ftp://ftp.pride.ebi.ac.uk/pride/data/archive/2021/02/PXD022469/AP051218_Gurjeet_ProtMiner_UB_C18_Binos_22.raw	22	NT=label free sample;AC=MS:1002038	NT=Q Exactive HF;AC=MS:1002523	NT=Trypsin;AC=MS:1001251	NT=Carbamidomethyl;MT=Fixed;TA=C;AC=UNIMOD:4	NT=Acetyl;MT=Variable;TA=N-term;AC=UNIMOD:1	NT=Oxidation;MT=Variable;TA=M;AC=UNIMOD:35	NT=Glu->pyro-Glu;MT=Variable;TA=E;AC=UNIMOD:27	NT=Gln->pyro-Glu;MT=Variable;TA=Q;AC=UNIMOD:28	not available	5 ppm	0.07 Da	Blood plasma
PXD022469-sample-287	Homo sapiens	Blood plasma	not available	not available	not available	not available	not available	1	cell	not available	not available	run287	proteomic profiling by mass spectrometry	v1.1.0	NT=ms-proteomics;VV=v1.1.0	NT=Data-Dependent Acquisition;AC=PRIDE:0000627	2	AP051218_Gurjeet_ProtMiner_UB_C18_Binos_23.raw	ftp://ftp.pride.ebi.ac.uk/pride/data/archive/2021/02/PXD022469/AP051218_Gurjeet_ProtMiner_UB_C18_Binos_23.raw	23	NT=label free sample;AC=MS:1002038	NT=Q Exactive HF;AC=MS:1002523	NT=Trypsin;AC=MS:1001251	NT=Carbamidomethyl;MT=Fixed;TA=C;AC=UNIMOD:4	NT=Acetyl;MT=Variable;TA=N-term;AC=UNIMOD:1	NT=Oxidation;MT=Variable;TA=M;AC=UNIMOD:35	NT=Glu->pyro-Glu;MT=Variable;TA=E;AC=UNIMOD:27	NT=Gln->pyro-Glu;MT=Variable;TA=Q;AC=UNIMOD:28	not available	5 ppm	0.07 Da	Blood plasma
PXD022469-sample-288	Homo sapiens	Blood plasma	not available	not available	not available	not available	not available	1	cell	not available	not available	run288	proteomic profiling by mass spectrometry	v1.1.0	NT=ms-proteomics;VV=v1.1.0	NT=Data-Dependent Acquisition;AC=PRIDE:0000627	2	AP051218_Gurjeet_ProtMiner_UB_C18_Binos_24.raw	ftp://ftp.pride.ebi.ac.uk/pride/data/archive/2021/02/PXD022469/AP051218_Gurjeet_ProtMiner_UB_C18_Binos_24.raw	24	NT=label free sample;AC=MS:1002038	NT=Q Exactive HF;AC=MS:1002523	NT=Trypsin;AC=MS:1001251	NT=Carbamidomethyl;MT=Fixed;TA=C;AC=UNIMOD:4	NT=Acetyl;MT=Variable;TA=N-term;AC=UNIMOD:1	NT=Oxidation;MT=Variable;TA=M;AC=UNIMOD:35	NT=Glu->pyro-Glu;MT=Variable;TA=E;AC=UNIMOD:27	NT=Gln->pyro-Glu;MT=Variable;TA=Q;AC=UNIMOD:28	not available	5 ppm	0.07 Da	Blood plasma
PXD022469-sample-289	Homo sapiens	Blood plasma	not available	not available	not available	not available	not available	1	cell	not available	not available	run289	proteomic profiling by mass spectrometry	v1.1.0	NT=ms-proteomics;VV=v1.1.0	NT=Data-Dependent Acquisition;AC=PRIDE:0000627	2	AP231118_Gurjeet_ProtMiner_UB_PAGE_Binos_1.raw	ftp://ftp.pride.ebi.ac.uk/pride/data/archive/2021/02/PXD022469/AP231118_Gurjeet_ProtMiner_UB_PAGE_Binos_1.raw	1	NT=label free sample;AC=MS:1002038	NT=Q Exactive HF;AC=MS:1002523	NT=Trypsin;AC=MS:1001251	NT=Carbamidomethyl;MT=Fixed;TA=C;AC=UNIMOD:4	NT=Acetyl;MT=Variable;TA=N-term;AC=UNIMOD:1	NT=Oxidation;MT=Variable;TA=M;AC=UNIMOD:35	NT=Glu->pyro-Glu;MT=Variable;TA=E;AC=UNIMOD:27	NT=Gln->pyro-Glu;MT=Variable;TA=Q;AC=UNIMOD:28	not available	5 ppm	0.07 Da	Blood plasma
PXD022469-sample-290	Homo sapiens	Blood plasma	not available	not available	not available	not available	not available	1	cell	not available	not available	run290	proteomic profiling by mass spectrometry	v1.1.0	NT=ms-proteomics;VV=v1.1.0	NT=Data-Dependent Acquisition;AC=PRIDE:0000627	2	AP231118_Gurjeet_ProtMiner_UB_PAGE_Binos_2.raw	ftp://ftp.pride.ebi.ac.uk/pride/data/archive/2021/02/PXD022469/AP231118_Gurjeet_ProtMiner_UB_PAGE_Binos_2.raw	2	NT=label free sample;AC=MS:1002038	NT=Q Exactive HF;AC=MS:1002523	NT=Trypsin;AC=MS:1001251	NT=Carbamidomethyl;MT=Fixed;TA=C;AC=UNIMOD:4	NT=Acetyl;MT=Variable;TA=N-term;AC=UNIMOD:1	NT=Oxidation;MT=Variable;TA=M;AC=UNIMOD:35	NT=Glu->pyro-Glu;MT=Variable;TA=E;AC=UNIMOD:27	NT=Gln->pyro-Glu;MT=Variable;TA=Q;AC=UNIMOD:28	not available	5 ppm	0.07 Da	Blood plasma
PXD022469-sample-291	Homo sapiens	Blood plasma	not available	not available	not available	not available	not available	1	cell	not available	not available	run291	proteomic profiling by mass spectrometry	v1.1.0	NT=ms-proteomics;VV=v1.1.0	NT=Data-Dependent Acquisition;AC=PRIDE:0000627	2	AP231118_Gurjeet_ProtMiner_UB_PAGE_Binos_3.raw	ftp://ftp.pride.ebi.ac.uk/pride/data/archive/2021/02/PXD022469/AP231118_Gurjeet_ProtMiner_UB_PAGE_Binos_3.raw	3	NT=label free sample;AC=MS:1002038	NT=Q Exactive HF;AC=MS:1002523	NT=Trypsin;AC=MS:1001251	NT=Carbamidomethyl;MT=Fixed;TA=C;AC=UNIMOD:4	NT=Acetyl;MT=Variable;TA=N-term;AC=UNIMOD:1	NT=Oxidation;MT=Variable;TA=M;AC=UNIMOD:35	NT=Glu->pyro-Glu;MT=Variable;TA=E;AC=UNIMOD:27	NT=Gln->pyro-Glu;MT=Variable;TA=Q;AC=UNIMOD:28	not available	5 ppm	0.07 Da	Blood plasma
PXD022469-sample-292	Homo sapiens	Blood plasma	not available	not available	not available	not available	not available	1	cell	not available	not available	run292	proteomic profiling by mass spectrometry	v1.1.0	NT=ms-proteomics;VV=v1.1.0	NT=Data-Dependent Acquisition;AC=PRIDE:0000627	2	AP231118_Gurjeet_ProtMiner_UB_PAGE_Binos_4.raw	ftp://ftp.pride.ebi.ac.uk/pride/data/archive/2021/02/PXD022469/AP231118_Gurjeet_ProtMiner_UB_PAGE_Binos_4.raw	4	NT=label free sample;AC=MS:1002038	NT=Q Exactive HF;AC=MS:1002523	NT=Trypsin;AC=MS:1001251	NT=Carbamidomethyl;MT=Fixed;TA=C;AC=UNIMOD:4	NT=Acetyl;MT=Variable;TA=N-term;AC=UNIMOD:1	NT=Oxidation;MT=Variable;TA=M;AC=UNIMOD:35	NT=Glu->pyro-Glu;MT=Variable;TA=E;AC=UNIMOD:27	NT=Gln->pyro-Glu;MT=Variable;TA=Q;AC=UNIMOD:28	not available	5 ppm	0.07 Da	Blood plasma
PXD022469-sample-293	Homo sapiens	Blood plasma	not available	not available	not available	not available	not available	1	cell	not available	not available	run293	proteomic profiling by mass spectrometry	v1.1.0	NT=ms-proteomics;VV=v1.1.0	NT=Data-Dependent Acquisition;AC=PRIDE:0000627	2	AP231118_Gurjeet_ProtMiner_UB_PAGE_Binos_5.raw	ftp://ftp.pride.ebi.ac.uk/pride/data/archive/2021/02/PXD022469/AP231118_Gurjeet_ProtMiner_UB_PAGE_Binos_5.raw	5	NT=label free sample;AC=MS:1002038	NT=Q Exactive HF;AC=MS:1002523	NT=Trypsin;AC=MS:1001251	NT=Carbamidomethyl;MT=Fixed;TA=C;AC=UNIMOD:4	NT=Acetyl;MT=Variable;TA=N-term;AC=UNIMOD:1	NT=Oxidation;MT=Variable;TA=M;AC=UNIMOD:35	NT=Glu->pyro-Glu;MT=Variable;TA=E;AC=UNIMOD:27	NT=Gln->pyro-Glu;MT=Variable;TA=Q;AC=UNIMOD:28	not available	5 ppm	0.07 Da	Blood plasma
PXD022469-sample-294	Homo sapiens	Blood plasma	not available	not available	not available	not available	not available	1	cell	not available	not available	run294	proteomic profiling by mass spectrometry	v1.1.0	NT=ms-proteomics;VV=v1.1.0	NT=Data-Dependent Acquisition;AC=PRIDE:0000627	2	AP231118_Gurjeet_ProtMiner_UB_PAGE_Binos_6.raw	ftp://ftp.pride.ebi.ac.uk/pride/data/archive/2021/02/PXD022469/AP231118_Gurjeet_ProtMiner_UB_PAGE_Binos_6.raw	6	NT=label free sample;AC=MS:1002038	NT=Q Exactive HF;AC=MS:1002523	NT=Trypsin;AC=MS:1001251	NT=Carbamidomethyl;MT=Fixed;TA=C;AC=UNIMOD:4	NT=Acetyl;MT=Variable;TA=N-term;AC=UNIMOD:1	NT=Oxidation;MT=Variable;TA=M;AC=UNIMOD:35	NT=Glu->pyro-Glu;MT=Variable;TA=E;AC=UNIMOD:27	NT=Gln->pyro-Glu;MT=Variable;TA=Q;AC=UNIMOD:28	not available	5 ppm	0.07 Da	Blood plasma
PXD022469-sample-295	Homo sapiens	Blood plasma	not available	not available	not available	not available	not available	1	cell	not available	not available	run295	proteomic profiling by mass spectrometry	v1.1.0	NT=ms-proteomics;VV=v1.1.0	NT=Data-Dependent Acquisition;AC=PRIDE:0000627	2	AP231118_Gurjeet_ProtMiner_UB_PAGE_Binos_7.raw	ftp://ftp.pride.ebi.ac.uk/pride/data/archive/2021/02/PXD022469/AP231118_Gurjeet_ProtMiner_UB_PAGE_Binos_7.raw	7	NT=label free sample;AC=MS:1002038	NT=Q Exactive HF;AC=MS:1002523	NT=Trypsin;AC=MS:1001251	NT=Carbamidomethyl;MT=Fixed;TA=C;AC=UNIMOD:4	NT=Acetyl;MT=Variable;TA=N-term;AC=UNIMOD:1	NT=Oxidation;MT=Variable;TA=M;AC=UNIMOD:35	NT=Glu->pyro-Glu;MT=Variable;TA=E;AC=UNIMOD:27	NT=Gln->pyro-Glu;MT=Variable;TA=Q;AC=UNIMOD:28	not available	5 ppm	0.07 Da	Blood plasma
PXD022469-sample-296	Homo sapiens	Blood plasma	not available	not available	not available	not available	not available	1	cell	not available	not available	run296	proteomic profiling by mass spectrometry	v1.1.0	NT=ms-proteomics;VV=v1.1.0	NT=Data-Dependent Acquisition;AC=PRIDE:0000627	2	AP231118_Gurjeet_ProtMiner_UB_PAGE_Binos_8.raw	ftp://ftp.pride.ebi.ac.uk/pride/data/archive/2021/02/PXD022469/AP231118_Gurjeet_ProtMiner_UB_PAGE_Binos_8.raw	8	NT=label free sample;AC=MS:1002038	NT=Q Exactive HF;AC=MS:1002523	NT=Trypsin;AC=MS:1001251	NT=Carbamidomethyl;MT=Fixed;TA=C;AC=UNIMOD:4	NT=Acetyl;MT=Variable;TA=N-term;AC=UNIMOD:1	NT=Oxidation;MT=Variable;TA=M;AC=UNIMOD:35	NT=Glu->pyro-Glu;MT=Variable;TA=E;AC=UNIMOD:27	NT=Gln->pyro-Glu;MT=Variable;TA=Q;AC=UNIMOD:28	not available	5 ppm	0.07 Da	Blood plasma
PXD022469-sample-297	Homo sapiens	Blood plasma	not available	not available	not available	not available	not available	1	cell	not available	not available	run297	proteomic profiling by mass spectrometry	v1.1.0	NT=ms-proteomics;VV=v1.1.0	NT=Data-Dependent Acquisition;AC=PRIDE:0000627	2	AP231118_Gurjeet_ProtMiner_UB_PAGE_Binos_9.raw	ftp://ftp.pride.ebi.ac.uk/pride/data/archive/2021/02/PXD022469/AP231118_Gurjeet_ProtMiner_UB_PAGE_Binos_9.raw	9	NT=label free sample;AC=MS:1002038	NT=Q Exactive HF;AC=MS:1002523	NT=Trypsin;AC=MS:1001251	NT=Carbamidomethyl;MT=Fixed;TA=C;AC=UNIMOD:4	NT=Acetyl;MT=Variable;TA=N-term;AC=UNIMOD:1	NT=Oxidation;MT=Variable;TA=M;AC=UNIMOD:35	NT=Glu->pyro-Glu;MT=Variable;TA=E;AC=UNIMOD:27	NT=Gln->pyro-Glu;MT=Variable;TA=Q;AC=UNIMOD:28	not available	5 ppm	0.07 Da	Blood plasma
PXD022469-sample-298	Homo sapiens	Blood plasma	not available	not available	not available	not available	not available	1	cell	not available	not available	run298	proteomic profiling by mass spectrometry	v1.1.0	NT=ms-proteomics;VV=v1.1.0	NT=Data-Dependent Acquisition;AC=PRIDE:0000627	2	AP231118_Gurjeet_ProtMiner_UB_PAGE_Binos_10.raw	ftp://ftp.pride.ebi.ac.uk/pride/data/archive/2021/02/PXD022469/AP231118_Gurjeet_ProtMiner_UB_PAGE_Binos_10.raw	10	NT=label free sample;AC=MS:1002038	NT=Q Exactive HF;AC=MS:1002523	NT=Trypsin;AC=MS:1001251	NT=Carbamidomethyl;MT=Fixed;TA=C;AC=UNIMOD:4	NT=Acetyl;MT=Variable;TA=N-term;AC=UNIMOD:1	NT=Oxidation;MT=Variable;TA=M;AC=UNIMOD:35	NT=Glu->pyro-Glu;MT=Variable;TA=E;AC=UNIMOD:27	NT=Gln->pyro-Glu;MT=Variable;TA=Q;AC=UNIMOD:28	not available	5 ppm	0.07 Da	Blood plasma
PXD022469-sample-299	Homo sapiens	Blood plasma	not available	not available	not available	not available	not available	1	cell	not available	not available	run299	proteomic profiling by mass spectrometry	v1.1.0	NT=ms-proteomics;VV=v1.1.0	NT=Data-Dependent Acquisition;AC=PRIDE:0000627	2	AP231118_Gurjeet_ProtMiner_UB_PAGE_Binos_11.raw	ftp://ftp.pride.ebi.ac.uk/pride/data/archive/2021/02/PXD022469/AP231118_Gurjeet_ProtMiner_UB_PAGE_Binos_11.raw	11	NT=label free sample;AC=MS:1002038	NT=Q Exactive HF;AC=MS:1002523	NT=Trypsin;AC=MS:1001251	NT=Carbamidomethyl;MT=Fixed;TA=C;AC=UNIMOD:4	NT=Acetyl;MT=Variable;TA=N-term;AC=UNIMOD:1	NT=Oxidation;MT=Variable;TA=M;AC=UNIMOD:35	NT=Glu->pyro-Glu;MT=Variable;TA=E;AC=UNIMOD:27	NT=Gln->pyro-Glu;MT=Variable;TA=Q;AC=UNIMOD:28	not available	5 ppm	0.07 Da	Blood plasma
PXD022469-sample-300	Homo sapiens	Blood plasma	not available	not available	not available	not available	not available	1	cell	not available	not available	run300	proteomic profiling by mass spectrometry	v1.1.0	NT=ms-proteomics;VV=v1.1.0	NT=Data-Dependent Acquisition;AC=PRIDE:0000627	2	AP231118_Gurjeet_ProtMiner_UB_PAGE_Binos_12.raw	ftp://ftp.pride.ebi.ac.uk/pride/data/archive/2021/02/PXD022469/AP231118_Gurjeet_ProtMiner_UB_PAGE_Binos_12.raw	12	NT=label free sample;AC=MS:1002038	NT=Q Exactive HF;AC=MS:1002523	NT=Trypsin;AC=MS:1001251	NT=Carbamidomethyl;MT=Fixed;TA=C;AC=UNIMOD:4	NT=Acetyl;MT=Variable;TA=N-term;AC=UNIMOD:1	NT=Oxidation;MT=Variable;TA=M;AC=UNIMOD:35	NT=Glu->pyro-Glu;MT=Variable;TA=E;AC=UNIMOD:27	NT=Gln->pyro-Glu;MT=Variable;TA=Q;AC=UNIMOD:28	not available	5 ppm	0.07 Da	Blood plasma
PXD022469-sample-301	Homo sapiens	Blood plasma	not available	not available	not available	not available	not available	1	cell	not available	not available	run301	proteomic profiling by mass spectrometry	v1.1.0	NT=ms-proteomics;VV=v1.1.0	NT=Data-Dependent Acquisition;AC=PRIDE:0000627	2	AP231118_Gurjeet_ProtMiner_UB_PAGE_Binos_13.raw	ftp://ftp.pride.ebi.ac.uk/pride/data/archive/2021/02/PXD022469/AP231118_Gurjeet_ProtMiner_UB_PAGE_Binos_13.raw	13	NT=label free sample;AC=MS:1002038	NT=Q Exactive HF;AC=MS:1002523	NT=Trypsin;AC=MS:1001251	NT=Carbamidomethyl;MT=Fixed;TA=C;AC=UNIMOD:4	NT=Acetyl;MT=Variable;TA=N-term;AC=UNIMOD:1	NT=Oxidation;MT=Variable;TA=M;AC=UNIMOD:35	NT=Glu->pyro-Glu;MT=Variable;TA=E;AC=UNIMOD:27	NT=Gln->pyro-Glu;MT=Variable;TA=Q;AC=UNIMOD:28	not available	5 ppm	0.07 Da	Blood plasma
PXD022469-sample-302	Homo sapiens	Blood plasma	not available	not available	not available	not available	not available	1	cell	not available	not available	run302	proteomic profiling by mass spectrometry	v1.1.0	NT=ms-proteomics;VV=v1.1.0	NT=Data-Dependent Acquisition;AC=PRIDE:0000627	2	AP231118_Gurjeet_ProtMiner_UB_PAGE_Binos_14.raw	ftp://ftp.pride.ebi.ac.uk/pride/data/archive/2021/02/PXD022469/AP231118_Gurjeet_ProtMiner_UB_PAGE_Binos_14.raw	14	NT=label free sample;AC=MS:1002038	NT=Q Exactive HF;AC=MS:1002523	NT=Trypsin;AC=MS:1001251	NT=Carbamidomethyl;MT=Fixed;TA=C;AC=UNIMOD:4	NT=Acetyl;MT=Variable;TA=N-term;AC=UNIMOD:1	NT=Oxidation;MT=Variable;TA=M;AC=UNIMOD:35	NT=Glu->pyro-Glu;MT=Variable;TA=E;AC=UNIMOD:27	NT=Gln->pyro-Glu;MT=Variable;TA=Q;AC=UNIMOD:28	not available	5 ppm	0.07 Da	Blood plasma
PXD022469-sample-303	Homo sapiens	Blood plasma	not available	not available	not available	not available	not available	1	cell	not available	not available	run303	proteomic profiling by mass spectrometry	v1.1.0	NT=ms-proteomics;VV=v1.1.0	NT=Data-Dependent Acquisition;AC=PRIDE:0000627	2	AP231118_Gurjeet_ProtMiner_UB_PAGE_Binos_15.raw	ftp://ftp.pride.ebi.ac.uk/pride/data/archive/2021/02/PXD022469/AP231118_Gurjeet_ProtMiner_UB_PAGE_Binos_15.raw	15	NT=label free sample;AC=MS:1002038	NT=Q Exactive HF;AC=MS:1002523	NT=Trypsin;AC=MS:1001251	NT=Carbamidomethyl;MT=Fixed;TA=C;AC=UNIMOD:4	NT=Acetyl;MT=Variable;TA=N-term;AC=UNIMOD:1	NT=Oxidation;MT=Variable;TA=M;AC=UNIMOD:35	NT=Glu->pyro-Glu;MT=Variable;TA=E;AC=UNIMOD:27	NT=Gln->pyro-Glu;MT=Variable;TA=Q;AC=UNIMOD:28	not available	5 ppm	0.07 Da	Blood plasma
PXD022469-sample-304	Homo sapiens	Blood plasma	not available	not available	not available	not available	not available	1	cell	not available	not available	run304	proteomic profiling by mass spectrometry	v1.1.0	NT=ms-proteomics;VV=v1.1.0	NT=Data-Dependent Acquisition;AC=PRIDE:0000627	2	AP231118_Gurjeet_ProtMiner_UB_PAGE_Binos_16.raw	ftp://ftp.pride.ebi.ac.uk/pride/data/archive/2021/02/PXD022469/AP231118_Gurjeet_ProtMiner_UB_PAGE_Binos_16.raw	16	NT=label free sample;AC=MS:1002038	NT=Q Exactive HF;AC=MS:1002523	NT=Trypsin;AC=MS:1001251	NT=Carbamidomethyl;MT=Fixed;TA=C;AC=UNIMOD:4	NT=Acetyl;MT=Variable;TA=N-term;AC=UNIMOD:1	NT=Oxidation;MT=Variable;TA=M;AC=UNIMOD:35	NT=Glu->pyro-Glu;MT=Variable;TA=E;AC=UNIMOD:27	NT=Gln->pyro-Glu;MT=Variable;TA=Q;AC=UNIMOD:28	not available	5 ppm	0.07 Da	Blood plasma
PXD022469-sample-305	Homo sapiens	Blood plasma	not available	not available	not available	not available	not available	1	cell	not available	not available	run305	proteomic profiling by mass spectrometry	v1.1.0	NT=ms-proteomics;VV=v1.1.0	NT=Data-Dependent Acquisition;AC=PRIDE:0000627	2	AP231118_Gurjeet_ProtMiner_UB_PAGE_Binos_17.raw	ftp://ftp.pride.ebi.ac.uk/pride/data/archive/2021/02/PXD022469/AP231118_Gurjeet_ProtMiner_UB_PAGE_Binos_17.raw	17	NT=label free sample;AC=MS:1002038	NT=Q Exactive HF;AC=MS:1002523	NT=Trypsin;AC=MS:1001251	NT=Carbamidomethyl;MT=Fixed;TA=C;AC=UNIMOD:4	NT=Acetyl;MT=Variable;TA=N-term;AC=UNIMOD:1	NT=Oxidation;MT=Variable;TA=M;AC=UNIMOD:35	NT=Glu->pyro-Glu;MT=Variable;TA=E;AC=UNIMOD:27	NT=Gln->pyro-Glu;MT=Variable;TA=Q;AC=UNIMOD:28	not available	5 ppm	0.07 Da	Blood plasma
PXD022469-sample-306	Homo sapiens	Blood plasma	not available	not available	not available	not available	not available	1	cell	not available	not available	run306	proteomic profiling by mass spectrometry	v1.1.0	NT=ms-proteomics;VV=v1.1.0	NT=Data-Dependent Acquisition;AC=PRIDE:0000627	2	AP231118_Gurjeet_ProtMiner_UB_PAGE_Binos_18.raw	ftp://ftp.pride.ebi.ac.uk/pride/data/archive/2021/02/PXD022469/AP231118_Gurjeet_ProtMiner_UB_PAGE_Binos_18.raw	18	NT=label free sample;AC=MS:1002038	NT=Q Exactive HF;AC=MS:1002523	NT=Trypsin;AC=MS:1001251	NT=Carbamidomethyl;MT=Fixed;TA=C;AC=UNIMOD:4	NT=Acetyl;MT=Variable;TA=N-term;AC=UNIMOD:1	NT=Oxidation;MT=Variable;TA=M;AC=UNIMOD:35	NT=Glu->pyro-Glu;MT=Variable;TA=E;AC=UNIMOD:27	NT=Gln->pyro-Glu;MT=Variable;TA=Q;AC=UNIMOD:28	not available	5 ppm	0.07 Da	Blood plasma
PXD022469-sample-307	Homo sapiens	Blood plasma	not available	not available	not available	not available	not available	1	cell	not available	not available	run307	proteomic profiling by mass spectrometry	v1.1.0	NT=ms-proteomics;VV=v1.1.0	NT=Data-Dependent Acquisition;AC=PRIDE:0000627	2	AP231118_Gurjeet_ProtMiner_UB_PAGE_Binos_19.raw	ftp://ftp.pride.ebi.ac.uk/pride/data/archive/2021/02/PXD022469/AP231118_Gurjeet_ProtMiner_UB_PAGE_Binos_19.raw	19	NT=label free sample;AC=MS:1002038	NT=Q Exactive HF;AC=MS:1002523	NT=Trypsin;AC=MS:1001251	NT=Carbamidomethyl;MT=Fixed;TA=C;AC=UNIMOD:4	NT=Acetyl;MT=Variable;TA=N-term;AC=UNIMOD:1	NT=Oxidation;MT=Variable;TA=M;AC=UNIMOD:35	NT=Glu->pyro-Glu;MT=Variable;TA=E;AC=UNIMOD:27	NT=Gln->pyro-Glu;MT=Variable;TA=Q;AC=UNIMOD:28	not available	5 ppm	0.07 Da	Blood plasma
PXD022469-sample-308	Homo sapiens	Blood plasma	not available	not available	not available	not available	not available	1	cell	not available	not available	run308	proteomic profiling by mass spectrometry	v1.1.0	NT=ms-proteomics;VV=v1.1.0	NT=Data-Dependent Acquisition;AC=PRIDE:0000627	2	AP231118_Gurjeet_ProtMiner_UB_PAGE_Binos_20.raw	ftp://ftp.pride.ebi.ac.uk/pride/data/archive/2021/02/PXD022469/AP231118_Gurjeet_ProtMiner_UB_PAGE_Binos_20.raw	20	NT=label free sample;AC=MS:1002038	NT=Q Exactive HF;AC=MS:1002523	NT=Trypsin;AC=MS:1001251	NT=Carbamidomethyl;MT=Fixed;TA=C;AC=UNIMOD:4	NT=Acetyl;MT=Variable;TA=N-term;AC=UNIMOD:1	NT=Oxidation;MT=Variable;TA=M;AC=UNIMOD:35	NT=Glu->pyro-Glu;MT=Variable;TA=E;AC=UNIMOD:27	NT=Gln->pyro-Glu;MT=Variable;TA=Q;AC=UNIMOD:28	not available	5 ppm	0.07 Da	Blood plasma
PXD022469-sample-309	Homo sapiens	Blood plasma	not available	not available	not available	not available	not available	1	cell	not available	not available	run309	proteomic profiling by mass spectrometry	v1.1.0	NT=ms-proteomics;VV=v1.1.0	NT=Data-Dependent Acquisition;AC=PRIDE:0000627	2	AP231118_Gurjeet_ProtMiner_UB_PAGE_Binos_21.raw	ftp://ftp.pride.ebi.ac.uk/pride/data/archive/2021/02/PXD022469/AP231118_Gurjeet_ProtMiner_UB_PAGE_Binos_21.raw	21	NT=label free sample;AC=MS:1002038	NT=Q Exactive HF;AC=MS:1002523	NT=Trypsin;AC=MS:1001251	NT=Carbamidomethyl;MT=Fixed;TA=C;AC=UNIMOD:4	NT=Acetyl;MT=Variable;TA=N-term;AC=UNIMOD:1	NT=Oxidation;MT=Variable;TA=M;AC=UNIMOD:35	NT=Glu->pyro-Glu;MT=Variable;TA=E;AC=UNIMOD:27	NT=Gln->pyro-Glu;MT=Variable;TA=Q;AC=UNIMOD:28	not available	5 ppm	0.07 Da	Blood plasma
PXD022469-sample-310	Homo sapiens	Blood plasma	not available	not available	not available	not available	not available	1	cell	not available	not available	run310	proteomic profiling by mass spectrometry	v1.1.0	NT=ms-proteomics;VV=v1.1.0	NT=Data-Dependent Acquisition;AC=PRIDE:0000627	2	AP231118_Gurjeet_ProtMiner_UB_PAGE_Binos_22.raw	ftp://ftp.pride.ebi.ac.uk/pride/data/archive/2021/02/PXD022469/AP231118_Gurjeet_ProtMiner_UB_PAGE_Binos_22.raw	22	NT=label free sample;AC=MS:1002038	NT=Q Exactive HF;AC=MS:1002523	NT=Trypsin;AC=MS:1001251	NT=Carbamidomethyl;MT=Fixed;TA=C;AC=UNIMOD:4	NT=Acetyl;MT=Variable;TA=N-term;AC=UNIMOD:1	NT=Oxidation;MT=Variable;TA=M;AC=UNIMOD:35	NT=Glu->pyro-Glu;MT=Variable;TA=E;AC=UNIMOD:27	NT=Gln->pyro-Glu;MT=Variable;TA=Q;AC=UNIMOD:28	not available	5 ppm	0.07 Da	Blood plasma
PXD022469-sample-311	Homo sapiens	Blood plasma	not available	not available	not available	not available	not available	1	cell	not available	not available	run311	proteomic profiling by mass spectrometry	v1.1.0	NT=ms-proteomics;VV=v1.1.0	NT=Data-Dependent Acquisition;AC=PRIDE:0000627	2	AP231118_Gurjeet_ProtMiner_UB_PAGE_Binos_23.raw	ftp://ftp.pride.ebi.ac.uk/pride/data/archive/2021/02/PXD022469/AP231118_Gurjeet_ProtMiner_UB_PAGE_Binos_23.raw	23	NT=label free sample;AC=MS:1002038	NT=Q Exactive HF;AC=MS:1002523	NT=Trypsin;AC=MS:1001251	NT=Carbamidomethyl;MT=Fixed;TA=C;AC=UNIMOD:4	NT=Acetyl;MT=Variable;TA=N-term;AC=UNIMOD:1	NT=Oxidation;MT=Variable;TA=M;AC=UNIMOD:35	NT=Glu->pyro-Glu;MT=Variable;TA=E;AC=UNIMOD:27	NT=Gln->pyro-Glu;MT=Variable;TA=Q;AC=UNIMOD:28	not available	5 ppm	0.07 Da	Blood plasma
PXD022469-sample-312	Homo sapiens	Blood plasma	not available	not available	not available	not available	not available	1	cell	not available	not available	run312	proteomic profiling by mass spectrometry	v1.1.0	NT=ms-proteomics;VV=v1.1.0	NT=Data-Dependent Acquisition;AC=PRIDE:0000627	2	AP231118_Gurjeet_ProtMiner_UB_PAGE_Binos_24.raw	ftp://ftp.pride.ebi.ac.uk/pride/data/archive/2021/02/PXD022469/AP231118_Gurjeet_ProtMiner_UB_PAGE_Binos_24.raw	24	NT=label free sample;AC=MS:1002038	NT=Q Exactive HF;AC=MS:1002523	NT=Trypsin;AC=MS:1001251	NT=Carbamidomethyl;MT=Fixed;TA=C;AC=UNIMOD:4	NT=Acetyl;MT=Variable;TA=N-term;AC=UNIMOD:1	NT=Oxidation;MT=Variable;TA=M;AC=UNIMOD:35	NT=Glu->pyro-Glu;MT=Variable;TA=E;AC=UNIMOD:27	NT=Gln->pyro-Glu;MT=Variable;TA=Q;AC=UNIMOD:28	not available	5 ppm	0.07 Da	Blood plasma
PXD022469-sample-313	Homo sapiens	Blood plasma	not available	not available	not available	not available	not available	1	cell	not available	not available	run313	proteomic profiling by mass spectrometry	v1.1.0	NT=ms-proteomics;VV=v1.1.0	NT=Data-Dependent Acquisition;AC=PRIDE:0000627	2	AP051118_Gurjeet_ProtMinerBd_C18_1.raw	ftp://ftp.pride.ebi.ac.uk/pride/data/archive/2021/02/PXD022469/AP051118_Gurjeet_ProtMinerBd_C18_1.raw	1	NT=label free sample;AC=MS:1002038	NT=Q Exactive HF;AC=MS:1002523	NT=Trypsin;AC=MS:1001251	NT=Carbamidomethyl;MT=Fixed;TA=C;AC=UNIMOD:4	NT=Acetyl;MT=Variable;TA=N-term;AC=UNIMOD:1	NT=Oxidation;MT=Variable;TA=M;AC=UNIMOD:35	NT=Glu->pyro-Glu;MT=Variable;TA=E;AC=UNIMOD:27	NT=Gln->pyro-Glu;MT=Variable;TA=Q;AC=UNIMOD:28	not available	5 ppm	0.07 Da	Blood plasma
PXD022469-sample-314	Homo sapiens	Blood plasma	not available	not available	not available	not available	not available	1	cell	not available	not available	run314	proteomic profiling by mass spectrometry	v1.1.0	NT=ms-proteomics;VV=v1.1.0	NT=Data-Dependent Acquisition;AC=PRIDE:0000627	2	AP051118_Gurjeet_ProtMinerBd_C18_2.raw	ftp://ftp.pride.ebi.ac.uk/pride/data/archive/2021/02/PXD022469/AP051118_Gurjeet_ProtMinerBd_C18_2.raw	2	NT=label free sample;AC=MS:1002038	NT=Q Exactive HF;AC=MS:1002523	NT=Trypsin;AC=MS:1001251	NT=Carbamidomethyl;MT=Fixed;TA=C;AC=UNIMOD:4	NT=Acetyl;MT=Variable;TA=N-term;AC=UNIMOD:1	NT=Oxidation;MT=Variable;TA=M;AC=UNIMOD:35	NT=Glu->pyro-Glu;MT=Variable;TA=E;AC=UNIMOD:27	NT=Gln->pyro-Glu;MT=Variable;TA=Q;AC=UNIMOD:28	not available	5 ppm	0.07 Da	Blood plasma
PXD022469-sample-315	Homo sapiens	Blood plasma	not available	not available	not available	not available	not available	1	cell	not available	not available	run315	proteomic profiling by mass spectrometry	v1.1.0	NT=ms-proteomics;VV=v1.1.0	NT=Data-Dependent Acquisition;AC=PRIDE:0000627	2	AP051118_Gurjeet_ProtMinerBd_C18_3.raw	ftp://ftp.pride.ebi.ac.uk/pride/data/archive/2021/02/PXD022469/AP051118_Gurjeet_ProtMinerBd_C18_3.raw	3	NT=label free sample;AC=MS:1002038	NT=Q Exactive HF;AC=MS:1002523	NT=Trypsin;AC=MS:1001251	NT=Carbamidomethyl;MT=Fixed;TA=C;AC=UNIMOD:4	NT=Acetyl;MT=Variable;TA=N-term;AC=UNIMOD:1	NT=Oxidation;MT=Variable;TA=M;AC=UNIMOD:35	NT=Glu->pyro-Glu;MT=Variable;TA=E;AC=UNIMOD:27	NT=Gln->pyro-Glu;MT=Variable;TA=Q;AC=UNIMOD:28	not available	5 ppm	0.07 Da	Blood plasma
PXD022469-sample-316	Homo sapiens	Blood plasma	not available	not available	not available	not available	not available	1	cell	not available	not available	run316	proteomic profiling by mass spectrometry	v1.1.0	NT=ms-proteomics;VV=v1.1.0	NT=Data-Dependent Acquisition;AC=PRIDE:0000627	2	AP051118_Gurjeet_ProtMinerBd_C18_4.raw	ftp://ftp.pride.ebi.ac.uk/pride/data/archive/2021/02/PXD022469/AP051118_Gurjeet_ProtMinerBd_C18_4.raw	4	NT=label free sample;AC=MS:1002038	NT=Q Exactive HF;AC=MS:1002523	NT=Trypsin;AC=MS:1001251	NT=Carbamidomethyl;MT=Fixed;TA=C;AC=UNIMOD:4	NT=Acetyl;MT=Variable;TA=N-term;AC=UNIMOD:1	NT=Oxidation;MT=Variable;TA=M;AC=UNIMOD:35	NT=Glu->pyro-Glu;MT=Variable;TA=E;AC=UNIMOD:27	NT=Gln->pyro-Glu;MT=Variable;TA=Q;AC=UNIMOD:28	not available	5 ppm	0.07 Da	Blood plasma
PXD022469-sample-317	Homo sapiens	Blood plasma	not available	not available	not available	not available	not available	1	cell	not available	not available	run317	proteomic profiling by mass spectrometry	v1.1.0	NT=ms-proteomics;VV=v1.1.0	NT=Data-Dependent Acquisition;AC=PRIDE:0000627	2	AP051118_Gurjeet_ProtMinerBd_C18_5.raw	ftp://ftp.pride.ebi.ac.uk/pride/data/archive/2021/02/PXD022469/AP051118_Gurjeet_ProtMinerBd_C18_5.raw	5	NT=label free sample;AC=MS:1002038	NT=Q Exactive HF;AC=MS:1002523	NT=Trypsin;AC=MS:1001251	NT=Carbamidomethyl;MT=Fixed;TA=C;AC=UNIMOD:4	NT=Acetyl;MT=Variable;TA=N-term;AC=UNIMOD:1	NT=Oxidation;MT=Variable;TA=M;AC=UNIMOD:35	NT=Glu->pyro-Glu;MT=Variable;TA=E;AC=UNIMOD:27	NT=Gln->pyro-Glu;MT=Variable;TA=Q;AC=UNIMOD:28	not available	5 ppm	0.07 Da	Blood plasma
PXD022469-sample-318	Homo sapiens	Blood plasma	not available	not available	not available	not available	not available	1	cell	not available	not available	run318	proteomic profiling by mass spectrometry	v1.1.0	NT=ms-proteomics;VV=v1.1.0	NT=Data-Dependent Acquisition;AC=PRIDE:0000627	2	AP051118_Gurjeet_ProtMinerBd_C18_6.raw	ftp://ftp.pride.ebi.ac.uk/pride/data/archive/2021/02/PXD022469/AP051118_Gurjeet_ProtMinerBd_C18_6.raw	6	NT=label free sample;AC=MS:1002038	NT=Q Exactive HF;AC=MS:1002523	NT=Trypsin;AC=MS:1001251	NT=Carbamidomethyl;MT=Fixed;TA=C;AC=UNIMOD:4	NT=Acetyl;MT=Variable;TA=N-term;AC=UNIMOD:1	NT=Oxidation;MT=Variable;TA=M;AC=UNIMOD:35	NT=Glu->pyro-Glu;MT=Variable;TA=E;AC=UNIMOD:27	NT=Gln->pyro-Glu;MT=Variable;TA=Q;AC=UNIMOD:28	not available	5 ppm	0.07 Da	Blood plasma
PXD022469-sample-319	Homo sapiens	Blood plasma	not available	not available	not available	not available	not available	1	cell	not available	not available	run319	proteomic profiling by mass spectrometry	v1.1.0	NT=ms-proteomics;VV=v1.1.0	NT=Data-Dependent Acquisition;AC=PRIDE:0000627	2	AP051118_Gurjeet_ProtMinerBd_C18_7.raw	ftp://ftp.pride.ebi.ac.uk/pride/data/archive/2021/02/PXD022469/AP051118_Gurjeet_ProtMinerBd_C18_7.raw	7	NT=label free sample;AC=MS:1002038	NT=Q Exactive HF;AC=MS:1002523	NT=Trypsin;AC=MS:1001251	NT=Carbamidomethyl;MT=Fixed;TA=C;AC=UNIMOD:4	NT=Acetyl;MT=Variable;TA=N-term;AC=UNIMOD:1	NT=Oxidation;MT=Variable;TA=M;AC=UNIMOD:35	NT=Glu->pyro-Glu;MT=Variable;TA=E;AC=UNIMOD:27	NT=Gln->pyro-Glu;MT=Variable;TA=Q;AC=UNIMOD:28	not available	5 ppm	0.07 Da	Blood plasma
PXD022469-sample-320	Homo sapiens	Blood plasma	not available	not available	not available	not available	not available	1	cell	not available	not available	run320	proteomic profiling by mass spectrometry	v1.1.0	NT=ms-proteomics;VV=v1.1.0	NT=Data-Dependent Acquisition;AC=PRIDE:0000627	2	AP051118_Gurjeet_ProtMinerBd_C18_8.raw	ftp://ftp.pride.ebi.ac.uk/pride/data/archive/2021/02/PXD022469/AP051118_Gurjeet_ProtMinerBd_C18_8.raw	8	NT=label free sample;AC=MS:1002038	NT=Q Exactive HF;AC=MS:1002523	NT=Trypsin;AC=MS:1001251	NT=Carbamidomethyl;MT=Fixed;TA=C;AC=UNIMOD:4	NT=Acetyl;MT=Variable;TA=N-term;AC=UNIMOD:1	NT=Oxidation;MT=Variable;TA=M;AC=UNIMOD:35	NT=Glu->pyro-Glu;MT=Variable;TA=E;AC=UNIMOD:27	NT=Gln->pyro-Glu;MT=Variable;TA=Q;AC=UNIMOD:28	not available	5 ppm	0.07 Da	Blood plasma
PXD022469-sample-321	Homo sapiens	Blood plasma	not available	not available	not available	not available	not available	1	cell	not available	not available	run321	proteomic profiling by mass spectrometry	v1.1.0	NT=ms-proteomics;VV=v1.1.0	NT=Data-Dependent Acquisition;AC=PRIDE:0000627	2	AP051118_Gurjeet_ProtMinerBd_C18_9.raw	ftp://ftp.pride.ebi.ac.uk/pride/data/archive/2021/02/PXD022469/AP051118_Gurjeet_ProtMinerBd_C18_9.raw	9	NT=label free sample;AC=MS:1002038	NT=Q Exactive HF;AC=MS:1002523	NT=Trypsin;AC=MS:1001251	NT=Carbamidomethyl;MT=Fixed;TA=C;AC=UNIMOD:4	NT=Acetyl;MT=Variable;TA=N-term;AC=UNIMOD:1	NT=Oxidation;MT=Variable;TA=M;AC=UNIMOD:35	NT=Glu->pyro-Glu;MT=Variable;TA=E;AC=UNIMOD:27	NT=Gln->pyro-Glu;MT=Variable;TA=Q;AC=UNIMOD:28	not available	5 ppm	0.07 Da	Blood plasma
PXD022469-sample-322	Homo sapiens	Blood plasma	not available	not available	not available	not available	not available	1	cell	not available	not available	run322	proteomic profiling by mass spectrometry	v1.1.0	NT=ms-proteomics;VV=v1.1.0	NT=Data-Dependent Acquisition;AC=PRIDE:0000627	2	AP051118_Gurjeet_ProtMinerBd_C18_10.raw	ftp://ftp.pride.ebi.ac.uk/pride/data/archive/2021/02/PXD022469/AP051118_Gurjeet_ProtMinerBd_C18_10.raw	10	NT=label free sample;AC=MS:1002038	NT=Q Exactive HF;AC=MS:1002523	NT=Trypsin;AC=MS:1001251	NT=Carbamidomethyl;MT=Fixed;TA=C;AC=UNIMOD:4	NT=Acetyl;MT=Variable;TA=N-term;AC=UNIMOD:1	NT=Oxidation;MT=Variable;TA=M;AC=UNIMOD:35	NT=Glu->pyro-Glu;MT=Variable;TA=E;AC=UNIMOD:27	NT=Gln->pyro-Glu;MT=Variable;TA=Q;AC=UNIMOD:28	not available	5 ppm	0.07 Da	Blood plasma
PXD022469-sample-323	Homo sapiens	Blood plasma	not available	not available	not available	not available	not available	1	cell	not available	not available	run323	proteomic profiling by mass spectrometry	v1.1.0	NT=ms-proteomics;VV=v1.1.0	NT=Data-Dependent Acquisition;AC=PRIDE:0000627	2	AP051118_Gurjeet_ProtMinerBd_C18_11.raw	ftp://ftp.pride.ebi.ac.uk/pride/data/archive/2021/02/PXD022469/AP051118_Gurjeet_ProtMinerBd_C18_11.raw	11	NT=label free sample;AC=MS:1002038	NT=Q Exactive HF;AC=MS:1002523	NT=Trypsin;AC=MS:1001251	NT=Carbamidomethyl;MT=Fixed;TA=C;AC=UNIMOD:4	NT=Acetyl;MT=Variable;TA=N-term;AC=UNIMOD:1	NT=Oxidation;MT=Variable;TA=M;AC=UNIMOD:35	NT=Glu->pyro-Glu;MT=Variable;TA=E;AC=UNIMOD:27	NT=Gln->pyro-Glu;MT=Variable;TA=Q;AC=UNIMOD:28	not available	5 ppm	0.07 Da	Blood plasma
PXD022469-sample-324	Homo sapiens	Blood plasma	not available	not available	not available	not available	not available	1	cell	not available	not available	run324	proteomic profiling by mass spectrometry	v1.1.0	NT=ms-proteomics;VV=v1.1.0	NT=Data-Dependent Acquisition;AC=PRIDE:0000627	2	AP051118_Gurjeet_ProtMinerBd_C18_12.raw	ftp://ftp.pride.ebi.ac.uk/pride/data/archive/2021/02/PXD022469/AP051118_Gurjeet_ProtMinerBd_C18_12.raw	12	NT=label free sample;AC=MS:1002038	NT=Q Exactive HF;AC=MS:1002523	NT=Trypsin;AC=MS:1001251	NT=Carbamidomethyl;MT=Fixed;TA=C;AC=UNIMOD:4	NT=Acetyl;MT=Variable;TA=N-term;AC=UNIMOD:1	NT=Oxidation;MT=Variable;TA=M;AC=UNIMOD:35	NT=Glu->pyro-Glu;MT=Variable;TA=E;AC=UNIMOD:27	NT=Gln->pyro-Glu;MT=Variable;TA=Q;AC=UNIMOD:28	not available	5 ppm	0.07 Da	Blood plasma
PXD022469-sample-325	Homo sapiens	Blood plasma	not available	not available	not available	not available	not available	1	cell	not available	not available	run325	proteomic profiling by mass spectrometry	v1.1.0	NT=ms-proteomics;VV=v1.1.0	NT=Data-Dependent Acquisition;AC=PRIDE:0000627	2	AP051118_Gurjeet_ProtMinerBd_C18_13.raw	ftp://ftp.pride.ebi.ac.uk/pride/data/archive/2021/02/PXD022469/AP051118_Gurjeet_ProtMinerBd_C18_13.raw	13	NT=label free sample;AC=MS:1002038	NT=Q Exactive HF;AC=MS:1002523	NT=Trypsin;AC=MS:1001251	NT=Carbamidomethyl;MT=Fixed;TA=C;AC=UNIMOD:4	NT=Acetyl;MT=Variable;TA=N-term;AC=UNIMOD:1	NT=Oxidation;MT=Variable;TA=M;AC=UNIMOD:35	NT=Glu->pyro-Glu;MT=Variable;TA=E;AC=UNIMOD:27	NT=Gln->pyro-Glu;MT=Variable;TA=Q;AC=UNIMOD:28	not available	5 ppm	0.07 Da	Blood plasma
PXD022469-sample-326	Homo sapiens	Blood plasma	not available	not available	not available	not available	not available	1	cell	not available	not available	run326	proteomic profiling by mass spectrometry	v1.1.0	NT=ms-proteomics;VV=v1.1.0	NT=Data-Dependent Acquisition;AC=PRIDE:0000627	2	AP051118_Gurjeet_ProtMinerBd_C18_14.raw	ftp://ftp.pride.ebi.ac.uk/pride/data/archive/2021/02/PXD022469/AP051118_Gurjeet_ProtMinerBd_C18_14.raw	14	NT=label free sample;AC=MS:1002038	NT=Q Exactive HF;AC=MS:1002523	NT=Trypsin;AC=MS:1001251	NT=Carbamidomethyl;MT=Fixed;TA=C;AC=UNIMOD:4	NT=Acetyl;MT=Variable;TA=N-term;AC=UNIMOD:1	NT=Oxidation;MT=Variable;TA=M;AC=UNIMOD:35	NT=Glu->pyro-Glu;MT=Variable;TA=E;AC=UNIMOD:27	NT=Gln->pyro-Glu;MT=Variable;TA=Q;AC=UNIMOD:28	not available	5 ppm	0.07 Da	Blood plasma
PXD022469-sample-327	Homo sapiens	Blood plasma	not available	not available	not available	not available	not available	1	cell	not available	not available	run327	proteomic profiling by mass spectrometry	v1.1.0	NT=ms-proteomics;VV=v1.1.0	NT=Data-Dependent Acquisition;AC=PRIDE:0000627	2	AP051118_Gurjeet_ProtMinerBd_C18_15.raw	ftp://ftp.pride.ebi.ac.uk/pride/data/archive/2021/02/PXD022469/AP051118_Gurjeet_ProtMinerBd_C18_15.raw	15	NT=label free sample;AC=MS:1002038	NT=Q Exactive HF;AC=MS:1002523	NT=Trypsin;AC=MS:1001251	NT=Carbamidomethyl;MT=Fixed;TA=C;AC=UNIMOD:4	NT=Acetyl;MT=Variable;TA=N-term;AC=UNIMOD:1	NT=Oxidation;MT=Variable;TA=M;AC=UNIMOD:35	NT=Glu->pyro-Glu;MT=Variable;TA=E;AC=UNIMOD:27	NT=Gln->pyro-Glu;MT=Variable;TA=Q;AC=UNIMOD:28	not available	5 ppm	0.07 Da	Blood plasma
PXD022469-sample-328	Homo sapiens	Blood plasma	not available	not available	not available	not available	not available	1	cell	not available	not available	run328	proteomic profiling by mass spectrometry	v1.1.0	NT=ms-proteomics;VV=v1.1.0	NT=Data-Dependent Acquisition;AC=PRIDE:0000627	2	AP051118_Gurjeet_ProtMinerBd_C18_16.raw	ftp://ftp.pride.ebi.ac.uk/pride/data/archive/2021/02/PXD022469/AP051118_Gurjeet_ProtMinerBd_C18_16.raw	16	NT=label free sample;AC=MS:1002038	NT=Q Exactive HF;AC=MS:1002523	NT=Trypsin;AC=MS:1001251	NT=Carbamidomethyl;MT=Fixed;TA=C;AC=UNIMOD:4	NT=Acetyl;MT=Variable;TA=N-term;AC=UNIMOD:1	NT=Oxidation;MT=Variable;TA=M;AC=UNIMOD:35	NT=Glu->pyro-Glu;MT=Variable;TA=E;AC=UNIMOD:27	NT=Gln->pyro-Glu;MT=Variable;TA=Q;AC=UNIMOD:28	not available	5 ppm	0.07 Da	Blood plasma
PXD022469-sample-329	Homo sapiens	Blood plasma	not available	not available	not available	not available	not available	1	cell	not available	not available	run329	proteomic profiling by mass spectrometry	v1.1.0	NT=ms-proteomics;VV=v1.1.0	NT=Data-Dependent Acquisition;AC=PRIDE:0000627	2	AP051118_Gurjeet_ProtMinerBd_C18_17.raw	ftp://ftp.pride.ebi.ac.uk/pride/data/archive/2021/02/PXD022469/AP051118_Gurjeet_ProtMinerBd_C18_17.raw	17	NT=label free sample;AC=MS:1002038	NT=Q Exactive HF;AC=MS:1002523	NT=Trypsin;AC=MS:1001251	NT=Carbamidomethyl;MT=Fixed;TA=C;AC=UNIMOD:4	NT=Acetyl;MT=Variable;TA=N-term;AC=UNIMOD:1	NT=Oxidation;MT=Variable;TA=M;AC=UNIMOD:35	NT=Glu->pyro-Glu;MT=Variable;TA=E;AC=UNIMOD:27	NT=Gln->pyro-Glu;MT=Variable;TA=Q;AC=UNIMOD:28	not available	5 ppm	0.07 Da	Blood plasma
PXD022469-sample-330	Homo sapiens	Blood plasma	not available	not available	not available	not available	not available	1	cell	not available	not available	run330	proteomic profiling by mass spectrometry	v1.1.0	NT=ms-proteomics;VV=v1.1.0	NT=Data-Dependent Acquisition;AC=PRIDE:0000627	2	AP051118_Gurjeet_ProtMinerBd_C18_18.raw	ftp://ftp.pride.ebi.ac.uk/pride/data/archive/2021/02/PXD022469/AP051118_Gurjeet_ProtMinerBd_C18_18.raw	18	NT=label free sample;AC=MS:1002038	NT=Q Exactive HF;AC=MS:1002523	NT=Trypsin;AC=MS:1001251	NT=Carbamidomethyl;MT=Fixed;TA=C;AC=UNIMOD:4	NT=Acetyl;MT=Variable;TA=N-term;AC=UNIMOD:1	NT=Oxidation;MT=Variable;TA=M;AC=UNIMOD:35	NT=Glu->pyro-Glu;MT=Variable;TA=E;AC=UNIMOD:27	NT=Gln->pyro-Glu;MT=Variable;TA=Q;AC=UNIMOD:28	not available	5 ppm	0.07 Da	Blood plasma
PXD022469-sample-331	Homo sapiens	Blood plasma	not available	not available	not available	not available	not available	1	cell	not available	not available	run331	proteomic profiling by mass spectrometry	v1.1.0	NT=ms-proteomics;VV=v1.1.0	NT=Data-Dependent Acquisition;AC=PRIDE:0000627	2	AP051118_Gurjeet_ProtMinerBd_C18_19.raw	ftp://ftp.pride.ebi.ac.uk/pride/data/archive/2021/02/PXD022469/AP051118_Gurjeet_ProtMinerBd_C18_19.raw	19	NT=label free sample;AC=MS:1002038	NT=Q Exactive HF;AC=MS:1002523	NT=Trypsin;AC=MS:1001251	NT=Carbamidomethyl;MT=Fixed;TA=C;AC=UNIMOD:4	NT=Acetyl;MT=Variable;TA=N-term;AC=UNIMOD:1	NT=Oxidation;MT=Variable;TA=M;AC=UNIMOD:35	NT=Glu->pyro-Glu;MT=Variable;TA=E;AC=UNIMOD:27	NT=Gln->pyro-Glu;MT=Variable;TA=Q;AC=UNIMOD:28	not available	5 ppm	0.07 Da	Blood plasma
PXD022469-sample-332	Homo sapiens	Blood plasma	not available	not available	not available	not available	not available	1	cell	not available	not available	run332	proteomic profiling by mass spectrometry	v1.1.0	NT=ms-proteomics;VV=v1.1.0	NT=Data-Dependent Acquisition;AC=PRIDE:0000627	2	AP051118_Gurjeet_ProtMinerBd_C18_20.raw	ftp://ftp.pride.ebi.ac.uk/pride/data/archive/2021/02/PXD022469/AP051118_Gurjeet_ProtMinerBd_C18_20.raw	20	NT=label free sample;AC=MS:1002038	NT=Q Exactive HF;AC=MS:1002523	NT=Trypsin;AC=MS:1001251	NT=Carbamidomethyl;MT=Fixed;TA=C;AC=UNIMOD:4	NT=Acetyl;MT=Variable;TA=N-term;AC=UNIMOD:1	NT=Oxidation;MT=Variable;TA=M;AC=UNIMOD:35	NT=Glu->pyro-Glu;MT=Variable;TA=E;AC=UNIMOD:27	NT=Gln->pyro-Glu;MT=Variable;TA=Q;AC=UNIMOD:28	not available	5 ppm	0.07 Da	Blood plasma
PXD022469-sample-333	Homo sapiens	Blood plasma	not available	not available	not available	not available	not available	1	cell	not available	not available	run333	proteomic profiling by mass spectrometry	v1.1.0	NT=ms-proteomics;VV=v1.1.0	NT=Data-Dependent Acquisition;AC=PRIDE:0000627	2	AP051118_Gurjeet_ProtMinerBd_C18_21.raw	ftp://ftp.pride.ebi.ac.uk/pride/data/archive/2021/02/PXD022469/AP051118_Gurjeet_ProtMinerBd_C18_21.raw	21	NT=label free sample;AC=MS:1002038	NT=Q Exactive HF;AC=MS:1002523	NT=Trypsin;AC=MS:1001251	NT=Carbamidomethyl;MT=Fixed;TA=C;AC=UNIMOD:4	NT=Acetyl;MT=Variable;TA=N-term;AC=UNIMOD:1	NT=Oxidation;MT=Variable;TA=M;AC=UNIMOD:35	NT=Glu->pyro-Glu;MT=Variable;TA=E;AC=UNIMOD:27	NT=Gln->pyro-Glu;MT=Variable;TA=Q;AC=UNIMOD:28	not available	5 ppm	0.07 Da	Blood plasma
PXD022469-sample-334	Homo sapiens	Blood plasma	not available	not available	not available	not available	not available	1	cell	not available	not available	run334	proteomic profiling by mass spectrometry	v1.1.0	NT=ms-proteomics;VV=v1.1.0	NT=Data-Dependent Acquisition;AC=PRIDE:0000627	2	AP051118_Gurjeet_ProtMinerBd_C18_22.raw	ftp://ftp.pride.ebi.ac.uk/pride/data/archive/2021/02/PXD022469/AP051118_Gurjeet_ProtMinerBd_C18_22.raw	22	NT=label free sample;AC=MS:1002038	NT=Q Exactive HF;AC=MS:1002523	NT=Trypsin;AC=MS:1001251	NT=Carbamidomethyl;MT=Fixed;TA=C;AC=UNIMOD:4	NT=Acetyl;MT=Variable;TA=N-term;AC=UNIMOD:1	NT=Oxidation;MT=Variable;TA=M;AC=UNIMOD:35	NT=Glu->pyro-Glu;MT=Variable;TA=E;AC=UNIMOD:27	NT=Gln->pyro-Glu;MT=Variable;TA=Q;AC=UNIMOD:28	not available	5 ppm	0.07 Da	Blood plasma
PXD022469-sample-335	Homo sapiens	Blood plasma	not available	not available	not available	not available	not available	1	cell	not available	not available	run335	proteomic profiling by mass spectrometry	v1.1.0	NT=ms-proteomics;VV=v1.1.0	NT=Data-Dependent Acquisition;AC=PRIDE:0000627	2	AP051118_Gurjeet_ProtMinerBd_C18_23.raw	ftp://ftp.pride.ebi.ac.uk/pride/data/archive/2021/02/PXD022469/AP051118_Gurjeet_ProtMinerBd_C18_23.raw	23	NT=label free sample;AC=MS:1002038	NT=Q Exactive HF;AC=MS:1002523	NT=Trypsin;AC=MS:1001251	NT=Carbamidomethyl;MT=Fixed;TA=C;AC=UNIMOD:4	NT=Acetyl;MT=Variable;TA=N-term;AC=UNIMOD:1	NT=Oxidation;MT=Variable;TA=M;AC=UNIMOD:35	NT=Glu->pyro-Glu;MT=Variable;TA=E;AC=UNIMOD:27	NT=Gln->pyro-Glu;MT=Variable;TA=Q;AC=UNIMOD:28	not available	5 ppm	0.07 Da	Blood plasma
PXD022469-sample-336	Homo sapiens	Blood plasma	not available	not available	not available	not available	not available	1	cell	not available	not available	run336	proteomic profiling by mass spectrometry	v1.1.0	NT=ms-proteomics;VV=v1.1.0	NT=Data-Dependent Acquisition;AC=PRIDE:0000627	2	AP051118_Gurjeet_ProtMinerBd_C18_24.raw	ftp://ftp.pride.ebi.ac.uk/pride/data/archive/2021/02/PXD022469/AP051118_Gurjeet_ProtMinerBd_C18_24.raw	24	NT=label free sample;AC=MS:1002038	NT=Q Exactive HF;AC=MS:1002523	NT=Trypsin;AC=MS:1001251	NT=Carbamidomethyl;MT=Fixed;TA=C;AC=UNIMOD:4	NT=Acetyl;MT=Variable;TA=N-term;AC=UNIMOD:1	NT=Oxidation;MT=Variable;TA=M;AC=UNIMOD:35	NT=Glu->pyro-Glu;MT=Variable;TA=E;AC=UNIMOD:27	NT=Gln->pyro-Glu;MT=Variable;TA=Q;AC=UNIMOD:28	not available	5 ppm	0.07 Da	Blood plasma
PXD022469-sample-337	Homo sapiens	Blood plasma	not available	not available	not available	not available	not available	1	cell	not available	not available	run337	proteomic profiling by mass spectrometry	v1.1.0	NT=ms-proteomics;VV=v1.1.0	NT=Data-Dependent Acquisition;AC=PRIDE:0000627	2	AP231118_Gurjeet_ProtMiner_BD_C18_Binos_1.raw	ftp://ftp.pride.ebi.ac.uk/pride/data/archive/2021/02/PXD022469/AP231118_Gurjeet_ProtMiner_BD_C18_Binos_1.raw	1	NT=label free sample;AC=MS:1002038	NT=Q Exactive HF;AC=MS:1002523	NT=Trypsin;AC=MS:1001251	NT=Carbamidomethyl;MT=Fixed;TA=C;AC=UNIMOD:4	NT=Acetyl;MT=Variable;TA=N-term;AC=UNIMOD:1	NT=Oxidation;MT=Variable;TA=M;AC=UNIMOD:35	NT=Glu->pyro-Glu;MT=Variable;TA=E;AC=UNIMOD:27	NT=Gln->pyro-Glu;MT=Variable;TA=Q;AC=UNIMOD:28	not available	5 ppm	0.07 Da	Blood plasma
PXD022469-sample-338	Homo sapiens	Blood plasma	not available	not available	not available	not available	not available	1	cell	not available	not available	run338	proteomic profiling by mass spectrometry	v1.1.0	NT=ms-proteomics;VV=v1.1.0	NT=Data-Dependent Acquisition;AC=PRIDE:0000627	2	AP231118_Gurjeet_ProtMiner_BD_C18_Binos_2.raw	ftp://ftp.pride.ebi.ac.uk/pride/data/archive/2021/02/PXD022469/AP231118_Gurjeet_ProtMiner_BD_C18_Binos_2.raw	2	NT=label free sample;AC=MS:1002038	NT=Q Exactive HF;AC=MS:1002523	NT=Trypsin;AC=MS:1001251	NT=Carbamidomethyl;MT=Fixed;TA=C;AC=UNIMOD:4	NT=Acetyl;MT=Variable;TA=N-term;AC=UNIMOD:1	NT=Oxidation;MT=Variable;TA=M;AC=UNIMOD:35	NT=Glu->pyro-Glu;MT=Variable;TA=E;AC=UNIMOD:27	NT=Gln->pyro-Glu;MT=Variable;TA=Q;AC=UNIMOD:28	not available	5 ppm	0.07 Da	Blood plasma
PXD022469-sample-339	Homo sapiens	Blood plasma	not available	not available	not available	not available	not available	1	cell	not available	not available	run339	proteomic profiling by mass spectrometry	v1.1.0	NT=ms-proteomics;VV=v1.1.0	NT=Data-Dependent Acquisition;AC=PRIDE:0000627	2	AP231118_Gurjeet_ProtMiner_BD_C18_Binos_3.raw	ftp://ftp.pride.ebi.ac.uk/pride/data/archive/2021/02/PXD022469/AP231118_Gurjeet_ProtMiner_BD_C18_Binos_3.raw	3	NT=label free sample;AC=MS:1002038	NT=Q Exactive HF;AC=MS:1002523	NT=Trypsin;AC=MS:1001251	NT=Carbamidomethyl;MT=Fixed;TA=C;AC=UNIMOD:4	NT=Acetyl;MT=Variable;TA=N-term;AC=UNIMOD:1	NT=Oxidation;MT=Variable;TA=M;AC=UNIMOD:35	NT=Glu->pyro-Glu;MT=Variable;TA=E;AC=UNIMOD:27	NT=Gln->pyro-Glu;MT=Variable;TA=Q;AC=UNIMOD:28	not available	5 ppm	0.07 Da	Blood plasma
PXD022469-sample-340	Homo sapiens	Blood plasma	not available	not available	not available	not available	not available	1	cell	not available	not available	run340	proteomic profiling by mass spectrometry	v1.1.0	NT=ms-proteomics;VV=v1.1.0	NT=Data-Dependent Acquisition;AC=PRIDE:0000627	2	AP231118_Gurjeet_ProtMiner_BD_C18_Binos_4.raw	ftp://ftp.pride.ebi.ac.uk/pride/data/archive/2021/02/PXD022469/AP231118_Gurjeet_ProtMiner_BD_C18_Binos_4.raw	4	NT=label free sample;AC=MS:1002038	NT=Q Exactive HF;AC=MS:1002523	NT=Trypsin;AC=MS:1001251	NT=Carbamidomethyl;MT=Fixed;TA=C;AC=UNIMOD:4	NT=Acetyl;MT=Variable;TA=N-term;AC=UNIMOD:1	NT=Oxidation;MT=Variable;TA=M;AC=UNIMOD:35	NT=Glu->pyro-Glu;MT=Variable;TA=E;AC=UNIMOD:27	NT=Gln->pyro-Glu;MT=Variable;TA=Q;AC=UNIMOD:28	not available	5 ppm	0.07 Da	Blood plasma
PXD022469-sample-341	Homo sapiens	Blood plasma	not available	not available	not available	not available	not available	1	cell	not available	not available	run341	proteomic profiling by mass spectrometry	v1.1.0	NT=ms-proteomics;VV=v1.1.0	NT=Data-Dependent Acquisition;AC=PRIDE:0000627	2	AP231118_Gurjeet_ProtMiner_BD_C18_Binos_5.raw	ftp://ftp.pride.ebi.ac.uk/pride/data/archive/2021/02/PXD022469/AP231118_Gurjeet_ProtMiner_BD_C18_Binos_5.raw	5	NT=label free sample;AC=MS:1002038	NT=Q Exactive HF;AC=MS:1002523	NT=Trypsin;AC=MS:1001251	NT=Carbamidomethyl;MT=Fixed;TA=C;AC=UNIMOD:4	NT=Acetyl;MT=Variable;TA=N-term;AC=UNIMOD:1	NT=Oxidation;MT=Variable;TA=M;AC=UNIMOD:35	NT=Glu->pyro-Glu;MT=Variable;TA=E;AC=UNIMOD:27	NT=Gln->pyro-Glu;MT=Variable;TA=Q;AC=UNIMOD:28	not available	5 ppm	0.07 Da	Blood plasma
PXD022469-sample-342	Homo sapiens	Blood plasma	not available	not available	not available	not available	not available	1	cell	not available	not available	run342	proteomic profiling by mass spectrometry	v1.1.0	NT=ms-proteomics;VV=v1.1.0	NT=Data-Dependent Acquisition;AC=PRIDE:0000627	2	AP231118_Gurjeet_ProtMiner_BD_C18_Binos_6.raw	ftp://ftp.pride.ebi.ac.uk/pride/data/archive/2021/02/PXD022469/AP231118_Gurjeet_ProtMiner_BD_C18_Binos_6.raw	6	NT=label free sample;AC=MS:1002038	NT=Q Exactive HF;AC=MS:1002523	NT=Trypsin;AC=MS:1001251	NT=Carbamidomethyl;MT=Fixed;TA=C;AC=UNIMOD:4	NT=Acetyl;MT=Variable;TA=N-term;AC=UNIMOD:1	NT=Oxidation;MT=Variable;TA=M;AC=UNIMOD:35	NT=Glu->pyro-Glu;MT=Variable;TA=E;AC=UNIMOD:27	NT=Gln->pyro-Glu;MT=Variable;TA=Q;AC=UNIMOD:28	not available	5 ppm	0.07 Da	Blood plasma
PXD022469-sample-343	Homo sapiens	Blood plasma	not available	not available	not available	not available	not available	1	cell	not available	not available	run343	proteomic profiling by mass spectrometry	v1.1.0	NT=ms-proteomics;VV=v1.1.0	NT=Data-Dependent Acquisition;AC=PRIDE:0000627	2	AP231118_Gurjeet_ProtMiner_BD_C18_Binos_7.raw	ftp://ftp.pride.ebi.ac.uk/pride/data/archive/2021/02/PXD022469/AP231118_Gurjeet_ProtMiner_BD_C18_Binos_7.raw	7	NT=label free sample;AC=MS:1002038	NT=Q Exactive HF;AC=MS:1002523	NT=Trypsin;AC=MS:1001251	NT=Carbamidomethyl;MT=Fixed;TA=C;AC=UNIMOD:4	NT=Acetyl;MT=Variable;TA=N-term;AC=UNIMOD:1	NT=Oxidation;MT=Variable;TA=M;AC=UNIMOD:35	NT=Glu->pyro-Glu;MT=Variable;TA=E;AC=UNIMOD:27	NT=Gln->pyro-Glu;MT=Variable;TA=Q;AC=UNIMOD:28	not available	5 ppm	0.07 Da	Blood plasma
PXD022469-sample-344	Homo sapiens	Blood plasma	not available	not available	not available	not available	not available	1	cell	not available	not available	run344	proteomic profiling by mass spectrometry	v1.1.0	NT=ms-proteomics;VV=v1.1.0	NT=Data-Dependent Acquisition;AC=PRIDE:0000627	2	AP231118_Gurjeet_ProtMiner_BD_C18_Binos_8.raw	ftp://ftp.pride.ebi.ac.uk/pride/data/archive/2021/02/PXD022469/AP231118_Gurjeet_ProtMiner_BD_C18_Binos_8.raw	8	NT=label free sample;AC=MS:1002038	NT=Q Exactive HF;AC=MS:1002523	NT=Trypsin;AC=MS:1001251	NT=Carbamidomethyl;MT=Fixed;TA=C;AC=UNIMOD:4	NT=Acetyl;MT=Variable;TA=N-term;AC=UNIMOD:1	NT=Oxidation;MT=Variable;TA=M;AC=UNIMOD:35	NT=Glu->pyro-Glu;MT=Variable;TA=E;AC=UNIMOD:27	NT=Gln->pyro-Glu;MT=Variable;TA=Q;AC=UNIMOD:28	not available	5 ppm	0.07 Da	Blood plasma
PXD022469-sample-345	Homo sapiens	Blood plasma	not available	not available	not available	not available	not available	1	cell	not available	not available	run345	proteomic profiling by mass spectrometry	v1.1.0	NT=ms-proteomics;VV=v1.1.0	NT=Data-Dependent Acquisition;AC=PRIDE:0000627	2	AP231118_Gurjeet_ProtMiner_BD_C18_Binos_9.raw	ftp://ftp.pride.ebi.ac.uk/pride/data/archive/2021/02/PXD022469/AP231118_Gurjeet_ProtMiner_BD_C18_Binos_9.raw	9	NT=label free sample;AC=MS:1002038	NT=Q Exactive HF;AC=MS:1002523	NT=Trypsin;AC=MS:1001251	NT=Carbamidomethyl;MT=Fixed;TA=C;AC=UNIMOD:4	NT=Acetyl;MT=Variable;TA=N-term;AC=UNIMOD:1	NT=Oxidation;MT=Variable;TA=M;AC=UNIMOD:35	NT=Glu->pyro-Glu;MT=Variable;TA=E;AC=UNIMOD:27	NT=Gln->pyro-Glu;MT=Variable;TA=Q;AC=UNIMOD:28	not available	5 ppm	0.07 Da	Blood plasma
PXD022469-sample-346	Homo sapiens	Blood plasma	not available	not available	not available	not available	not available	1	cell	not available	not available	run346	proteomic profiling by mass spectrometry	v1.1.0	NT=ms-proteomics;VV=v1.1.0	NT=Data-Dependent Acquisition;AC=PRIDE:0000627	2	AP231118_Gurjeet_ProtMiner_BD_C18_Binos_10.raw	ftp://ftp.pride.ebi.ac.uk/pride/data/archive/2021/02/PXD022469/AP231118_Gurjeet_ProtMiner_BD_C18_Binos_10.raw	10	NT=label free sample;AC=MS:1002038	NT=Q Exactive HF;AC=MS:1002523	NT=Trypsin;AC=MS:1001251	NT=Carbamidomethyl;MT=Fixed;TA=C;AC=UNIMOD:4	NT=Acetyl;MT=Variable;TA=N-term;AC=UNIMOD:1	NT=Oxidation;MT=Variable;TA=M;AC=UNIMOD:35	NT=Glu->pyro-Glu;MT=Variable;TA=E;AC=UNIMOD:27	NT=Gln->pyro-Glu;MT=Variable;TA=Q;AC=UNIMOD:28	not available	5 ppm	0.07 Da	Blood plasma
PXD022469-sample-347	Homo sapiens	Blood plasma	not available	not available	not available	not available	not available	1	cell	not available	not available	run347	proteomic profiling by mass spectrometry	v1.1.0	NT=ms-proteomics;VV=v1.1.0	NT=Data-Dependent Acquisition;AC=PRIDE:0000627	2	AP231118_Gurjeet_ProtMiner_BD_C18_Binos_11.raw	ftp://ftp.pride.ebi.ac.uk/pride/data/archive/2021/02/PXD022469/AP231118_Gurjeet_ProtMiner_BD_C18_Binos_11.raw	11	NT=label free sample;AC=MS:1002038	NT=Q Exactive HF;AC=MS:1002523	NT=Trypsin;AC=MS:1001251	NT=Carbamidomethyl;MT=Fixed;TA=C;AC=UNIMOD:4	NT=Acetyl;MT=Variable;TA=N-term;AC=UNIMOD:1	NT=Oxidation;MT=Variable;TA=M;AC=UNIMOD:35	NT=Glu->pyro-Glu;MT=Variable;TA=E;AC=UNIMOD:27	NT=Gln->pyro-Glu;MT=Variable;TA=Q;AC=UNIMOD:28	not available	5 ppm	0.07 Da	Blood plasma
PXD022469-sample-348	Homo sapiens	Blood plasma	not available	not available	not available	not available	not available	1	cell	not available	not available	run348	proteomic profiling by mass spectrometry	v1.1.0	NT=ms-proteomics;VV=v1.1.0	NT=Data-Dependent Acquisition;AC=PRIDE:0000627	2	AP231118_Gurjeet_ProtMiner_BD_C18_Binos_12.raw	ftp://ftp.pride.ebi.ac.uk/pride/data/archive/2021/02/PXD022469/AP231118_Gurjeet_ProtMiner_BD_C18_Binos_12.raw	12	NT=label free sample;AC=MS:1002038	NT=Q Exactive HF;AC=MS:1002523	NT=Trypsin;AC=MS:1001251	NT=Carbamidomethyl;MT=Fixed;TA=C;AC=UNIMOD:4	NT=Acetyl;MT=Variable;TA=N-term;AC=UNIMOD:1	NT=Oxidation;MT=Variable;TA=M;AC=UNIMOD:35	NT=Glu->pyro-Glu;MT=Variable;TA=E;AC=UNIMOD:27	NT=Gln->pyro-Glu;MT=Variable;TA=Q;AC=UNIMOD:28	not available	5 ppm	0.07 Da	Blood plasma
PXD022469-sample-349	Homo sapiens	Blood plasma	not available	not available	not available	not available	not available	1	cell	not available	not available	run349	proteomic profiling by mass spectrometry	v1.1.0	NT=ms-proteomics;VV=v1.1.0	NT=Data-Dependent Acquisition;AC=PRIDE:0000627	2	AP231118_Gurjeet_ProtMiner_BD_C18_Binos_13.raw	ftp://ftp.pride.ebi.ac.uk/pride/data/archive/2021/02/PXD022469/AP231118_Gurjeet_ProtMiner_BD_C18_Binos_13.raw	13	NT=label free sample;AC=MS:1002038	NT=Q Exactive HF;AC=MS:1002523	NT=Trypsin;AC=MS:1001251	NT=Carbamidomethyl;MT=Fixed;TA=C;AC=UNIMOD:4	NT=Acetyl;MT=Variable;TA=N-term;AC=UNIMOD:1	NT=Oxidation;MT=Variable;TA=M;AC=UNIMOD:35	NT=Glu->pyro-Glu;MT=Variable;TA=E;AC=UNIMOD:27	NT=Gln->pyro-Glu;MT=Variable;TA=Q;AC=UNIMOD:28	not available	5 ppm	0.07 Da	Blood plasma
PXD022469-sample-350	Homo sapiens	Blood plasma	not available	not available	not available	not available	not available	1	cell	not available	not available	run350	proteomic profiling by mass spectrometry	v1.1.0	NT=ms-proteomics;VV=v1.1.0	NT=Data-Dependent Acquisition;AC=PRIDE:0000627	2	AP231118_Gurjeet_ProtMiner_BD_C18_Binos_14.raw	ftp://ftp.pride.ebi.ac.uk/pride/data/archive/2021/02/PXD022469/AP231118_Gurjeet_ProtMiner_BD_C18_Binos_14.raw	14	NT=label free sample;AC=MS:1002038	NT=Q Exactive HF;AC=MS:1002523	NT=Trypsin;AC=MS:1001251	NT=Carbamidomethyl;MT=Fixed;TA=C;AC=UNIMOD:4	NT=Acetyl;MT=Variable;TA=N-term;AC=UNIMOD:1	NT=Oxidation;MT=Variable;TA=M;AC=UNIMOD:35	NT=Glu->pyro-Glu;MT=Variable;TA=E;AC=UNIMOD:27	NT=Gln->pyro-Glu;MT=Variable;TA=Q;AC=UNIMOD:28	not available	5 ppm	0.07 Da	Blood plasma
PXD022469-sample-351	Homo sapiens	Blood plasma	not available	not available	not available	not available	not available	1	cell	not available	not available	run351	proteomic profiling by mass spectrometry	v1.1.0	NT=ms-proteomics;VV=v1.1.0	NT=Data-Dependent Acquisition;AC=PRIDE:0000627	2	AP231118_Gurjeet_ProtMiner_BD_C18_Binos_15.raw	ftp://ftp.pride.ebi.ac.uk/pride/data/archive/2021/02/PXD022469/AP231118_Gurjeet_ProtMiner_BD_C18_Binos_15.raw	15	NT=label free sample;AC=MS:1002038	NT=Q Exactive HF;AC=MS:1002523	NT=Trypsin;AC=MS:1001251	NT=Carbamidomethyl;MT=Fixed;TA=C;AC=UNIMOD:4	NT=Acetyl;MT=Variable;TA=N-term;AC=UNIMOD:1	NT=Oxidation;MT=Variable;TA=M;AC=UNIMOD:35	NT=Glu->pyro-Glu;MT=Variable;TA=E;AC=UNIMOD:27	NT=Gln->pyro-Glu;MT=Variable;TA=Q;AC=UNIMOD:28	not available	5 ppm	0.07 Da	Blood plasma
PXD022469-sample-352	Homo sapiens	Blood plasma	not available	not available	not available	not available	not available	1	cell	not available	not available	run352	proteomic profiling by mass spectrometry	v1.1.0	NT=ms-proteomics;VV=v1.1.0	NT=Data-Dependent Acquisition;AC=PRIDE:0000627	2	AP231118_Gurjeet_ProtMiner_BD_C18_Binos_16.raw	ftp://ftp.pride.ebi.ac.uk/pride/data/archive/2021/02/PXD022469/AP231118_Gurjeet_ProtMiner_BD_C18_Binos_16.raw	16	NT=label free sample;AC=MS:1002038	NT=Q Exactive HF;AC=MS:1002523	NT=Trypsin;AC=MS:1001251	NT=Carbamidomethyl;MT=Fixed;TA=C;AC=UNIMOD:4	NT=Acetyl;MT=Variable;TA=N-term;AC=UNIMOD:1	NT=Oxidation;MT=Variable;TA=M;AC=UNIMOD:35	NT=Glu->pyro-Glu;MT=Variable;TA=E;AC=UNIMOD:27	NT=Gln->pyro-Glu;MT=Variable;TA=Q;AC=UNIMOD:28	not available	5 ppm	0.07 Da	Blood plasma
PXD022469-sample-353	Homo sapiens	Blood plasma	not available	not available	not available	not available	not available	1	cell	not available	not available	run353	proteomic profiling by mass spectrometry	v1.1.0	NT=ms-proteomics;VV=v1.1.0	NT=Data-Dependent Acquisition;AC=PRIDE:0000627	2	AP231118_Gurjeet_ProtMiner_BD_C18_Binos_17.raw	ftp://ftp.pride.ebi.ac.uk/pride/data/archive/2021/02/PXD022469/AP231118_Gurjeet_ProtMiner_BD_C18_Binos_17.raw	17	NT=label free sample;AC=MS:1002038	NT=Q Exactive HF;AC=MS:1002523	NT=Trypsin;AC=MS:1001251	NT=Carbamidomethyl;MT=Fixed;TA=C;AC=UNIMOD:4	NT=Acetyl;MT=Variable;TA=N-term;AC=UNIMOD:1	NT=Oxidation;MT=Variable;TA=M;AC=UNIMOD:35	NT=Glu->pyro-Glu;MT=Variable;TA=E;AC=UNIMOD:27	NT=Gln->pyro-Glu;MT=Variable;TA=Q;AC=UNIMOD:28	not available	5 ppm	0.07 Da	Blood plasma
PXD022469-sample-354	Homo sapiens	Blood plasma	not available	not available	not available	not available	not available	1	cell	not available	not available	run354	proteomic profiling by mass spectrometry	v1.1.0	NT=ms-proteomics;VV=v1.1.0	NT=Data-Dependent Acquisition;AC=PRIDE:0000627	2	AP231118_Gurjeet_ProtMiner_BD_C18_Binos_18.raw	ftp://ftp.pride.ebi.ac.uk/pride/data/archive/2021/02/PXD022469/AP231118_Gurjeet_ProtMiner_BD_C18_Binos_18.raw	18	NT=label free sample;AC=MS:1002038	NT=Q Exactive HF;AC=MS:1002523	NT=Trypsin;AC=MS:1001251	NT=Carbamidomethyl;MT=Fixed;TA=C;AC=UNIMOD:4	NT=Acetyl;MT=Variable;TA=N-term;AC=UNIMOD:1	NT=Oxidation;MT=Variable;TA=M;AC=UNIMOD:35	NT=Glu->pyro-Glu;MT=Variable;TA=E;AC=UNIMOD:27	NT=Gln->pyro-Glu;MT=Variable;TA=Q;AC=UNIMOD:28	not available	5 ppm	0.07 Da	Blood plasma
PXD022469-sample-355	Homo sapiens	Blood plasma	not available	not available	not available	not available	not available	1	cell	not available	not available	run355	proteomic profiling by mass spectrometry	v1.1.0	NT=ms-proteomics;VV=v1.1.0	NT=Data-Dependent Acquisition;AC=PRIDE:0000627	2	AP231118_Gurjeet_ProtMiner_BD_C18_Binos_19.raw	ftp://ftp.pride.ebi.ac.uk/pride/data/archive/2021/02/PXD022469/AP231118_Gurjeet_ProtMiner_BD_C18_Binos_19.raw	19	NT=label free sample;AC=MS:1002038	NT=Q Exactive HF;AC=MS:1002523	NT=Trypsin;AC=MS:1001251	NT=Carbamidomethyl;MT=Fixed;TA=C;AC=UNIMOD:4	NT=Acetyl;MT=Variable;TA=N-term;AC=UNIMOD:1	NT=Oxidation;MT=Variable;TA=M;AC=UNIMOD:35	NT=Glu->pyro-Glu;MT=Variable;TA=E;AC=UNIMOD:27	NT=Gln->pyro-Glu;MT=Variable;TA=Q;AC=UNIMOD:28	not available	5 ppm	0.07 Da	Blood plasma
PXD022469-sample-356	Homo sapiens	Blood plasma	not available	not available	not available	not available	not available	1	cell	not available	not available	run356	proteomic profiling by mass spectrometry	v1.1.0	NT=ms-proteomics;VV=v1.1.0	NT=Data-Dependent Acquisition;AC=PRIDE:0000627	2	AP231118_Gurjeet_ProtMiner_BD_C18_Binos_20.raw	ftp://ftp.pride.ebi.ac.uk/pride/data/archive/2021/02/PXD022469/AP231118_Gurjeet_ProtMiner_BD_C18_Binos_20.raw	20	NT=label free sample;AC=MS:1002038	NT=Q Exactive HF;AC=MS:1002523	NT=Trypsin;AC=MS:1001251	NT=Carbamidomethyl;MT=Fixed;TA=C;AC=UNIMOD:4	NT=Acetyl;MT=Variable;TA=N-term;AC=UNIMOD:1	NT=Oxidation;MT=Variable;TA=M;AC=UNIMOD:35	NT=Glu->pyro-Glu;MT=Variable;TA=E;AC=UNIMOD:27	NT=Gln->pyro-Glu;MT=Variable;TA=Q;AC=UNIMOD:28	not available	5 ppm	0.07 Da	Blood plasma
PXD022469-sample-357	Homo sapiens	Blood plasma	not available	not available	not available	not available	not available	1	cell	not available	not available	run357	proteomic profiling by mass spectrometry	v1.1.0	NT=ms-proteomics;VV=v1.1.0	NT=Data-Dependent Acquisition;AC=PRIDE:0000627	2	AP231118_Gurjeet_ProtMiner_BD_C18_Binos_21.raw	ftp://ftp.pride.ebi.ac.uk/pride/data/archive/2021/02/PXD022469/AP231118_Gurjeet_ProtMiner_BD_C18_Binos_21.raw	21	NT=label free sample;AC=MS:1002038	NT=Q Exactive HF;AC=MS:1002523	NT=Trypsin;AC=MS:1001251	NT=Carbamidomethyl;MT=Fixed;TA=C;AC=UNIMOD:4	NT=Acetyl;MT=Variable;TA=N-term;AC=UNIMOD:1	NT=Oxidation;MT=Variable;TA=M;AC=UNIMOD:35	NT=Glu->pyro-Glu;MT=Variable;TA=E;AC=UNIMOD:27	NT=Gln->pyro-Glu;MT=Variable;TA=Q;AC=UNIMOD:28	not available	5 ppm	0.07 Da	Blood plasma
PXD022469-sample-358	Homo sapiens	Blood plasma	not available	not available	not available	not available	not available	1	cell	not available	not available	run358	proteomic profiling by mass spectrometry	v1.1.0	NT=ms-proteomics;VV=v1.1.0	NT=Data-Dependent Acquisition;AC=PRIDE:0000627	2	AP231118_Gurjeet_ProtMiner_BD_C18_Binos_22.raw	ftp://ftp.pride.ebi.ac.uk/pride/data/archive/2021/02/PXD022469/AP231118_Gurjeet_ProtMiner_BD_C18_Binos_22.raw	22	NT=label free sample;AC=MS:1002038	NT=Q Exactive HF;AC=MS:1002523	NT=Trypsin;AC=MS:1001251	NT=Carbamidomethyl;MT=Fixed;TA=C;AC=UNIMOD:4	NT=Acetyl;MT=Variable;TA=N-term;AC=UNIMOD:1	NT=Oxidation;MT=Variable;TA=M;AC=UNIMOD:35	NT=Glu->pyro-Glu;MT=Variable;TA=E;AC=UNIMOD:27	NT=Gln->pyro-Glu;MT=Variable;TA=Q;AC=UNIMOD:28	not available	5 ppm	0.07 Da	Blood plasma
PXD022469-sample-359	Homo sapiens	Blood plasma	not available	not available	not available	not available	not available	1	cell	not available	not available	run359	proteomic profiling by mass spectrometry	v1.1.0	NT=ms-proteomics;VV=v1.1.0	NT=Data-Dependent Acquisition;AC=PRIDE:0000627	2	AP231118_Gurjeet_ProtMiner_BD_C18_Binos_23.raw	ftp://ftp.pride.ebi.ac.uk/pride/data/archive/2021/02/PXD022469/AP231118_Gurjeet_ProtMiner_BD_C18_Binos_23.raw	23	NT=label free sample;AC=MS:1002038	NT=Q Exactive HF;AC=MS:1002523	NT=Trypsin;AC=MS:1001251	NT=Carbamidomethyl;MT=Fixed;TA=C;AC=UNIMOD:4	NT=Acetyl;MT=Variable;TA=N-term;AC=UNIMOD:1	NT=Oxidation;MT=Variable;TA=M;AC=UNIMOD:35	NT=Glu->pyro-Glu;MT=Variable;TA=E;AC=UNIMOD:27	NT=Gln->pyro-Glu;MT=Variable;TA=Q;AC=UNIMOD:28	not available	5 ppm	0.07 Da	Blood plasma
PXD022469-sample-360	Homo sapiens	Blood plasma	not available	not available	not available	not available	not available	1	cell	not available	not available	run360	proteomic profiling by mass spectrometry	v1.1.0	NT=ms-proteomics;VV=v1.1.0	NT=Data-Dependent Acquisition;AC=PRIDE:0000627	2	AP231118_Gurjeet_ProtMiner_BD_C18_Binos_24.raw	ftp://ftp.pride.ebi.ac.uk/pride/data/archive/2021/02/PXD022469/AP231118_Gurjeet_ProtMiner_BD_C18_Binos_24.raw	24	NT=label free sample;AC=MS:1002038	NT=Q Exactive HF;AC=MS:1002523	NT=Trypsin;AC=MS:1001251	NT=Carbamidomethyl;MT=Fixed;TA=C;AC=UNIMOD:4	NT=Acetyl;MT=Variable;TA=N-term;AC=UNIMOD:1	NT=Oxidation;MT=Variable;TA=M;AC=UNIMOD:35	NT=Glu->pyro-Glu;MT=Variable;TA=E;AC=UNIMOD:27	NT=Gln->pyro-Glu;MT=Variable;TA=Q;AC=UNIMOD:28	not available	5 ppm	0.07 Da	Blood plasma
PXD022469-sample-361	Homo sapiens	Blood plasma	not available	not available	not available	not available	not available	1	cell	not available	not available	run361	proteomic profiling by mass spectrometry	v1.1.0	NT=ms-proteomics;VV=v1.1.0	NT=Data-Dependent Acquisition;AC=PRIDE:0000627	2	AP301219_Gurjeet_ProtMiner_BD_PAGE_BinosTrial_1rpt1.raw	ftp://ftp.pride.ebi.ac.uk/pride/data/archive/2021/02/PXD022469/AP301219_Gurjeet_ProtMiner_BD_PAGE_BinosTrial_1rpt1.raw	1	NT=label free sample;AC=MS:1002038	NT=Q Exactive HF;AC=MS:1002523	NT=Trypsin;AC=MS:1001251	NT=Carbamidomethyl;MT=Fixed;TA=C;AC=UNIMOD:4	NT=Acetyl;MT=Variable;TA=N-term;AC=UNIMOD:1	NT=Oxidation;MT=Variable;TA=M;AC=UNIMOD:35	NT=Glu->pyro-Glu;MT=Variable;TA=E;AC=UNIMOD:27	NT=Gln->pyro-Glu;MT=Variable;TA=Q;AC=UNIMOD:28	not available	5 ppm	0.07 Da	Blood plasma
PXD022469-sample-362	Homo sapiens	Blood plasma	not available	not available	not available	not available	not available	1	cell	not available	not available	run362	proteomic profiling by mass spectrometry	v1.1.0	NT=ms-proteomics;VV=v1.1.0	NT=Data-Dependent Acquisition;AC=PRIDE:0000627	2	AP301219_Gurjeet_ProtMiner_BD_PAGE_BinosTrial_2rpt.raw	ftp://ftp.pride.ebi.ac.uk/pride/data/archive/2021/02/PXD022469/AP301219_Gurjeet_ProtMiner_BD_PAGE_BinosTrial_2rpt.raw	2	NT=label free sample;AC=MS:1002038	NT=Q Exactive HF;AC=MS:1002523	NT=Trypsin;AC=MS:1001251	NT=Carbamidomethyl;MT=Fixed;TA=C;AC=UNIMOD:4	NT=Acetyl;MT=Variable;TA=N-term;AC=UNIMOD:1	NT=Oxidation;MT=Variable;TA=M;AC=UNIMOD:35	NT=Glu->pyro-Glu;MT=Variable;TA=E;AC=UNIMOD:27	NT=Gln->pyro-Glu;MT=Variable;TA=Q;AC=UNIMOD:28	not available	5 ppm	0.07 Da	Blood plasma
PXD022469-sample-363	Homo sapiens	Blood plasma	not available	not available	not available	not available	not available	1	cell	not available	not available	run363	proteomic profiling by mass spectrometry	v1.1.0	NT=ms-proteomics;VV=v1.1.0	NT=Data-Dependent Acquisition;AC=PRIDE:0000627	2	AP301219_Gurjeet_ProtMiner_BD_PAGE_BinosTrial_3rpt.raw	ftp://ftp.pride.ebi.ac.uk/pride/data/archive/2021/02/PXD022469/AP301219_Gurjeet_ProtMiner_BD_PAGE_BinosTrial_3rpt.raw	3	NT=label free sample;AC=MS:1002038	NT=Q Exactive HF;AC=MS:1002523	NT=Trypsin;AC=MS:1001251	NT=Carbamidomethyl;MT=Fixed;TA=C;AC=UNIMOD:4	NT=Acetyl;MT=Variable;TA=N-term;AC=UNIMOD:1	NT=Oxidation;MT=Variable;TA=M;AC=UNIMOD:35	NT=Glu->pyro-Glu;MT=Variable;TA=E;AC=UNIMOD:27	NT=Gln->pyro-Glu;MT=Variable;TA=Q;AC=UNIMOD:28	not available	5 ppm	0.07 Da	Blood plasma
PXD022469-sample-364	Homo sapiens	Blood plasma	not available	not available	not available	not available	not available	1	cell	not available	not available	run364	proteomic profiling by mass spectrometry	v1.1.0	NT=ms-proteomics;VV=v1.1.0	NT=Data-Dependent Acquisition;AC=PRIDE:0000627	2	AP301219_Gurjeet_ProtMiner_BD_PAGE_BinosTrial_4rpt.raw	ftp://ftp.pride.ebi.ac.uk/pride/data/archive/2021/02/PXD022469/AP301219_Gurjeet_ProtMiner_BD_PAGE_BinosTrial_4rpt.raw	4	NT=label free sample;AC=MS:1002038	NT=Q Exactive HF;AC=MS:1002523	NT=Trypsin;AC=MS:1001251	NT=Carbamidomethyl;MT=Fixed;TA=C;AC=UNIMOD:4	NT=Acetyl;MT=Variable;TA=N-term;AC=UNIMOD:1	NT=Oxidation;MT=Variable;TA=M;AC=UNIMOD:35	NT=Glu->pyro-Glu;MT=Variable;TA=E;AC=UNIMOD:27	NT=Gln->pyro-Glu;MT=Variable;TA=Q;AC=UNIMOD:28	not available	5 ppm	0.07 Da	Blood plasma
PXD022469-sample-365	Homo sapiens	Blood plasma	not available	not available	not available	not available	not available	1	cell	not available	not available	run365	proteomic profiling by mass spectrometry	v1.1.0	NT=ms-proteomics;VV=v1.1.0	NT=Data-Dependent Acquisition;AC=PRIDE:0000627	2	AP301219_Gurjeet_ProtMiner_BD_PAGE_BinosTrial_5rpt.raw	ftp://ftp.pride.ebi.ac.uk/pride/data/archive/2021/02/PXD022469/AP301219_Gurjeet_ProtMiner_BD_PAGE_BinosTrial_5rpt.raw	5	NT=label free sample;AC=MS:1002038	NT=Q Exactive HF;AC=MS:1002523	NT=Trypsin;AC=MS:1001251	NT=Carbamidomethyl;MT=Fixed;TA=C;AC=UNIMOD:4	NT=Acetyl;MT=Variable;TA=N-term;AC=UNIMOD:1	NT=Oxidation;MT=Variable;TA=M;AC=UNIMOD:35	NT=Glu->pyro-Glu;MT=Variable;TA=E;AC=UNIMOD:27	NT=Gln->pyro-Glu;MT=Variable;TA=Q;AC=UNIMOD:28	not available	5 ppm	0.07 Da	Blood plasma
PXD022469-sample-366	Homo sapiens	Blood plasma	not available	not available	not available	not available	not available	1	cell	not available	not available	run366	proteomic profiling by mass spectrometry	v1.1.0	NT=ms-proteomics;VV=v1.1.0	NT=Data-Dependent Acquisition;AC=PRIDE:0000627	2	AP301219_Gurjeet_ProtMiner_BD_PAGE_BinosTrial_6rpt.raw	ftp://ftp.pride.ebi.ac.uk/pride/data/archive/2021/02/PXD022469/AP301219_Gurjeet_ProtMiner_BD_PAGE_BinosTrial_6rpt.raw	6	NT=label free sample;AC=MS:1002038	NT=Q Exactive HF;AC=MS:1002523	NT=Trypsin;AC=MS:1001251	NT=Carbamidomethyl;MT=Fixed;TA=C;AC=UNIMOD:4	NT=Acetyl;MT=Variable;TA=N-term;AC=UNIMOD:1	NT=Oxidation;MT=Variable;TA=M;AC=UNIMOD:35	NT=Glu->pyro-Glu;MT=Variable;TA=E;AC=UNIMOD:27	NT=Gln->pyro-Glu;MT=Variable;TA=Q;AC=UNIMOD:28	not available	5 ppm	0.07 Da	Blood plasma
PXD022469-sample-367	Homo sapiens	Blood plasma	not available	not available	not available	not available	not available	1	cell	not available	not available	run367	proteomic profiling by mass spectrometry	v1.1.0	NT=ms-proteomics;VV=v1.1.0	NT=Data-Dependent Acquisition;AC=PRIDE:0000627	2	AP301219_Gurjeet_ProtMiner_BD_PAGE_BinosTrial_7rpt.raw	ftp://ftp.pride.ebi.ac.uk/pride/data/archive/2021/02/PXD022469/AP301219_Gurjeet_ProtMiner_BD_PAGE_BinosTrial_7rpt.raw	7	NT=label free sample;AC=MS:1002038	NT=Q Exactive HF;AC=MS:1002523	NT=Trypsin;AC=MS:1001251	NT=Carbamidomethyl;MT=Fixed;TA=C;AC=UNIMOD:4	NT=Acetyl;MT=Variable;TA=N-term;AC=UNIMOD:1	NT=Oxidation;MT=Variable;TA=M;AC=UNIMOD:35	NT=Glu->pyro-Glu;MT=Variable;TA=E;AC=UNIMOD:27	NT=Gln->pyro-Glu;MT=Variable;TA=Q;AC=UNIMOD:28	not available	5 ppm	0.07 Da	Blood plasma
PXD022469-sample-368	Homo sapiens	Blood plasma	not available	not available	not available	not available	not available	1	cell	not available	not available	run368	proteomic profiling by mass spectrometry	v1.1.0	NT=ms-proteomics;VV=v1.1.0	NT=Data-Dependent Acquisition;AC=PRIDE:0000627	2	AP301219_Gurjeet_ProtMiner_BD_PAGE_BinosTrial_8rpt.raw	ftp://ftp.pride.ebi.ac.uk/pride/data/archive/2021/02/PXD022469/AP301219_Gurjeet_ProtMiner_BD_PAGE_BinosTrial_8rpt.raw	8	NT=label free sample;AC=MS:1002038	NT=Q Exactive HF;AC=MS:1002523	NT=Trypsin;AC=MS:1001251	NT=Carbamidomethyl;MT=Fixed;TA=C;AC=UNIMOD:4	NT=Acetyl;MT=Variable;TA=N-term;AC=UNIMOD:1	NT=Oxidation;MT=Variable;TA=M;AC=UNIMOD:35	NT=Glu->pyro-Glu;MT=Variable;TA=E;AC=UNIMOD:27	NT=Gln->pyro-Glu;MT=Variable;TA=Q;AC=UNIMOD:28	not available	5 ppm	0.07 Da	Blood plasma
PXD022469-sample-369	Homo sapiens	Blood plasma	not available	not available	not available	not available	not available	1	cell	not available	not available	run369	proteomic profiling by mass spectrometry	v1.1.0	NT=ms-proteomics;VV=v1.1.0	NT=Data-Dependent Acquisition;AC=PRIDE:0000627	2	AP301219_Gurjeet_ProtMiner_BD_PAGE_BinosTrial_9rpt.raw	ftp://ftp.pride.ebi.ac.uk/pride/data/archive/2021/02/PXD022469/AP301219_Gurjeet_ProtMiner_BD_PAGE_BinosTrial_9rpt.raw	9	NT=label free sample;AC=MS:1002038	NT=Q Exactive HF;AC=MS:1002523	NT=Trypsin;AC=MS:1001251	NT=Carbamidomethyl;MT=Fixed;TA=C;AC=UNIMOD:4	NT=Acetyl;MT=Variable;TA=N-term;AC=UNIMOD:1	NT=Oxidation;MT=Variable;TA=M;AC=UNIMOD:35	NT=Glu->pyro-Glu;MT=Variable;TA=E;AC=UNIMOD:27	NT=Gln->pyro-Glu;MT=Variable;TA=Q;AC=UNIMOD:28	not available	5 ppm	0.07 Da	Blood plasma
PXD022469-sample-370	Homo sapiens	Blood plasma	not available	not available	not available	not available	not available	1	cell	not available	not available	run370	proteomic profiling by mass spectrometry	v1.1.0	NT=ms-proteomics;VV=v1.1.0	NT=Data-Dependent Acquisition;AC=PRIDE:0000627	2	AP301219_Gurjeet_ProtMiner_BD_PAGE_BinosTrial_10rpt.raw	ftp://ftp.pride.ebi.ac.uk/pride/data/archive/2021/02/PXD022469/AP301219_Gurjeet_ProtMiner_BD_PAGE_BinosTrial_10rpt.raw	10	NT=label free sample;AC=MS:1002038	NT=Q Exactive HF;AC=MS:1002523	NT=Trypsin;AC=MS:1001251	NT=Carbamidomethyl;MT=Fixed;TA=C;AC=UNIMOD:4	NT=Acetyl;MT=Variable;TA=N-term;AC=UNIMOD:1	NT=Oxidation;MT=Variable;TA=M;AC=UNIMOD:35	NT=Glu->pyro-Glu;MT=Variable;TA=E;AC=UNIMOD:27	NT=Gln->pyro-Glu;MT=Variable;TA=Q;AC=UNIMOD:28	not available	5 ppm	0.07 Da	Blood plasma
PXD022469-sample-371	Homo sapiens	Blood plasma	not available	not available	not available	not available	not available	1	cell	not available	not available	run371	proteomic profiling by mass spectrometry	v1.1.0	NT=ms-proteomics;VV=v1.1.0	NT=Data-Dependent Acquisition;AC=PRIDE:0000627	2	AP301219_Gurjeet_ProtMiner_BD_PAGE_BinosTrial_11rpt.raw	ftp://ftp.pride.ebi.ac.uk/pride/data/archive/2021/02/PXD022469/AP301219_Gurjeet_ProtMiner_BD_PAGE_BinosTrial_11rpt.raw	11	NT=label free sample;AC=MS:1002038	NT=Q Exactive HF;AC=MS:1002523	NT=Trypsin;AC=MS:1001251	NT=Carbamidomethyl;MT=Fixed;TA=C;AC=UNIMOD:4	NT=Acetyl;MT=Variable;TA=N-term;AC=UNIMOD:1	NT=Oxidation;MT=Variable;TA=M;AC=UNIMOD:35	NT=Glu->pyro-Glu;MT=Variable;TA=E;AC=UNIMOD:27	NT=Gln->pyro-Glu;MT=Variable;TA=Q;AC=UNIMOD:28	not available	5 ppm	0.07 Da	Blood plasma
PXD022469-sample-372	Homo sapiens	Blood plasma	not available	not available	not available	not available	not available	1	cell	not available	not available	run372	proteomic profiling by mass spectrometry	v1.1.0	NT=ms-proteomics;VV=v1.1.0	NT=Data-Dependent Acquisition;AC=PRIDE:0000627	2	AP301219_Gurjeet_ProtMiner_BD_PAGE_BinosTrial_12rpt.raw	ftp://ftp.pride.ebi.ac.uk/pride/data/archive/2021/02/PXD022469/AP301219_Gurjeet_ProtMiner_BD_PAGE_BinosTrial_12rpt.raw	12	NT=label free sample;AC=MS:1002038	NT=Q Exactive HF;AC=MS:1002523	NT=Trypsin;AC=MS:1001251	NT=Carbamidomethyl;MT=Fixed;TA=C;AC=UNIMOD:4	NT=Acetyl;MT=Variable;TA=N-term;AC=UNIMOD:1	NT=Oxidation;MT=Variable;TA=M;AC=UNIMOD:35	NT=Glu->pyro-Glu;MT=Variable;TA=E;AC=UNIMOD:27	NT=Gln->pyro-Glu;MT=Variable;TA=Q;AC=UNIMOD:28	not available	5 ppm	0.07 Da	Blood plasma
PXD022469-sample-373	Homo sapiens	Blood plasma	not available	not available	not available	not available	not available	1	cell	not available	not available	run373	proteomic profiling by mass spectrometry	v1.1.0	NT=ms-proteomics;VV=v1.1.0	NT=Data-Dependent Acquisition;AC=PRIDE:0000627	2	AP301219_Gurjeet_ProtMiner_BD_PAGE_BinosTrial_13rpt.raw	ftp://ftp.pride.ebi.ac.uk/pride/data/archive/2021/02/PXD022469/AP301219_Gurjeet_ProtMiner_BD_PAGE_BinosTrial_13rpt.raw	13	NT=label free sample;AC=MS:1002038	NT=Q Exactive HF;AC=MS:1002523	NT=Trypsin;AC=MS:1001251	NT=Carbamidomethyl;MT=Fixed;TA=C;AC=UNIMOD:4	NT=Acetyl;MT=Variable;TA=N-term;AC=UNIMOD:1	NT=Oxidation;MT=Variable;TA=M;AC=UNIMOD:35	NT=Glu->pyro-Glu;MT=Variable;TA=E;AC=UNIMOD:27	NT=Gln->pyro-Glu;MT=Variable;TA=Q;AC=UNIMOD:28	not available	5 ppm	0.07 Da	Blood plasma
PXD022469-sample-374	Homo sapiens	Blood plasma	not available	not available	not available	not available	not available	1	cell	not available	not available	run374	proteomic profiling by mass spectrometry	v1.1.0	NT=ms-proteomics;VV=v1.1.0	NT=Data-Dependent Acquisition;AC=PRIDE:0000627	2	AP301219_Gurjeet_ProtMiner_BD_PAGE_BinosTrial_14rpt.raw	ftp://ftp.pride.ebi.ac.uk/pride/data/archive/2021/02/PXD022469/AP301219_Gurjeet_ProtMiner_BD_PAGE_BinosTrial_14rpt.raw	14	NT=label free sample;AC=MS:1002038	NT=Q Exactive HF;AC=MS:1002523	NT=Trypsin;AC=MS:1001251	NT=Carbamidomethyl;MT=Fixed;TA=C;AC=UNIMOD:4	NT=Acetyl;MT=Variable;TA=N-term;AC=UNIMOD:1	NT=Oxidation;MT=Variable;TA=M;AC=UNIMOD:35	NT=Glu->pyro-Glu;MT=Variable;TA=E;AC=UNIMOD:27	NT=Gln->pyro-Glu;MT=Variable;TA=Q;AC=UNIMOD:28	not available	5 ppm	0.07 Da	Blood plasma
PXD022469-sample-375	Homo sapiens	Blood plasma	not available	not available	not available	not available	not available	1	cell	not available	not available	run375	proteomic profiling by mass spectrometry	v1.1.0	NT=ms-proteomics;VV=v1.1.0	NT=Data-Dependent Acquisition;AC=PRIDE:0000627	2	AP301219_Gurjeet_ProtMiner_BD_PAGE_BinosTrial_15rpt.raw	ftp://ftp.pride.ebi.ac.uk/pride/data/archive/2021/02/PXD022469/AP301219_Gurjeet_ProtMiner_BD_PAGE_BinosTrial_15rpt.raw	15	NT=label free sample;AC=MS:1002038	NT=Q Exactive HF;AC=MS:1002523	NT=Trypsin;AC=MS:1001251	NT=Carbamidomethyl;MT=Fixed;TA=C;AC=UNIMOD:4	NT=Acetyl;MT=Variable;TA=N-term;AC=UNIMOD:1	NT=Oxidation;MT=Variable;TA=M;AC=UNIMOD:35	NT=Glu->pyro-Glu;MT=Variable;TA=E;AC=UNIMOD:27	NT=Gln->pyro-Glu;MT=Variable;TA=Q;AC=UNIMOD:28	not available	5 ppm	0.07 Da	Blood plasma
PXD022469-sample-376	Homo sapiens	Blood plasma	not available	not available	not available	not available	not available	1	cell	not available	not available	run376	proteomic profiling by mass spectrometry	v1.1.0	NT=ms-proteomics;VV=v1.1.0	NT=Data-Dependent Acquisition;AC=PRIDE:0000627	2	AP301219_Gurjeet_ProtMiner_BD_PAGE_BinosTrial_16rpt.raw	ftp://ftp.pride.ebi.ac.uk/pride/data/archive/2021/02/PXD022469/AP301219_Gurjeet_ProtMiner_BD_PAGE_BinosTrial_16rpt.raw	16	NT=label free sample;AC=MS:1002038	NT=Q Exactive HF;AC=MS:1002523	NT=Trypsin;AC=MS:1001251	NT=Carbamidomethyl;MT=Fixed;TA=C;AC=UNIMOD:4	NT=Acetyl;MT=Variable;TA=N-term;AC=UNIMOD:1	NT=Oxidation;MT=Variable;TA=M;AC=UNIMOD:35	NT=Glu->pyro-Glu;MT=Variable;TA=E;AC=UNIMOD:27	NT=Gln->pyro-Glu;MT=Variable;TA=Q;AC=UNIMOD:28	not available	5 ppm	0.07 Da	Blood plasma
PXD022469-sample-377	Homo sapiens	Blood plasma	not available	not available	not available	not available	not available	1	cell	not available	not available	run377	proteomic profiling by mass spectrometry	v1.1.0	NT=ms-proteomics;VV=v1.1.0	NT=Data-Dependent Acquisition;AC=PRIDE:0000627	2	AP301219_Gurjeet_ProtMiner_BD_PAGE_BinosTrial_17rpt.raw	ftp://ftp.pride.ebi.ac.uk/pride/data/archive/2021/02/PXD022469/AP301219_Gurjeet_ProtMiner_BD_PAGE_BinosTrial_17rpt.raw	17	NT=label free sample;AC=MS:1002038	NT=Q Exactive HF;AC=MS:1002523	NT=Trypsin;AC=MS:1001251	NT=Carbamidomethyl;MT=Fixed;TA=C;AC=UNIMOD:4	NT=Acetyl;MT=Variable;TA=N-term;AC=UNIMOD:1	NT=Oxidation;MT=Variable;TA=M;AC=UNIMOD:35	NT=Glu->pyro-Glu;MT=Variable;TA=E;AC=UNIMOD:27	NT=Gln->pyro-Glu;MT=Variable;TA=Q;AC=UNIMOD:28	not available	5 ppm	0.07 Da	Blood plasma
PXD022469-sample-378	Homo sapiens	Blood plasma	not available	not available	not available	not available	not available	1	cell	not available	not available	run378	proteomic profiling by mass spectrometry	v1.1.0	NT=ms-proteomics;VV=v1.1.0	NT=Data-Dependent Acquisition;AC=PRIDE:0000627	2	AP301219_Gurjeet_ProtMiner_BD_PAGE_BinosTrial_18rpt.raw	ftp://ftp.pride.ebi.ac.uk/pride/data/archive/2021/02/PXD022469/AP301219_Gurjeet_ProtMiner_BD_PAGE_BinosTrial_18rpt.raw	18	NT=label free sample;AC=MS:1002038	NT=Q Exactive HF;AC=MS:1002523	NT=Trypsin;AC=MS:1001251	NT=Carbamidomethyl;MT=Fixed;TA=C;AC=UNIMOD:4	NT=Acetyl;MT=Variable;TA=N-term;AC=UNIMOD:1	NT=Oxidation;MT=Variable;TA=M;AC=UNIMOD:35	NT=Glu->pyro-Glu;MT=Variable;TA=E;AC=UNIMOD:27	NT=Gln->pyro-Glu;MT=Variable;TA=Q;AC=UNIMOD:28	not available	5 ppm	0.07 Da	Blood plasma
PXD022469-sample-379	Homo sapiens	Blood plasma	not available	not available	not available	not available	not available	1	cell	not available	not available	run379	proteomic profiling by mass spectrometry	v1.1.0	NT=ms-proteomics;VV=v1.1.0	NT=Data-Dependent Acquisition;AC=PRIDE:0000627	2	AP301219_Gurjeet_ProtMiner_BD_PAGE_BinosTrial_19rpt.raw	ftp://ftp.pride.ebi.ac.uk/pride/data/archive/2021/02/PXD022469/AP301219_Gurjeet_ProtMiner_BD_PAGE_BinosTrial_19rpt.raw	19	NT=label free sample;AC=MS:1002038	NT=Q Exactive HF;AC=MS:1002523	NT=Trypsin;AC=MS:1001251	NT=Carbamidomethyl;MT=Fixed;TA=C;AC=UNIMOD:4	NT=Acetyl;MT=Variable;TA=N-term;AC=UNIMOD:1	NT=Oxidation;MT=Variable;TA=M;AC=UNIMOD:35	NT=Glu->pyro-Glu;MT=Variable;TA=E;AC=UNIMOD:27	NT=Gln->pyro-Glu;MT=Variable;TA=Q;AC=UNIMOD:28	not available	5 ppm	0.07 Da	Blood plasma
PXD022469-sample-380	Homo sapiens	Blood plasma	not available	not available	not available	not available	not available	1	cell	not available	not available	run380	proteomic profiling by mass spectrometry	v1.1.0	NT=ms-proteomics;VV=v1.1.0	NT=Data-Dependent Acquisition;AC=PRIDE:0000627	2	AP301219_Gurjeet_ProtMiner_BD_PAGE_BinosTrial_20rpt.raw	ftp://ftp.pride.ebi.ac.uk/pride/data/archive/2021/02/PXD022469/AP301219_Gurjeet_ProtMiner_BD_PAGE_BinosTrial_20rpt.raw	20	NT=label free sample;AC=MS:1002038	NT=Q Exactive HF;AC=MS:1002523	NT=Trypsin;AC=MS:1001251	NT=Carbamidomethyl;MT=Fixed;TA=C;AC=UNIMOD:4	NT=Acetyl;MT=Variable;TA=N-term;AC=UNIMOD:1	NT=Oxidation;MT=Variable;TA=M;AC=UNIMOD:35	NT=Glu->pyro-Glu;MT=Variable;TA=E;AC=UNIMOD:27	NT=Gln->pyro-Glu;MT=Variable;TA=Q;AC=UNIMOD:28	not available	5 ppm	0.07 Da	Blood plasma
PXD022469-sample-381	Homo sapiens	Blood plasma	not available	not available	not available	not available	not available	1	cell	not available	not available	run381	proteomic profiling by mass spectrometry	v1.1.0	NT=ms-proteomics;VV=v1.1.0	NT=Data-Dependent Acquisition;AC=PRIDE:0000627	2	AP301219_Gurjeet_ProtMiner_BD_PAGE_BinosTrial_21.raw	ftp://ftp.pride.ebi.ac.uk/pride/data/archive/2021/02/PXD022469/AP301219_Gurjeet_ProtMiner_BD_PAGE_BinosTrial_21.raw	21	NT=label free sample;AC=MS:1002038	NT=Q Exactive HF;AC=MS:1002523	NT=Trypsin;AC=MS:1001251	NT=Carbamidomethyl;MT=Fixed;TA=C;AC=UNIMOD:4	NT=Acetyl;MT=Variable;TA=N-term;AC=UNIMOD:1	NT=Oxidation;MT=Variable;TA=M;AC=UNIMOD:35	NT=Glu->pyro-Glu;MT=Variable;TA=E;AC=UNIMOD:27	NT=Gln->pyro-Glu;MT=Variable;TA=Q;AC=UNIMOD:28	not available	5 ppm	0.07 Da	Blood plasma
PXD022469-sample-382	Homo sapiens	Blood plasma	not available	not available	not available	not available	not available	1	cell	not available	not available	run382	proteomic profiling by mass spectrometry	v1.1.0	NT=ms-proteomics;VV=v1.1.0	NT=Data-Dependent Acquisition;AC=PRIDE:0000627	2	AP301219_Gurjeet_ProtMiner_BD_PAGE_BinosTrial_22.raw	ftp://ftp.pride.ebi.ac.uk/pride/data/archive/2021/02/PXD022469/AP301219_Gurjeet_ProtMiner_BD_PAGE_BinosTrial_22.raw	22	NT=label free sample;AC=MS:1002038	NT=Q Exactive HF;AC=MS:1002523	NT=Trypsin;AC=MS:1001251	NT=Carbamidomethyl;MT=Fixed;TA=C;AC=UNIMOD:4	NT=Acetyl;MT=Variable;TA=N-term;AC=UNIMOD:1	NT=Oxidation;MT=Variable;TA=M;AC=UNIMOD:35	NT=Glu->pyro-Glu;MT=Variable;TA=E;AC=UNIMOD:27	NT=Gln->pyro-Glu;MT=Variable;TA=Q;AC=UNIMOD:28	not available	5 ppm	0.07 Da	Blood plasma
PXD022469-sample-383	Homo sapiens	Blood plasma	not available	not available	not available	not available	not available	1	cell	not available	not available	run383	proteomic profiling by mass spectrometry	v1.1.0	NT=ms-proteomics;VV=v1.1.0	NT=Data-Dependent Acquisition;AC=PRIDE:0000627	2	AP301219_Gurjeet_ProtMiner_BD_PAGE_BinosTrial_23.raw	ftp://ftp.pride.ebi.ac.uk/pride/data/archive/2021/02/PXD022469/AP301219_Gurjeet_ProtMiner_BD_PAGE_BinosTrial_23.raw	23	NT=label free sample;AC=MS:1002038	NT=Q Exactive HF;AC=MS:1002523	NT=Trypsin;AC=MS:1001251	NT=Carbamidomethyl;MT=Fixed;TA=C;AC=UNIMOD:4	NT=Acetyl;MT=Variable;TA=N-term;AC=UNIMOD:1	NT=Oxidation;MT=Variable;TA=M;AC=UNIMOD:35	NT=Glu->pyro-Glu;MT=Variable;TA=E;AC=UNIMOD:27	NT=Gln->pyro-Glu;MT=Variable;TA=Q;AC=UNIMOD:28	not available	5 ppm	0.07 Da	Blood plasma
PXD022469-sample-384	Homo sapiens	Blood plasma	not available	not available	not available	not available	not available	1	cell	not available	not available	run384	proteomic profiling by mass spectrometry	v1.1.0	NT=ms-proteomics;VV=v1.1.0	NT=Data-Dependent Acquisition;AC=PRIDE:0000627	2	AP301219_Gurjeet_ProtMiner_BD_PAGE_BinosTrial_24.raw	ftp://ftp.pride.ebi.ac.uk/pride/data/archive/2021/02/PXD022469/AP301219_Gurjeet_ProtMiner_BD_PAGE_BinosTrial_24.raw	24	NT=label free sample;AC=MS:1002038	NT=Q Exactive HF;AC=MS:1002523	NT=Trypsin;AC=MS:1001251	NT=Carbamidomethyl;MT=Fixed;TA=C;AC=UNIMOD:4	NT=Acetyl;MT=Variable;TA=N-term;AC=UNIMOD:1	NT=Oxidation;MT=Variable;TA=M;AC=UNIMOD:35	NT=Glu->pyro-Glu;MT=Variable;TA=E;AC=UNIMOD:27	NT=Gln->pyro-Glu;MT=Variable;TA=Q;AC=UNIMOD:28	not available	5 ppm	0.07 Da	Blood plasma
