source name	characteristics[sample name]	characteristics[organism]	characteristics[organism part]	characteristics[cell type]	characteristics[disease]	characteristics[project name]	characteristics[environmental sample type]	characteristics[environmental medium]	characteristics[geographic location]	characteristics[collection date]	characteristics[sample collection method]	characteristics[depth]	characteristics[cover crop variation]	characteristics[sample source]	characteristics[timepoint]	characteristics[cover crop category]	characteristics[soil type]	characteristics[soil texture]	characteristics[soil taxonomic of FAO classification]	characteristics[current land use]	characteristics[current vegetation]	characteristics[mean annual temperature]	characteristics[mean annual precipitation]	characteristics[microbiome source]	characteristics[sample storage]	characteristics[biological replicate]	assay name	technology type	comment[instrument]	comment[label]	comment[modification parameters]	comment[modification parameters]	comment[cleavage agent details]	comment[proteomics data acquisition method]	comment[dissociation method]	comment[collision energy]	comment[precursor mass tolerance]	comment[fragment mass tolerance]	comment[fraction identifier]	comment[technical replicate]	comment[data file]	comment[metagenome accession]	comment[sdrf version]	comment[sdrf template]	comment[sdrf template]	comment[sdrf template]	comment[sdrf annotation tool]	factor value[cover crop variation]	factor value[sample source]	factor value[depth]	factor value[timepoint]
14_BS_30	T1_BS_0_30cm_Fescue	NT=soil metagenome;AC=NCBITaxon:410658	not applicable	not applicable	not applicable	RootWayS_RWS1_Hohenschulen	NT=rhizosphere;AC=ENVO:00005801	NT=agricultural soil;AC=ENVO:00002259	NT=Germany;AC=GAZ:00002646 (54.3122 N, 9.9961 E)	2021	soil profile excavation; spatula sampling within 2 mm of roots/channels	15 cm	Fescue	Bulk soil (BS)	T1: Seedling	Monoculture	NT=luvisol;AC=ENVO:00002248	17 sandy loam	not available	agricultural	NT=agricultural field;AC=ENVO:00000114	8.8 oC	806 mm/year	bulk soil microbiome	-80 degree C	1	14_BS_30	proteomic profiling by mass spectrometry	NT=Q Exactive HF;AC=MS:1002523	NT=label free sample;AC=MS:1002038	NT=Carbamidomethyl;AC=UNIMOD:4;TA=C;MT=Fixed	NT=Oxidation;AC=UNIMOD:35;TA=M;MT=Variable	NT=Trypsin;AC=MS:1001251	NT=Data-Dependent Acquisition;AC=PRIDE:0000627	NT=beam-type collision-induced dissociation;AC=MS:1000422	not available	10 ppm	0.02 Da	1	1	14_BS_30.raw	PRJNA1045860	v1.1.0	NT=ms-proteomics;VV=v1.1.0	NT=metaproteomics;VV=v1.0.0	NT=soil;VV=v1.0.0	manual curation	Fescue	Bulk soil (BS)	15 cm	T1: Seedling
14_CR_30	T1_CR_0_30cm_Fescue	NT=soil metagenome;AC=NCBITaxon:410658	not applicable	not applicable	not applicable	RootWayS_RWS1_Hohenschulen	NT=rhizosphere;AC=ENVO:00005801	NT=agricultural soil;AC=ENVO:00002259	NT=Germany;AC=GAZ:00002646 (54.3122 N, 9.9961 E)	2021	soil profile excavation; spatula sampling within 2 mm of roots/channels	15 cm	Fescue	Cover crop root channel (CR)	T1: Seedling	Monoculture	NT=luvisol;AC=ENVO:00002248	17 sandy loam	not available	agricultural	NT=agricultural field;AC=ENVO:00000114	8.8 oC	806 mm/year	cover crop root channel microbiome	-80 degree C	1	14_CR_30	proteomic profiling by mass spectrometry	NT=Q Exactive HF;AC=MS:1002523	NT=label free sample;AC=MS:1002038	NT=Carbamidomethyl;AC=UNIMOD:4;TA=C;MT=Fixed	NT=Oxidation;AC=UNIMOD:35;TA=M;MT=Variable	NT=Trypsin;AC=MS:1001251	NT=Data-Dependent Acquisition;AC=PRIDE:0000627	NT=beam-type collision-induced dissociation;AC=MS:1000422	not available	10 ppm	0.02 Da	1	1	14_CR_30.raw	PRJNA1045860	v1.1.0	NT=ms-proteomics;VV=v1.1.0	NT=metaproteomics;VV=v1.0.0	NT=soil;VV=v1.0.0	manual curation	Fescue	Cover crop root channel (CR)	15 cm	T1: Seedling
16_BS_30	T1_BS_0_30cm_Oil_Radish	NT=soil metagenome;AC=NCBITaxon:410658	not applicable	not applicable	not applicable	RootWayS_RWS1_Hohenschulen	NT=rhizosphere;AC=ENVO:00005801	NT=agricultural soil;AC=ENVO:00002259	NT=Germany;AC=GAZ:00002646 (54.3122 N, 9.9961 E)	2021	soil profile excavation; spatula sampling within 2 mm of roots/channels	15 cm	Oil Radish	Bulk soil (BS)	T1: Seedling	Monoculture	NT=luvisol;AC=ENVO:00002248	17 sandy loam	not available	agricultural	NT=agricultural field;AC=ENVO:00000114	8.8 oC	806 mm/year	bulk soil microbiome	-80 degree C	1	16_BS_30	proteomic profiling by mass spectrometry	NT=Q Exactive HF;AC=MS:1002523	NT=label free sample;AC=MS:1002038	NT=Carbamidomethyl;AC=UNIMOD:4;TA=C;MT=Fixed	NT=Oxidation;AC=UNIMOD:35;TA=M;MT=Variable	NT=Trypsin;AC=MS:1001251	NT=Data-Dependent Acquisition;AC=PRIDE:0000627	NT=beam-type collision-induced dissociation;AC=MS:1000422	not available	10 ppm	0.02 Da	1	1	16_BS_30.raw	PRJNA1045860	v1.1.0	NT=ms-proteomics;VV=v1.1.0	NT=metaproteomics;VV=v1.0.0	NT=soil;VV=v1.0.0	manual curation	Oil Radish	Bulk soil (BS)	15 cm	T1: Seedling
16_CR_30	T1_CR_0_30cm_Oil_Radish	NT=soil metagenome;AC=NCBITaxon:410658	not applicable	not applicable	not applicable	RootWayS_RWS1_Hohenschulen	NT=rhizosphere;AC=ENVO:00005801	NT=agricultural soil;AC=ENVO:00002259	NT=Germany;AC=GAZ:00002646 (54.3122 N, 9.9961 E)	2021	soil profile excavation; spatula sampling within 2 mm of roots/channels	15 cm	Oil Radish	Cover crop root channel (CR)	T1: Seedling	Monoculture	NT=luvisol;AC=ENVO:00002248	17 sandy loam	not available	agricultural	NT=agricultural field;AC=ENVO:00000114	8.8 oC	806 mm/year	cover crop root channel microbiome	-80 degree C	1	16_CR_30	proteomic profiling by mass spectrometry	NT=Q Exactive HF;AC=MS:1002523	NT=label free sample;AC=MS:1002038	NT=Carbamidomethyl;AC=UNIMOD:4;TA=C;MT=Fixed	NT=Oxidation;AC=UNIMOD:35;TA=M;MT=Variable	NT=Trypsin;AC=MS:1001251	NT=Data-Dependent Acquisition;AC=PRIDE:0000627	NT=beam-type collision-induced dissociation;AC=MS:1000422	not available	10 ppm	0.02 Da	1	1	16_CR_30.raw	PRJNA1045860	v1.1.0	NT=ms-proteomics;VV=v1.1.0	NT=metaproteomics;VV=v1.0.0	NT=soil;VV=v1.0.0	manual curation	Oil Radish	Cover crop root channel (CR)	15 cm	T1: Seedling
19_BS_30	T1_BS_0_30cm_Legume-Grass	NT=soil metagenome;AC=NCBITaxon:410658	not applicable	not applicable	not applicable	RootWayS_RWS1_Hohenschulen	NT=rhizosphere;AC=ENVO:00005801	NT=agricultural soil;AC=ENVO:00002259	NT=Germany;AC=GAZ:00002646 (54.3122 N, 9.9961 E)	2021	soil profile excavation; spatula sampling within 2 mm of roots/channels	15 cm	Legume/Grass	Bulk soil (BS)	T1: Seedling	Mixture	NT=luvisol;AC=ENVO:00002248	17 sandy loam	not available	agricultural	NT=agricultural field;AC=ENVO:00000114	8.8 oC	806 mm/year	bulk soil microbiome	-80 degree C	1	19_BS_30	proteomic profiling by mass spectrometry	NT=Q Exactive HF;AC=MS:1002523	NT=label free sample;AC=MS:1002038	NT=Carbamidomethyl;AC=UNIMOD:4;TA=C;MT=Fixed	NT=Oxidation;AC=UNIMOD:35;TA=M;MT=Variable	NT=Trypsin;AC=MS:1001251	NT=Data-Dependent Acquisition;AC=PRIDE:0000627	NT=beam-type collision-induced dissociation;AC=MS:1000422	not available	10 ppm	0.02 Da	1	1	19_BS_30.raw	PRJNA1045860	v1.1.0	NT=ms-proteomics;VV=v1.1.0	NT=metaproteomics;VV=v1.0.0	NT=soil;VV=v1.0.0	manual curation	Legume/Grass	Bulk soil (BS)	15 cm	T1: Seedling
19_CR_30	T1_CR_0_30cm_Legume-Grass	NT=soil metagenome;AC=NCBITaxon:410658	not applicable	not applicable	not applicable	RootWayS_RWS1_Hohenschulen	NT=rhizosphere;AC=ENVO:00005801	NT=agricultural soil;AC=ENVO:00002259	NT=Germany;AC=GAZ:00002646 (54.3122 N, 9.9961 E)	2021	soil profile excavation; spatula sampling within 2 mm of roots/channels	15 cm	Legume/Grass	Cover crop root channel (CR)	T1: Seedling	Mixture	NT=luvisol;AC=ENVO:00002248	17 sandy loam	not available	agricultural	NT=agricultural field;AC=ENVO:00000114	8.8 oC	806 mm/year	cover crop root channel microbiome	-80 degree C	1	19_CR_30	proteomic profiling by mass spectrometry	NT=Q Exactive HF;AC=MS:1002523	NT=label free sample;AC=MS:1002038	NT=Carbamidomethyl;AC=UNIMOD:4;TA=C;MT=Fixed	NT=Oxidation;AC=UNIMOD:35;TA=M;MT=Variable	NT=Trypsin;AC=MS:1001251	NT=Data-Dependent Acquisition;AC=PRIDE:0000627	NT=beam-type collision-induced dissociation;AC=MS:1000422	not available	10 ppm	0.02 Da	1	1	19_CR_30.raw	PRJNA1045860	v1.1.0	NT=ms-proteomics;VV=v1.1.0	NT=metaproteomics;VV=v1.0.0	NT=soil;VV=v1.0.0	manual curation	Legume/Grass	Cover crop root channel (CR)	15 cm	T1: Seedling
2021_HS_T2_1	T2_BS_0_30cm_Red_Clover	NT=soil metagenome;AC=NCBITaxon:410658	not applicable	not applicable	not applicable	RootWayS_RWS1_Hohenschulen	NT=rhizosphere;AC=ENVO:00005801	NT=agricultural soil;AC=ENVO:00002259	NT=Germany;AC=GAZ:00002646 (54.3122 N, 9.9961 E)	2021	soil profile excavation; spatula sampling within 2 mm of roots/channels	15 cm	Red Clover	Bulk soil (BS)	T2: Vegetative stage	Monoculture	NT=luvisol;AC=ENVO:00002248	17 sandy loam	not available	agricultural	NT=agricultural field;AC=ENVO:00000114	8.8 oC	806 mm/year	bulk soil microbiome	-80 degree C	1	2021_HS_T2_1	proteomic profiling by mass spectrometry	NT=Q Exactive HF;AC=MS:1002523	NT=label free sample;AC=MS:1002038	NT=Carbamidomethyl;AC=UNIMOD:4;TA=C;MT=Fixed	NT=Oxidation;AC=UNIMOD:35;TA=M;MT=Variable	NT=Trypsin;AC=MS:1001251	NT=Data-Dependent Acquisition;AC=PRIDE:0000627	NT=beam-type collision-induced dissociation;AC=MS:1000422	not available	10 ppm	0.02 Da	1	1	2021_HS_T2_1.raw	PRJNA1045860	v1.1.0	NT=ms-proteomics;VV=v1.1.0	NT=metaproteomics;VV=v1.0.0	NT=soil;VV=v1.0.0	manual curation	Red Clover	Bulk soil (BS)	15 cm	T2: Vegetative stage
2021_HS_T2_101	T2_MBS_0_30cm_Red_Clover	NT=soil metagenome;AC=NCBITaxon:410658	not applicable	not applicable	not applicable	RootWayS_RWS1_Hohenschulen	NT=rhizosphere;AC=ENVO:00005801	NT=agricultural soil;AC=ENVO:00002259	NT=Germany;AC=GAZ:00002646 (54.3122 N, 9.9961 E)	2021	soil profile excavation; spatula sampling within 2 mm of roots/channels	15 cm	Red Clover	Maize root in bulk soil (MBS)	T2: Vegetative stage	Monoculture	NT=luvisol;AC=ENVO:00002248	17 sandy loam	not available	agricultural	NT=agricultural field;AC=ENVO:00000114	8.8 oC	806 mm/year	maize rhizosphere microbiome (bulk soil)	-80 degree C	1	2021_HS_T2_101	proteomic profiling by mass spectrometry	NT=Q Exactive HF;AC=MS:1002523	NT=label free sample;AC=MS:1002038	NT=Carbamidomethyl;AC=UNIMOD:4;TA=C;MT=Fixed	NT=Oxidation;AC=UNIMOD:35;TA=M;MT=Variable	NT=Trypsin;AC=MS:1001251	NT=Data-Dependent Acquisition;AC=PRIDE:0000627	NT=beam-type collision-induced dissociation;AC=MS:1000422	not available	10 ppm	0.02 Da	1	1	2021_HS_T2_101.raw	PRJNA1045860	v1.1.0	NT=ms-proteomics;VV=v1.1.0	NT=metaproteomics;VV=v1.0.0	NT=soil;VV=v1.0.0	manual curation	Red Clover	Maize root in bulk soil (MBS)	15 cm	T2: Vegetative stage
2021_HS_T2_104	T2_BS_0_30cm_Brassica-Grass	NT=soil metagenome;AC=NCBITaxon:410658	not applicable	not applicable	not applicable	RootWayS_RWS1_Hohenschulen	NT=rhizosphere;AC=ENVO:00005801	NT=agricultural soil;AC=ENVO:00002259	NT=Germany;AC=GAZ:00002646 (54.3122 N, 9.9961 E)	2021	soil profile excavation; spatula sampling within 2 mm of roots/channels	15 cm	Brassica/Grass	Bulk soil (BS)	T2: Vegetative stage	Mixture	NT=luvisol;AC=ENVO:00002248	17 sandy loam	not available	agricultural	NT=agricultural field;AC=ENVO:00000114	8.8 oC	806 mm/year	bulk soil microbiome	-80 degree C	1	2021_HS_T2_104	proteomic profiling by mass spectrometry	NT=Q Exactive HF;AC=MS:1002523	NT=label free sample;AC=MS:1002038	NT=Carbamidomethyl;AC=UNIMOD:4;TA=C;MT=Fixed	NT=Oxidation;AC=UNIMOD:35;TA=M;MT=Variable	NT=Trypsin;AC=MS:1001251	NT=Data-Dependent Acquisition;AC=PRIDE:0000627	NT=beam-type collision-induced dissociation;AC=MS:1000422	not available	10 ppm	0.02 Da	1	1	2021_HS_T2_104.raw	PRJNA1045860	v1.1.0	NT=ms-proteomics;VV=v1.1.0	NT=metaproteomics;VV=v1.0.0	NT=soil;VV=v1.0.0	manual curation	Brassica/Grass	Bulk soil (BS)	15 cm	T2: Vegetative stage
2021_HS_T2_105	T2_BS_0_30cm_Brassica-Grass	NT=soil metagenome;AC=NCBITaxon:410658	not applicable	not applicable	not applicable	RootWayS_RWS1_Hohenschulen	NT=rhizosphere;AC=ENVO:00005801	NT=agricultural soil;AC=ENVO:00002259	NT=Germany;AC=GAZ:00002646 (54.3122 N, 9.9961 E)	2021	soil profile excavation; spatula sampling within 2 mm of roots/channels	15 cm	Brassica/Grass	Bulk soil (BS)	T2: Vegetative stage	Mixture	NT=luvisol;AC=ENVO:00002248	17 sandy loam	not available	agricultural	NT=agricultural field;AC=ENVO:00000114	8.8 oC	806 mm/year	bulk soil microbiome	-80 degree C	2	2021_HS_T2_105	proteomic profiling by mass spectrometry	NT=Q Exactive HF;AC=MS:1002523	NT=label free sample;AC=MS:1002038	NT=Carbamidomethyl;AC=UNIMOD:4;TA=C;MT=Fixed	NT=Oxidation;AC=UNIMOD:35;TA=M;MT=Variable	NT=Trypsin;AC=MS:1001251	NT=Data-Dependent Acquisition;AC=PRIDE:0000627	NT=beam-type collision-induced dissociation;AC=MS:1000422	not available	10 ppm	0.02 Da	1	1	2021_HS_T2_105.raw	PRJNA1045860	v1.1.0	NT=ms-proteomics;VV=v1.1.0	NT=metaproteomics;VV=v1.0.0	NT=soil;VV=v1.0.0	manual curation	Brassica/Grass	Bulk soil (BS)	15 cm	T2: Vegetative stage
2021_HS_T2_107	T2_CR_0_30cm_Brassica-Grass	NT=soil metagenome;AC=NCBITaxon:410658	not applicable	not applicable	not applicable	RootWayS_RWS1_Hohenschulen	NT=rhizosphere;AC=ENVO:00005801	NT=agricultural soil;AC=ENVO:00002259	NT=Germany;AC=GAZ:00002646 (54.3122 N, 9.9961 E)	2021	soil profile excavation; spatula sampling within 2 mm of roots/channels	15 cm	Brassica/Grass	Cover crop root channel (CR)	T2: Vegetative stage	Mixture	NT=luvisol;AC=ENVO:00002248	17 sandy loam	not available	agricultural	NT=agricultural field;AC=ENVO:00000114	8.8 oC	806 mm/year	cover crop root channel microbiome	-80 degree C	1	2021_HS_T2_107	proteomic profiling by mass spectrometry	NT=Q Exactive HF;AC=MS:1002523	NT=label free sample;AC=MS:1002038	NT=Carbamidomethyl;AC=UNIMOD:4;TA=C;MT=Fixed	NT=Oxidation;AC=UNIMOD:35;TA=M;MT=Variable	NT=Trypsin;AC=MS:1001251	NT=Data-Dependent Acquisition;AC=PRIDE:0000627	NT=beam-type collision-induced dissociation;AC=MS:1000422	not available	10 ppm	0.02 Da	1	1	2021_HS_T2_107.raw	PRJNA1045860	v1.1.0	NT=ms-proteomics;VV=v1.1.0	NT=metaproteomics;VV=v1.0.0	NT=soil;VV=v1.0.0	manual curation	Brassica/Grass	Cover crop root channel (CR)	15 cm	T2: Vegetative stage
2021_HS_T2_108	T2_CR_0_30cm_Red_Clover	NT=soil metagenome;AC=NCBITaxon:410658	not applicable	not applicable	not applicable	RootWayS_RWS1_Hohenschulen	NT=rhizosphere;AC=ENVO:00005801	NT=agricultural soil;AC=ENVO:00002259	NT=Germany;AC=GAZ:00002646 (54.3122 N, 9.9961 E)	2021	soil profile excavation; spatula sampling within 2 mm of roots/channels	15 cm	Red Clover	Cover crop root channel (CR)	T2: Vegetative stage	Monoculture	NT=luvisol;AC=ENVO:00002248	17 sandy loam	not available	agricultural	NT=agricultural field;AC=ENVO:00000114	8.8 oC	806 mm/year	cover crop root channel microbiome	-80 degree C	1	2021_HS_T2_108	proteomic profiling by mass spectrometry	NT=Q Exactive HF;AC=MS:1002523	NT=label free sample;AC=MS:1002038	NT=Carbamidomethyl;AC=UNIMOD:4;TA=C;MT=Fixed	NT=Oxidation;AC=UNIMOD:35;TA=M;MT=Variable	NT=Trypsin;AC=MS:1001251	NT=Data-Dependent Acquisition;AC=PRIDE:0000627	NT=beam-type collision-induced dissociation;AC=MS:1000422	not available	10 ppm	0.02 Da	1	1	2021_HS_T2_108.raw	PRJNA1045860	v1.1.0	NT=ms-proteomics;VV=v1.1.0	NT=metaproteomics;VV=v1.0.0	NT=soil;VV=v1.0.0	manual curation	Red Clover	Cover crop root channel (CR)	15 cm	T2: Vegetative stage
2021_HS_T2_109	T2_MBS_0_30cm_Brassica-Grass	NT=soil metagenome;AC=NCBITaxon:410658	not applicable	not applicable	not applicable	RootWayS_RWS1_Hohenschulen	NT=rhizosphere;AC=ENVO:00005801	NT=agricultural soil;AC=ENVO:00002259	NT=Germany;AC=GAZ:00002646 (54.3122 N, 9.9961 E)	2021	soil profile excavation; spatula sampling within 2 mm of roots/channels	15 cm	Brassica/Grass	Maize root in bulk soil (MBS)	T2: Vegetative stage	Mixture	NT=luvisol;AC=ENVO:00002248	17 sandy loam	not available	agricultural	NT=agricultural field;AC=ENVO:00000114	8.8 oC	806 mm/year	maize rhizosphere microbiome (bulk soil)	-80 degree C	1	2021_HS_T2_109	proteomic profiling by mass spectrometry	NT=Q Exactive HF;AC=MS:1002523	NT=label free sample;AC=MS:1002038	NT=Carbamidomethyl;AC=UNIMOD:4;TA=C;MT=Fixed	NT=Oxidation;AC=UNIMOD:35;TA=M;MT=Variable	NT=Trypsin;AC=MS:1001251	NT=Data-Dependent Acquisition;AC=PRIDE:0000627	NT=beam-type collision-induced dissociation;AC=MS:1000422	not available	10 ppm	0.02 Da	1	1	2021_HS_T2_109.raw	PRJNA1045860	v1.1.0	NT=ms-proteomics;VV=v1.1.0	NT=metaproteomics;VV=v1.0.0	NT=soil;VV=v1.0.0	manual curation	Brassica/Grass	Maize root in bulk soil (MBS)	15 cm	T2: Vegetative stage
2021_HS_T2_11	T2_CR_0_30cm_Oil_Radish	NT=soil metagenome;AC=NCBITaxon:410658	not applicable	not applicable	not applicable	RootWayS_RWS1_Hohenschulen	NT=rhizosphere;AC=ENVO:00005801	NT=agricultural soil;AC=ENVO:00002259	NT=Germany;AC=GAZ:00002646 (54.3122 N, 9.9961 E)	2021	soil profile excavation; spatula sampling within 2 mm of roots/channels	15 cm	Oil Radish	Cover crop root channel (CR)	T2: Vegetative stage	Monoculture	NT=luvisol;AC=ENVO:00002248	17 sandy loam	not available	agricultural	NT=agricultural field;AC=ENVO:00000114	8.8 oC	806 mm/year	cover crop root channel microbiome	-80 degree C	1	2021_HS_T2_11	proteomic profiling by mass spectrometry	NT=Q Exactive HF;AC=MS:1002523	NT=label free sample;AC=MS:1002038	NT=Carbamidomethyl;AC=UNIMOD:4;TA=C;MT=Fixed	NT=Oxidation;AC=UNIMOD:35;TA=M;MT=Variable	NT=Trypsin;AC=MS:1001251	NT=Data-Dependent Acquisition;AC=PRIDE:0000627	NT=beam-type collision-induced dissociation;AC=MS:1000422	not available	10 ppm	0.02 Da	1	1	2021_HS_T2_11.raw	PRJNA1045860	v1.1.0	NT=ms-proteomics;VV=v1.1.0	NT=metaproteomics;VV=v1.0.0	NT=soil;VV=v1.0.0	manual curation	Oil Radish	Cover crop root channel (CR)	15 cm	T2: Vegetative stage
2021_HS_T2_111	T2_CR_0_30cm_Red_Clover	NT=soil metagenome;AC=NCBITaxon:410658	not applicable	not applicable	not applicable	RootWayS_RWS1_Hohenschulen	NT=rhizosphere;AC=ENVO:00005801	NT=agricultural soil;AC=ENVO:00002259	NT=Germany;AC=GAZ:00002646 (54.3122 N, 9.9961 E)	2021	soil profile excavation; spatula sampling within 2 mm of roots/channels	15 cm	Red Clover	Cover crop root channel (CR)	T2: Vegetative stage	Monoculture	NT=luvisol;AC=ENVO:00002248	17 sandy loam	not available	agricultural	NT=agricultural field;AC=ENVO:00000114	8.8 oC	806 mm/year	cover crop root channel microbiome	-80 degree C	2	2021_HS_T2_111	proteomic profiling by mass spectrometry	NT=Q Exactive HF;AC=MS:1002523	NT=label free sample;AC=MS:1002038	NT=Carbamidomethyl;AC=UNIMOD:4;TA=C;MT=Fixed	NT=Oxidation;AC=UNIMOD:35;TA=M;MT=Variable	NT=Trypsin;AC=MS:1001251	NT=Data-Dependent Acquisition;AC=PRIDE:0000627	NT=beam-type collision-induced dissociation;AC=MS:1000422	not available	10 ppm	0.02 Da	1	1	2021_HS_T2_111.raw	PRJNA1045860	v1.1.0	NT=ms-proteomics;VV=v1.1.0	NT=metaproteomics;VV=v1.0.0	NT=soil;VV=v1.0.0	manual curation	Red Clover	Cover crop root channel (CR)	15 cm	T2: Vegetative stage
2021_HS_T2_14	T2_CR_0_30cm_Oil_Radish	NT=soil metagenome;AC=NCBITaxon:410658	not applicable	not applicable	not applicable	RootWayS_RWS1_Hohenschulen	NT=rhizosphere;AC=ENVO:00005801	NT=agricultural soil;AC=ENVO:00002259	NT=Germany;AC=GAZ:00002646 (54.3122 N, 9.9961 E)	2021	soil profile excavation; spatula sampling within 2 mm of roots/channels	15 cm	Oil Radish	Cover crop root channel (CR)	T2: Vegetative stage	Monoculture	NT=luvisol;AC=ENVO:00002248	17 sandy loam	not available	agricultural	NT=agricultural field;AC=ENVO:00000114	8.8 oC	806 mm/year	cover crop root channel microbiome	-80 degree C	2	2021_HS_T2_14_20221115003228	proteomic profiling by mass spectrometry	NT=Q Exactive HF;AC=MS:1002523	NT=label free sample;AC=MS:1002038	NT=Carbamidomethyl;AC=UNIMOD:4;TA=C;MT=Fixed	NT=Oxidation;AC=UNIMOD:35;TA=M;MT=Variable	NT=Trypsin;AC=MS:1001251	NT=Data-Dependent Acquisition;AC=PRIDE:0000627	NT=beam-type collision-induced dissociation;AC=MS:1000422	not available	10 ppm	0.02 Da	1	1	2021_HS_T2_14_20221115003228.raw	PRJNA1045860	v1.1.0	NT=ms-proteomics;VV=v1.1.0	NT=metaproteomics;VV=v1.0.0	NT=soil;VV=v1.0.0	manual curation	Oil Radish	Cover crop root channel (CR)	15 cm	T2: Vegetative stage
2021_HS_T2_15	T2_BS_0_30cm_Oil_Radish	NT=soil metagenome;AC=NCBITaxon:410658	not applicable	not applicable	not applicable	RootWayS_RWS1_Hohenschulen	NT=rhizosphere;AC=ENVO:00005801	NT=agricultural soil;AC=ENVO:00002259	NT=Germany;AC=GAZ:00002646 (54.3122 N, 9.9961 E)	2021	soil profile excavation; spatula sampling within 2 mm of roots/channels	15 cm	Oil Radish	Bulk soil (BS)	T2: Vegetative stage	Monoculture	NT=luvisol;AC=ENVO:00002248	17 sandy loam	not available	agricultural	NT=agricultural field;AC=ENVO:00000114	8.8 oC	806 mm/year	bulk soil microbiome	-80 degree C	1	2021_HS_T2_15	proteomic profiling by mass spectrometry	NT=Q Exactive HF;AC=MS:1002523	NT=label free sample;AC=MS:1002038	NT=Carbamidomethyl;AC=UNIMOD:4;TA=C;MT=Fixed	NT=Oxidation;AC=UNIMOD:35;TA=M;MT=Variable	NT=Trypsin;AC=MS:1001251	NT=Data-Dependent Acquisition;AC=PRIDE:0000627	NT=beam-type collision-induced dissociation;AC=MS:1000422	not available	10 ppm	0.02 Da	1	1	2021_HS_T2_15.raw	PRJNA1045860	v1.1.0	NT=ms-proteomics;VV=v1.1.0	NT=metaproteomics;VV=v1.0.0	NT=soil;VV=v1.0.0	manual curation	Oil Radish	Bulk soil (BS)	15 cm	T2: Vegetative stage
2021_HS_T2_16	T2_BS_0_30cm_Legume-Grass	NT=soil metagenome;AC=NCBITaxon:410658	not applicable	not applicable	not applicable	RootWayS_RWS1_Hohenschulen	NT=rhizosphere;AC=ENVO:00005801	NT=agricultural soil;AC=ENVO:00002259	NT=Germany;AC=GAZ:00002646 (54.3122 N, 9.9961 E)	2021	soil profile excavation; spatula sampling within 2 mm of roots/channels	15 cm	Legume/Grass	Bulk soil (BS)	T2: Vegetative stage	Mixture	NT=luvisol;AC=ENVO:00002248	17 sandy loam	not available	agricultural	NT=agricultural field;AC=ENVO:00000114	8.8 oC	806 mm/year	bulk soil microbiome	-80 degree C	1	2021_HS_T2_16	proteomic profiling by mass spectrometry	NT=Q Exactive HF;AC=MS:1002523	NT=label free sample;AC=MS:1002038	NT=Carbamidomethyl;AC=UNIMOD:4;TA=C;MT=Fixed	NT=Oxidation;AC=UNIMOD:35;TA=M;MT=Variable	NT=Trypsin;AC=MS:1001251	NT=Data-Dependent Acquisition;AC=PRIDE:0000627	NT=beam-type collision-induced dissociation;AC=MS:1000422	not available	10 ppm	0.02 Da	1	1	2021_HS_T2_16.raw	PRJNA1045860	v1.1.0	NT=ms-proteomics;VV=v1.1.0	NT=metaproteomics;VV=v1.0.0	NT=soil;VV=v1.0.0	manual curation	Legume/Grass	Bulk soil (BS)	15 cm	T2: Vegetative stage
2021_HS_T2_17	T2_MBS_0_30cm_Legume-Grass	NT=soil metagenome;AC=NCBITaxon:410658	not applicable	not applicable	not applicable	RootWayS_RWS1_Hohenschulen	NT=rhizosphere;AC=ENVO:00005801	NT=agricultural soil;AC=ENVO:00002259	NT=Germany;AC=GAZ:00002646 (54.3122 N, 9.9961 E)	2021	soil profile excavation; spatula sampling within 2 mm of roots/channels	15 cm	Legume/Grass	Maize root in bulk soil (MBS)	T2: Vegetative stage	Mixture	NT=luvisol;AC=ENVO:00002248	17 sandy loam	not available	agricultural	NT=agricultural field;AC=ENVO:00000114	8.8 oC	806 mm/year	maize rhizosphere microbiome (bulk soil)	-80 degree C	1	2021_HS_T2_17_20221114212121	proteomic profiling by mass spectrometry	NT=Q Exactive HF;AC=MS:1002523	NT=label free sample;AC=MS:1002038	NT=Carbamidomethyl;AC=UNIMOD:4;TA=C;MT=Fixed	NT=Oxidation;AC=UNIMOD:35;TA=M;MT=Variable	NT=Trypsin;AC=MS:1001251	NT=Data-Dependent Acquisition;AC=PRIDE:0000627	NT=beam-type collision-induced dissociation;AC=MS:1000422	not available	10 ppm	0.02 Da	1	1	2021_HS_T2_17_20221114212121.raw	PRJNA1045860	v1.1.0	NT=ms-proteomics;VV=v1.1.0	NT=metaproteomics;VV=v1.0.0	NT=soil;VV=v1.0.0	manual curation	Legume/Grass	Maize root in bulk soil (MBS)	15 cm	T2: Vegetative stage
2021_HS_T2_18	T2_MCR_0_30cm_Legume-Grass	NT=soil metagenome;AC=NCBITaxon:410658	not applicable	not applicable	not applicable	RootWayS_RWS1_Hohenschulen	NT=rhizosphere;AC=ENVO:00005801	NT=agricultural soil;AC=ENVO:00002259	NT=Germany;AC=GAZ:00002646 (54.3122 N, 9.9961 E)	2021	soil profile excavation; spatula sampling within 2 mm of roots/channels	15 cm	Legume/Grass	Maize root in cover crop root channel (MCR)	T2: Vegetative stage	Mixture	NT=luvisol;AC=ENVO:00002248	17 sandy loam	not available	agricultural	NT=agricultural field;AC=ENVO:00000114	8.8 oC	806 mm/year	maize rhizosphere microbiome (cover crop root channel)	-80 degree C	1	2021_HS_T2_18_20221114181006	proteomic profiling by mass spectrometry	NT=Q Exactive HF;AC=MS:1002523	NT=label free sample;AC=MS:1002038	NT=Carbamidomethyl;AC=UNIMOD:4;TA=C;MT=Fixed	NT=Oxidation;AC=UNIMOD:35;TA=M;MT=Variable	NT=Trypsin;AC=MS:1001251	NT=Data-Dependent Acquisition;AC=PRIDE:0000627	NT=beam-type collision-induced dissociation;AC=MS:1000422	not available	10 ppm	0.02 Da	1	1	2021_HS_T2_18_20221114181006.raw	PRJNA1045860	v1.1.0	NT=ms-proteomics;VV=v1.1.0	NT=metaproteomics;VV=v1.0.0	NT=soil;VV=v1.0.0	manual curation	Legume/Grass	Maize root in cover crop root channel (MCR)	15 cm	T2: Vegetative stage
2021_HS_T2_19	T2_CR_0_30cm_Oil_Radish	NT=soil metagenome;AC=NCBITaxon:410658	not applicable	not applicable	not applicable	RootWayS_RWS1_Hohenschulen	NT=rhizosphere;AC=ENVO:00005801	NT=agricultural soil;AC=ENVO:00002259	NT=Germany;AC=GAZ:00002646 (54.3122 N, 9.9961 E)	2021	soil profile excavation; spatula sampling within 2 mm of roots/channels	15 cm	Oil Radish	Cover crop root channel (CR)	T2: Vegetative stage	Monoculture	NT=luvisol;AC=ENVO:00002248	17 sandy loam	not available	agricultural	NT=agricultural field;AC=ENVO:00000114	8.8 oC	806 mm/year	cover crop root channel microbiome	-80 degree C	3	2021_HS_T2_19	proteomic profiling by mass spectrometry	NT=Q Exactive HF;AC=MS:1002523	NT=label free sample;AC=MS:1002038	NT=Carbamidomethyl;AC=UNIMOD:4;TA=C;MT=Fixed	NT=Oxidation;AC=UNIMOD:35;TA=M;MT=Variable	NT=Trypsin;AC=MS:1001251	NT=Data-Dependent Acquisition;AC=PRIDE:0000627	NT=beam-type collision-induced dissociation;AC=MS:1000422	not available	10 ppm	0.02 Da	1	1	2021_HS_T2_19.raw	PRJNA1045860	v1.1.0	NT=ms-proteomics;VV=v1.1.0	NT=metaproteomics;VV=v1.0.0	NT=soil;VV=v1.0.0	manual curation	Oil Radish	Cover crop root channel (CR)	15 cm	T2: Vegetative stage
2021_HS_T2_20	T2_BS_0_30cm_Legume-Grass	NT=soil metagenome;AC=NCBITaxon:410658	not applicable	not applicable	not applicable	RootWayS_RWS1_Hohenschulen	NT=rhizosphere;AC=ENVO:00005801	NT=agricultural soil;AC=ENVO:00002259	NT=Germany;AC=GAZ:00002646 (54.3122 N, 9.9961 E)	2021	soil profile excavation; spatula sampling within 2 mm of roots/channels	15 cm	Legume/Grass	Bulk soil (BS)	T2: Vegetative stage	Mixture	NT=luvisol;AC=ENVO:00002248	17 sandy loam	not available	agricultural	NT=agricultural field;AC=ENVO:00000114	8.8 oC	806 mm/year	bulk soil microbiome	-80 degree C	2	2021_HS_T2_20_20221115034338	proteomic profiling by mass spectrometry	NT=Q Exactive HF;AC=MS:1002523	NT=label free sample;AC=MS:1002038	NT=Carbamidomethyl;AC=UNIMOD:4;TA=C;MT=Fixed	NT=Oxidation;AC=UNIMOD:35;TA=M;MT=Variable	NT=Trypsin;AC=MS:1001251	NT=Data-Dependent Acquisition;AC=PRIDE:0000627	NT=beam-type collision-induced dissociation;AC=MS:1000422	not available	10 ppm	0.02 Da	1	1	2021_HS_T2_20_20221115034338.raw	PRJNA1045860	v1.1.0	NT=ms-proteomics;VV=v1.1.0	NT=metaproteomics;VV=v1.0.0	NT=soil;VV=v1.0.0	manual curation	Legume/Grass	Bulk soil (BS)	15 cm	T2: Vegetative stage
2021_HS_T2_21	T2_BS_0_30cm_Control	NT=soil metagenome;AC=NCBITaxon:410658	not applicable	not applicable	not applicable	RootWayS_RWS1_Hohenschulen	NT=rhizosphere;AC=ENVO:00005801	NT=agricultural soil;AC=ENVO:00002259	NT=Germany;AC=GAZ:00002646 (54.3122 N, 9.9961 E)	2021	soil profile excavation; spatula sampling within 2 mm of roots/channels	15 cm	Control	Bulk soil (BS)	T2: Vegetative stage	No cover crop	NT=luvisol;AC=ENVO:00002248	17 sandy loam	not available	agricultural	NT=agricultural field;AC=ENVO:00000114	8.8 oC	806 mm/year	bulk soil microbiome	-80 degree C	1	2021_HS_T2_21	proteomic profiling by mass spectrometry	NT=Q Exactive HF;AC=MS:1002523	NT=label free sample;AC=MS:1002038	NT=Carbamidomethyl;AC=UNIMOD:4;TA=C;MT=Fixed	NT=Oxidation;AC=UNIMOD:35;TA=M;MT=Variable	NT=Trypsin;AC=MS:1001251	NT=Data-Dependent Acquisition;AC=PRIDE:0000627	NT=beam-type collision-induced dissociation;AC=MS:1000422	not available	10 ppm	0.02 Da	1	1	2021_HS_T2_21.raw	PRJNA1045860	v1.1.0	NT=ms-proteomics;VV=v1.1.0	NT=metaproteomics;VV=v1.0.0	NT=soil;VV=v1.0.0	manual curation	Control	Bulk soil (BS)	15 cm	T2: Vegetative stage
2021_HS_T2_22	T2_MCR_0_30cm_Oil_Radish	NT=soil metagenome;AC=NCBITaxon:410658	not applicable	not applicable	not applicable	RootWayS_RWS1_Hohenschulen	NT=rhizosphere;AC=ENVO:00005801	NT=agricultural soil;AC=ENVO:00002259	NT=Germany;AC=GAZ:00002646 (54.3122 N, 9.9961 E)	2021	soil profile excavation; spatula sampling within 2 mm of roots/channels	15 cm	Oil Radish	Maize root in cover crop root channel (MCR)	T2: Vegetative stage	Monoculture	NT=luvisol;AC=ENVO:00002248	17 sandy loam	not available	agricultural	NT=agricultural field;AC=ENVO:00000114	8.8 oC	806 mm/year	maize rhizosphere microbiome (cover crop root channel)	-80 degree C	1	2021_HS_T2_22	proteomic profiling by mass spectrometry	NT=Q Exactive HF;AC=MS:1002523	NT=label free sample;AC=MS:1002038	NT=Carbamidomethyl;AC=UNIMOD:4;TA=C;MT=Fixed	NT=Oxidation;AC=UNIMOD:35;TA=M;MT=Variable	NT=Trypsin;AC=MS:1001251	NT=Data-Dependent Acquisition;AC=PRIDE:0000627	NT=beam-type collision-induced dissociation;AC=MS:1000422	not available	10 ppm	0.02 Da	1	1	2021_HS_T2_22.raw	PRJNA1045860	v1.1.0	NT=ms-proteomics;VV=v1.1.0	NT=metaproteomics;VV=v1.0.0	NT=soil;VV=v1.0.0	manual curation	Oil Radish	Maize root in cover crop root channel (MCR)	15 cm	T2: Vegetative stage
2021_HS_T2_24	T2_MBS_0_30cm_Oil_Radish	NT=soil metagenome;AC=NCBITaxon:410658	not applicable	not applicable	not applicable	RootWayS_RWS1_Hohenschulen	NT=rhizosphere;AC=ENVO:00005801	NT=agricultural soil;AC=ENVO:00002259	NT=Germany;AC=GAZ:00002646 (54.3122 N, 9.9961 E)	2021	soil profile excavation; spatula sampling within 2 mm of roots/channels	15 cm	Oil Radish	Maize root in bulk soil (MBS)	T2: Vegetative stage	Monoculture	NT=luvisol;AC=ENVO:00002248	17 sandy loam	not available	agricultural	NT=agricultural field;AC=ENVO:00000114	8.8 oC	806 mm/year	maize rhizosphere microbiome (bulk soil)	-80 degree C	1	2021_HS_T2_24	proteomic profiling by mass spectrometry	NT=Q Exactive HF;AC=MS:1002523	NT=label free sample;AC=MS:1002038	NT=Carbamidomethyl;AC=UNIMOD:4;TA=C;MT=Fixed	NT=Oxidation;AC=UNIMOD:35;TA=M;MT=Variable	NT=Trypsin;AC=MS:1001251	NT=Data-Dependent Acquisition;AC=PRIDE:0000627	NT=beam-type collision-induced dissociation;AC=MS:1000422	not available	10 ppm	0.02 Da	1	1	2021_HS_T2_24.raw	PRJNA1045860	v1.1.0	NT=ms-proteomics;VV=v1.1.0	NT=metaproteomics;VV=v1.0.0	NT=soil;VV=v1.0.0	manual curation	Oil Radish	Maize root in bulk soil (MBS)	15 cm	T2: Vegetative stage
2021_HS_T2_25	T2_MCR_0_30cm_Brassica-Grass	NT=soil metagenome;AC=NCBITaxon:410658	not applicable	not applicable	not applicable	RootWayS_RWS1_Hohenschulen	NT=rhizosphere;AC=ENVO:00005801	NT=agricultural soil;AC=ENVO:00002259	NT=Germany;AC=GAZ:00002646 (54.3122 N, 9.9961 E)	2021	soil profile excavation; spatula sampling within 2 mm of roots/channels	15 cm	Brassica/Grass	Maize root in cover crop root channel (MCR)	T2: Vegetative stage	Mixture	NT=luvisol;AC=ENVO:00002248	17 sandy loam	not available	agricultural	NT=agricultural field;AC=ENVO:00000114	8.8 oC	806 mm/year	maize rhizosphere microbiome (cover crop root channel)	-80 degree C	1	2021_HS_T2_25	proteomic profiling by mass spectrometry	NT=Q Exactive HF;AC=MS:1002523	NT=label free sample;AC=MS:1002038	NT=Carbamidomethyl;AC=UNIMOD:4;TA=C;MT=Fixed	NT=Oxidation;AC=UNIMOD:35;TA=M;MT=Variable	NT=Trypsin;AC=MS:1001251	NT=Data-Dependent Acquisition;AC=PRIDE:0000627	NT=beam-type collision-induced dissociation;AC=MS:1000422	not available	10 ppm	0.02 Da	1	1	2021_HS_T2_25.raw	PRJNA1045860	v1.1.0	NT=ms-proteomics;VV=v1.1.0	NT=metaproteomics;VV=v1.0.0	NT=soil;VV=v1.0.0	manual curation	Brassica/Grass	Maize root in cover crop root channel (MCR)	15 cm	T2: Vegetative stage
2021_HS_T2_27	T2_MCR_0_30cm_Brassica-Grass	NT=soil metagenome;AC=NCBITaxon:410658	not applicable	not applicable	not applicable	RootWayS_RWS1_Hohenschulen	NT=rhizosphere;AC=ENVO:00005801	NT=agricultural soil;AC=ENVO:00002259	NT=Germany;AC=GAZ:00002646 (54.3122 N, 9.9961 E)	2021	soil profile excavation; spatula sampling within 2 mm of roots/channels	15 cm	Brassica/Grass	Maize root in cover crop root channel (MCR)	T2: Vegetative stage	Mixture	NT=luvisol;AC=ENVO:00002248	17 sandy loam	not available	agricultural	NT=agricultural field;AC=ENVO:00000114	8.8 oC	806 mm/year	maize rhizosphere microbiome (cover crop root channel)	-80 degree C	2	2021_HS_T2_27	proteomic profiling by mass spectrometry	NT=Q Exactive HF;AC=MS:1002523	NT=label free sample;AC=MS:1002038	NT=Carbamidomethyl;AC=UNIMOD:4;TA=C;MT=Fixed	NT=Oxidation;AC=UNIMOD:35;TA=M;MT=Variable	NT=Trypsin;AC=MS:1001251	NT=Data-Dependent Acquisition;AC=PRIDE:0000627	NT=beam-type collision-induced dissociation;AC=MS:1000422	not available	10 ppm	0.02 Da	1	1	2021_HS_T2_27.raw	PRJNA1045860	v1.1.0	NT=ms-proteomics;VV=v1.1.0	NT=metaproteomics;VV=v1.0.0	NT=soil;VV=v1.0.0	manual curation	Brassica/Grass	Maize root in cover crop root channel (MCR)	15 cm	T2: Vegetative stage
2021_HS_T2_29	T2_MBS_0_30cm_Legume-Brassica	NT=soil metagenome;AC=NCBITaxon:410658	not applicable	not applicable	not applicable	RootWayS_RWS1_Hohenschulen	NT=rhizosphere;AC=ENVO:00005801	NT=agricultural soil;AC=ENVO:00002259	NT=Germany;AC=GAZ:00002646 (54.3122 N, 9.9961 E)	2021	soil profile excavation; spatula sampling within 2 mm of roots/channels	15 cm	Legume/Brassica	Maize root in bulk soil (MBS)	T2: Vegetative stage	Mixture	NT=luvisol;AC=ENVO:00002248	17 sandy loam	not available	agricultural	NT=agricultural field;AC=ENVO:00000114	8.8 oC	806 mm/year	maize rhizosphere microbiome (bulk soil)	-80 degree C	1	2021_HS_T2_29	proteomic profiling by mass spectrometry	NT=Q Exactive HF;AC=MS:1002523	NT=label free sample;AC=MS:1002038	NT=Carbamidomethyl;AC=UNIMOD:4;TA=C;MT=Fixed	NT=Oxidation;AC=UNIMOD:35;TA=M;MT=Variable	NT=Trypsin;AC=MS:1001251	NT=Data-Dependent Acquisition;AC=PRIDE:0000627	NT=beam-type collision-induced dissociation;AC=MS:1000422	not available	10 ppm	0.02 Da	1	1	2021_HS_T2_29.raw	PRJNA1045860	v1.1.0	NT=ms-proteomics;VV=v1.1.0	NT=metaproteomics;VV=v1.0.0	NT=soil;VV=v1.0.0	manual curation	Legume/Brassica	Maize root in bulk soil (MBS)	15 cm	T2: Vegetative stage
2021_HS_T2_3	T2_MCR_0_30cm_Legume-Grass	NT=soil metagenome;AC=NCBITaxon:410658	not applicable	not applicable	not applicable	RootWayS_RWS1_Hohenschulen	NT=rhizosphere;AC=ENVO:00005801	NT=agricultural soil;AC=ENVO:00002259	NT=Germany;AC=GAZ:00002646 (54.3122 N, 9.9961 E)	2021	soil profile excavation; spatula sampling within 2 mm of roots/channels	15 cm	Legume/Grass	Maize root in cover crop root channel (MCR)	T2: Vegetative stage	Mixture	NT=luvisol;AC=ENVO:00002248	17 sandy loam	not available	agricultural	NT=agricultural field;AC=ENVO:00000114	8.8 oC	806 mm/year	maize rhizosphere microbiome (cover crop root channel)	-80 degree C	2	2021_HS_T2_3	proteomic profiling by mass spectrometry	NT=Q Exactive HF;AC=MS:1002523	NT=label free sample;AC=MS:1002038	NT=Carbamidomethyl;AC=UNIMOD:4;TA=C;MT=Fixed	NT=Oxidation;AC=UNIMOD:35;TA=M;MT=Variable	NT=Trypsin;AC=MS:1001251	NT=Data-Dependent Acquisition;AC=PRIDE:0000627	NT=beam-type collision-induced dissociation;AC=MS:1000422	not available	10 ppm	0.02 Da	1	1	2021_HS_T2_3.raw	PRJNA1045860	v1.1.0	NT=ms-proteomics;VV=v1.1.0	NT=metaproteomics;VV=v1.0.0	NT=soil;VV=v1.0.0	manual curation	Legume/Grass	Maize root in cover crop root channel (MCR)	15 cm	T2: Vegetative stage
2021_HS_T2_30	T2_MBS_0_30cm_Legume-Grass	NT=soil metagenome;AC=NCBITaxon:410658	not applicable	not applicable	not applicable	RootWayS_RWS1_Hohenschulen	NT=rhizosphere;AC=ENVO:00005801	NT=agricultural soil;AC=ENVO:00002259	NT=Germany;AC=GAZ:00002646 (54.3122 N, 9.9961 E)	2021	soil profile excavation; spatula sampling within 2 mm of roots/channels	15 cm	Legume/Grass	Maize root in bulk soil (MBS)	T2: Vegetative stage	Mixture	NT=luvisol;AC=ENVO:00002248	17 sandy loam	not available	agricultural	NT=agricultural field;AC=ENVO:00000114	8.8 oC	806 mm/year	maize rhizosphere microbiome (bulk soil)	-80 degree C	2	2021_HS_T2_30	proteomic profiling by mass spectrometry	NT=Q Exactive HF;AC=MS:1002523	NT=label free sample;AC=MS:1002038	NT=Carbamidomethyl;AC=UNIMOD:4;TA=C;MT=Fixed	NT=Oxidation;AC=UNIMOD:35;TA=M;MT=Variable	NT=Trypsin;AC=MS:1001251	NT=Data-Dependent Acquisition;AC=PRIDE:0000627	NT=beam-type collision-induced dissociation;AC=MS:1000422	not available	10 ppm	0.02 Da	1	1	2021_HS_T2_30.raw	PRJNA1045860	v1.1.0	NT=ms-proteomics;VV=v1.1.0	NT=metaproteomics;VV=v1.0.0	NT=soil;VV=v1.0.0	manual curation	Legume/Grass	Maize root in bulk soil (MBS)	15 cm	T2: Vegetative stage
2021_HS_T2_33	T2_MCR_0_30cm_Legume-Brassica	NT=soil metagenome;AC=NCBITaxon:410658	not applicable	not applicable	not applicable	RootWayS_RWS1_Hohenschulen	NT=rhizosphere;AC=ENVO:00005801	NT=agricultural soil;AC=ENVO:00002259	NT=Germany;AC=GAZ:00002646 (54.3122 N, 9.9961 E)	2021	soil profile excavation; spatula sampling within 2 mm of roots/channels	15 cm	Legume/Brassica	Maize root in cover crop root channel (MCR)	T2: Vegetative stage	Mixture	NT=luvisol;AC=ENVO:00002248	17 sandy loam	not available	agricultural	NT=agricultural field;AC=ENVO:00000114	8.8 oC	806 mm/year	maize rhizosphere microbiome (cover crop root channel)	-80 degree C	1	2021_HS_T2_33_20221121022910	proteomic profiling by mass spectrometry	NT=Q Exactive HF;AC=MS:1002523	NT=label free sample;AC=MS:1002038	NT=Carbamidomethyl;AC=UNIMOD:4;TA=C;MT=Fixed	NT=Oxidation;AC=UNIMOD:35;TA=M;MT=Variable	NT=Trypsin;AC=MS:1001251	NT=Data-Dependent Acquisition;AC=PRIDE:0000627	NT=beam-type collision-induced dissociation;AC=MS:1000422	not available	10 ppm	0.02 Da	1	1	2021_HS_T2_33_20221121022910.raw	PRJNA1045860	v1.1.0	NT=ms-proteomics;VV=v1.1.0	NT=metaproteomics;VV=v1.0.0	NT=soil;VV=v1.0.0	manual curation	Legume/Brassica	Maize root in cover crop root channel (MCR)	15 cm	T2: Vegetative stage
2021_HS_T2_34	T2_CR_0_30cm_Legume-Grass	NT=soil metagenome;AC=NCBITaxon:410658	not applicable	not applicable	not applicable	RootWayS_RWS1_Hohenschulen	NT=rhizosphere;AC=ENVO:00005801	NT=agricultural soil;AC=ENVO:00002259	NT=Germany;AC=GAZ:00002646 (54.3122 N, 9.9961 E)	2021	soil profile excavation; spatula sampling within 2 mm of roots/channels	15 cm	Legume/Grass	Cover crop root channel (CR)	T2: Vegetative stage	Mixture	NT=luvisol;AC=ENVO:00002248	17 sandy loam	not available	agricultural	NT=agricultural field;AC=ENVO:00000114	8.8 oC	806 mm/year	cover crop root channel microbiome	-80 degree C	1	2021_HS_T2_34	proteomic profiling by mass spectrometry	NT=Q Exactive HF;AC=MS:1002523	NT=label free sample;AC=MS:1002038	NT=Carbamidomethyl;AC=UNIMOD:4;TA=C;MT=Fixed	NT=Oxidation;AC=UNIMOD:35;TA=M;MT=Variable	NT=Trypsin;AC=MS:1001251	NT=Data-Dependent Acquisition;AC=PRIDE:0000627	NT=beam-type collision-induced dissociation;AC=MS:1000422	not available	10 ppm	0.02 Da	1	1	2021_HS_T2_34.raw	PRJNA1045860	v1.1.0	NT=ms-proteomics;VV=v1.1.0	NT=metaproteomics;VV=v1.0.0	NT=soil;VV=v1.0.0	manual curation	Legume/Grass	Cover crop root channel (CR)	15 cm	T2: Vegetative stage
2021_HS_T2_35	T2_BS_0_30cm_Legume-Brassica	NT=soil metagenome;AC=NCBITaxon:410658	not applicable	not applicable	not applicable	RootWayS_RWS1_Hohenschulen	NT=rhizosphere;AC=ENVO:00005801	NT=agricultural soil;AC=ENVO:00002259	NT=Germany;AC=GAZ:00002646 (54.3122 N, 9.9961 E)	2021	soil profile excavation; spatula sampling within 2 mm of roots/channels	15 cm	Legume/Brassica	Bulk soil (BS)	T2: Vegetative stage	Mixture	NT=luvisol;AC=ENVO:00002248	17 sandy loam	not available	agricultural	NT=agricultural field;AC=ENVO:00000114	8.8 oC	806 mm/year	bulk soil microbiome	-80 degree C	1	2021_HS_T2_35_20221115065448	proteomic profiling by mass spectrometry	NT=Q Exactive HF;AC=MS:1002523	NT=label free sample;AC=MS:1002038	NT=Carbamidomethyl;AC=UNIMOD:4;TA=C;MT=Fixed	NT=Oxidation;AC=UNIMOD:35;TA=M;MT=Variable	NT=Trypsin;AC=MS:1001251	NT=Data-Dependent Acquisition;AC=PRIDE:0000627	NT=beam-type collision-induced dissociation;AC=MS:1000422	not available	10 ppm	0.02 Da	1	1	2021_HS_T2_35_20221115065448.raw	PRJNA1045860	v1.1.0	NT=ms-proteomics;VV=v1.1.0	NT=metaproteomics;VV=v1.0.0	NT=soil;VV=v1.0.0	manual curation	Legume/Brassica	Bulk soil (BS)	15 cm	T2: Vegetative stage
2021_HS_T2_36	T2_MCR_0_30cm_Legume-Grass	NT=soil metagenome;AC=NCBITaxon:410658	not applicable	not applicable	not applicable	RootWayS_RWS1_Hohenschulen	NT=rhizosphere;AC=ENVO:00005801	NT=agricultural soil;AC=ENVO:00002259	NT=Germany;AC=GAZ:00002646 (54.3122 N, 9.9961 E)	2021	soil profile excavation; spatula sampling within 2 mm of roots/channels	15 cm	Legume/Grass	Maize root in cover crop root channel (MCR)	T2: Vegetative stage	Mixture	NT=luvisol;AC=ENVO:00002248	17 sandy loam	not available	agricultural	NT=agricultural field;AC=ENVO:00000114	8.8 oC	806 mm/year	maize rhizosphere microbiome (cover crop root channel)	-80 degree C	3	2021_HS_T2_36	proteomic profiling by mass spectrometry	NT=Q Exactive HF;AC=MS:1002523	NT=label free sample;AC=MS:1002038	NT=Carbamidomethyl;AC=UNIMOD:4;TA=C;MT=Fixed	NT=Oxidation;AC=UNIMOD:35;TA=M;MT=Variable	NT=Trypsin;AC=MS:1001251	NT=Data-Dependent Acquisition;AC=PRIDE:0000627	NT=beam-type collision-induced dissociation;AC=MS:1000422	not available	10 ppm	0.02 Da	1	1	2021_HS_T2_36.raw	PRJNA1045860	v1.1.0	NT=ms-proteomics;VV=v1.1.0	NT=metaproteomics;VV=v1.0.0	NT=soil;VV=v1.0.0	manual curation	Legume/Grass	Maize root in cover crop root channel (MCR)	15 cm	T2: Vegetative stage
2021_HS_T2_40	T2_CR_0_30cm_Fescue	NT=soil metagenome;AC=NCBITaxon:410658	not applicable	not applicable	not applicable	RootWayS_RWS1_Hohenschulen	NT=rhizosphere;AC=ENVO:00005801	NT=agricultural soil;AC=ENVO:00002259	NT=Germany;AC=GAZ:00002646 (54.3122 N, 9.9961 E)	2021	soil profile excavation; spatula sampling within 2 mm of roots/channels	15 cm	Fescue	Cover crop root channel (CR)	T2: Vegetative stage	Monoculture	NT=luvisol;AC=ENVO:00002248	17 sandy loam	not available	agricultural	NT=agricultural field;AC=ENVO:00000114	8.8 oC	806 mm/year	cover crop root channel microbiome	-80 degree C	1	2021_HS_T2_40	proteomic profiling by mass spectrometry	NT=Q Exactive HF;AC=MS:1002523	NT=label free sample;AC=MS:1002038	NT=Carbamidomethyl;AC=UNIMOD:4;TA=C;MT=Fixed	NT=Oxidation;AC=UNIMOD:35;TA=M;MT=Variable	NT=Trypsin;AC=MS:1001251	NT=Data-Dependent Acquisition;AC=PRIDE:0000627	NT=beam-type collision-induced dissociation;AC=MS:1000422	not available	10 ppm	0.02 Da	1	1	2021_HS_T2_40.raw	PRJNA1045860	v1.1.0	NT=ms-proteomics;VV=v1.1.0	NT=metaproteomics;VV=v1.0.0	NT=soil;VV=v1.0.0	manual curation	Fescue	Cover crop root channel (CR)	15 cm	T2: Vegetative stage
2021_HS_T2_41	T2_BS_0_30cm_Red_Clover	NT=soil metagenome;AC=NCBITaxon:410658	not applicable	not applicable	not applicable	RootWayS_RWS1_Hohenschulen	NT=rhizosphere;AC=ENVO:00005801	NT=agricultural soil;AC=ENVO:00002259	NT=Germany;AC=GAZ:00002646 (54.3122 N, 9.9961 E)	2021	soil profile excavation; spatula sampling within 2 mm of roots/channels	15 cm	Red Clover	Bulk soil (BS)	T2: Vegetative stage	Monoculture	NT=luvisol;AC=ENVO:00002248	17 sandy loam	not available	agricultural	NT=agricultural field;AC=ENVO:00000114	8.8 oC	806 mm/year	bulk soil microbiome	-80 degree C	2	2021_HS_T2_41	proteomic profiling by mass spectrometry	NT=Q Exactive HF;AC=MS:1002523	NT=label free sample;AC=MS:1002038	NT=Carbamidomethyl;AC=UNIMOD:4;TA=C;MT=Fixed	NT=Oxidation;AC=UNIMOD:35;TA=M;MT=Variable	NT=Trypsin;AC=MS:1001251	NT=Data-Dependent Acquisition;AC=PRIDE:0000627	NT=beam-type collision-induced dissociation;AC=MS:1000422	not available	10 ppm	0.02 Da	1	1	2021_HS_T2_41.raw	PRJNA1045860	v1.1.0	NT=ms-proteomics;VV=v1.1.0	NT=metaproteomics;VV=v1.0.0	NT=soil;VV=v1.0.0	manual curation	Red Clover	Bulk soil (BS)	15 cm	T2: Vegetative stage
2021_HS_T2_42	T2_CR_0_30cm_Legume-Brassica	NT=soil metagenome;AC=NCBITaxon:410658	not applicable	not applicable	not applicable	RootWayS_RWS1_Hohenschulen	NT=rhizosphere;AC=ENVO:00005801	NT=agricultural soil;AC=ENVO:00002259	NT=Germany;AC=GAZ:00002646 (54.3122 N, 9.9961 E)	2021	soil profile excavation; spatula sampling within 2 mm of roots/channels	15 cm	Legume/Brassica	Cover crop root channel (CR)	T2: Vegetative stage	Mixture	NT=luvisol;AC=ENVO:00002248	17 sandy loam	not available	agricultural	NT=agricultural field;AC=ENVO:00000114	8.8 oC	806 mm/year	cover crop root channel microbiome	-80 degree C	1	2021_HS_T2_42	proteomic profiling by mass spectrometry	NT=Q Exactive HF;AC=MS:1002523	NT=label free sample;AC=MS:1002038	NT=Carbamidomethyl;AC=UNIMOD:4;TA=C;MT=Fixed	NT=Oxidation;AC=UNIMOD:35;TA=M;MT=Variable	NT=Trypsin;AC=MS:1001251	NT=Data-Dependent Acquisition;AC=PRIDE:0000627	NT=beam-type collision-induced dissociation;AC=MS:1000422	not available	10 ppm	0.02 Da	1	1	2021_HS_T2_42.raw	PRJNA1045860	v1.1.0	NT=ms-proteomics;VV=v1.1.0	NT=metaproteomics;VV=v1.0.0	NT=soil;VV=v1.0.0	manual curation	Legume/Brassica	Cover crop root channel (CR)	15 cm	T2: Vegetative stage
2021_HS_T2_43	T2_MCR_0_30cm_Red_Clover	NT=soil metagenome;AC=NCBITaxon:410658	not applicable	not applicable	not applicable	RootWayS_RWS1_Hohenschulen	NT=rhizosphere;AC=ENVO:00005801	NT=agricultural soil;AC=ENVO:00002259	NT=Germany;AC=GAZ:00002646 (54.3122 N, 9.9961 E)	2021	soil profile excavation; spatula sampling within 2 mm of roots/channels	15 cm	Red Clover	Maize root in cover crop root channel (MCR)	T2: Vegetative stage	Monoculture	NT=luvisol;AC=ENVO:00002248	17 sandy loam	not available	agricultural	NT=agricultural field;AC=ENVO:00000114	8.8 oC	806 mm/year	maize rhizosphere microbiome (cover crop root channel)	-80 degree C	1	2021_HS_T2_43	proteomic profiling by mass spectrometry	NT=Q Exactive HF;AC=MS:1002523	NT=label free sample;AC=MS:1002038	NT=Carbamidomethyl;AC=UNIMOD:4;TA=C;MT=Fixed	NT=Oxidation;AC=UNIMOD:35;TA=M;MT=Variable	NT=Trypsin;AC=MS:1001251	NT=Data-Dependent Acquisition;AC=PRIDE:0000627	NT=beam-type collision-induced dissociation;AC=MS:1000422	not available	10 ppm	0.02 Da	1	1	2021_HS_T2_43.raw	PRJNA1045860	v1.1.0	NT=ms-proteomics;VV=v1.1.0	NT=metaproteomics;VV=v1.0.0	NT=soil;VV=v1.0.0	manual curation	Red Clover	Maize root in cover crop root channel (MCR)	15 cm	T2: Vegetative stage
2021_HS_T2_45	T2_MBS_0_30cm_Fescue	NT=soil metagenome;AC=NCBITaxon:410658	not applicable	not applicable	not applicable	RootWayS_RWS1_Hohenschulen	NT=rhizosphere;AC=ENVO:00005801	NT=agricultural soil;AC=ENVO:00002259	NT=Germany;AC=GAZ:00002646 (54.3122 N, 9.9961 E)	2021	soil profile excavation; spatula sampling within 2 mm of roots/channels	15 cm	Fescue	Maize root in bulk soil (MBS)	T2: Vegetative stage	Monoculture	NT=luvisol;AC=ENVO:00002248	17 sandy loam	not available	agricultural	NT=agricultural field;AC=ENVO:00000114	8.8 oC	806 mm/year	maize rhizosphere microbiome (bulk soil)	-80 degree C	1	2021_HS_T2_45	proteomic profiling by mass spectrometry	NT=Q Exactive HF;AC=MS:1002523	NT=label free sample;AC=MS:1002038	NT=Carbamidomethyl;AC=UNIMOD:4;TA=C;MT=Fixed	NT=Oxidation;AC=UNIMOD:35;TA=M;MT=Variable	NT=Trypsin;AC=MS:1001251	NT=Data-Dependent Acquisition;AC=PRIDE:0000627	NT=beam-type collision-induced dissociation;AC=MS:1000422	not available	10 ppm	0.02 Da	1	1	2021_HS_T2_45.raw	PRJNA1045860	v1.1.0	NT=ms-proteomics;VV=v1.1.0	NT=metaproteomics;VV=v1.0.0	NT=soil;VV=v1.0.0	manual curation	Fescue	Maize root in bulk soil (MBS)	15 cm	T2: Vegetative stage
2021_HS_T2_46	T2_MBS_0_30cm_Oil_Radish	NT=soil metagenome;AC=NCBITaxon:410658	not applicable	not applicable	not applicable	RootWayS_RWS1_Hohenschulen	NT=rhizosphere;AC=ENVO:00005801	NT=agricultural soil;AC=ENVO:00002259	NT=Germany;AC=GAZ:00002646 (54.3122 N, 9.9961 E)	2021	soil profile excavation; spatula sampling within 2 mm of roots/channels	15 cm	Oil Radish	Maize root in bulk soil (MBS)	T2: Vegetative stage	Monoculture	NT=luvisol;AC=ENVO:00002248	17 sandy loam	not available	agricultural	NT=agricultural field;AC=ENVO:00000114	8.8 oC	806 mm/year	maize rhizosphere microbiome (bulk soil)	-80 degree C	2	2021_HS_T2_46	proteomic profiling by mass spectrometry	NT=Q Exactive HF;AC=MS:1002523	NT=label free sample;AC=MS:1002038	NT=Carbamidomethyl;AC=UNIMOD:4;TA=C;MT=Fixed	NT=Oxidation;AC=UNIMOD:35;TA=M;MT=Variable	NT=Trypsin;AC=MS:1001251	NT=Data-Dependent Acquisition;AC=PRIDE:0000627	NT=beam-type collision-induced dissociation;AC=MS:1000422	not available	10 ppm	0.02 Da	1	1	2021_HS_T2_46.raw	PRJNA1045860	v1.1.0	NT=ms-proteomics;VV=v1.1.0	NT=metaproteomics;VV=v1.0.0	NT=soil;VV=v1.0.0	manual curation	Oil Radish	Maize root in bulk soil (MBS)	15 cm	T2: Vegetative stage
2021_HS_T2_47	T2_MCR_0_30cm_Fescue	NT=soil metagenome;AC=NCBITaxon:410658	not applicable	not applicable	not applicable	RootWayS_RWS1_Hohenschulen	NT=rhizosphere;AC=ENVO:00005801	NT=agricultural soil;AC=ENVO:00002259	NT=Germany;AC=GAZ:00002646 (54.3122 N, 9.9961 E)	2021	soil profile excavation; spatula sampling within 2 mm of roots/channels	15 cm	Fescue	Maize root in cover crop root channel (MCR)	T2: Vegetative stage	Monoculture	NT=luvisol;AC=ENVO:00002248	17 sandy loam	not available	agricultural	NT=agricultural field;AC=ENVO:00000114	8.8 oC	806 mm/year	maize rhizosphere microbiome (cover crop root channel)	-80 degree C	1	2021_HS_T2_47	proteomic profiling by mass spectrometry	NT=Q Exactive HF;AC=MS:1002523	NT=label free sample;AC=MS:1002038	NT=Carbamidomethyl;AC=UNIMOD:4;TA=C;MT=Fixed	NT=Oxidation;AC=UNIMOD:35;TA=M;MT=Variable	NT=Trypsin;AC=MS:1001251	NT=Data-Dependent Acquisition;AC=PRIDE:0000627	NT=beam-type collision-induced dissociation;AC=MS:1000422	not available	10 ppm	0.02 Da	1	1	2021_HS_T2_47.raw	PRJNA1045860	v1.1.0	NT=ms-proteomics;VV=v1.1.0	NT=metaproteomics;VV=v1.0.0	NT=soil;VV=v1.0.0	manual curation	Fescue	Maize root in cover crop root channel (MCR)	15 cm	T2: Vegetative stage
2021_HS_T2_48	T2_MCR_0_30cm_Oil_Radish	NT=soil metagenome;AC=NCBITaxon:410658	not applicable	not applicable	not applicable	RootWayS_RWS1_Hohenschulen	NT=rhizosphere;AC=ENVO:00005801	NT=agricultural soil;AC=ENVO:00002259	NT=Germany;AC=GAZ:00002646 (54.3122 N, 9.9961 E)	2021	soil profile excavation; spatula sampling within 2 mm of roots/channels	15 cm	Oil Radish	Maize root in cover crop root channel (MCR)	T2: Vegetative stage	Monoculture	NT=luvisol;AC=ENVO:00002248	17 sandy loam	not available	agricultural	NT=agricultural field;AC=ENVO:00000114	8.8 oC	806 mm/year	maize rhizosphere microbiome (cover crop root channel)	-80 degree C	2	2021_HS_T2_48	proteomic profiling by mass spectrometry	NT=Q Exactive HF;AC=MS:1002523	NT=label free sample;AC=MS:1002038	NT=Carbamidomethyl;AC=UNIMOD:4;TA=C;MT=Fixed	NT=Oxidation;AC=UNIMOD:35;TA=M;MT=Variable	NT=Trypsin;AC=MS:1001251	NT=Data-Dependent Acquisition;AC=PRIDE:0000627	NT=beam-type collision-induced dissociation;AC=MS:1000422	not available	10 ppm	0.02 Da	1	1	2021_HS_T2_48.raw	PRJNA1045860	v1.1.0	NT=ms-proteomics;VV=v1.1.0	NT=metaproteomics;VV=v1.0.0	NT=soil;VV=v1.0.0	manual curation	Oil Radish	Maize root in cover crop root channel (MCR)	15 cm	T2: Vegetative stage
2021_HS_T2_5	T2_MCR_0_30cm_Red_Clover	NT=soil metagenome;AC=NCBITaxon:410658	not applicable	not applicable	not applicable	RootWayS_RWS1_Hohenschulen	NT=rhizosphere;AC=ENVO:00005801	NT=agricultural soil;AC=ENVO:00002259	NT=Germany;AC=GAZ:00002646 (54.3122 N, 9.9961 E)	2021	soil profile excavation; spatula sampling within 2 mm of roots/channels	15 cm	Red Clover	Maize root in cover crop root channel (MCR)	T2: Vegetative stage	Monoculture	NT=luvisol;AC=ENVO:00002248	17 sandy loam	not available	agricultural	NT=agricultural field;AC=ENVO:00000114	8.8 oC	806 mm/year	maize rhizosphere microbiome (cover crop root channel)	-80 degree C	2	2021_HS_T2_5	proteomic profiling by mass spectrometry	NT=Q Exactive HF;AC=MS:1002523	NT=label free sample;AC=MS:1002038	NT=Carbamidomethyl;AC=UNIMOD:4;TA=C;MT=Fixed	NT=Oxidation;AC=UNIMOD:35;TA=M;MT=Variable	NT=Trypsin;AC=MS:1001251	NT=Data-Dependent Acquisition;AC=PRIDE:0000627	NT=beam-type collision-induced dissociation;AC=MS:1000422	not available	10 ppm	0.02 Da	1	1	2021_HS_T2_5.raw	PRJNA1045860	v1.1.0	NT=ms-proteomics;VV=v1.1.0	NT=metaproteomics;VV=v1.0.0	NT=soil;VV=v1.0.0	manual curation	Red Clover	Maize root in cover crop root channel (MCR)	15 cm	T2: Vegetative stage
2021_HS_T2_50	T2_MBS_0_30cm_Brassica-Grass	NT=soil metagenome;AC=NCBITaxon:410658	not applicable	not applicable	not applicable	RootWayS_RWS1_Hohenschulen	NT=rhizosphere;AC=ENVO:00005801	NT=agricultural soil;AC=ENVO:00002259	NT=Germany;AC=GAZ:00002646 (54.3122 N, 9.9961 E)	2021	soil profile excavation; spatula sampling within 2 mm of roots/channels	15 cm	Brassica/Grass	Maize root in bulk soil (MBS)	T2: Vegetative stage	Mixture	NT=luvisol;AC=ENVO:00002248	17 sandy loam	not available	agricultural	NT=agricultural field;AC=ENVO:00000114	8.8 oC	806 mm/year	maize rhizosphere microbiome (bulk soil)	-80 degree C	2	2021_HS_T2_50	proteomic profiling by mass spectrometry	NT=Q Exactive HF;AC=MS:1002523	NT=label free sample;AC=MS:1002038	NT=Carbamidomethyl;AC=UNIMOD:4;TA=C;MT=Fixed	NT=Oxidation;AC=UNIMOD:35;TA=M;MT=Variable	NT=Trypsin;AC=MS:1001251	NT=Data-Dependent Acquisition;AC=PRIDE:0000627	NT=beam-type collision-induced dissociation;AC=MS:1000422	not available	10 ppm	0.02 Da	1	1	2021_HS_T2_50.raw	PRJNA1045860	v1.1.0	NT=ms-proteomics;VV=v1.1.0	NT=metaproteomics;VV=v1.0.0	NT=soil;VV=v1.0.0	manual curation	Brassica/Grass	Maize root in bulk soil (MBS)	15 cm	T2: Vegetative stage
2021_HS_T2_51	T2_MBS_0_30cm_Red_Clover	NT=soil metagenome;AC=NCBITaxon:410658	not applicable	not applicable	not applicable	RootWayS_RWS1_Hohenschulen	NT=rhizosphere;AC=ENVO:00005801	NT=agricultural soil;AC=ENVO:00002259	NT=Germany;AC=GAZ:00002646 (54.3122 N, 9.9961 E)	2021	soil profile excavation; spatula sampling within 2 mm of roots/channels	15 cm	Red Clover	Maize root in bulk soil (MBS)	T2: Vegetative stage	Monoculture	NT=luvisol;AC=ENVO:00002248	17 sandy loam	not available	agricultural	NT=agricultural field;AC=ENVO:00000114	8.8 oC	806 mm/year	maize rhizosphere microbiome (bulk soil)	-80 degree C	2	2021_HS_T2_51	proteomic profiling by mass spectrometry	NT=Q Exactive HF;AC=MS:1002523	NT=label free sample;AC=MS:1002038	NT=Carbamidomethyl;AC=UNIMOD:4;TA=C;MT=Fixed	NT=Oxidation;AC=UNIMOD:35;TA=M;MT=Variable	NT=Trypsin;AC=MS:1001251	NT=Data-Dependent Acquisition;AC=PRIDE:0000627	NT=beam-type collision-induced dissociation;AC=MS:1000422	not available	10 ppm	0.02 Da	1	1	2021_HS_T2_51.raw	PRJNA1045860	v1.1.0	NT=ms-proteomics;VV=v1.1.0	NT=metaproteomics;VV=v1.0.0	NT=soil;VV=v1.0.0	manual curation	Red Clover	Maize root in bulk soil (MBS)	15 cm	T2: Vegetative stage
2021_HS_T2_52	T2_BS_0_30cm_Oil_Radish	NT=soil metagenome;AC=NCBITaxon:410658	not applicable	not applicable	not applicable	RootWayS_RWS1_Hohenschulen	NT=rhizosphere;AC=ENVO:00005801	NT=agricultural soil;AC=ENVO:00002259	NT=Germany;AC=GAZ:00002646 (54.3122 N, 9.9961 E)	2021	soil profile excavation; spatula sampling within 2 mm of roots/channels	15 cm	Oil Radish	Bulk soil (BS)	T2: Vegetative stage	Monoculture	NT=luvisol;AC=ENVO:00002248	17 sandy loam	not available	agricultural	NT=agricultural field;AC=ENVO:00000114	8.8 oC	806 mm/year	bulk soil microbiome	-80 degree C	2	2021_HS_T2_52	proteomic profiling by mass spectrometry	NT=Q Exactive HF;AC=MS:1002523	NT=label free sample;AC=MS:1002038	NT=Carbamidomethyl;AC=UNIMOD:4;TA=C;MT=Fixed	NT=Oxidation;AC=UNIMOD:35;TA=M;MT=Variable	NT=Trypsin;AC=MS:1001251	NT=Data-Dependent Acquisition;AC=PRIDE:0000627	NT=beam-type collision-induced dissociation;AC=MS:1000422	not available	10 ppm	0.02 Da	1	1	2021_HS_T2_52.raw	PRJNA1045860	v1.1.0	NT=ms-proteomics;VV=v1.1.0	NT=metaproteomics;VV=v1.0.0	NT=soil;VV=v1.0.0	manual curation	Oil Radish	Bulk soil (BS)	15 cm	T2: Vegetative stage
2021_HS_T2_53	T2_MBS_0_30cm_Control	NT=soil metagenome;AC=NCBITaxon:410658	not applicable	not applicable	not applicable	RootWayS_RWS1_Hohenschulen	NT=rhizosphere;AC=ENVO:00005801	NT=agricultural soil;AC=ENVO:00002259	NT=Germany;AC=GAZ:00002646 (54.3122 N, 9.9961 E)	2021	soil profile excavation; spatula sampling within 2 mm of roots/channels	15 cm	Control	Maize root in bulk soil (MBS)	T2: Vegetative stage	No cover crop	NT=luvisol;AC=ENVO:00002248	17 sandy loam	not available	agricultural	NT=agricultural field;AC=ENVO:00000114	8.8 oC	806 mm/year	maize rhizosphere microbiome (bulk soil)	-80 degree C	1	2021_HS_T2_53	proteomic profiling by mass spectrometry	NT=Q Exactive HF;AC=MS:1002523	NT=label free sample;AC=MS:1002038	NT=Carbamidomethyl;AC=UNIMOD:4;TA=C;MT=Fixed	NT=Oxidation;AC=UNIMOD:35;TA=M;MT=Variable	NT=Trypsin;AC=MS:1001251	NT=Data-Dependent Acquisition;AC=PRIDE:0000627	NT=beam-type collision-induced dissociation;AC=MS:1000422	not available	10 ppm	0.02 Da	1	1	2021_HS_T2_53.raw	PRJNA1045860	v1.1.0	NT=ms-proteomics;VV=v1.1.0	NT=metaproteomics;VV=v1.0.0	NT=soil;VV=v1.0.0	manual curation	Control	Maize root in bulk soil (MBS)	15 cm	T2: Vegetative stage
2021_HS_T2_55	T2_CR_0_30cm_Red_Clover	NT=soil metagenome;AC=NCBITaxon:410658	not applicable	not applicable	not applicable	RootWayS_RWS1_Hohenschulen	NT=rhizosphere;AC=ENVO:00005801	NT=agricultural soil;AC=ENVO:00002259	NT=Germany;AC=GAZ:00002646 (54.3122 N, 9.9961 E)	2021	soil profile excavation; spatula sampling within 2 mm of roots/channels	15 cm	Red Clover	Cover crop root channel (CR)	T2: Vegetative stage	Monoculture	NT=luvisol;AC=ENVO:00002248	17 sandy loam	not available	agricultural	NT=agricultural field;AC=ENVO:00000114	8.8 oC	806 mm/year	cover crop root channel microbiome	-80 degree C	3	2021_HS_T2_55	proteomic profiling by mass spectrometry	NT=Q Exactive HF;AC=MS:1002523	NT=label free sample;AC=MS:1002038	NT=Carbamidomethyl;AC=UNIMOD:4;TA=C;MT=Fixed	NT=Oxidation;AC=UNIMOD:35;TA=M;MT=Variable	NT=Trypsin;AC=MS:1001251	NT=Data-Dependent Acquisition;AC=PRIDE:0000627	NT=beam-type collision-induced dissociation;AC=MS:1000422	not available	10 ppm	0.02 Da	1	1	2021_HS_T2_55.raw	PRJNA1045860	v1.1.0	NT=ms-proteomics;VV=v1.1.0	NT=metaproteomics;VV=v1.0.0	NT=soil;VV=v1.0.0	manual curation	Red Clover	Cover crop root channel (CR)	15 cm	T2: Vegetative stage
2021_HS_T2_57	T2_BS_0_30cm_Legume-Grass	NT=soil metagenome;AC=NCBITaxon:410658	not applicable	not applicable	not applicable	RootWayS_RWS1_Hohenschulen	NT=rhizosphere;AC=ENVO:00005801	NT=agricultural soil;AC=ENVO:00002259	NT=Germany;AC=GAZ:00002646 (54.3122 N, 9.9961 E)	2021	soil profile excavation; spatula sampling within 2 mm of roots/channels	15 cm	Legume/Grass	Bulk soil (BS)	T2: Vegetative stage	Mixture	NT=luvisol;AC=ENVO:00002248	17 sandy loam	not available	agricultural	NT=agricultural field;AC=ENVO:00000114	8.8 oC	806 mm/year	bulk soil microbiome	-80 degree C	3	2021_HS_T2_57	proteomic profiling by mass spectrometry	NT=Q Exactive HF;AC=MS:1002523	NT=label free sample;AC=MS:1002038	NT=Carbamidomethyl;AC=UNIMOD:4;TA=C;MT=Fixed	NT=Oxidation;AC=UNIMOD:35;TA=M;MT=Variable	NT=Trypsin;AC=MS:1001251	NT=Data-Dependent Acquisition;AC=PRIDE:0000627	NT=beam-type collision-induced dissociation;AC=MS:1000422	not available	10 ppm	0.02 Da	1	1	2021_HS_T2_57.raw	PRJNA1045860	v1.1.0	NT=ms-proteomics;VV=v1.1.0	NT=metaproteomics;VV=v1.0.0	NT=soil;VV=v1.0.0	manual curation	Legume/Grass	Bulk soil (BS)	15 cm	T2: Vegetative stage
2021_HS_T2_58	T2_CR_0_30cm_Brassica-Grass	NT=soil metagenome;AC=NCBITaxon:410658	not applicable	not applicable	not applicable	RootWayS_RWS1_Hohenschulen	NT=rhizosphere;AC=ENVO:00005801	NT=agricultural soil;AC=ENVO:00002259	NT=Germany;AC=GAZ:00002646 (54.3122 N, 9.9961 E)	2021	soil profile excavation; spatula sampling within 2 mm of roots/channels	15 cm	Brassica/Grass	Cover crop root channel (CR)	T2: Vegetative stage	Mixture	NT=luvisol;AC=ENVO:00002248	17 sandy loam	not available	agricultural	NT=agricultural field;AC=ENVO:00000114	8.8 oC	806 mm/year	cover crop root channel microbiome	-80 degree C	2	2021_HS_T2_58	proteomic profiling by mass spectrometry	NT=Q Exactive HF;AC=MS:1002523	NT=label free sample;AC=MS:1002038	NT=Carbamidomethyl;AC=UNIMOD:4;TA=C;MT=Fixed	NT=Oxidation;AC=UNIMOD:35;TA=M;MT=Variable	NT=Trypsin;AC=MS:1001251	NT=Data-Dependent Acquisition;AC=PRIDE:0000627	NT=beam-type collision-induced dissociation;AC=MS:1000422	not available	10 ppm	0.02 Da	1	1	2021_HS_T2_58.raw	PRJNA1045860	v1.1.0	NT=ms-proteomics;VV=v1.1.0	NT=metaproteomics;VV=v1.0.0	NT=soil;VV=v1.0.0	manual curation	Brassica/Grass	Cover crop root channel (CR)	15 cm	T2: Vegetative stage
2021_HS_T2_61	T2_BS_0_30cm_Brassica-Grass	NT=soil metagenome;AC=NCBITaxon:410658	not applicable	not applicable	not applicable	RootWayS_RWS1_Hohenschulen	NT=rhizosphere;AC=ENVO:00005801	NT=agricultural soil;AC=ENVO:00002259	NT=Germany;AC=GAZ:00002646 (54.3122 N, 9.9961 E)	2021	soil profile excavation; spatula sampling within 2 mm of roots/channels	15 cm	Brassica/Grass	Bulk soil (BS)	T2: Vegetative stage	Mixture	NT=luvisol;AC=ENVO:00002248	17 sandy loam	not available	agricultural	NT=agricultural field;AC=ENVO:00000114	8.8 oC	806 mm/year	bulk soil microbiome	-80 degree C	3	2021_HS_T2_61	proteomic profiling by mass spectrometry	NT=Q Exactive HF;AC=MS:1002523	NT=label free sample;AC=MS:1002038	NT=Carbamidomethyl;AC=UNIMOD:4;TA=C;MT=Fixed	NT=Oxidation;AC=UNIMOD:35;TA=M;MT=Variable	NT=Trypsin;AC=MS:1001251	NT=Data-Dependent Acquisition;AC=PRIDE:0000627	NT=beam-type collision-induced dissociation;AC=MS:1000422	not available	10 ppm	0.02 Da	1	1	2021_HS_T2_61.raw	PRJNA1045860	v1.1.0	NT=ms-proteomics;VV=v1.1.0	NT=metaproteomics;VV=v1.0.0	NT=soil;VV=v1.0.0	manual curation	Brassica/Grass	Bulk soil (BS)	15 cm	T2: Vegetative stage
2021_HS_T2_62	T2_BS_0_30cm_Fescue	NT=soil metagenome;AC=NCBITaxon:410658	not applicable	not applicable	not applicable	RootWayS_RWS1_Hohenschulen	NT=rhizosphere;AC=ENVO:00005801	NT=agricultural soil;AC=ENVO:00002259	NT=Germany;AC=GAZ:00002646 (54.3122 N, 9.9961 E)	2021	soil profile excavation; spatula sampling within 2 mm of roots/channels	15 cm	Fescue	Bulk soil (BS)	T2: Vegetative stage	Monoculture	NT=luvisol;AC=ENVO:00002248	17 sandy loam	not available	agricultural	NT=agricultural field;AC=ENVO:00000114	8.8 oC	806 mm/year	bulk soil microbiome	-80 degree C	1	2021_HS_T2_62	proteomic profiling by mass spectrometry	NT=Q Exactive HF;AC=MS:1002523	NT=label free sample;AC=MS:1002038	NT=Carbamidomethyl;AC=UNIMOD:4;TA=C;MT=Fixed	NT=Oxidation;AC=UNIMOD:35;TA=M;MT=Variable	NT=Trypsin;AC=MS:1001251	NT=Data-Dependent Acquisition;AC=PRIDE:0000627	NT=beam-type collision-induced dissociation;AC=MS:1000422	not available	10 ppm	0.02 Da	1	1	2021_HS_T2_62.raw	PRJNA1045860	v1.1.0	NT=ms-proteomics;VV=v1.1.0	NT=metaproteomics;VV=v1.0.0	NT=soil;VV=v1.0.0	manual curation	Fescue	Bulk soil (BS)	15 cm	T2: Vegetative stage
2021_HS_T2_63	T2_CR_0_30cm_Legume-Grass	NT=soil metagenome;AC=NCBITaxon:410658	not applicable	not applicable	not applicable	RootWayS_RWS1_Hohenschulen	NT=rhizosphere;AC=ENVO:00005801	NT=agricultural soil;AC=ENVO:00002259	NT=Germany;AC=GAZ:00002646 (54.3122 N, 9.9961 E)	2021	soil profile excavation; spatula sampling within 2 mm of roots/channels	15 cm	Legume/Grass	Cover crop root channel (CR)	T2: Vegetative stage	Mixture	NT=luvisol;AC=ENVO:00002248	17 sandy loam	not available	agricultural	NT=agricultural field;AC=ENVO:00000114	8.8 oC	806 mm/year	cover crop root channel microbiome	-80 degree C	2	2021_HS_T2_63	proteomic profiling by mass spectrometry	NT=Q Exactive HF;AC=MS:1002523	NT=label free sample;AC=MS:1002038	NT=Carbamidomethyl;AC=UNIMOD:4;TA=C;MT=Fixed	NT=Oxidation;AC=UNIMOD:35;TA=M;MT=Variable	NT=Trypsin;AC=MS:1001251	NT=Data-Dependent Acquisition;AC=PRIDE:0000627	NT=beam-type collision-induced dissociation;AC=MS:1000422	not available	10 ppm	0.02 Da	1	1	2021_HS_T2_63.raw	PRJNA1045860	v1.1.0	NT=ms-proteomics;VV=v1.1.0	NT=metaproteomics;VV=v1.0.0	NT=soil;VV=v1.0.0	manual curation	Legume/Grass	Cover crop root channel (CR)	15 cm	T2: Vegetative stage
2021_HS_T2_64	T2_MBS_0_30cm_Fescue	NT=soil metagenome;AC=NCBITaxon:410658	not applicable	not applicable	not applicable	RootWayS_RWS1_Hohenschulen	NT=rhizosphere;AC=ENVO:00005801	NT=agricultural soil;AC=ENVO:00002259	NT=Germany;AC=GAZ:00002646 (54.3122 N, 9.9961 E)	2021	soil profile excavation; spatula sampling within 2 mm of roots/channels	15 cm	Fescue	Maize root in bulk soil (MBS)	T2: Vegetative stage	Monoculture	NT=luvisol;AC=ENVO:00002248	17 sandy loam	not available	agricultural	NT=agricultural field;AC=ENVO:00000114	8.8 oC	806 mm/year	maize rhizosphere microbiome (bulk soil)	-80 degree C	2	2021_HS_T2_64	proteomic profiling by mass spectrometry	NT=Q Exactive HF;AC=MS:1002523	NT=label free sample;AC=MS:1002038	NT=Carbamidomethyl;AC=UNIMOD:4;TA=C;MT=Fixed	NT=Oxidation;AC=UNIMOD:35;TA=M;MT=Variable	NT=Trypsin;AC=MS:1001251	NT=Data-Dependent Acquisition;AC=PRIDE:0000627	NT=beam-type collision-induced dissociation;AC=MS:1000422	not available	10 ppm	0.02 Da	1	1	2021_HS_T2_64.raw	PRJNA1045860	v1.1.0	NT=ms-proteomics;VV=v1.1.0	NT=metaproteomics;VV=v1.0.0	NT=soil;VV=v1.0.0	manual curation	Fescue	Maize root in bulk soil (MBS)	15 cm	T2: Vegetative stage
2021_HS_T2_67	T2_MCR_0_30cm_Oil_Radish	NT=soil metagenome;AC=NCBITaxon:410658	not applicable	not applicable	not applicable	RootWayS_RWS1_Hohenschulen	NT=rhizosphere;AC=ENVO:00005801	NT=agricultural soil;AC=ENVO:00002259	NT=Germany;AC=GAZ:00002646 (54.3122 N, 9.9961 E)	2021	soil profile excavation; spatula sampling within 2 mm of roots/channels	15 cm	Oil Radish	Maize root in cover crop root channel (MCR)	T2: Vegetative stage	Monoculture	NT=luvisol;AC=ENVO:00002248	17 sandy loam	not available	agricultural	NT=agricultural field;AC=ENVO:00000114	8.8 oC	806 mm/year	maize rhizosphere microbiome (cover crop root channel)	-80 degree C	3	2021_HS_T2_67	proteomic profiling by mass spectrometry	NT=Q Exactive HF;AC=MS:1002523	NT=label free sample;AC=MS:1002038	NT=Carbamidomethyl;AC=UNIMOD:4;TA=C;MT=Fixed	NT=Oxidation;AC=UNIMOD:35;TA=M;MT=Variable	NT=Trypsin;AC=MS:1001251	NT=Data-Dependent Acquisition;AC=PRIDE:0000627	NT=beam-type collision-induced dissociation;AC=MS:1000422	not available	10 ppm	0.02 Da	1	1	2021_HS_T2_67.raw	PRJNA1045860	v1.1.0	NT=ms-proteomics;VV=v1.1.0	NT=metaproteomics;VV=v1.0.0	NT=soil;VV=v1.0.0	manual curation	Oil Radish	Maize root in cover crop root channel (MCR)	15 cm	T2: Vegetative stage
2021_HS_T2_68	T2_MBS_0_30cm_Oil_Radish	NT=soil metagenome;AC=NCBITaxon:410658	not applicable	not applicable	not applicable	RootWayS_RWS1_Hohenschulen	NT=rhizosphere;AC=ENVO:00005801	NT=agricultural soil;AC=ENVO:00002259	NT=Germany;AC=GAZ:00002646 (54.3122 N, 9.9961 E)	2021	soil profile excavation; spatula sampling within 2 mm of roots/channels	15 cm	Oil Radish	Maize root in bulk soil (MBS)	T2: Vegetative stage	Monoculture	NT=luvisol;AC=ENVO:00002248	17 sandy loam	not available	agricultural	NT=agricultural field;AC=ENVO:00000114	8.8 oC	806 mm/year	maize rhizosphere microbiome (bulk soil)	-80 degree C	3	2021_HS_T2_68	proteomic profiling by mass spectrometry	NT=Q Exactive HF;AC=MS:1002523	NT=label free sample;AC=MS:1002038	NT=Carbamidomethyl;AC=UNIMOD:4;TA=C;MT=Fixed	NT=Oxidation;AC=UNIMOD:35;TA=M;MT=Variable	NT=Trypsin;AC=MS:1001251	NT=Data-Dependent Acquisition;AC=PRIDE:0000627	NT=beam-type collision-induced dissociation;AC=MS:1000422	not available	10 ppm	0.02 Da	1	1	2021_HS_T2_68.raw	PRJNA1045860	v1.1.0	NT=ms-proteomics;VV=v1.1.0	NT=metaproteomics;VV=v1.0.0	NT=soil;VV=v1.0.0	manual curation	Oil Radish	Maize root in bulk soil (MBS)	15 cm	T2: Vegetative stage
2021_HS_T2_69	T2_MBS_0_30cm_Fescue	NT=soil metagenome;AC=NCBITaxon:410658	not applicable	not applicable	not applicable	RootWayS_RWS1_Hohenschulen	NT=rhizosphere;AC=ENVO:00005801	NT=agricultural soil;AC=ENVO:00002259	NT=Germany;AC=GAZ:00002646 (54.3122 N, 9.9961 E)	2021	soil profile excavation; spatula sampling within 2 mm of roots/channels	15 cm	Fescue	Maize root in bulk soil (MBS)	T2: Vegetative stage	Monoculture	NT=luvisol;AC=ENVO:00002248	17 sandy loam	not available	agricultural	NT=agricultural field;AC=ENVO:00000114	8.8 oC	806 mm/year	maize rhizosphere microbiome (bulk soil)	-80 degree C	3	2021_HS_T2_69	proteomic profiling by mass spectrometry	NT=Q Exactive HF;AC=MS:1002523	NT=label free sample;AC=MS:1002038	NT=Carbamidomethyl;AC=UNIMOD:4;TA=C;MT=Fixed	NT=Oxidation;AC=UNIMOD:35;TA=M;MT=Variable	NT=Trypsin;AC=MS:1001251	NT=Data-Dependent Acquisition;AC=PRIDE:0000627	NT=beam-type collision-induced dissociation;AC=MS:1000422	not available	10 ppm	0.02 Da	1	1	2021_HS_T2_69.raw	PRJNA1045860	v1.1.0	NT=ms-proteomics;VV=v1.1.0	NT=metaproteomics;VV=v1.0.0	NT=soil;VV=v1.0.0	manual curation	Fescue	Maize root in bulk soil (MBS)	15 cm	T2: Vegetative stage
2021_HS_T2_7	T2_MCR_0_30cm_Fescue	NT=soil metagenome;AC=NCBITaxon:410658	not applicable	not applicable	not applicable	RootWayS_RWS1_Hohenschulen	NT=rhizosphere;AC=ENVO:00005801	NT=agricultural soil;AC=ENVO:00002259	NT=Germany;AC=GAZ:00002646 (54.3122 N, 9.9961 E)	2021	soil profile excavation; spatula sampling within 2 mm of roots/channels	15 cm	Fescue	Maize root in cover crop root channel (MCR)	T2: Vegetative stage	Monoculture	NT=luvisol;AC=ENVO:00002248	17 sandy loam	not available	agricultural	NT=agricultural field;AC=ENVO:00000114	8.8 oC	806 mm/year	maize rhizosphere microbiome (cover crop root channel)	-80 degree C	2	2021_HS_T2_7	proteomic profiling by mass spectrometry	NT=Q Exactive HF;AC=MS:1002523	NT=label free sample;AC=MS:1002038	NT=Carbamidomethyl;AC=UNIMOD:4;TA=C;MT=Fixed	NT=Oxidation;AC=UNIMOD:35;TA=M;MT=Variable	NT=Trypsin;AC=MS:1001251	NT=Data-Dependent Acquisition;AC=PRIDE:0000627	NT=beam-type collision-induced dissociation;AC=MS:1000422	not available	10 ppm	0.02 Da	1	1	2021_HS_T2_7.raw	PRJNA1045860	v1.1.0	NT=ms-proteomics;VV=v1.1.0	NT=metaproteomics;VV=v1.0.0	NT=soil;VV=v1.0.0	manual curation	Fescue	Maize root in cover crop root channel (MCR)	15 cm	T2: Vegetative stage
2021_HS_T2_70	T2_MBS_0_30cm_Control	NT=soil metagenome;AC=NCBITaxon:410658	not applicable	not applicable	not applicable	RootWayS_RWS1_Hohenschulen	NT=rhizosphere;AC=ENVO:00005801	NT=agricultural soil;AC=ENVO:00002259	NT=Germany;AC=GAZ:00002646 (54.3122 N, 9.9961 E)	2021	soil profile excavation; spatula sampling within 2 mm of roots/channels	15 cm	Control	Maize root in bulk soil (MBS)	T2: Vegetative stage	No cover crop	NT=luvisol;AC=ENVO:00002248	17 sandy loam	not available	agricultural	NT=agricultural field;AC=ENVO:00000114	8.8 oC	806 mm/year	maize rhizosphere microbiome (bulk soil)	-80 degree C	2	2021_HS_T2_70	proteomic profiling by mass spectrometry	NT=Q Exactive HF;AC=MS:1002523	NT=label free sample;AC=MS:1002038	NT=Carbamidomethyl;AC=UNIMOD:4;TA=C;MT=Fixed	NT=Oxidation;AC=UNIMOD:35;TA=M;MT=Variable	NT=Trypsin;AC=MS:1001251	NT=Data-Dependent Acquisition;AC=PRIDE:0000627	NT=beam-type collision-induced dissociation;AC=MS:1000422	not available	10 ppm	0.02 Da	1	1	2021_HS_T2_70.raw	PRJNA1045860	v1.1.0	NT=ms-proteomics;VV=v1.1.0	NT=metaproteomics;VV=v1.0.0	NT=soil;VV=v1.0.0	manual curation	Control	Maize root in bulk soil (MBS)	15 cm	T2: Vegetative stage
2021_HS_T2_71	T2_MCR_0_30cm_Red_Clover	NT=soil metagenome;AC=NCBITaxon:410658	not applicable	not applicable	not applicable	RootWayS_RWS1_Hohenschulen	NT=rhizosphere;AC=ENVO:00005801	NT=agricultural soil;AC=ENVO:00002259	NT=Germany;AC=GAZ:00002646 (54.3122 N, 9.9961 E)	2021	soil profile excavation; spatula sampling within 2 mm of roots/channels	15 cm	Red Clover	Maize root in cover crop root channel (MCR)	T2: Vegetative stage	Monoculture	NT=luvisol;AC=ENVO:00002248	17 sandy loam	not available	agricultural	NT=agricultural field;AC=ENVO:00000114	8.8 oC	806 mm/year	maize rhizosphere microbiome (cover crop root channel)	-80 degree C	3	2021_HS_T2_71	proteomic profiling by mass spectrometry	NT=Q Exactive HF;AC=MS:1002523	NT=label free sample;AC=MS:1002038	NT=Carbamidomethyl;AC=UNIMOD:4;TA=C;MT=Fixed	NT=Oxidation;AC=UNIMOD:35;TA=M;MT=Variable	NT=Trypsin;AC=MS:1001251	NT=Data-Dependent Acquisition;AC=PRIDE:0000627	NT=beam-type collision-induced dissociation;AC=MS:1000422	not available	10 ppm	0.02 Da	1	1	2021_HS_T2_71.raw	PRJNA1045860	v1.1.0	NT=ms-proteomics;VV=v1.1.0	NT=metaproteomics;VV=v1.0.0	NT=soil;VV=v1.0.0	manual curation	Red Clover	Maize root in cover crop root channel (MCR)	15 cm	T2: Vegetative stage
2021_HS_T2_72	T2_MCR_0_30cm_Legume-Brassica	NT=soil metagenome;AC=NCBITaxon:410658	not applicable	not applicable	not applicable	RootWayS_RWS1_Hohenschulen	NT=rhizosphere;AC=ENVO:00005801	NT=agricultural soil;AC=ENVO:00002259	NT=Germany;AC=GAZ:00002646 (54.3122 N, 9.9961 E)	2021	soil profile excavation; spatula sampling within 2 mm of roots/channels	15 cm	Legume/Brassica	Maize root in cover crop root channel (MCR)	T2: Vegetative stage	Mixture	NT=luvisol;AC=ENVO:00002248	17 sandy loam	not available	agricultural	NT=agricultural field;AC=ENVO:00000114	8.8 oC	806 mm/year	maize rhizosphere microbiome (cover crop root channel)	-80 degree C	2	2021_HS_T2_72	proteomic profiling by mass spectrometry	NT=Q Exactive HF;AC=MS:1002523	NT=label free sample;AC=MS:1002038	NT=Carbamidomethyl;AC=UNIMOD:4;TA=C;MT=Fixed	NT=Oxidation;AC=UNIMOD:35;TA=M;MT=Variable	NT=Trypsin;AC=MS:1001251	NT=Data-Dependent Acquisition;AC=PRIDE:0000627	NT=beam-type collision-induced dissociation;AC=MS:1000422	not available	10 ppm	0.02 Da	1	1	2021_HS_T2_72.raw	PRJNA1045860	v1.1.0	NT=ms-proteomics;VV=v1.1.0	NT=metaproteomics;VV=v1.0.0	NT=soil;VV=v1.0.0	manual curation	Legume/Brassica	Maize root in cover crop root channel (MCR)	15 cm	T2: Vegetative stage
2021_HS_T2_73	T2_BS_0_30cm_Fescue	NT=soil metagenome;AC=NCBITaxon:410658	not applicable	not applicable	not applicable	RootWayS_RWS1_Hohenschulen	NT=rhizosphere;AC=ENVO:00005801	NT=agricultural soil;AC=ENVO:00002259	NT=Germany;AC=GAZ:00002646 (54.3122 N, 9.9961 E)	2021	soil profile excavation; spatula sampling within 2 mm of roots/channels	15 cm	Fescue	Bulk soil (BS)	T2: Vegetative stage	Monoculture	NT=luvisol;AC=ENVO:00002248	17 sandy loam	not available	agricultural	NT=agricultural field;AC=ENVO:00000114	8.8 oC	806 mm/year	bulk soil microbiome	-80 degree C	2	2021_HS_T2_73	proteomic profiling by mass spectrometry	NT=Q Exactive HF;AC=MS:1002523	NT=label free sample;AC=MS:1002038	NT=Carbamidomethyl;AC=UNIMOD:4;TA=C;MT=Fixed	NT=Oxidation;AC=UNIMOD:35;TA=M;MT=Variable	NT=Trypsin;AC=MS:1001251	NT=Data-Dependent Acquisition;AC=PRIDE:0000627	NT=beam-type collision-induced dissociation;AC=MS:1000422	not available	10 ppm	0.02 Da	1	1	2021_HS_T2_73.raw	PRJNA1045860	v1.1.0	NT=ms-proteomics;VV=v1.1.0	NT=metaproteomics;VV=v1.0.0	NT=soil;VV=v1.0.0	manual curation	Fescue	Bulk soil (BS)	15 cm	T2: Vegetative stage
2021_HS_T2_74	T2_BS_0_30cm_Control	NT=soil metagenome;AC=NCBITaxon:410658	not applicable	not applicable	not applicable	RootWayS_RWS1_Hohenschulen	NT=rhizosphere;AC=ENVO:00005801	NT=agricultural soil;AC=ENVO:00002259	NT=Germany;AC=GAZ:00002646 (54.3122 N, 9.9961 E)	2021	soil profile excavation; spatula sampling within 2 mm of roots/channels	15 cm	Control	Bulk soil (BS)	T2: Vegetative stage	No cover crop	NT=luvisol;AC=ENVO:00002248	17 sandy loam	not available	agricultural	NT=agricultural field;AC=ENVO:00000114	8.8 oC	806 mm/year	bulk soil microbiome	-80 degree C	2	2021_HS_T2_74	proteomic profiling by mass spectrometry	NT=Q Exactive HF;AC=MS:1002523	NT=label free sample;AC=MS:1002038	NT=Carbamidomethyl;AC=UNIMOD:4;TA=C;MT=Fixed	NT=Oxidation;AC=UNIMOD:35;TA=M;MT=Variable	NT=Trypsin;AC=MS:1001251	NT=Data-Dependent Acquisition;AC=PRIDE:0000627	NT=beam-type collision-induced dissociation;AC=MS:1000422	not available	10 ppm	0.02 Da	1	1	2021_HS_T2_74.raw	PRJNA1045860	v1.1.0	NT=ms-proteomics;VV=v1.1.0	NT=metaproteomics;VV=v1.0.0	NT=soil;VV=v1.0.0	manual curation	Control	Bulk soil (BS)	15 cm	T2: Vegetative stage
2021_HS_T2_75	T2_CR_0_30cm_Fescue	NT=soil metagenome;AC=NCBITaxon:410658	not applicable	not applicable	not applicable	RootWayS_RWS1_Hohenschulen	NT=rhizosphere;AC=ENVO:00005801	NT=agricultural soil;AC=ENVO:00002259	NT=Germany;AC=GAZ:00002646 (54.3122 N, 9.9961 E)	2021	soil profile excavation; spatula sampling within 2 mm of roots/channels	15 cm	Fescue	Cover crop root channel (CR)	T2: Vegetative stage	Monoculture	NT=luvisol;AC=ENVO:00002248	17 sandy loam	not available	agricultural	NT=agricultural field;AC=ENVO:00000114	8.8 oC	806 mm/year	cover crop root channel microbiome	-80 degree C	2	2021_HS_T2_75	proteomic profiling by mass spectrometry	NT=Q Exactive HF;AC=MS:1002523	NT=label free sample;AC=MS:1002038	NT=Carbamidomethyl;AC=UNIMOD:4;TA=C;MT=Fixed	NT=Oxidation;AC=UNIMOD:35;TA=M;MT=Variable	NT=Trypsin;AC=MS:1001251	NT=Data-Dependent Acquisition;AC=PRIDE:0000627	NT=beam-type collision-induced dissociation;AC=MS:1000422	not available	10 ppm	0.02 Da	1	1	2021_HS_T2_75.raw	PRJNA1045860	v1.1.0	NT=ms-proteomics;VV=v1.1.0	NT=metaproteomics;VV=v1.0.0	NT=soil;VV=v1.0.0	manual curation	Fescue	Cover crop root channel (CR)	15 cm	T2: Vegetative stage
2021_HS_T2_76	T2_CR_0_30cm_Legume-Grass	NT=soil metagenome;AC=NCBITaxon:410658	not applicable	not applicable	not applicable	RootWayS_RWS1_Hohenschulen	NT=rhizosphere;AC=ENVO:00005801	NT=agricultural soil;AC=ENVO:00002259	NT=Germany;AC=GAZ:00002646 (54.3122 N, 9.9961 E)	2021	soil profile excavation; spatula sampling within 2 mm of roots/channels	15 cm	Legume/Grass	Cover crop root channel (CR)	T2: Vegetative stage	Mixture	NT=luvisol;AC=ENVO:00002248	17 sandy loam	not available	agricultural	NT=agricultural field;AC=ENVO:00000114	8.8 oC	806 mm/year	cover crop root channel microbiome	-80 degree C	3	2021_HS_T2_76	proteomic profiling by mass spectrometry	NT=Q Exactive HF;AC=MS:1002523	NT=label free sample;AC=MS:1002038	NT=Carbamidomethyl;AC=UNIMOD:4;TA=C;MT=Fixed	NT=Oxidation;AC=UNIMOD:35;TA=M;MT=Variable	NT=Trypsin;AC=MS:1001251	NT=Data-Dependent Acquisition;AC=PRIDE:0000627	NT=beam-type collision-induced dissociation;AC=MS:1000422	not available	10 ppm	0.02 Da	1	1	2021_HS_T2_76.raw	PRJNA1045860	v1.1.0	NT=ms-proteomics;VV=v1.1.0	NT=metaproteomics;VV=v1.0.0	NT=soil;VV=v1.0.0	manual curation	Legume/Grass	Cover crop root channel (CR)	15 cm	T2: Vegetative stage
2021_HS_T2_78	T2_BS_0_30cm_Oil_Radish	NT=soil metagenome;AC=NCBITaxon:410658	not applicable	not applicable	not applicable	RootWayS_RWS1_Hohenschulen	NT=rhizosphere;AC=ENVO:00005801	NT=agricultural soil;AC=ENVO:00002259	NT=Germany;AC=GAZ:00002646 (54.3122 N, 9.9961 E)	2021	soil profile excavation; spatula sampling within 2 mm of roots/channels	15 cm	Oil Radish	Bulk soil (BS)	T2: Vegetative stage	Monoculture	NT=luvisol;AC=ENVO:00002248	17 sandy loam	not available	agricultural	NT=agricultural field;AC=ENVO:00000114	8.8 oC	806 mm/year	bulk soil microbiome	-80 degree C	3	2021_HS_T2_78	proteomic profiling by mass spectrometry	NT=Q Exactive HF;AC=MS:1002523	NT=label free sample;AC=MS:1002038	NT=Carbamidomethyl;AC=UNIMOD:4;TA=C;MT=Fixed	NT=Oxidation;AC=UNIMOD:35;TA=M;MT=Variable	NT=Trypsin;AC=MS:1001251	NT=Data-Dependent Acquisition;AC=PRIDE:0000627	NT=beam-type collision-induced dissociation;AC=MS:1000422	not available	10 ppm	0.02 Da	1	1	2021_HS_T2_78.raw	PRJNA1045860	v1.1.0	NT=ms-proteomics;VV=v1.1.0	NT=metaproteomics;VV=v1.0.0	NT=soil;VV=v1.0.0	manual curation	Oil Radish	Bulk soil (BS)	15 cm	T2: Vegetative stage
2021_HS_T2_80	T2_CR_0_30cm_Fescue	NT=soil metagenome;AC=NCBITaxon:410658	not applicable	not applicable	not applicable	RootWayS_RWS1_Hohenschulen	NT=rhizosphere;AC=ENVO:00005801	NT=agricultural soil;AC=ENVO:00002259	NT=Germany;AC=GAZ:00002646 (54.3122 N, 9.9961 E)	2021	soil profile excavation; spatula sampling within 2 mm of roots/channels	15 cm	Fescue	Cover crop root channel (CR)	T2: Vegetative stage	Monoculture	NT=luvisol;AC=ENVO:00002248	17 sandy loam	not available	agricultural	NT=agricultural field;AC=ENVO:00000114	8.8 oC	806 mm/year	cover crop root channel microbiome	-80 degree C	3	2021_HS_T2_80	proteomic profiling by mass spectrometry	NT=Q Exactive HF;AC=MS:1002523	NT=label free sample;AC=MS:1002038	NT=Carbamidomethyl;AC=UNIMOD:4;TA=C;MT=Fixed	NT=Oxidation;AC=UNIMOD:35;TA=M;MT=Variable	NT=Trypsin;AC=MS:1001251	NT=Data-Dependent Acquisition;AC=PRIDE:0000627	NT=beam-type collision-induced dissociation;AC=MS:1000422	not available	10 ppm	0.02 Da	1	1	2021_HS_T2_80.raw	PRJNA1045860	v1.1.0	NT=ms-proteomics;VV=v1.1.0	NT=metaproteomics;VV=v1.0.0	NT=soil;VV=v1.0.0	manual curation	Fescue	Cover crop root channel (CR)	15 cm	T2: Vegetative stage
2021_HS_T2_82	T2_BS_0_30cm_Legume-Brassica	NT=soil metagenome;AC=NCBITaxon:410658	not applicable	not applicable	not applicable	RootWayS_RWS1_Hohenschulen	NT=rhizosphere;AC=ENVO:00005801	NT=agricultural soil;AC=ENVO:00002259	NT=Germany;AC=GAZ:00002646 (54.3122 N, 9.9961 E)	2021	soil profile excavation; spatula sampling within 2 mm of roots/channels	15 cm	Legume/Brassica	Bulk soil (BS)	T2: Vegetative stage	Mixture	NT=luvisol;AC=ENVO:00002248	17 sandy loam	not available	agricultural	NT=agricultural field;AC=ENVO:00000114	8.8 oC	806 mm/year	bulk soil microbiome	-80 degree C	2	2021_HS_T2_82	proteomic profiling by mass spectrometry	NT=Q Exactive HF;AC=MS:1002523	NT=label free sample;AC=MS:1002038	NT=Carbamidomethyl;AC=UNIMOD:4;TA=C;MT=Fixed	NT=Oxidation;AC=UNIMOD:35;TA=M;MT=Variable	NT=Trypsin;AC=MS:1001251	NT=Data-Dependent Acquisition;AC=PRIDE:0000627	NT=beam-type collision-induced dissociation;AC=MS:1000422	not available	10 ppm	0.02 Da	1	1	2021_HS_T2_82.raw	PRJNA1045860	v1.1.0	NT=ms-proteomics;VV=v1.1.0	NT=metaproteomics;VV=v1.0.0	NT=soil;VV=v1.0.0	manual curation	Legume/Brassica	Bulk soil (BS)	15 cm	T2: Vegetative stage
2021_HS_T2_83	T2_BS_0_30cm_Legume-Brassica	NT=soil metagenome;AC=NCBITaxon:410658	not applicable	not applicable	not applicable	RootWayS_RWS1_Hohenschulen	NT=rhizosphere;AC=ENVO:00005801	NT=agricultural soil;AC=ENVO:00002259	NT=Germany;AC=GAZ:00002646 (54.3122 N, 9.9961 E)	2021	soil profile excavation; spatula sampling within 2 mm of roots/channels	15 cm	Legume/Brassica	Bulk soil (BS)	T2: Vegetative stage	Mixture	NT=luvisol;AC=ENVO:00002248	17 sandy loam	not available	agricultural	NT=agricultural field;AC=ENVO:00000114	8.8 oC	806 mm/year	bulk soil microbiome	-80 degree C	3	2021_HS_T2_83	proteomic profiling by mass spectrometry	NT=Q Exactive HF;AC=MS:1002523	NT=label free sample;AC=MS:1002038	NT=Carbamidomethyl;AC=UNIMOD:4;TA=C;MT=Fixed	NT=Oxidation;AC=UNIMOD:35;TA=M;MT=Variable	NT=Trypsin;AC=MS:1001251	NT=Data-Dependent Acquisition;AC=PRIDE:0000627	NT=beam-type collision-induced dissociation;AC=MS:1000422	not available	10 ppm	0.02 Da	1	1	2021_HS_T2_83.raw	PRJNA1045860	v1.1.0	NT=ms-proteomics;VV=v1.1.0	NT=metaproteomics;VV=v1.0.0	NT=soil;VV=v1.0.0	manual curation	Legume/Brassica	Bulk soil (BS)	15 cm	T2: Vegetative stage
2021_HS_T2_85	T2_MBS_0_30cm_Brassica-Grass	NT=soil metagenome;AC=NCBITaxon:410658	not applicable	not applicable	not applicable	RootWayS_RWS1_Hohenschulen	NT=rhizosphere;AC=ENVO:00005801	NT=agricultural soil;AC=ENVO:00002259	NT=Germany;AC=GAZ:00002646 (54.3122 N, 9.9961 E)	2021	soil profile excavation; spatula sampling within 2 mm of roots/channels	15 cm	Brassica/Grass	Maize root in bulk soil (MBS)	T2: Vegetative stage	Mixture	NT=luvisol;AC=ENVO:00002248	17 sandy loam	not available	agricultural	NT=agricultural field;AC=ENVO:00000114	8.8 oC	806 mm/year	maize rhizosphere microbiome (bulk soil)	-80 degree C	3	2021_HS_T2_85	proteomic profiling by mass spectrometry	NT=Q Exactive HF;AC=MS:1002523	NT=label free sample;AC=MS:1002038	NT=Carbamidomethyl;AC=UNIMOD:4;TA=C;MT=Fixed	NT=Oxidation;AC=UNIMOD:35;TA=M;MT=Variable	NT=Trypsin;AC=MS:1001251	NT=Data-Dependent Acquisition;AC=PRIDE:0000627	NT=beam-type collision-induced dissociation;AC=MS:1000422	not available	10 ppm	0.02 Da	1	1	2021_HS_T2_85.raw	PRJNA1045860	v1.1.0	NT=ms-proteomics;VV=v1.1.0	NT=metaproteomics;VV=v1.0.0	NT=soil;VV=v1.0.0	manual curation	Brassica/Grass	Maize root in bulk soil (MBS)	15 cm	T2: Vegetative stage
2021_HS_T2_88	T2_CR_0_30cm_Legume-Brassica	NT=soil metagenome;AC=NCBITaxon:410658	not applicable	not applicable	not applicable	RootWayS_RWS1_Hohenschulen	NT=rhizosphere;AC=ENVO:00005801	NT=agricultural soil;AC=ENVO:00002259	NT=Germany;AC=GAZ:00002646 (54.3122 N, 9.9961 E)	2021	soil profile excavation; spatula sampling within 2 mm of roots/channels	15 cm	Legume/Brassica	Cover crop root channel (CR)	T2: Vegetative stage	Mixture	NT=luvisol;AC=ENVO:00002248	17 sandy loam	not available	agricultural	NT=agricultural field;AC=ENVO:00000114	8.8 oC	806 mm/year	cover crop root channel microbiome	-80 degree C	2	2021_HS_T2_88	proteomic profiling by mass spectrometry	NT=Q Exactive HF;AC=MS:1002523	NT=label free sample;AC=MS:1002038	NT=Carbamidomethyl;AC=UNIMOD:4;TA=C;MT=Fixed	NT=Oxidation;AC=UNIMOD:35;TA=M;MT=Variable	NT=Trypsin;AC=MS:1001251	NT=Data-Dependent Acquisition;AC=PRIDE:0000627	NT=beam-type collision-induced dissociation;AC=MS:1000422	not available	10 ppm	0.02 Da	1	1	2021_HS_T2_88.raw	PRJNA1045860	v1.1.0	NT=ms-proteomics;VV=v1.1.0	NT=metaproteomics;VV=v1.0.0	NT=soil;VV=v1.0.0	manual curation	Legume/Brassica	Cover crop root channel (CR)	15 cm	T2: Vegetative stage
2021_HS_T2_89	T2_CR_0_30cm_Legume-Brassica	NT=soil metagenome;AC=NCBITaxon:410658	not applicable	not applicable	not applicable	RootWayS_RWS1_Hohenschulen	NT=rhizosphere;AC=ENVO:00005801	NT=agricultural soil;AC=ENVO:00002259	NT=Germany;AC=GAZ:00002646 (54.3122 N, 9.9961 E)	2021	soil profile excavation; spatula sampling within 2 mm of roots/channels	15 cm	Legume/Brassica	Cover crop root channel (CR)	T2: Vegetative stage	Mixture	NT=luvisol;AC=ENVO:00002248	17 sandy loam	not available	agricultural	NT=agricultural field;AC=ENVO:00000114	8.8 oC	806 mm/year	cover crop root channel microbiome	-80 degree C	3	2021_HS_T2_89	proteomic profiling by mass spectrometry	NT=Q Exactive HF;AC=MS:1002523	NT=label free sample;AC=MS:1002038	NT=Carbamidomethyl;AC=UNIMOD:4;TA=C;MT=Fixed	NT=Oxidation;AC=UNIMOD:35;TA=M;MT=Variable	NT=Trypsin;AC=MS:1001251	NT=Data-Dependent Acquisition;AC=PRIDE:0000627	NT=beam-type collision-induced dissociation;AC=MS:1000422	not available	10 ppm	0.02 Da	1	1	2021_HS_T2_89.raw	PRJNA1045860	v1.1.0	NT=ms-proteomics;VV=v1.1.0	NT=metaproteomics;VV=v1.0.0	NT=soil;VV=v1.0.0	manual curation	Legume/Brassica	Cover crop root channel (CR)	15 cm	T2: Vegetative stage
2021_HS_T2_9	T2_BS_0_30cm_Fescue	NT=soil metagenome;AC=NCBITaxon:410658	not applicable	not applicable	not applicable	RootWayS_RWS1_Hohenschulen	NT=rhizosphere;AC=ENVO:00005801	NT=agricultural soil;AC=ENVO:00002259	NT=Germany;AC=GAZ:00002646 (54.3122 N, 9.9961 E)	2021	soil profile excavation; spatula sampling within 2 mm of roots/channels	15 cm	Fescue	Bulk soil (BS)	T2: Vegetative stage	Monoculture	NT=luvisol;AC=ENVO:00002248	17 sandy loam	not available	agricultural	NT=agricultural field;AC=ENVO:00000114	8.8 oC	806 mm/year	bulk soil microbiome	-80 degree C	3	2021_HS_T2_9	proteomic profiling by mass spectrometry	NT=Q Exactive HF;AC=MS:1002523	NT=label free sample;AC=MS:1002038	NT=Carbamidomethyl;AC=UNIMOD:4;TA=C;MT=Fixed	NT=Oxidation;AC=UNIMOD:35;TA=M;MT=Variable	NT=Trypsin;AC=MS:1001251	NT=Data-Dependent Acquisition;AC=PRIDE:0000627	NT=beam-type collision-induced dissociation;AC=MS:1000422	not available	10 ppm	0.02 Da	1	1	2021_HS_T2_9.raw	PRJNA1045860	v1.1.0	NT=ms-proteomics;VV=v1.1.0	NT=metaproteomics;VV=v1.0.0	NT=soil;VV=v1.0.0	manual curation	Fescue	Bulk soil (BS)	15 cm	T2: Vegetative stage
2021_HS_T2_90	T2_MCR_0_30cm_Brassica-Grass	NT=soil metagenome;AC=NCBITaxon:410658	not applicable	not applicable	not applicable	RootWayS_RWS1_Hohenschulen	NT=rhizosphere;AC=ENVO:00005801	NT=agricultural soil;AC=ENVO:00002259	NT=Germany;AC=GAZ:00002646 (54.3122 N, 9.9961 E)	2021	soil profile excavation; spatula sampling within 2 mm of roots/channels	15 cm	Brassica/Grass	Maize root in cover crop root channel (MCR)	T2: Vegetative stage	Mixture	NT=luvisol;AC=ENVO:00002248	17 sandy loam	not available	agricultural	NT=agricultural field;AC=ENVO:00000114	8.8 oC	806 mm/year	maize rhizosphere microbiome (cover crop root channel)	-80 degree C	3	2021_HS_T2_90	proteomic profiling by mass spectrometry	NT=Q Exactive HF;AC=MS:1002523	NT=label free sample;AC=MS:1002038	NT=Carbamidomethyl;AC=UNIMOD:4;TA=C;MT=Fixed	NT=Oxidation;AC=UNIMOD:35;TA=M;MT=Variable	NT=Trypsin;AC=MS:1001251	NT=Data-Dependent Acquisition;AC=PRIDE:0000627	NT=beam-type collision-induced dissociation;AC=MS:1000422	not available	10 ppm	0.02 Da	1	1	2021_HS_T2_90.raw	PRJNA1045860	v1.1.0	NT=ms-proteomics;VV=v1.1.0	NT=metaproteomics;VV=v1.0.0	NT=soil;VV=v1.0.0	manual curation	Brassica/Grass	Maize root in cover crop root channel (MCR)	15 cm	T2: Vegetative stage
2021_HS_T2_91	T2_CR_0_30cm_Brassica-Grass	NT=soil metagenome;AC=NCBITaxon:410658	not applicable	not applicable	not applicable	RootWayS_RWS1_Hohenschulen	NT=rhizosphere;AC=ENVO:00005801	NT=agricultural soil;AC=ENVO:00002259	NT=Germany;AC=GAZ:00002646 (54.3122 N, 9.9961 E)	2021	soil profile excavation; spatula sampling within 2 mm of roots/channels	15 cm	Brassica/Grass	Cover crop root channel (CR)	T2: Vegetative stage	Mixture	NT=luvisol;AC=ENVO:00002248	17 sandy loam	not available	agricultural	NT=agricultural field;AC=ENVO:00000114	8.8 oC	806 mm/year	cover crop root channel microbiome	-80 degree C	3	2021_HS_T2_91	proteomic profiling by mass spectrometry	NT=Q Exactive HF;AC=MS:1002523	NT=label free sample;AC=MS:1002038	NT=Carbamidomethyl;AC=UNIMOD:4;TA=C;MT=Fixed	NT=Oxidation;AC=UNIMOD:35;TA=M;MT=Variable	NT=Trypsin;AC=MS:1001251	NT=Data-Dependent Acquisition;AC=PRIDE:0000627	NT=beam-type collision-induced dissociation;AC=MS:1000422	not available	10 ppm	0.02 Da	1	1	2021_HS_T2_91.raw	PRJNA1045860	v1.1.0	NT=ms-proteomics;VV=v1.1.0	NT=metaproteomics;VV=v1.0.0	NT=soil;VV=v1.0.0	manual curation	Brassica/Grass	Cover crop root channel (CR)	15 cm	T2: Vegetative stage
2021_HS_T2_92	T2_MBS_0_30cm_Legume-Brassica	NT=soil metagenome;AC=NCBITaxon:410658	not applicable	not applicable	not applicable	RootWayS_RWS1_Hohenschulen	NT=rhizosphere;AC=ENVO:00005801	NT=agricultural soil;AC=ENVO:00002259	NT=Germany;AC=GAZ:00002646 (54.3122 N, 9.9961 E)	2021	soil profile excavation; spatula sampling within 2 mm of roots/channels	15 cm	Legume/Brassica	Maize root in bulk soil (MBS)	T2: Vegetative stage	Mixture	NT=luvisol;AC=ENVO:00002248	17 sandy loam	not available	agricultural	NT=agricultural field;AC=ENVO:00000114	8.8 oC	806 mm/year	maize rhizosphere microbiome (bulk soil)	-80 degree C	2	2021_HS_T2_92	proteomic profiling by mass spectrometry	NT=Q Exactive HF;AC=MS:1002523	NT=label free sample;AC=MS:1002038	NT=Carbamidomethyl;AC=UNIMOD:4;TA=C;MT=Fixed	NT=Oxidation;AC=UNIMOD:35;TA=M;MT=Variable	NT=Trypsin;AC=MS:1001251	NT=Data-Dependent Acquisition;AC=PRIDE:0000627	NT=beam-type collision-induced dissociation;AC=MS:1000422	not available	10 ppm	0.02 Da	1	1	2021_HS_T2_92.raw	PRJNA1045860	v1.1.0	NT=ms-proteomics;VV=v1.1.0	NT=metaproteomics;VV=v1.0.0	NT=soil;VV=v1.0.0	manual curation	Legume/Brassica	Maize root in bulk soil (MBS)	15 cm	T2: Vegetative stage
2021_HS_T2_94	T2_MBS_0_30cm_Legume-Brassica	NT=soil metagenome;AC=NCBITaxon:410658	not applicable	not applicable	not applicable	RootWayS_RWS1_Hohenschulen	NT=rhizosphere;AC=ENVO:00005801	NT=agricultural soil;AC=ENVO:00002259	NT=Germany;AC=GAZ:00002646 (54.3122 N, 9.9961 E)	2021	soil profile excavation; spatula sampling within 2 mm of roots/channels	15 cm	Legume/Brassica	Maize root in bulk soil (MBS)	T2: Vegetative stage	Mixture	NT=luvisol;AC=ENVO:00002248	17 sandy loam	not available	agricultural	NT=agricultural field;AC=ENVO:00000114	8.8 oC	806 mm/year	maize rhizosphere microbiome (bulk soil)	-80 degree C	3	2021_HS_T2_94	proteomic profiling by mass spectrometry	NT=Q Exactive HF;AC=MS:1002523	NT=label free sample;AC=MS:1002038	NT=Carbamidomethyl;AC=UNIMOD:4;TA=C;MT=Fixed	NT=Oxidation;AC=UNIMOD:35;TA=M;MT=Variable	NT=Trypsin;AC=MS:1001251	NT=Data-Dependent Acquisition;AC=PRIDE:0000627	NT=beam-type collision-induced dissociation;AC=MS:1000422	not available	10 ppm	0.02 Da	1	1	2021_HS_T2_94.raw	PRJNA1045860	v1.1.0	NT=ms-proteomics;VV=v1.1.0	NT=metaproteomics;VV=v1.0.0	NT=soil;VV=v1.0.0	manual curation	Legume/Brassica	Maize root in bulk soil (MBS)	15 cm	T2: Vegetative stage
2021_HS_T2_95	T2_MBS_0_30cm_Legume-Grass	NT=soil metagenome;AC=NCBITaxon:410658	not applicable	not applicable	not applicable	RootWayS_RWS1_Hohenschulen	NT=rhizosphere;AC=ENVO:00005801	NT=agricultural soil;AC=ENVO:00002259	NT=Germany;AC=GAZ:00002646 (54.3122 N, 9.9961 E)	2021	soil profile excavation; spatula sampling within 2 mm of roots/channels	15 cm	Legume/Grass	Maize root in bulk soil (MBS)	T2: Vegetative stage	Mixture	NT=luvisol;AC=ENVO:00002248	17 sandy loam	not available	agricultural	NT=agricultural field;AC=ENVO:00000114	8.8 oC	806 mm/year	maize rhizosphere microbiome (bulk soil)	-80 degree C	3	2021_HS_T2_95	proteomic profiling by mass spectrometry	NT=Q Exactive HF;AC=MS:1002523	NT=label free sample;AC=MS:1002038	NT=Carbamidomethyl;AC=UNIMOD:4;TA=C;MT=Fixed	NT=Oxidation;AC=UNIMOD:35;TA=M;MT=Variable	NT=Trypsin;AC=MS:1001251	NT=Data-Dependent Acquisition;AC=PRIDE:0000627	NT=beam-type collision-induced dissociation;AC=MS:1000422	not available	10 ppm	0.02 Da	1	1	2021_HS_T2_95.raw	PRJNA1045860	v1.1.0	NT=ms-proteomics;VV=v1.1.0	NT=metaproteomics;VV=v1.0.0	NT=soil;VV=v1.0.0	manual curation	Legume/Grass	Maize root in bulk soil (MBS)	15 cm	T2: Vegetative stage
2021_HS_T2_97	T2_BS_0_30cm_Red_Clover	NT=soil metagenome;AC=NCBITaxon:410658	not applicable	not applicable	not applicable	RootWayS_RWS1_Hohenschulen	NT=rhizosphere;AC=ENVO:00005801	NT=agricultural soil;AC=ENVO:00002259	NT=Germany;AC=GAZ:00002646 (54.3122 N, 9.9961 E)	2021	soil profile excavation; spatula sampling within 2 mm of roots/channels	15 cm	Red Clover	Bulk soil (BS)	T2: Vegetative stage	Monoculture	NT=luvisol;AC=ENVO:00002248	17 sandy loam	not available	agricultural	NT=agricultural field;AC=ENVO:00000114	8.8 oC	806 mm/year	bulk soil microbiome	-80 degree C	3	2021_HS_T2_97	proteomic profiling by mass spectrometry	NT=Q Exactive HF;AC=MS:1002523	NT=label free sample;AC=MS:1002038	NT=Carbamidomethyl;AC=UNIMOD:4;TA=C;MT=Fixed	NT=Oxidation;AC=UNIMOD:35;TA=M;MT=Variable	NT=Trypsin;AC=MS:1001251	NT=Data-Dependent Acquisition;AC=PRIDE:0000627	NT=beam-type collision-induced dissociation;AC=MS:1000422	not available	10 ppm	0.02 Da	1	1	2021_HS_T2_97.raw	PRJNA1045860	v1.1.0	NT=ms-proteomics;VV=v1.1.0	NT=metaproteomics;VV=v1.0.0	NT=soil;VV=v1.0.0	manual curation	Red Clover	Bulk soil (BS)	15 cm	T2: Vegetative stage
2021_HS_T2_98	T2_MCR_0_30cm_Fescue	NT=soil metagenome;AC=NCBITaxon:410658	not applicable	not applicable	not applicable	RootWayS_RWS1_Hohenschulen	NT=rhizosphere;AC=ENVO:00005801	NT=agricultural soil;AC=ENVO:00002259	NT=Germany;AC=GAZ:00002646 (54.3122 N, 9.9961 E)	2021	soil profile excavation; spatula sampling within 2 mm of roots/channels	15 cm	Fescue	Maize root in cover crop root channel (MCR)	T2: Vegetative stage	Monoculture	NT=luvisol;AC=ENVO:00002248	17 sandy loam	not available	agricultural	NT=agricultural field;AC=ENVO:00000114	8.8 oC	806 mm/year	maize rhizosphere microbiome (cover crop root channel)	-80 degree C	3	2021_HS_T2_98	proteomic profiling by mass spectrometry	NT=Q Exactive HF;AC=MS:1002523	NT=label free sample;AC=MS:1002038	NT=Carbamidomethyl;AC=UNIMOD:4;TA=C;MT=Fixed	NT=Oxidation;AC=UNIMOD:35;TA=M;MT=Variable	NT=Trypsin;AC=MS:1001251	NT=Data-Dependent Acquisition;AC=PRIDE:0000627	NT=beam-type collision-induced dissociation;AC=MS:1000422	not available	10 ppm	0.02 Da	1	1	2021_HS_T2_98.raw	PRJNA1045860	v1.1.0	NT=ms-proteomics;VV=v1.1.0	NT=metaproteomics;VV=v1.0.0	NT=soil;VV=v1.0.0	manual curation	Fescue	Maize root in cover crop root channel (MCR)	15 cm	T2: Vegetative stage
2021_HS_T2_99	T2_MBS_0_30cm_Red_Clover	NT=soil metagenome;AC=NCBITaxon:410658	not applicable	not applicable	not applicable	RootWayS_RWS1_Hohenschulen	NT=rhizosphere;AC=ENVO:00005801	NT=agricultural soil;AC=ENVO:00002259	NT=Germany;AC=GAZ:00002646 (54.3122 N, 9.9961 E)	2021	soil profile excavation; spatula sampling within 2 mm of roots/channels	15 cm	Red Clover	Maize root in bulk soil (MBS)	T2: Vegetative stage	Monoculture	NT=luvisol;AC=ENVO:00002248	17 sandy loam	not available	agricultural	NT=agricultural field;AC=ENVO:00000114	8.8 oC	806 mm/year	maize rhizosphere microbiome (bulk soil)	-80 degree C	3	2021_HS_T2_99	proteomic profiling by mass spectrometry	NT=Q Exactive HF;AC=MS:1002523	NT=label free sample;AC=MS:1002038	NT=Carbamidomethyl;AC=UNIMOD:4;TA=C;MT=Fixed	NT=Oxidation;AC=UNIMOD:35;TA=M;MT=Variable	NT=Trypsin;AC=MS:1001251	NT=Data-Dependent Acquisition;AC=PRIDE:0000627	NT=beam-type collision-induced dissociation;AC=MS:1000422	not available	10 ppm	0.02 Da	1	1	2021_HS_T2_99.raw	PRJNA1045860	v1.1.0	NT=ms-proteomics;VV=v1.1.0	NT=metaproteomics;VV=v1.0.0	NT=soil;VV=v1.0.0	manual curation	Red Clover	Maize root in bulk soil (MBS)	15 cm	T2: Vegetative stage
2021_HS_T3_14	T3_MBS_0_30cm_Red_Clover	NT=soil metagenome;AC=NCBITaxon:410658	not applicable	not applicable	not applicable	RootWayS_RWS1_Hohenschulen	NT=rhizosphere;AC=ENVO:00005801	NT=agricultural soil;AC=ENVO:00002259	NT=Germany;AC=GAZ:00002646 (54.3122 N, 9.9961 E)	2021	soil profile excavation; spatula sampling within 2 mm of roots/channels	15 cm	Red Clover	Maize root in bulk soil (MBS)	T3: Bolting	Monoculture	NT=luvisol;AC=ENVO:00002248	17 sandy loam	not available	agricultural	NT=agricultural field;AC=ENVO:00000114	8.8 oC	806 mm/year	maize rhizosphere microbiome (bulk soil)	-80 degree C	1	2021_HS_T3_14	proteomic profiling by mass spectrometry	NT=Q Exactive HF;AC=MS:1002523	NT=label free sample;AC=MS:1002038	NT=Carbamidomethyl;AC=UNIMOD:4;TA=C;MT=Fixed	NT=Oxidation;AC=UNIMOD:35;TA=M;MT=Variable	NT=Trypsin;AC=MS:1001251	NT=Data-Dependent Acquisition;AC=PRIDE:0000627	NT=beam-type collision-induced dissociation;AC=MS:1000422	not available	10 ppm	0.02 Da	1	1	2021_HS_T3_14.raw	PRJNA1045860	v1.1.0	NT=ms-proteomics;VV=v1.1.0	NT=metaproteomics;VV=v1.0.0	NT=soil;VV=v1.0.0	manual curation	Red Clover	Maize root in bulk soil (MBS)	15 cm	T3: Bolting
2021_HS_T3_17	T3_MBS_30_60cm_Red_Clover	NT=soil metagenome;AC=NCBITaxon:410658	not applicable	not applicable	not applicable	RootWayS_RWS1_Hohenschulen	NT=rhizosphere;AC=ENVO:00005801	NT=agricultural soil;AC=ENVO:00002259	NT=Germany;AC=GAZ:00002646 (54.3122 N, 9.9961 E)	2021	soil profile excavation; spatula sampling within 2 mm of roots/channels	45 cm	Red Clover	Maize root in bulk soil (MBS)	T3: Bolting	Monoculture	NT=luvisol;AC=ENVO:00002248	17 sandy loam	not available	agricultural	NT=agricultural field;AC=ENVO:00000114	8.8 oC	806 mm/year	maize rhizosphere microbiome (bulk soil)	-80 degree C	1	2021_HS_T3_17	proteomic profiling by mass spectrometry	NT=Q Exactive HF;AC=MS:1002523	NT=label free sample;AC=MS:1002038	NT=Carbamidomethyl;AC=UNIMOD:4;TA=C;MT=Fixed	NT=Oxidation;AC=UNIMOD:35;TA=M;MT=Variable	NT=Trypsin;AC=MS:1001251	NT=Data-Dependent Acquisition;AC=PRIDE:0000627	NT=beam-type collision-induced dissociation;AC=MS:1000422	not available	10 ppm	0.02 Da	1	1	2021_HS_T3_17.raw	PRJNA1045860	v1.1.0	NT=ms-proteomics;VV=v1.1.0	NT=metaproteomics;VV=v1.0.0	NT=soil;VV=v1.0.0	manual curation	Red Clover	Maize root in bulk soil (MBS)	45 cm	T3: Bolting
2021_HS_T3_18	T3_MCR_0_30cm_Red_Clover	NT=soil metagenome;AC=NCBITaxon:410658	not applicable	not applicable	not applicable	RootWayS_RWS1_Hohenschulen	NT=rhizosphere;AC=ENVO:00005801	NT=agricultural soil;AC=ENVO:00002259	NT=Germany;AC=GAZ:00002646 (54.3122 N, 9.9961 E)	2021	soil profile excavation; spatula sampling within 2 mm of roots/channels	15 cm	Red Clover	Maize root in cover crop root channel (MCR)	T3: Bolting	Monoculture	NT=luvisol;AC=ENVO:00002248	17 sandy loam	not available	agricultural	NT=agricultural field;AC=ENVO:00000114	8.8 oC	806 mm/year	maize rhizosphere microbiome (cover crop root channel)	-80 degree C	1	2021_HS_T3_18	proteomic profiling by mass spectrometry	NT=Q Exactive HF;AC=MS:1002523	NT=label free sample;AC=MS:1002038	NT=Carbamidomethyl;AC=UNIMOD:4;TA=C;MT=Fixed	NT=Oxidation;AC=UNIMOD:35;TA=M;MT=Variable	NT=Trypsin;AC=MS:1001251	NT=Data-Dependent Acquisition;AC=PRIDE:0000627	NT=beam-type collision-induced dissociation;AC=MS:1000422	not available	10 ppm	0.02 Da	1	1	2021_HS_T3_18.raw	PRJNA1045860	v1.1.0	NT=ms-proteomics;VV=v1.1.0	NT=metaproteomics;VV=v1.0.0	NT=soil;VV=v1.0.0	manual curation	Red Clover	Maize root in cover crop root channel (MCR)	15 cm	T3: Bolting
2021_HS_T3_19	T3_CR_0_30cm_Red_Clover	NT=soil metagenome;AC=NCBITaxon:410658	not applicable	not applicable	not applicable	RootWayS_RWS1_Hohenschulen	NT=rhizosphere;AC=ENVO:00005801	NT=agricultural soil;AC=ENVO:00002259	NT=Germany;AC=GAZ:00002646 (54.3122 N, 9.9961 E)	2021	soil profile excavation; spatula sampling within 2 mm of roots/channels	15 cm	Red Clover	Cover crop root channel (CR)	T3: Bolting	Monoculture	NT=luvisol;AC=ENVO:00002248	17 sandy loam	not available	agricultural	NT=agricultural field;AC=ENVO:00000114	8.8 oC	806 mm/year	cover crop root channel microbiome	-80 degree C	1	2021_HS_T3_19	proteomic profiling by mass spectrometry	NT=Q Exactive HF;AC=MS:1002523	NT=label free sample;AC=MS:1002038	NT=Carbamidomethyl;AC=UNIMOD:4;TA=C;MT=Fixed	NT=Oxidation;AC=UNIMOD:35;TA=M;MT=Variable	NT=Trypsin;AC=MS:1001251	NT=Data-Dependent Acquisition;AC=PRIDE:0000627	NT=beam-type collision-induced dissociation;AC=MS:1000422	not available	10 ppm	0.02 Da	1	1	2021_HS_T3_19.raw	PRJNA1045860	v1.1.0	NT=ms-proteomics;VV=v1.1.0	NT=metaproteomics;VV=v1.0.0	NT=soil;VV=v1.0.0	manual curation	Red Clover	Cover crop root channel (CR)	15 cm	T3: Bolting
2021_HS_T3_20	T3_MBS_0_30cm_Red_Clover	NT=soil metagenome;AC=NCBITaxon:410658	not applicable	not applicable	not applicable	RootWayS_RWS1_Hohenschulen	NT=rhizosphere;AC=ENVO:00005801	NT=agricultural soil;AC=ENVO:00002259	NT=Germany;AC=GAZ:00002646 (54.3122 N, 9.9961 E)	2021	soil profile excavation; spatula sampling within 2 mm of roots/channels	15 cm	Red Clover	Maize root in bulk soil (MBS)	T3: Bolting	Monoculture	NT=luvisol;AC=ENVO:00002248	17 sandy loam	not available	agricultural	NT=agricultural field;AC=ENVO:00000114	8.8 oC	806 mm/year	maize rhizosphere microbiome (bulk soil)	-80 degree C	2	2021_HS_T3_20	proteomic profiling by mass spectrometry	NT=Q Exactive HF;AC=MS:1002523	NT=label free sample;AC=MS:1002038	NT=Carbamidomethyl;AC=UNIMOD:4;TA=C;MT=Fixed	NT=Oxidation;AC=UNIMOD:35;TA=M;MT=Variable	NT=Trypsin;AC=MS:1001251	NT=Data-Dependent Acquisition;AC=PRIDE:0000627	NT=beam-type collision-induced dissociation;AC=MS:1000422	not available	10 ppm	0.02 Da	1	1	2021_HS_T3_20.raw	PRJNA1045860	v1.1.0	NT=ms-proteomics;VV=v1.1.0	NT=metaproteomics;VV=v1.0.0	NT=soil;VV=v1.0.0	manual curation	Red Clover	Maize root in bulk soil (MBS)	15 cm	T3: Bolting
2021_HS_T3_22	T3_MBS_30_60cm_Red_Clover	NT=soil metagenome;AC=NCBITaxon:410658	not applicable	not applicable	not applicable	RootWayS_RWS1_Hohenschulen	NT=rhizosphere;AC=ENVO:00005801	NT=agricultural soil;AC=ENVO:00002259	NT=Germany;AC=GAZ:00002646 (54.3122 N, 9.9961 E)	2021	soil profile excavation; spatula sampling within 2 mm of roots/channels	45 cm	Red Clover	Maize root in bulk soil (MBS)	T3: Bolting	Monoculture	NT=luvisol;AC=ENVO:00002248	17 sandy loam	not available	agricultural	NT=agricultural field;AC=ENVO:00000114	8.8 oC	806 mm/year	maize rhizosphere microbiome (bulk soil)	-80 degree C	2	2021_HS_T3_22	proteomic profiling by mass spectrometry	NT=Q Exactive HF;AC=MS:1002523	NT=label free sample;AC=MS:1002038	NT=Carbamidomethyl;AC=UNIMOD:4;TA=C;MT=Fixed	NT=Oxidation;AC=UNIMOD:35;TA=M;MT=Variable	NT=Trypsin;AC=MS:1001251	NT=Data-Dependent Acquisition;AC=PRIDE:0000627	NT=beam-type collision-induced dissociation;AC=MS:1000422	not available	10 ppm	0.02 Da	1	1	2021_HS_T3_22.raw	PRJNA1045860	v1.1.0	NT=ms-proteomics;VV=v1.1.0	NT=metaproteomics;VV=v1.0.0	NT=soil;VV=v1.0.0	manual curation	Red Clover	Maize root in bulk soil (MBS)	45 cm	T3: Bolting
2021_HS_T3_24	T3_CR_0_30cm_Oil_Radish	NT=soil metagenome;AC=NCBITaxon:410658	not applicable	not applicable	not applicable	RootWayS_RWS1_Hohenschulen	NT=rhizosphere;AC=ENVO:00005801	NT=agricultural soil;AC=ENVO:00002259	NT=Germany;AC=GAZ:00002646 (54.3122 N, 9.9961 E)	2021	soil profile excavation; spatula sampling within 2 mm of roots/channels	15 cm	Oil Radish	Cover crop root channel (CR)	T3: Bolting	Monoculture	NT=luvisol;AC=ENVO:00002248	17 sandy loam	not available	agricultural	NT=agricultural field;AC=ENVO:00000114	8.8 oC	806 mm/year	cover crop root channel microbiome	-80 degree C	1	2021_HS_T3_24	proteomic profiling by mass spectrometry	NT=Q Exactive HF;AC=MS:1002523	NT=label free sample;AC=MS:1002038	NT=Carbamidomethyl;AC=UNIMOD:4;TA=C;MT=Fixed	NT=Oxidation;AC=UNIMOD:35;TA=M;MT=Variable	NT=Trypsin;AC=MS:1001251	NT=Data-Dependent Acquisition;AC=PRIDE:0000627	NT=beam-type collision-induced dissociation;AC=MS:1000422	not available	10 ppm	0.02 Da	1	1	2021_HS_T3_24.raw	PRJNA1045860	v1.1.0	NT=ms-proteomics;VV=v1.1.0	NT=metaproteomics;VV=v1.0.0	NT=soil;VV=v1.0.0	manual curation	Oil Radish	Cover crop root channel (CR)	15 cm	T3: Bolting
2021_HS_T3_25	T3_MBS_0_30cm_Oil_Radish	NT=soil metagenome;AC=NCBITaxon:410658	not applicable	not applicable	not applicable	RootWayS_RWS1_Hohenschulen	NT=rhizosphere;AC=ENVO:00005801	NT=agricultural soil;AC=ENVO:00002259	NT=Germany;AC=GAZ:00002646 (54.3122 N, 9.9961 E)	2021	soil profile excavation; spatula sampling within 2 mm of roots/channels	15 cm	Oil Radish	Maize root in bulk soil (MBS)	T3: Bolting	Monoculture	NT=luvisol;AC=ENVO:00002248	17 sandy loam	not available	agricultural	NT=agricultural field;AC=ENVO:00000114	8.8 oC	806 mm/year	maize rhizosphere microbiome (bulk soil)	-80 degree C	1	2021_HS_T3_25	proteomic profiling by mass spectrometry	NT=Q Exactive HF;AC=MS:1002523	NT=label free sample;AC=MS:1002038	NT=Carbamidomethyl;AC=UNIMOD:4;TA=C;MT=Fixed	NT=Oxidation;AC=UNIMOD:35;TA=M;MT=Variable	NT=Trypsin;AC=MS:1001251	NT=Data-Dependent Acquisition;AC=PRIDE:0000627	NT=beam-type collision-induced dissociation;AC=MS:1000422	not available	10 ppm	0.02 Da	1	1	2021_HS_T3_25.raw	PRJNA1045860	v1.1.0	NT=ms-proteomics;VV=v1.1.0	NT=metaproteomics;VV=v1.0.0	NT=soil;VV=v1.0.0	manual curation	Oil Radish	Maize root in bulk soil (MBS)	15 cm	T3: Bolting
2021_HS_T3_27	T3_MBS_30_60cm_Oil_Radish	NT=soil metagenome;AC=NCBITaxon:410658	not applicable	not applicable	not applicable	RootWayS_RWS1_Hohenschulen	NT=rhizosphere;AC=ENVO:00005801	NT=agricultural soil;AC=ENVO:00002259	NT=Germany;AC=GAZ:00002646 (54.3122 N, 9.9961 E)	2021	soil profile excavation; spatula sampling within 2 mm of roots/channels	45 cm	Oil Radish	Maize root in bulk soil (MBS)	T3: Bolting	Monoculture	NT=luvisol;AC=ENVO:00002248	17 sandy loam	not available	agricultural	NT=agricultural field;AC=ENVO:00000114	8.8 oC	806 mm/year	maize rhizosphere microbiome (bulk soil)	-80 degree C	1	2021_HS_T3_27	proteomic profiling by mass spectrometry	NT=Q Exactive HF;AC=MS:1002523	NT=label free sample;AC=MS:1002038	NT=Carbamidomethyl;AC=UNIMOD:4;TA=C;MT=Fixed	NT=Oxidation;AC=UNIMOD:35;TA=M;MT=Variable	NT=Trypsin;AC=MS:1001251	NT=Data-Dependent Acquisition;AC=PRIDE:0000627	NT=beam-type collision-induced dissociation;AC=MS:1000422	not available	10 ppm	0.02 Da	1	1	2021_HS_T3_27.raw	PRJNA1045860	v1.1.0	NT=ms-proteomics;VV=v1.1.0	NT=metaproteomics;VV=v1.0.0	NT=soil;VV=v1.0.0	manual curation	Oil Radish	Maize root in bulk soil (MBS)	45 cm	T3: Bolting
2021_HS_T3_3	T3_BS_0_30cm_Control	NT=soil metagenome;AC=NCBITaxon:410658	not applicable	not applicable	not applicable	RootWayS_RWS1_Hohenschulen	NT=rhizosphere;AC=ENVO:00005801	NT=agricultural soil;AC=ENVO:00002259	NT=Germany;AC=GAZ:00002646 (54.3122 N, 9.9961 E)	2021	soil profile excavation; spatula sampling within 2 mm of roots/channels	15 cm	Control	Bulk soil (BS)	T3: Bolting	No cover crop	NT=luvisol;AC=ENVO:00002248	17 sandy loam	not available	agricultural	NT=agricultural field;AC=ENVO:00000114	8.8 oC	806 mm/year	bulk soil microbiome	-80 degree C	1	2021_HS_T3_3	proteomic profiling by mass spectrometry	NT=Q Exactive HF;AC=MS:1002523	NT=label free sample;AC=MS:1002038	NT=Carbamidomethyl;AC=UNIMOD:4;TA=C;MT=Fixed	NT=Oxidation;AC=UNIMOD:35;TA=M;MT=Variable	NT=Trypsin;AC=MS:1001251	NT=Data-Dependent Acquisition;AC=PRIDE:0000627	NT=beam-type collision-induced dissociation;AC=MS:1000422	not available	10 ppm	0.02 Da	1	1	2021_HS_T3_3.raw	PRJNA1045860	v1.1.0	NT=ms-proteomics;VV=v1.1.0	NT=metaproteomics;VV=v1.0.0	NT=soil;VV=v1.0.0	manual curation	Control	Bulk soil (BS)	15 cm	T3: Bolting
2021_HS_T3_33	T3_MBS_30_60cm_Oil_Radish	NT=soil metagenome;AC=NCBITaxon:410658	not applicable	not applicable	not applicable	RootWayS_RWS1_Hohenschulen	NT=rhizosphere;AC=ENVO:00005801	NT=agricultural soil;AC=ENVO:00002259	NT=Germany;AC=GAZ:00002646 (54.3122 N, 9.9961 E)	2021	soil profile excavation; spatula sampling within 2 mm of roots/channels	45 cm	Oil Radish	Maize root in bulk soil (MBS)	T3: Bolting	Monoculture	NT=luvisol;AC=ENVO:00002248	17 sandy loam	not available	agricultural	NT=agricultural field;AC=ENVO:00000114	8.8 oC	806 mm/year	maize rhizosphere microbiome (bulk soil)	-80 degree C	2	2021_HS_T3_33	proteomic profiling by mass spectrometry	NT=Q Exactive HF;AC=MS:1002523	NT=label free sample;AC=MS:1002038	NT=Carbamidomethyl;AC=UNIMOD:4;TA=C;MT=Fixed	NT=Oxidation;AC=UNIMOD:35;TA=M;MT=Variable	NT=Trypsin;AC=MS:1001251	NT=Data-Dependent Acquisition;AC=PRIDE:0000627	NT=beam-type collision-induced dissociation;AC=MS:1000422	not available	10 ppm	0.02 Da	1	1	2021_HS_T3_33.raw	PRJNA1045860	v1.1.0	NT=ms-proteomics;VV=v1.1.0	NT=metaproteomics;VV=v1.0.0	NT=soil;VV=v1.0.0	manual curation	Oil Radish	Maize root in bulk soil (MBS)	45 cm	T3: Bolting
2021_HS_T3_34	T3_MCR_0_30cm_Oil_Radish	NT=soil metagenome;AC=NCBITaxon:410658	not applicable	not applicable	not applicable	RootWayS_RWS1_Hohenschulen	NT=rhizosphere;AC=ENVO:00005801	NT=agricultural soil;AC=ENVO:00002259	NT=Germany;AC=GAZ:00002646 (54.3122 N, 9.9961 E)	2021	soil profile excavation; spatula sampling within 2 mm of roots/channels	15 cm	Oil Radish	Maize root in cover crop root channel (MCR)	T3: Bolting	Monoculture	NT=luvisol;AC=ENVO:00002248	17 sandy loam	not available	agricultural	NT=agricultural field;AC=ENVO:00000114	8.8 oC	806 mm/year	maize rhizosphere microbiome (cover crop root channel)	-80 degree C	1	2021_HS_T3_34	proteomic profiling by mass spectrometry	NT=Q Exactive HF;AC=MS:1002523	NT=label free sample;AC=MS:1002038	NT=Carbamidomethyl;AC=UNIMOD:4;TA=C;MT=Fixed	NT=Oxidation;AC=UNIMOD:35;TA=M;MT=Variable	NT=Trypsin;AC=MS:1001251	NT=Data-Dependent Acquisition;AC=PRIDE:0000627	NT=beam-type collision-induced dissociation;AC=MS:1000422	not available	10 ppm	0.02 Da	1	1	2021_HS_T3_34.raw	PRJNA1045860	v1.1.0	NT=ms-proteomics;VV=v1.1.0	NT=metaproteomics;VV=v1.0.0	NT=soil;VV=v1.0.0	manual curation	Oil Radish	Maize root in cover crop root channel (MCR)	15 cm	T3: Bolting
2021_HS_T3_37	T3_CR_30_60cm_Oil_Radish	NT=soil metagenome;AC=NCBITaxon:410658	not applicable	not applicable	not applicable	RootWayS_RWS1_Hohenschulen	NT=rhizosphere;AC=ENVO:00005801	NT=agricultural soil;AC=ENVO:00002259	NT=Germany;AC=GAZ:00002646 (54.3122 N, 9.9961 E)	2021	soil profile excavation; spatula sampling within 2 mm of roots/channels	45 cm	Oil Radish	Cover crop root channel (CR)	T3: Bolting	Monoculture	NT=luvisol;AC=ENVO:00002248	17 sandy loam	not available	agricultural	NT=agricultural field;AC=ENVO:00000114	8.8 oC	806 mm/year	cover crop root channel microbiome	-80 degree C	1	2021_HS_T3_37	proteomic profiling by mass spectrometry	NT=Q Exactive HF;AC=MS:1002523	NT=label free sample;AC=MS:1002038	NT=Carbamidomethyl;AC=UNIMOD:4;TA=C;MT=Fixed	NT=Oxidation;AC=UNIMOD:35;TA=M;MT=Variable	NT=Trypsin;AC=MS:1001251	NT=Data-Dependent Acquisition;AC=PRIDE:0000627	NT=beam-type collision-induced dissociation;AC=MS:1000422	not available	10 ppm	0.02 Da	1	1	2021_HS_T3_37.raw	PRJNA1045860	v1.1.0	NT=ms-proteomics;VV=v1.1.0	NT=metaproteomics;VV=v1.0.0	NT=soil;VV=v1.0.0	manual curation	Oil Radish	Cover crop root channel (CR)	45 cm	T3: Bolting
2021_HS_T3_38	T3_MBS_30_60cm_Oil_Radish	NT=soil metagenome;AC=NCBITaxon:410658	not applicable	not applicable	not applicable	RootWayS_RWS1_Hohenschulen	NT=rhizosphere;AC=ENVO:00005801	NT=agricultural soil;AC=ENVO:00002259	NT=Germany;AC=GAZ:00002646 (54.3122 N, 9.9961 E)	2021	soil profile excavation; spatula sampling within 2 mm of roots/channels	45 cm	Oil Radish	Maize root in bulk soil (MBS)	T3: Bolting	Monoculture	NT=luvisol;AC=ENVO:00002248	17 sandy loam	not available	agricultural	NT=agricultural field;AC=ENVO:00000114	8.8 oC	806 mm/year	maize rhizosphere microbiome (bulk soil)	-80 degree C	3	2021_HS_T3_38	proteomic profiling by mass spectrometry	NT=Q Exactive HF;AC=MS:1002523	NT=label free sample;AC=MS:1002038	NT=Carbamidomethyl;AC=UNIMOD:4;TA=C;MT=Fixed	NT=Oxidation;AC=UNIMOD:35;TA=M;MT=Variable	NT=Trypsin;AC=MS:1001251	NT=Data-Dependent Acquisition;AC=PRIDE:0000627	NT=beam-type collision-induced dissociation;AC=MS:1000422	not available	10 ppm	0.02 Da	1	1	2021_HS_T3_38.raw	PRJNA1045860	v1.1.0	NT=ms-proteomics;VV=v1.1.0	NT=metaproteomics;VV=v1.0.0	NT=soil;VV=v1.0.0	manual curation	Oil Radish	Maize root in bulk soil (MBS)	45 cm	T3: Bolting
2021_HS_T3_41	T3_MBS_0_30cm_Fescue	NT=soil metagenome;AC=NCBITaxon:410658	not applicable	not applicable	not applicable	RootWayS_RWS1_Hohenschulen	NT=rhizosphere;AC=ENVO:00005801	NT=agricultural soil;AC=ENVO:00002259	NT=Germany;AC=GAZ:00002646 (54.3122 N, 9.9961 E)	2021	soil profile excavation; spatula sampling within 2 mm of roots/channels	15 cm	Fescue	Maize root in bulk soil (MBS)	T3: Bolting	Monoculture	NT=luvisol;AC=ENVO:00002248	17 sandy loam	not available	agricultural	NT=agricultural field;AC=ENVO:00000114	8.8 oC	806 mm/year	maize rhizosphere microbiome (bulk soil)	-80 degree C	1	2021_HS_T3_41	proteomic profiling by mass spectrometry	NT=Q Exactive HF;AC=MS:1002523	NT=label free sample;AC=MS:1002038	NT=Carbamidomethyl;AC=UNIMOD:4;TA=C;MT=Fixed	NT=Oxidation;AC=UNIMOD:35;TA=M;MT=Variable	NT=Trypsin;AC=MS:1001251	NT=Data-Dependent Acquisition;AC=PRIDE:0000627	NT=beam-type collision-induced dissociation;AC=MS:1000422	not available	10 ppm	0.02 Da	1	1	2021_HS_T3_41.raw	PRJNA1045860	v1.1.0	NT=ms-proteomics;VV=v1.1.0	NT=metaproteomics;VV=v1.0.0	NT=soil;VV=v1.0.0	manual curation	Fescue	Maize root in bulk soil (MBS)	15 cm	T3: Bolting
2021_HS_T3_42	T3_MCR_30_60cm_Fescue	NT=soil metagenome;AC=NCBITaxon:410658	not applicable	not applicable	not applicable	RootWayS_RWS1_Hohenschulen	NT=rhizosphere;AC=ENVO:00005801	NT=agricultural soil;AC=ENVO:00002259	NT=Germany;AC=GAZ:00002646 (54.3122 N, 9.9961 E)	2021	soil profile excavation; spatula sampling within 2 mm of roots/channels	45 cm	Fescue	Maize root in cover crop root channel (MCR)	T3: Bolting	Monoculture	NT=luvisol;AC=ENVO:00002248	17 sandy loam	not available	agricultural	NT=agricultural field;AC=ENVO:00000114	8.8 oC	806 mm/year	maize rhizosphere microbiome (cover crop root channel)	-80 degree C	1	2021_HS_T3_42	proteomic profiling by mass spectrometry	NT=Q Exactive HF;AC=MS:1002523	NT=label free sample;AC=MS:1002038	NT=Carbamidomethyl;AC=UNIMOD:4;TA=C;MT=Fixed	NT=Oxidation;AC=UNIMOD:35;TA=M;MT=Variable	NT=Trypsin;AC=MS:1001251	NT=Data-Dependent Acquisition;AC=PRIDE:0000627	NT=beam-type collision-induced dissociation;AC=MS:1000422	not available	10 ppm	0.02 Da	1	1	2021_HS_T3_42.raw	PRJNA1045860	v1.1.0	NT=ms-proteomics;VV=v1.1.0	NT=metaproteomics;VV=v1.0.0	NT=soil;VV=v1.0.0	manual curation	Fescue	Maize root in cover crop root channel (MCR)	45 cm	T3: Bolting
2021_HS_T3_43	T3_CR_30_60cm_Fescue	NT=soil metagenome;AC=NCBITaxon:410658	not applicable	not applicable	not applicable	RootWayS_RWS1_Hohenschulen	NT=rhizosphere;AC=ENVO:00005801	NT=agricultural soil;AC=ENVO:00002259	NT=Germany;AC=GAZ:00002646 (54.3122 N, 9.9961 E)	2021	soil profile excavation; spatula sampling within 2 mm of roots/channels	45 cm	Fescue	Cover crop root channel (CR)	T3: Bolting	Monoculture	NT=luvisol;AC=ENVO:00002248	17 sandy loam	not available	agricultural	NT=agricultural field;AC=ENVO:00000114	8.8 oC	806 mm/year	cover crop root channel microbiome	-80 degree C	1	2021_HS_T3_43	proteomic profiling by mass spectrometry	NT=Q Exactive HF;AC=MS:1002523	NT=label free sample;AC=MS:1002038	NT=Carbamidomethyl;AC=UNIMOD:4;TA=C;MT=Fixed	NT=Oxidation;AC=UNIMOD:35;TA=M;MT=Variable	NT=Trypsin;AC=MS:1001251	NT=Data-Dependent Acquisition;AC=PRIDE:0000627	NT=beam-type collision-induced dissociation;AC=MS:1000422	not available	10 ppm	0.02 Da	1	1	2021_HS_T3_43.raw	PRJNA1045860	v1.1.0	NT=ms-proteomics;VV=v1.1.0	NT=metaproteomics;VV=v1.0.0	NT=soil;VV=v1.0.0	manual curation	Fescue	Cover crop root channel (CR)	45 cm	T3: Bolting
2021_HS_T3_44	T3_MBS_30_60cm_Fescue	NT=soil metagenome;AC=NCBITaxon:410658	not applicable	not applicable	not applicable	RootWayS_RWS1_Hohenschulen	NT=rhizosphere;AC=ENVO:00005801	NT=agricultural soil;AC=ENVO:00002259	NT=Germany;AC=GAZ:00002646 (54.3122 N, 9.9961 E)	2021	soil profile excavation; spatula sampling within 2 mm of roots/channels	45 cm	Fescue	Maize root in bulk soil (MBS)	T3: Bolting	Monoculture	NT=luvisol;AC=ENVO:00002248	17 sandy loam	not available	agricultural	NT=agricultural field;AC=ENVO:00000114	8.8 oC	806 mm/year	maize rhizosphere microbiome (bulk soil)	-80 degree C	1	2021_HS_T3_44	proteomic profiling by mass spectrometry	NT=Q Exactive HF;AC=MS:1002523	NT=label free sample;AC=MS:1002038	NT=Carbamidomethyl;AC=UNIMOD:4;TA=C;MT=Fixed	NT=Oxidation;AC=UNIMOD:35;TA=M;MT=Variable	NT=Trypsin;AC=MS:1001251	NT=Data-Dependent Acquisition;AC=PRIDE:0000627	NT=beam-type collision-induced dissociation;AC=MS:1000422	not available	10 ppm	0.02 Da	1	1	2021_HS_T3_44.raw	PRJNA1045860	v1.1.0	NT=ms-proteomics;VV=v1.1.0	NT=metaproteomics;VV=v1.0.0	NT=soil;VV=v1.0.0	manual curation	Fescue	Maize root in bulk soil (MBS)	45 cm	T3: Bolting
2021_HS_T3_47	T3_MBS_0_30cm_Fescue	NT=soil metagenome;AC=NCBITaxon:410658	not applicable	not applicable	not applicable	RootWayS_RWS1_Hohenschulen	NT=rhizosphere;AC=ENVO:00005801	NT=agricultural soil;AC=ENVO:00002259	NT=Germany;AC=GAZ:00002646 (54.3122 N, 9.9961 E)	2021	soil profile excavation; spatula sampling within 2 mm of roots/channels	15 cm	Fescue	Maize root in bulk soil (MBS)	T3: Bolting	Monoculture	NT=luvisol;AC=ENVO:00002248	17 sandy loam	not available	agricultural	NT=agricultural field;AC=ENVO:00000114	8.8 oC	806 mm/year	maize rhizosphere microbiome (bulk soil)	-80 degree C	2	2021_HS_T3_47	proteomic profiling by mass spectrometry	NT=Q Exactive HF;AC=MS:1002523	NT=label free sample;AC=MS:1002038	NT=Carbamidomethyl;AC=UNIMOD:4;TA=C;MT=Fixed	NT=Oxidation;AC=UNIMOD:35;TA=M;MT=Variable	NT=Trypsin;AC=MS:1001251	NT=Data-Dependent Acquisition;AC=PRIDE:0000627	NT=beam-type collision-induced dissociation;AC=MS:1000422	not available	10 ppm	0.02 Da	1	1	2021_HS_T3_47.raw	PRJNA1045860	v1.1.0	NT=ms-proteomics;VV=v1.1.0	NT=metaproteomics;VV=v1.0.0	NT=soil;VV=v1.0.0	manual curation	Fescue	Maize root in bulk soil (MBS)	15 cm	T3: Bolting
2021_HS_T3_48	T3_MCR_30_60cm_Fescue	NT=soil metagenome;AC=NCBITaxon:410658	not applicable	not applicable	not applicable	RootWayS_RWS1_Hohenschulen	NT=rhizosphere;AC=ENVO:00005801	NT=agricultural soil;AC=ENVO:00002259	NT=Germany;AC=GAZ:00002646 (54.3122 N, 9.9961 E)	2021	soil profile excavation; spatula sampling within 2 mm of roots/channels	45 cm	Fescue	Maize root in cover crop root channel (MCR)	T3: Bolting	Monoculture	NT=luvisol;AC=ENVO:00002248	17 sandy loam	not available	agricultural	NT=agricultural field;AC=ENVO:00000114	8.8 oC	806 mm/year	maize rhizosphere microbiome (cover crop root channel)	-80 degree C	2	2021_HS_T3_48	proteomic profiling by mass spectrometry	NT=Q Exactive HF;AC=MS:1002523	NT=label free sample;AC=MS:1002038	NT=Carbamidomethyl;AC=UNIMOD:4;TA=C;MT=Fixed	NT=Oxidation;AC=UNIMOD:35;TA=M;MT=Variable	NT=Trypsin;AC=MS:1001251	NT=Data-Dependent Acquisition;AC=PRIDE:0000627	NT=beam-type collision-induced dissociation;AC=MS:1000422	not available	10 ppm	0.02 Da	1	1	2021_HS_T3_48.raw	PRJNA1045860	v1.1.0	NT=ms-proteomics;VV=v1.1.0	NT=metaproteomics;VV=v1.0.0	NT=soil;VV=v1.0.0	manual curation	Fescue	Maize root in cover crop root channel (MCR)	45 cm	T3: Bolting
2021_HS_T3_49	T3_CR_30_60cm_Fescue	NT=soil metagenome;AC=NCBITaxon:410658	not applicable	not applicable	not applicable	RootWayS_RWS1_Hohenschulen	NT=rhizosphere;AC=ENVO:00005801	NT=agricultural soil;AC=ENVO:00002259	NT=Germany;AC=GAZ:00002646 (54.3122 N, 9.9961 E)	2021	soil profile excavation; spatula sampling within 2 mm of roots/channels	45 cm	Fescue	Cover crop root channel (CR)	T3: Bolting	Monoculture	NT=luvisol;AC=ENVO:00002248	17 sandy loam	not available	agricultural	NT=agricultural field;AC=ENVO:00000114	8.8 oC	806 mm/year	cover crop root channel microbiome	-80 degree C	2	2021_HS_T3_49	proteomic profiling by mass spectrometry	NT=Q Exactive HF;AC=MS:1002523	NT=label free sample;AC=MS:1002038	NT=Carbamidomethyl;AC=UNIMOD:4;TA=C;MT=Fixed	NT=Oxidation;AC=UNIMOD:35;TA=M;MT=Variable	NT=Trypsin;AC=MS:1001251	NT=Data-Dependent Acquisition;AC=PRIDE:0000627	NT=beam-type collision-induced dissociation;AC=MS:1000422	not available	10 ppm	0.02 Da	1	1	2021_HS_T3_49.raw	PRJNA1045860	v1.1.0	NT=ms-proteomics;VV=v1.1.0	NT=metaproteomics;VV=v1.0.0	NT=soil;VV=v1.0.0	manual curation	Fescue	Cover crop root channel (CR)	45 cm	T3: Bolting
2021_HS_T3_50	T3_MBS_30_60cm_Fescue	NT=soil metagenome;AC=NCBITaxon:410658	not applicable	not applicable	not applicable	RootWayS_RWS1_Hohenschulen	NT=rhizosphere;AC=ENVO:00005801	NT=agricultural soil;AC=ENVO:00002259	NT=Germany;AC=GAZ:00002646 (54.3122 N, 9.9961 E)	2021	soil profile excavation; spatula sampling within 2 mm of roots/channels	45 cm	Fescue	Maize root in bulk soil (MBS)	T3: Bolting	Monoculture	NT=luvisol;AC=ENVO:00002248	17 sandy loam	not available	agricultural	NT=agricultural field;AC=ENVO:00000114	8.8 oC	806 mm/year	maize rhizosphere microbiome (bulk soil)	-80 degree C	2	2021_HS_T3_50	proteomic profiling by mass spectrometry	NT=Q Exactive HF;AC=MS:1002523	NT=label free sample;AC=MS:1002038	NT=Carbamidomethyl;AC=UNIMOD:4;TA=C;MT=Fixed	NT=Oxidation;AC=UNIMOD:35;TA=M;MT=Variable	NT=Trypsin;AC=MS:1001251	NT=Data-Dependent Acquisition;AC=PRIDE:0000627	NT=beam-type collision-induced dissociation;AC=MS:1000422	not available	10 ppm	0.02 Da	1	1	2021_HS_T3_50.raw	PRJNA1045860	v1.1.0	NT=ms-proteomics;VV=v1.1.0	NT=metaproteomics;VV=v1.0.0	NT=soil;VV=v1.0.0	manual curation	Fescue	Maize root in bulk soil (MBS)	45 cm	T3: Bolting
2021_HS_T3_53	T3_MBS_0_30cm_Fescue	NT=soil metagenome;AC=NCBITaxon:410658	not applicable	not applicable	not applicable	RootWayS_RWS1_Hohenschulen	NT=rhizosphere;AC=ENVO:00005801	NT=agricultural soil;AC=ENVO:00002259	NT=Germany;AC=GAZ:00002646 (54.3122 N, 9.9961 E)	2021	soil profile excavation; spatula sampling within 2 mm of roots/channels	15 cm	Fescue	Maize root in bulk soil (MBS)	T3: Bolting	Monoculture	NT=luvisol;AC=ENVO:00002248	17 sandy loam	not available	agricultural	NT=agricultural field;AC=ENVO:00000114	8.8 oC	806 mm/year	maize rhizosphere microbiome (bulk soil)	-80 degree C	3	2021_HS_T3_53	proteomic profiling by mass spectrometry	NT=Q Exactive HF;AC=MS:1002523	NT=label free sample;AC=MS:1002038	NT=Carbamidomethyl;AC=UNIMOD:4;TA=C;MT=Fixed	NT=Oxidation;AC=UNIMOD:35;TA=M;MT=Variable	NT=Trypsin;AC=MS:1001251	NT=Data-Dependent Acquisition;AC=PRIDE:0000627	NT=beam-type collision-induced dissociation;AC=MS:1000422	not available	10 ppm	0.02 Da	1	1	2021_HS_T3_53.raw	PRJNA1045860	v1.1.0	NT=ms-proteomics;VV=v1.1.0	NT=metaproteomics;VV=v1.0.0	NT=soil;VV=v1.0.0	manual curation	Fescue	Maize root in bulk soil (MBS)	15 cm	T3: Bolting
2021_HS_T3_54	T3_MCR_30_60cm_Fescue	NT=soil metagenome;AC=NCBITaxon:410658	not applicable	not applicable	not applicable	RootWayS_RWS1_Hohenschulen	NT=rhizosphere;AC=ENVO:00005801	NT=agricultural soil;AC=ENVO:00002259	NT=Germany;AC=GAZ:00002646 (54.3122 N, 9.9961 E)	2021	soil profile excavation; spatula sampling within 2 mm of roots/channels	45 cm	Fescue	Maize root in cover crop root channel (MCR)	T3: Bolting	Monoculture	NT=luvisol;AC=ENVO:00002248	17 sandy loam	not available	agricultural	NT=agricultural field;AC=ENVO:00000114	8.8 oC	806 mm/year	maize rhizosphere microbiome (cover crop root channel)	-80 degree C	3	2021_HS_T3_54	proteomic profiling by mass spectrometry	NT=Q Exactive HF;AC=MS:1002523	NT=label free sample;AC=MS:1002038	NT=Carbamidomethyl;AC=UNIMOD:4;TA=C;MT=Fixed	NT=Oxidation;AC=UNIMOD:35;TA=M;MT=Variable	NT=Trypsin;AC=MS:1001251	NT=Data-Dependent Acquisition;AC=PRIDE:0000627	NT=beam-type collision-induced dissociation;AC=MS:1000422	not available	10 ppm	0.02 Da	1	1	2021_HS_T3_54.raw	PRJNA1045860	v1.1.0	NT=ms-proteomics;VV=v1.1.0	NT=metaproteomics;VV=v1.0.0	NT=soil;VV=v1.0.0	manual curation	Fescue	Maize root in cover crop root channel (MCR)	45 cm	T3: Bolting
2021_HS_T3_55	T3_CR_30_60cm_Fescue	NT=soil metagenome;AC=NCBITaxon:410658	not applicable	not applicable	not applicable	RootWayS_RWS1_Hohenschulen	NT=rhizosphere;AC=ENVO:00005801	NT=agricultural soil;AC=ENVO:00002259	NT=Germany;AC=GAZ:00002646 (54.3122 N, 9.9961 E)	2021	soil profile excavation; spatula sampling within 2 mm of roots/channels	45 cm	Fescue	Cover crop root channel (CR)	T3: Bolting	Monoculture	NT=luvisol;AC=ENVO:00002248	17 sandy loam	not available	agricultural	NT=agricultural field;AC=ENVO:00000114	8.8 oC	806 mm/year	cover crop root channel microbiome	-80 degree C	3	2021_HS_T3_55	proteomic profiling by mass spectrometry	NT=Q Exactive HF;AC=MS:1002523	NT=label free sample;AC=MS:1002038	NT=Carbamidomethyl;AC=UNIMOD:4;TA=C;MT=Fixed	NT=Oxidation;AC=UNIMOD:35;TA=M;MT=Variable	NT=Trypsin;AC=MS:1001251	NT=Data-Dependent Acquisition;AC=PRIDE:0000627	NT=beam-type collision-induced dissociation;AC=MS:1000422	not available	10 ppm	0.02 Da	1	1	2021_HS_T3_55.raw	PRJNA1045860	v1.1.0	NT=ms-proteomics;VV=v1.1.0	NT=metaproteomics;VV=v1.0.0	NT=soil;VV=v1.0.0	manual curation	Fescue	Cover crop root channel (CR)	45 cm	T3: Bolting
2021_HS_T3_6	T3_BS_30_60cm_Control	NT=soil metagenome;AC=NCBITaxon:410658	not applicable	not applicable	not applicable	RootWayS_RWS1_Hohenschulen	NT=rhizosphere;AC=ENVO:00005801	NT=agricultural soil;AC=ENVO:00002259	NT=Germany;AC=GAZ:00002646 (54.3122 N, 9.9961 E)	2021	soil profile excavation; spatula sampling within 2 mm of roots/channels	45 cm	Control	Bulk soil (BS)	T3: Bolting	No cover crop	NT=luvisol;AC=ENVO:00002248	17 sandy loam	not available	agricultural	NT=agricultural field;AC=ENVO:00000114	8.8 oC	806 mm/year	bulk soil microbiome	-80 degree C	1	2021_HS_T3_6	proteomic profiling by mass spectrometry	NT=Q Exactive HF;AC=MS:1002523	NT=label free sample;AC=MS:1002038	NT=Carbamidomethyl;AC=UNIMOD:4;TA=C;MT=Fixed	NT=Oxidation;AC=UNIMOD:35;TA=M;MT=Variable	NT=Trypsin;AC=MS:1001251	NT=Data-Dependent Acquisition;AC=PRIDE:0000627	NT=beam-type collision-induced dissociation;AC=MS:1000422	not available	10 ppm	0.02 Da	1	1	2021_HS_T3_6.raw	PRJNA1045860	v1.1.0	NT=ms-proteomics;VV=v1.1.0	NT=metaproteomics;VV=v1.0.0	NT=soil;VV=v1.0.0	manual curation	Control	Bulk soil (BS)	45 cm	T3: Bolting
2021_HS_T3_7	T3_MCR_0_30cm_Red_Clover	NT=soil metagenome;AC=NCBITaxon:410658	not applicable	not applicable	not applicable	RootWayS_RWS1_Hohenschulen	NT=rhizosphere;AC=ENVO:00005801	NT=agricultural soil;AC=ENVO:00002259	NT=Germany;AC=GAZ:00002646 (54.3122 N, 9.9961 E)	2021	soil profile excavation; spatula sampling within 2 mm of roots/channels	15 cm	Red Clover	Maize root in cover crop root channel (MCR)	T3: Bolting	Monoculture	NT=luvisol;AC=ENVO:00002248	17 sandy loam	not available	agricultural	NT=agricultural field;AC=ENVO:00000114	8.8 oC	806 mm/year	maize rhizosphere microbiome (cover crop root channel)	-80 degree C	2	2021_HS_T3_7	proteomic profiling by mass spectrometry	NT=Q Exactive HF;AC=MS:1002523	NT=label free sample;AC=MS:1002038	NT=Carbamidomethyl;AC=UNIMOD:4;TA=C;MT=Fixed	NT=Oxidation;AC=UNIMOD:35;TA=M;MT=Variable	NT=Trypsin;AC=MS:1001251	NT=Data-Dependent Acquisition;AC=PRIDE:0000627	NT=beam-type collision-induced dissociation;AC=MS:1000422	not available	10 ppm	0.02 Da	1	1	2021_HS_T3_7.raw	PRJNA1045860	v1.1.0	NT=ms-proteomics;VV=v1.1.0	NT=metaproteomics;VV=v1.0.0	NT=soil;VV=v1.0.0	manual curation	Red Clover	Maize root in cover crop root channel (MCR)	15 cm	T3: Bolting
2021_HS_t3_1	T3_BS_0_30cm_Control	NT=soil metagenome;AC=NCBITaxon:410658	not applicable	not applicable	not applicable	RootWayS_RWS1_Hohenschulen	NT=rhizosphere;AC=ENVO:00005801	NT=agricultural soil;AC=ENVO:00002259	NT=Germany;AC=GAZ:00002646 (54.3122 N, 9.9961 E)	2021	soil profile excavation; spatula sampling within 2 mm of roots/channels	15 cm	Control	Bulk soil (BS)	T3: Bolting	No cover crop	NT=luvisol;AC=ENVO:00002248	17 sandy loam	not available	agricultural	NT=agricultural field;AC=ENVO:00000114	8.8 oC	806 mm/year	bulk soil microbiome	-80 degree C	2	2021_HS_t3_1	proteomic profiling by mass spectrometry	NT=Q Exactive HF;AC=MS:1002523	NT=label free sample;AC=MS:1002038	NT=Carbamidomethyl;AC=UNIMOD:4;TA=C;MT=Fixed	NT=Oxidation;AC=UNIMOD:35;TA=M;MT=Variable	NT=Trypsin;AC=MS:1001251	NT=Data-Dependent Acquisition;AC=PRIDE:0000627	NT=beam-type collision-induced dissociation;AC=MS:1000422	not available	10 ppm	0.02 Da	1	1	2021_HS_t3_1.raw	PRJNA1045860	v1.1.0	NT=ms-proteomics;VV=v1.1.0	NT=metaproteomics;VV=v1.0.0	NT=soil;VV=v1.0.0	manual curation	Control	Bulk soil (BS)	15 cm	T3: Bolting
2021_HS_t3_100	T3_CR_0_30cm_Brassica-Grass	NT=soil metagenome;AC=NCBITaxon:410658	not applicable	not applicable	not applicable	RootWayS_RWS1_Hohenschulen	NT=rhizosphere;AC=ENVO:00005801	NT=agricultural soil;AC=ENVO:00002259	NT=Germany;AC=GAZ:00002646 (54.3122 N, 9.9961 E)	2021	soil profile excavation; spatula sampling within 2 mm of roots/channels	15 cm	Brassica/Grass	Cover crop root channel (CR)	T3: Bolting	Mixture	NT=luvisol;AC=ENVO:00002248	17 sandy loam	not available	agricultural	NT=agricultural field;AC=ENVO:00000114	8.8 oC	806 mm/year	cover crop root channel microbiome	-80 degree C	1	2021_HS_t3_100	proteomic profiling by mass spectrometry	NT=Q Exactive HF;AC=MS:1002523	NT=label free sample;AC=MS:1002038	NT=Carbamidomethyl;AC=UNIMOD:4;TA=C;MT=Fixed	NT=Oxidation;AC=UNIMOD:35;TA=M;MT=Variable	NT=Trypsin;AC=MS:1001251	NT=Data-Dependent Acquisition;AC=PRIDE:0000627	NT=beam-type collision-induced dissociation;AC=MS:1000422	not available	10 ppm	0.02 Da	1	1	2021_HS_t3_100.raw	PRJNA1045860	v1.1.0	NT=ms-proteomics;VV=v1.1.0	NT=metaproteomics;VV=v1.0.0	NT=soil;VV=v1.0.0	manual curation	Brassica/Grass	Cover crop root channel (CR)	15 cm	T3: Bolting
2021_HS_t3_101	T3_MBS_0_30cm_Brassica-Grass	NT=soil metagenome;AC=NCBITaxon:410658	not applicable	not applicable	not applicable	RootWayS_RWS1_Hohenschulen	NT=rhizosphere;AC=ENVO:00005801	NT=agricultural soil;AC=ENVO:00002259	NT=Germany;AC=GAZ:00002646 (54.3122 N, 9.9961 E)	2021	soil profile excavation; spatula sampling within 2 mm of roots/channels	15 cm	Brassica/Grass	Maize root in bulk soil (MBS)	T3: Bolting	Mixture	NT=luvisol;AC=ENVO:00002248	17 sandy loam	not available	agricultural	NT=agricultural field;AC=ENVO:00000114	8.8 oC	806 mm/year	maize rhizosphere microbiome (bulk soil)	-80 degree C	1	2021_HS_t3_101	proteomic profiling by mass spectrometry	NT=Q Exactive HF;AC=MS:1002523	NT=label free sample;AC=MS:1002038	NT=Carbamidomethyl;AC=UNIMOD:4;TA=C;MT=Fixed	NT=Oxidation;AC=UNIMOD:35;TA=M;MT=Variable	NT=Trypsin;AC=MS:1001251	NT=Data-Dependent Acquisition;AC=PRIDE:0000627	NT=beam-type collision-induced dissociation;AC=MS:1000422	not available	10 ppm	0.02 Da	1	1	2021_HS_t3_101.raw	PRJNA1045860	v1.1.0	NT=ms-proteomics;VV=v1.1.0	NT=metaproteomics;VV=v1.0.0	NT=soil;VV=v1.0.0	manual curation	Brassica/Grass	Maize root in bulk soil (MBS)	15 cm	T3: Bolting
2021_HS_t3_102	T3_MCR_30_60cm_Brassica-Grass	NT=soil metagenome;AC=NCBITaxon:410658	not applicable	not applicable	not applicable	RootWayS_RWS1_Hohenschulen	NT=rhizosphere;AC=ENVO:00005801	NT=agricultural soil;AC=ENVO:00002259	NT=Germany;AC=GAZ:00002646 (54.3122 N, 9.9961 E)	2021	soil profile excavation; spatula sampling within 2 mm of roots/channels	45 cm	Brassica/Grass	Maize root in cover crop root channel (MCR)	T3: Bolting	Mixture	NT=luvisol;AC=ENVO:00002248	17 sandy loam	not available	agricultural	NT=agricultural field;AC=ENVO:00000114	8.8 oC	806 mm/year	maize rhizosphere microbiome (cover crop root channel)	-80 degree C	1	2021_HS_t3_102	proteomic profiling by mass spectrometry	NT=Q Exactive HF;AC=MS:1002523	NT=label free sample;AC=MS:1002038	NT=Carbamidomethyl;AC=UNIMOD:4;TA=C;MT=Fixed	NT=Oxidation;AC=UNIMOD:35;TA=M;MT=Variable	NT=Trypsin;AC=MS:1001251	NT=Data-Dependent Acquisition;AC=PRIDE:0000627	NT=beam-type collision-induced dissociation;AC=MS:1000422	not available	10 ppm	0.02 Da	1	1	2021_HS_t3_102.raw	PRJNA1045860	v1.1.0	NT=ms-proteomics;VV=v1.1.0	NT=metaproteomics;VV=v1.0.0	NT=soil;VV=v1.0.0	manual curation	Brassica/Grass	Maize root in cover crop root channel (MCR)	45 cm	T3: Bolting
2021_HS_t3_103	T3_CR_30_60cm_Brassica-Grass	NT=soil metagenome;AC=NCBITaxon:410658	not applicable	not applicable	not applicable	RootWayS_RWS1_Hohenschulen	NT=rhizosphere;AC=ENVO:00005801	NT=agricultural soil;AC=ENVO:00002259	NT=Germany;AC=GAZ:00002646 (54.3122 N, 9.9961 E)	2021	soil profile excavation; spatula sampling within 2 mm of roots/channels	45 cm	Brassica/Grass	Cover crop root channel (CR)	T3: Bolting	Mixture	NT=luvisol;AC=ENVO:00002248	17 sandy loam	not available	agricultural	NT=agricultural field;AC=ENVO:00000114	8.8 oC	806 mm/year	cover crop root channel microbiome	-80 degree C	1	2021_HS_t3_103	proteomic profiling by mass spectrometry	NT=Q Exactive HF;AC=MS:1002523	NT=label free sample;AC=MS:1002038	NT=Carbamidomethyl;AC=UNIMOD:4;TA=C;MT=Fixed	NT=Oxidation;AC=UNIMOD:35;TA=M;MT=Variable	NT=Trypsin;AC=MS:1001251	NT=Data-Dependent Acquisition;AC=PRIDE:0000627	NT=beam-type collision-induced dissociation;AC=MS:1000422	not available	10 ppm	0.02 Da	1	1	2021_HS_t3_103.raw	PRJNA1045860	v1.1.0	NT=ms-proteomics;VV=v1.1.0	NT=metaproteomics;VV=v1.0.0	NT=soil;VV=v1.0.0	manual curation	Brassica/Grass	Cover crop root channel (CR)	45 cm	T3: Bolting
2021_HS_t3_104	T3_MBS_30_60cm_Brassica-Grass	NT=soil metagenome;AC=NCBITaxon:410658	not applicable	not applicable	not applicable	RootWayS_RWS1_Hohenschulen	NT=rhizosphere;AC=ENVO:00005801	NT=agricultural soil;AC=ENVO:00002259	NT=Germany;AC=GAZ:00002646 (54.3122 N, 9.9961 E)	2021	soil profile excavation; spatula sampling within 2 mm of roots/channels	45 cm	Brassica/Grass	Maize root in bulk soil (MBS)	T3: Bolting	Mixture	NT=luvisol;AC=ENVO:00002248	17 sandy loam	not available	agricultural	NT=agricultural field;AC=ENVO:00000114	8.8 oC	806 mm/year	maize rhizosphere microbiome (bulk soil)	-80 degree C	1	2021_HS_t3_104	proteomic profiling by mass spectrometry	NT=Q Exactive HF;AC=MS:1002523	NT=label free sample;AC=MS:1002038	NT=Carbamidomethyl;AC=UNIMOD:4;TA=C;MT=Fixed	NT=Oxidation;AC=UNIMOD:35;TA=M;MT=Variable	NT=Trypsin;AC=MS:1001251	NT=Data-Dependent Acquisition;AC=PRIDE:0000627	NT=beam-type collision-induced dissociation;AC=MS:1000422	not available	10 ppm	0.02 Da	1	1	2021_HS_t3_104.raw	PRJNA1045860	v1.1.0	NT=ms-proteomics;VV=v1.1.0	NT=metaproteomics;VV=v1.0.0	NT=soil;VV=v1.0.0	manual curation	Brassica/Grass	Maize root in bulk soil (MBS)	45 cm	T3: Bolting
2021_HS_t3_105	T3_MCR_0_30cm_Brassica-Grass	NT=soil metagenome;AC=NCBITaxon:410658	not applicable	not applicable	not applicable	RootWayS_RWS1_Hohenschulen	NT=rhizosphere;AC=ENVO:00005801	NT=agricultural soil;AC=ENVO:00002259	NT=Germany;AC=GAZ:00002646 (54.3122 N, 9.9961 E)	2021	soil profile excavation; spatula sampling within 2 mm of roots/channels	15 cm	Brassica/Grass	Maize root in cover crop root channel (MCR)	T3: Bolting	Mixture	NT=luvisol;AC=ENVO:00002248	17 sandy loam	not available	agricultural	NT=agricultural field;AC=ENVO:00000114	8.8 oC	806 mm/year	maize rhizosphere microbiome (cover crop root channel)	-80 degree C	1	2021_HS_t3_105	proteomic profiling by mass spectrometry	NT=Q Exactive HF;AC=MS:1002523	NT=label free sample;AC=MS:1002038	NT=Carbamidomethyl;AC=UNIMOD:4;TA=C;MT=Fixed	NT=Oxidation;AC=UNIMOD:35;TA=M;MT=Variable	NT=Trypsin;AC=MS:1001251	NT=Data-Dependent Acquisition;AC=PRIDE:0000627	NT=beam-type collision-induced dissociation;AC=MS:1000422	not available	10 ppm	0.02 Da	1	1	2021_HS_t3_105.raw	PRJNA1045860	v1.1.0	NT=ms-proteomics;VV=v1.1.0	NT=metaproteomics;VV=v1.0.0	NT=soil;VV=v1.0.0	manual curation	Brassica/Grass	Maize root in cover crop root channel (MCR)	15 cm	T3: Bolting
2021_HS_t3_106	T3_CR_0_30cm_Brassica-Grass	NT=soil metagenome;AC=NCBITaxon:410658	not applicable	not applicable	not applicable	RootWayS_RWS1_Hohenschulen	NT=rhizosphere;AC=ENVO:00005801	NT=agricultural soil;AC=ENVO:00002259	NT=Germany;AC=GAZ:00002646 (54.3122 N, 9.9961 E)	2021	soil profile excavation; spatula sampling within 2 mm of roots/channels	15 cm	Brassica/Grass	Cover crop root channel (CR)	T3: Bolting	Mixture	NT=luvisol;AC=ENVO:00002248	17 sandy loam	not available	agricultural	NT=agricultural field;AC=ENVO:00000114	8.8 oC	806 mm/year	cover crop root channel microbiome	-80 degree C	2	2021_HS_t3_106	proteomic profiling by mass spectrometry	NT=Q Exactive HF;AC=MS:1002523	NT=label free sample;AC=MS:1002038	NT=Carbamidomethyl;AC=UNIMOD:4;TA=C;MT=Fixed	NT=Oxidation;AC=UNIMOD:35;TA=M;MT=Variable	NT=Trypsin;AC=MS:1001251	NT=Data-Dependent Acquisition;AC=PRIDE:0000627	NT=beam-type collision-induced dissociation;AC=MS:1000422	not available	10 ppm	0.02 Da	1	1	2021_HS_t3_106.raw	PRJNA1045860	v1.1.0	NT=ms-proteomics;VV=v1.1.0	NT=metaproteomics;VV=v1.0.0	NT=soil;VV=v1.0.0	manual curation	Brassica/Grass	Cover crop root channel (CR)	15 cm	T3: Bolting
2021_HS_t3_107	T3_MBS_0_30cm_Brassica-Grass	NT=soil metagenome;AC=NCBITaxon:410658	not applicable	not applicable	not applicable	RootWayS_RWS1_Hohenschulen	NT=rhizosphere;AC=ENVO:00005801	NT=agricultural soil;AC=ENVO:00002259	NT=Germany;AC=GAZ:00002646 (54.3122 N, 9.9961 E)	2021	soil profile excavation; spatula sampling within 2 mm of roots/channels	15 cm	Brassica/Grass	Maize root in bulk soil (MBS)	T3: Bolting	Mixture	NT=luvisol;AC=ENVO:00002248	17 sandy loam	not available	agricultural	NT=agricultural field;AC=ENVO:00000114	8.8 oC	806 mm/year	maize rhizosphere microbiome (bulk soil)	-80 degree C	2	2021_HS_t3_107	proteomic profiling by mass spectrometry	NT=Q Exactive HF;AC=MS:1002523	NT=label free sample;AC=MS:1002038	NT=Carbamidomethyl;AC=UNIMOD:4;TA=C;MT=Fixed	NT=Oxidation;AC=UNIMOD:35;TA=M;MT=Variable	NT=Trypsin;AC=MS:1001251	NT=Data-Dependent Acquisition;AC=PRIDE:0000627	NT=beam-type collision-induced dissociation;AC=MS:1000422	not available	10 ppm	0.02 Da	1	1	2021_HS_t3_107.raw	PRJNA1045860	v1.1.0	NT=ms-proteomics;VV=v1.1.0	NT=metaproteomics;VV=v1.0.0	NT=soil;VV=v1.0.0	manual curation	Brassica/Grass	Maize root in bulk soil (MBS)	15 cm	T3: Bolting
2021_HS_t3_108	T3_MCR_30_60cm_Brassica-Grass	NT=soil metagenome;AC=NCBITaxon:410658	not applicable	not applicable	not applicable	RootWayS_RWS1_Hohenschulen	NT=rhizosphere;AC=ENVO:00005801	NT=agricultural soil;AC=ENVO:00002259	NT=Germany;AC=GAZ:00002646 (54.3122 N, 9.9961 E)	2021	soil profile excavation; spatula sampling within 2 mm of roots/channels	45 cm	Brassica/Grass	Maize root in cover crop root channel (MCR)	T3: Bolting	Mixture	NT=luvisol;AC=ENVO:00002248	17 sandy loam	not available	agricultural	NT=agricultural field;AC=ENVO:00000114	8.8 oC	806 mm/year	maize rhizosphere microbiome (cover crop root channel)	-80 degree C	2	2021_HS_t3_108	proteomic profiling by mass spectrometry	NT=Q Exactive HF;AC=MS:1002523	NT=label free sample;AC=MS:1002038	NT=Carbamidomethyl;AC=UNIMOD:4;TA=C;MT=Fixed	NT=Oxidation;AC=UNIMOD:35;TA=M;MT=Variable	NT=Trypsin;AC=MS:1001251	NT=Data-Dependent Acquisition;AC=PRIDE:0000627	NT=beam-type collision-induced dissociation;AC=MS:1000422	not available	10 ppm	0.02 Da	1	1	2021_HS_t3_108.raw	PRJNA1045860	v1.1.0	NT=ms-proteomics;VV=v1.1.0	NT=metaproteomics;VV=v1.0.0	NT=soil;VV=v1.0.0	manual curation	Brassica/Grass	Maize root in cover crop root channel (MCR)	45 cm	T3: Bolting
2021_HS_t3_109	T3_CR_30_60cm_Brassica-Grass	NT=soil metagenome;AC=NCBITaxon:410658	not applicable	not applicable	not applicable	RootWayS_RWS1_Hohenschulen	NT=rhizosphere;AC=ENVO:00005801	NT=agricultural soil;AC=ENVO:00002259	NT=Germany;AC=GAZ:00002646 (54.3122 N, 9.9961 E)	2021	soil profile excavation; spatula sampling within 2 mm of roots/channels	45 cm	Brassica/Grass	Cover crop root channel (CR)	T3: Bolting	Mixture	NT=luvisol;AC=ENVO:00002248	17 sandy loam	not available	agricultural	NT=agricultural field;AC=ENVO:00000114	8.8 oC	806 mm/year	cover crop root channel microbiome	-80 degree C	2	2021_HS_t3_109	proteomic profiling by mass spectrometry	NT=Q Exactive HF;AC=MS:1002523	NT=label free sample;AC=MS:1002038	NT=Carbamidomethyl;AC=UNIMOD:4;TA=C;MT=Fixed	NT=Oxidation;AC=UNIMOD:35;TA=M;MT=Variable	NT=Trypsin;AC=MS:1001251	NT=Data-Dependent Acquisition;AC=PRIDE:0000627	NT=beam-type collision-induced dissociation;AC=MS:1000422	not available	10 ppm	0.02 Da	1	1	2021_HS_t3_109.raw	PRJNA1045860	v1.1.0	NT=ms-proteomics;VV=v1.1.0	NT=metaproteomics;VV=v1.0.0	NT=soil;VV=v1.0.0	manual curation	Brassica/Grass	Cover crop root channel (CR)	45 cm	T3: Bolting
2021_HS_t3_11	T3_MBS_30_60cm_Red_Clover	NT=soil metagenome;AC=NCBITaxon:410658	not applicable	not applicable	not applicable	RootWayS_RWS1_Hohenschulen	NT=rhizosphere;AC=ENVO:00005801	NT=agricultural soil;AC=ENVO:00002259	NT=Germany;AC=GAZ:00002646 (54.3122 N, 9.9961 E)	2021	soil profile excavation; spatula sampling within 2 mm of roots/channels	45 cm	Red Clover	Maize root in bulk soil (MBS)	T3: Bolting	Monoculture	NT=luvisol;AC=ENVO:00002248	17 sandy loam	not available	agricultural	NT=agricultural field;AC=ENVO:00000114	8.8 oC	806 mm/year	maize rhizosphere microbiome (bulk soil)	-80 degree C	3	2021_HS_t3_11	proteomic profiling by mass spectrometry	NT=Q Exactive HF;AC=MS:1002523	NT=label free sample;AC=MS:1002038	NT=Carbamidomethyl;AC=UNIMOD:4;TA=C;MT=Fixed	NT=Oxidation;AC=UNIMOD:35;TA=M;MT=Variable	NT=Trypsin;AC=MS:1001251	NT=Data-Dependent Acquisition;AC=PRIDE:0000627	NT=beam-type collision-induced dissociation;AC=MS:1000422	not available	10 ppm	0.02 Da	1	1	2021_HS_t3_11.raw	PRJNA1045860	v1.1.0	NT=ms-proteomics;VV=v1.1.0	NT=metaproteomics;VV=v1.0.0	NT=soil;VV=v1.0.0	manual curation	Red Clover	Maize root in bulk soil (MBS)	45 cm	T3: Bolting
2021_HS_t3_110	T3_MBS_30_60cm_Brassica-Grass	NT=soil metagenome;AC=NCBITaxon:410658	not applicable	not applicable	not applicable	RootWayS_RWS1_Hohenschulen	NT=rhizosphere;AC=ENVO:00005801	NT=agricultural soil;AC=ENVO:00002259	NT=Germany;AC=GAZ:00002646 (54.3122 N, 9.9961 E)	2021	soil profile excavation; spatula sampling within 2 mm of roots/channels	45 cm	Brassica/Grass	Maize root in bulk soil (MBS)	T3: Bolting	Mixture	NT=luvisol;AC=ENVO:00002248	17 sandy loam	not available	agricultural	NT=agricultural field;AC=ENVO:00000114	8.8 oC	806 mm/year	maize rhizosphere microbiome (bulk soil)	-80 degree C	2	2021_HS_t3_110	proteomic profiling by mass spectrometry	NT=Q Exactive HF;AC=MS:1002523	NT=label free sample;AC=MS:1002038	NT=Carbamidomethyl;AC=UNIMOD:4;TA=C;MT=Fixed	NT=Oxidation;AC=UNIMOD:35;TA=M;MT=Variable	NT=Trypsin;AC=MS:1001251	NT=Data-Dependent Acquisition;AC=PRIDE:0000627	NT=beam-type collision-induced dissociation;AC=MS:1000422	not available	10 ppm	0.02 Da	1	1	2021_HS_t3_110.raw	PRJNA1045860	v1.1.0	NT=ms-proteomics;VV=v1.1.0	NT=metaproteomics;VV=v1.0.0	NT=soil;VV=v1.0.0	manual curation	Brassica/Grass	Maize root in bulk soil (MBS)	45 cm	T3: Bolting
2021_HS_t3_12	T3_MCR_0_30cm_Red_Clover	NT=soil metagenome;AC=NCBITaxon:410658	not applicable	not applicable	not applicable	RootWayS_RWS1_Hohenschulen	NT=rhizosphere;AC=ENVO:00005801	NT=agricultural soil;AC=ENVO:00002259	NT=Germany;AC=GAZ:00002646 (54.3122 N, 9.9961 E)	2021	soil profile excavation; spatula sampling within 2 mm of roots/channels	15 cm	Red Clover	Maize root in cover crop root channel (MCR)	T3: Bolting	Monoculture	NT=luvisol;AC=ENVO:00002248	17 sandy loam	not available	agricultural	NT=agricultural field;AC=ENVO:00000114	8.8 oC	806 mm/year	maize rhizosphere microbiome (cover crop root channel)	-80 degree C	3	2021_HS_t3_12	proteomic profiling by mass spectrometry	NT=Q Exactive HF;AC=MS:1002523	NT=label free sample;AC=MS:1002038	NT=Carbamidomethyl;AC=UNIMOD:4;TA=C;MT=Fixed	NT=Oxidation;AC=UNIMOD:35;TA=M;MT=Variable	NT=Trypsin;AC=MS:1001251	NT=Data-Dependent Acquisition;AC=PRIDE:0000627	NT=beam-type collision-induced dissociation;AC=MS:1000422	not available	10 ppm	0.02 Da	1	1	2021_HS_t3_12.raw	PRJNA1045860	v1.1.0	NT=ms-proteomics;VV=v1.1.0	NT=metaproteomics;VV=v1.0.0	NT=soil;VV=v1.0.0	manual curation	Red Clover	Maize root in cover crop root channel (MCR)	15 cm	T3: Bolting
2021_HS_t3_13	T3_CR_0_30cm_Red_Clover	NT=soil metagenome;AC=NCBITaxon:410658	not applicable	not applicable	not applicable	RootWayS_RWS1_Hohenschulen	NT=rhizosphere;AC=ENVO:00005801	NT=agricultural soil;AC=ENVO:00002259	NT=Germany;AC=GAZ:00002646 (54.3122 N, 9.9961 E)	2021	soil profile excavation; spatula sampling within 2 mm of roots/channels	15 cm	Red Clover	Cover crop root channel (CR)	T3: Bolting	Monoculture	NT=luvisol;AC=ENVO:00002248	17 sandy loam	not available	agricultural	NT=agricultural field;AC=ENVO:00000114	8.8 oC	806 mm/year	cover crop root channel microbiome	-80 degree C	2	2021_HS_t3_13	proteomic profiling by mass spectrometry	NT=Q Exactive HF;AC=MS:1002523	NT=label free sample;AC=MS:1002038	NT=Carbamidomethyl;AC=UNIMOD:4;TA=C;MT=Fixed	NT=Oxidation;AC=UNIMOD:35;TA=M;MT=Variable	NT=Trypsin;AC=MS:1001251	NT=Data-Dependent Acquisition;AC=PRIDE:0000627	NT=beam-type collision-induced dissociation;AC=MS:1000422	not available	10 ppm	0.02 Da	1	1	2021_HS_t3_13.raw	PRJNA1045860	v1.1.0	NT=ms-proteomics;VV=v1.1.0	NT=metaproteomics;VV=v1.0.0	NT=soil;VV=v1.0.0	manual curation	Red Clover	Cover crop root channel (CR)	15 cm	T3: Bolting
2021_HS_t3	T3_BS_30_60cm_Control	NT=soil metagenome;AC=NCBITaxon:410658	not applicable	not applicable	not applicable	RootWayS_RWS1_Hohenschulen	NT=rhizosphere;AC=ENVO:00005801	NT=agricultural soil;AC=ENVO:00002259	NT=Germany;AC=GAZ:00002646 (54.3122 N, 9.9961 E)	2021	soil profile excavation; spatula sampling within 2 mm of roots/channels	45 cm	Control	Bulk soil (BS)	T3: Bolting	No cover crop	NT=luvisol;AC=ENVO:00002248	17 sandy loam	not available	agricultural	NT=agricultural field;AC=ENVO:00000114	8.8 oC	806 mm/year	bulk soil microbiome	-80 degree C	2	2021_HS_t3_2	proteomic profiling by mass spectrometry	NT=Q Exactive HF;AC=MS:1002523	NT=label free sample;AC=MS:1002038	NT=Carbamidomethyl;AC=UNIMOD:4;TA=C;MT=Fixed	NT=Oxidation;AC=UNIMOD:35;TA=M;MT=Variable	NT=Trypsin;AC=MS:1001251	NT=Data-Dependent Acquisition;AC=PRIDE:0000627	NT=beam-type collision-induced dissociation;AC=MS:1000422	not available	10 ppm	0.02 Da	1	1	2021_HS_t3_2.raw	PRJNA1045860	v1.1.0	NT=ms-proteomics;VV=v1.1.0	NT=metaproteomics;VV=v1.0.0	NT=soil;VV=v1.0.0	manual curation	Control	Bulk soil (BS)	45 cm	T3: Bolting
2021_HS_t3_22_2	2021_HS_t3_22_2	NT=soil metagenome;AC=NCBITaxon:410658	not applicable	not applicable	not applicable	RootWayS_RWS1_Hohenschulen	NT=rhizosphere;AC=ENVO:00005801	NT=agricultural soil;AC=ENVO:00002259	NT=Germany;AC=GAZ:00002646 (54.3122 N, 9.9961 E)	2021	not available	not available	not available	not available	not available	not available	NT=luvisol;AC=ENVO:00002248	17 sandy loam	not available	agricultural	not available	8.8 oC	806 mm/year	not available	-80 degree C	1	2021_HS_t3_22_2	proteomic profiling by mass spectrometry	NT=Q Exactive HF;AC=MS:1002523	NT=label free sample;AC=MS:1002038	NT=Carbamidomethyl;AC=UNIMOD:4;TA=C;MT=Fixed	NT=Oxidation;AC=UNIMOD:35;TA=M;MT=Variable	NT=Trypsin;AC=MS:1001251	NT=Data-Dependent Acquisition;AC=PRIDE:0000627	NT=beam-type collision-induced dissociation;AC=MS:1000422	not available	10 ppm	0.02 Da	1	1	2021_HS_t3_22_2.raw	PRJNA1045860	v1.1.0	NT=ms-proteomics;VV=v1.1.0	NT=metaproteomics;VV=v1.0.0	NT=soil;VV=v1.0.0	manual curation	not available	not available	not available	not available
2021_HS_t3_23	T3_MCR_0_30cm_Oil_Radish	NT=soil metagenome;AC=NCBITaxon:410658	not applicable	not applicable	not applicable	RootWayS_RWS1_Hohenschulen	NT=rhizosphere;AC=ENVO:00005801	NT=agricultural soil;AC=ENVO:00002259	NT=Germany;AC=GAZ:00002646 (54.3122 N, 9.9961 E)	2021	soil profile excavation; spatula sampling within 2 mm of roots/channels	15 cm	Oil Radish	Maize root in cover crop root channel (MCR)	T3: Bolting	Monoculture	NT=luvisol;AC=ENVO:00002248	17 sandy loam	not available	agricultural	NT=agricultural field;AC=ENVO:00000114	8.8 oC	806 mm/year	maize rhizosphere microbiome (cover crop root channel)	-80 degree C	2	2021_HS_t3_23	proteomic profiling by mass spectrometry	NT=Q Exactive HF;AC=MS:1002523	NT=label free sample;AC=MS:1002038	NT=Carbamidomethyl;AC=UNIMOD:4;TA=C;MT=Fixed	NT=Oxidation;AC=UNIMOD:35;TA=M;MT=Variable	NT=Trypsin;AC=MS:1001251	NT=Data-Dependent Acquisition;AC=PRIDE:0000627	NT=beam-type collision-induced dissociation;AC=MS:1000422	not available	10 ppm	0.02 Da	1	1	2021_HS_t3_23.raw	PRJNA1045860	v1.1.0	NT=ms-proteomics;VV=v1.1.0	NT=metaproteomics;VV=v1.0.0	NT=soil;VV=v1.0.0	manual curation	Oil Radish	Maize root in cover crop root channel (MCR)	15 cm	T3: Bolting
2021_HS_t3_28	T3_MCR_0_30cm_Oil_Radish	NT=soil metagenome;AC=NCBITaxon:410658	not applicable	not applicable	not applicable	RootWayS_RWS1_Hohenschulen	NT=rhizosphere;AC=ENVO:00005801	NT=agricultural soil;AC=ENVO:00002259	NT=Germany;AC=GAZ:00002646 (54.3122 N, 9.9961 E)	2021	soil profile excavation; spatula sampling within 2 mm of roots/channels	15 cm	Oil Radish	Maize root in cover crop root channel (MCR)	T3: Bolting	Monoculture	NT=luvisol;AC=ENVO:00002248	17 sandy loam	not available	agricultural	NT=agricultural field;AC=ENVO:00000114	8.8 oC	806 mm/year	maize rhizosphere microbiome (cover crop root channel)	-80 degree C	3	2021_HS_t3_28_2	proteomic profiling by mass spectrometry	NT=Q Exactive HF;AC=MS:1002523	NT=label free sample;AC=MS:1002038	NT=Carbamidomethyl;AC=UNIMOD:4;TA=C;MT=Fixed	NT=Oxidation;AC=UNIMOD:35;TA=M;MT=Variable	NT=Trypsin;AC=MS:1001251	NT=Data-Dependent Acquisition;AC=PRIDE:0000627	NT=beam-type collision-induced dissociation;AC=MS:1000422	not available	10 ppm	0.02 Da	1	1	2021_HS_t3_28_2.raw	PRJNA1045860	v1.1.0	NT=ms-proteomics;VV=v1.1.0	NT=metaproteomics;VV=v1.0.0	NT=soil;VV=v1.0.0	manual curation	Oil Radish	Maize root in cover crop root channel (MCR)	15 cm	T3: Bolting
2021_HS_t3_29	T3_CR_0_30cm_Oil_Radish	NT=soil metagenome;AC=NCBITaxon:410658	not applicable	not applicable	not applicable	RootWayS_RWS1_Hohenschulen	NT=rhizosphere;AC=ENVO:00005801	NT=agricultural soil;AC=ENVO:00002259	NT=Germany;AC=GAZ:00002646 (54.3122 N, 9.9961 E)	2021	soil profile excavation; spatula sampling within 2 mm of roots/channels	15 cm	Oil Radish	Cover crop root channel (CR)	T3: Bolting	Monoculture	NT=luvisol;AC=ENVO:00002248	17 sandy loam	not available	agricultural	NT=agricultural field;AC=ENVO:00000114	8.8 oC	806 mm/year	cover crop root channel microbiome	-80 degree C	2	2021_HS_t3_29_2	proteomic profiling by mass spectrometry	NT=Q Exactive HF;AC=MS:1002523	NT=label free sample;AC=MS:1002038	NT=Carbamidomethyl;AC=UNIMOD:4;TA=C;MT=Fixed	NT=Oxidation;AC=UNIMOD:35;TA=M;MT=Variable	NT=Trypsin;AC=MS:1001251	NT=Data-Dependent Acquisition;AC=PRIDE:0000627	NT=beam-type collision-induced dissociation;AC=MS:1000422	not available	10 ppm	0.02 Da	1	1	2021_HS_t3_29_2.raw	PRJNA1045860	v1.1.0	NT=ms-proteomics;VV=v1.1.0	NT=metaproteomics;VV=v1.0.0	NT=soil;VV=v1.0.0	manual curation	Oil Radish	Cover crop root channel (CR)	15 cm	T3: Bolting
2021_HS_t3_30	T3_MBS_0_30cm_Oil_Radish	NT=soil metagenome;AC=NCBITaxon:410658	not applicable	not applicable	not applicable	RootWayS_RWS1_Hohenschulen	NT=rhizosphere;AC=ENVO:00005801	NT=agricultural soil;AC=ENVO:00002259	NT=Germany;AC=GAZ:00002646 (54.3122 N, 9.9961 E)	2021	soil profile excavation; spatula sampling within 2 mm of roots/channels	15 cm	Oil Radish	Maize root in bulk soil (MBS)	T3: Bolting	Monoculture	NT=luvisol;AC=ENVO:00002248	17 sandy loam	not available	agricultural	NT=agricultural field;AC=ENVO:00000114	8.8 oC	806 mm/year	maize rhizosphere microbiome (bulk soil)	-80 degree C	2	2021_HS_t3_30	proteomic profiling by mass spectrometry	NT=Q Exactive HF;AC=MS:1002523	NT=label free sample;AC=MS:1002038	NT=Carbamidomethyl;AC=UNIMOD:4;TA=C;MT=Fixed	NT=Oxidation;AC=UNIMOD:35;TA=M;MT=Variable	NT=Trypsin;AC=MS:1001251	NT=Data-Dependent Acquisition;AC=PRIDE:0000627	NT=beam-type collision-induced dissociation;AC=MS:1000422	not available	10 ppm	0.02 Da	1	1	2021_HS_t3_30.raw	PRJNA1045860	v1.1.0	NT=ms-proteomics;VV=v1.1.0	NT=metaproteomics;VV=v1.0.0	NT=soil;VV=v1.0.0	manual curation	Oil Radish	Maize root in bulk soil (MBS)	15 cm	T3: Bolting
2021_HS_t3_35	T3_CR_0_30cm_Oil_Radish	NT=soil metagenome;AC=NCBITaxon:410658	not applicable	not applicable	not applicable	RootWayS_RWS1_Hohenschulen	NT=rhizosphere;AC=ENVO:00005801	NT=agricultural soil;AC=ENVO:00002259	NT=Germany;AC=GAZ:00002646 (54.3122 N, 9.9961 E)	2021	soil profile excavation; spatula sampling within 2 mm of roots/channels	15 cm	Oil Radish	Cover crop root channel (CR)	T3: Bolting	Monoculture	NT=luvisol;AC=ENVO:00002248	17 sandy loam	not available	agricultural	NT=agricultural field;AC=ENVO:00000114	8.8 oC	806 mm/year	cover crop root channel microbiome	-80 degree C	3	2021_HS_t3_35	proteomic profiling by mass spectrometry	NT=Q Exactive HF;AC=MS:1002523	NT=label free sample;AC=MS:1002038	NT=Carbamidomethyl;AC=UNIMOD:4;TA=C;MT=Fixed	NT=Oxidation;AC=UNIMOD:35;TA=M;MT=Variable	NT=Trypsin;AC=MS:1001251	NT=Data-Dependent Acquisition;AC=PRIDE:0000627	NT=beam-type collision-induced dissociation;AC=MS:1000422	not available	10 ppm	0.02 Da	1	1	2021_HS_t3_35.raw	PRJNA1045860	v1.1.0	NT=ms-proteomics;VV=v1.1.0	NT=metaproteomics;VV=v1.0.0	NT=soil;VV=v1.0.0	manual curation	Oil Radish	Cover crop root channel (CR)	15 cm	T3: Bolting
2021_HS_t3_36	T3_MBS_0_30cm_Oil_Radish	NT=soil metagenome;AC=NCBITaxon:410658	not applicable	not applicable	not applicable	RootWayS_RWS1_Hohenschulen	NT=rhizosphere;AC=ENVO:00005801	NT=agricultural soil;AC=ENVO:00002259	NT=Germany;AC=GAZ:00002646 (54.3122 N, 9.9961 E)	2021	soil profile excavation; spatula sampling within 2 mm of roots/channels	15 cm	Oil Radish	Maize root in bulk soil (MBS)	T3: Bolting	Monoculture	NT=luvisol;AC=ENVO:00002248	17 sandy loam	not available	agricultural	NT=agricultural field;AC=ENVO:00000114	8.8 oC	806 mm/year	maize rhizosphere microbiome (bulk soil)	-80 degree C	3	2021_HS_t3_36	proteomic profiling by mass spectrometry	NT=Q Exactive HF;AC=MS:1002523	NT=label free sample;AC=MS:1002038	NT=Carbamidomethyl;AC=UNIMOD:4;TA=C;MT=Fixed	NT=Oxidation;AC=UNIMOD:35;TA=M;MT=Variable	NT=Trypsin;AC=MS:1001251	NT=Data-Dependent Acquisition;AC=PRIDE:0000627	NT=beam-type collision-induced dissociation;AC=MS:1000422	not available	10 ppm	0.02 Da	1	1	2021_HS_t3_36.raw	PRJNA1045860	v1.1.0	NT=ms-proteomics;VV=v1.1.0	NT=metaproteomics;VV=v1.0.0	NT=soil;VV=v1.0.0	manual curation	Oil Radish	Maize root in bulk soil (MBS)	15 cm	T3: Bolting
2021_HS_t3_39	T3_MCR_0_30cm_Fescue	NT=soil metagenome;AC=NCBITaxon:410658	not applicable	not applicable	not applicable	RootWayS_RWS1_Hohenschulen	NT=rhizosphere;AC=ENVO:00005801	NT=agricultural soil;AC=ENVO:00002259	NT=Germany;AC=GAZ:00002646 (54.3122 N, 9.9961 E)	2021	soil profile excavation; spatula sampling within 2 mm of roots/channels	15 cm	Fescue	Maize root in cover crop root channel (MCR)	T3: Bolting	Monoculture	NT=luvisol;AC=ENVO:00002248	17 sandy loam	not available	agricultural	NT=agricultural field;AC=ENVO:00000114	8.8 oC	806 mm/year	maize rhizosphere microbiome (cover crop root channel)	-80 degree C	1	2021_HS_t3_39	proteomic profiling by mass spectrometry	NT=Q Exactive HF;AC=MS:1002523	NT=label free sample;AC=MS:1002038	NT=Carbamidomethyl;AC=UNIMOD:4;TA=C;MT=Fixed	NT=Oxidation;AC=UNIMOD:35;TA=M;MT=Variable	NT=Trypsin;AC=MS:1001251	NT=Data-Dependent Acquisition;AC=PRIDE:0000627	NT=beam-type collision-induced dissociation;AC=MS:1000422	not available	10 ppm	0.02 Da	1	1	2021_HS_t3_39.raw	PRJNA1045860	v1.1.0	NT=ms-proteomics;VV=v1.1.0	NT=metaproteomics;VV=v1.0.0	NT=soil;VV=v1.0.0	manual curation	Fescue	Maize root in cover crop root channel (MCR)	15 cm	T3: Bolting
2021_HS_t3_4	T3_BS_30_60cm_Control	NT=soil metagenome;AC=NCBITaxon:410658	not applicable	not applicable	not applicable	RootWayS_RWS1_Hohenschulen	NT=rhizosphere;AC=ENVO:00005801	NT=agricultural soil;AC=ENVO:00002259	NT=Germany;AC=GAZ:00002646 (54.3122 N, 9.9961 E)	2021	soil profile excavation; spatula sampling within 2 mm of roots/channels	45 cm	Control	Bulk soil (BS)	T3: Bolting	No cover crop	NT=luvisol;AC=ENVO:00002248	17 sandy loam	not available	agricultural	NT=agricultural field;AC=ENVO:00000114	8.8 oC	806 mm/year	bulk soil microbiome	-80 degree C	3	2021_HS_t3_4	proteomic profiling by mass spectrometry	NT=Q Exactive HF;AC=MS:1002523	NT=label free sample;AC=MS:1002038	NT=Carbamidomethyl;AC=UNIMOD:4;TA=C;MT=Fixed	NT=Oxidation;AC=UNIMOD:35;TA=M;MT=Variable	NT=Trypsin;AC=MS:1001251	NT=Data-Dependent Acquisition;AC=PRIDE:0000627	NT=beam-type collision-induced dissociation;AC=MS:1000422	not available	10 ppm	0.02 Da	1	1	2021_HS_t3_4.raw	PRJNA1045860	v1.1.0	NT=ms-proteomics;VV=v1.1.0	NT=metaproteomics;VV=v1.0.0	NT=soil;VV=v1.0.0	manual curation	Control	Bulk soil (BS)	45 cm	T3: Bolting
2021_HS_t3_40	T3_CR_0_30cm_Fescue	NT=soil metagenome;AC=NCBITaxon:410658	not applicable	not applicable	not applicable	RootWayS_RWS1_Hohenschulen	NT=rhizosphere;AC=ENVO:00005801	NT=agricultural soil;AC=ENVO:00002259	NT=Germany;AC=GAZ:00002646 (54.3122 N, 9.9961 E)	2021	soil profile excavation; spatula sampling within 2 mm of roots/channels	15 cm	Fescue	Cover crop root channel (CR)	T3: Bolting	Monoculture	NT=luvisol;AC=ENVO:00002248	17 sandy loam	not available	agricultural	NT=agricultural field;AC=ENVO:00000114	8.8 oC	806 mm/year	cover crop root channel microbiome	-80 degree C	1	2021_HS_t3_40_2	proteomic profiling by mass spectrometry	NT=Q Exactive HF;AC=MS:1002523	NT=label free sample;AC=MS:1002038	NT=Carbamidomethyl;AC=UNIMOD:4;TA=C;MT=Fixed	NT=Oxidation;AC=UNIMOD:35;TA=M;MT=Variable	NT=Trypsin;AC=MS:1001251	NT=Data-Dependent Acquisition;AC=PRIDE:0000627	NT=beam-type collision-induced dissociation;AC=MS:1000422	not available	10 ppm	0.02 Da	1	1	2021_HS_t3_40_2.raw	PRJNA1045860	v1.1.0	NT=ms-proteomics;VV=v1.1.0	NT=metaproteomics;VV=v1.0.0	NT=soil;VV=v1.0.0	manual curation	Fescue	Cover crop root channel (CR)	15 cm	T3: Bolting
2021_HS_t3_45	T3_MCR_0_30cm_Fescue	NT=soil metagenome;AC=NCBITaxon:410658	not applicable	not applicable	not applicable	RootWayS_RWS1_Hohenschulen	NT=rhizosphere;AC=ENVO:00005801	NT=agricultural soil;AC=ENVO:00002259	NT=Germany;AC=GAZ:00002646 (54.3122 N, 9.9961 E)	2021	soil profile excavation; spatula sampling within 2 mm of roots/channels	15 cm	Fescue	Maize root in cover crop root channel (MCR)	T3: Bolting	Monoculture	NT=luvisol;AC=ENVO:00002248	17 sandy loam	not available	agricultural	NT=agricultural field;AC=ENVO:00000114	8.8 oC	806 mm/year	maize rhizosphere microbiome (cover crop root channel)	-80 degree C	2	2021_HS_t3_45	proteomic profiling by mass spectrometry	NT=Q Exactive HF;AC=MS:1002523	NT=label free sample;AC=MS:1002038	NT=Carbamidomethyl;AC=UNIMOD:4;TA=C;MT=Fixed	NT=Oxidation;AC=UNIMOD:35;TA=M;MT=Variable	NT=Trypsin;AC=MS:1001251	NT=Data-Dependent Acquisition;AC=PRIDE:0000627	NT=beam-type collision-induced dissociation;AC=MS:1000422	not available	10 ppm	0.02 Da	1	1	2021_HS_t3_45.raw	PRJNA1045860	v1.1.0	NT=ms-proteomics;VV=v1.1.0	NT=metaproteomics;VV=v1.0.0	NT=soil;VV=v1.0.0	manual curation	Fescue	Maize root in cover crop root channel (MCR)	15 cm	T3: Bolting
2021_HS_t3_46	T3_CR_0_30cm_Fescue	NT=soil metagenome;AC=NCBITaxon:410658	not applicable	not applicable	not applicable	RootWayS_RWS1_Hohenschulen	NT=rhizosphere;AC=ENVO:00005801	NT=agricultural soil;AC=ENVO:00002259	NT=Germany;AC=GAZ:00002646 (54.3122 N, 9.9961 E)	2021	soil profile excavation; spatula sampling within 2 mm of roots/channels	15 cm	Fescue	Cover crop root channel (CR)	T3: Bolting	Monoculture	NT=luvisol;AC=ENVO:00002248	17 sandy loam	not available	agricultural	NT=agricultural field;AC=ENVO:00000114	8.8 oC	806 mm/year	cover crop root channel microbiome	-80 degree C	2	2021_HS_t3_46_2	proteomic profiling by mass spectrometry	NT=Q Exactive HF;AC=MS:1002523	NT=label free sample;AC=MS:1002038	NT=Carbamidomethyl;AC=UNIMOD:4;TA=C;MT=Fixed	NT=Oxidation;AC=UNIMOD:35;TA=M;MT=Variable	NT=Trypsin;AC=MS:1001251	NT=Data-Dependent Acquisition;AC=PRIDE:0000627	NT=beam-type collision-induced dissociation;AC=MS:1000422	not available	10 ppm	0.02 Da	1	1	2021_HS_t3_46_2.raw	PRJNA1045860	v1.1.0	NT=ms-proteomics;VV=v1.1.0	NT=metaproteomics;VV=v1.0.0	NT=soil;VV=v1.0.0	manual curation	Fescue	Cover crop root channel (CR)	15 cm	T3: Bolting
2021_HS_t3_5	T3_BS_0_30cm_Control	NT=soil metagenome;AC=NCBITaxon:410658	not applicable	not applicable	not applicable	RootWayS_RWS1_Hohenschulen	NT=rhizosphere;AC=ENVO:00005801	NT=agricultural soil;AC=ENVO:00002259	NT=Germany;AC=GAZ:00002646 (54.3122 N, 9.9961 E)	2021	soil profile excavation; spatula sampling within 2 mm of roots/channels	15 cm	Control	Bulk soil (BS)	T3: Bolting	No cover crop	NT=luvisol;AC=ENVO:00002248	17 sandy loam	not available	agricultural	NT=agricultural field;AC=ENVO:00000114	8.8 oC	806 mm/year	bulk soil microbiome	-80 degree C	3	2021_HS_t3_5	proteomic profiling by mass spectrometry	NT=Q Exactive HF;AC=MS:1002523	NT=label free sample;AC=MS:1002038	NT=Carbamidomethyl;AC=UNIMOD:4;TA=C;MT=Fixed	NT=Oxidation;AC=UNIMOD:35;TA=M;MT=Variable	NT=Trypsin;AC=MS:1001251	NT=Data-Dependent Acquisition;AC=PRIDE:0000627	NT=beam-type collision-induced dissociation;AC=MS:1000422	not available	10 ppm	0.02 Da	1	1	2021_HS_t3_5.raw	PRJNA1045860	v1.1.0	NT=ms-proteomics;VV=v1.1.0	NT=metaproteomics;VV=v1.0.0	NT=soil;VV=v1.0.0	manual curation	Control	Bulk soil (BS)	15 cm	T3: Bolting
2021_HS_t3_51	T3_MCR_0_30cm_Fescue	NT=soil metagenome;AC=NCBITaxon:410658	not applicable	not applicable	not applicable	RootWayS_RWS1_Hohenschulen	NT=rhizosphere;AC=ENVO:00005801	NT=agricultural soil;AC=ENVO:00002259	NT=Germany;AC=GAZ:00002646 (54.3122 N, 9.9961 E)	2021	soil profile excavation; spatula sampling within 2 mm of roots/channels	15 cm	Fescue	Maize root in cover crop root channel (MCR)	T3: Bolting	Monoculture	NT=luvisol;AC=ENVO:00002248	17 sandy loam	not available	agricultural	NT=agricultural field;AC=ENVO:00000114	8.8 oC	806 mm/year	maize rhizosphere microbiome (cover crop root channel)	-80 degree C	3	2021_HS_t3_51_2	proteomic profiling by mass spectrometry	NT=Q Exactive HF;AC=MS:1002523	NT=label free sample;AC=MS:1002038	NT=Carbamidomethyl;AC=UNIMOD:4;TA=C;MT=Fixed	NT=Oxidation;AC=UNIMOD:35;TA=M;MT=Variable	NT=Trypsin;AC=MS:1001251	NT=Data-Dependent Acquisition;AC=PRIDE:0000627	NT=beam-type collision-induced dissociation;AC=MS:1000422	not available	10 ppm	0.02 Da	1	1	2021_HS_t3_51_2.raw	PRJNA1045860	v1.1.0	NT=ms-proteomics;VV=v1.1.0	NT=metaproteomics;VV=v1.0.0	NT=soil;VV=v1.0.0	manual curation	Fescue	Maize root in cover crop root channel (MCR)	15 cm	T3: Bolting
2021_HS_t3_52	T3_CR_0_30cm_Fescue	NT=soil metagenome;AC=NCBITaxon:410658	not applicable	not applicable	not applicable	RootWayS_RWS1_Hohenschulen	NT=rhizosphere;AC=ENVO:00005801	NT=agricultural soil;AC=ENVO:00002259	NT=Germany;AC=GAZ:00002646 (54.3122 N, 9.9961 E)	2021	soil profile excavation; spatula sampling within 2 mm of roots/channels	15 cm	Fescue	Cover crop root channel (CR)	T3: Bolting	Monoculture	NT=luvisol;AC=ENVO:00002248	17 sandy loam	not available	agricultural	NT=agricultural field;AC=ENVO:00000114	8.8 oC	806 mm/year	cover crop root channel microbiome	-80 degree C	3	2021_HS_t3_52	proteomic profiling by mass spectrometry	NT=Q Exactive HF;AC=MS:1002523	NT=label free sample;AC=MS:1002038	NT=Carbamidomethyl;AC=UNIMOD:4;TA=C;MT=Fixed	NT=Oxidation;AC=UNIMOD:35;TA=M;MT=Variable	NT=Trypsin;AC=MS:1001251	NT=Data-Dependent Acquisition;AC=PRIDE:0000627	NT=beam-type collision-induced dissociation;AC=MS:1000422	not available	10 ppm	0.02 Da	1	1	2021_HS_t3_52.raw	PRJNA1045860	v1.1.0	NT=ms-proteomics;VV=v1.1.0	NT=metaproteomics;VV=v1.0.0	NT=soil;VV=v1.0.0	manual curation	Fescue	Cover crop root channel (CR)	15 cm	T3: Bolting
2021_HS_t3_56	T3_MBS_30_60cm_Fescue	NT=soil metagenome;AC=NCBITaxon:410658	not applicable	not applicable	not applicable	RootWayS_RWS1_Hohenschulen	NT=rhizosphere;AC=ENVO:00005801	NT=agricultural soil;AC=ENVO:00002259	NT=Germany;AC=GAZ:00002646 (54.3122 N, 9.9961 E)	2021	soil profile excavation; spatula sampling within 2 mm of roots/channels	45 cm	Fescue	Maize root in bulk soil (MBS)	T3: Bolting	Monoculture	NT=luvisol;AC=ENVO:00002248	17 sandy loam	not available	agricultural	NT=agricultural field;AC=ENVO:00000114	8.8 oC	806 mm/year	maize rhizosphere microbiome (bulk soil)	-80 degree C	3	2021_HS_t3_56	proteomic profiling by mass spectrometry	NT=Q Exactive HF;AC=MS:1002523	NT=label free sample;AC=MS:1002038	NT=Carbamidomethyl;AC=UNIMOD:4;TA=C;MT=Fixed	NT=Oxidation;AC=UNIMOD:35;TA=M;MT=Variable	NT=Trypsin;AC=MS:1001251	NT=Data-Dependent Acquisition;AC=PRIDE:0000627	NT=beam-type collision-induced dissociation;AC=MS:1000422	not available	10 ppm	0.02 Da	1	1	2021_HS_t3_56.raw	PRJNA1045860	v1.1.0	NT=ms-proteomics;VV=v1.1.0	NT=metaproteomics;VV=v1.0.0	NT=soil;VV=v1.0.0	manual curation	Fescue	Maize root in bulk soil (MBS)	45 cm	T3: Bolting
2021_HS_t3_57	T3_MCR_0_30cm_Legume-Grass	NT=soil metagenome;AC=NCBITaxon:410658	not applicable	not applicable	not applicable	RootWayS_RWS1_Hohenschulen	NT=rhizosphere;AC=ENVO:00005801	NT=agricultural soil;AC=ENVO:00002259	NT=Germany;AC=GAZ:00002646 (54.3122 N, 9.9961 E)	2021	soil profile excavation; spatula sampling within 2 mm of roots/channels	15 cm	Legume/Grass	Maize root in cover crop root channel (MCR)	T3: Bolting	Mixture	NT=luvisol;AC=ENVO:00002248	17 sandy loam	not available	agricultural	NT=agricultural field;AC=ENVO:00000114	8.8 oC	806 mm/year	maize rhizosphere microbiome (cover crop root channel)	-80 degree C	1	2021_HS_t3_57	proteomic profiling by mass spectrometry	NT=Q Exactive HF;AC=MS:1002523	NT=label free sample;AC=MS:1002038	NT=Carbamidomethyl;AC=UNIMOD:4;TA=C;MT=Fixed	NT=Oxidation;AC=UNIMOD:35;TA=M;MT=Variable	NT=Trypsin;AC=MS:1001251	NT=Data-Dependent Acquisition;AC=PRIDE:0000627	NT=beam-type collision-induced dissociation;AC=MS:1000422	not available	10 ppm	0.02 Da	1	1	2021_HS_t3_57.raw	PRJNA1045860	v1.1.0	NT=ms-proteomics;VV=v1.1.0	NT=metaproteomics;VV=v1.0.0	NT=soil;VV=v1.0.0	manual curation	Legume/Grass	Maize root in cover crop root channel (MCR)	15 cm	T3: Bolting
2021_HS_t3_58	T3_CR_0_30cm_Legume-Grass	NT=soil metagenome;AC=NCBITaxon:410658	not applicable	not applicable	not applicable	RootWayS_RWS1_Hohenschulen	NT=rhizosphere;AC=ENVO:00005801	NT=agricultural soil;AC=ENVO:00002259	NT=Germany;AC=GAZ:00002646 (54.3122 N, 9.9961 E)	2021	soil profile excavation; spatula sampling within 2 mm of roots/channels	15 cm	Legume/Grass	Cover crop root channel (CR)	T3: Bolting	Mixture	NT=luvisol;AC=ENVO:00002248	17 sandy loam	not available	agricultural	NT=agricultural field;AC=ENVO:00000114	8.8 oC	806 mm/year	cover crop root channel microbiome	-80 degree C	1	2021_HS_t3_58	proteomic profiling by mass spectrometry	NT=Q Exactive HF;AC=MS:1002523	NT=label free sample;AC=MS:1002038	NT=Carbamidomethyl;AC=UNIMOD:4;TA=C;MT=Fixed	NT=Oxidation;AC=UNIMOD:35;TA=M;MT=Variable	NT=Trypsin;AC=MS:1001251	NT=Data-Dependent Acquisition;AC=PRIDE:0000627	NT=beam-type collision-induced dissociation;AC=MS:1000422	not available	10 ppm	0.02 Da	1	1	2021_HS_t3_58.raw	PRJNA1045860	v1.1.0	NT=ms-proteomics;VV=v1.1.0	NT=metaproteomics;VV=v1.0.0	NT=soil;VV=v1.0.0	manual curation	Legume/Grass	Cover crop root channel (CR)	15 cm	T3: Bolting
2021_HS_t3_59	T3_MBS_0_30cm_Legume-Grass	NT=soil metagenome;AC=NCBITaxon:410658	not applicable	not applicable	not applicable	RootWayS_RWS1_Hohenschulen	NT=rhizosphere;AC=ENVO:00005801	NT=agricultural soil;AC=ENVO:00002259	NT=Germany;AC=GAZ:00002646 (54.3122 N, 9.9961 E)	2021	soil profile excavation; spatula sampling within 2 mm of roots/channels	15 cm	Legume/Grass	Maize root in bulk soil (MBS)	T3: Bolting	Mixture	NT=luvisol;AC=ENVO:00002248	17 sandy loam	not available	agricultural	NT=agricultural field;AC=ENVO:00000114	8.8 oC	806 mm/year	maize rhizosphere microbiome (bulk soil)	-80 degree C	1	2021_HS_t3_59	proteomic profiling by mass spectrometry	NT=Q Exactive HF;AC=MS:1002523	NT=label free sample;AC=MS:1002038	NT=Carbamidomethyl;AC=UNIMOD:4;TA=C;MT=Fixed	NT=Oxidation;AC=UNIMOD:35;TA=M;MT=Variable	NT=Trypsin;AC=MS:1001251	NT=Data-Dependent Acquisition;AC=PRIDE:0000627	NT=beam-type collision-induced dissociation;AC=MS:1000422	not available	10 ppm	0.02 Da	1	1	2021_HS_t3_59.raw	PRJNA1045860	v1.1.0	NT=ms-proteomics;VV=v1.1.0	NT=metaproteomics;VV=v1.0.0	NT=soil;VV=v1.0.0	manual curation	Legume/Grass	Maize root in bulk soil (MBS)	15 cm	T3: Bolting
2021_HS_t3_60	T3_MCR_30_60cm_Legume-Grass	NT=soil metagenome;AC=NCBITaxon:410658	not applicable	not applicable	not applicable	RootWayS_RWS1_Hohenschulen	NT=rhizosphere;AC=ENVO:00005801	NT=agricultural soil;AC=ENVO:00002259	NT=Germany;AC=GAZ:00002646 (54.3122 N, 9.9961 E)	2021	soil profile excavation; spatula sampling within 2 mm of roots/channels	45 cm	Legume/Grass	Maize root in cover crop root channel (MCR)	T3: Bolting	Mixture	NT=luvisol;AC=ENVO:00002248	17 sandy loam	not available	agricultural	NT=agricultural field;AC=ENVO:00000114	8.8 oC	806 mm/year	maize rhizosphere microbiome (cover crop root channel)	-80 degree C	1	2021_HS_t3_60	proteomic profiling by mass spectrometry	NT=Q Exactive HF;AC=MS:1002523	NT=label free sample;AC=MS:1002038	NT=Carbamidomethyl;AC=UNIMOD:4;TA=C;MT=Fixed	NT=Oxidation;AC=UNIMOD:35;TA=M;MT=Variable	NT=Trypsin;AC=MS:1001251	NT=Data-Dependent Acquisition;AC=PRIDE:0000627	NT=beam-type collision-induced dissociation;AC=MS:1000422	not available	10 ppm	0.02 Da	1	1	2021_HS_t3_60.raw	PRJNA1045860	v1.1.0	NT=ms-proteomics;VV=v1.1.0	NT=metaproteomics;VV=v1.0.0	NT=soil;VV=v1.0.0	manual curation	Legume/Grass	Maize root in cover crop root channel (MCR)	45 cm	T3: Bolting
2021_HS_t3_61	T3_CR_30_60cm_Legume-Grass	NT=soil metagenome;AC=NCBITaxon:410658	not applicable	not applicable	not applicable	RootWayS_RWS1_Hohenschulen	NT=rhizosphere;AC=ENVO:00005801	NT=agricultural soil;AC=ENVO:00002259	NT=Germany;AC=GAZ:00002646 (54.3122 N, 9.9961 E)	2021	soil profile excavation; spatula sampling within 2 mm of roots/channels	45 cm	Legume/Grass	Cover crop root channel (CR)	T3: Bolting	Mixture	NT=luvisol;AC=ENVO:00002248	17 sandy loam	not available	agricultural	NT=agricultural field;AC=ENVO:00000114	8.8 oC	806 mm/year	cover crop root channel microbiome	-80 degree C	1	2021_HS_t3_61	proteomic profiling by mass spectrometry	NT=Q Exactive HF;AC=MS:1002523	NT=label free sample;AC=MS:1002038	NT=Carbamidomethyl;AC=UNIMOD:4;TA=C;MT=Fixed	NT=Oxidation;AC=UNIMOD:35;TA=M;MT=Variable	NT=Trypsin;AC=MS:1001251	NT=Data-Dependent Acquisition;AC=PRIDE:0000627	NT=beam-type collision-induced dissociation;AC=MS:1000422	not available	10 ppm	0.02 Da	1	1	2021_HS_t3_61.raw	PRJNA1045860	v1.1.0	NT=ms-proteomics;VV=v1.1.0	NT=metaproteomics;VV=v1.0.0	NT=soil;VV=v1.0.0	manual curation	Legume/Grass	Cover crop root channel (CR)	45 cm	T3: Bolting
2021_HS_t3_62	T3_MBS_30_60cm_Legume-Grass	NT=soil metagenome;AC=NCBITaxon:410658	not applicable	not applicable	not applicable	RootWayS_RWS1_Hohenschulen	NT=rhizosphere;AC=ENVO:00005801	NT=agricultural soil;AC=ENVO:00002259	NT=Germany;AC=GAZ:00002646 (54.3122 N, 9.9961 E)	2021	soil profile excavation; spatula sampling within 2 mm of roots/channels	45 cm	Legume/Grass	Maize root in bulk soil (MBS)	T3: Bolting	Mixture	NT=luvisol;AC=ENVO:00002248	17 sandy loam	not available	agricultural	NT=agricultural field;AC=ENVO:00000114	8.8 oC	806 mm/year	maize rhizosphere microbiome (bulk soil)	-80 degree C	1	2021_HS_t3_62	proteomic profiling by mass spectrometry	NT=Q Exactive HF;AC=MS:1002523	NT=label free sample;AC=MS:1002038	NT=Carbamidomethyl;AC=UNIMOD:4;TA=C;MT=Fixed	NT=Oxidation;AC=UNIMOD:35;TA=M;MT=Variable	NT=Trypsin;AC=MS:1001251	NT=Data-Dependent Acquisition;AC=PRIDE:0000627	NT=beam-type collision-induced dissociation;AC=MS:1000422	not available	10 ppm	0.02 Da	1	1	2021_HS_t3_62.raw	PRJNA1045860	v1.1.0	NT=ms-proteomics;VV=v1.1.0	NT=metaproteomics;VV=v1.0.0	NT=soil;VV=v1.0.0	manual curation	Legume/Grass	Maize root in bulk soil (MBS)	45 cm	T3: Bolting
2021_HS_t3_63	T3_MCR_0_30cm_Legume-Grass	NT=soil metagenome;AC=NCBITaxon:410658	not applicable	not applicable	not applicable	RootWayS_RWS1_Hohenschulen	NT=rhizosphere;AC=ENVO:00005801	NT=agricultural soil;AC=ENVO:00002259	NT=Germany;AC=GAZ:00002646 (54.3122 N, 9.9961 E)	2021	soil profile excavation; spatula sampling within 2 mm of roots/channels	15 cm	Legume/Grass	Maize root in cover crop root channel (MCR)	T3: Bolting	Mixture	NT=luvisol;AC=ENVO:00002248	17 sandy loam	not available	agricultural	NT=agricultural field;AC=ENVO:00000114	8.8 oC	806 mm/year	maize rhizosphere microbiome (cover crop root channel)	-80 degree C	2	2021_HS_t3_63	proteomic profiling by mass spectrometry	NT=Q Exactive HF;AC=MS:1002523	NT=label free sample;AC=MS:1002038	NT=Carbamidomethyl;AC=UNIMOD:4;TA=C;MT=Fixed	NT=Oxidation;AC=UNIMOD:35;TA=M;MT=Variable	NT=Trypsin;AC=MS:1001251	NT=Data-Dependent Acquisition;AC=PRIDE:0000627	NT=beam-type collision-induced dissociation;AC=MS:1000422	not available	10 ppm	0.02 Da	1	1	2021_HS_t3_63.raw	PRJNA1045860	v1.1.0	NT=ms-proteomics;VV=v1.1.0	NT=metaproteomics;VV=v1.0.0	NT=soil;VV=v1.0.0	manual curation	Legume/Grass	Maize root in cover crop root channel (MCR)	15 cm	T3: Bolting
2021_HS_t3_63	T3_MCR_0_30cm_Legume-Grass	NT=soil metagenome;AC=NCBITaxon:410658	not applicable	not applicable	not applicable	RootWayS_RWS1_Hohenschulen	NT=rhizosphere;AC=ENVO:00005801	NT=agricultural soil;AC=ENVO:00002259	NT=Germany;AC=GAZ:00002646 (54.3122 N, 9.9961 E)	2021	soil profile excavation; spatula sampling within 2 mm of roots/channels	15 cm	Legume/Grass	Maize root in cover crop root channel (MCR)	T3: Bolting	Mixture	NT=luvisol;AC=ENVO:00002248	17 sandy loam	not available	agricultural	NT=agricultural field;AC=ENVO:00000114	8.8 oC	806 mm/year	maize rhizosphere microbiome (cover crop root channel)	-80 degree C	2	2021_HS_t3_63_2	proteomic profiling by mass spectrometry	NT=Q Exactive HF;AC=MS:1002523	NT=label free sample;AC=MS:1002038	NT=Carbamidomethyl;AC=UNIMOD:4;TA=C;MT=Fixed	NT=Oxidation;AC=UNIMOD:35;TA=M;MT=Variable	NT=Trypsin;AC=MS:1001251	NT=Data-Dependent Acquisition;AC=PRIDE:0000627	NT=beam-type collision-induced dissociation;AC=MS:1000422	not available	10 ppm	0.02 Da	1	2	2021_HS_t3_63_2.raw	PRJNA1045860	v1.1.0	NT=ms-proteomics;VV=v1.1.0	NT=metaproteomics;VV=v1.0.0	NT=soil;VV=v1.0.0	manual curation	Legume/Grass	Maize root in cover crop root channel (MCR)	15 cm	T3: Bolting
2021_HS_t3_64	T3_CR_0_30cm_Legume-Grass	NT=soil metagenome;AC=NCBITaxon:410658	not applicable	not applicable	not applicable	RootWayS_RWS1_Hohenschulen	NT=rhizosphere;AC=ENVO:00005801	NT=agricultural soil;AC=ENVO:00002259	NT=Germany;AC=GAZ:00002646 (54.3122 N, 9.9961 E)	2021	soil profile excavation; spatula sampling within 2 mm of roots/channels	15 cm	Legume/Grass	Cover crop root channel (CR)	T3: Bolting	Mixture	NT=luvisol;AC=ENVO:00002248	17 sandy loam	not available	agricultural	NT=agricultural field;AC=ENVO:00000114	8.8 oC	806 mm/year	cover crop root channel microbiome	-80 degree C	2	2021_HS_t3_64	proteomic profiling by mass spectrometry	NT=Q Exactive HF;AC=MS:1002523	NT=label free sample;AC=MS:1002038	NT=Carbamidomethyl;AC=UNIMOD:4;TA=C;MT=Fixed	NT=Oxidation;AC=UNIMOD:35;TA=M;MT=Variable	NT=Trypsin;AC=MS:1001251	NT=Data-Dependent Acquisition;AC=PRIDE:0000627	NT=beam-type collision-induced dissociation;AC=MS:1000422	not available	10 ppm	0.02 Da	1	1	2021_HS_t3_64.raw	PRJNA1045860	v1.1.0	NT=ms-proteomics;VV=v1.1.0	NT=metaproteomics;VV=v1.0.0	NT=soil;VV=v1.0.0	manual curation	Legume/Grass	Cover crop root channel (CR)	15 cm	T3: Bolting
2021_HS_t3_65	T3_MBS_0_30cm_Legume-Grass	NT=soil metagenome;AC=NCBITaxon:410658	not applicable	not applicable	not applicable	RootWayS_RWS1_Hohenschulen	NT=rhizosphere;AC=ENVO:00005801	NT=agricultural soil;AC=ENVO:00002259	NT=Germany;AC=GAZ:00002646 (54.3122 N, 9.9961 E)	2021	soil profile excavation; spatula sampling within 2 mm of roots/channels	15 cm	Legume/Grass	Maize root in bulk soil (MBS)	T3: Bolting	Mixture	NT=luvisol;AC=ENVO:00002248	17 sandy loam	not available	agricultural	NT=agricultural field;AC=ENVO:00000114	8.8 oC	806 mm/year	maize rhizosphere microbiome (bulk soil)	-80 degree C	2	2021_HS_t3_65	proteomic profiling by mass spectrometry	NT=Q Exactive HF;AC=MS:1002523	NT=label free sample;AC=MS:1002038	NT=Carbamidomethyl;AC=UNIMOD:4;TA=C;MT=Fixed	NT=Oxidation;AC=UNIMOD:35;TA=M;MT=Variable	NT=Trypsin;AC=MS:1001251	NT=Data-Dependent Acquisition;AC=PRIDE:0000627	NT=beam-type collision-induced dissociation;AC=MS:1000422	not available	10 ppm	0.02 Da	1	1	2021_HS_t3_65.raw	PRJNA1045860	v1.1.0	NT=ms-proteomics;VV=v1.1.0	NT=metaproteomics;VV=v1.0.0	NT=soil;VV=v1.0.0	manual curation	Legume/Grass	Maize root in bulk soil (MBS)	15 cm	T3: Bolting
2021_HS_t3_67	T3_CR_30_60cm_Legume-Grass	NT=soil metagenome;AC=NCBITaxon:410658	not applicable	not applicable	not applicable	RootWayS_RWS1_Hohenschulen	NT=rhizosphere;AC=ENVO:00005801	NT=agricultural soil;AC=ENVO:00002259	NT=Germany;AC=GAZ:00002646 (54.3122 N, 9.9961 E)	2021	soil profile excavation; spatula sampling within 2 mm of roots/channels	45 cm	Legume/Grass	Cover crop root channel (CR)	T3: Bolting	Mixture	NT=luvisol;AC=ENVO:00002248	17 sandy loam	not available	agricultural	NT=agricultural field;AC=ENVO:00000114	8.8 oC	806 mm/year	cover crop root channel microbiome	-80 degree C	2	2021_HS_t3_67	proteomic profiling by mass spectrometry	NT=Q Exactive HF;AC=MS:1002523	NT=label free sample;AC=MS:1002038	NT=Carbamidomethyl;AC=UNIMOD:4;TA=C;MT=Fixed	NT=Oxidation;AC=UNIMOD:35;TA=M;MT=Variable	NT=Trypsin;AC=MS:1001251	NT=Data-Dependent Acquisition;AC=PRIDE:0000627	NT=beam-type collision-induced dissociation;AC=MS:1000422	not available	10 ppm	0.02 Da	1	1	2021_HS_t3_67.raw	PRJNA1045860	v1.1.0	NT=ms-proteomics;VV=v1.1.0	NT=metaproteomics;VV=v1.0.0	NT=soil;VV=v1.0.0	manual curation	Legume/Grass	Cover crop root channel (CR)	45 cm	T3: Bolting
2021_HS_t3_68	T3_MBS_30_60cm_Legume-Grass	NT=soil metagenome;AC=NCBITaxon:410658	not applicable	not applicable	not applicable	RootWayS_RWS1_Hohenschulen	NT=rhizosphere;AC=ENVO:00005801	NT=agricultural soil;AC=ENVO:00002259	NT=Germany;AC=GAZ:00002646 (54.3122 N, 9.9961 E)	2021	soil profile excavation; spatula sampling within 2 mm of roots/channels	45 cm	Legume/Grass	Maize root in bulk soil (MBS)	T3: Bolting	Mixture	NT=luvisol;AC=ENVO:00002248	17 sandy loam	not available	agricultural	NT=agricultural field;AC=ENVO:00000114	8.8 oC	806 mm/year	maize rhizosphere microbiome (bulk soil)	-80 degree C	2	2021_HS_t3_68	proteomic profiling by mass spectrometry	NT=Q Exactive HF;AC=MS:1002523	NT=label free sample;AC=MS:1002038	NT=Carbamidomethyl;AC=UNIMOD:4;TA=C;MT=Fixed	NT=Oxidation;AC=UNIMOD:35;TA=M;MT=Variable	NT=Trypsin;AC=MS:1001251	NT=Data-Dependent Acquisition;AC=PRIDE:0000627	NT=beam-type collision-induced dissociation;AC=MS:1000422	not available	10 ppm	0.02 Da	1	1	2021_HS_t3_68.raw	PRJNA1045860	v1.1.0	NT=ms-proteomics;VV=v1.1.0	NT=metaproteomics;VV=v1.0.0	NT=soil;VV=v1.0.0	manual curation	Legume/Grass	Maize root in bulk soil (MBS)	45 cm	T3: Bolting
2021_HS_t3_69	T3_MCR_0_30cm_Legume-Grass	NT=soil metagenome;AC=NCBITaxon:410658	not applicable	not applicable	not applicable	RootWayS_RWS1_Hohenschulen	NT=rhizosphere;AC=ENVO:00005801	NT=agricultural soil;AC=ENVO:00002259	NT=Germany;AC=GAZ:00002646 (54.3122 N, 9.9961 E)	2021	soil profile excavation; spatula sampling within 2 mm of roots/channels	15 cm	Legume/Grass	Maize root in cover crop root channel (MCR)	T3: Bolting	Mixture	NT=luvisol;AC=ENVO:00002248	17 sandy loam	not available	agricultural	NT=agricultural field;AC=ENVO:00000114	8.8 oC	806 mm/year	maize rhizosphere microbiome (cover crop root channel)	-80 degree C	3	2021_HS_t3_69	proteomic profiling by mass spectrometry	NT=Q Exactive HF;AC=MS:1002523	NT=label free sample;AC=MS:1002038	NT=Carbamidomethyl;AC=UNIMOD:4;TA=C;MT=Fixed	NT=Oxidation;AC=UNIMOD:35;TA=M;MT=Variable	NT=Trypsin;AC=MS:1001251	NT=Data-Dependent Acquisition;AC=PRIDE:0000627	NT=beam-type collision-induced dissociation;AC=MS:1000422	not available	10 ppm	0.02 Da	1	1	2021_HS_t3_69.raw	PRJNA1045860	v1.1.0	NT=ms-proteomics;VV=v1.1.0	NT=metaproteomics;VV=v1.0.0	NT=soil;VV=v1.0.0	manual curation	Legume/Grass	Maize root in cover crop root channel (MCR)	15 cm	T3: Bolting
2021_HS_t3_70	T3_CR_0_30cm_Legume-Grass	NT=soil metagenome;AC=NCBITaxon:410658	not applicable	not applicable	not applicable	RootWayS_RWS1_Hohenschulen	NT=rhizosphere;AC=ENVO:00005801	NT=agricultural soil;AC=ENVO:00002259	NT=Germany;AC=GAZ:00002646 (54.3122 N, 9.9961 E)	2021	soil profile excavation; spatula sampling within 2 mm of roots/channels	15 cm	Legume/Grass	Cover crop root channel (CR)	T3: Bolting	Mixture	NT=luvisol;AC=ENVO:00002248	17 sandy loam	not available	agricultural	NT=agricultural field;AC=ENVO:00000114	8.8 oC	806 mm/year	cover crop root channel microbiome	-80 degree C	3	2021_HS_t3_70	proteomic profiling by mass spectrometry	NT=Q Exactive HF;AC=MS:1002523	NT=label free sample;AC=MS:1002038	NT=Carbamidomethyl;AC=UNIMOD:4;TA=C;MT=Fixed	NT=Oxidation;AC=UNIMOD:35;TA=M;MT=Variable	NT=Trypsin;AC=MS:1001251	NT=Data-Dependent Acquisition;AC=PRIDE:0000627	NT=beam-type collision-induced dissociation;AC=MS:1000422	not available	10 ppm	0.02 Da	1	1	2021_HS_t3_70.raw	PRJNA1045860	v1.1.0	NT=ms-proteomics;VV=v1.1.0	NT=metaproteomics;VV=v1.0.0	NT=soil;VV=v1.0.0	manual curation	Legume/Grass	Cover crop root channel (CR)	15 cm	T3: Bolting
2021_HS_t3_71	T3_MBS_0_30cm_Legume-Grass	NT=soil metagenome;AC=NCBITaxon:410658	not applicable	not applicable	not applicable	RootWayS_RWS1_Hohenschulen	NT=rhizosphere;AC=ENVO:00005801	NT=agricultural soil;AC=ENVO:00002259	NT=Germany;AC=GAZ:00002646 (54.3122 N, 9.9961 E)	2021	soil profile excavation; spatula sampling within 2 mm of roots/channels	15 cm	Legume/Grass	Maize root in bulk soil (MBS)	T3: Bolting	Mixture	NT=luvisol;AC=ENVO:00002248	17 sandy loam	not available	agricultural	NT=agricultural field;AC=ENVO:00000114	8.8 oC	806 mm/year	maize rhizosphere microbiome (bulk soil)	-80 degree C	3	2021_HS_t3_71	proteomic profiling by mass spectrometry	NT=Q Exactive HF;AC=MS:1002523	NT=label free sample;AC=MS:1002038	NT=Carbamidomethyl;AC=UNIMOD:4;TA=C;MT=Fixed	NT=Oxidation;AC=UNIMOD:35;TA=M;MT=Variable	NT=Trypsin;AC=MS:1001251	NT=Data-Dependent Acquisition;AC=PRIDE:0000627	NT=beam-type collision-induced dissociation;AC=MS:1000422	not available	10 ppm	0.02 Da	1	1	2021_HS_t3_71.raw	PRJNA1045860	v1.1.0	NT=ms-proteomics;VV=v1.1.0	NT=metaproteomics;VV=v1.0.0	NT=soil;VV=v1.0.0	manual curation	Legume/Grass	Maize root in bulk soil (MBS)	15 cm	T3: Bolting
2021_HS_t3_72	T3_MCR_30_60cm_Legume-Grass	NT=soil metagenome;AC=NCBITaxon:410658	not applicable	not applicable	not applicable	RootWayS_RWS1_Hohenschulen	NT=rhizosphere;AC=ENVO:00005801	NT=agricultural soil;AC=ENVO:00002259	NT=Germany;AC=GAZ:00002646 (54.3122 N, 9.9961 E)	2021	soil profile excavation; spatula sampling within 2 mm of roots/channels	45 cm	Legume/Grass	Maize root in cover crop root channel (MCR)	T3: Bolting	Mixture	NT=luvisol;AC=ENVO:00002248	17 sandy loam	not available	agricultural	NT=agricultural field;AC=ENVO:00000114	8.8 oC	806 mm/year	maize rhizosphere microbiome (cover crop root channel)	-80 degree C	2	2021_HS_t3_72	proteomic profiling by mass spectrometry	NT=Q Exactive HF;AC=MS:1002523	NT=label free sample;AC=MS:1002038	NT=Carbamidomethyl;AC=UNIMOD:4;TA=C;MT=Fixed	NT=Oxidation;AC=UNIMOD:35;TA=M;MT=Variable	NT=Trypsin;AC=MS:1001251	NT=Data-Dependent Acquisition;AC=PRIDE:0000627	NT=beam-type collision-induced dissociation;AC=MS:1000422	not available	10 ppm	0.02 Da	1	1	2021_HS_t3_72.raw	PRJNA1045860	v1.1.0	NT=ms-proteomics;VV=v1.1.0	NT=metaproteomics;VV=v1.0.0	NT=soil;VV=v1.0.0	manual curation	Legume/Grass	Maize root in cover crop root channel (MCR)	45 cm	T3: Bolting
2021_HS_t3_73	T3_CR_30_60cm_Legume-Grass	NT=soil metagenome;AC=NCBITaxon:410658	not applicable	not applicable	not applicable	RootWayS_RWS1_Hohenschulen	NT=rhizosphere;AC=ENVO:00005801	NT=agricultural soil;AC=ENVO:00002259	NT=Germany;AC=GAZ:00002646 (54.3122 N, 9.9961 E)	2021	soil profile excavation; spatula sampling within 2 mm of roots/channels	45 cm	Legume/Grass	Cover crop root channel (CR)	T3: Bolting	Mixture	NT=luvisol;AC=ENVO:00002248	17 sandy loam	not available	agricultural	NT=agricultural field;AC=ENVO:00000114	8.8 oC	806 mm/year	cover crop root channel microbiome	-80 degree C	3	2021_HS_t3_73	proteomic profiling by mass spectrometry	NT=Q Exactive HF;AC=MS:1002523	NT=label free sample;AC=MS:1002038	NT=Carbamidomethyl;AC=UNIMOD:4;TA=C;MT=Fixed	NT=Oxidation;AC=UNIMOD:35;TA=M;MT=Variable	NT=Trypsin;AC=MS:1001251	NT=Data-Dependent Acquisition;AC=PRIDE:0000627	NT=beam-type collision-induced dissociation;AC=MS:1000422	not available	10 ppm	0.02 Da	1	1	2021_HS_t3_73.raw	PRJNA1045860	v1.1.0	NT=ms-proteomics;VV=v1.1.0	NT=metaproteomics;VV=v1.0.0	NT=soil;VV=v1.0.0	manual curation	Legume/Grass	Cover crop root channel (CR)	45 cm	T3: Bolting
2021_HS_t3_74	T3_MBS_30_60cm_Legume-Grass	NT=soil metagenome;AC=NCBITaxon:410658	not applicable	not applicable	not applicable	RootWayS_RWS1_Hohenschulen	NT=rhizosphere;AC=ENVO:00005801	NT=agricultural soil;AC=ENVO:00002259	NT=Germany;AC=GAZ:00002646 (54.3122 N, 9.9961 E)	2021	soil profile excavation; spatula sampling within 2 mm of roots/channels	45 cm	Legume/Grass	Maize root in bulk soil (MBS)	T3: Bolting	Mixture	NT=luvisol;AC=ENVO:00002248	17 sandy loam	not available	agricultural	NT=agricultural field;AC=ENVO:00000114	8.8 oC	806 mm/year	maize rhizosphere microbiome (bulk soil)	-80 degree C	3	2021_HS_t3_74	proteomic profiling by mass spectrometry	NT=Q Exactive HF;AC=MS:1002523	NT=label free sample;AC=MS:1002038	NT=Carbamidomethyl;AC=UNIMOD:4;TA=C;MT=Fixed	NT=Oxidation;AC=UNIMOD:35;TA=M;MT=Variable	NT=Trypsin;AC=MS:1001251	NT=Data-Dependent Acquisition;AC=PRIDE:0000627	NT=beam-type collision-induced dissociation;AC=MS:1000422	not available	10 ppm	0.02 Da	1	1	2021_HS_t3_74.raw	PRJNA1045860	v1.1.0	NT=ms-proteomics;VV=v1.1.0	NT=metaproteomics;VV=v1.0.0	NT=soil;VV=v1.0.0	manual curation	Legume/Grass	Maize root in bulk soil (MBS)	45 cm	T3: Bolting
2021_HS_t3_75	T3_MCR_0_30cm_Legume-Brassica	NT=soil metagenome;AC=NCBITaxon:410658	not applicable	not applicable	not applicable	RootWayS_RWS1_Hohenschulen	NT=rhizosphere;AC=ENVO:00005801	NT=agricultural soil;AC=ENVO:00002259	NT=Germany;AC=GAZ:00002646 (54.3122 N, 9.9961 E)	2021	soil profile excavation; spatula sampling within 2 mm of roots/channels	15 cm	Legume/Brassica	Maize root in cover crop root channel (MCR)	T3: Bolting	Mixture	NT=luvisol;AC=ENVO:00002248	17 sandy loam	not available	agricultural	NT=agricultural field;AC=ENVO:00000114	8.8 oC	806 mm/year	maize rhizosphere microbiome (cover crop root channel)	-80 degree C	1	2021_HS_t3_75	proteomic profiling by mass spectrometry	NT=Q Exactive HF;AC=MS:1002523	NT=label free sample;AC=MS:1002038	NT=Carbamidomethyl;AC=UNIMOD:4;TA=C;MT=Fixed	NT=Oxidation;AC=UNIMOD:35;TA=M;MT=Variable	NT=Trypsin;AC=MS:1001251	NT=Data-Dependent Acquisition;AC=PRIDE:0000627	NT=beam-type collision-induced dissociation;AC=MS:1000422	not available	10 ppm	0.02 Da	1	1	2021_HS_t3_75.raw	PRJNA1045860	v1.1.0	NT=ms-proteomics;VV=v1.1.0	NT=metaproteomics;VV=v1.0.0	NT=soil;VV=v1.0.0	manual curation	Legume/Brassica	Maize root in cover crop root channel (MCR)	15 cm	T3: Bolting
2021_HS_t3_76	T3_CR_0_30cm_Legume-Brassica	NT=soil metagenome;AC=NCBITaxon:410658	not applicable	not applicable	not applicable	RootWayS_RWS1_Hohenschulen	NT=rhizosphere;AC=ENVO:00005801	NT=agricultural soil;AC=ENVO:00002259	NT=Germany;AC=GAZ:00002646 (54.3122 N, 9.9961 E)	2021	soil profile excavation; spatula sampling within 2 mm of roots/channels	15 cm	Legume/Brassica	Cover crop root channel (CR)	T3: Bolting	Mixture	NT=luvisol;AC=ENVO:00002248	17 sandy loam	not available	agricultural	NT=agricultural field;AC=ENVO:00000114	8.8 oC	806 mm/year	cover crop root channel microbiome	-80 degree C	1	2021_HS_t3_76	proteomic profiling by mass spectrometry	NT=Q Exactive HF;AC=MS:1002523	NT=label free sample;AC=MS:1002038	NT=Carbamidomethyl;AC=UNIMOD:4;TA=C;MT=Fixed	NT=Oxidation;AC=UNIMOD:35;TA=M;MT=Variable	NT=Trypsin;AC=MS:1001251	NT=Data-Dependent Acquisition;AC=PRIDE:0000627	NT=beam-type collision-induced dissociation;AC=MS:1000422	not available	10 ppm	0.02 Da	1	1	2021_HS_t3_76.raw	PRJNA1045860	v1.1.0	NT=ms-proteomics;VV=v1.1.0	NT=metaproteomics;VV=v1.0.0	NT=soil;VV=v1.0.0	manual curation	Legume/Brassica	Cover crop root channel (CR)	15 cm	T3: Bolting
2021_HS_t3_77	T3_MBS_0_30cm_Legume-Brassica	NT=soil metagenome;AC=NCBITaxon:410658	not applicable	not applicable	not applicable	RootWayS_RWS1_Hohenschulen	NT=rhizosphere;AC=ENVO:00005801	NT=agricultural soil;AC=ENVO:00002259	NT=Germany;AC=GAZ:00002646 (54.3122 N, 9.9961 E)	2021	soil profile excavation; spatula sampling within 2 mm of roots/channels	15 cm	Legume/Brassica	Maize root in bulk soil (MBS)	T3: Bolting	Mixture	NT=luvisol;AC=ENVO:00002248	17 sandy loam	not available	agricultural	NT=agricultural field;AC=ENVO:00000114	8.8 oC	806 mm/year	maize rhizosphere microbiome (bulk soil)	-80 degree C	1	2021_HS_t3_77	proteomic profiling by mass spectrometry	NT=Q Exactive HF;AC=MS:1002523	NT=label free sample;AC=MS:1002038	NT=Carbamidomethyl;AC=UNIMOD:4;TA=C;MT=Fixed	NT=Oxidation;AC=UNIMOD:35;TA=M;MT=Variable	NT=Trypsin;AC=MS:1001251	NT=Data-Dependent Acquisition;AC=PRIDE:0000627	NT=beam-type collision-induced dissociation;AC=MS:1000422	not available	10 ppm	0.02 Da	1	1	2021_HS_t3_77.raw	PRJNA1045860	v1.1.0	NT=ms-proteomics;VV=v1.1.0	NT=metaproteomics;VV=v1.0.0	NT=soil;VV=v1.0.0	manual curation	Legume/Brassica	Maize root in bulk soil (MBS)	15 cm	T3: Bolting
2021_HS_t3_78	T3_MCR_30_60cm_Legume-Brassica	NT=soil metagenome;AC=NCBITaxon:410658	not applicable	not applicable	not applicable	RootWayS_RWS1_Hohenschulen	NT=rhizosphere;AC=ENVO:00005801	NT=agricultural soil;AC=ENVO:00002259	NT=Germany;AC=GAZ:00002646 (54.3122 N, 9.9961 E)	2021	soil profile excavation; spatula sampling within 2 mm of roots/channels	45 cm	Legume/Brassica	Maize root in cover crop root channel (MCR)	T3: Bolting	Mixture	NT=luvisol;AC=ENVO:00002248	17 sandy loam	not available	agricultural	NT=agricultural field;AC=ENVO:00000114	8.8 oC	806 mm/year	maize rhizosphere microbiome (cover crop root channel)	-80 degree C	1	2021_HS_t3_78	proteomic profiling by mass spectrometry	NT=Q Exactive HF;AC=MS:1002523	NT=label free sample;AC=MS:1002038	NT=Carbamidomethyl;AC=UNIMOD:4;TA=C;MT=Fixed	NT=Oxidation;AC=UNIMOD:35;TA=M;MT=Variable	NT=Trypsin;AC=MS:1001251	NT=Data-Dependent Acquisition;AC=PRIDE:0000627	NT=beam-type collision-induced dissociation;AC=MS:1000422	not available	10 ppm	0.02 Da	1	1	2021_HS_t3_78.raw	PRJNA1045860	v1.1.0	NT=ms-proteomics;VV=v1.1.0	NT=metaproteomics;VV=v1.0.0	NT=soil;VV=v1.0.0	manual curation	Legume/Brassica	Maize root in cover crop root channel (MCR)	45 cm	T3: Bolting
2021_HS_t3_79	T3_CR_30_60cm_Legume-Brassica	NT=soil metagenome;AC=NCBITaxon:410658	not applicable	not applicable	not applicable	RootWayS_RWS1_Hohenschulen	NT=rhizosphere;AC=ENVO:00005801	NT=agricultural soil;AC=ENVO:00002259	NT=Germany;AC=GAZ:00002646 (54.3122 N, 9.9961 E)	2021	soil profile excavation; spatula sampling within 2 mm of roots/channels	45 cm	Legume/Brassica	Cover crop root channel (CR)	T3: Bolting	Mixture	NT=luvisol;AC=ENVO:00002248	17 sandy loam	not available	agricultural	NT=agricultural field;AC=ENVO:00000114	8.8 oC	806 mm/year	cover crop root channel microbiome	-80 degree C	1	2021_HS_t3_79_2	proteomic profiling by mass spectrometry	NT=Q Exactive HF;AC=MS:1002523	NT=label free sample;AC=MS:1002038	NT=Carbamidomethyl;AC=UNIMOD:4;TA=C;MT=Fixed	NT=Oxidation;AC=UNIMOD:35;TA=M;MT=Variable	NT=Trypsin;AC=MS:1001251	NT=Data-Dependent Acquisition;AC=PRIDE:0000627	NT=beam-type collision-induced dissociation;AC=MS:1000422	not available	10 ppm	0.02 Da	1	1	2021_HS_t3_79_2.raw	PRJNA1045860	v1.1.0	NT=ms-proteomics;VV=v1.1.0	NT=metaproteomics;VV=v1.0.0	NT=soil;VV=v1.0.0	manual curation	Legume/Brassica	Cover crop root channel (CR)	45 cm	T3: Bolting
2021_HS_t3_8	T3_CR_0_30cm_Red_Clover	NT=soil metagenome;AC=NCBITaxon:410658	not applicable	not applicable	not applicable	RootWayS_RWS1_Hohenschulen	NT=rhizosphere;AC=ENVO:00005801	NT=agricultural soil;AC=ENVO:00002259	NT=Germany;AC=GAZ:00002646 (54.3122 N, 9.9961 E)	2021	soil profile excavation; spatula sampling within 2 mm of roots/channels	15 cm	Red Clover	Cover crop root channel (CR)	T3: Bolting	Monoculture	NT=luvisol;AC=ENVO:00002248	17 sandy loam	not available	agricultural	NT=agricultural field;AC=ENVO:00000114	8.8 oC	806 mm/year	cover crop root channel microbiome	-80 degree C	3	2021_HS_t3_8	proteomic profiling by mass spectrometry	NT=Q Exactive HF;AC=MS:1002523	NT=label free sample;AC=MS:1002038	NT=Carbamidomethyl;AC=UNIMOD:4;TA=C;MT=Fixed	NT=Oxidation;AC=UNIMOD:35;TA=M;MT=Variable	NT=Trypsin;AC=MS:1001251	NT=Data-Dependent Acquisition;AC=PRIDE:0000627	NT=beam-type collision-induced dissociation;AC=MS:1000422	not available	10 ppm	0.02 Da	1	1	2021_HS_t3_8.raw	PRJNA1045860	v1.1.0	NT=ms-proteomics;VV=v1.1.0	NT=metaproteomics;VV=v1.0.0	NT=soil;VV=v1.0.0	manual curation	Red Clover	Cover crop root channel (CR)	15 cm	T3: Bolting
2021_HS_t3_80	T3_MBS_30_60cm_Legume-Brassica	NT=soil metagenome;AC=NCBITaxon:410658	not applicable	not applicable	not applicable	RootWayS_RWS1_Hohenschulen	NT=rhizosphere;AC=ENVO:00005801	NT=agricultural soil;AC=ENVO:00002259	NT=Germany;AC=GAZ:00002646 (54.3122 N, 9.9961 E)	2021	soil profile excavation; spatula sampling within 2 mm of roots/channels	45 cm	Legume/Brassica	Maize root in bulk soil (MBS)	T3: Bolting	Mixture	NT=luvisol;AC=ENVO:00002248	17 sandy loam	not available	agricultural	NT=agricultural field;AC=ENVO:00000114	8.8 oC	806 mm/year	maize rhizosphere microbiome (bulk soil)	-80 degree C	1	2021_HS_t3_80	proteomic profiling by mass spectrometry	NT=Q Exactive HF;AC=MS:1002523	NT=label free sample;AC=MS:1002038	NT=Carbamidomethyl;AC=UNIMOD:4;TA=C;MT=Fixed	NT=Oxidation;AC=UNIMOD:35;TA=M;MT=Variable	NT=Trypsin;AC=MS:1001251	NT=Data-Dependent Acquisition;AC=PRIDE:0000627	NT=beam-type collision-induced dissociation;AC=MS:1000422	not available	10 ppm	0.02 Da	1	1	2021_HS_t3_80.raw	PRJNA1045860	v1.1.0	NT=ms-proteomics;VV=v1.1.0	NT=metaproteomics;VV=v1.0.0	NT=soil;VV=v1.0.0	manual curation	Legume/Brassica	Maize root in bulk soil (MBS)	45 cm	T3: Bolting
2021_HS_t3_82	T3_CR_0_30cm_Legume-Brassica	NT=soil metagenome;AC=NCBITaxon:410658	not applicable	not applicable	not applicable	RootWayS_RWS1_Hohenschulen	NT=rhizosphere;AC=ENVO:00005801	NT=agricultural soil;AC=ENVO:00002259	NT=Germany;AC=GAZ:00002646 (54.3122 N, 9.9961 E)	2021	soil profile excavation; spatula sampling within 2 mm of roots/channels	15 cm	Legume/Brassica	Cover crop root channel (CR)	T3: Bolting	Mixture	NT=luvisol;AC=ENVO:00002248	17 sandy loam	not available	agricultural	NT=agricultural field;AC=ENVO:00000114	8.8 oC	806 mm/year	cover crop root channel microbiome	-80 degree C	2	2021_HS_t3_82	proteomic profiling by mass spectrometry	NT=Q Exactive HF;AC=MS:1002523	NT=label free sample;AC=MS:1002038	NT=Carbamidomethyl;AC=UNIMOD:4;TA=C;MT=Fixed	NT=Oxidation;AC=UNIMOD:35;TA=M;MT=Variable	NT=Trypsin;AC=MS:1001251	NT=Data-Dependent Acquisition;AC=PRIDE:0000627	NT=beam-type collision-induced dissociation;AC=MS:1000422	not available	10 ppm	0.02 Da	1	1	2021_HS_t3_82.raw	PRJNA1045860	v1.1.0	NT=ms-proteomics;VV=v1.1.0	NT=metaproteomics;VV=v1.0.0	NT=soil;VV=v1.0.0	manual curation	Legume/Brassica	Cover crop root channel (CR)	15 cm	T3: Bolting
2021_HS_t3_83	T3_MBS_0_30cm_Legume-Brassica	NT=soil metagenome;AC=NCBITaxon:410658	not applicable	not applicable	not applicable	RootWayS_RWS1_Hohenschulen	NT=rhizosphere;AC=ENVO:00005801	NT=agricultural soil;AC=ENVO:00002259	NT=Germany;AC=GAZ:00002646 (54.3122 N, 9.9961 E)	2021	soil profile excavation; spatula sampling within 2 mm of roots/channels	15 cm	Legume/Brassica	Maize root in bulk soil (MBS)	T3: Bolting	Mixture	NT=luvisol;AC=ENVO:00002248	17 sandy loam	not available	agricultural	NT=agricultural field;AC=ENVO:00000114	8.8 oC	806 mm/year	maize rhizosphere microbiome (bulk soil)	-80 degree C	2	2021_HS_t3_83	proteomic profiling by mass spectrometry	NT=Q Exactive HF;AC=MS:1002523	NT=label free sample;AC=MS:1002038	NT=Carbamidomethyl;AC=UNIMOD:4;TA=C;MT=Fixed	NT=Oxidation;AC=UNIMOD:35;TA=M;MT=Variable	NT=Trypsin;AC=MS:1001251	NT=Data-Dependent Acquisition;AC=PRIDE:0000627	NT=beam-type collision-induced dissociation;AC=MS:1000422	not available	10 ppm	0.02 Da	1	1	2021_HS_t3_83.raw	PRJNA1045860	v1.1.0	NT=ms-proteomics;VV=v1.1.0	NT=metaproteomics;VV=v1.0.0	NT=soil;VV=v1.0.0	manual curation	Legume/Brassica	Maize root in bulk soil (MBS)	15 cm	T3: Bolting
2021_HS_t3_85	T3_CR_30_60cm_Legume-Brassica	NT=soil metagenome;AC=NCBITaxon:410658	not applicable	not applicable	not applicable	RootWayS_RWS1_Hohenschulen	NT=rhizosphere;AC=ENVO:00005801	NT=agricultural soil;AC=ENVO:00002259	NT=Germany;AC=GAZ:00002646 (54.3122 N, 9.9961 E)	2021	soil profile excavation; spatula sampling within 2 mm of roots/channels	45 cm	Legume/Brassica	Cover crop root channel (CR)	T3: Bolting	Mixture	NT=luvisol;AC=ENVO:00002248	17 sandy loam	not available	agricultural	NT=agricultural field;AC=ENVO:00000114	8.8 oC	806 mm/year	cover crop root channel microbiome	-80 degree C	2	2021_HS_t3_85	proteomic profiling by mass spectrometry	NT=Q Exactive HF;AC=MS:1002523	NT=label free sample;AC=MS:1002038	NT=Carbamidomethyl;AC=UNIMOD:4;TA=C;MT=Fixed	NT=Oxidation;AC=UNIMOD:35;TA=M;MT=Variable	NT=Trypsin;AC=MS:1001251	NT=Data-Dependent Acquisition;AC=PRIDE:0000627	NT=beam-type collision-induced dissociation;AC=MS:1000422	not available	10 ppm	0.02 Da	1	1	2021_HS_t3_85.raw	PRJNA1045860	v1.1.0	NT=ms-proteomics;VV=v1.1.0	NT=metaproteomics;VV=v1.0.0	NT=soil;VV=v1.0.0	manual curation	Legume/Brassica	Cover crop root channel (CR)	45 cm	T3: Bolting
2021_HS_t3_86	T3_MBS_30_60cm_Legume-Brassica	NT=soil metagenome;AC=NCBITaxon:410658	not applicable	not applicable	not applicable	RootWayS_RWS1_Hohenschulen	NT=rhizosphere;AC=ENVO:00005801	NT=agricultural soil;AC=ENVO:00002259	NT=Germany;AC=GAZ:00002646 (54.3122 N, 9.9961 E)	2021	soil profile excavation; spatula sampling within 2 mm of roots/channels	45 cm	Legume/Brassica	Maize root in bulk soil (MBS)	T3: Bolting	Mixture	NT=luvisol;AC=ENVO:00002248	17 sandy loam	not available	agricultural	NT=agricultural field;AC=ENVO:00000114	8.8 oC	806 mm/year	maize rhizosphere microbiome (bulk soil)	-80 degree C	2	2021_HS_t3_86	proteomic profiling by mass spectrometry	NT=Q Exactive HF;AC=MS:1002523	NT=label free sample;AC=MS:1002038	NT=Carbamidomethyl;AC=UNIMOD:4;TA=C;MT=Fixed	NT=Oxidation;AC=UNIMOD:35;TA=M;MT=Variable	NT=Trypsin;AC=MS:1001251	NT=Data-Dependent Acquisition;AC=PRIDE:0000627	NT=beam-type collision-induced dissociation;AC=MS:1000422	not available	10 ppm	0.02 Da	1	1	2021_HS_t3_86.raw	PRJNA1045860	v1.1.0	NT=ms-proteomics;VV=v1.1.0	NT=metaproteomics;VV=v1.0.0	NT=soil;VV=v1.0.0	manual curation	Legume/Brassica	Maize root in bulk soil (MBS)	45 cm	T3: Bolting
2021_HS_t3_86	T3_MBS_30_60cm_Legume-Brassica	NT=soil metagenome;AC=NCBITaxon:410658	not applicable	not applicable	not applicable	RootWayS_RWS1_Hohenschulen	NT=rhizosphere;AC=ENVO:00005801	NT=agricultural soil;AC=ENVO:00002259	NT=Germany;AC=GAZ:00002646 (54.3122 N, 9.9961 E)	2021	soil profile excavation; spatula sampling within 2 mm of roots/channels	45 cm	Legume/Brassica	Maize root in bulk soil (MBS)	T3: Bolting	Mixture	NT=luvisol;AC=ENVO:00002248	17 sandy loam	not available	agricultural	NT=agricultural field;AC=ENVO:00000114	8.8 oC	806 mm/year	maize rhizosphere microbiome (bulk soil)	-80 degree C	2	2021_HS_t3_86_2	proteomic profiling by mass spectrometry	NT=Q Exactive HF;AC=MS:1002523	NT=label free sample;AC=MS:1002038	NT=Carbamidomethyl;AC=UNIMOD:4;TA=C;MT=Fixed	NT=Oxidation;AC=UNIMOD:35;TA=M;MT=Variable	NT=Trypsin;AC=MS:1001251	NT=Data-Dependent Acquisition;AC=PRIDE:0000627	NT=beam-type collision-induced dissociation;AC=MS:1000422	not available	10 ppm	0.02 Da	1	2	2021_HS_t3_86_2.raw	PRJNA1045860	v1.1.0	NT=ms-proteomics;VV=v1.1.0	NT=metaproteomics;VV=v1.0.0	NT=soil;VV=v1.0.0	manual curation	Legume/Brassica	Maize root in bulk soil (MBS)	45 cm	T3: Bolting
2021_HS_t3_87	T3_MCR_0_30cm_Legume-Brassica	NT=soil metagenome;AC=NCBITaxon:410658	not applicable	not applicable	not applicable	RootWayS_RWS1_Hohenschulen	NT=rhizosphere;AC=ENVO:00005801	NT=agricultural soil;AC=ENVO:00002259	NT=Germany;AC=GAZ:00002646 (54.3122 N, 9.9961 E)	2021	soil profile excavation; spatula sampling within 2 mm of roots/channels	15 cm	Legume/Brassica	Maize root in cover crop root channel (MCR)	T3: Bolting	Mixture	NT=luvisol;AC=ENVO:00002248	17 sandy loam	not available	agricultural	NT=agricultural field;AC=ENVO:00000114	8.8 oC	806 mm/year	maize rhizosphere microbiome (cover crop root channel)	-80 degree C	2	2021_HS_t3_87_20221017214506	proteomic profiling by mass spectrometry	NT=Q Exactive HF;AC=MS:1002523	NT=label free sample;AC=MS:1002038	NT=Carbamidomethyl;AC=UNIMOD:4;TA=C;MT=Fixed	NT=Oxidation;AC=UNIMOD:35;TA=M;MT=Variable	NT=Trypsin;AC=MS:1001251	NT=Data-Dependent Acquisition;AC=PRIDE:0000627	NT=beam-type collision-induced dissociation;AC=MS:1000422	not available	10 ppm	0.02 Da	1	1	2021_HS_t3_87_20221017214506.raw	PRJNA1045860	v1.1.0	NT=ms-proteomics;VV=v1.1.0	NT=metaproteomics;VV=v1.0.0	NT=soil;VV=v1.0.0	manual curation	Legume/Brassica	Maize root in cover crop root channel (MCR)	15 cm	T3: Bolting
2021_HS_t3_88	T3_CR_0_30cm_Legume-Brassica	NT=soil metagenome;AC=NCBITaxon:410658	not applicable	not applicable	not applicable	RootWayS_RWS1_Hohenschulen	NT=rhizosphere;AC=ENVO:00005801	NT=agricultural soil;AC=ENVO:00002259	NT=Germany;AC=GAZ:00002646 (54.3122 N, 9.9961 E)	2021	soil profile excavation; spatula sampling within 2 mm of roots/channels	15 cm	Legume/Brassica	Cover crop root channel (CR)	T3: Bolting	Mixture	NT=luvisol;AC=ENVO:00002248	17 sandy loam	not available	agricultural	NT=agricultural field;AC=ENVO:00000114	8.8 oC	806 mm/year	cover crop root channel microbiome	-80 degree C	3	2021_HS_t3_88_20221019151038	proteomic profiling by mass spectrometry	NT=Q Exactive HF;AC=MS:1002523	NT=label free sample;AC=MS:1002038	NT=Carbamidomethyl;AC=UNIMOD:4;TA=C;MT=Fixed	NT=Oxidation;AC=UNIMOD:35;TA=M;MT=Variable	NT=Trypsin;AC=MS:1001251	NT=Data-Dependent Acquisition;AC=PRIDE:0000627	NT=beam-type collision-induced dissociation;AC=MS:1000422	not available	10 ppm	0.02 Da	1	1	2021_HS_t3_88_20221019151038.raw	PRJNA1045860	v1.1.0	NT=ms-proteomics;VV=v1.1.0	NT=metaproteomics;VV=v1.0.0	NT=soil;VV=v1.0.0	manual curation	Legume/Brassica	Cover crop root channel (CR)	15 cm	T3: Bolting
2021_HS_t3_89	T3_MBS_0_30cm_Legume-Brassica	NT=soil metagenome;AC=NCBITaxon:410658	not applicable	not applicable	not applicable	RootWayS_RWS1_Hohenschulen	NT=rhizosphere;AC=ENVO:00005801	NT=agricultural soil;AC=ENVO:00002259	NT=Germany;AC=GAZ:00002646 (54.3122 N, 9.9961 E)	2021	soil profile excavation; spatula sampling within 2 mm of roots/channels	15 cm	Legume/Brassica	Maize root in bulk soil (MBS)	T3: Bolting	Mixture	NT=luvisol;AC=ENVO:00002248	17 sandy loam	not available	agricultural	NT=agricultural field;AC=ENVO:00000114	8.8 oC	806 mm/year	maize rhizosphere microbiome (bulk soil)	-80 degree C	3	2021_HS_t3_89	proteomic profiling by mass spectrometry	NT=Q Exactive HF;AC=MS:1002523	NT=label free sample;AC=MS:1002038	NT=Carbamidomethyl;AC=UNIMOD:4;TA=C;MT=Fixed	NT=Oxidation;AC=UNIMOD:35;TA=M;MT=Variable	NT=Trypsin;AC=MS:1001251	NT=Data-Dependent Acquisition;AC=PRIDE:0000627	NT=beam-type collision-induced dissociation;AC=MS:1000422	not available	10 ppm	0.02 Da	1	1	2021_HS_t3_89.raw	PRJNA1045860	v1.1.0	NT=ms-proteomics;VV=v1.1.0	NT=metaproteomics;VV=v1.0.0	NT=soil;VV=v1.0.0	manual curation	Legume/Brassica	Maize root in bulk soil (MBS)	15 cm	T3: Bolting
2021_HS_t3_9	T3_MBS_0_30cm_Red_Clover	NT=soil metagenome;AC=NCBITaxon:410658	not applicable	not applicable	not applicable	RootWayS_RWS1_Hohenschulen	NT=rhizosphere;AC=ENVO:00005801	NT=agricultural soil;AC=ENVO:00002259	NT=Germany;AC=GAZ:00002646 (54.3122 N, 9.9961 E)	2021	soil profile excavation; spatula sampling within 2 mm of roots/channels	15 cm	Red Clover	Maize root in bulk soil (MBS)	T3: Bolting	Monoculture	NT=luvisol;AC=ENVO:00002248	17 sandy loam	not available	agricultural	NT=agricultural field;AC=ENVO:00000114	8.8 oC	806 mm/year	maize rhizosphere microbiome (bulk soil)	-80 degree C	3	2021_HS_t3_9	proteomic profiling by mass spectrometry	NT=Q Exactive HF;AC=MS:1002523	NT=label free sample;AC=MS:1002038	NT=Carbamidomethyl;AC=UNIMOD:4;TA=C;MT=Fixed	NT=Oxidation;AC=UNIMOD:35;TA=M;MT=Variable	NT=Trypsin;AC=MS:1001251	NT=Data-Dependent Acquisition;AC=PRIDE:0000627	NT=beam-type collision-induced dissociation;AC=MS:1000422	not available	10 ppm	0.02 Da	1	1	2021_HS_t3_9.raw	PRJNA1045860	v1.1.0	NT=ms-proteomics;VV=v1.1.0	NT=metaproteomics;VV=v1.0.0	NT=soil;VV=v1.0.0	manual curation	Red Clover	Maize root in bulk soil (MBS)	15 cm	T3: Bolting
2021_HS_t3_91	T3_CR_30_60cm_Legume-Brassica	NT=soil metagenome;AC=NCBITaxon:410658	not applicable	not applicable	not applicable	RootWayS_RWS1_Hohenschulen	NT=rhizosphere;AC=ENVO:00005801	NT=agricultural soil;AC=ENVO:00002259	NT=Germany;AC=GAZ:00002646 (54.3122 N, 9.9961 E)	2021	soil profile excavation; spatula sampling within 2 mm of roots/channels	45 cm	Legume/Brassica	Cover crop root channel (CR)	T3: Bolting	Mixture	NT=luvisol;AC=ENVO:00002248	17 sandy loam	not available	agricultural	NT=agricultural field;AC=ENVO:00000114	8.8 oC	806 mm/year	cover crop root channel microbiome	-80 degree C	3	2021_HS_t3_91	proteomic profiling by mass spectrometry	NT=Q Exactive HF;AC=MS:1002523	NT=label free sample;AC=MS:1002038	NT=Carbamidomethyl;AC=UNIMOD:4;TA=C;MT=Fixed	NT=Oxidation;AC=UNIMOD:35;TA=M;MT=Variable	NT=Trypsin;AC=MS:1001251	NT=Data-Dependent Acquisition;AC=PRIDE:0000627	NT=beam-type collision-induced dissociation;AC=MS:1000422	not available	10 ppm	0.02 Da	1	1	2021_HS_t3_91.raw	PRJNA1045860	v1.1.0	NT=ms-proteomics;VV=v1.1.0	NT=metaproteomics;VV=v1.0.0	NT=soil;VV=v1.0.0	manual curation	Legume/Brassica	Cover crop root channel (CR)	45 cm	T3: Bolting
2021_HS_t3_92	T3_MBS_30_60cm_Legume-Brassica	NT=soil metagenome;AC=NCBITaxon:410658	not applicable	not applicable	not applicable	RootWayS_RWS1_Hohenschulen	NT=rhizosphere;AC=ENVO:00005801	NT=agricultural soil;AC=ENVO:00002259	NT=Germany;AC=GAZ:00002646 (54.3122 N, 9.9961 E)	2021	soil profile excavation; spatula sampling within 2 mm of roots/channels	45 cm	Legume/Brassica	Maize root in bulk soil (MBS)	T3: Bolting	Mixture	NT=luvisol;AC=ENVO:00002248	17 sandy loam	not available	agricultural	NT=agricultural field;AC=ENVO:00000114	8.8 oC	806 mm/year	maize rhizosphere microbiome (bulk soil)	-80 degree C	3	2021_HS_t3_92	proteomic profiling by mass spectrometry	NT=Q Exactive HF;AC=MS:1002523	NT=label free sample;AC=MS:1002038	NT=Carbamidomethyl;AC=UNIMOD:4;TA=C;MT=Fixed	NT=Oxidation;AC=UNIMOD:35;TA=M;MT=Variable	NT=Trypsin;AC=MS:1001251	NT=Data-Dependent Acquisition;AC=PRIDE:0000627	NT=beam-type collision-induced dissociation;AC=MS:1000422	not available	10 ppm	0.02 Da	1	1	2021_HS_t3_92.raw	PRJNA1045860	v1.1.0	NT=ms-proteomics;VV=v1.1.0	NT=metaproteomics;VV=v1.0.0	NT=soil;VV=v1.0.0	manual curation	Legume/Brassica	Maize root in bulk soil (MBS)	45 cm	T3: Bolting
2021_HS_t3_93	T3_MCR_0_30cm_Brassica-Grass	NT=soil metagenome;AC=NCBITaxon:410658	not applicable	not applicable	not applicable	RootWayS_RWS1_Hohenschulen	NT=rhizosphere;AC=ENVO:00005801	NT=agricultural soil;AC=ENVO:00002259	NT=Germany;AC=GAZ:00002646 (54.3122 N, 9.9961 E)	2021	soil profile excavation; spatula sampling within 2 mm of roots/channels	15 cm	Brassica/Grass	Maize root in cover crop root channel (MCR)	T3: Bolting	Mixture	NT=luvisol;AC=ENVO:00002248	17 sandy loam	not available	agricultural	NT=agricultural field;AC=ENVO:00000114	8.8 oC	806 mm/year	maize rhizosphere microbiome (cover crop root channel)	-80 degree C	2	2021_HS_t3_93	proteomic profiling by mass spectrometry	NT=Q Exactive HF;AC=MS:1002523	NT=label free sample;AC=MS:1002038	NT=Carbamidomethyl;AC=UNIMOD:4;TA=C;MT=Fixed	NT=Oxidation;AC=UNIMOD:35;TA=M;MT=Variable	NT=Trypsin;AC=MS:1001251	NT=Data-Dependent Acquisition;AC=PRIDE:0000627	NT=beam-type collision-induced dissociation;AC=MS:1000422	not available	10 ppm	0.02 Da	1	1	2021_HS_t3_93.raw	PRJNA1045860	v1.1.0	NT=ms-proteomics;VV=v1.1.0	NT=metaproteomics;VV=v1.0.0	NT=soil;VV=v1.0.0	manual curation	Brassica/Grass	Maize root in cover crop root channel (MCR)	15 cm	T3: Bolting
2021_HS_t3_94	T3_CR_0_30cm_Brassica-Grass	NT=soil metagenome;AC=NCBITaxon:410658	not applicable	not applicable	not applicable	RootWayS_RWS1_Hohenschulen	NT=rhizosphere;AC=ENVO:00005801	NT=agricultural soil;AC=ENVO:00002259	NT=Germany;AC=GAZ:00002646 (54.3122 N, 9.9961 E)	2021	soil profile excavation; spatula sampling within 2 mm of roots/channels	15 cm	Brassica/Grass	Cover crop root channel (CR)	T3: Bolting	Mixture	NT=luvisol;AC=ENVO:00002248	17 sandy loam	not available	agricultural	NT=agricultural field;AC=ENVO:00000114	8.8 oC	806 mm/year	cover crop root channel microbiome	-80 degree C	3	2021_HS_t3_94	proteomic profiling by mass spectrometry	NT=Q Exactive HF;AC=MS:1002523	NT=label free sample;AC=MS:1002038	NT=Carbamidomethyl;AC=UNIMOD:4;TA=C;MT=Fixed	NT=Oxidation;AC=UNIMOD:35;TA=M;MT=Variable	NT=Trypsin;AC=MS:1001251	NT=Data-Dependent Acquisition;AC=PRIDE:0000627	NT=beam-type collision-induced dissociation;AC=MS:1000422	not available	10 ppm	0.02 Da	1	1	2021_HS_t3_94.raw	PRJNA1045860	v1.1.0	NT=ms-proteomics;VV=v1.1.0	NT=metaproteomics;VV=v1.0.0	NT=soil;VV=v1.0.0	manual curation	Brassica/Grass	Cover crop root channel (CR)	15 cm	T3: Bolting
2021_HS_t3_95	T3_MBS_0_30cm_Brassica-Grass	NT=soil metagenome;AC=NCBITaxon:410658	not applicable	not applicable	not applicable	RootWayS_RWS1_Hohenschulen	NT=rhizosphere;AC=ENVO:00005801	NT=agricultural soil;AC=ENVO:00002259	NT=Germany;AC=GAZ:00002646 (54.3122 N, 9.9961 E)	2021	soil profile excavation; spatula sampling within 2 mm of roots/channels	15 cm	Brassica/Grass	Maize root in bulk soil (MBS)	T3: Bolting	Mixture	NT=luvisol;AC=ENVO:00002248	17 sandy loam	not available	agricultural	NT=agricultural field;AC=ENVO:00000114	8.8 oC	806 mm/year	maize rhizosphere microbiome (bulk soil)	-80 degree C	3	2021_HS_t3_95	proteomic profiling by mass spectrometry	NT=Q Exactive HF;AC=MS:1002523	NT=label free sample;AC=MS:1002038	NT=Carbamidomethyl;AC=UNIMOD:4;TA=C;MT=Fixed	NT=Oxidation;AC=UNIMOD:35;TA=M;MT=Variable	NT=Trypsin;AC=MS:1001251	NT=Data-Dependent Acquisition;AC=PRIDE:0000627	NT=beam-type collision-induced dissociation;AC=MS:1000422	not available	10 ppm	0.02 Da	1	1	2021_HS_t3_95.raw	PRJNA1045860	v1.1.0	NT=ms-proteomics;VV=v1.1.0	NT=metaproteomics;VV=v1.0.0	NT=soil;VV=v1.0.0	manual curation	Brassica/Grass	Maize root in bulk soil (MBS)	15 cm	T3: Bolting
2021_HS_t3_97	T3_CR_30_60cm_Brassica-Grass	NT=soil metagenome;AC=NCBITaxon:410658	not applicable	not applicable	not applicable	RootWayS_RWS1_Hohenschulen	NT=rhizosphere;AC=ENVO:00005801	NT=agricultural soil;AC=ENVO:00002259	NT=Germany;AC=GAZ:00002646 (54.3122 N, 9.9961 E)	2021	soil profile excavation; spatula sampling within 2 mm of roots/channels	45 cm	Brassica/Grass	Cover crop root channel (CR)	T3: Bolting	Mixture	NT=luvisol;AC=ENVO:00002248	17 sandy loam	not available	agricultural	NT=agricultural field;AC=ENVO:00000114	8.8 oC	806 mm/year	cover crop root channel microbiome	-80 degree C	3	2021_HS_t3_97	proteomic profiling by mass spectrometry	NT=Q Exactive HF;AC=MS:1002523	NT=label free sample;AC=MS:1002038	NT=Carbamidomethyl;AC=UNIMOD:4;TA=C;MT=Fixed	NT=Oxidation;AC=UNIMOD:35;TA=M;MT=Variable	NT=Trypsin;AC=MS:1001251	NT=Data-Dependent Acquisition;AC=PRIDE:0000627	NT=beam-type collision-induced dissociation;AC=MS:1000422	not available	10 ppm	0.02 Da	1	1	2021_HS_t3_97.raw	PRJNA1045860	v1.1.0	NT=ms-proteomics;VV=v1.1.0	NT=metaproteomics;VV=v1.0.0	NT=soil;VV=v1.0.0	manual curation	Brassica/Grass	Cover crop root channel (CR)	45 cm	T3: Bolting
2021_HS_t3_98	T3_MBS_30_60cm_Brassica-Grass	NT=soil metagenome;AC=NCBITaxon:410658	not applicable	not applicable	not applicable	RootWayS_RWS1_Hohenschulen	NT=rhizosphere;AC=ENVO:00005801	NT=agricultural soil;AC=ENVO:00002259	NT=Germany;AC=GAZ:00002646 (54.3122 N, 9.9961 E)	2021	soil profile excavation; spatula sampling within 2 mm of roots/channels	45 cm	Brassica/Grass	Maize root in bulk soil (MBS)	T3: Bolting	Mixture	NT=luvisol;AC=ENVO:00002248	17 sandy loam	not available	agricultural	NT=agricultural field;AC=ENVO:00000114	8.8 oC	806 mm/year	maize rhizosphere microbiome (bulk soil)	-80 degree C	3	2021_HS_t3_98	proteomic profiling by mass spectrometry	NT=Q Exactive HF;AC=MS:1002523	NT=label free sample;AC=MS:1002038	NT=Carbamidomethyl;AC=UNIMOD:4;TA=C;MT=Fixed	NT=Oxidation;AC=UNIMOD:35;TA=M;MT=Variable	NT=Trypsin;AC=MS:1001251	NT=Data-Dependent Acquisition;AC=PRIDE:0000627	NT=beam-type collision-induced dissociation;AC=MS:1000422	not available	10 ppm	0.02 Da	1	1	2021_HS_t3_98.raw	PRJNA1045860	v1.1.0	NT=ms-proteomics;VV=v1.1.0	NT=metaproteomics;VV=v1.0.0	NT=soil;VV=v1.0.0	manual curation	Brassica/Grass	Maize root in bulk soil (MBS)	45 cm	T3: Bolting
2021_HS_t3_99	T3_MCR_0_30cm_Brassica-Grass	NT=soil metagenome;AC=NCBITaxon:410658	not applicable	not applicable	not applicable	RootWayS_RWS1_Hohenschulen	NT=rhizosphere;AC=ENVO:00005801	NT=agricultural soil;AC=ENVO:00002259	NT=Germany;AC=GAZ:00002646 (54.3122 N, 9.9961 E)	2021	soil profile excavation; spatula sampling within 2 mm of roots/channels	15 cm	Brassica/Grass	Maize root in cover crop root channel (MCR)	T3: Bolting	Mixture	NT=luvisol;AC=ENVO:00002248	17 sandy loam	not available	agricultural	NT=agricultural field;AC=ENVO:00000114	8.8 oC	806 mm/year	maize rhizosphere microbiome (cover crop root channel)	-80 degree C	3	2021_HS_t3_99_20221018005626	proteomic profiling by mass spectrometry	NT=Q Exactive HF;AC=MS:1002523	NT=label free sample;AC=MS:1002038	NT=Carbamidomethyl;AC=UNIMOD:4;TA=C;MT=Fixed	NT=Oxidation;AC=UNIMOD:35;TA=M;MT=Variable	NT=Trypsin;AC=MS:1001251	NT=Data-Dependent Acquisition;AC=PRIDE:0000627	NT=beam-type collision-induced dissociation;AC=MS:1000422	not available	10 ppm	0.02 Da	1	1	2021_HS_t3_99_20221018005626.raw	PRJNA1045860	v1.1.0	NT=ms-proteomics;VV=v1.1.0	NT=metaproteomics;VV=v1.0.0	NT=soil;VV=v1.0.0	manual curation	Brassica/Grass	Maize root in cover crop root channel (MCR)	15 cm	T3: Bolting
24_BS_30	T1_BS_0_30cm_Rapeseed	NT=soil metagenome;AC=NCBITaxon:410658	not applicable	not applicable	not applicable	RootWayS_RWS1_Hohenschulen	NT=rhizosphere;AC=ENVO:00005801	NT=agricultural soil;AC=ENVO:00002259	NT=Germany;AC=GAZ:00002646 (54.3122 N, 9.9961 E)	2021	soil profile excavation; spatula sampling within 2 mm of roots/channels	15 cm	Rapeseed	Bulk soil (BS)	T1: Seedling	Monoculture	NT=luvisol;AC=ENVO:00002248	17 sandy loam	not available	agricultural	NT=agricultural field;AC=ENVO:00000114	8.8 oC	806 mm/year	bulk soil microbiome	-80 degree C	1	24_BS_30	proteomic profiling by mass spectrometry	NT=Q Exactive HF;AC=MS:1002523	NT=label free sample;AC=MS:1002038	NT=Carbamidomethyl;AC=UNIMOD:4;TA=C;MT=Fixed	NT=Oxidation;AC=UNIMOD:35;TA=M;MT=Variable	NT=Trypsin;AC=MS:1001251	NT=Data-Dependent Acquisition;AC=PRIDE:0000627	NT=beam-type collision-induced dissociation;AC=MS:1000422	not available	10 ppm	0.02 Da	1	1	24_BS_30.raw	PRJNA1045860	v1.1.0	NT=ms-proteomics;VV=v1.1.0	NT=metaproteomics;VV=v1.0.0	NT=soil;VV=v1.0.0	manual curation	Rapeseed	Bulk soil (BS)	15 cm	T1: Seedling
24_CR_30	T1_CR_0_30cm_Rapeseed	NT=soil metagenome;AC=NCBITaxon:410658	not applicable	not applicable	not applicable	RootWayS_RWS1_Hohenschulen	NT=rhizosphere;AC=ENVO:00005801	NT=agricultural soil;AC=ENVO:00002259	NT=Germany;AC=GAZ:00002646 (54.3122 N, 9.9961 E)	2021	soil profile excavation; spatula sampling within 2 mm of roots/channels	15 cm	Rapeseed	Cover crop root channel (CR)	T1: Seedling	Monoculture	NT=luvisol;AC=ENVO:00002248	17 sandy loam	not available	agricultural	NT=agricultural field;AC=ENVO:00000114	8.8 oC	806 mm/year	cover crop root channel microbiome	-80 degree C	1	24_CR_30	proteomic profiling by mass spectrometry	NT=Q Exactive HF;AC=MS:1002523	NT=label free sample;AC=MS:1002038	NT=Carbamidomethyl;AC=UNIMOD:4;TA=C;MT=Fixed	NT=Oxidation;AC=UNIMOD:35;TA=M;MT=Variable	NT=Trypsin;AC=MS:1001251	NT=Data-Dependent Acquisition;AC=PRIDE:0000627	NT=beam-type collision-induced dissociation;AC=MS:1000422	not available	10 ppm	0.02 Da	1	1	24_CR_30.raw	PRJNA1045860	v1.1.0	NT=ms-proteomics;VV=v1.1.0	NT=metaproteomics;VV=v1.0.0	NT=soil;VV=v1.0.0	manual curation	Rapeseed	Cover crop root channel (CR)	15 cm	T1: Seedling
25_BS_30	T1_BS_0_30cm_Legume-Brassica	NT=soil metagenome;AC=NCBITaxon:410658	not applicable	not applicable	not applicable	RootWayS_RWS1_Hohenschulen	NT=rhizosphere;AC=ENVO:00005801	NT=agricultural soil;AC=ENVO:00002259	NT=Germany;AC=GAZ:00002646 (54.3122 N, 9.9961 E)	2021	soil profile excavation; spatula sampling within 2 mm of roots/channels	15 cm	Legume/Brassica	Bulk soil (BS)	T1: Seedling	Mixture	NT=luvisol;AC=ENVO:00002248	17 sandy loam	not available	agricultural	NT=agricultural field;AC=ENVO:00000114	8.8 oC	806 mm/year	bulk soil microbiome	-80 degree C	1	25_BS_30	proteomic profiling by mass spectrometry	NT=Q Exactive HF;AC=MS:1002523	NT=label free sample;AC=MS:1002038	NT=Carbamidomethyl;AC=UNIMOD:4;TA=C;MT=Fixed	NT=Oxidation;AC=UNIMOD:35;TA=M;MT=Variable	NT=Trypsin;AC=MS:1001251	NT=Data-Dependent Acquisition;AC=PRIDE:0000627	NT=beam-type collision-induced dissociation;AC=MS:1000422	not available	10 ppm	0.02 Da	1	1	25_BS_30.raw	PRJNA1045860	v1.1.0	NT=ms-proteomics;VV=v1.1.0	NT=metaproteomics;VV=v1.0.0	NT=soil;VV=v1.0.0	manual curation	Legume/Brassica	Bulk soil (BS)	15 cm	T1: Seedling
25_CR_30	T1_CR_0_30cm_Legume-Brassica	NT=soil metagenome;AC=NCBITaxon:410658	not applicable	not applicable	not applicable	RootWayS_RWS1_Hohenschulen	NT=rhizosphere;AC=ENVO:00005801	NT=agricultural soil;AC=ENVO:00002259	NT=Germany;AC=GAZ:00002646 (54.3122 N, 9.9961 E)	2021	soil profile excavation; spatula sampling within 2 mm of roots/channels	15 cm	Legume/Brassica	Cover crop root channel (CR)	T1: Seedling	Mixture	NT=luvisol;AC=ENVO:00002248	17 sandy loam	not available	agricultural	NT=agricultural field;AC=ENVO:00000114	8.8 oC	806 mm/year	cover crop root channel microbiome	-80 degree C	1	25_CR_30	proteomic profiling by mass spectrometry	NT=Q Exactive HF;AC=MS:1002523	NT=label free sample;AC=MS:1002038	NT=Carbamidomethyl;AC=UNIMOD:4;TA=C;MT=Fixed	NT=Oxidation;AC=UNIMOD:35;TA=M;MT=Variable	NT=Trypsin;AC=MS:1001251	NT=Data-Dependent Acquisition;AC=PRIDE:0000627	NT=beam-type collision-induced dissociation;AC=MS:1000422	not available	10 ppm	0.02 Da	1	1	25_CR_30.raw	PRJNA1045860	v1.1.0	NT=ms-proteomics;VV=v1.1.0	NT=metaproteomics;VV=v1.0.0	NT=soil;VV=v1.0.0	manual curation	Legume/Brassica	Cover crop root channel (CR)	15 cm	T1: Seedling
26_BS_30	T2_BS_0_30cm_Control	NT=soil metagenome;AC=NCBITaxon:410658	not applicable	not applicable	not applicable	RootWayS_RWS1_Hohenschulen	NT=rhizosphere;AC=ENVO:00005801	NT=agricultural soil;AC=ENVO:00002259	NT=Germany;AC=GAZ:00002646 (54.3122 N, 9.9961 E)	2021	soil profile excavation; spatula sampling within 2 mm of roots/channels	15 cm	Control	Bulk soil (BS)	T2: Vegetative stage	No cover crop	NT=luvisol;AC=ENVO:00002248	17 sandy loam	not available	agricultural	NT=agricultural field;AC=ENVO:00000114	8.8 oC	806 mm/year	bulk soil microbiome	-80 degree C	3	26_BS_30	proteomic profiling by mass spectrometry	NT=Q Exactive HF;AC=MS:1002523	NT=label free sample;AC=MS:1002038	NT=Carbamidomethyl;AC=UNIMOD:4;TA=C;MT=Fixed	NT=Oxidation;AC=UNIMOD:35;TA=M;MT=Variable	NT=Trypsin;AC=MS:1001251	NT=Data-Dependent Acquisition;AC=PRIDE:0000627	NT=beam-type collision-induced dissociation;AC=MS:1000422	not available	10 ppm	0.02 Da	1	1	26_BS_30.raw	PRJNA1045860	v1.1.0	NT=ms-proteomics;VV=v1.1.0	NT=metaproteomics;VV=v1.0.0	NT=soil;VV=v1.0.0	manual curation	Control	Bulk soil (BS)	15 cm	T2: Vegetative stage
26_MBS_30	T2_MBS_0_30cm_Control	NT=soil metagenome;AC=NCBITaxon:410658	not applicable	not applicable	not applicable	RootWayS_RWS1_Hohenschulen	NT=rhizosphere;AC=ENVO:00005801	NT=agricultural soil;AC=ENVO:00002259	NT=Germany;AC=GAZ:00002646 (54.3122 N, 9.9961 E)	2021	soil profile excavation; spatula sampling within 2 mm of roots/channels	15 cm	Control	Maize root in bulk soil (MBS)	T2: Vegetative stage	No cover crop	NT=luvisol;AC=ENVO:00002248	17 sandy loam	not available	agricultural	NT=agricultural field;AC=ENVO:00000114	8.8 oC	806 mm/year	maize rhizosphere microbiome (bulk soil)	-80 degree C	3	26_MBS_30	proteomic profiling by mass spectrometry	NT=Q Exactive HF;AC=MS:1002523	NT=label free sample;AC=MS:1002038	NT=Carbamidomethyl;AC=UNIMOD:4;TA=C;MT=Fixed	NT=Oxidation;AC=UNIMOD:35;TA=M;MT=Variable	NT=Trypsin;AC=MS:1001251	NT=Data-Dependent Acquisition;AC=PRIDE:0000627	NT=beam-type collision-induced dissociation;AC=MS:1000422	not available	10 ppm	0.02 Da	1	1	26_MBS_30.raw	PRJNA1045860	v1.1.0	NT=ms-proteomics;VV=v1.1.0	NT=metaproteomics;VV=v1.0.0	NT=soil;VV=v1.0.0	manual curation	Control	Maize root in bulk soil (MBS)	15 cm	T2: Vegetative stage
29_BS_30	T1_BS_0_30cm_Brassica-Grass	NT=soil metagenome;AC=NCBITaxon:410658	not applicable	not applicable	not applicable	RootWayS_RWS1_Hohenschulen	NT=rhizosphere;AC=ENVO:00005801	NT=agricultural soil;AC=ENVO:00002259	NT=Germany;AC=GAZ:00002646 (54.3122 N, 9.9961 E)	2021	soil profile excavation; spatula sampling within 2 mm of roots/channels	15 cm	Brassica/Grass	Bulk soil (BS)	T1: Seedling	Mixture	NT=luvisol;AC=ENVO:00002248	17 sandy loam	not available	agricultural	NT=agricultural field;AC=ENVO:00000114	8.8 oC	806 mm/year	bulk soil microbiome	-80 degree C	1	29_BS_30	proteomic profiling by mass spectrometry	NT=Q Exactive HF;AC=MS:1002523	NT=label free sample;AC=MS:1002038	NT=Carbamidomethyl;AC=UNIMOD:4;TA=C;MT=Fixed	NT=Oxidation;AC=UNIMOD:35;TA=M;MT=Variable	NT=Trypsin;AC=MS:1001251	NT=Data-Dependent Acquisition;AC=PRIDE:0000627	NT=beam-type collision-induced dissociation;AC=MS:1000422	not available	10 ppm	0.02 Da	1	1	29_BS_30.raw	PRJNA1045860	v1.1.0	NT=ms-proteomics;VV=v1.1.0	NT=metaproteomics;VV=v1.0.0	NT=soil;VV=v1.0.0	manual curation	Brassica/Grass	Bulk soil (BS)	15 cm	T1: Seedling
29_CR_30	T1_CR_0_30cm_Brassica-Grass	NT=soil metagenome;AC=NCBITaxon:410658	not applicable	not applicable	not applicable	RootWayS_RWS1_Hohenschulen	NT=rhizosphere;AC=ENVO:00005801	NT=agricultural soil;AC=ENVO:00002259	NT=Germany;AC=GAZ:00002646 (54.3122 N, 9.9961 E)	2021	soil profile excavation; spatula sampling within 2 mm of roots/channels	15 cm	Brassica/Grass	Cover crop root channel (CR)	T1: Seedling	Mixture	NT=luvisol;AC=ENVO:00002248	17 sandy loam	not available	agricultural	NT=agricultural field;AC=ENVO:00000114	8.8 oC	806 mm/year	cover crop root channel microbiome	-80 degree C	1	29_CR_30	proteomic profiling by mass spectrometry	NT=Q Exactive HF;AC=MS:1002523	NT=label free sample;AC=MS:1002038	NT=Carbamidomethyl;AC=UNIMOD:4;TA=C;MT=Fixed	NT=Oxidation;AC=UNIMOD:35;TA=M;MT=Variable	NT=Trypsin;AC=MS:1001251	NT=Data-Dependent Acquisition;AC=PRIDE:0000627	NT=beam-type collision-induced dissociation;AC=MS:1000422	not available	10 ppm	0.02 Da	1	1	29_CR_30.raw	PRJNA1045860	v1.1.0	NT=ms-proteomics;VV=v1.1.0	NT=metaproteomics;VV=v1.0.0	NT=soil;VV=v1.0.0	manual curation	Brassica/Grass	Cover crop root channel (CR)	15 cm	T1: Seedling
35_BS_30	T1_BS_0_30cm_Red_Clover	NT=soil metagenome;AC=NCBITaxon:410658	not applicable	not applicable	not applicable	RootWayS_RWS1_Hohenschulen	NT=rhizosphere;AC=ENVO:00005801	NT=agricultural soil;AC=ENVO:00002259	NT=Germany;AC=GAZ:00002646 (54.3122 N, 9.9961 E)	2021	soil profile excavation; spatula sampling within 2 mm of roots/channels	15 cm	Red Clover	Bulk soil (BS)	T1: Seedling	Monoculture	NT=luvisol;AC=ENVO:00002248	17 sandy loam	not available	agricultural	NT=agricultural field;AC=ENVO:00000114	8.8 oC	806 mm/year	bulk soil microbiome	-80 degree C	1	35_BS_30	proteomic profiling by mass spectrometry	NT=Q Exactive HF;AC=MS:1002523	NT=label free sample;AC=MS:1002038	NT=Carbamidomethyl;AC=UNIMOD:4;TA=C;MT=Fixed	NT=Oxidation;AC=UNIMOD:35;TA=M;MT=Variable	NT=Trypsin;AC=MS:1001251	NT=Data-Dependent Acquisition;AC=PRIDE:0000627	NT=beam-type collision-induced dissociation;AC=MS:1000422	not available	10 ppm	0.02 Da	1	1	35_BS_30.raw	PRJNA1045860	v1.1.0	NT=ms-proteomics;VV=v1.1.0	NT=metaproteomics;VV=v1.0.0	NT=soil;VV=v1.0.0	manual curation	Red Clover	Bulk soil (BS)	15 cm	T1: Seedling
35_CR_30	T1_CR_0_30cm_Red_Clover	NT=soil metagenome;AC=NCBITaxon:410658	not applicable	not applicable	not applicable	RootWayS_RWS1_Hohenschulen	NT=rhizosphere;AC=ENVO:00005801	NT=agricultural soil;AC=ENVO:00002259	NT=Germany;AC=GAZ:00002646 (54.3122 N, 9.9961 E)	2021	soil profile excavation; spatula sampling within 2 mm of roots/channels	15 cm	Red Clover	Cover crop root channel (CR)	T1: Seedling	Monoculture	NT=luvisol;AC=ENVO:00002248	17 sandy loam	not available	agricultural	NT=agricultural field;AC=ENVO:00000114	8.8 oC	806 mm/year	cover crop root channel microbiome	-80 degree C	1	35_CR_30	proteomic profiling by mass spectrometry	NT=Q Exactive HF;AC=MS:1002523	NT=label free sample;AC=MS:1002038	NT=Carbamidomethyl;AC=UNIMOD:4;TA=C;MT=Fixed	NT=Oxidation;AC=UNIMOD:35;TA=M;MT=Variable	NT=Trypsin;AC=MS:1001251	NT=Data-Dependent Acquisition;AC=PRIDE:0000627	NT=beam-type collision-induced dissociation;AC=MS:1000422	not available	10 ppm	0.02 Da	1	1	35_CR_30.raw	PRJNA1045860	v1.1.0	NT=ms-proteomics;VV=v1.1.0	NT=metaproteomics;VV=v1.0.0	NT=soil;VV=v1.0.0	manual curation	Red Clover	Cover crop root channel (CR)	15 cm	T1: Seedling
36_BS_30	T1_BS_0_30cm_Ryegrass	NT=soil metagenome;AC=NCBITaxon:410658	not applicable	not applicable	not applicable	RootWayS_RWS1_Hohenschulen	NT=rhizosphere;AC=ENVO:00005801	NT=agricultural soil;AC=ENVO:00002259	NT=Germany;AC=GAZ:00002646 (54.3122 N, 9.9961 E)	2021	soil profile excavation; spatula sampling within 2 mm of roots/channels	15 cm	Ryegrass	Bulk soil (BS)	T1: Seedling	Monoculture	NT=luvisol;AC=ENVO:00002248	17 sandy loam	not available	agricultural	NT=agricultural field;AC=ENVO:00000114	8.8 oC	806 mm/year	bulk soil microbiome	-80 degree C	1	36_BS_30	proteomic profiling by mass spectrometry	NT=Q Exactive HF;AC=MS:1002523	NT=label free sample;AC=MS:1002038	NT=Carbamidomethyl;AC=UNIMOD:4;TA=C;MT=Fixed	NT=Oxidation;AC=UNIMOD:35;TA=M;MT=Variable	NT=Trypsin;AC=MS:1001251	NT=Data-Dependent Acquisition;AC=PRIDE:0000627	NT=beam-type collision-induced dissociation;AC=MS:1000422	not available	10 ppm	0.02 Da	1	1	36_BS_30.raw	PRJNA1045860	v1.1.0	NT=ms-proteomics;VV=v1.1.0	NT=metaproteomics;VV=v1.0.0	NT=soil;VV=v1.0.0	manual curation	Ryegrass	Bulk soil (BS)	15 cm	T1: Seedling
36_CR_30	T1_CR_0_30cm_Ryegrass	NT=soil metagenome;AC=NCBITaxon:410658	not applicable	not applicable	not applicable	RootWayS_RWS1_Hohenschulen	NT=rhizosphere;AC=ENVO:00005801	NT=agricultural soil;AC=ENVO:00002259	NT=Germany;AC=GAZ:00002646 (54.3122 N, 9.9961 E)	2021	soil profile excavation; spatula sampling within 2 mm of roots/channels	15 cm	Ryegrass	Cover crop root channel (CR)	T1: Seedling	Monoculture	NT=luvisol;AC=ENVO:00002248	17 sandy loam	not available	agricultural	NT=agricultural field;AC=ENVO:00000114	8.8 oC	806 mm/year	cover crop root channel microbiome	-80 degree C	1	36_CR_30	proteomic profiling by mass spectrometry	NT=Q Exactive HF;AC=MS:1002523	NT=label free sample;AC=MS:1002038	NT=Carbamidomethyl;AC=UNIMOD:4;TA=C;MT=Fixed	NT=Oxidation;AC=UNIMOD:35;TA=M;MT=Variable	NT=Trypsin;AC=MS:1001251	NT=Data-Dependent Acquisition;AC=PRIDE:0000627	NT=beam-type collision-induced dissociation;AC=MS:1000422	not available	10 ppm	0.02 Da	1	1	36_CR_30.raw	PRJNA1045860	v1.1.0	NT=ms-proteomics;VV=v1.1.0	NT=metaproteomics;VV=v1.0.0	NT=soil;VV=v1.0.0	manual curation	Ryegrass	Cover crop root channel (CR)	15 cm	T1: Seedling
39_BS_30	T1_BS_0_30cm_White_Clover	NT=soil metagenome;AC=NCBITaxon:410658	not applicable	not applicable	not applicable	RootWayS_RWS1_Hohenschulen	NT=rhizosphere;AC=ENVO:00005801	NT=agricultural soil;AC=ENVO:00002259	NT=Germany;AC=GAZ:00002646 (54.3122 N, 9.9961 E)	2021	soil profile excavation; spatula sampling within 2 mm of roots/channels	15 cm	White Clover	Bulk soil (BS)	T1: Seedling	Monoculture	NT=luvisol;AC=ENVO:00002248	17 sandy loam	not available	agricultural	NT=agricultural field;AC=ENVO:00000114	8.8 oC	806 mm/year	bulk soil microbiome	-80 degree C	1	39_BS_30	proteomic profiling by mass spectrometry	NT=Q Exactive HF;AC=MS:1002523	NT=label free sample;AC=MS:1002038	NT=Carbamidomethyl;AC=UNIMOD:4;TA=C;MT=Fixed	NT=Oxidation;AC=UNIMOD:35;TA=M;MT=Variable	NT=Trypsin;AC=MS:1001251	NT=Data-Dependent Acquisition;AC=PRIDE:0000627	NT=beam-type collision-induced dissociation;AC=MS:1000422	not available	10 ppm	0.02 Da	1	1	39_BS_30.raw	PRJNA1045860	v1.1.0	NT=ms-proteomics;VV=v1.1.0	NT=metaproteomics;VV=v1.0.0	NT=soil;VV=v1.0.0	manual curation	White Clover	Bulk soil (BS)	15 cm	T1: Seedling
39_CR_30	T1_CR_0_30cm_White_Clover	NT=soil metagenome;AC=NCBITaxon:410658	not applicable	not applicable	not applicable	RootWayS_RWS1_Hohenschulen	NT=rhizosphere;AC=ENVO:00005801	NT=agricultural soil;AC=ENVO:00002259	NT=Germany;AC=GAZ:00002646 (54.3122 N, 9.9961 E)	2021	soil profile excavation; spatula sampling within 2 mm of roots/channels	15 cm	White Clover	Cover crop root channel (CR)	T1: Seedling	Monoculture	NT=luvisol;AC=ENVO:00002248	17 sandy loam	not available	agricultural	NT=agricultural field;AC=ENVO:00000114	8.8 oC	806 mm/year	cover crop root channel microbiome	-80 degree C	1	39_CR_30	proteomic profiling by mass spectrometry	NT=Q Exactive HF;AC=MS:1002523	NT=label free sample;AC=MS:1002038	NT=Carbamidomethyl;AC=UNIMOD:4;TA=C;MT=Fixed	NT=Oxidation;AC=UNIMOD:35;TA=M;MT=Variable	NT=Trypsin;AC=MS:1001251	NT=Data-Dependent Acquisition;AC=PRIDE:0000627	NT=beam-type collision-induced dissociation;AC=MS:1000422	not available	10 ppm	0.02 Da	1	1	39_CR_30.raw	PRJNA1045860	v1.1.0	NT=ms-proteomics;VV=v1.1.0	NT=metaproteomics;VV=v1.0.0	NT=soil;VV=v1.0.0	manual curation	White Clover	Cover crop root channel (CR)	15 cm	T1: Seedling
