source name	characteristics[organism]	characteristics[organism part]	characteristics[cell type]	characteristics[biological replicate]	characteristics[sample type]	characteristics[disease]	characteristics[treatment]	characteristics[synthetic peptide]	characteristics[spiked compound]	characteristics[spiked compound]	characteristics[spiked compound]	characteristics[spiked compound]	characteristics[ancestry category]	characteristics[age]	characteristics[sex]	characteristics[individual]	characteristics[mhc protein complex]	characteristics[immunopeptidome enrichment method]	characteristics[mhc typing]	characteristics[mhc typing method]	characteristics[antibody enrichment]	assay name	technology type	comment[technical replicate]	comment[data file]	comment[sdrf version]	comment[sdrf template]	comment[sdrf template]	comment[sdrf template]	comment[proteomics data acquisition method]	comment[instrument]	comment[cleavage agent details]	comment[label]	comment[fraction identifier]	comment[dissociation method]	comment[fractionation method]	comment[collision energy]	comment[precursor mass tolerance]	comment[fragment mass tolerance]	comment[reduction reagent]	comment[alkylation reagent]	comment[modification parameters]	comment[ms2 mass analyzer]	comment[sample preparation batch]	comment[acquisition date]	comment[ms min mz]	comment[ms max mz]	comment[ms2 min mz]	comment[ms2 max mz]	comment[elution conditions]	factor value[source name]
donor_E_validation_mock	Homo sapiens	blood	macrophage	5	control sample	normal	differentiated from CD14-positive blood monocytes with 25 ng/mL M-CSF for 6 d, then mock-infected with medium containing no Mycobacterium tuberculosis, then cultured for 72 h	not synthetic	CT=mixture;CN=stable isotope-labeled synthetic analogs of the peptides targeted by this SureQuant validation method, concentrations adjusted empirically per peptide	not applicable	not applicable	not applicable	not available	not available	not available	donor_E	MHC class I protein complex	immunoaffinity purification	not available	not available	W6/32 (pan-MHC class I)	donor_E_validation_mock_F3	proteomic profiling by mass spectrometry	1	031622_donor_E_Mock_F3.raw	v1.1.0	NT=ms-proteomics;VV=v1.1.0	NT=human;VV=v1.1.0	NT=immunopeptidomics;VV=v1.0.0	NT=Parallel reaction monitoring;AC=PRIDE:0000629	NT=Orbitrap Exploris 480;AC=MS:1003028	NT=unspecific cleavage;AC=MS:1001956	NT=label free sample;AC=MS:1002038	3	NT=HCD;AC=MS:1000422	NT=High-pH reversed-phase chromatography (hpHRP);AC=PRIDE:0000564	27% NCE	not available	not available	not applicable	not applicable	NT=Oxidation;MT=Variable;PP=Anywhere;TA=M;AC=UNIMOD:35	NT=orbitrap;AC=MS:1000484	031622	2022-03-16T21:55:28	350m/z	1200m/z	150m/z	1700m/z	nanoflow reversed-phase gradient at 0.30 uL/min (buffer A 0.1% formic acid, buffer B 70% acetonitrile with 0.1% formic acid): 3% B at 0 min, 3% B at 25 min, 6% B at 27 min, 25% B at 80 min, 45% B at 92 min, 97% B at 95 min, 97% B at 96 min, 3% B at 97 min	donor_E_validation_mock
donor_E_validation_Mtb_WT	Homo sapiens	blood	macrophage	5	study sample	normal	differentiated from CD14-positive blood monocytes with 25 ng/mL M-CSF for 6 d, then infected with Mycobacterium tuberculosis H37Rv (NCBI taxon 83332) at a multiplicity of infection of 2.5 for 4 h, washed, then cultured for 72 h	not synthetic	CT=mixture;CN=stable isotope-labeled synthetic analogs of the peptides targeted by this SureQuant validation method, concentrations adjusted empirically per peptide	not applicable	not applicable	not applicable	not available	not available	not available	donor_E	MHC class I protein complex	immunoaffinity purification	not available	not available	W6/32 (pan-MHC class I)	donor_E_validation_Mtb_WT_F3	proteomic profiling by mass spectrometry	1	031622_donor_E__Mtb_F3.raw	v1.1.0	NT=ms-proteomics;VV=v1.1.0	NT=human;VV=v1.1.0	NT=immunopeptidomics;VV=v1.0.0	NT=Parallel reaction monitoring;AC=PRIDE:0000629	NT=Orbitrap Exploris 480;AC=MS:1003028	NT=unspecific cleavage;AC=MS:1001956	NT=label free sample;AC=MS:1002038	3	NT=HCD;AC=MS:1000422	NT=High-pH reversed-phase chromatography (hpHRP);AC=PRIDE:0000564	27% NCE	not available	not available	not applicable	not applicable	NT=Oxidation;MT=Variable;PP=Anywhere;TA=M;AC=UNIMOD:35	NT=orbitrap;AC=MS:1000484	031622	2022-03-16T23:55:40	350m/z	1200m/z	150m/z	1700m/z	nanoflow reversed-phase gradient at 0.30 uL/min (buffer A 0.1% formic acid, buffer B 70% acetonitrile with 0.1% formic acid): 3% B at 0 min, 3% B at 25 min, 6% B at 27 min, 25% B at 80 min, 45% B at 92 min, 97% B at 95 min, 97% B at 96 min, 3% B at 97 min	donor_E_validation_Mtb_WT
donor_E_validation_mock	Homo sapiens	blood	macrophage	5	control sample	normal	differentiated from CD14-positive blood monocytes with 25 ng/mL M-CSF for 6 d, then mock-infected with medium containing no Mycobacterium tuberculosis, then cultured for 72 h	not synthetic	CT=mixture;CN=stable isotope-labeled synthetic analogs of the peptides targeted by this SureQuant validation method, concentrations adjusted empirically per peptide	not applicable	not applicable	not applicable	not available	not available	not available	donor_E	MHC class I protein complex	immunoaffinity purification	not available	not available	W6/32 (pan-MHC class I)	donor_E_validation_mock_F2	proteomic profiling by mass spectrometry	1	031722_donor_E_Mock_F2.raw	v1.1.0	NT=ms-proteomics;VV=v1.1.0	NT=human;VV=v1.1.0	NT=immunopeptidomics;VV=v1.0.0	NT=Parallel reaction monitoring;AC=PRIDE:0000629	NT=Orbitrap Exploris 480;AC=MS:1003028	NT=unspecific cleavage;AC=MS:1001956	NT=label free sample;AC=MS:1002038	2	NT=HCD;AC=MS:1000422	NT=High-pH reversed-phase chromatography (hpHRP);AC=PRIDE:0000564	27% NCE	not available	not available	not applicable	not applicable	NT=Oxidation;MT=Variable;PP=Anywhere;TA=M;AC=UNIMOD:35	NT=orbitrap;AC=MS:1000484	031722	2022-03-17T20:01:38	350m/z	1200m/z	150m/z	1700m/z	nanoflow reversed-phase gradient at 0.30 uL/min (buffer A 0.1% formic acid, buffer B 70% acetonitrile with 0.1% formic acid): 3% B at 0 min, 3% B at 25 min, 6% B at 27 min, 25% B at 80 min, 45% B at 92 min, 97% B at 95 min, 97% B at 96 min, 3% B at 97 min	donor_E_validation_mock
donor_E_validation_mock	Homo sapiens	blood	macrophage	5	control sample	normal	differentiated from CD14-positive blood monocytes with 25 ng/mL M-CSF for 6 d, then mock-infected with medium containing no Mycobacterium tuberculosis, then cultured for 72 h	not synthetic	CT=mixture;CN=stable isotope-labeled synthetic analogs of the peptides targeted by this SureQuant validation method, concentrations adjusted empirically per peptide	not applicable	not applicable	not applicable	not available	not available	not available	donor_E	MHC class I protein complex	immunoaffinity purification	not available	not available	W6/32 (pan-MHC class I)	donor_E_validation_mock_F4	proteomic profiling by mass spectrometry	1	031722_donor_E_Mock_F4.raw	v1.1.0	NT=ms-proteomics;VV=v1.1.0	NT=human;VV=v1.1.0	NT=immunopeptidomics;VV=v1.0.0	NT=Parallel reaction monitoring;AC=PRIDE:0000629	NT=Orbitrap Exploris 480;AC=MS:1003028	NT=unspecific cleavage;AC=MS:1001956	NT=label free sample;AC=MS:1002038	4	NT=HCD;AC=MS:1000422	NT=High-pH reversed-phase chromatography (hpHRP);AC=PRIDE:0000564	27% NCE	not available	not available	not applicable	not applicable	NT=Oxidation;MT=Variable;PP=Anywhere;TA=M;AC=UNIMOD:35	NT=orbitrap;AC=MS:1000484	031722	2022-03-17T22:01:47	350m/z	1200m/z	150m/z	1700m/z	nanoflow reversed-phase gradient at 0.30 uL/min (buffer A 0.1% formic acid, buffer B 70% acetonitrile with 0.1% formic acid): 3% B at 0 min, 3% B at 25 min, 6% B at 27 min, 25% B at 80 min, 45% B at 92 min, 97% B at 95 min, 97% B at 96 min, 3% B at 97 min	donor_E_validation_mock
donor_E_validation_mock	Homo sapiens	blood	macrophage	5	control sample	normal	differentiated from CD14-positive blood monocytes with 25 ng/mL M-CSF for 6 d, then mock-infected with medium containing no Mycobacterium tuberculosis, then cultured for 72 h	not synthetic	CT=mixture;CN=stable isotope-labeled synthetic analogs of the peptides targeted by this SureQuant validation method, concentrations adjusted empirically per peptide	not applicable	not applicable	not applicable	not available	not available	not available	donor_E	MHC class I protein complex	immunoaffinity purification	not available	not available	W6/32 (pan-MHC class I)	donor_E_validation_mock_F5	proteomic profiling by mass spectrometry	1	031722_donor_E_Mock_F5.raw	v1.1.0	NT=ms-proteomics;VV=v1.1.0	NT=human;VV=v1.1.0	NT=immunopeptidomics;VV=v1.0.0	NT=Parallel reaction monitoring;AC=PRIDE:0000629	NT=Orbitrap Exploris 480;AC=MS:1003028	NT=unspecific cleavage;AC=MS:1001956	NT=label free sample;AC=MS:1002038	5	NT=HCD;AC=MS:1000422	NT=High-pH reversed-phase chromatography (hpHRP);AC=PRIDE:0000564	27% NCE	not available	not available	not applicable	not applicable	NT=Oxidation;MT=Variable;PP=Anywhere;TA=M;AC=UNIMOD:35	NT=orbitrap;AC=MS:1000484	031722	2022-03-17T09:35:39	350m/z	1200m/z	150m/z	1700m/z	nanoflow reversed-phase gradient at 0.30 uL/min (buffer A 0.1% formic acid, buffer B 70% acetonitrile with 0.1% formic acid): 3% B at 0 min, 3% B at 25 min, 6% B at 27 min, 25% B at 80 min, 45% B at 92 min, 97% B at 95 min, 97% B at 96 min, 3% B at 97 min	donor_E_validation_mock
donor_E_validation_mock	Homo sapiens	blood	macrophage	5	control sample	normal	differentiated from CD14-positive blood monocytes with 25 ng/mL M-CSF for 6 d, then mock-infected with medium containing no Mycobacterium tuberculosis, then cultured for 72 h	not synthetic	CT=mixture;CN=stable isotope-labeled synthetic analogs of the peptides targeted by this SureQuant validation method, concentrations adjusted empirically per peptide	not applicable	not applicable	not applicable	not available	not available	not available	donor_E	MHC class I protein complex	immunoaffinity purification	not available	not available	W6/32 (pan-MHC class I)	donor_E_validation_mock_F7	proteomic profiling by mass spectrometry	1	031722_donor_E_Mock_F7.raw	v1.1.0	NT=ms-proteomics;VV=v1.1.0	NT=human;VV=v1.1.0	NT=immunopeptidomics;VV=v1.0.0	NT=Parallel reaction monitoring;AC=PRIDE:0000629	NT=Orbitrap Exploris 480;AC=MS:1003028	NT=unspecific cleavage;AC=MS:1001956	NT=label free sample;AC=MS:1002038	7	NT=HCD;AC=MS:1000422	NT=High-pH reversed-phase chromatography (hpHRP);AC=PRIDE:0000564	27% NCE	not available	not available	not applicable	not applicable	NT=Oxidation;MT=Variable;PP=Anywhere;TA=M;AC=UNIMOD:35	NT=orbitrap;AC=MS:1000484	031722	2022-03-18T15:49:22	350m/z	1200m/z	150m/z	1700m/z	nanoflow reversed-phase gradient at 0.30 uL/min (buffer A 0.1% formic acid, buffer B 70% acetonitrile with 0.1% formic acid): 3% B at 0 min, 3% B at 25 min, 6% B at 27 min, 25% B at 80 min, 45% B at 92 min, 97% B at 95 min, 97% B at 96 min, 3% B at 97 min	donor_E_validation_mock
donor_E_validation_Mtb_WT	Homo sapiens	blood	macrophage	5	study sample	normal	differentiated from CD14-positive blood monocytes with 25 ng/mL M-CSF for 6 d, then infected with Mycobacterium tuberculosis H37Rv (NCBI taxon 83332) at a multiplicity of infection of 2.5 for 4 h, washed, then cultured for 72 h	not synthetic	CT=mixture;CN=stable isotope-labeled synthetic analogs of the peptides targeted by this SureQuant validation method, concentrations adjusted empirically per peptide	not applicable	not applicable	not applicable	not available	not available	not available	donor_E	MHC class I protein complex	immunoaffinity purification	not available	not available	W6/32 (pan-MHC class I)	donor_E_validation_Mtb_WT_F5	proteomic profiling by mass spectrometry	1	031722_donor_E__Mtb_F5.raw	v1.1.0	NT=ms-proteomics;VV=v1.1.0	NT=human;VV=v1.1.0	NT=immunopeptidomics;VV=v1.0.0	NT=Parallel reaction monitoring;AC=PRIDE:0000629	NT=Orbitrap Exploris 480;AC=MS:1003028	NT=unspecific cleavage;AC=MS:1001956	NT=label free sample;AC=MS:1002038	5	NT=HCD;AC=MS:1000422	NT=High-pH reversed-phase chromatography (hpHRP);AC=PRIDE:0000564	27% NCE	not available	not available	not applicable	not applicable	NT=Oxidation;MT=Variable;PP=Anywhere;TA=M;AC=UNIMOD:35	NT=orbitrap;AC=MS:1000484	031722	2022-03-17T11:35:50	350m/z	1200m/z	150m/z	1700m/z	nanoflow reversed-phase gradient at 0.30 uL/min (buffer A 0.1% formic acid, buffer B 70% acetonitrile with 0.1% formic acid): 3% B at 0 min, 3% B at 25 min, 6% B at 27 min, 25% B at 80 min, 45% B at 92 min, 97% B at 95 min, 97% B at 96 min, 3% B at 97 min	donor_E_validation_Mtb_WT
donor_E_validation_Mtb_WT	Homo sapiens	blood	macrophage	5	study sample	normal	differentiated from CD14-positive blood monocytes with 25 ng/mL M-CSF for 6 d, then infected with Mycobacterium tuberculosis H37Rv (NCBI taxon 83332) at a multiplicity of infection of 2.5 for 4 h, washed, then cultured for 72 h	not synthetic	CT=mixture;CN=stable isotope-labeled synthetic analogs of the peptides targeted by this SureQuant validation method, concentrations adjusted empirically per peptide	not applicable	not applicable	not applicable	not available	not available	not available	donor_E	MHC class I protein complex	immunoaffinity purification	not available	not available	W6/32 (pan-MHC class I)	donor_E_validation_Mtb_WT_F6	proteomic profiling by mass spectrometry	1	031722_donor_E__Mtb_F6.raw	v1.1.0	NT=ms-proteomics;VV=v1.1.0	NT=human;VV=v1.1.0	NT=immunopeptidomics;VV=v1.0.0	NT=Parallel reaction monitoring;AC=PRIDE:0000629	NT=Orbitrap Exploris 480;AC=MS:1003028	NT=unspecific cleavage;AC=MS:1001956	NT=label free sample;AC=MS:1002038	6	NT=HCD;AC=MS:1000422	NT=High-pH reversed-phase chromatography (hpHRP);AC=PRIDE:0000564	27% NCE	not available	not available	not applicable	not applicable	NT=Oxidation;MT=Variable;PP=Anywhere;TA=M;AC=UNIMOD:35	NT=orbitrap;AC=MS:1000484	031722	2022-03-18T17:49:33	350m/z	1200m/z	150m/z	1700m/z	nanoflow reversed-phase gradient at 0.30 uL/min (buffer A 0.1% formic acid, buffer B 70% acetonitrile with 0.1% formic acid): 3% B at 0 min, 3% B at 25 min, 6% B at 27 min, 25% B at 80 min, 45% B at 92 min, 97% B at 95 min, 97% B at 96 min, 3% B at 97 min	donor_E_validation_Mtb_WT
donor_E_validation_Mtb_WT	Homo sapiens	blood	macrophage	5	study sample	normal	differentiated from CD14-positive blood monocytes with 25 ng/mL M-CSF for 6 d, then infected with Mycobacterium tuberculosis H37Rv (NCBI taxon 83332) at a multiplicity of infection of 2.5 for 4 h, washed, then cultured for 72 h	not synthetic	CT=mixture;CN=stable isotope-labeled synthetic analogs of the peptides targeted by this SureQuant validation method, concentrations adjusted empirically per peptide	not applicable	not applicable	not applicable	not available	not available	not available	donor_E	MHC class I protein complex	immunoaffinity purification	not available	not available	W6/32 (pan-MHC class I)	donor_E_validation_Mtb_WT_F7	proteomic profiling by mass spectrometry	1	031722_donor_E__Mtb_F7.raw	v1.1.0	NT=ms-proteomics;VV=v1.1.0	NT=human;VV=v1.1.0	NT=immunopeptidomics;VV=v1.0.0	NT=Parallel reaction monitoring;AC=PRIDE:0000629	NT=Orbitrap Exploris 480;AC=MS:1003028	NT=unspecific cleavage;AC=MS:1001956	NT=label free sample;AC=MS:1002038	7	NT=HCD;AC=MS:1000422	NT=High-pH reversed-phase chromatography (hpHRP);AC=PRIDE:0000564	27% NCE	not available	not available	not applicable	not applicable	NT=Oxidation;MT=Variable;PP=Anywhere;TA=M;AC=UNIMOD:35	NT=orbitrap;AC=MS:1000484	031722	2022-03-18T19:49:43	350m/z	1200m/z	150m/z	1700m/z	nanoflow reversed-phase gradient at 0.30 uL/min (buffer A 0.1% formic acid, buffer B 70% acetonitrile with 0.1% formic acid): 3% B at 0 min, 3% B at 25 min, 6% B at 27 min, 25% B at 80 min, 45% B at 92 min, 97% B at 95 min, 97% B at 96 min, 3% B at 97 min	donor_E_validation_Mtb_WT
donor_E_validation_mock	Homo sapiens	blood	macrophage	5	control sample	normal	differentiated from CD14-positive blood monocytes with 25 ng/mL M-CSF for 6 d, then mock-infected with medium containing no Mycobacterium tuberculosis, then cultured for 72 h	not synthetic	CT=mixture;CN=stable isotope-labeled synthetic analogs of the peptides targeted by this SureQuant validation method, concentrations adjusted empirically per peptide	not applicable	not applicable	not applicable	not available	not available	not available	donor_E	MHC class I protein complex	immunoaffinity purification	not available	not available	W6/32 (pan-MHC class I)	donor_E_validation_mock_F12	proteomic profiling by mass spectrometry	1	031822_donor_E_Mock_F12.raw	v1.1.0	NT=ms-proteomics;VV=v1.1.0	NT=human;VV=v1.1.0	NT=immunopeptidomics;VV=v1.0.0	NT=Parallel reaction monitoring;AC=PRIDE:0000629	NT=Orbitrap Exploris 480;AC=MS:1003028	NT=unspecific cleavage;AC=MS:1001956	NT=label free sample;AC=MS:1002038	12	NT=HCD;AC=MS:1000422	NT=High-pH reversed-phase chromatography (hpHRP);AC=PRIDE:0000564	27% NCE	not available	not available	not applicable	not applicable	NT=Oxidation;MT=Variable;PP=Anywhere;TA=M;AC=UNIMOD:35	NT=orbitrap;AC=MS:1000484	031822	2022-03-19T08:09:35	350m/z	1200m/z	150m/z	1700m/z	nanoflow reversed-phase gradient at 0.30 uL/min (buffer A 0.1% formic acid, buffer B 70% acetonitrile with 0.1% formic acid): 3% B at 0 min, 3% B at 25 min, 6% B at 27 min, 25% B at 80 min, 45% B at 92 min, 97% B at 95 min, 97% B at 96 min, 3% B at 97 min	donor_E_validation_mock
donor_E_validation_mock	Homo sapiens	blood	macrophage	5	control sample	normal	differentiated from CD14-positive blood monocytes with 25 ng/mL M-CSF for 6 d, then mock-infected with medium containing no Mycobacterium tuberculosis, then cultured for 72 h	not synthetic	CT=mixture;CN=stable isotope-labeled synthetic analogs of the peptides targeted by this SureQuant validation method, concentrations adjusted empirically per peptide	not applicable	not applicable	not applicable	not available	not available	not available	donor_E	MHC class I protein complex	immunoaffinity purification	not available	not available	W6/32 (pan-MHC class I)	donor_E_validation_mock_F2_less_kgd	proteomic profiling by mass spectrometry	2	031822_donor_E_Mock_F2_less_kgd.raw	v1.1.0	NT=ms-proteomics;VV=v1.1.0	NT=human;VV=v1.1.0	NT=immunopeptidomics;VV=v1.0.0	NT=Parallel reaction monitoring;AC=PRIDE:0000629	NT=Orbitrap Exploris 480;AC=MS:1003028	NT=unspecific cleavage;AC=MS:1001956	NT=label free sample;AC=MS:1002038	2	NT=HCD;AC=MS:1000422	NT=High-pH reversed-phase chromatography (hpHRP);AC=PRIDE:0000564	27% NCE	not available	not available	not applicable	not applicable	NT=Oxidation;MT=Variable;PP=Anywhere;TA=M;AC=UNIMOD:35	NT=orbitrap;AC=MS:1000484	031822	2022-03-19T18:29:12	350m/z	1200m/z	150m/z	1700m/z	nanoflow reversed-phase gradient at 0.30 uL/min (buffer A 0.1% formic acid, buffer B 70% acetonitrile with 0.1% formic acid): 3% B at 0 min, 3% B at 25 min, 6% B at 27 min, 25% B at 80 min, 45% B at 92 min, 97% B at 95 min, 97% B at 96 min, 3% B at 97 min	donor_E_validation_mock
donor_E_validation_mock	Homo sapiens	blood	macrophage	5	control sample	normal	differentiated from CD14-positive blood monocytes with 25 ng/mL M-CSF for 6 d, then mock-infected with medium containing no Mycobacterium tuberculosis, then cultured for 72 h	not synthetic	CT=mixture;CN=stable isotope-labeled synthetic analogs of the peptides targeted by this SureQuant validation method, concentrations adjusted empirically per peptide	not applicable	not applicable	not applicable	not available	not available	not available	donor_E	MHC class I protein complex	immunoaffinity purification	not available	not available	W6/32 (pan-MHC class I)	donor_E_validation_mock_F6_retry	proteomic profiling by mass spectrometry	1	031822_donor_E_Mock_F6_retry.raw	v1.1.0	NT=ms-proteomics;VV=v1.1.0	NT=human;VV=v1.1.0	NT=immunopeptidomics;VV=v1.0.0	NT=Parallel reaction monitoring;AC=PRIDE:0000629	NT=Orbitrap Exploris 480;AC=MS:1003028	NT=unspecific cleavage;AC=MS:1001956	NT=label free sample;AC=MS:1002038	6	NT=HCD;AC=MS:1000422	NT=High-pH reversed-phase chromatography (hpHRP);AC=PRIDE:0000564	27% NCE	not available	not available	not applicable	not applicable	NT=Oxidation;MT=Variable;PP=Anywhere;TA=M;AC=UNIMOD:35	NT=orbitrap;AC=MS:1000484	031822	2022-03-18T13:42:31	350m/z	1200m/z	150m/z	1700m/z	nanoflow reversed-phase gradient at 0.30 uL/min (buffer A 0.1% formic acid, buffer B 70% acetonitrile with 0.1% formic acid): 3% B at 0 min, 3% B at 25 min, 6% B at 27 min, 25% B at 80 min, 45% B at 92 min, 97% B at 95 min, 97% B at 96 min, 3% B at 97 min	donor_E_validation_mock
donor_E_validation_mock	Homo sapiens	blood	macrophage	5	control sample	normal	differentiated from CD14-positive blood monocytes with 25 ng/mL M-CSF for 6 d, then mock-infected with medium containing no Mycobacterium tuberculosis, then cultured for 72 h	not synthetic	CT=mixture;CN=stable isotope-labeled synthetic analogs of the peptides targeted by this SureQuant validation method, concentrations adjusted empirically per peptide	not applicable	not applicable	not applicable	not available	not available	not available	donor_E	MHC class I protein complex	immunoaffinity purification	not available	not available	W6/32 (pan-MHC class I)	donor_E_validation_mock_F8	proteomic profiling by mass spectrometry	1	031822_donor_E_Mock_F8.raw	v1.1.0	NT=ms-proteomics;VV=v1.1.0	NT=human;VV=v1.1.0	NT=immunopeptidomics;VV=v1.0.0	NT=Parallel reaction monitoring;AC=PRIDE:0000629	NT=Orbitrap Exploris 480;AC=MS:1003028	NT=unspecific cleavage;AC=MS:1001956	NT=label free sample;AC=MS:1002038	8	NT=HCD;AC=MS:1000422	NT=High-pH reversed-phase chromatography (hpHRP);AC=PRIDE:0000564	27% NCE	not available	not available	not applicable	not applicable	NT=Oxidation;MT=Variable;PP=Anywhere;TA=M;AC=UNIMOD:35	NT=orbitrap;AC=MS:1000484	031822	2022-03-19T02:08:58	350m/z	1200m/z	150m/z	1700m/z	nanoflow reversed-phase gradient at 0.30 uL/min (buffer A 0.1% formic acid, buffer B 70% acetonitrile with 0.1% formic acid): 3% B at 0 min, 3% B at 25 min, 6% B at 27 min, 25% B at 80 min, 45% B at 92 min, 97% B at 95 min, 97% B at 96 min, 3% B at 97 min	donor_E_validation_mock
donor_E_validation_Mtb_WT	Homo sapiens	blood	macrophage	5	study sample	normal	differentiated from CD14-positive blood monocytes with 25 ng/mL M-CSF for 6 d, then infected with Mycobacterium tuberculosis H37Rv (NCBI taxon 83332) at a multiplicity of infection of 2.5 for 4 h, washed, then cultured for 72 h	not synthetic	CT=mixture;CN=stable isotope-labeled synthetic analogs of the peptides targeted by this SureQuant validation method, concentrations adjusted empirically per peptide	not applicable	not applicable	not applicable	not available	not available	not available	donor_E	MHC class I protein complex	immunoaffinity purification	not available	not available	W6/32 (pan-MHC class I)	donor_E_validation_Mtb_WT_F12	proteomic profiling by mass spectrometry	1	031822_donor_E__Mtb_F12.raw	v1.1.0	NT=ms-proteomics;VV=v1.1.0	NT=human;VV=v1.1.0	NT=immunopeptidomics;VV=v1.0.0	NT=Parallel reaction monitoring;AC=PRIDE:0000629	NT=Orbitrap Exploris 480;AC=MS:1003028	NT=unspecific cleavage;AC=MS:1001956	NT=label free sample;AC=MS:1002038	12	NT=HCD;AC=MS:1000422	NT=High-pH reversed-phase chromatography (hpHRP);AC=PRIDE:0000564	27% NCE	not available	not available	not applicable	not applicable	NT=Oxidation;MT=Variable;PP=Anywhere;TA=M;AC=UNIMOD:35	NT=orbitrap;AC=MS:1000484	031822	2022-03-19T14:10:12	350m/z	1200m/z	150m/z	1700m/z	nanoflow reversed-phase gradient at 0.30 uL/min (buffer A 0.1% formic acid, buffer B 70% acetonitrile with 0.1% formic acid): 3% B at 0 min, 3% B at 25 min, 6% B at 27 min, 25% B at 80 min, 45% B at 92 min, 97% B at 95 min, 97% B at 96 min, 3% B at 97 min	donor_E_validation_Mtb_WT
donor_E_validation_Mtb_WT	Homo sapiens	blood	macrophage	5	study sample	normal	differentiated from CD14-positive blood monocytes with 25 ng/mL M-CSF for 6 d, then infected with Mycobacterium tuberculosis H37Rv (NCBI taxon 83332) at a multiplicity of infection of 2.5 for 4 h, washed, then cultured for 72 h	not synthetic	CT=mixture;CN=stable isotope-labeled synthetic analogs of the peptides targeted by this SureQuant validation method, concentrations adjusted empirically per peptide	not applicable	not applicable	not applicable	not available	not available	not available	donor_E	MHC class I protein complex	immunoaffinity purification	not available	not available	W6/32 (pan-MHC class I)	donor_E_validation_Mtb_WT_F2_less_kgd	proteomic profiling by mass spectrometry	1	031822_donor_E__Mtb_F2_less_kgd.raw	v1.1.0	NT=ms-proteomics;VV=v1.1.0	NT=human;VV=v1.1.0	NT=immunopeptidomics;VV=v1.0.0	NT=Parallel reaction monitoring;AC=PRIDE:0000629	NT=Orbitrap Exploris 480;AC=MS:1003028	NT=unspecific cleavage;AC=MS:1001956	NT=label free sample;AC=MS:1002038	2	NT=HCD;AC=MS:1000422	NT=High-pH reversed-phase chromatography (hpHRP);AC=PRIDE:0000564	27% NCE	not available	not available	not applicable	not applicable	NT=Oxidation;MT=Variable;PP=Anywhere;TA=M;AC=UNIMOD:35	NT=orbitrap;AC=MS:1000484	031822	2022-03-19T20:29:25	350m/z	1200m/z	150m/z	1700m/z	nanoflow reversed-phase gradient at 0.30 uL/min (buffer A 0.1% formic acid, buffer B 70% acetonitrile with 0.1% formic acid): 3% B at 0 min, 3% B at 25 min, 6% B at 27 min, 25% B at 80 min, 45% B at 92 min, 97% B at 95 min, 97% B at 96 min, 3% B at 97 min	donor_E_validation_Mtb_WT
donor_E_validation_Mtb_WT	Homo sapiens	blood	macrophage	5	study sample	normal	differentiated from CD14-positive blood monocytes with 25 ng/mL M-CSF for 6 d, then infected with Mycobacterium tuberculosis H37Rv (NCBI taxon 83332) at a multiplicity of infection of 2.5 for 4 h, washed, then cultured for 72 h	not synthetic	CT=mixture;CN=stable isotope-labeled synthetic analogs of the peptides targeted by this SureQuant validation method, concentrations adjusted empirically per peptide	not applicable	not applicable	not applicable	not available	not available	not available	donor_E	MHC class I protein complex	immunoaffinity purification	not available	not available	W6/32 (pan-MHC class I)	donor_E_validation_Mtb_WT_F4	proteomic profiling by mass spectrometry	1	031822_donor_E__Mtb_F4.raw	v1.1.0	NT=ms-proteomics;VV=v1.1.0	NT=human;VV=v1.1.0	NT=immunopeptidomics;VV=v1.0.0	NT=Parallel reaction monitoring;AC=PRIDE:0000629	NT=Orbitrap Exploris 480;AC=MS:1003028	NT=unspecific cleavage;AC=MS:1001956	NT=label free sample;AC=MS:1002038	4	NT=HCD;AC=MS:1000422	NT=High-pH reversed-phase chromatography (hpHRP);AC=PRIDE:0000564	27% NCE	not available	not available	not applicable	not applicable	NT=Oxidation;MT=Variable;PP=Anywhere;TA=M;AC=UNIMOD:35	NT=orbitrap;AC=MS:1000484	031822	2022-03-18T21:50:00	350m/z	1200m/z	150m/z	1700m/z	nanoflow reversed-phase gradient at 0.30 uL/min (buffer A 0.1% formic acid, buffer B 70% acetonitrile with 0.1% formic acid): 3% B at 0 min, 3% B at 25 min, 6% B at 27 min, 25% B at 80 min, 45% B at 92 min, 97% B at 95 min, 97% B at 96 min, 3% B at 97 min	donor_E_validation_Mtb_WT
donor_E_validation_Mtb_WT	Homo sapiens	blood	macrophage	5	study sample	normal	differentiated from CD14-positive blood monocytes with 25 ng/mL M-CSF for 6 d, then infected with Mycobacterium tuberculosis H37Rv (NCBI taxon 83332) at a multiplicity of infection of 2.5 for 4 h, washed, then cultured for 72 h	not synthetic	CT=mixture;CN=stable isotope-labeled synthetic analogs of the peptides targeted by this SureQuant validation method, concentrations adjusted empirically per peptide	not applicable	not applicable	not applicable	not available	not available	not available	donor_E	MHC class I protein complex	immunoaffinity purification	not available	not available	W6/32 (pan-MHC class I)	donor_E_validation_Mtb_WT_F8	proteomic profiling by mass spectrometry	1	031822_donor_E__Mtb_F8.raw	v1.1.0	NT=ms-proteomics;VV=v1.1.0	NT=human;VV=v1.1.0	NT=immunopeptidomics;VV=v1.0.0	NT=Parallel reaction monitoring;AC=PRIDE:0000629	NT=Orbitrap Exploris 480;AC=MS:1003028	NT=unspecific cleavage;AC=MS:1001956	NT=label free sample;AC=MS:1002038	8	NT=HCD;AC=MS:1000422	NT=High-pH reversed-phase chromatography (hpHRP);AC=PRIDE:0000564	27% NCE	not available	not available	not applicable	not applicable	NT=Oxidation;MT=Variable;PP=Anywhere;TA=M;AC=UNIMOD:35	NT=orbitrap;AC=MS:1000484	031822	2022-03-19T12:10:01	350m/z	1200m/z	150m/z	1700m/z	nanoflow reversed-phase gradient at 0.30 uL/min (buffer A 0.1% formic acid, buffer B 70% acetonitrile with 0.1% formic acid): 3% B at 0 min, 3% B at 25 min, 6% B at 27 min, 25% B at 80 min, 45% B at 92 min, 97% B at 95 min, 97% B at 96 min, 3% B at 97 min	donor_E_validation_Mtb_WT
donor_H_validation_mock	Homo sapiens	blood	macrophage	6	control sample	normal	differentiated from CD14-positive blood monocytes with 25 ng/mL M-CSF for 6 d, then mock-infected with medium containing no Mycobacterium tuberculosis, then cultured for 72 h	not synthetic	CT=mixture;CN=stable isotope-labeled synthetic analogs of the peptides targeted by this SureQuant validation method, concentrations adjusted empirically per peptide	not applicable	not applicable	not applicable	not available	not available	not available	donor_H	MHC class I protein complex	immunoaffinity purification	not available	not available	W6/32 (pan-MHC class I)	donor_H_validation_mock_F1	proteomic profiling by mass spectrometry	1	032122_donor_H_Mock_F1.raw	v1.1.0	NT=ms-proteomics;VV=v1.1.0	NT=human;VV=v1.1.0	NT=immunopeptidomics;VV=v1.0.0	NT=Parallel reaction monitoring;AC=PRIDE:0000629	NT=Orbitrap Exploris 480;AC=MS:1003028	NT=unspecific cleavage;AC=MS:1001956	NT=label free sample;AC=MS:1002038	1	NT=HCD;AC=MS:1000422	NT=High-pH reversed-phase chromatography (hpHRP);AC=PRIDE:0000564	27% NCE	not available	not available	not applicable	not applicable	NT=Oxidation;MT=Variable;PP=Anywhere;TA=M;AC=UNIMOD:35	NT=orbitrap;AC=MS:1000484	032122	2022-03-23T00:39:02	350m/z	1200m/z	150m/z	1700m/z	nanoflow reversed-phase gradient at 0.30 uL/min (buffer A 0.1% formic acid, buffer B 70% acetonitrile with 0.1% formic acid): 3% B at 0 min, 3% B at 25 min, 6% B at 27 min, 25% B at 80 min, 45% B at 92 min, 97% B at 95 min, 97% B at 96 min, 3% B at 97 min	donor_H_validation_mock
donor_H_validation_mock	Homo sapiens	blood	macrophage	6	control sample	normal	differentiated from CD14-positive blood monocytes with 25 ng/mL M-CSF for 6 d, then mock-infected with medium containing no Mycobacterium tuberculosis, then cultured for 72 h	not synthetic	CT=mixture;CN=stable isotope-labeled synthetic analogs of the peptides targeted by this SureQuant validation method, concentrations adjusted empirically per peptide	not applicable	not applicable	not applicable	not available	not available	not available	donor_H	MHC class I protein complex	immunoaffinity purification	not available	not available	W6/32 (pan-MHC class I)	donor_H_validation_mock_F12	proteomic profiling by mass spectrometry	1	032122_donor_H_Mock_F12.raw	v1.1.0	NT=ms-proteomics;VV=v1.1.0	NT=human;VV=v1.1.0	NT=immunopeptidomics;VV=v1.0.0	NT=Parallel reaction monitoring;AC=PRIDE:0000629	NT=Orbitrap Exploris 480;AC=MS:1003028	NT=unspecific cleavage;AC=MS:1001956	NT=label free sample;AC=MS:1002038	12	NT=HCD;AC=MS:1000422	NT=High-pH reversed-phase chromatography (hpHRP);AC=PRIDE:0000564	27% NCE	not available	not available	not applicable	not applicable	NT=Oxidation;MT=Variable;PP=Anywhere;TA=M;AC=UNIMOD:35	NT=orbitrap;AC=MS:1000484	032122	2022-03-23T12:40:11	350m/z	1200m/z	150m/z	1700m/z	nanoflow reversed-phase gradient at 0.30 uL/min (buffer A 0.1% formic acid, buffer B 70% acetonitrile with 0.1% formic acid): 3% B at 0 min, 3% B at 25 min, 6% B at 27 min, 25% B at 80 min, 45% B at 92 min, 97% B at 95 min, 97% B at 96 min, 3% B at 97 min	donor_H_validation_mock
donor_H_validation_mock	Homo sapiens	blood	macrophage	6	control sample	normal	differentiated from CD14-positive blood monocytes with 25 ng/mL M-CSF for 6 d, then mock-infected with medium containing no Mycobacterium tuberculosis, then cultured for 72 h	not synthetic	CT=mixture;CN=stable isotope-labeled synthetic analogs of the peptides targeted by this SureQuant validation method, concentrations adjusted empirically per peptide	not applicable	not applicable	not applicable	not available	not available	not available	donor_H	MHC class I protein complex	immunoaffinity purification	not available	not available	W6/32 (pan-MHC class I)	donor_H_validation_mock_F2	proteomic profiling by mass spectrometry	1	032122_donor_H_Mock_F2.raw	v1.1.0	NT=ms-proteomics;VV=v1.1.0	NT=human;VV=v1.1.0	NT=immunopeptidomics;VV=v1.0.0	NT=Parallel reaction monitoring;AC=PRIDE:0000629	NT=Orbitrap Exploris 480;AC=MS:1003028	NT=unspecific cleavage;AC=MS:1001956	NT=label free sample;AC=MS:1002038	2	NT=HCD;AC=MS:1000422	NT=High-pH reversed-phase chromatography (hpHRP);AC=PRIDE:0000564	27% NCE	not available	not available	not applicable	not applicable	NT=Oxidation;MT=Variable;PP=Anywhere;TA=M;AC=UNIMOD:35	NT=orbitrap;AC=MS:1000484	032122	2022-03-23T02:39:15	350m/z	1200m/z	150m/z	1700m/z	nanoflow reversed-phase gradient at 0.30 uL/min (buffer A 0.1% formic acid, buffer B 70% acetonitrile with 0.1% formic acid): 3% B at 0 min, 3% B at 25 min, 6% B at 27 min, 25% B at 80 min, 45% B at 92 min, 97% B at 95 min, 97% B at 96 min, 3% B at 97 min	donor_H_validation_mock
donor_H_validation_mock	Homo sapiens	blood	macrophage	6	control sample	normal	differentiated from CD14-positive blood monocytes with 25 ng/mL M-CSF for 6 d, then mock-infected with medium containing no Mycobacterium tuberculosis, then cultured for 72 h	not synthetic	CT=mixture;CN=stable isotope-labeled synthetic analogs of the peptides targeted by this SureQuant validation method, concentrations adjusted empirically per peptide	not applicable	not applicable	not applicable	not available	not available	not available	donor_H	MHC class I protein complex	immunoaffinity purification	not available	not available	W6/32 (pan-MHC class I)	donor_H_validation_mock_F3	proteomic profiling by mass spectrometry	1	032122_donor_H_Mock_F3.raw	v1.1.0	NT=ms-proteomics;VV=v1.1.0	NT=human;VV=v1.1.0	NT=immunopeptidomics;VV=v1.0.0	NT=Parallel reaction monitoring;AC=PRIDE:0000629	NT=Orbitrap Exploris 480;AC=MS:1003028	NT=unspecific cleavage;AC=MS:1001956	NT=label free sample;AC=MS:1002038	3	NT=HCD;AC=MS:1000422	NT=High-pH reversed-phase chromatography (hpHRP);AC=PRIDE:0000564	27% NCE	not available	not available	not applicable	not applicable	NT=Oxidation;MT=Variable;PP=Anywhere;TA=M;AC=UNIMOD:35	NT=orbitrap;AC=MS:1000484	032122	2022-03-23T04:39:26	350m/z	1200m/z	150m/z	1700m/z	nanoflow reversed-phase gradient at 0.30 uL/min (buffer A 0.1% formic acid, buffer B 70% acetonitrile with 0.1% formic acid): 3% B at 0 min, 3% B at 25 min, 6% B at 27 min, 25% B at 80 min, 45% B at 92 min, 97% B at 95 min, 97% B at 96 min, 3% B at 97 min	donor_H_validation_mock
donor_H_validation_mock	Homo sapiens	blood	macrophage	6	control sample	normal	differentiated from CD14-positive blood monocytes with 25 ng/mL M-CSF for 6 d, then mock-infected with medium containing no Mycobacterium tuberculosis, then cultured for 72 h	not synthetic	CT=mixture;CN=stable isotope-labeled synthetic analogs of the peptides targeted by this SureQuant validation method, concentrations adjusted empirically per peptide	not applicable	not applicable	not applicable	not available	not available	not available	donor_H	MHC class I protein complex	immunoaffinity purification	not available	not available	W6/32 (pan-MHC class I)	donor_H_validation_mock_F4	proteomic profiling by mass spectrometry	1	032122_donor_H_Mock_F4.raw	v1.1.0	NT=ms-proteomics;VV=v1.1.0	NT=human;VV=v1.1.0	NT=immunopeptidomics;VV=v1.0.0	NT=Parallel reaction monitoring;AC=PRIDE:0000629	NT=Orbitrap Exploris 480;AC=MS:1003028	NT=unspecific cleavage;AC=MS:1001956	NT=label free sample;AC=MS:1002038	4	NT=HCD;AC=MS:1000422	NT=High-pH reversed-phase chromatography (hpHRP);AC=PRIDE:0000564	27% NCE	not available	not available	not applicable	not applicable	NT=Oxidation;MT=Variable;PP=Anywhere;TA=M;AC=UNIMOD:35	NT=orbitrap;AC=MS:1000484	032122	2022-03-23T06:39:37	350m/z	1200m/z	150m/z	1700m/z	nanoflow reversed-phase gradient at 0.30 uL/min (buffer A 0.1% formic acid, buffer B 70% acetonitrile with 0.1% formic acid): 3% B at 0 min, 3% B at 25 min, 6% B at 27 min, 25% B at 80 min, 45% B at 92 min, 97% B at 95 min, 97% B at 96 min, 3% B at 97 min	donor_H_validation_mock
donor_H_validation_mock	Homo sapiens	blood	macrophage	6	control sample	normal	differentiated from CD14-positive blood monocytes with 25 ng/mL M-CSF for 6 d, then mock-infected with medium containing no Mycobacterium tuberculosis, then cultured for 72 h	not synthetic	CT=mixture;CN=stable isotope-labeled synthetic analogs of the peptides targeted by this SureQuant validation method, concentrations adjusted empirically per peptide	not applicable	not applicable	not applicable	not available	not available	not available	donor_H	MHC class I protein complex	immunoaffinity purification	not available	not available	W6/32 (pan-MHC class I)	donor_H_validation_mock_F5	proteomic profiling by mass spectrometry	1	032122_donor_H_Mock_F5.raw	v1.1.0	NT=ms-proteomics;VV=v1.1.0	NT=human;VV=v1.1.0	NT=immunopeptidomics;VV=v1.0.0	NT=Parallel reaction monitoring;AC=PRIDE:0000629	NT=Orbitrap Exploris 480;AC=MS:1003028	NT=unspecific cleavage;AC=MS:1001956	NT=label free sample;AC=MS:1002038	5	NT=HCD;AC=MS:1000422	NT=High-pH reversed-phase chromatography (hpHRP);AC=PRIDE:0000564	27% NCE	not available	not available	not applicable	not applicable	NT=Oxidation;MT=Variable;PP=Anywhere;TA=M;AC=UNIMOD:35	NT=orbitrap;AC=MS:1000484	032122	2022-03-23T08:39:48	350m/z	1200m/z	150m/z	1700m/z	nanoflow reversed-phase gradient at 0.30 uL/min (buffer A 0.1% formic acid, buffer B 70% acetonitrile with 0.1% formic acid): 3% B at 0 min, 3% B at 25 min, 6% B at 27 min, 25% B at 80 min, 45% B at 92 min, 97% B at 95 min, 97% B at 96 min, 3% B at 97 min	donor_H_validation_mock
donor_H_validation_mock	Homo sapiens	blood	macrophage	6	control sample	normal	differentiated from CD14-positive blood monocytes with 25 ng/mL M-CSF for 6 d, then mock-infected with medium containing no Mycobacterium tuberculosis, then cultured for 72 h	not synthetic	CT=mixture;CN=stable isotope-labeled synthetic analogs of the peptides targeted by this SureQuant validation method, concentrations adjusted empirically per peptide	not applicable	not applicable	not applicable	not available	not available	not available	donor_H	MHC class I protein complex	immunoaffinity purification	not available	not available	W6/32 (pan-MHC class I)	donor_H_validation_mock_F6	proteomic profiling by mass spectrometry	1	032122_donor_H_Mock_F6.raw	v1.1.0	NT=ms-proteomics;VV=v1.1.0	NT=human;VV=v1.1.0	NT=immunopeptidomics;VV=v1.0.0	NT=Parallel reaction monitoring;AC=PRIDE:0000629	NT=Orbitrap Exploris 480;AC=MS:1003028	NT=unspecific cleavage;AC=MS:1001956	NT=label free sample;AC=MS:1002038	6	NT=HCD;AC=MS:1000422	NT=High-pH reversed-phase chromatography (hpHRP);AC=PRIDE:0000564	27% NCE	not available	not available	not applicable	not applicable	NT=Oxidation;MT=Variable;PP=Anywhere;TA=M;AC=UNIMOD:35	NT=orbitrap;AC=MS:1000484	032122	2022-03-22T16:34:32	350m/z	1200m/z	150m/z	1700m/z	nanoflow reversed-phase gradient at 0.30 uL/min (buffer A 0.1% formic acid, buffer B 70% acetonitrile with 0.1% formic acid): 3% B at 0 min, 3% B at 25 min, 6% B at 27 min, 25% B at 80 min, 45% B at 92 min, 97% B at 95 min, 97% B at 96 min, 3% B at 97 min	donor_H_validation_mock
donor_H_validation_mock	Homo sapiens	blood	macrophage	6	control sample	normal	differentiated from CD14-positive blood monocytes with 25 ng/mL M-CSF for 6 d, then mock-infected with medium containing no Mycobacterium tuberculosis, then cultured for 72 h	not synthetic	CT=mixture;CN=stable isotope-labeled synthetic analogs of the peptides targeted by this SureQuant validation method, concentrations adjusted empirically per peptide	not applicable	not applicable	not applicable	not available	not available	not available	donor_H	MHC class I protein complex	immunoaffinity purification	not available	not available	W6/32 (pan-MHC class I)	donor_H_validation_mock_F7	proteomic profiling by mass spectrometry	1	032122_donor_H_Mock_F7.raw	v1.1.0	NT=ms-proteomics;VV=v1.1.0	NT=human;VV=v1.1.0	NT=immunopeptidomics;VV=v1.0.0	NT=Parallel reaction monitoring;AC=PRIDE:0000629	NT=Orbitrap Exploris 480;AC=MS:1003028	NT=unspecific cleavage;AC=MS:1001956	NT=label free sample;AC=MS:1002038	7	NT=HCD;AC=MS:1000422	NT=High-pH reversed-phase chromatography (hpHRP);AC=PRIDE:0000564	27% NCE	not available	not available	not applicable	not applicable	NT=Oxidation;MT=Variable;PP=Anywhere;TA=M;AC=UNIMOD:35	NT=orbitrap;AC=MS:1000484	032122	2022-03-23T10:40:00	350m/z	1200m/z	150m/z	1700m/z	nanoflow reversed-phase gradient at 0.30 uL/min (buffer A 0.1% formic acid, buffer B 70% acetonitrile with 0.1% formic acid): 3% B at 0 min, 3% B at 25 min, 6% B at 27 min, 25% B at 80 min, 45% B at 92 min, 97% B at 95 min, 97% B at 96 min, 3% B at 97 min	donor_H_validation_mock
donor_H_validation_Mtb_WT	Homo sapiens	blood	macrophage	6	study sample	normal	differentiated from CD14-positive blood monocytes with 25 ng/mL M-CSF for 6 d, then infected with Mycobacterium tuberculosis H37Rv (NCBI taxon 83332) at a multiplicity of infection of 2.5 for 4 h, washed, then cultured for 72 h	not synthetic	CT=mixture;CN=stable isotope-labeled synthetic analogs of the peptides targeted by this SureQuant validation method, concentrations adjusted empirically per peptide	not applicable	not applicable	not applicable	not available	not available	not available	donor_H	MHC class I protein complex	immunoaffinity purification	not available	not available	W6/32 (pan-MHC class I)	donor_H_validation_Mtb_WT_F1	proteomic profiling by mass spectrometry	1	032122_donor_H__Mtb_F1.raw	v1.1.0	NT=ms-proteomics;VV=v1.1.0	NT=human;VV=v1.1.0	NT=immunopeptidomics;VV=v1.0.0	NT=Parallel reaction monitoring;AC=PRIDE:0000629	NT=Orbitrap Exploris 480;AC=MS:1003028	NT=unspecific cleavage;AC=MS:1001956	NT=label free sample;AC=MS:1002038	1	NT=HCD;AC=MS:1000422	NT=High-pH reversed-phase chromatography (hpHRP);AC=PRIDE:0000564	27% NCE	not available	not available	not applicable	not applicable	NT=Oxidation;MT=Variable;PP=Anywhere;TA=M;AC=UNIMOD:35	NT=orbitrap;AC=MS:1000484	032122	2022-03-23T14:40:24	350m/z	1200m/z	150m/z	1700m/z	nanoflow reversed-phase gradient at 0.30 uL/min (buffer A 0.1% formic acid, buffer B 70% acetonitrile with 0.1% formic acid): 3% B at 0 min, 3% B at 25 min, 6% B at 27 min, 25% B at 80 min, 45% B at 92 min, 97% B at 95 min, 97% B at 96 min, 3% B at 97 min	donor_H_validation_Mtb_WT
donor_H_validation_Mtb_WT	Homo sapiens	blood	macrophage	6	study sample	normal	differentiated from CD14-positive blood monocytes with 25 ng/mL M-CSF for 6 d, then infected with Mycobacterium tuberculosis H37Rv (NCBI taxon 83332) at a multiplicity of infection of 2.5 for 4 h, washed, then cultured for 72 h	not synthetic	CT=mixture;CN=stable isotope-labeled synthetic analogs of the peptides targeted by this SureQuant validation method, concentrations adjusted empirically per peptide	not applicable	not applicable	not applicable	not available	not available	not available	donor_H	MHC class I protein complex	immunoaffinity purification	not available	not available	W6/32 (pan-MHC class I)	donor_H_validation_Mtb_WT_F2	proteomic profiling by mass spectrometry	1	032122_donor_H__Mtb_F2.raw	v1.1.0	NT=ms-proteomics;VV=v1.1.0	NT=human;VV=v1.1.0	NT=immunopeptidomics;VV=v1.0.0	NT=Parallel reaction monitoring;AC=PRIDE:0000629	NT=Orbitrap Exploris 480;AC=MS:1003028	NT=unspecific cleavage;AC=MS:1001956	NT=label free sample;AC=MS:1002038	2	NT=HCD;AC=MS:1000422	NT=High-pH reversed-phase chromatography (hpHRP);AC=PRIDE:0000564	27% NCE	not available	not available	not applicable	not applicable	NT=Oxidation;MT=Variable;PP=Anywhere;TA=M;AC=UNIMOD:35	NT=orbitrap;AC=MS:1000484	032122	2022-03-23T16:40:36	350m/z	1200m/z	150m/z	1700m/z	nanoflow reversed-phase gradient at 0.30 uL/min (buffer A 0.1% formic acid, buffer B 70% acetonitrile with 0.1% formic acid): 3% B at 0 min, 3% B at 25 min, 6% B at 27 min, 25% B at 80 min, 45% B at 92 min, 97% B at 95 min, 97% B at 96 min, 3% B at 97 min	donor_H_validation_Mtb_WT
donor_H_validation_Mtb_WT	Homo sapiens	blood	macrophage	6	study sample	normal	differentiated from CD14-positive blood monocytes with 25 ng/mL M-CSF for 6 d, then infected with Mycobacterium tuberculosis H37Rv (NCBI taxon 83332) at a multiplicity of infection of 2.5 for 4 h, washed, then cultured for 72 h	not synthetic	CT=mixture;CN=stable isotope-labeled synthetic analogs of the peptides targeted by this SureQuant validation method, concentrations adjusted empirically per peptide	not applicable	not applicable	not applicable	not available	not available	not available	donor_H	MHC class I protein complex	immunoaffinity purification	not available	not available	W6/32 (pan-MHC class I)	donor_H_validation_Mtb_WT_F5	proteomic profiling by mass spectrometry	1	032122_donor_H__Mtb_F5.raw	v1.1.0	NT=ms-proteomics;VV=v1.1.0	NT=human;VV=v1.1.0	NT=immunopeptidomics;VV=v1.0.0	NT=Parallel reaction monitoring;AC=PRIDE:0000629	NT=Orbitrap Exploris 480;AC=MS:1003028	NT=unspecific cleavage;AC=MS:1001956	NT=label free sample;AC=MS:1002038	5	NT=HCD;AC=MS:1000422	NT=High-pH reversed-phase chromatography (hpHRP);AC=PRIDE:0000564	27% NCE	not available	not available	not applicable	not applicable	NT=Oxidation;MT=Variable;PP=Anywhere;TA=M;AC=UNIMOD:35	NT=orbitrap;AC=MS:1000484	032122	2022-03-23T18:40:47	350m/z	1200m/z	150m/z	1700m/z	nanoflow reversed-phase gradient at 0.30 uL/min (buffer A 0.1% formic acid, buffer B 70% acetonitrile with 0.1% formic acid): 3% B at 0 min, 3% B at 25 min, 6% B at 27 min, 25% B at 80 min, 45% B at 92 min, 97% B at 95 min, 97% B at 96 min, 3% B at 97 min	donor_H_validation_Mtb_WT
donor_H_validation_Mtb_WT	Homo sapiens	blood	macrophage	6	study sample	normal	differentiated from CD14-positive blood monocytes with 25 ng/mL M-CSF for 6 d, then infected with Mycobacterium tuberculosis H37Rv (NCBI taxon 83332) at a multiplicity of infection of 2.5 for 4 h, washed, then cultured for 72 h	not synthetic	CT=mixture;CN=stable isotope-labeled synthetic analogs of the peptides targeted by this SureQuant validation method, concentrations adjusted empirically per peptide	not applicable	not applicable	not applicable	not available	not available	not available	donor_H	MHC class I protein complex	immunoaffinity purification	not available	not available	W6/32 (pan-MHC class I)	donor_H_validation_Mtb_WT_F6	proteomic profiling by mass spectrometry	1	032122_donor_H__Mtb_F6.raw	v1.1.0	NT=ms-proteomics;VV=v1.1.0	NT=human;VV=v1.1.0	NT=immunopeptidomics;VV=v1.0.0	NT=Parallel reaction monitoring;AC=PRIDE:0000629	NT=Orbitrap Exploris 480;AC=MS:1003028	NT=unspecific cleavage;AC=MS:1001956	NT=label free sample;AC=MS:1002038	6	NT=HCD;AC=MS:1000422	NT=High-pH reversed-phase chromatography (hpHRP);AC=PRIDE:0000564	27% NCE	not available	not available	not applicable	not applicable	NT=Oxidation;MT=Variable;PP=Anywhere;TA=M;AC=UNIMOD:35	NT=orbitrap;AC=MS:1000484	032122	2022-03-22T18:34:43	350m/z	1200m/z	150m/z	1700m/z	nanoflow reversed-phase gradient at 0.30 uL/min (buffer A 0.1% formic acid, buffer B 70% acetonitrile with 0.1% formic acid): 3% B at 0 min, 3% B at 25 min, 6% B at 27 min, 25% B at 80 min, 45% B at 92 min, 97% B at 95 min, 97% B at 96 min, 3% B at 97 min	donor_H_validation_Mtb_WT
donor_I_validation_mock	Homo sapiens	blood	macrophage	7	control sample	normal	differentiated from CD14-positive blood monocytes with 25 ng/mL M-CSF for 6 d, then mock-infected with medium containing no Mycobacterium tuberculosis, then cultured for 72 h	not synthetic	CT=mixture;CN=stable isotope-labeled synthetic analogs of the peptides targeted by this SureQuant validation method, concentrations adjusted empirically per peptide	not applicable	not applicable	not applicable	not available	not available	not available	donor_I	MHC class I protein complex	immunoaffinity purification	not available	not available	W6/32 (pan-MHC class I)	donor_I_validation_mock_F10	proteomic profiling by mass spectrometry	1	040722_donor_I_Mock_F10.raw	v1.1.0	NT=ms-proteomics;VV=v1.1.0	NT=human;VV=v1.1.0	NT=immunopeptidomics;VV=v1.0.0	NT=Parallel reaction monitoring;AC=PRIDE:0000629	NT=Orbitrap Exploris 480;AC=MS:1003028	NT=unspecific cleavage;AC=MS:1001956	NT=label free sample;AC=MS:1002038	10	NT=HCD;AC=MS:1000422	NT=High-pH reversed-phase chromatography (hpHRP);AC=PRIDE:0000564	27% NCE	not available	not available	not applicable	not applicable	NT=Oxidation;MT=Variable;PP=Anywhere;TA=M;AC=UNIMOD:35	NT=orbitrap;AC=MS:1000484	040722	2022-04-09T03:55:06	350m/z	1200m/z	150m/z	1700m/z	nanoflow reversed-phase gradient at 0.30 uL/min (buffer A 0.1% formic acid, buffer B 70% acetonitrile with 0.1% formic acid): 3% B at 0 min, 3% B at 25 min, 6% B at 27 min, 25% B at 80 min, 45% B at 92 min, 97% B at 95 min, 97% B at 96 min, 3% B at 97 min	donor_I_validation_mock
donor_I_validation_mock	Homo sapiens	blood	macrophage	7	control sample	normal	differentiated from CD14-positive blood monocytes with 25 ng/mL M-CSF for 6 d, then mock-infected with medium containing no Mycobacterium tuberculosis, then cultured for 72 h	not synthetic	CT=mixture;CN=stable isotope-labeled synthetic analogs of the peptides targeted by this SureQuant validation method, concentrations adjusted empirically per peptide	not applicable	not applicable	not applicable	not available	not available	not available	donor_I	MHC class I protein complex	immunoaffinity purification	not available	not available	W6/32 (pan-MHC class I)	donor_I_validation_mock_F11	proteomic profiling by mass spectrometry	1	040722_donor_I_Mock_F11.raw	v1.1.0	NT=ms-proteomics;VV=v1.1.0	NT=human;VV=v1.1.0	NT=immunopeptidomics;VV=v1.0.0	NT=Parallel reaction monitoring;AC=PRIDE:0000629	NT=Orbitrap Exploris 480;AC=MS:1003028	NT=unspecific cleavage;AC=MS:1001956	NT=label free sample;AC=MS:1002038	11	NT=HCD;AC=MS:1000422	NT=High-pH reversed-phase chromatography (hpHRP);AC=PRIDE:0000564	27% NCE	not available	not available	not applicable	not applicable	NT=Oxidation;MT=Variable;PP=Anywhere;TA=M;AC=UNIMOD:35	NT=orbitrap;AC=MS:1000484	040722	2022-04-09T05:55:15	350m/z	1200m/z	150m/z	1700m/z	nanoflow reversed-phase gradient at 0.30 uL/min (buffer A 0.1% formic acid, buffer B 70% acetonitrile with 0.1% formic acid): 3% B at 0 min, 3% B at 25 min, 6% B at 27 min, 25% B at 80 min, 45% B at 92 min, 97% B at 95 min, 97% B at 96 min, 3% B at 97 min	donor_I_validation_mock
donor_I_validation_mock	Homo sapiens	blood	macrophage	7	control sample	normal	differentiated from CD14-positive blood monocytes with 25 ng/mL M-CSF for 6 d, then mock-infected with medium containing no Mycobacterium tuberculosis, then cultured for 72 h	not synthetic	CT=mixture;CN=stable isotope-labeled synthetic analogs of the peptides targeted by this SureQuant validation method, concentrations adjusted empirically per peptide	not applicable	not applicable	not applicable	not available	not available	not available	donor_I	MHC class I protein complex	immunoaffinity purification	not available	not available	W6/32 (pan-MHC class I)	donor_I_validation_mock_F12	proteomic profiling by mass spectrometry	1	040722_donor_I_Mock_F12.raw	v1.1.0	NT=ms-proteomics;VV=v1.1.0	NT=human;VV=v1.1.0	NT=immunopeptidomics;VV=v1.0.0	NT=Parallel reaction monitoring;AC=PRIDE:0000629	NT=Orbitrap Exploris 480;AC=MS:1003028	NT=unspecific cleavage;AC=MS:1001956	NT=label free sample;AC=MS:1002038	12	NT=HCD;AC=MS:1000422	NT=High-pH reversed-phase chromatography (hpHRP);AC=PRIDE:0000564	27% NCE	not available	not available	not applicable	not applicable	NT=Oxidation;MT=Variable;PP=Anywhere;TA=M;AC=UNIMOD:35	NT=orbitrap;AC=MS:1000484	040722	2022-04-08T15:03:55	350m/z	1200m/z	150m/z	1700m/z	nanoflow reversed-phase gradient at 0.30 uL/min (buffer A 0.1% formic acid, buffer B 70% acetonitrile with 0.1% formic acid): 3% B at 0 min, 3% B at 25 min, 6% B at 27 min, 25% B at 80 min, 45% B at 92 min, 97% B at 95 min, 97% B at 96 min, 3% B at 97 min	donor_I_validation_mock
donor_I_validation_mock	Homo sapiens	blood	macrophage	7	control sample	normal	differentiated from CD14-positive blood monocytes with 25 ng/mL M-CSF for 6 d, then mock-infected with medium containing no Mycobacterium tuberculosis, then cultured for 72 h	not synthetic	CT=mixture;CN=stable isotope-labeled synthetic analogs of the peptides targeted by this SureQuant validation method, concentrations adjusted empirically per peptide	not applicable	not applicable	not applicable	not available	not available	not available	donor_I	MHC class I protein complex	immunoaffinity purification	not available	not available	W6/32 (pan-MHC class I)	donor_I_validation_mock_F2_rebal	proteomic profiling by mass spectrometry	1	040722_donor_I_Mock_F2_rebal.raw	v1.1.0	NT=ms-proteomics;VV=v1.1.0	NT=human;VV=v1.1.0	NT=immunopeptidomics;VV=v1.0.0	NT=Parallel reaction monitoring;AC=PRIDE:0000629	NT=Orbitrap Exploris 480;AC=MS:1003028	NT=unspecific cleavage;AC=MS:1001956	NT=label free sample;AC=MS:1002038	2	NT=HCD;AC=MS:1000422	NT=High-pH reversed-phase chromatography (hpHRP);AC=PRIDE:0000564	27% NCE	not available	not available	not applicable	not applicable	NT=Oxidation;MT=Variable;PP=Anywhere;TA=M;AC=UNIMOD:35	NT=orbitrap;AC=MS:1000484	040722	2022-04-08T12:14:27	350m/z	1200m/z	150m/z	1700m/z	nanoflow reversed-phase gradient at 0.30 uL/min (buffer A 0.1% formic acid, buffer B 70% acetonitrile with 0.1% formic acid): 3% B at 0 min, 3% B at 25 min, 6% B at 27 min, 25% B at 80 min, 45% B at 92 min, 97% B at 95 min, 97% B at 96 min, 3% B at 97 min	donor_I_validation_mock
donor_I_validation_mock	Homo sapiens	blood	macrophage	7	control sample	normal	differentiated from CD14-positive blood monocytes with 25 ng/mL M-CSF for 6 d, then mock-infected with medium containing no Mycobacterium tuberculosis, then cultured for 72 h	not synthetic	CT=mixture;CN=stable isotope-labeled synthetic analogs of the peptides targeted by this SureQuant validation method, concentrations adjusted empirically per peptide	not applicable	not applicable	not applicable	not available	not available	not available	donor_I	MHC class I protein complex	immunoaffinity purification	not available	not available	W6/32 (pan-MHC class I)	donor_I_validation_mock_F3	proteomic profiling by mass spectrometry	1	040722_donor_I_Mock_F3.raw	v1.1.0	NT=ms-proteomics;VV=v1.1.0	NT=human;VV=v1.1.0	NT=immunopeptidomics;VV=v1.0.0	NT=Parallel reaction monitoring;AC=PRIDE:0000629	NT=Orbitrap Exploris 480;AC=MS:1003028	NT=unspecific cleavage;AC=MS:1001956	NT=label free sample;AC=MS:1002038	3	NT=HCD;AC=MS:1000422	NT=High-pH reversed-phase chromatography (hpHRP);AC=PRIDE:0000564	27% NCE	not available	not available	not applicable	not applicable	NT=Oxidation;MT=Variable;PP=Anywhere;TA=M;AC=UNIMOD:35	NT=orbitrap;AC=MS:1000484	040722	2022-04-10T00:37:17	350m/z	1200m/z	150m/z	1700m/z	nanoflow reversed-phase gradient at 0.30 uL/min (buffer A 0.1% formic acid, buffer B 70% acetonitrile with 0.1% formic acid): 3% B at 0 min, 3% B at 25 min, 6% B at 27 min, 25% B at 80 min, 45% B at 92 min, 97% B at 95 min, 97% B at 96 min, 3% B at 97 min	donor_I_validation_mock
donor_I_validation_mock	Homo sapiens	blood	macrophage	7	control sample	normal	differentiated from CD14-positive blood monocytes with 25 ng/mL M-CSF for 6 d, then mock-infected with medium containing no Mycobacterium tuberculosis, then cultured for 72 h	not synthetic	CT=mixture;CN=stable isotope-labeled synthetic analogs of the peptides targeted by this SureQuant validation method, concentrations adjusted empirically per peptide	not applicable	not applicable	not applicable	not available	not available	not available	donor_I	MHC class I protein complex	immunoaffinity purification	not available	not available	W6/32 (pan-MHC class I)	donor_I_validation_mock_F4	proteomic profiling by mass spectrometry	1	040722_donor_I_Mock_F4.raw	v1.1.0	NT=ms-proteomics;VV=v1.1.0	NT=human;VV=v1.1.0	NT=immunopeptidomics;VV=v1.0.0	NT=Parallel reaction monitoring;AC=PRIDE:0000629	NT=Orbitrap Exploris 480;AC=MS:1003028	NT=unspecific cleavage;AC=MS:1001956	NT=label free sample;AC=MS:1002038	4	NT=HCD;AC=MS:1000422	NT=High-pH reversed-phase chromatography (hpHRP);AC=PRIDE:0000564	27% NCE	not available	not available	not applicable	not applicable	NT=Oxidation;MT=Variable;PP=Anywhere;TA=M;AC=UNIMOD:35	NT=orbitrap;AC=MS:1000484	040722	2022-04-10T02:37:26	350m/z	1200m/z	150m/z	1700m/z	nanoflow reversed-phase gradient at 0.30 uL/min (buffer A 0.1% formic acid, buffer B 70% acetonitrile with 0.1% formic acid): 3% B at 0 min, 3% B at 25 min, 6% B at 27 min, 25% B at 80 min, 45% B at 92 min, 97% B at 95 min, 97% B at 96 min, 3% B at 97 min	donor_I_validation_mock
donor_I_validation_mock	Homo sapiens	blood	macrophage	7	control sample	normal	differentiated from CD14-positive blood monocytes with 25 ng/mL M-CSF for 6 d, then mock-infected with medium containing no Mycobacterium tuberculosis, then cultured for 72 h	not synthetic	CT=mixture;CN=stable isotope-labeled synthetic analogs of the peptides targeted by this SureQuant validation method, concentrations adjusted empirically per peptide	not applicable	not applicable	not applicable	not available	not available	not available	donor_I	MHC class I protein complex	immunoaffinity purification	not available	not available	W6/32 (pan-MHC class I)	donor_I_validation_mock_F5	proteomic profiling by mass spectrometry	1	040722_donor_I_Mock_F5.raw	v1.1.0	NT=ms-proteomics;VV=v1.1.0	NT=human;VV=v1.1.0	NT=immunopeptidomics;VV=v1.0.0	NT=Parallel reaction monitoring;AC=PRIDE:0000629	NT=Orbitrap Exploris 480;AC=MS:1003028	NT=unspecific cleavage;AC=MS:1001956	NT=label free sample;AC=MS:1002038	5	NT=HCD;AC=MS:1000422	NT=High-pH reversed-phase chromatography (hpHRP);AC=PRIDE:0000564	27% NCE	not available	not available	not applicable	not applicable	NT=Oxidation;MT=Variable;PP=Anywhere;TA=M;AC=UNIMOD:35	NT=orbitrap;AC=MS:1000484	040722	2022-04-10T04:37:35	350m/z	1200m/z	150m/z	1700m/z	nanoflow reversed-phase gradient at 0.30 uL/min (buffer A 0.1% formic acid, buffer B 70% acetonitrile with 0.1% formic acid): 3% B at 0 min, 3% B at 25 min, 6% B at 27 min, 25% B at 80 min, 45% B at 92 min, 97% B at 95 min, 97% B at 96 min, 3% B at 97 min	donor_I_validation_mock
donor_I_validation_mock	Homo sapiens	blood	macrophage	7	control sample	normal	differentiated from CD14-positive blood monocytes with 25 ng/mL M-CSF for 6 d, then mock-infected with medium containing no Mycobacterium tuberculosis, then cultured for 72 h	not synthetic	CT=mixture;CN=stable isotope-labeled synthetic analogs of the peptides targeted by this SureQuant validation method, concentrations adjusted empirically per peptide	not applicable	not applicable	not applicable	not available	not available	not available	donor_I	MHC class I protein complex	immunoaffinity purification	not available	not available	W6/32 (pan-MHC class I)	donor_I_validation_mock_F6	proteomic profiling by mass spectrometry	1	040722_donor_I_Mock_F6.raw	v1.1.0	NT=ms-proteomics;VV=v1.1.0	NT=human;VV=v1.1.0	NT=immunopeptidomics;VV=v1.0.0	NT=Parallel reaction monitoring;AC=PRIDE:0000629	NT=Orbitrap Exploris 480;AC=MS:1003028	NT=unspecific cleavage;AC=MS:1001956	NT=label free sample;AC=MS:1002038	6	NT=HCD;AC=MS:1000422	NT=High-pH reversed-phase chromatography (hpHRP);AC=PRIDE:0000564	27% NCE	not available	not available	not applicable	not applicable	NT=Oxidation;MT=Variable;PP=Anywhere;TA=M;AC=UNIMOD:35	NT=orbitrap;AC=MS:1000484	040722	2022-04-09T12:15:59	350m/z	1200m/z	150m/z	1700m/z	nanoflow reversed-phase gradient at 0.30 uL/min (buffer A 0.1% formic acid, buffer B 70% acetonitrile with 0.1% formic acid): 3% B at 0 min, 3% B at 25 min, 6% B at 27 min, 25% B at 80 min, 45% B at 92 min, 97% B at 95 min, 97% B at 96 min, 3% B at 97 min	donor_I_validation_mock
donor_I_validation_mock	Homo sapiens	blood	macrophage	7	control sample	normal	differentiated from CD14-positive blood monocytes with 25 ng/mL M-CSF for 6 d, then mock-infected with medium containing no Mycobacterium tuberculosis, then cultured for 72 h	not synthetic	CT=mixture;CN=stable isotope-labeled synthetic analogs of the peptides targeted by this SureQuant validation method, concentrations adjusted empirically per peptide	not applicable	not applicable	not applicable	not available	not available	not available	donor_I	MHC class I protein complex	immunoaffinity purification	not available	not available	W6/32 (pan-MHC class I)	donor_I_validation_mock_F7	proteomic profiling by mass spectrometry	1	040722_donor_I_Mock_F7.raw	v1.1.0	NT=ms-proteomics;VV=v1.1.0	NT=human;VV=v1.1.0	NT=immunopeptidomics;VV=v1.0.0	NT=Parallel reaction monitoring;AC=PRIDE:0000629	NT=Orbitrap Exploris 480;AC=MS:1003028	NT=unspecific cleavage;AC=MS:1001956	NT=label free sample;AC=MS:1002038	7	NT=HCD;AC=MS:1000422	NT=High-pH reversed-phase chromatography (hpHRP);AC=PRIDE:0000564	27% NCE	not available	not available	not applicable	not applicable	NT=Oxidation;MT=Variable;PP=Anywhere;TA=M;AC=UNIMOD:35	NT=orbitrap;AC=MS:1000484	040722	2022-04-08T21:34:25	350m/z	1200m/z	150m/z	1700m/z	nanoflow reversed-phase gradient at 0.30 uL/min (buffer A 0.1% formic acid, buffer B 70% acetonitrile with 0.1% formic acid): 3% B at 0 min, 3% B at 25 min, 6% B at 27 min, 25% B at 80 min, 45% B at 92 min, 97% B at 95 min, 97% B at 96 min, 3% B at 97 min	donor_I_validation_mock
donor_I_validation_mock	Homo sapiens	blood	macrophage	7	control sample	normal	differentiated from CD14-positive blood monocytes with 25 ng/mL M-CSF for 6 d, then mock-infected with medium containing no Mycobacterium tuberculosis, then cultured for 72 h	not synthetic	CT=mixture;CN=stable isotope-labeled synthetic analogs of the peptides targeted by this SureQuant validation method, concentrations adjusted empirically per peptide	not applicable	not applicable	not applicable	not available	not available	not available	donor_I	MHC class I protein complex	immunoaffinity purification	not available	not available	W6/32 (pan-MHC class I)	donor_I_validation_mock_F8_repeat	proteomic profiling by mass spectrometry	1	040722_donor_I_Mock_F8_repeat.raw	v1.1.0	NT=ms-proteomics;VV=v1.1.0	NT=human;VV=v1.1.0	NT=immunopeptidomics;VV=v1.0.0	NT=Parallel reaction monitoring;AC=PRIDE:0000629	NT=Orbitrap Exploris 480;AC=MS:1003028	NT=unspecific cleavage;AC=MS:1001956	NT=label free sample;AC=MS:1002038	8	NT=HCD;AC=MS:1000422	NT=High-pH reversed-phase chromatography (hpHRP);AC=PRIDE:0000564	27% NCE	not available	not available	not applicable	not applicable	NT=Oxidation;MT=Variable;PP=Anywhere;TA=M;AC=UNIMOD:35	NT=orbitrap;AC=MS:1000484	040722	2022-04-10T17:14:21	350m/z	1200m/z	150m/z	1700m/z	nanoflow reversed-phase gradient at 0.30 uL/min (buffer A 0.1% formic acid, buffer B 70% acetonitrile with 0.1% formic acid): 3% B at 0 min, 3% B at 25 min, 6% B at 27 min, 25% B at 80 min, 45% B at 92 min, 97% B at 95 min, 97% B at 96 min, 3% B at 97 min	donor_I_validation_mock
donor_I_validation_mock	Homo sapiens	blood	macrophage	7	control sample	normal	differentiated from CD14-positive blood monocytes with 25 ng/mL M-CSF for 6 d, then mock-infected with medium containing no Mycobacterium tuberculosis, then cultured for 72 h	not synthetic	CT=mixture;CN=stable isotope-labeled synthetic analogs of the peptides targeted by this SureQuant validation method, concentrations adjusted empirically per peptide	not applicable	not applicable	not applicable	not available	not available	not available	donor_I	MHC class I protein complex	immunoaffinity purification	not available	not available	W6/32 (pan-MHC class I)	donor_I_validation_mock_F9	proteomic profiling by mass spectrometry	1	040722_donor_I_Mock_F9.raw	v1.1.0	NT=ms-proteomics;VV=v1.1.0	NT=human;VV=v1.1.0	NT=immunopeptidomics;VV=v1.0.0	NT=Parallel reaction monitoring;AC=PRIDE:0000629	NT=Orbitrap Exploris 480;AC=MS:1003028	NT=unspecific cleavage;AC=MS:1001956	NT=label free sample;AC=MS:1002038	9	NT=HCD;AC=MS:1000422	NT=High-pH reversed-phase chromatography (hpHRP);AC=PRIDE:0000564	27% NCE	not available	not available	not applicable	not applicable	NT=Oxidation;MT=Variable;PP=Anywhere;TA=M;AC=UNIMOD:35	NT=orbitrap;AC=MS:1000484	040722	2022-04-09T16:16:18	350m/z	1200m/z	150m/z	1700m/z	nanoflow reversed-phase gradient at 0.30 uL/min (buffer A 0.1% formic acid, buffer B 70% acetonitrile with 0.1% formic acid): 3% B at 0 min, 3% B at 25 min, 6% B at 27 min, 25% B at 80 min, 45% B at 92 min, 97% B at 95 min, 97% B at 96 min, 3% B at 97 min	donor_I_validation_mock
donor_I_validation_Mtb_WT	Homo sapiens	blood	macrophage	7	study sample	normal	differentiated from CD14-positive blood monocytes with 25 ng/mL M-CSF for 6 d, then infected with Mycobacterium tuberculosis H37Rv (NCBI taxon 83332) at a multiplicity of infection of 2.5 for 4 h, washed, then cultured for 72 h	not synthetic	CT=mixture;CN=stable isotope-labeled synthetic analogs of the peptides targeted by this SureQuant validation method, concentrations adjusted empirically per peptide	not applicable	not applicable	not applicable	not available	not available	not available	donor_I	MHC class I protein complex	immunoaffinity purification	not available	not available	W6/32 (pan-MHC class I)	donor_I_validation_Mtb_WT_F10	proteomic profiling by mass spectrometry	1	040722_donor_I__Mtb_F10.raw	v1.1.0	NT=ms-proteomics;VV=v1.1.0	NT=human;VV=v1.1.0	NT=immunopeptidomics;VV=v1.0.0	NT=Parallel reaction monitoring;AC=PRIDE:0000629	NT=Orbitrap Exploris 480;AC=MS:1003028	NT=unspecific cleavage;AC=MS:1001956	NT=label free sample;AC=MS:1002038	10	NT=HCD;AC=MS:1000422	NT=High-pH reversed-phase chromatography (hpHRP);AC=PRIDE:0000564	27% NCE	not available	not available	not applicable	not applicable	NT=Oxidation;MT=Variable;PP=Anywhere;TA=M;AC=UNIMOD:35	NT=orbitrap;AC=MS:1000484	040722	2022-04-09T07:55:29	350m/z	1200m/z	150m/z	1700m/z	nanoflow reversed-phase gradient at 0.30 uL/min (buffer A 0.1% formic acid, buffer B 70% acetonitrile with 0.1% formic acid): 3% B at 0 min, 3% B at 25 min, 6% B at 27 min, 25% B at 80 min, 45% B at 92 min, 97% B at 95 min, 97% B at 96 min, 3% B at 97 min	donor_I_validation_Mtb_WT
donor_I_validation_Mtb_WT	Homo sapiens	blood	macrophage	7	study sample	normal	differentiated from CD14-positive blood monocytes with 25 ng/mL M-CSF for 6 d, then infected with Mycobacterium tuberculosis H37Rv (NCBI taxon 83332) at a multiplicity of infection of 2.5 for 4 h, washed, then cultured for 72 h	not synthetic	CT=mixture;CN=stable isotope-labeled synthetic analogs of the peptides targeted by this SureQuant validation method, concentrations adjusted empirically per peptide	not applicable	not applicable	not applicable	not available	not available	not available	donor_I	MHC class I protein complex	immunoaffinity purification	not available	not available	W6/32 (pan-MHC class I)	donor_I_validation_Mtb_WT_F12	proteomic profiling by mass spectrometry	1	040722_donor_I__Mtb_F12.raw	v1.1.0	NT=ms-proteomics;VV=v1.1.0	NT=human;VV=v1.1.0	NT=immunopeptidomics;VV=v1.0.0	NT=Parallel reaction monitoring;AC=PRIDE:0000629	NT=Orbitrap Exploris 480;AC=MS:1003028	NT=unspecific cleavage;AC=MS:1001956	NT=label free sample;AC=MS:1002038	12	NT=HCD;AC=MS:1000422	NT=High-pH reversed-phase chromatography (hpHRP);AC=PRIDE:0000564	27% NCE	not available	not available	not applicable	not applicable	NT=Oxidation;MT=Variable;PP=Anywhere;TA=M;AC=UNIMOD:35	NT=orbitrap;AC=MS:1000484	040722	2022-04-08T17:04:04	350m/z	1200m/z	150m/z	1700m/z	nanoflow reversed-phase gradient at 0.30 uL/min (buffer A 0.1% formic acid, buffer B 70% acetonitrile with 0.1% formic acid): 3% B at 0 min, 3% B at 25 min, 6% B at 27 min, 25% B at 80 min, 45% B at 92 min, 97% B at 95 min, 97% B at 96 min, 3% B at 97 min	donor_I_validation_Mtb_WT
donor_I_validation_Mtb_WT	Homo sapiens	blood	macrophage	7	study sample	normal	differentiated from CD14-positive blood monocytes with 25 ng/mL M-CSF for 6 d, then infected with Mycobacterium tuberculosis H37Rv (NCBI taxon 83332) at a multiplicity of infection of 2.5 for 4 h, washed, then cultured for 72 h	not synthetic	CT=mixture;CN=stable isotope-labeled synthetic analogs of the peptides targeted by this SureQuant validation method, concentrations adjusted empirically per peptide	not applicable	not applicable	not applicable	not available	not available	not available	donor_I	MHC class I protein complex	immunoaffinity purification	not available	not available	W6/32 (pan-MHC class I)	donor_I_validation_Mtb_WT_F2	proteomic profiling by mass spectrometry	1	040722_donor_I__Mtb_F2.raw	v1.1.0	NT=ms-proteomics;VV=v1.1.0	NT=human;VV=v1.1.0	NT=immunopeptidomics;VV=v1.0.0	NT=Parallel reaction monitoring;AC=PRIDE:0000629	NT=Orbitrap Exploris 480;AC=MS:1003028	NT=unspecific cleavage;AC=MS:1001956	NT=label free sample;AC=MS:1002038	2	NT=HCD;AC=MS:1000422	NT=High-pH reversed-phase chromatography (hpHRP);AC=PRIDE:0000564	27% NCE	not available	not available	not applicable	not applicable	NT=Oxidation;MT=Variable;PP=Anywhere;TA=M;AC=UNIMOD:35	NT=orbitrap;AC=MS:1000484	040722	2022-04-10T10:38:03	350m/z	1200m/z	150m/z	1700m/z	nanoflow reversed-phase gradient at 0.30 uL/min (buffer A 0.1% formic acid, buffer B 70% acetonitrile with 0.1% formic acid): 3% B at 0 min, 3% B at 25 min, 6% B at 27 min, 25% B at 80 min, 45% B at 92 min, 97% B at 95 min, 97% B at 96 min, 3% B at 97 min	donor_I_validation_Mtb_WT
donor_I_validation_Mtb_WT	Homo sapiens	blood	macrophage	7	study sample	normal	differentiated from CD14-positive blood monocytes with 25 ng/mL M-CSF for 6 d, then infected with Mycobacterium tuberculosis H37Rv (NCBI taxon 83332) at a multiplicity of infection of 2.5 for 4 h, washed, then cultured for 72 h	not synthetic	CT=mixture;CN=stable isotope-labeled synthetic analogs of the peptides targeted by this SureQuant validation method, concentrations adjusted empirically per peptide	not applicable	not applicable	not applicable	not available	not available	not available	donor_I	MHC class I protein complex	immunoaffinity purification	not available	not available	W6/32 (pan-MHC class I)	donor_I_validation_Mtb_WT_F4	proteomic profiling by mass spectrometry	1	040722_donor_I__Mtb_F4.raw	v1.1.0	NT=ms-proteomics;VV=v1.1.0	NT=human;VV=v1.1.0	NT=immunopeptidomics;VV=v1.0.0	NT=Parallel reaction monitoring;AC=PRIDE:0000629	NT=Orbitrap Exploris 480;AC=MS:1003028	NT=unspecific cleavage;AC=MS:1001956	NT=label free sample;AC=MS:1002038	4	NT=HCD;AC=MS:1000422	NT=High-pH reversed-phase chromatography (hpHRP);AC=PRIDE:0000564	27% NCE	not available	not available	not applicable	not applicable	NT=Oxidation;MT=Variable;PP=Anywhere;TA=M;AC=UNIMOD:35	NT=orbitrap;AC=MS:1000484	040722	2022-04-10T06:37:46	350m/z	1200m/z	150m/z	1700m/z	nanoflow reversed-phase gradient at 0.30 uL/min (buffer A 0.1% formic acid, buffer B 70% acetonitrile with 0.1% formic acid): 3% B at 0 min, 3% B at 25 min, 6% B at 27 min, 25% B at 80 min, 45% B at 92 min, 97% B at 95 min, 97% B at 96 min, 3% B at 97 min	donor_I_validation_Mtb_WT
donor_I_validation_Mtb_WT	Homo sapiens	blood	macrophage	7	study sample	normal	differentiated from CD14-positive blood monocytes with 25 ng/mL M-CSF for 6 d, then infected with Mycobacterium tuberculosis H37Rv (NCBI taxon 83332) at a multiplicity of infection of 2.5 for 4 h, washed, then cultured for 72 h	not synthetic	CT=mixture;CN=stable isotope-labeled synthetic analogs of the peptides targeted by this SureQuant validation method, concentrations adjusted empirically per peptide	not applicable	not applicable	not applicable	not available	not available	not available	donor_I	MHC class I protein complex	immunoaffinity purification	not available	not available	W6/32 (pan-MHC class I)	donor_I_validation_Mtb_WT_F5	proteomic profiling by mass spectrometry	1	040722_donor_I__Mtb_F5.raw	v1.1.0	NT=ms-proteomics;VV=v1.1.0	NT=human;VV=v1.1.0	NT=immunopeptidomics;VV=v1.0.0	NT=Parallel reaction monitoring;AC=PRIDE:0000629	NT=Orbitrap Exploris 480;AC=MS:1003028	NT=unspecific cleavage;AC=MS:1001956	NT=label free sample;AC=MS:1002038	5	NT=HCD;AC=MS:1000422	NT=High-pH reversed-phase chromatography (hpHRP);AC=PRIDE:0000564	27% NCE	not available	not available	not applicable	not applicable	NT=Oxidation;MT=Variable;PP=Anywhere;TA=M;AC=UNIMOD:35	NT=orbitrap;AC=MS:1000484	040722	2022-04-10T08:37:56	350m/z	1200m/z	150m/z	1700m/z	nanoflow reversed-phase gradient at 0.30 uL/min (buffer A 0.1% formic acid, buffer B 70% acetonitrile with 0.1% formic acid): 3% B at 0 min, 3% B at 25 min, 6% B at 27 min, 25% B at 80 min, 45% B at 92 min, 97% B at 95 min, 97% B at 96 min, 3% B at 97 min	donor_I_validation_Mtb_WT
donor_I_validation_Mtb_WT	Homo sapiens	blood	macrophage	7	study sample	normal	differentiated from CD14-positive blood monocytes with 25 ng/mL M-CSF for 6 d, then infected with Mycobacterium tuberculosis H37Rv (NCBI taxon 83332) at a multiplicity of infection of 2.5 for 4 h, washed, then cultured for 72 h	not synthetic	CT=mixture;CN=stable isotope-labeled synthetic analogs of the peptides targeted by this SureQuant validation method, concentrations adjusted empirically per peptide	not applicable	not applicable	not applicable	not available	not available	not available	donor_I	MHC class I protein complex	immunoaffinity purification	not available	not available	W6/32 (pan-MHC class I)	donor_I_validation_Mtb_WT_F7	proteomic profiling by mass spectrometry	1	040722_donor_I__Mtb_F7.raw	v1.1.0	NT=ms-proteomics;VV=v1.1.0	NT=human;VV=v1.1.0	NT=immunopeptidomics;VV=v1.0.0	NT=Parallel reaction monitoring;AC=PRIDE:0000629	NT=Orbitrap Exploris 480;AC=MS:1003028	NT=unspecific cleavage;AC=MS:1001956	NT=label free sample;AC=MS:1002038	7	NT=HCD;AC=MS:1000422	NT=High-pH reversed-phase chromatography (hpHRP);AC=PRIDE:0000564	27% NCE	not available	not available	not applicable	not applicable	NT=Oxidation;MT=Variable;PP=Anywhere;TA=M;AC=UNIMOD:35	NT=orbitrap;AC=MS:1000484	040722	2022-04-08T23:34:36	350m/z	1200m/z	150m/z	1700m/z	nanoflow reversed-phase gradient at 0.30 uL/min (buffer A 0.1% formic acid, buffer B 70% acetonitrile with 0.1% formic acid): 3% B at 0 min, 3% B at 25 min, 6% B at 27 min, 25% B at 80 min, 45% B at 92 min, 97% B at 95 min, 97% B at 96 min, 3% B at 97 min	donor_I_validation_Mtb_WT
donor_I_validation_Mtb_WT	Homo sapiens	blood	macrophage	7	study sample	normal	differentiated from CD14-positive blood monocytes with 25 ng/mL M-CSF for 6 d, then infected with Mycobacterium tuberculosis H37Rv (NCBI taxon 83332) at a multiplicity of infection of 2.5 for 4 h, washed, then cultured for 72 h	not synthetic	CT=mixture;CN=stable isotope-labeled synthetic analogs of the peptides targeted by this SureQuant validation method, concentrations adjusted empirically per peptide	not applicable	not applicable	not applicable	not available	not available	not available	donor_I	MHC class I protein complex	immunoaffinity purification	not available	not available	W6/32 (pan-MHC class I)	donor_I_validation_Mtb_WT_F8_repeat	proteomic profiling by mass spectrometry	1	040722_donor_I__Mtb_F8_repeat.raw	v1.1.0	NT=ms-proteomics;VV=v1.1.0	NT=human;VV=v1.1.0	NT=immunopeptidomics;VV=v1.0.0	NT=Parallel reaction monitoring;AC=PRIDE:0000629	NT=Orbitrap Exploris 480;AC=MS:1003028	NT=unspecific cleavage;AC=MS:1001956	NT=label free sample;AC=MS:1002038	8	NT=HCD;AC=MS:1000422	NT=High-pH reversed-phase chromatography (hpHRP);AC=PRIDE:0000564	27% NCE	not available	not available	not applicable	not applicable	NT=Oxidation;MT=Variable;PP=Anywhere;TA=M;AC=UNIMOD:35	NT=orbitrap;AC=MS:1000484	040722	2022-04-10T19:14:30	350m/z	1200m/z	150m/z	1700m/z	nanoflow reversed-phase gradient at 0.30 uL/min (buffer A 0.1% formic acid, buffer B 70% acetonitrile with 0.1% formic acid): 3% B at 0 min, 3% B at 25 min, 6% B at 27 min, 25% B at 80 min, 45% B at 92 min, 97% B at 95 min, 97% B at 96 min, 3% B at 97 min	donor_I_validation_Mtb_WT
donor_I_validation_Mtb_WT	Homo sapiens	blood	macrophage	7	study sample	normal	differentiated from CD14-positive blood monocytes with 25 ng/mL M-CSF for 6 d, then infected with Mycobacterium tuberculosis H37Rv (NCBI taxon 83332) at a multiplicity of infection of 2.5 for 4 h, washed, then cultured for 72 h	not synthetic	CT=mixture;CN=stable isotope-labeled synthetic analogs of the peptides targeted by this SureQuant validation method, concentrations adjusted empirically per peptide	not applicable	not applicable	not applicable	not available	not available	not available	donor_I	MHC class I protein complex	immunoaffinity purification	not available	not available	W6/32 (pan-MHC class I)	donor_I_validation_Mtb_WT_F9	proteomic profiling by mass spectrometry	1	040722_donor_I__Mtb_F9.raw	v1.1.0	NT=ms-proteomics;VV=v1.1.0	NT=human;VV=v1.1.0	NT=immunopeptidomics;VV=v1.0.0	NT=Parallel reaction monitoring;AC=PRIDE:0000629	NT=Orbitrap Exploris 480;AC=MS:1003028	NT=unspecific cleavage;AC=MS:1001956	NT=label free sample;AC=MS:1002038	9	NT=HCD;AC=MS:1000422	NT=High-pH reversed-phase chromatography (hpHRP);AC=PRIDE:0000564	27% NCE	not available	not available	not applicable	not applicable	NT=Oxidation;MT=Variable;PP=Anywhere;TA=M;AC=UNIMOD:35	NT=orbitrap;AC=MS:1000484	040722	2022-04-10T21:14:42	350m/z	1200m/z	150m/z	1700m/z	nanoflow reversed-phase gradient at 0.30 uL/min (buffer A 0.1% formic acid, buffer B 70% acetonitrile with 0.1% formic acid): 3% B at 0 min, 3% B at 25 min, 6% B at 27 min, 25% B at 80 min, 45% B at 92 min, 97% B at 95 min, 97% B at 96 min, 3% B at 97 min	donor_I_validation_Mtb_WT
donor_B_drug_Mtb_DMSO	Homo sapiens	blood	macrophage	2	study sample	normal	differentiated from CD14-positive blood monocytes with 25 ng/mL M-CSF for 6 d, then infected with Mycobacterium tuberculosis H37Rv (NCBI taxon 83332) at a multiplicity of infection of 2.5 for 4 h, washed, then cultured for 72 h, with DMSO vehicle alone from pre-treatment through the post-infection culture	not synthetic	CT=mixture;CN=hipMHC UV-exchanged peptide-MHC class I complexes carrying the amidated stable isotope-labeled peptides ALADGVQKV, ALNEQIARL and SLPEEIGHL;QY=100 fmol each	CT=peptide;PS=LLDEGKQSL;CN=stable isotope-labeled EsxA 28-36 internal standard;QY=100 fmol	CT=peptide;PS=QTVEDEARRMW;CN=stable isotope-labeled EsxJ/K/P/W 24-34 internal standard;QY=1 pmol	CT=mixture;CN=stable isotope-labeled internal standards for the five targeted host HLA-A*02:01-binding self peptides KLDVGNAEV, KQVSDLISV, RTLAEIAKV, SLQDLIEKV and VLHDRIVSV;QY=250 fmol each	not available	not available	not available	donor_B	MHC class I protein complex	immunoaffinity purification	HLA-A*02:01;HLA-B*57:01	NGS-based typing	W6/32 (pan-MHC class I)	donor_B_drug_Mtb_DMSO	proteomic profiling by mass spectrometry	1	042822_EsxA_EsxJ_Iso18_1H_hipMHC_DMSO.raw	v1.1.0	NT=ms-proteomics;VV=v1.1.0	NT=human;VV=v1.1.0	NT=immunopeptidomics;VV=v1.0.0	NT=Parallel reaction monitoring;AC=PRIDE:0000629	NT=Orbitrap Exploris 480;AC=MS:1003028	NT=unspecific cleavage;AC=MS:1001956	NT=label free sample;AC=MS:1002038	1	NT=HCD;AC=MS:1000422	not applicable	27% NCE;30% NCE	not available	not available	not applicable	not applicable	NT=Oxidation;MT=Variable;PP=Anywhere;TA=M;AC=UNIMOD:35	NT=orbitrap;AC=MS:1000484	042822	2022-04-28T23:25:26	380m/z	1200m/z	150m/z	1700m/z	nanoflow reversed-phase gradient at 0.30 uL/min (buffer A 0.1% formic acid, buffer B 70% acetonitrile with 0.1% formic acid): 3% B at 0 min, 3% B at 25 min, 6% B at 27 min, 25% B at 80 min, 45% B at 92 min, 97% B at 95 min, 97% B at 96 min, 3% B at 97 min	donor_B_drug_Mtb_DMSO
donor_B_drug_Mtb_E64d	Homo sapiens	blood	macrophage	2	study sample	normal	differentiated from CD14-positive blood monocytes with 25 ng/mL M-CSF for 6 d, then infected with Mycobacterium tuberculosis H37Rv (NCBI taxon 83332) at a multiplicity of infection of 2.5 for 4 h, washed, then cultured for 72 h, with 20 uM E64d from pre-treatment through the post-infection culture	not synthetic	CT=mixture;CN=hipMHC UV-exchanged peptide-MHC class I complexes carrying the amidated stable isotope-labeled peptides ALADGVQKV, ALNEQIARL and SLPEEIGHL;QY=100 fmol each	CT=peptide;PS=LLDEGKQSL;CN=stable isotope-labeled EsxA 28-36 internal standard;QY=100 fmol	CT=peptide;PS=QTVEDEARRMW;CN=stable isotope-labeled EsxJ/K/P/W 24-34 internal standard;QY=1 pmol	CT=mixture;CN=stable isotope-labeled internal standards for the five targeted host HLA-A*02:01-binding self peptides KLDVGNAEV, KQVSDLISV, RTLAEIAKV, SLQDLIEKV and VLHDRIVSV;QY=250 fmol each	not available	not available	not available	donor_B	MHC class I protein complex	immunoaffinity purification	HLA-A*02:01;HLA-B*57:01	NGS-based typing	W6/32 (pan-MHC class I)	donor_B_drug_Mtb_E64d	proteomic profiling by mass spectrometry	1	042822_EsxA_EsxJ_Iso18_1H_hipMHC_E64.raw	v1.1.0	NT=ms-proteomics;VV=v1.1.0	NT=human;VV=v1.1.0	NT=immunopeptidomics;VV=v1.0.0	NT=Parallel reaction monitoring;AC=PRIDE:0000629	NT=Orbitrap Exploris 480;AC=MS:1003028	NT=unspecific cleavage;AC=MS:1001956	NT=label free sample;AC=MS:1002038	1	NT=HCD;AC=MS:1000422	not applicable	27% NCE;30% NCE	not available	not available	not applicable	not applicable	NT=Oxidation;MT=Variable;PP=Anywhere;TA=M;AC=UNIMOD:35	NT=orbitrap;AC=MS:1000484	042822	2022-04-28T19:25:06	380m/z	1200m/z	150m/z	1700m/z	nanoflow reversed-phase gradient at 0.30 uL/min (buffer A 0.1% formic acid, buffer B 70% acetonitrile with 0.1% formic acid): 3% B at 0 min, 3% B at 25 min, 6% B at 27 min, 25% B at 80 min, 45% B at 92 min, 97% B at 95 min, 97% B at 96 min, 3% B at 97 min	donor_B_drug_Mtb_E64d
donor_B_drug_Mtb_MG132	Homo sapiens	blood	macrophage	2	study sample	normal	differentiated from CD14-positive blood monocytes with 25 ng/mL M-CSF for 6 d, then infected with Mycobacterium tuberculosis H37Rv (NCBI taxon 83332) at a multiplicity of infection of 2.5 for 4 h, washed, then cultured for 72 h, with 0.5 uM MG-132 from pre-treatment through the post-infection culture	not synthetic	CT=mixture;CN=hipMHC UV-exchanged peptide-MHC class I complexes carrying the amidated stable isotope-labeled peptides ALADGVQKV, ALNEQIARL and SLPEEIGHL;QY=100 fmol each	CT=peptide;PS=LLDEGKQSL;CN=stable isotope-labeled EsxA 28-36 internal standard;QY=100 fmol	CT=peptide;PS=QTVEDEARRMW;CN=stable isotope-labeled EsxJ/K/P/W 24-34 internal standard;QY=1 pmol	CT=mixture;CN=stable isotope-labeled internal standards for the five targeted host HLA-A*02:01-binding self peptides KLDVGNAEV, KQVSDLISV, RTLAEIAKV, SLQDLIEKV and VLHDRIVSV;QY=250 fmol each	not available	not available	not available	donor_B	MHC class I protein complex	immunoaffinity purification	HLA-A*02:01;HLA-B*57:01	NGS-based typing	W6/32 (pan-MHC class I)	donor_B_drug_Mtb_MG132	proteomic profiling by mass spectrometry	1	042822_EsxA_EsxJ_Iso18_1H_hipMHC_MG132.raw	v1.1.0	NT=ms-proteomics;VV=v1.1.0	NT=human;VV=v1.1.0	NT=immunopeptidomics;VV=v1.0.0	NT=Parallel reaction monitoring;AC=PRIDE:0000629	NT=Orbitrap Exploris 480;AC=MS:1003028	NT=unspecific cleavage;AC=MS:1001956	NT=label free sample;AC=MS:1002038	1	NT=HCD;AC=MS:1000422	not applicable	27% NCE;30% NCE	not available	not available	not applicable	not applicable	NT=Oxidation;MT=Variable;PP=Anywhere;TA=M;AC=UNIMOD:35	NT=orbitrap;AC=MS:1000484	042822	2022-04-28T17:24:55	380m/z	1200m/z	150m/z	1700m/z	nanoflow reversed-phase gradient at 0.30 uL/min (buffer A 0.1% formic acid, buffer B 70% acetonitrile with 0.1% formic acid): 3% B at 0 min, 3% B at 25 min, 6% B at 27 min, 25% B at 80 min, 45% B at 92 min, 97% B at 95 min, 97% B at 96 min, 3% B at 97 min	donor_B_drug_Mtb_MG132
donor_B_drug_mock	Homo sapiens	blood	macrophage	2	control sample	normal	differentiated from CD14-positive blood monocytes with 25 ng/mL M-CSF for 6 d, then mock-infected with medium containing no Mycobacterium tuberculosis, then cultured for 72 h	not synthetic	CT=mixture;CN=hipMHC UV-exchanged peptide-MHC class I complexes carrying the amidated stable isotope-labeled peptides ALADGVQKV, ALNEQIARL and SLPEEIGHL;QY=100 fmol each	CT=peptide;PS=LLDEGKQSL;CN=stable isotope-labeled EsxA 28-36 internal standard;QY=100 fmol	CT=peptide;PS=QTVEDEARRMW;CN=stable isotope-labeled EsxJ/K/P/W 24-34 internal standard;QY=1 pmol	CT=mixture;CN=stable isotope-labeled internal standards for the five targeted host HLA-A*02:01-binding self peptides KLDVGNAEV, KQVSDLISV, RTLAEIAKV, SLQDLIEKV and VLHDRIVSV;QY=250 fmol each	not available	not available	not available	donor_B	MHC class I protein complex	immunoaffinity purification	HLA-A*02:01;HLA-B*57:01	NGS-based typing	W6/32 (pan-MHC class I)	donor_B_drug_mock	proteomic profiling by mass spectrometry	1	042822_EsxA_EsxJ_Iso18_1H_hipMHC_Mock.raw	v1.1.0	NT=ms-proteomics;VV=v1.1.0	NT=human;VV=v1.1.0	NT=immunopeptidomics;VV=v1.0.0	NT=Parallel reaction monitoring;AC=PRIDE:0000629	NT=Orbitrap Exploris 480;AC=MS:1003028	NT=unspecific cleavage;AC=MS:1001956	NT=label free sample;AC=MS:1002038	1	NT=HCD;AC=MS:1000422	not applicable	27% NCE;30% NCE	not available	not available	not applicable	not applicable	NT=Oxidation;MT=Variable;PP=Anywhere;TA=M;AC=UNIMOD:35	NT=orbitrap;AC=MS:1000484	042822	2022-04-28T14:29:25	380m/z	1200m/z	150m/z	1700m/z	nanoflow reversed-phase gradient at 0.30 uL/min (buffer A 0.1% formic acid, buffer B 70% acetonitrile with 0.1% formic acid): 3% B at 0 min, 3% B at 25 min, 6% B at 27 min, 25% B at 80 min, 45% B at 92 min, 97% B at 95 min, 97% B at 96 min, 3% B at 97 min	donor_B_drug_mock
donor_B_drug_Mtb_bafilomycin	Homo sapiens	blood	macrophage	2	study sample	normal	differentiated from CD14-positive blood monocytes with 25 ng/mL M-CSF for 6 d, then infected with Mycobacterium tuberculosis H37Rv (NCBI taxon 83332) at a multiplicity of infection of 2.5 for 4 h, washed, then cultured for 72 h, with 10 nM bafilomycin from pre-treatment through the post-infection culture	not synthetic	CT=mixture;CN=hipMHC UV-exchanged peptide-MHC class I complexes carrying the amidated stable isotope-labeled peptides ALADGVQKV, ALNEQIARL and SLPEEIGHL;QY=100 fmol each	CT=peptide;PS=LLDEGKQSL;CN=stable isotope-labeled EsxA 28-36 internal standard;QY=100 fmol	CT=peptide;PS=QTVEDEARRMW;CN=stable isotope-labeled EsxJ/K/P/W 24-34 internal standard;QY=1 pmol	CT=mixture;CN=stable isotope-labeled internal standards for the five targeted host HLA-A*02:01-binding self peptides KLDVGNAEV, KQVSDLISV, RTLAEIAKV, SLQDLIEKV and VLHDRIVSV;QY=250 fmol each	not available	not available	not available	donor_B	MHC class I protein complex	immunoaffinity purification	HLA-A*02:01;HLA-B*57:01	NGS-based typing	W6/32 (pan-MHC class I)	donor_B_drug_Mtb_bafilomycin	proteomic profiling by mass spectrometry	1	042822_EsxA_EsxJ_Iso18_1H_hipMHC_baf.raw	v1.1.0	NT=ms-proteomics;VV=v1.1.0	NT=human;VV=v1.1.0	NT=immunopeptidomics;VV=v1.0.0	NT=Parallel reaction monitoring;AC=PRIDE:0000629	NT=Orbitrap Exploris 480;AC=MS:1003028	NT=unspecific cleavage;AC=MS:1001956	NT=label free sample;AC=MS:1002038	1	NT=HCD;AC=MS:1000422	not applicable	27% NCE;30% NCE	not available	not available	not applicable	not applicable	NT=Oxidation;MT=Variable;PP=Anywhere;TA=M;AC=UNIMOD:35	NT=orbitrap;AC=MS:1000484	042822	2022-04-28T21:25:15	380m/z	1200m/z	150m/z	1700m/z	nanoflow reversed-phase gradient at 0.30 uL/min (buffer A 0.1% formic acid, buffer B 70% acetonitrile with 0.1% formic acid): 3% B at 0 min, 3% B at 25 min, 6% B at 27 min, 25% B at 80 min, 45% B at 92 min, 97% B at 95 min, 97% B at 96 min, 3% B at 97 min	donor_B_drug_Mtb_bafilomycin
donor_B_ESX1_mock	Homo sapiens	blood	macrophage	2	control sample	normal	differentiated from CD14-positive blood monocytes with 25 ng/mL M-CSF for 6 d, then mock-infected with medium containing no Mycobacterium tuberculosis, then cultured for 72 h	not synthetic	CT=mixture;CN=hipMHC UV-exchanged peptide-MHC class I complexes carrying the amidated stable isotope-labeled peptides ALADGVQKV, ALNEQIARL and SLPEEIGHL;QY=100 fmol each	CT=peptide;PS=LLDEGKQSL;CN=stable isotope-labeled EsxA 28-36 internal standard;QY=100 fmol	CT=peptide;PS=QTVEDEARRMW;CN=stable isotope-labeled EsxJ/K/P/W 24-34 internal standard;QY=1 pmol	not applicable	not available	not available	not available	donor_B	MHC class I protein complex	immunoaffinity purification	HLA-A*02:01;HLA-B*57:01	NGS-based typing	W6/32 (pan-MHC class I)	donor_B_ESX1_mock	proteomic profiling by mass spectrometry	1	050922_EsxA_EsxJ_hipMHC_Mock.raw	v1.1.0	NT=ms-proteomics;VV=v1.1.0	NT=human;VV=v1.1.0	NT=immunopeptidomics;VV=v1.0.0	NT=Parallel reaction monitoring;AC=PRIDE:0000629	NT=Orbitrap Exploris 480;AC=MS:1003028	NT=unspecific cleavage;AC=MS:1001956	NT=label free sample;AC=MS:1002038	1	NT=HCD;AC=MS:1000422	not applicable	27% NCE;30% NCE	not available	not available	not applicable	not applicable	NT=Oxidation;MT=Variable;PP=Anywhere;TA=M;AC=UNIMOD:35	NT=orbitrap;AC=MS:1000484	050922	2022-05-09T22:06:33	380m/z	1200m/z	150m/z	1700m/z	nanoflow reversed-phase gradient at 0.30 uL/min (buffer A 0.1% formic acid, buffer B 70% acetonitrile with 0.1% formic acid): 3% B at 0 min, 3% B at 25 min, 6% B at 27 min, 25% B at 80 min, 45% B at 92 min, 97% B at 95 min, 97% B at 96 min, 3% B at 97 min	donor_B_ESX1_mock
donor_B_ESX1_Mtb_WT	Homo sapiens	blood	macrophage	2	study sample	normal	differentiated from CD14-positive blood monocytes with 25 ng/mL M-CSF for 6 d, then infected with Mycobacterium tuberculosis H37Rv (NCBI taxon 83332) at a multiplicity of infection of 2.5 for 4 h, washed, then cultured for 72 h	not synthetic	CT=mixture;CN=hipMHC UV-exchanged peptide-MHC class I complexes carrying the amidated stable isotope-labeled peptides ALADGVQKV, ALNEQIARL and SLPEEIGHL;QY=100 fmol each	CT=peptide;PS=LLDEGKQSL;CN=stable isotope-labeled EsxA 28-36 internal standard;QY=100 fmol	CT=peptide;PS=QTVEDEARRMW;CN=stable isotope-labeled EsxJ/K/P/W 24-34 internal standard;QY=1 pmol	not applicable	not available	not available	not available	donor_B	MHC class I protein complex	immunoaffinity purification	HLA-A*02:01;HLA-B*57:01	NGS-based typing	W6/32 (pan-MHC class I)	donor_B_ESX1_Mtb_WT	proteomic profiling by mass spectrometry	1	050922_EsxA_EsxJ_hipMHC_WT.raw	v1.1.0	NT=ms-proteomics;VV=v1.1.0	NT=human;VV=v1.1.0	NT=immunopeptidomics;VV=v1.0.0	NT=Parallel reaction monitoring;AC=PRIDE:0000629	NT=Orbitrap Exploris 480;AC=MS:1003028	NT=unspecific cleavage;AC=MS:1001956	NT=label free sample;AC=MS:1002038	1	NT=HCD;AC=MS:1000422	not applicable	27% NCE;30% NCE	not available	not available	not applicable	not applicable	NT=Oxidation;MT=Variable;PP=Anywhere;TA=M;AC=UNIMOD:35	NT=orbitrap;AC=MS:1000484	050922	2022-05-10T14:17:35	380m/z	1200m/z	150m/z	1700m/z	nanoflow reversed-phase gradient at 0.30 uL/min (buffer A 0.1% formic acid, buffer B 70% acetonitrile with 0.1% formic acid): 3% B at 0 min, 3% B at 25 min, 6% B at 27 min, 25% B at 80 min, 45% B at 92 min, 97% B at 95 min, 97% B at 96 min, 3% B at 97 min	donor_B_ESX1_Mtb_WT
donor_B_ESX1_Mtb_eccCa1Tn	Homo sapiens	blood	macrophage	2	study sample	normal	differentiated from CD14-positive blood monocytes with 25 ng/mL M-CSF for 6 d, then infected with the ESX-1-deficient Mycobacterium tuberculosis H37Rv eccCa1::Tn transposon mutant at a multiplicity of infection of 2.5 for 4 h, washed, then cultured for 72 h	not synthetic	CT=mixture;CN=hipMHC UV-exchanged peptide-MHC class I complexes carrying the amidated stable isotope-labeled peptides ALADGVQKV, ALNEQIARL and SLPEEIGHL;QY=100 fmol each	CT=peptide;PS=LLDEGKQSL;CN=stable isotope-labeled EsxA 28-36 internal standard;QY=100 fmol	CT=peptide;PS=QTVEDEARRMW;CN=stable isotope-labeled EsxJ/K/P/W 24-34 internal standard;QY=1 pmol	not applicable	not available	not available	not available	donor_B	MHC class I protein complex	immunoaffinity purification	HLA-A*02:01;HLA-B*57:01	NGS-based typing	W6/32 (pan-MHC class I)	donor_B_ESX1_Mtb_eccCa1Tn	proteomic profiling by mass spectrometry	1	050922_EsxA_EsxJ_hipMHC_eccCa1Tn.raw	v1.1.0	NT=ms-proteomics;VV=v1.1.0	NT=human;VV=v1.1.0	NT=immunopeptidomics;VV=v1.0.0	NT=Parallel reaction monitoring;AC=PRIDE:0000629	NT=Orbitrap Exploris 480;AC=MS:1003028	NT=unspecific cleavage;AC=MS:1001956	NT=label free sample;AC=MS:1002038	1	NT=HCD;AC=MS:1000422	not applicable	27% NCE;30% NCE	not available	not available	not applicable	not applicable	NT=Oxidation;MT=Variable;PP=Anywhere;TA=M;AC=UNIMOD:35	NT=orbitrap;AC=MS:1000484	050922	2022-05-10T10:17:12	380m/z	1200m/z	150m/z	1700m/z	nanoflow reversed-phase gradient at 0.30 uL/min (buffer A 0.1% formic acid, buffer B 70% acetonitrile with 0.1% formic acid): 3% B at 0 min, 3% B at 25 min, 6% B at 27 min, 25% B at 80 min, 45% B at 92 min, 97% B at 95 min, 97% B at 96 min, 3% B at 97 min	donor_B_ESX1_Mtb_eccCa1Tn
donor_B_ESX1_Mtb_eccCa1Tn_IFNb	Homo sapiens	blood	macrophage	2	study sample	normal	differentiated from CD14-positive blood monocytes with 25 ng/mL M-CSF for 6 d, then infected with the ESX-1-deficient Mycobacterium tuberculosis H37Rv eccCa1::Tn transposon mutant at a multiplicity of infection of 2.5 for 4 h, washed, then cultured for 72 h with 10 ng/mL IFN-beta added after infection	not synthetic	CT=mixture;CN=hipMHC UV-exchanged peptide-MHC class I complexes carrying the amidated stable isotope-labeled peptides ALADGVQKV, ALNEQIARL and SLPEEIGHL;QY=100 fmol each	CT=peptide;PS=LLDEGKQSL;CN=stable isotope-labeled EsxA 28-36 internal standard;QY=100 fmol	CT=peptide;PS=QTVEDEARRMW;CN=stable isotope-labeled EsxJ/K/P/W 24-34 internal standard;QY=1 pmol	not applicable	not available	not available	not available	donor_B	MHC class I protein complex	immunoaffinity purification	HLA-A*02:01;HLA-B*57:01	NGS-based typing	W6/32 (pan-MHC class I)	donor_B_ESX1_Mtb_eccCa1Tn_IFNb	proteomic profiling by mass spectrometry	1	050922_EsxA_EsxJ_hipMHC_eccCa1Tn_IFNb.raw	v1.1.0	NT=ms-proteomics;VV=v1.1.0	NT=human;VV=v1.1.0	NT=immunopeptidomics;VV=v1.0.0	NT=Parallel reaction monitoring;AC=PRIDE:0000629	NT=Orbitrap Exploris 480;AC=MS:1003028	NT=unspecific cleavage;AC=MS:1001956	NT=label free sample;AC=MS:1002038	1	NT=HCD;AC=MS:1000422	not applicable	27% NCE;30% NCE	not available	not available	not applicable	not applicable	NT=Oxidation;MT=Variable;PP=Anywhere;TA=M;AC=UNIMOD:35	NT=orbitrap;AC=MS:1000484	050922	2022-05-10T12:17:24	380m/z	1200m/z	150m/z	1700m/z	nanoflow reversed-phase gradient at 0.30 uL/min (buffer A 0.1% formic acid, buffer B 70% acetonitrile with 0.1% formic acid): 3% B at 0 min, 3% B at 25 min, 6% B at 27 min, 25% B at 80 min, 45% B at 92 min, 97% B at 95 min, 97% B at 96 min, 3% B at 97 min	donor_B_ESX1_Mtb_eccCa1Tn_IFNb
donor_A_ESX1_mock	Homo sapiens	blood	macrophage	1	control sample	normal	differentiated from CD14-positive blood monocytes with 25 ng/mL M-CSF for 6 d, then mock-infected with medium containing no Mycobacterium tuberculosis, then cultured for 72 h	not synthetic	CT=mixture;CN=hipMHC UV-exchanged peptide-MHC class I complexes carrying the amidated stable isotope-labeled peptides ALADGVQKV, ALNEQIARL and SLPEEIGHL;QY=100 fmol each	CT=peptide;PS=LLDEGKQSL;CN=stable isotope-labeled EsxA 28-36 internal standard;QY=100 fmol	CT=peptide;PS=QTVEDEARRMW;CN=stable isotope-labeled EsxJ/K/P/W 24-34 internal standard;QY=1 pmol	not applicable	not available	not available	not available	donor_A	MHC class I protein complex	immunoaffinity purification	HLA-A*02:01;HLA-B*57:01	NGS-based typing	W6/32 (pan-MHC class I)	donor_A_ESX1_mock	proteomic profiling by mass spectrometry	1	052622_EsxA_EsxJ_hipMHC_Mock_donor_A_precolumn.raw	v1.1.0	NT=ms-proteomics;VV=v1.1.0	NT=human;VV=v1.1.0	NT=immunopeptidomics;VV=v1.0.0	NT=Parallel reaction monitoring;AC=PRIDE:0000629	NT=Orbitrap Exploris 480;AC=MS:1003028	NT=unspecific cleavage;AC=MS:1001956	NT=label free sample;AC=MS:1002038	1	NT=HCD;AC=MS:1000422	not applicable	27% NCE;30% NCE	not available	not available	not applicable	not applicable	NT=Oxidation;MT=Variable;PP=Anywhere;TA=M;AC=UNIMOD:35	NT=orbitrap;AC=MS:1000484	052622	2022-05-27T18:04:21	380m/z	1200m/z	150m/z	1700m/z	nanoflow reversed-phase gradient at 0.20 uL/min (buffer A 0.1% formic acid, buffer B 70% acetonitrile with 0.1% formic acid): 3% B at 0 min, 6% B at 2 min, 25% B at 55 min, 45% B at 67 min, 97% B at 70 min, 97% B at 71 min, 3% B at 72 min	donor_A_ESX1_mock
donor_C_ESX1_mock	Homo sapiens	blood	macrophage	3	control sample	normal	differentiated from CD14-positive blood monocytes with 25 ng/mL M-CSF for 6 d, then mock-infected with medium containing no Mycobacterium tuberculosis, then cultured for 72 h	not synthetic	CT=mixture;CN=hipMHC UV-exchanged peptide-MHC class I complexes carrying the amidated stable isotope-labeled peptides ALADGVQKV, ALNEQIARL and SLPEEIGHL;QY=100 fmol each	CT=peptide;PS=LLDEGKQSL;CN=stable isotope-labeled EsxA 28-36 internal standard;QY=100 fmol	CT=peptide;PS=QTVEDEARRMW;CN=stable isotope-labeled EsxJ/K/P/W 24-34 internal standard;QY=1 pmol	not applicable	not available	not available	not available	donor_C	MHC class I protein complex	immunoaffinity purification	HLA-A*02:01;HLA-B*57:01	NGS-based typing	W6/32 (pan-MHC class I)	donor_C_ESX1_mock	proteomic profiling by mass spectrometry	1	052622_EsxA_EsxJ_hipMHC_Mock_donor_C_precolumn.raw	v1.1.0	NT=ms-proteomics;VV=v1.1.0	NT=human;VV=v1.1.0	NT=immunopeptidomics;VV=v1.0.0	NT=Parallel reaction monitoring;AC=PRIDE:0000629	NT=Orbitrap Exploris 480;AC=MS:1003028	NT=unspecific cleavage;AC=MS:1001956	NT=label free sample;AC=MS:1002038	1	NT=HCD;AC=MS:1000422	not applicable	27% NCE;30% NCE	not available	not available	not applicable	not applicable	NT=Oxidation;MT=Variable;PP=Anywhere;TA=M;AC=UNIMOD:35	NT=orbitrap;AC=MS:1000484	052622	2022-05-26T20:05:10	380m/z	1200m/z	150m/z	1700m/z	nanoflow reversed-phase gradient at 0.20 uL/min (buffer A 0.1% formic acid, buffer B 70% acetonitrile with 0.1% formic acid): 3% B at 0 min, 6% B at 2 min, 25% B at 55 min, 45% B at 67 min, 97% B at 70 min, 97% B at 71 min, 3% B at 72 min	donor_C_ESX1_mock
donor_A_ESX1_Mtb_WT	Homo sapiens	blood	macrophage	1	study sample	normal	differentiated from CD14-positive blood monocytes with 25 ng/mL M-CSF for 6 d, then infected with Mycobacterium tuberculosis H37Rv (NCBI taxon 83332) at a multiplicity of infection of 2.5 for 4 h, washed, then cultured for 72 h	not synthetic	CT=mixture;CN=hipMHC UV-exchanged peptide-MHC class I complexes carrying the amidated stable isotope-labeled peptides ALADGVQKV, ALNEQIARL and SLPEEIGHL;QY=100 fmol each	CT=peptide;PS=LLDEGKQSL;CN=stable isotope-labeled EsxA 28-36 internal standard;QY=100 fmol	CT=peptide;PS=QTVEDEARRMW;CN=stable isotope-labeled EsxJ/K/P/W 24-34 internal standard;QY=1 pmol	not applicable	not available	not available	not available	donor_A	MHC class I protein complex	immunoaffinity purification	HLA-A*02:01;HLA-B*57:01	NGS-based typing	W6/32 (pan-MHC class I)	donor_A_ESX1_Mtb_WT	proteomic profiling by mass spectrometry	1	052622_EsxA_EsxJ_hipMHC_WT_donor_A_precolumn.raw	v1.1.0	NT=ms-proteomics;VV=v1.1.0	NT=human;VV=v1.1.0	NT=immunopeptidomics;VV=v1.0.0	NT=Parallel reaction monitoring;AC=PRIDE:0000629	NT=Orbitrap Exploris 480;AC=MS:1003028	NT=unspecific cleavage;AC=MS:1001956	NT=label free sample;AC=MS:1002038	1	NT=HCD;AC=MS:1000422	not applicable	27% NCE;30% NCE	not available	not available	not applicable	not applicable	NT=Oxidation;MT=Variable;PP=Anywhere;TA=M;AC=UNIMOD:35	NT=orbitrap;AC=MS:1000484	052622	2022-05-28T02:46:29	380m/z	1200m/z	150m/z	1700m/z	nanoflow reversed-phase gradient at 0.20 uL/min (buffer A 0.1% formic acid, buffer B 70% acetonitrile with 0.1% formic acid): 3% B at 0 min, 6% B at 2 min, 25% B at 55 min, 45% B at 67 min, 97% B at 70 min, 97% B at 71 min, 3% B at 72 min	donor_A_ESX1_Mtb_WT
donor_C_ESX1_Mtb_WT	Homo sapiens	blood	macrophage	3	study sample	normal	differentiated from CD14-positive blood monocytes with 25 ng/mL M-CSF for 6 d, then infected with Mycobacterium tuberculosis H37Rv (NCBI taxon 83332) at a multiplicity of infection of 2.5 for 4 h, washed, then cultured for 72 h	not synthetic	CT=mixture;CN=hipMHC UV-exchanged peptide-MHC class I complexes carrying the amidated stable isotope-labeled peptides ALADGVQKV, ALNEQIARL and SLPEEIGHL;QY=100 fmol each	CT=peptide;PS=LLDEGKQSL;CN=stable isotope-labeled EsxA 28-36 internal standard;QY=100 fmol	CT=peptide;PS=QTVEDEARRMW;CN=stable isotope-labeled EsxJ/K/P/W 24-34 internal standard;QY=1 pmol	not applicable	not available	not available	not available	donor_C	MHC class I protein complex	immunoaffinity purification	HLA-A*02:01;HLA-B*57:01	NGS-based typing	W6/32 (pan-MHC class I)	donor_C_ESX1_Mtb_WT	proteomic profiling by mass spectrometry	1	052622_EsxA_EsxJ_hipMHC_WT_donor_C_precolumn.raw	v1.1.0	NT=ms-proteomics;VV=v1.1.0	NT=human;VV=v1.1.0	NT=immunopeptidomics;VV=v1.0.0	NT=Parallel reaction monitoring;AC=PRIDE:0000629	NT=Orbitrap Exploris 480;AC=MS:1003028	NT=unspecific cleavage;AC=MS:1001956	NT=label free sample;AC=MS:1002038	1	NT=HCD;AC=MS:1000422	not applicable	27% NCE;30% NCE	not available	not available	not applicable	not applicable	NT=Oxidation;MT=Variable;PP=Anywhere;TA=M;AC=UNIMOD:35	NT=orbitrap;AC=MS:1000484	052622	2022-05-26T22:46:14	380m/z	1200m/z	150m/z	1700m/z	nanoflow reversed-phase gradient at 0.20 uL/min (buffer A 0.1% formic acid, buffer B 70% acetonitrile with 0.1% formic acid): 3% B at 0 min, 6% B at 2 min, 25% B at 55 min, 45% B at 67 min, 97% B at 70 min, 97% B at 71 min, 3% B at 72 min	donor_C_ESX1_Mtb_WT
donor_A_ESX1_Mtb_eccCa1Tn_IFNb	Homo sapiens	blood	macrophage	1	study sample	normal	differentiated from CD14-positive blood monocytes with 25 ng/mL M-CSF for 6 d, then infected with the ESX-1-deficient Mycobacterium tuberculosis H37Rv eccCa1::Tn transposon mutant at a multiplicity of infection of 2.5 for 4 h, washed, then cultured for 72 h with 10 ng/mL IFN-beta added after infection	not synthetic	CT=mixture;CN=hipMHC UV-exchanged peptide-MHC class I complexes carrying the amidated stable isotope-labeled peptides ALADGVQKV, ALNEQIARL and SLPEEIGHL;QY=100 fmol each	CT=peptide;PS=LLDEGKQSL;CN=stable isotope-labeled EsxA 28-36 internal standard;QY=100 fmol	CT=peptide;PS=QTVEDEARRMW;CN=stable isotope-labeled EsxJ/K/P/W 24-34 internal standard;QY=1 pmol	not applicable	not available	not available	not available	donor_A	MHC class I protein complex	immunoaffinity purification	HLA-A*02:01;HLA-B*57:01	NGS-based typing	W6/32 (pan-MHC class I)	donor_A_ESX1_Mtb_eccCa1Tn_IFNb	proteomic profiling by mass spectrometry	1	052622_EsxA_EsxJ_hipMHC_eccCa1Tn_IFNb_donor_A_precolumn.raw	v1.1.0	NT=ms-proteomics;VV=v1.1.0	NT=human;VV=v1.1.0	NT=immunopeptidomics;VV=v1.0.0	NT=Parallel reaction monitoring;AC=PRIDE:0000629	NT=Orbitrap Exploris 480;AC=MS:1003028	NT=unspecific cleavage;AC=MS:1001956	NT=label free sample;AC=MS:1002038	1	NT=HCD;AC=MS:1000422	not applicable	27% NCE;30% NCE	not available	not available	not applicable	not applicable	NT=Oxidation;MT=Variable;PP=Anywhere;TA=M;AC=UNIMOD:35	NT=orbitrap;AC=MS:1000484	052622	2022-05-27T23:44:19	380m/z	1200m/z	150m/z	1700m/z	nanoflow reversed-phase gradient at 0.20 uL/min (buffer A 0.1% formic acid, buffer B 70% acetonitrile with 0.1% formic acid): 3% B at 0 min, 6% B at 2 min, 25% B at 55 min, 45% B at 67 min, 97% B at 70 min, 97% B at 71 min, 3% B at 72 min	donor_A_ESX1_Mtb_eccCa1Tn_IFNb
donor_C_ESX1_Mtb_eccCa1Tn_IFNb	Homo sapiens	blood	macrophage	3	study sample	normal	differentiated from CD14-positive blood monocytes with 25 ng/mL M-CSF for 6 d, then infected with the ESX-1-deficient Mycobacterium tuberculosis H37Rv eccCa1::Tn transposon mutant at a multiplicity of infection of 2.5 for 4 h, washed, then cultured for 72 h with 10 ng/mL IFN-beta added after infection	not synthetic	CT=mixture;CN=hipMHC UV-exchanged peptide-MHC class I complexes carrying the amidated stable isotope-labeled peptides ALADGVQKV, ALNEQIARL and SLPEEIGHL;QY=100 fmol each	CT=peptide;PS=LLDEGKQSL;CN=stable isotope-labeled EsxA 28-36 internal standard;QY=100 fmol	CT=peptide;PS=QTVEDEARRMW;CN=stable isotope-labeled EsxJ/K/P/W 24-34 internal standard;QY=1 pmol	not applicable	not available	not available	not available	donor_C	MHC class I protein complex	immunoaffinity purification	HLA-A*02:01;HLA-B*57:01	NGS-based typing	W6/32 (pan-MHC class I)	donor_C_ESX1_Mtb_eccCa1Tn_IFNb	proteomic profiling by mass spectrometry	1	052622_EsxA_EsxJ_hipMHC_eccCa1Tn_IFNb_donor_C_precolumn.raw	v1.1.0	NT=ms-proteomics;VV=v1.1.0	NT=human;VV=v1.1.0	NT=immunopeptidomics;VV=v1.0.0	NT=Parallel reaction monitoring;AC=PRIDE:0000629	NT=Orbitrap Exploris 480;AC=MS:1003028	NT=unspecific cleavage;AC=MS:1001956	NT=label free sample;AC=MS:1002038	1	NT=HCD;AC=MS:1000422	not applicable	27% NCE;30% NCE	not available	not available	not applicable	not applicable	NT=Oxidation;MT=Variable;PP=Anywhere;TA=M;AC=UNIMOD:35	NT=orbitrap;AC=MS:1000484	052622	2022-05-27T13:33:54	380m/z	1200m/z	150m/z	1700m/z	nanoflow reversed-phase gradient at 0.20 uL/min (buffer A 0.1% formic acid, buffer B 70% acetonitrile with 0.1% formic acid): 3% B at 0 min, 6% B at 2 min, 25% B at 55 min, 45% B at 67 min, 97% B at 70 min, 97% B at 71 min, 3% B at 72 min	donor_C_ESX1_Mtb_eccCa1Tn_IFNb
donor_A_ESX1_Mtb_eccCa1Tn	Homo sapiens	blood	macrophage	1	study sample	normal	differentiated from CD14-positive blood monocytes with 25 ng/mL M-CSF for 6 d, then infected with the ESX-1-deficient Mycobacterium tuberculosis H37Rv eccCa1::Tn transposon mutant at a multiplicity of infection of 2.5 for 4 h, washed, then cultured for 72 h	not synthetic	CT=mixture;CN=hipMHC UV-exchanged peptide-MHC class I complexes carrying the amidated stable isotope-labeled peptides ALADGVQKV, ALNEQIARL and SLPEEIGHL;QY=100 fmol each	CT=peptide;PS=LLDEGKQSL;CN=stable isotope-labeled EsxA 28-36 internal standard;QY=100 fmol	CT=peptide;PS=QTVEDEARRMW;CN=stable isotope-labeled EsxJ/K/P/W 24-34 internal standard;QY=1 pmol	not applicable	not available	not available	not available	donor_A	MHC class I protein complex	immunoaffinity purification	HLA-A*02:01;HLA-B*57:01	NGS-based typing	W6/32 (pan-MHC class I)	donor_A_ESX1_Mtb_eccCa1Tn	proteomic profiling by mass spectrometry	1	052622_EsxA_EsxJ_hipMHC_eccCa1Tn_donor_A_precolumn.raw	v1.1.0	NT=ms-proteomics;VV=v1.1.0	NT=human;VV=v1.1.0	NT=immunopeptidomics;VV=v1.0.0	NT=Parallel reaction monitoring;AC=PRIDE:0000629	NT=Orbitrap Exploris 480;AC=MS:1003028	NT=unspecific cleavage;AC=MS:1001956	NT=label free sample;AC=MS:1002038	1	NT=HCD;AC=MS:1000422	not applicable	27% NCE;30% NCE	not available	not available	not applicable	not applicable	NT=Oxidation;MT=Variable;PP=Anywhere;TA=M;AC=UNIMOD:35	NT=orbitrap;AC=MS:1000484	052622	2022-05-27T20:22:37	380m/z	1200m/z	150m/z	1700m/z	nanoflow reversed-phase gradient at 0.20 uL/min (buffer A 0.1% formic acid, buffer B 70% acetonitrile with 0.1% formic acid): 3% B at 0 min, 6% B at 2 min, 25% B at 55 min, 45% B at 67 min, 97% B at 70 min, 97% B at 71 min, 3% B at 72 min	donor_A_ESX1_Mtb_eccCa1Tn
donor_C_ESX1_Mtb_eccCa1Tn	Homo sapiens	blood	macrophage	3	study sample	normal	differentiated from CD14-positive blood monocytes with 25 ng/mL M-CSF for 6 d, then infected with the ESX-1-deficient Mycobacterium tuberculosis H37Rv eccCa1::Tn transposon mutant at a multiplicity of infection of 2.5 for 4 h, washed, then cultured for 72 h	not synthetic	CT=mixture;CN=hipMHC UV-exchanged peptide-MHC class I complexes carrying the amidated stable isotope-labeled peptides ALADGVQKV, ALNEQIARL and SLPEEIGHL;QY=100 fmol each	CT=peptide;PS=LLDEGKQSL;CN=stable isotope-labeled EsxA 28-36 internal standard;QY=100 fmol	CT=peptide;PS=QTVEDEARRMW;CN=stable isotope-labeled EsxJ/K/P/W 24-34 internal standard;QY=1 pmol	not applicable	not available	not available	not available	donor_C	MHC class I protein complex	immunoaffinity purification	HLA-A*02:01;HLA-B*57:01	NGS-based typing	W6/32 (pan-MHC class I)	donor_C_ESX1_Mtb_eccCa1Tn	proteomic profiling by mass spectrometry	1	052622_EsxA_EsxJ_hipMHC_eccCa1Tn_donor_C_precolumn.raw	v1.1.0	NT=ms-proteomics;VV=v1.1.0	NT=human;VV=v1.1.0	NT=immunopeptidomics;VV=v1.0.0	NT=Parallel reaction monitoring;AC=PRIDE:0000629	NT=Orbitrap Exploris 480;AC=MS:1003028	NT=unspecific cleavage;AC=MS:1001956	NT=label free sample;AC=MS:1002038	1	NT=HCD;AC=MS:1000422	not applicable	27% NCE;30% NCE	not available	not available	not applicable	not applicable	NT=Oxidation;MT=Variable;PP=Anywhere;TA=M;AC=UNIMOD:35	NT=orbitrap;AC=MS:1000484	052622	2022-05-27T11:17:25	380m/z	1200m/z	150m/z	1700m/z	nanoflow reversed-phase gradient at 0.20 uL/min (buffer A 0.1% formic acid, buffer B 70% acetonitrile with 0.1% formic acid): 3% B at 0 min, 6% B at 2 min, 25% B at 55 min, 45% B at 67 min, 97% B at 70 min, 97% B at 71 min, 3% B at 72 min	donor_C_ESX1_Mtb_eccCa1Tn
donor_A_drug_Mtb_DMSO	Homo sapiens	blood	macrophage	1	study sample	normal	differentiated from CD14-positive blood monocytes with 25 ng/mL M-CSF for 6 d, then infected with Mycobacterium tuberculosis H37Rv (NCBI taxon 83332) at a multiplicity of infection of 2.5 for 4 h, washed, then cultured for 72 h, with DMSO vehicle alone from pre-treatment through the post-infection culture	not synthetic	CT=mixture;CN=hipMHC UV-exchanged peptide-MHC class I complexes carrying the amidated stable isotope-labeled peptides ALADGVQKV, ALNEQIARL and SLPEEIGHL;QY=100 fmol each	CT=peptide;PS=LLDEGKQSL;CN=stable isotope-labeled EsxA 28-36 internal standard;QY=100 fmol	CT=peptide;PS=QTVEDEARRMW;CN=stable isotope-labeled EsxJ/K/P/W 24-34 internal standard;QY=1 pmol	CT=mixture;CN=stable isotope-labeled internal standards for the five targeted host HLA-A*02:01-binding self peptides KLDVGNAEV, KQVSDLISV, RTLAEIAKV, SLQDLIEKV and VLHDRIVSV;QY=250 fmol each	not available	not available	not available	donor_A	MHC class I protein complex	immunoaffinity purification	HLA-A*02:01;HLA-B*57:01	NGS-based typing	W6/32 (pan-MHC class I)	donor_A_drug_Mtb_DMSO	proteomic profiling by mass spectrometry	1	060822_EsxA_EsxJ_hipMHC_donorA_DMSO.raw	v1.1.0	NT=ms-proteomics;VV=v1.1.0	NT=human;VV=v1.1.0	NT=immunopeptidomics;VV=v1.0.0	NT=Parallel reaction monitoring;AC=PRIDE:0000629	NT=Orbitrap Exploris 480;AC=MS:1003028	NT=unspecific cleavage;AC=MS:1001956	NT=label free sample;AC=MS:1002038	1	NT=HCD;AC=MS:1000422	not applicable	27% NCE;30% NCE	not available	not available	not applicable	not applicable	NT=Oxidation;MT=Variable;PP=Anywhere;TA=M;AC=UNIMOD:35	NT=orbitrap;AC=MS:1000484	060822	2022-06-09T11:30:42	380m/z	1200m/z	150m/z	1700m/z	nanoflow reversed-phase gradient at 0.20/0.30 uL/min (buffer A 0.1% formic acid, buffer B 70% acetonitrile with 0.1% formic acid): 3% B at 0 min, 6% B at 2 min, 25% B at 55 min, 45% B at 67 min, 97% B at 70 min, 97% B at 71 min, 3% B at 72 min, 3% B at 90 min	donor_A_drug_Mtb_DMSO
donor_A_drug_Mtb_E64d	Homo sapiens	blood	macrophage	1	study sample	normal	differentiated from CD14-positive blood monocytes with 25 ng/mL M-CSF for 6 d, then infected with Mycobacterium tuberculosis H37Rv (NCBI taxon 83332) at a multiplicity of infection of 2.5 for 4 h, washed, then cultured for 72 h, with 20 uM E64d from pre-treatment through the post-infection culture	not synthetic	CT=mixture;CN=hipMHC UV-exchanged peptide-MHC class I complexes carrying the amidated stable isotope-labeled peptides ALADGVQKV, ALNEQIARL and SLPEEIGHL;QY=100 fmol each	CT=peptide;PS=LLDEGKQSL;CN=stable isotope-labeled EsxA 28-36 internal standard;QY=100 fmol	CT=peptide;PS=QTVEDEARRMW;CN=stable isotope-labeled EsxJ/K/P/W 24-34 internal standard;QY=1 pmol	CT=mixture;CN=stable isotope-labeled internal standards for the five targeted host HLA-A*02:01-binding self peptides KLDVGNAEV, KQVSDLISV, RTLAEIAKV, SLQDLIEKV and VLHDRIVSV;QY=250 fmol each	not available	not available	not available	donor_A	MHC class I protein complex	immunoaffinity purification	HLA-A*02:01;HLA-B*57:01	NGS-based typing	W6/32 (pan-MHC class I)	donor_A_drug_Mtb_E64d	proteomic profiling by mass spectrometry	1	060822_EsxA_EsxJ_hipMHC_donorA_E64.raw	v1.1.0	NT=ms-proteomics;VV=v1.1.0	NT=human;VV=v1.1.0	NT=immunopeptidomics;VV=v1.0.0	NT=Parallel reaction monitoring;AC=PRIDE:0000629	NT=Orbitrap Exploris 480;AC=MS:1003028	NT=unspecific cleavage;AC=MS:1001956	NT=label free sample;AC=MS:1002038	1	NT=HCD;AC=MS:1000422	not applicable	27% NCE;30% NCE	not available	not available	not applicable	not applicable	NT=Oxidation;MT=Variable;PP=Anywhere;TA=M;AC=UNIMOD:35	NT=orbitrap;AC=MS:1000484	060822	2022-06-08T19:03:48	380m/z	1200m/z	150m/z	1700m/z	nanoflow reversed-phase gradient at 0.20/0.30 uL/min (buffer A 0.1% formic acid, buffer B 70% acetonitrile with 0.1% formic acid): 3% B at 0 min, 6% B at 2 min, 25% B at 55 min, 45% B at 67 min, 97% B at 70 min, 97% B at 71 min, 3% B at 72 min, 3% B at 90 min	donor_A_drug_Mtb_E64d
donor_A_drug_Mtb_MG132	Homo sapiens	blood	macrophage	1	study sample	normal	differentiated from CD14-positive blood monocytes with 25 ng/mL M-CSF for 6 d, then infected with Mycobacterium tuberculosis H37Rv (NCBI taxon 83332) at a multiplicity of infection of 2.5 for 4 h, washed, then cultured for 72 h, with 0.5 uM MG-132 from pre-treatment through the post-infection culture	not synthetic	CT=mixture;CN=hipMHC UV-exchanged peptide-MHC class I complexes carrying the amidated stable isotope-labeled peptides ALADGVQKV, ALNEQIARL and SLPEEIGHL;QY=100 fmol each	CT=peptide;PS=LLDEGKQSL;CN=stable isotope-labeled EsxA 28-36 internal standard;QY=100 fmol	CT=peptide;PS=QTVEDEARRMW;CN=stable isotope-labeled EsxJ/K/P/W 24-34 internal standard;QY=1 pmol	CT=mixture;CN=stable isotope-labeled internal standards for the five targeted host HLA-A*02:01-binding self peptides KLDVGNAEV, KQVSDLISV, RTLAEIAKV, SLQDLIEKV and VLHDRIVSV;QY=250 fmol each	not available	not available	not available	donor_A	MHC class I protein complex	immunoaffinity purification	HLA-A*02:01;HLA-B*57:01	NGS-based typing	W6/32 (pan-MHC class I)	donor_A_drug_Mtb_MG132	proteomic profiling by mass spectrometry	1	060822_EsxA_EsxJ_hipMHC_donorA_MG.raw	v1.1.0	NT=ms-proteomics;VV=v1.1.0	NT=human;VV=v1.1.0	NT=immunopeptidomics;VV=v1.0.0	NT=Parallel reaction monitoring;AC=PRIDE:0000629	NT=Orbitrap Exploris 480;AC=MS:1003028	NT=unspecific cleavage;AC=MS:1001956	NT=label free sample;AC=MS:1002038	1	NT=HCD;AC=MS:1000422	not applicable	27% NCE;30% NCE	not available	not available	not applicable	not applicable	NT=Oxidation;MT=Variable;PP=Anywhere;TA=M;AC=UNIMOD:35	NT=orbitrap;AC=MS:1000484	060822	2022-06-08T16:29:48	380m/z	1200m/z	150m/z	1700m/z	nanoflow reversed-phase gradient at 0.20/0.30 uL/min (buffer A 0.1% formic acid, buffer B 70% acetonitrile with 0.1% formic acid): 3% B at 0 min, 6% B at 2 min, 25% B at 55 min, 45% B at 67 min, 97% B at 70 min, 97% B at 71 min, 3% B at 72 min, 3% B at 90 min	donor_A_drug_Mtb_MG132
donor_A_drug_Mtb_bafilomycin	Homo sapiens	blood	macrophage	1	study sample	normal	differentiated from CD14-positive blood monocytes with 25 ng/mL M-CSF for 6 d, then infected with Mycobacterium tuberculosis H37Rv (NCBI taxon 83332) at a multiplicity of infection of 2.5 for 4 h, washed, then cultured for 72 h, with 10 nM bafilomycin from pre-treatment through the post-infection culture	not synthetic	CT=mixture;CN=hipMHC UV-exchanged peptide-MHC class I complexes carrying the amidated stable isotope-labeled peptides ALADGVQKV, ALNEQIARL and SLPEEIGHL;QY=100 fmol each	CT=peptide;PS=LLDEGKQSL;CN=stable isotope-labeled EsxA 28-36 internal standard;QY=100 fmol	CT=peptide;PS=QTVEDEARRMW;CN=stable isotope-labeled EsxJ/K/P/W 24-34 internal standard;QY=1 pmol	CT=mixture;CN=stable isotope-labeled internal standards for the five targeted host HLA-A*02:01-binding self peptides KLDVGNAEV, KQVSDLISV, RTLAEIAKV, SLQDLIEKV and VLHDRIVSV;QY=250 fmol each	not available	not available	not available	donor_A	MHC class I protein complex	immunoaffinity purification	HLA-A*02:01;HLA-B*57:01	NGS-based typing	W6/32 (pan-MHC class I)	donor_A_drug_Mtb_bafilomycin	proteomic profiling by mass spectrometry	1	060822_EsxA_EsxJ_hipMHC_donorA_baf.raw	v1.1.0	NT=ms-proteomics;VV=v1.1.0	NT=human;VV=v1.1.0	NT=immunopeptidomics;VV=v1.0.0	NT=Parallel reaction monitoring;AC=PRIDE:0000629	NT=Orbitrap Exploris 480;AC=MS:1003028	NT=unspecific cleavage;AC=MS:1001956	NT=label free sample;AC=MS:1002038	1	NT=HCD;AC=MS:1000422	not applicable	27% NCE;30% NCE	not available	not available	not applicable	not applicable	NT=Oxidation;MT=Variable;PP=Anywhere;TA=M;AC=UNIMOD:35	NT=orbitrap;AC=MS:1000484	060822	2022-06-09T17:11:05	380m/z	1200m/z	150m/z	1700m/z	nanoflow reversed-phase gradient at 0.20/0.30 uL/min (buffer A 0.1% formic acid, buffer B 70% acetonitrile with 0.1% formic acid): 3% B at 0 min, 6% B at 2 min, 25% B at 55 min, 45% B at 67 min, 97% B at 70 min, 97% B at 71 min, 3% B at 72 min, 3% B at 90 min	donor_A_drug_Mtb_bafilomycin
donor_A_drug_mock_DMSO	Homo sapiens	blood	macrophage	1	control sample	normal	differentiated from CD14-positive blood monocytes with 25 ng/mL M-CSF for 6 d, then mock-infected with medium containing no Mycobacterium tuberculosis, then cultured for 72 h, with DMSO vehicle alone from pre-treatment through the post-infection culture	not synthetic	CT=mixture;CN=hipMHC UV-exchanged peptide-MHC class I complexes carrying the amidated stable isotope-labeled peptides ALADGVQKV, ALNEQIARL and SLPEEIGHL;QY=100 fmol each	CT=peptide;PS=LLDEGKQSL;CN=stable isotope-labeled EsxA 28-36 internal standard;QY=100 fmol	CT=peptide;PS=QTVEDEARRMW;CN=stable isotope-labeled EsxJ/K/P/W 24-34 internal standard;QY=1 pmol	CT=mixture;CN=stable isotope-labeled internal standards for the five targeted host HLA-A*02:01-binding self peptides KLDVGNAEV, KQVSDLISV, RTLAEIAKV, SLQDLIEKV and VLHDRIVSV;QY=250 fmol each	not available	not available	not available	donor_A	MHC class I protein complex	immunoaffinity purification	HLA-A*02:01;HLA-B*57:01	NGS-based typing	W6/32 (pan-MHC class I)	donor_A_drug_mock_DMSO_retry	proteomic profiling by mass spectrometry	1	060822_EsxA_EsxJ_hipMHC_donorA_mock_DMSO_retry.raw	v1.1.0	NT=ms-proteomics;VV=v1.1.0	NT=human;VV=v1.1.0	NT=immunopeptidomics;VV=v1.0.0	NT=Parallel reaction monitoring;AC=PRIDE:0000629	NT=Orbitrap Exploris 480;AC=MS:1003028	NT=unspecific cleavage;AC=MS:1001956	NT=label free sample;AC=MS:1002038	1	NT=HCD;AC=MS:1000422	not applicable	27% NCE;30% NCE	not available	not available	not applicable	not applicable	NT=Oxidation;MT=Variable;PP=Anywhere;TA=M;AC=UNIMOD:35	NT=orbitrap;AC=MS:1000484	060822	2022-06-08T11:56:45	380m/z	1200m/z	150m/z	1700m/z	nanoflow reversed-phase gradient at 0.20/0.30 uL/min (buffer A 0.1% formic acid, buffer B 70% acetonitrile with 0.1% formic acid): 3% B at 0 min, 6% B at 2 min, 25% B at 55 min, 45% B at 67 min, 97% B at 70 min, 97% B at 71 min, 3% B at 72 min, 3% B at 90 min	donor_A_drug_mock_DMSO
donor_C_EsxA_EsxB_validation_Mtb_WT	Homo sapiens	blood	macrophage	3	study sample	normal	differentiated from CD14-positive blood monocytes with 25 ng/mL M-CSF for 6 d, then infected with Mycobacterium tuberculosis H37Rv (NCBI taxon 83332) at a multiplicity of infection of 2.5 for 4 h, washed, then cultured for 72 h	not synthetic	CT=mixture;CN=stable isotope-labeled synthetic analogs of the peptides targeted by this SureQuant validation method, concentrations adjusted empirically per peptide	not applicable	not applicable	not applicable	not available	not available	not available	donor_C	MHC class I protein complex	immunoaffinity purification	not available	not available	W6/32 (pan-MHC class I)	donor_C_EsxA_EsxB_validation_Mtb_WT	proteomic profiling by mass spectrometry	1	070122_EsxA_EsxB_donorC__Mtb3.raw	v1.1.0	NT=ms-proteomics;VV=v1.1.0	NT=human;VV=v1.1.0	NT=immunopeptidomics;VV=v1.0.0	NT=Parallel reaction monitoring;AC=PRIDE:0000629	NT=Orbitrap Exploris 480;AC=MS:1003028	NT=unspecific cleavage;AC=MS:1001956	NT=label free sample;AC=MS:1002038	1	NT=HCD;AC=MS:1000422	not applicable	27% NCE;30% NCE	not available	not available	not applicable	not applicable	NT=Oxidation;MT=Variable;PP=Anywhere;TA=M;AC=UNIMOD:35	NT=orbitrap;AC=MS:1000484	070122	2022-07-29T22:12:37	350m/z	1200m/z	150m/z	1700m/z	nanoflow reversed-phase gradient at 0.30 uL/min (buffer A 0.1% formic acid, buffer B 70% acetonitrile with 0.1% formic acid): 3% B at 0 min, 3% B at 25 min, 6% B at 27 min, 25% B at 30 min, 45% B at 92 min, 97% B at 95 min	donor_C_EsxA_EsxB_validation_Mtb_WT
donor_C_EsxA_EsxB_validation_mock	Homo sapiens	blood	macrophage	3	control sample	normal	differentiated from CD14-positive blood monocytes with 25 ng/mL M-CSF for 6 d, then mock-infected with medium containing no Mycobacterium tuberculosis, then cultured for 72 h	not synthetic	CT=mixture;CN=stable isotope-labeled synthetic analogs of the peptides targeted by this SureQuant validation method, concentrations adjusted empirically per peptide	not applicable	not applicable	not applicable	not available	not available	not available	donor_C	MHC class I protein complex	immunoaffinity purification	not available	not available	W6/32 (pan-MHC class I)	donor_C_EsxA_EsxB_validation_mock	proteomic profiling by mass spectrometry	1	070122_EsxA_EsxB_donorC_mock2.raw	v1.1.0	NT=ms-proteomics;VV=v1.1.0	NT=human;VV=v1.1.0	NT=immunopeptidomics;VV=v1.0.0	NT=Parallel reaction monitoring;AC=PRIDE:0000629	NT=Orbitrap Exploris 480;AC=MS:1003028	NT=unspecific cleavage;AC=MS:1001956	NT=label free sample;AC=MS:1002038	1	NT=HCD;AC=MS:1000422	not applicable	27% NCE;30% NCE	not available	not available	not applicable	not applicable	NT=Oxidation;MT=Variable;PP=Anywhere;TA=M;AC=UNIMOD:35	NT=orbitrap;AC=MS:1000484	070122	2022-07-28T18:42:18	350m/z	1200m/z	150m/z	1700m/z	nanoflow reversed-phase gradient at 0.30 uL/min (buffer A 0.1% formic acid, buffer B 70% acetonitrile with 0.1% formic acid): 3% B at 0 min, 3% B at 25 min, 6% B at 27 min, 25% B at 30 min, 45% B at 92 min, 97% B at 95 min	donor_C_EsxA_EsxB_validation_mock
donor_C_drug_Mtb_DMSO	Homo sapiens	blood	macrophage	3	study sample	normal	differentiated from CD14-positive blood monocytes with 25 ng/mL M-CSF for 6 d, then infected with Mycobacterium tuberculosis H37Rv (NCBI taxon 83332) at a multiplicity of infection of 2.5 for 4 h, washed, then cultured for 72 h, with DMSO vehicle alone from pre-treatment through the post-infection culture	not synthetic	CT=mixture;CN=hipMHC UV-exchanged peptide-MHC class I complexes carrying the amidated stable isotope-labeled peptides ALADGVQKV, ALNEQIARL and SLPEEIGHL;QY=100 fmol each	CT=peptide;PS=LLDEGKQSL;CN=stable isotope-labeled EsxA 28-36 internal standard;QY=100 fmol	CT=peptide;PS=QTVEDEARRMW;CN=stable isotope-labeled EsxJ/K/P/W 24-34 internal standard;QY=1 pmol	CT=mixture;CN=stable isotope-labeled internal standards for the five targeted host HLA-A*02:01-binding self peptides KLDVGNAEV, KQVSDLISV, RTLAEIAKV, SLQDLIEKV and VLHDRIVSV;QY=250 fmol each	not available	not available	not available	donor_C	MHC class I protein complex	immunoaffinity purification	HLA-A*02:01;HLA-B*57:01	NGS-based typing	W6/32 (pan-MHC class I)	donor_C_drug_Mtb_DMSO	proteomic profiling by mass spectrometry	1	070122_EsxA_EsxJ_hipMHC_donorC_DMSO.raw	v1.1.0	NT=ms-proteomics;VV=v1.1.0	NT=human;VV=v1.1.0	NT=immunopeptidomics;VV=v1.0.0	NT=Parallel reaction monitoring;AC=PRIDE:0000629	NT=Orbitrap Exploris 480;AC=MS:1003028	NT=unspecific cleavage;AC=MS:1001956	NT=label free sample;AC=MS:1002038	1	NT=HCD;AC=MS:1000422	not applicable	27% NCE;30% NCE	not available	not available	not applicable	not applicable	NT=Oxidation;MT=Variable;PP=Anywhere;TA=M;AC=UNIMOD:35	NT=orbitrap;AC=MS:1000484	070122	2022-07-01T20:52:05	380m/z	1200m/z	150m/z	1700m/z	nanoflow reversed-phase gradient at 0.30 uL/min (buffer A 0.1% formic acid, buffer B 70% acetonitrile with 0.1% formic acid): 3% B at 0 min, 3% B at 25 min, 6% B at 27 min, 25% B at 80 min, 45% B at 92 min, 97% B at 95 min, 97% B at 96 min, 3% B at 97 min	donor_C_drug_Mtb_DMSO
donor_C_drug_Mtb_E64d	Homo sapiens	blood	macrophage	3	study sample	normal	differentiated from CD14-positive blood monocytes with 25 ng/mL M-CSF for 6 d, then infected with Mycobacterium tuberculosis H37Rv (NCBI taxon 83332) at a multiplicity of infection of 2.5 for 4 h, washed, then cultured for 72 h, with 20 uM E64d from pre-treatment through the post-infection culture	not synthetic	CT=mixture;CN=hipMHC UV-exchanged peptide-MHC class I complexes carrying the amidated stable isotope-labeled peptides ALADGVQKV, ALNEQIARL and SLPEEIGHL;QY=100 fmol each	CT=peptide;PS=LLDEGKQSL;CN=stable isotope-labeled EsxA 28-36 internal standard;QY=100 fmol	CT=peptide;PS=QTVEDEARRMW;CN=stable isotope-labeled EsxJ/K/P/W 24-34 internal standard;QY=1 pmol	CT=mixture;CN=stable isotope-labeled internal standards for the five targeted host HLA-A*02:01-binding self peptides KLDVGNAEV, KQVSDLISV, RTLAEIAKV, SLQDLIEKV and VLHDRIVSV;QY=250 fmol each	not available	not available	not available	donor_C	MHC class I protein complex	immunoaffinity purification	HLA-A*02:01;HLA-B*57:01	NGS-based typing	W6/32 (pan-MHC class I)	donor_C_drug_Mtb_E64d	proteomic profiling by mass spectrometry	1	070122_EsxA_EsxJ_hipMHC_donorC_E64d.raw	v1.1.0	NT=ms-proteomics;VV=v1.1.0	NT=human;VV=v1.1.0	NT=immunopeptidomics;VV=v1.0.0	NT=Parallel reaction monitoring;AC=PRIDE:0000629	NT=Orbitrap Exploris 480;AC=MS:1003028	NT=unspecific cleavage;AC=MS:1001956	NT=label free sample;AC=MS:1002038	1	NT=HCD;AC=MS:1000422	not applicable	27% NCE;30% NCE	not available	not available	not applicable	not applicable	NT=Oxidation;MT=Variable;PP=Anywhere;TA=M;AC=UNIMOD:35	NT=orbitrap;AC=MS:1000484	070122	2022-07-01T18:51:57	380m/z	1200m/z	150m/z	1700m/z	nanoflow reversed-phase gradient at 0.30 uL/min (buffer A 0.1% formic acid, buffer B 70% acetonitrile with 0.1% formic acid): 3% B at 0 min, 3% B at 25 min, 6% B at 27 min, 25% B at 80 min, 45% B at 92 min, 97% B at 95 min, 97% B at 96 min, 3% B at 97 min	donor_C_drug_Mtb_E64d
donor_C_drug_Mtb_MG132	Homo sapiens	blood	macrophage	3	study sample	normal	differentiated from CD14-positive blood monocytes with 25 ng/mL M-CSF for 6 d, then infected with Mycobacterium tuberculosis H37Rv (NCBI taxon 83332) at a multiplicity of infection of 2.5 for 4 h, washed, then cultured for 72 h, with 0.5 uM MG-132 from pre-treatment through the post-infection culture	not synthetic	CT=mixture;CN=hipMHC UV-exchanged peptide-MHC class I complexes carrying the amidated stable isotope-labeled peptides ALADGVQKV, ALNEQIARL and SLPEEIGHL;QY=100 fmol each	CT=peptide;PS=LLDEGKQSL;CN=stable isotope-labeled EsxA 28-36 internal standard;QY=100 fmol	CT=peptide;PS=QTVEDEARRMW;CN=stable isotope-labeled EsxJ/K/P/W 24-34 internal standard;QY=1 pmol	CT=mixture;CN=stable isotope-labeled internal standards for the five targeted host HLA-A*02:01-binding self peptides KLDVGNAEV, KQVSDLISV, RTLAEIAKV, SLQDLIEKV and VLHDRIVSV;QY=250 fmol each	not available	not available	not available	donor_C	MHC class I protein complex	immunoaffinity purification	HLA-A*02:01;HLA-B*57:01	NGS-based typing	W6/32 (pan-MHC class I)	donor_C_drug_Mtb_MG132	proteomic profiling by mass spectrometry	1	070122_EsxA_EsxJ_hipMHC_donorC_MG2.raw	v1.1.0	NT=ms-proteomics;VV=v1.1.0	NT=human;VV=v1.1.0	NT=immunopeptidomics;VV=v1.0.0	NT=Parallel reaction monitoring;AC=PRIDE:0000629	NT=Orbitrap Exploris 480;AC=MS:1003028	NT=unspecific cleavage;AC=MS:1001956	NT=label free sample;AC=MS:1002038	1	NT=HCD;AC=MS:1000422	not applicable	27% NCE;30% NCE	not available	not available	not applicable	not applicable	NT=Oxidation;MT=Variable;PP=Anywhere;TA=M;AC=UNIMOD:35	NT=orbitrap;AC=MS:1000484	070122	2022-07-02T00:27:01	380m/z	1200m/z	150m/z	1700m/z	nanoflow reversed-phase gradient at 0.30 uL/min (buffer A 0.1% formic acid, buffer B 70% acetonitrile with 0.1% formic acid): 3% B at 0 min, 3% B at 25 min, 6% B at 27 min, 25% B at 80 min, 45% B at 92 min, 97% B at 95 min, 97% B at 96 min, 3% B at 97 min	donor_C_drug_Mtb_MG132
donor_C_drug_Mtb_bafilomycin	Homo sapiens	blood	macrophage	3	study sample	normal	differentiated from CD14-positive blood monocytes with 25 ng/mL M-CSF for 6 d, then infected with Mycobacterium tuberculosis H37Rv (NCBI taxon 83332) at a multiplicity of infection of 2.5 for 4 h, washed, then cultured for 72 h, with 10 nM bafilomycin from pre-treatment through the post-infection culture	not synthetic	CT=mixture;CN=hipMHC UV-exchanged peptide-MHC class I complexes carrying the amidated stable isotope-labeled peptides ALADGVQKV, ALNEQIARL and SLPEEIGHL;QY=100 fmol each	CT=peptide;PS=LLDEGKQSL;CN=stable isotope-labeled EsxA 28-36 internal standard;QY=100 fmol	CT=peptide;PS=QTVEDEARRMW;CN=stable isotope-labeled EsxJ/K/P/W 24-34 internal standard;QY=1 pmol	CT=mixture;CN=stable isotope-labeled internal standards for the five targeted host HLA-A*02:01-binding self peptides KLDVGNAEV, KQVSDLISV, RTLAEIAKV, SLQDLIEKV and VLHDRIVSV;QY=250 fmol each	not available	not available	not available	donor_C	MHC class I protein complex	immunoaffinity purification	HLA-A*02:01;HLA-B*57:01	NGS-based typing	W6/32 (pan-MHC class I)	donor_C_drug_Mtb_bafilomycin	proteomic profiling by mass spectrometry	1	070122_EsxA_EsxJ_hipMHC_donorC_baf.raw	v1.1.0	NT=ms-proteomics;VV=v1.1.0	NT=human;VV=v1.1.0	NT=immunopeptidomics;VV=v1.0.0	NT=Parallel reaction monitoring;AC=PRIDE:0000629	NT=Orbitrap Exploris 480;AC=MS:1003028	NT=unspecific cleavage;AC=MS:1001956	NT=label free sample;AC=MS:1002038	1	NT=HCD;AC=MS:1000422	not applicable	27% NCE;30% NCE	not available	not available	not applicable	not applicable	NT=Oxidation;MT=Variable;PP=Anywhere;TA=M;AC=UNIMOD:35	NT=orbitrap;AC=MS:1000484	070122	2022-07-02T02:27:08	380m/z	1200m/z	150m/z	1700m/z	nanoflow reversed-phase gradient at 0.30 uL/min (buffer A 0.1% formic acid, buffer B 70% acetonitrile with 0.1% formic acid): 3% B at 0 min, 3% B at 25 min, 6% B at 27 min, 25% B at 80 min, 45% B at 92 min, 97% B at 95 min, 97% B at 96 min, 3% B at 97 min	donor_C_drug_Mtb_bafilomycin
donor_C_drug_mock_DMSO	Homo sapiens	blood	macrophage	3	control sample	normal	differentiated from CD14-positive blood monocytes with 25 ng/mL M-CSF for 6 d, then mock-infected with medium containing no Mycobacterium tuberculosis, then cultured for 72 h, with DMSO vehicle alone from pre-treatment through the post-infection culture	not synthetic	CT=mixture;CN=hipMHC UV-exchanged peptide-MHC class I complexes carrying the amidated stable isotope-labeled peptides ALADGVQKV, ALNEQIARL and SLPEEIGHL;QY=100 fmol each	CT=peptide;PS=LLDEGKQSL;CN=stable isotope-labeled EsxA 28-36 internal standard;QY=100 fmol	CT=peptide;PS=QTVEDEARRMW;CN=stable isotope-labeled EsxJ/K/P/W 24-34 internal standard;QY=1 pmol	CT=mixture;CN=stable isotope-labeled internal standards for the five targeted host HLA-A*02:01-binding self peptides KLDVGNAEV, KQVSDLISV, RTLAEIAKV, SLQDLIEKV and VLHDRIVSV;QY=250 fmol each	not available	not available	not available	donor_C	MHC class I protein complex	immunoaffinity purification	HLA-A*02:01;HLA-B*57:01	NGS-based typing	W6/32 (pan-MHC class I)	donor_C_drug_mock_DMSO	proteomic profiling by mass spectrometry	1	070122_EsxA_EsxJ_hipMHC_donorC_mock_DMSO.raw	v1.1.0	NT=ms-proteomics;VV=v1.1.0	NT=human;VV=v1.1.0	NT=immunopeptidomics;VV=v1.0.0	NT=Parallel reaction monitoring;AC=PRIDE:0000629	NT=Orbitrap Exploris 480;AC=MS:1003028	NT=unspecific cleavage;AC=MS:1001956	NT=label free sample;AC=MS:1002038	1	NT=HCD;AC=MS:1000422	not applicable	27% NCE;30% NCE	not available	not available	not applicable	not applicable	NT=Oxidation;MT=Variable;PP=Anywhere;TA=M;AC=UNIMOD:35	NT=orbitrap;AC=MS:1000484	070122	2022-07-01T12:45:47	380m/z	1200m/z	150m/z	1700m/z	nanoflow reversed-phase gradient at 0.30 uL/min (buffer A 0.1% formic acid, buffer B 70% acetonitrile with 0.1% formic acid): 3% B at 0 min, 3% B at 25 min, 6% B at 27 min, 25% B at 80 min, 45% B at 92 min, 97% B at 95 min, 97% B at 96 min, 3% B at 97 min	donor_C_drug_mock_DMSO
donor_D_validation_Mtb_WT	Homo sapiens	blood	macrophage	4	study sample	normal	differentiated from CD14-positive blood monocytes with 25 ng/mL M-CSF for 6 d, then infected with Mycobacterium tuberculosis H37Rv (NCBI taxon 83332) at a multiplicity of infection of 2.5 for 4 h, washed, then cultured for 72 h	not synthetic	CT=mixture;CN=stable isotope-labeled synthetic analogs of the peptides targeted by this SureQuant validation method, concentrations adjusted empirically per peptide	not applicable	not applicable	not applicable	not available	not available	not available	donor_D	MHC class I protein complex	immunoaffinity purification	not available	not available	W6/32 (pan-MHC class I)	donor_D_validation_Mtb_WT	proteomic profiling by mass spectrometry	1	070321_donor_D_ABC_Mtb_Mtb9.raw	v1.1.0	NT=ms-proteomics;VV=v1.1.0	NT=human;VV=v1.1.0	NT=immunopeptidomics;VV=v1.0.0	NT=Parallel reaction monitoring;AC=PRIDE:0000629	NT=Orbitrap Exploris 480;AC=MS:1003028	NT=unspecific cleavage;AC=MS:1001956	NT=label free sample;AC=MS:1002038	1	NT=HCD;AC=MS:1000422	not applicable	27% NCE	not available	not available	not applicable	not applicable	NT=Oxidation;MT=Variable;PP=Anywhere;TA=M;AC=UNIMOD:35	NT=orbitrap;AC=MS:1000484	070321	2021-07-03T22:07:54	350m/z	1200m/z	150m/z	1700m/z	nanoflow reversed-phase gradient at 0.30 uL/min (buffer A 0.1% formic acid, buffer B 70% acetonitrile with 0.1% formic acid): 3% B at 0 min, 3% B at 25 min, 6% B at 27 min, 25% B at 30 min, 45% B at 92 min, 97% B at 95 min	donor_D_validation_Mtb_WT
donor_D_validation_mock	Homo sapiens	blood	macrophage	4	control sample	normal	differentiated from CD14-positive blood monocytes with 25 ng/mL M-CSF for 6 d, then mock-infected with medium containing no Mycobacterium tuberculosis, then cultured for 72 h	not synthetic	CT=mixture;CN=stable isotope-labeled synthetic analogs of the peptides targeted by this SureQuant validation method, concentrations adjusted empirically per peptide	not applicable	not applicable	not applicable	not available	not available	not available	donor_D	MHC class I protein complex	immunoaffinity purification	not available	not available	W6/32 (pan-MHC class I)	donor_D_validation_mock_2	proteomic profiling by mass spectrometry	1	070321_donor_D_ABC_mock_Mtb9_2.raw	v1.1.0	NT=ms-proteomics;VV=v1.1.0	NT=human;VV=v1.1.0	NT=immunopeptidomics;VV=v1.0.0	NT=Parallel reaction monitoring;AC=PRIDE:0000629	NT=Orbitrap Exploris 480;AC=MS:1003028	NT=unspecific cleavage;AC=MS:1001956	NT=label free sample;AC=MS:1002038	1	NT=HCD;AC=MS:1000422	not applicable	27% NCE	not available	not available	not applicable	not applicable	NT=Oxidation;MT=Variable;PP=Anywhere;TA=M;AC=UNIMOD:35	NT=orbitrap;AC=MS:1000484	070321	2021-07-04T03:12:18	350m/z	1200m/z	150m/z	1700m/z	nanoflow reversed-phase gradient at 0.30 uL/min (buffer A 0.1% formic acid, buffer B 70% acetonitrile with 0.1% formic acid): 3% B at 0 min, 3% B at 25 min, 6% B at 27 min, 25% B at 30 min, 45% B at 92 min, 97% B at 95 min	donor_D_validation_mock
donor_A_validation_Mtb_WT	Homo sapiens	blood	macrophage	1	study sample	normal	differentiated from CD14-positive blood monocytes with 25 ng/mL M-CSF for 6 d, then infected with Mycobacterium tuberculosis H37Rv (NCBI taxon 83332) at a multiplicity of infection of 2.5 for 4 h, washed, then cultured for 72 h	not synthetic	CT=mixture;CN=stable isotope-labeled synthetic analogs of the peptides targeted by this SureQuant validation method, concentrations adjusted empirically per peptide	not applicable	not applicable	not applicable	not available	not available	not available	donor_A	MHC class I protein complex	immunoaffinity purification	not available	not available	W6/32 (pan-MHC class I)	donor_A_validation_Mtb_WT	proteomic profiling by mass spectrometry	1	070621_donor_A_Mtb_Mtb9.raw	v1.1.0	NT=ms-proteomics;VV=v1.1.0	NT=human;VV=v1.1.0	NT=immunopeptidomics;VV=v1.0.0	NT=Parallel reaction monitoring;AC=PRIDE:0000629	NT=Orbitrap Exploris 480;AC=MS:1003028	NT=unspecific cleavage;AC=MS:1001956	NT=label free sample;AC=MS:1002038	1	NT=HCD;AC=MS:1000422	not applicable	27% NCE	not available	not available	not applicable	not applicable	NT=Oxidation;MT=Variable;PP=Anywhere;TA=M;AC=UNIMOD:35	NT=orbitrap;AC=MS:1000484	070621	2021-07-07T00:23:28	350m/z	1200m/z	150m/z	1700m/z	nanoflow reversed-phase gradient at 0.30 uL/min (buffer A 0.1% formic acid, buffer B 70% acetonitrile with 0.1% formic acid): 3% B at 0 min, 3% B at 25 min, 6% B at 27 min, 25% B at 30 min, 45% B at 92 min, 97% B at 95 min	donor_A_validation_Mtb_WT
donor_A_validation_mock	Homo sapiens	blood	macrophage	1	control sample	normal	differentiated from CD14-positive blood monocytes with 25 ng/mL M-CSF for 6 d, then mock-infected with medium containing no Mycobacterium tuberculosis, then cultured for 72 h	not synthetic	CT=mixture;CN=stable isotope-labeled synthetic analogs of the peptides targeted by this SureQuant validation method, concentrations adjusted empirically per peptide	not applicable	not applicable	not applicable	not available	not available	not available	donor_A	MHC class I protein complex	immunoaffinity purification	not available	not available	W6/32 (pan-MHC class I)	donor_A_validation_mock	proteomic profiling by mass spectrometry	1	070621_donor_A_mock_Mtb9.raw	v1.1.0	NT=ms-proteomics;VV=v1.1.0	NT=human;VV=v1.1.0	NT=immunopeptidomics;VV=v1.0.0	NT=Parallel reaction monitoring;AC=PRIDE:0000629	NT=Orbitrap Exploris 480;AC=MS:1003028	NT=unspecific cleavage;AC=MS:1001956	NT=label free sample;AC=MS:1002038	1	NT=HCD;AC=MS:1000422	not applicable	27% NCE	not available	not available	not applicable	not applicable	NT=Oxidation;MT=Variable;PP=Anywhere;TA=M;AC=UNIMOD:35	NT=orbitrap;AC=MS:1000484	070621	2021-07-06T22:23:19	350m/z	1200m/z	150m/z	1700m/z	nanoflow reversed-phase gradient at 0.30 uL/min (buffer A 0.1% formic acid, buffer B 70% acetonitrile with 0.1% formic acid): 3% B at 0 min, 3% B at 25 min, 6% B at 27 min, 25% B at 30 min, 45% B at 92 min, 97% B at 95 min	donor_A_validation_mock
donor_C_validation_Mtb_WT	Homo sapiens	blood	macrophage	3	study sample	normal	differentiated from CD14-positive blood monocytes with 25 ng/mL M-CSF for 6 d, then infected with Mycobacterium tuberculosis H37Rv (NCBI taxon 83332) at a multiplicity of infection of 2.5 for 4 h, washed, then cultured for 72 h	not synthetic	CT=mixture;CN=stable isotope-labeled synthetic analogs of the peptides targeted by this SureQuant validation method, concentrations adjusted empirically per peptide	not applicable	not applicable	not applicable	not available	not available	not available	donor_C	MHC class I protein complex	immunoaffinity purification	not available	not available	W6/32 (pan-MHC class I)	donor_C_validation_Mtb_WT	proteomic profiling by mass spectrometry	1	070621_donor_C_Mtb_Mtb9.raw	v1.1.0	NT=ms-proteomics;VV=v1.1.0	NT=human;VV=v1.1.0	NT=immunopeptidomics;VV=v1.0.0	NT=Parallel reaction monitoring;AC=PRIDE:0000629	NT=Orbitrap Exploris 480;AC=MS:1003028	NT=unspecific cleavage;AC=MS:1001956	NT=label free sample;AC=MS:1002038	1	NT=HCD;AC=MS:1000422	not applicable	27% NCE	not available	not available	not applicable	not applicable	NT=Oxidation;MT=Variable;PP=Anywhere;TA=M;AC=UNIMOD:35	NT=orbitrap;AC=MS:1000484	070621	2021-07-07T06:45:14	350m/z	1200m/z	150m/z	1700m/z	nanoflow reversed-phase gradient at 0.30 uL/min (buffer A 0.1% formic acid, buffer B 70% acetonitrile with 0.1% formic acid): 3% B at 0 min, 3% B at 25 min, 6% B at 27 min, 25% B at 30 min, 45% B at 92 min, 97% B at 95 min	donor_C_validation_Mtb_WT
donor_C_validation_mock	Homo sapiens	blood	macrophage	3	control sample	normal	differentiated from CD14-positive blood monocytes with 25 ng/mL M-CSF for 6 d, then mock-infected with medium containing no Mycobacterium tuberculosis, then cultured for 72 h	not synthetic	CT=mixture;CN=stable isotope-labeled synthetic analogs of the peptides targeted by this SureQuant validation method, concentrations adjusted empirically per peptide	not applicable	not applicable	not applicable	not available	not available	not available	donor_C	MHC class I protein complex	immunoaffinity purification	not available	not available	W6/32 (pan-MHC class I)	donor_C_validation_mock	proteomic profiling by mass spectrometry	1	070621_donor_C_mock_Mtb9.raw	v1.1.0	NT=ms-proteomics;VV=v1.1.0	NT=human;VV=v1.1.0	NT=immunopeptidomics;VV=v1.0.0	NT=Parallel reaction monitoring;AC=PRIDE:0000629	NT=Orbitrap Exploris 480;AC=MS:1003028	NT=unspecific cleavage;AC=MS:1001956	NT=label free sample;AC=MS:1002038	1	NT=HCD;AC=MS:1000422	not applicable	27% NCE	not available	not available	not applicable	not applicable	NT=Oxidation;MT=Variable;PP=Anywhere;TA=M;AC=UNIMOD:35	NT=orbitrap;AC=MS:1000484	070621	2021-07-07T04:45:04	350m/z	1200m/z	150m/z	1700m/z	nanoflow reversed-phase gradient at 0.30 uL/min (buffer A 0.1% formic acid, buffer B 70% acetonitrile with 0.1% formic acid): 3% B at 0 min, 3% B at 25 min, 6% B at 27 min, 25% B at 30 min, 45% B at 92 min, 97% B at 95 min	donor_C_validation_mock
