source name	characteristics[organism]	characteristics[organism part]	characteristics[cell type]	characteristics[disease]	characteristics[enrichment process]	characteristics[biological replicate]	assay name	technology type	comment[proteomics data acquisition method]	comment[label]	comment[instrument]	comment[modification parameters]	comment[modification parameters]	comment[modification parameters]	comment[cleavage agent details]	comment[dissociation method]	comment[precursor mass tolerance]	comment[collision energy]	comment[fractionation method]	comment[reduction reagent]	comment[alkylation reagent]	comment[fraction identifier]	comment[technical replicate]	comment[data file]	comment[file uri]	comment[sdrf version]	comment[sdrf template]	comment[sdrf template]	comment[sdrf template]	comment[sdrf template]	comment[sdrf annotation tool]	factor value[organism part]
231_Control_Replicate01	homo sapiens	serum	not applicable	not available	enrichment of phosphorylated protein	1	231_Control_Replicate01	proteomic profiling by mass spectrometry	Data-independent acquisition	NT=label free sample;AC=MS:1002038	NT=orbitrap exploris 480;AC=MS:1003028	NT=Carbamidomethyl;AC=UNIMOD:4;TA=C;MT=Fixed	NT=Oxidation;AC=UNIMOD:35;TA=M;MT=Variable	NT=Acetyl;AC=UNIMOD:1;PP=Protein N-term;MT=Variable	NT=Trypsin;AC=MS:1001251	NT=collision-induced dissociation;AC=MS:1000133	10 ppm	27% NCE	high-ph reversed-phase chromatography (hphrp)	dithiothreitol (dtt)	iodoacetamide (iaa)	1	1	231_Control_Replicate01.raw	ftp://ftp.pride.ebi.ac.uk/pride/data/archive/2025/05/PXD061696/231_Control_Replicate01.raw	v1.1.0	NT=ms-proteomics;VV=v1.1.0	NT=clinical-metadata;VV=v1.0.0	NT=oncology-metadata;VV=v1.0.0	NT=dia-acquisition;VV=v1.1.0	manual curation	serum
231_Control_Replicate02	homo sapiens	serum	not applicable	not available	enrichment of phosphorylated protein	2	231_Control_Replicate02	proteomic profiling by mass spectrometry	Data-independent acquisition	NT=label free sample;AC=MS:1002038	NT=orbitrap exploris 480;AC=MS:1003028	NT=Carbamidomethyl;AC=UNIMOD:4;TA=C;MT=Fixed	NT=Oxidation;AC=UNIMOD:35;TA=M;MT=Variable	NT=Acetyl;AC=UNIMOD:1;PP=Protein N-term;MT=Variable	NT=Trypsin;AC=MS:1001251	NT=collision-induced dissociation;AC=MS:1000133	10 ppm	27% NCE	high-ph reversed-phase chromatography (hphrp)	dithiothreitol (dtt)	iodoacetamide (iaa)	1	1	231_Control_Replicate02.raw	ftp://ftp.pride.ebi.ac.uk/pride/data/archive/2025/05/PXD061696/231_Control_Replicate02.raw	v1.1.0	NT=ms-proteomics;VV=v1.1.0	NT=clinical-metadata;VV=v1.0.0	NT=oncology-metadata;VV=v1.0.0	NT=dia-acquisition;VV=v1.1.0	manual curation	serum
231_Control_Replicate03	homo sapiens	serum	not applicable	not available	enrichment of phosphorylated protein	3	231_Control_Replicate03	proteomic profiling by mass spectrometry	Data-independent acquisition	NT=label free sample;AC=MS:1002038	NT=orbitrap exploris 480;AC=MS:1003028	NT=Carbamidomethyl;AC=UNIMOD:4;TA=C;MT=Fixed	NT=Oxidation;AC=UNIMOD:35;TA=M;MT=Variable	NT=Acetyl;AC=UNIMOD:1;PP=Protein N-term;MT=Variable	NT=Trypsin;AC=MS:1001251	NT=collision-induced dissociation;AC=MS:1000133	10 ppm	27% NCE	high-ph reversed-phase chromatography (hphrp)	dithiothreitol (dtt)	iodoacetamide (iaa)	1	1	231_Control_Replicate03.raw	ftp://ftp.pride.ebi.ac.uk/pride/data/archive/2025/05/PXD061696/231_Control_Replicate03.raw	v1.1.0	NT=ms-proteomics;VV=v1.1.0	NT=clinical-metadata;VV=v1.0.0	NT=oncology-metadata;VV=v1.0.0	NT=dia-acquisition;VV=v1.1.0	manual curation	serum
231_Treated_Replicate01	homo sapiens	serum	not applicable	not available	enrichment of phosphorylated protein	1	231_Treated_Replicate01	proteomic profiling by mass spectrometry	Data-independent acquisition	NT=label free sample;AC=MS:1002038	NT=orbitrap exploris 480;AC=MS:1003028	NT=Carbamidomethyl;AC=UNIMOD:4;TA=C;MT=Fixed	NT=Oxidation;AC=UNIMOD:35;TA=M;MT=Variable	NT=Acetyl;AC=UNIMOD:1;PP=Protein N-term;MT=Variable	NT=Trypsin;AC=MS:1001251	NT=collision-induced dissociation;AC=MS:1000133	10 ppm	27% NCE	high-ph reversed-phase chromatography (hphrp)	dithiothreitol (dtt)	iodoacetamide (iaa)	1	1	231_Treated_Replicate01.raw	ftp://ftp.pride.ebi.ac.uk/pride/data/archive/2025/05/PXD061696/231_Treated_Replicate01.raw	v1.1.0	NT=ms-proteomics;VV=v1.1.0	NT=clinical-metadata;VV=v1.0.0	NT=oncology-metadata;VV=v1.0.0	NT=dia-acquisition;VV=v1.1.0	manual curation	serum
231_Treated_Replicate02	homo sapiens	serum	not applicable	not available	enrichment of phosphorylated protein	2	231_Treated_Replicate02	proteomic profiling by mass spectrometry	Data-independent acquisition	NT=label free sample;AC=MS:1002038	NT=orbitrap exploris 480;AC=MS:1003028	NT=Carbamidomethyl;AC=UNIMOD:4;TA=C;MT=Fixed	NT=Oxidation;AC=UNIMOD:35;TA=M;MT=Variable	NT=Acetyl;AC=UNIMOD:1;PP=Protein N-term;MT=Variable	NT=Trypsin;AC=MS:1001251	NT=collision-induced dissociation;AC=MS:1000133	10 ppm	27% NCE	high-ph reversed-phase chromatography (hphrp)	dithiothreitol (dtt)	iodoacetamide (iaa)	1	1	231_Treated_Replicate02.raw	ftp://ftp.pride.ebi.ac.uk/pride/data/archive/2025/05/PXD061696/231_Treated_Replicate02.raw	v1.1.0	NT=ms-proteomics;VV=v1.1.0	NT=clinical-metadata;VV=v1.0.0	NT=oncology-metadata;VV=v1.0.0	NT=dia-acquisition;VV=v1.1.0	manual curation	serum
231_Treated_Replicate03	homo sapiens	serum	not applicable	not available	enrichment of phosphorylated protein	3	231_Treated_Replicate03	proteomic profiling by mass spectrometry	Data-independent acquisition	NT=label free sample;AC=MS:1002038	NT=orbitrap exploris 480;AC=MS:1003028	NT=Carbamidomethyl;AC=UNIMOD:4;TA=C;MT=Fixed	NT=Oxidation;AC=UNIMOD:35;TA=M;MT=Variable	NT=Acetyl;AC=UNIMOD:1;PP=Protein N-term;MT=Variable	NT=Trypsin;AC=MS:1001251	NT=collision-induced dissociation;AC=MS:1000133	10 ppm	27% NCE	high-ph reversed-phase chromatography (hphrp)	dithiothreitol (dtt)	iodoacetamide (iaa)	1	1	231_Treated_Replicate03.raw	ftp://ftp.pride.ebi.ac.uk/pride/data/archive/2025/05/PXD061696/231_Treated_Replicate03.raw	v1.1.0	NT=ms-proteomics;VV=v1.1.0	NT=clinical-metadata;VV=v1.0.0	NT=oncology-metadata;VV=v1.0.0	NT=dia-acquisition;VV=v1.1.0	manual curation	serum
231_VehicleControl_Replicate01	homo sapiens	serum	not applicable	not available	enrichment of phosphorylated protein	1	231_VehicleControl_Replicate01	proteomic profiling by mass spectrometry	Data-independent acquisition	NT=label free sample;AC=MS:1002038	NT=orbitrap exploris 480;AC=MS:1003028	NT=Carbamidomethyl;AC=UNIMOD:4;TA=C;MT=Fixed	NT=Oxidation;AC=UNIMOD:35;TA=M;MT=Variable	NT=Acetyl;AC=UNIMOD:1;PP=Protein N-term;MT=Variable	NT=Trypsin;AC=MS:1001251	NT=collision-induced dissociation;AC=MS:1000133	10 ppm	27% NCE	high-ph reversed-phase chromatography (hphrp)	dithiothreitol (dtt)	iodoacetamide (iaa)	1	1	231_VehicleControl_Replicate01.raw	ftp://ftp.pride.ebi.ac.uk/pride/data/archive/2025/05/PXD061696/231_VehicleControl_Replicate01.raw	v1.1.0	NT=ms-proteomics;VV=v1.1.0	NT=clinical-metadata;VV=v1.0.0	NT=oncology-metadata;VV=v1.0.0	NT=dia-acquisition;VV=v1.1.0	manual curation	serum
231_Vehiclecontrol_Replicate02	homo sapiens	serum	not applicable	not available	enrichment of phosphorylated protein	2	231_Vehiclecontrol_Replicate02	proteomic profiling by mass spectrometry	Data-independent acquisition	NT=label free sample;AC=MS:1002038	NT=orbitrap exploris 480;AC=MS:1003028	NT=Carbamidomethyl;AC=UNIMOD:4;TA=C;MT=Fixed	NT=Oxidation;AC=UNIMOD:35;TA=M;MT=Variable	NT=Acetyl;AC=UNIMOD:1;PP=Protein N-term;MT=Variable	NT=Trypsin;AC=MS:1001251	NT=collision-induced dissociation;AC=MS:1000133	10 ppm	27% NCE	high-ph reversed-phase chromatography (hphrp)	dithiothreitol (dtt)	iodoacetamide (iaa)	1	1	231_Vehiclecontrol_Replicate02.raw	ftp://ftp.pride.ebi.ac.uk/pride/data/archive/2025/05/PXD061696/231_Vehiclecontrol_Replicate02.raw	v1.1.0	NT=ms-proteomics;VV=v1.1.0	NT=clinical-metadata;VV=v1.0.0	NT=oncology-metadata;VV=v1.0.0	NT=dia-acquisition;VV=v1.1.0	manual curation	serum
231_Vehiclecontrol_Replicate03	homo sapiens	serum	not applicable	not available	enrichment of phosphorylated protein	3	231_Vehiclecontrol_Replicate03	proteomic profiling by mass spectrometry	Data-independent acquisition	NT=label free sample;AC=MS:1002038	NT=orbitrap exploris 480;AC=MS:1003028	NT=Carbamidomethyl;AC=UNIMOD:4;TA=C;MT=Fixed	NT=Oxidation;AC=UNIMOD:35;TA=M;MT=Variable	NT=Acetyl;AC=UNIMOD:1;PP=Protein N-term;MT=Variable	NT=Trypsin;AC=MS:1001251	NT=collision-induced dissociation;AC=MS:1000133	10 ppm	27% NCE	high-ph reversed-phase chromatography (hphrp)	dithiothreitol (dtt)	iodoacetamide (iaa)	1	1	231_Vehiclecontrol_Replicate03.raw	ftp://ftp.pride.ebi.ac.uk/pride/data/archive/2025/05/PXD061696/231_Vehiclecontrol_Replicate03.raw	v1.1.0	NT=ms-proteomics;VV=v1.1.0	NT=clinical-metadata;VV=v1.0.0	NT=oncology-metadata;VV=v1.0.0	NT=dia-acquisition;VV=v1.1.0	manual curation	serum
BrCa_adjacent_noncancerous_N1	homo sapiens	serum	not applicable	not available	enrichment of phosphorylated protein	1	BrCa_adjacent_noncancerous_N1	proteomic profiling by mass spectrometry	Data-independent acquisition	NT=label free sample;AC=MS:1002038	NT=orbitrap exploris 480;AC=MS:1003028	NT=Carbamidomethyl;AC=UNIMOD:4;TA=C;MT=Fixed	NT=Oxidation;AC=UNIMOD:35;TA=M;MT=Variable	NT=Acetyl;AC=UNIMOD:1;PP=Protein N-term;MT=Variable	NT=Trypsin;AC=MS:1001251	NT=collision-induced dissociation;AC=MS:1000133	10 ppm	27% NCE	high-ph reversed-phase chromatography (hphrp)	dithiothreitol (dtt)	iodoacetamide (iaa)	1	1	BrCa_adjacent_noncancerous_N1.raw	ftp://ftp.pride.ebi.ac.uk/pride/data/archive/2025/05/PXD061696/BrCa_adjacent_noncancerous_N1.raw	v1.1.0	NT=ms-proteomics;VV=v1.1.0	NT=clinical-metadata;VV=v1.0.0	NT=oncology-metadata;VV=v1.0.0	NT=dia-acquisition;VV=v1.1.0	manual curation	serum
BrCa_adjacent_noncancerous_N2	homo sapiens	serum	not applicable	not available	enrichment of phosphorylated protein	1	BrCa_adjacent_noncancerous_N2	proteomic profiling by mass spectrometry	Data-independent acquisition	NT=label free sample;AC=MS:1002038	NT=orbitrap exploris 480;AC=MS:1003028	NT=Carbamidomethyl;AC=UNIMOD:4;TA=C;MT=Fixed	NT=Oxidation;AC=UNIMOD:35;TA=M;MT=Variable	NT=Acetyl;AC=UNIMOD:1;PP=Protein N-term;MT=Variable	NT=Trypsin;AC=MS:1001251	NT=collision-induced dissociation;AC=MS:1000133	10 ppm	27% NCE	high-ph reversed-phase chromatography (hphrp)	dithiothreitol (dtt)	iodoacetamide (iaa)	1	1	BrCa_adjacent_noncancerous_N2.raw	ftp://ftp.pride.ebi.ac.uk/pride/data/archive/2025/05/PXD061696/BrCa_adjacent_noncancerous_N2.raw	v1.1.0	NT=ms-proteomics;VV=v1.1.0	NT=clinical-metadata;VV=v1.0.0	NT=oncology-metadata;VV=v1.0.0	NT=dia-acquisition;VV=v1.1.0	manual curation	serum
BrCa_adjacent_noncancerous_N3	homo sapiens	serum	not applicable	not available	enrichment of phosphorylated protein	1	BrCa_adjacent_noncancerous_N3	proteomic profiling by mass spectrometry	Data-independent acquisition	NT=label free sample;AC=MS:1002038	NT=orbitrap exploris 480;AC=MS:1003028	NT=Carbamidomethyl;AC=UNIMOD:4;TA=C;MT=Fixed	NT=Oxidation;AC=UNIMOD:35;TA=M;MT=Variable	NT=Acetyl;AC=UNIMOD:1;PP=Protein N-term;MT=Variable	NT=Trypsin;AC=MS:1001251	NT=collision-induced dissociation;AC=MS:1000133	10 ppm	27% NCE	high-ph reversed-phase chromatography (hphrp)	dithiothreitol (dtt)	iodoacetamide (iaa)	1	1	BrCa_adjacent_noncancerous_N3.raw	ftp://ftp.pride.ebi.ac.uk/pride/data/archive/2025/05/PXD061696/BrCa_adjacent_noncancerous_N3.raw	v1.1.0	NT=ms-proteomics;VV=v1.1.0	NT=clinical-metadata;VV=v1.0.0	NT=oncology-metadata;VV=v1.0.0	NT=dia-acquisition;VV=v1.1.0	manual curation	serum
BrCa_adjacent_noncancerous_N4	homo sapiens	serum	not applicable	not available	enrichment of phosphorylated protein	1	BrCa_adjacent_noncancerous_N4	proteomic profiling by mass spectrometry	Data-independent acquisition	NT=label free sample;AC=MS:1002038	NT=orbitrap exploris 480;AC=MS:1003028	NT=Carbamidomethyl;AC=UNIMOD:4;TA=C;MT=Fixed	NT=Oxidation;AC=UNIMOD:35;TA=M;MT=Variable	NT=Acetyl;AC=UNIMOD:1;PP=Protein N-term;MT=Variable	NT=Trypsin;AC=MS:1001251	NT=collision-induced dissociation;AC=MS:1000133	10 ppm	27% NCE	high-ph reversed-phase chromatography (hphrp)	dithiothreitol (dtt)	iodoacetamide (iaa)	1	1	BrCa_adjacent_noncancerous_N4.raw	ftp://ftp.pride.ebi.ac.uk/pride/data/archive/2025/05/PXD061696/BrCa_adjacent_noncancerous_N4.raw	v1.1.0	NT=ms-proteomics;VV=v1.1.0	NT=clinical-metadata;VV=v1.0.0	NT=oncology-metadata;VV=v1.0.0	NT=dia-acquisition;VV=v1.1.0	manual curation	serum
BrCa_adjacent_noncancerous_N5	homo sapiens	serum	not applicable	not available	enrichment of phosphorylated protein	1	BrCa_adjacent_noncancerous_N5	proteomic profiling by mass spectrometry	Data-independent acquisition	NT=label free sample;AC=MS:1002038	NT=orbitrap exploris 480;AC=MS:1003028	NT=Carbamidomethyl;AC=UNIMOD:4;TA=C;MT=Fixed	NT=Oxidation;AC=UNIMOD:35;TA=M;MT=Variable	NT=Acetyl;AC=UNIMOD:1;PP=Protein N-term;MT=Variable	NT=Trypsin;AC=MS:1001251	NT=collision-induced dissociation;AC=MS:1000133	10 ppm	27% NCE	high-ph reversed-phase chromatography (hphrp)	dithiothreitol (dtt)	iodoacetamide (iaa)	1	1	BrCa_adjacent_noncancerous_N5.raw	ftp://ftp.pride.ebi.ac.uk/pride/data/archive/2025/05/PXD061696/BrCa_adjacent_noncancerous_N5.raw	v1.1.0	NT=ms-proteomics;VV=v1.1.0	NT=clinical-metadata;VV=v1.0.0	NT=oncology-metadata;VV=v1.0.0	NT=dia-acquisition;VV=v1.1.0	manual curation	serum
BrCa_cancertissue_T1	homo sapiens	serum	not applicable	not available	enrichment of phosphorylated protein	1	BrCa_cancertissue_T1	proteomic profiling by mass spectrometry	Data-independent acquisition	NT=label free sample;AC=MS:1002038	NT=orbitrap exploris 480;AC=MS:1003028	NT=Carbamidomethyl;AC=UNIMOD:4;TA=C;MT=Fixed	NT=Oxidation;AC=UNIMOD:35;TA=M;MT=Variable	NT=Acetyl;AC=UNIMOD:1;PP=Protein N-term;MT=Variable	NT=Trypsin;AC=MS:1001251	NT=collision-induced dissociation;AC=MS:1000133	10 ppm	27% NCE	high-ph reversed-phase chromatography (hphrp)	dithiothreitol (dtt)	iodoacetamide (iaa)	1	1	BrCa_cancertissue_T1.raw	ftp://ftp.pride.ebi.ac.uk/pride/data/archive/2025/05/PXD061696/BrCa_cancertissue_T1.raw	v1.1.0	NT=ms-proteomics;VV=v1.1.0	NT=clinical-metadata;VV=v1.0.0	NT=oncology-metadata;VV=v1.0.0	NT=dia-acquisition;VV=v1.1.0	manual curation	serum
BrCa_cancertissue_T2	homo sapiens	serum	not applicable	not available	enrichment of phosphorylated protein	1	BrCa_cancertissue_T2	proteomic profiling by mass spectrometry	Data-independent acquisition	NT=label free sample;AC=MS:1002038	NT=orbitrap exploris 480;AC=MS:1003028	NT=Carbamidomethyl;AC=UNIMOD:4;TA=C;MT=Fixed	NT=Oxidation;AC=UNIMOD:35;TA=M;MT=Variable	NT=Acetyl;AC=UNIMOD:1;PP=Protein N-term;MT=Variable	NT=Trypsin;AC=MS:1001251	NT=collision-induced dissociation;AC=MS:1000133	10 ppm	27% NCE	high-ph reversed-phase chromatography (hphrp)	dithiothreitol (dtt)	iodoacetamide (iaa)	1	1	BrCa_cancertissue_T2.raw	ftp://ftp.pride.ebi.ac.uk/pride/data/archive/2025/05/PXD061696/BrCa_cancertissue_T2.raw	v1.1.0	NT=ms-proteomics;VV=v1.1.0	NT=clinical-metadata;VV=v1.0.0	NT=oncology-metadata;VV=v1.0.0	NT=dia-acquisition;VV=v1.1.0	manual curation	serum
BrCa_cancertissue_T3	homo sapiens	serum	not applicable	not available	enrichment of phosphorylated protein	1	BrCa_cancertissue_T3	proteomic profiling by mass spectrometry	Data-independent acquisition	NT=label free sample;AC=MS:1002038	NT=orbitrap exploris 480;AC=MS:1003028	NT=Carbamidomethyl;AC=UNIMOD:4;TA=C;MT=Fixed	NT=Oxidation;AC=UNIMOD:35;TA=M;MT=Variable	NT=Acetyl;AC=UNIMOD:1;PP=Protein N-term;MT=Variable	NT=Trypsin;AC=MS:1001251	NT=collision-induced dissociation;AC=MS:1000133	10 ppm	27% NCE	high-ph reversed-phase chromatography (hphrp)	dithiothreitol (dtt)	iodoacetamide (iaa)	1	1	BrCa_cancertissue_T3.raw	ftp://ftp.pride.ebi.ac.uk/pride/data/archive/2025/05/PXD061696/BrCa_cancertissue_T3.raw	v1.1.0	NT=ms-proteomics;VV=v1.1.0	NT=clinical-metadata;VV=v1.0.0	NT=oncology-metadata;VV=v1.0.0	NT=dia-acquisition;VV=v1.1.0	manual curation	serum
BrCa_cancertissue_T4	homo sapiens	serum	not applicable	not available	enrichment of phosphorylated protein	1	BrCa_cancertissue_T4	proteomic profiling by mass spectrometry	Data-independent acquisition	NT=label free sample;AC=MS:1002038	NT=orbitrap exploris 480;AC=MS:1003028	NT=Carbamidomethyl;AC=UNIMOD:4;TA=C;MT=Fixed	NT=Oxidation;AC=UNIMOD:35;TA=M;MT=Variable	NT=Acetyl;AC=UNIMOD:1;PP=Protein N-term;MT=Variable	NT=Trypsin;AC=MS:1001251	NT=collision-induced dissociation;AC=MS:1000133	10 ppm	27% NCE	high-ph reversed-phase chromatography (hphrp)	dithiothreitol (dtt)	iodoacetamide (iaa)	1	1	BrCa_cancertissue_T4.raw	ftp://ftp.pride.ebi.ac.uk/pride/data/archive/2025/05/PXD061696/BrCa_cancertissue_T4.raw	v1.1.0	NT=ms-proteomics;VV=v1.1.0	NT=clinical-metadata;VV=v1.0.0	NT=oncology-metadata;VV=v1.0.0	NT=dia-acquisition;VV=v1.1.0	manual curation	serum
BrCa_cancertissue_T5	homo sapiens	serum	not applicable	not available	enrichment of phosphorylated protein	1	BrCa_cancertissue_T5	proteomic profiling by mass spectrometry	Data-independent acquisition	NT=label free sample;AC=MS:1002038	NT=orbitrap exploris 480;AC=MS:1003028	NT=Carbamidomethyl;AC=UNIMOD:4;TA=C;MT=Fixed	NT=Oxidation;AC=UNIMOD:35;TA=M;MT=Variable	NT=Acetyl;AC=UNIMOD:1;PP=Protein N-term;MT=Variable	NT=Trypsin;AC=MS:1001251	NT=collision-induced dissociation;AC=MS:1000133	10 ppm	27% NCE	high-ph reversed-phase chromatography (hphrp)	dithiothreitol (dtt)	iodoacetamide (iaa)	1	1	BrCa_cancertissue_T5.raw	ftp://ftp.pride.ebi.ac.uk/pride/data/archive/2025/05/PXD061696/BrCa_cancertissue_T5.raw	v1.1.0	NT=ms-proteomics;VV=v1.1.0	NT=clinical-metadata;VV=v1.0.0	NT=oncology-metadata;VV=v1.0.0	NT=dia-acquisition;VV=v1.1.0	manual curation	serum
CellExperiments_RecombinantProteins_Group01	homo sapiens	serum	not applicable	not available	enrichment of phosphorylated protein	1	CellExperiments_RecombinantProteins_Group01	proteomic profiling by mass spectrometry	Data-independent acquisition	NT=label free sample;AC=MS:1002038	NT=orbitrap exploris 480;AC=MS:1003028	NT=Carbamidomethyl;AC=UNIMOD:4;TA=C;MT=Fixed	NT=Oxidation;AC=UNIMOD:35;TA=M;MT=Variable	NT=Acetyl;AC=UNIMOD:1;PP=Protein N-term;MT=Variable	NT=Trypsin;AC=MS:1001251	NT=collision-induced dissociation;AC=MS:1000133	10 ppm	27% NCE	high-ph reversed-phase chromatography (hphrp)	dithiothreitol (dtt)	iodoacetamide (iaa)	1	1	CellExperiments_RecombinantProteins_Group01.raw	ftp://ftp.pride.ebi.ac.uk/pride/data/archive/2025/05/PXD061696/CellExperiments_RecombinantProteins_Group01.raw	v1.1.0	NT=ms-proteomics;VV=v1.1.0	NT=clinical-metadata;VV=v1.0.0	NT=oncology-metadata;VV=v1.0.0	NT=dia-acquisition;VV=v1.1.0	manual curation	serum
CellExperiments_RecombinantProteins_Group02	homo sapiens	serum	not applicable	not available	enrichment of phosphorylated protein	1	CellExperiments_RecombinantProteins_Group02	proteomic profiling by mass spectrometry	Data-independent acquisition	NT=label free sample;AC=MS:1002038	NT=orbitrap exploris 480;AC=MS:1003028	NT=Carbamidomethyl;AC=UNIMOD:4;TA=C;MT=Fixed	NT=Oxidation;AC=UNIMOD:35;TA=M;MT=Variable	NT=Acetyl;AC=UNIMOD:1;PP=Protein N-term;MT=Variable	NT=Trypsin;AC=MS:1001251	NT=collision-induced dissociation;AC=MS:1000133	10 ppm	27% NCE	high-ph reversed-phase chromatography (hphrp)	dithiothreitol (dtt)	iodoacetamide (iaa)	1	1	CellExperiments_RecombinantProteins_Group02.raw	ftp://ftp.pride.ebi.ac.uk/pride/data/archive/2025/05/PXD061696/CellExperiments_RecombinantProteins_Group02.raw	v1.1.0	NT=ms-proteomics;VV=v1.1.0	NT=clinical-metadata;VV=v1.0.0	NT=oncology-metadata;VV=v1.0.0	NT=dia-acquisition;VV=v1.1.0	manual curation	serum
CellExperiments_RecombinantProteins_Group03	homo sapiens	serum	not applicable	not available	enrichment of phosphorylated protein	1	CellExperiments_RecombinantProteins_Group03	proteomic profiling by mass spectrometry	Data-independent acquisition	NT=label free sample;AC=MS:1002038	NT=orbitrap exploris 480;AC=MS:1003028	NT=Carbamidomethyl;AC=UNIMOD:4;TA=C;MT=Fixed	NT=Oxidation;AC=UNIMOD:35;TA=M;MT=Variable	NT=Acetyl;AC=UNIMOD:1;PP=Protein N-term;MT=Variable	NT=Trypsin;AC=MS:1001251	NT=collision-induced dissociation;AC=MS:1000133	10 ppm	27% NCE	high-ph reversed-phase chromatography (hphrp)	dithiothreitol (dtt)	iodoacetamide (iaa)	1	1	CellExperiments_RecombinantProteins_Group03.raw	ftp://ftp.pride.ebi.ac.uk/pride/data/archive/2025/05/PXD061696/CellExperiments_RecombinantProteins_Group03.raw	v1.1.0	NT=ms-proteomics;VV=v1.1.0	NT=clinical-metadata;VV=v1.0.0	NT=oncology-metadata;VV=v1.0.0	NT=dia-acquisition;VV=v1.1.0	manual curation	serum
CellLysateExperiment	homo sapiens	serum	not applicable	not available	enrichment of phosphorylated protein	1	CellLysateExperiment_Fraction01	proteomic profiling by mass spectrometry	Data-independent acquisition	NT=label free sample;AC=MS:1002038	NT=orbitrap exploris 480;AC=MS:1003028	NT=Carbamidomethyl;AC=UNIMOD:4;TA=C;MT=Fixed	NT=Oxidation;AC=UNIMOD:35;TA=M;MT=Variable	NT=Acetyl;AC=UNIMOD:1;PP=Protein N-term;MT=Variable	NT=Trypsin;AC=MS:1001251	NT=collision-induced dissociation;AC=MS:1000133	10 ppm	27% NCE	high-ph reversed-phase chromatography (hphrp)	dithiothreitol (dtt)	iodoacetamide (iaa)	1	1	CellLysateExperiment_Fraction01.raw	ftp://ftp.pride.ebi.ac.uk/pride/data/archive/2025/05/PXD061696/CellLysateExperiment_Fraction01.raw	v1.1.0	NT=ms-proteomics;VV=v1.1.0	NT=clinical-metadata;VV=v1.0.0	NT=oncology-metadata;VV=v1.0.0	NT=dia-acquisition;VV=v1.1.0	manual curation	serum
CellLysateExperiment	homo sapiens	serum	not applicable	not available	enrichment of phosphorylated protein	1	CellLysateExperiment_Fraction02	proteomic profiling by mass spectrometry	Data-independent acquisition	NT=label free sample;AC=MS:1002038	NT=orbitrap exploris 480;AC=MS:1003028	NT=Carbamidomethyl;AC=UNIMOD:4;TA=C;MT=Fixed	NT=Oxidation;AC=UNIMOD:35;TA=M;MT=Variable	NT=Acetyl;AC=UNIMOD:1;PP=Protein N-term;MT=Variable	NT=Trypsin;AC=MS:1001251	NT=collision-induced dissociation;AC=MS:1000133	10 ppm	27% NCE	high-ph reversed-phase chromatography (hphrp)	dithiothreitol (dtt)	iodoacetamide (iaa)	2	1	CellLysateExperiment_Fraction02.raw	ftp://ftp.pride.ebi.ac.uk/pride/data/archive/2025/05/PXD061696/CellLysateExperiment_Fraction02.raw	v1.1.0	NT=ms-proteomics;VV=v1.1.0	NT=clinical-metadata;VV=v1.0.0	NT=oncology-metadata;VV=v1.0.0	NT=dia-acquisition;VV=v1.1.0	manual curation	serum
CellLysateExperiment	homo sapiens	serum	not applicable	not available	enrichment of phosphorylated protein	1	CellLysateExperiment_Fraction03	proteomic profiling by mass spectrometry	Data-independent acquisition	NT=label free sample;AC=MS:1002038	NT=orbitrap exploris 480;AC=MS:1003028	NT=Carbamidomethyl;AC=UNIMOD:4;TA=C;MT=Fixed	NT=Oxidation;AC=UNIMOD:35;TA=M;MT=Variable	NT=Acetyl;AC=UNIMOD:1;PP=Protein N-term;MT=Variable	NT=Trypsin;AC=MS:1001251	NT=collision-induced dissociation;AC=MS:1000133	10 ppm	27% NCE	high-ph reversed-phase chromatography (hphrp)	dithiothreitol (dtt)	iodoacetamide (iaa)	3	1	CellLysateExperiment_Fraction03.raw	ftp://ftp.pride.ebi.ac.uk/pride/data/archive/2025/05/PXD061696/CellLysateExperiment_Fraction03.raw	v1.1.0	NT=ms-proteomics;VV=v1.1.0	NT=clinical-metadata;VV=v1.0.0	NT=oncology-metadata;VV=v1.0.0	NT=dia-acquisition;VV=v1.1.0	manual curation	serum
CellLysateExperiment	homo sapiens	serum	not applicable	not available	enrichment of phosphorylated protein	1	CellLysateExperiment_Fraction04	proteomic profiling by mass spectrometry	Data-independent acquisition	NT=label free sample;AC=MS:1002038	NT=orbitrap exploris 480;AC=MS:1003028	NT=Carbamidomethyl;AC=UNIMOD:4;TA=C;MT=Fixed	NT=Oxidation;AC=UNIMOD:35;TA=M;MT=Variable	NT=Acetyl;AC=UNIMOD:1;PP=Protein N-term;MT=Variable	NT=Trypsin;AC=MS:1001251	NT=collision-induced dissociation;AC=MS:1000133	10 ppm	27% NCE	high-ph reversed-phase chromatography (hphrp)	dithiothreitol (dtt)	iodoacetamide (iaa)	4	1	CellLysateExperiment_Fraction04.raw	ftp://ftp.pride.ebi.ac.uk/pride/data/archive/2025/05/PXD061696/CellLysateExperiment_Fraction04.raw	v1.1.0	NT=ms-proteomics;VV=v1.1.0	NT=clinical-metadata;VV=v1.0.0	NT=oncology-metadata;VV=v1.0.0	NT=dia-acquisition;VV=v1.1.0	manual curation	serum
CellLysateExperiment	homo sapiens	serum	not applicable	not available	enrichment of phosphorylated protein	1	CellLysateExperiment_Fraction05	proteomic profiling by mass spectrometry	Data-independent acquisition	NT=label free sample;AC=MS:1002038	NT=orbitrap exploris 480;AC=MS:1003028	NT=Carbamidomethyl;AC=UNIMOD:4;TA=C;MT=Fixed	NT=Oxidation;AC=UNIMOD:35;TA=M;MT=Variable	NT=Acetyl;AC=UNIMOD:1;PP=Protein N-term;MT=Variable	NT=Trypsin;AC=MS:1001251	NT=collision-induced dissociation;AC=MS:1000133	10 ppm	27% NCE	high-ph reversed-phase chromatography (hphrp)	dithiothreitol (dtt)	iodoacetamide (iaa)	5	1	CellLysateExperiment_Fraction05.raw	ftp://ftp.pride.ebi.ac.uk/pride/data/archive/2025/05/PXD061696/CellLysateExperiment_Fraction05.raw	v1.1.0	NT=ms-proteomics;VV=v1.1.0	NT=clinical-metadata;VV=v1.0.0	NT=oncology-metadata;VV=v1.0.0	NT=dia-acquisition;VV=v1.1.0	manual curation	serum
CellLysateExperiment	homo sapiens	serum	not applicable	not available	enrichment of phosphorylated protein	1	CellLysateExperiment_Fraction06	proteomic profiling by mass spectrometry	Data-independent acquisition	NT=label free sample;AC=MS:1002038	NT=orbitrap exploris 480;AC=MS:1003028	NT=Carbamidomethyl;AC=UNIMOD:4;TA=C;MT=Fixed	NT=Oxidation;AC=UNIMOD:35;TA=M;MT=Variable	NT=Acetyl;AC=UNIMOD:1;PP=Protein N-term;MT=Variable	NT=Trypsin;AC=MS:1001251	NT=collision-induced dissociation;AC=MS:1000133	10 ppm	27% NCE	high-ph reversed-phase chromatography (hphrp)	dithiothreitol (dtt)	iodoacetamide (iaa)	6	1	CellLysateExperiment_Fraction06.raw	ftp://ftp.pride.ebi.ac.uk/pride/data/archive/2025/05/PXD061696/CellLysateExperiment_Fraction06.raw	v1.1.0	NT=ms-proteomics;VV=v1.1.0	NT=clinical-metadata;VV=v1.0.0	NT=oncology-metadata;VV=v1.0.0	NT=dia-acquisition;VV=v1.1.0	manual curation	serum
CellLysateExperiment	homo sapiens	serum	not applicable	not available	enrichment of phosphorylated protein	1	CellLysateExperiment_Fraction07	proteomic profiling by mass spectrometry	Data-independent acquisition	NT=label free sample;AC=MS:1002038	NT=orbitrap exploris 480;AC=MS:1003028	NT=Carbamidomethyl;AC=UNIMOD:4;TA=C;MT=Fixed	NT=Oxidation;AC=UNIMOD:35;TA=M;MT=Variable	NT=Acetyl;AC=UNIMOD:1;PP=Protein N-term;MT=Variable	NT=Trypsin;AC=MS:1001251	NT=collision-induced dissociation;AC=MS:1000133	10 ppm	27% NCE	high-ph reversed-phase chromatography (hphrp)	dithiothreitol (dtt)	iodoacetamide (iaa)	7	1	CellLysateExperiment_Fraction07.raw	ftp://ftp.pride.ebi.ac.uk/pride/data/archive/2025/05/PXD061696/CellLysateExperiment_Fraction07.raw	v1.1.0	NT=ms-proteomics;VV=v1.1.0	NT=clinical-metadata;VV=v1.0.0	NT=oncology-metadata;VV=v1.0.0	NT=dia-acquisition;VV=v1.1.0	manual curation	serum
CellLysateExperiment	homo sapiens	serum	not applicable	not available	enrichment of phosphorylated protein	1	CellLysateExperiment_Fraction08	proteomic profiling by mass spectrometry	Data-independent acquisition	NT=label free sample;AC=MS:1002038	NT=orbitrap exploris 480;AC=MS:1003028	NT=Carbamidomethyl;AC=UNIMOD:4;TA=C;MT=Fixed	NT=Oxidation;AC=UNIMOD:35;TA=M;MT=Variable	NT=Acetyl;AC=UNIMOD:1;PP=Protein N-term;MT=Variable	NT=Trypsin;AC=MS:1001251	NT=collision-induced dissociation;AC=MS:1000133	10 ppm	27% NCE	high-ph reversed-phase chromatography (hphrp)	dithiothreitol (dtt)	iodoacetamide (iaa)	8	1	CellLysateExperiment_Fraction08.raw	ftp://ftp.pride.ebi.ac.uk/pride/data/archive/2025/05/PXD061696/CellLysateExperiment_Fraction08.raw	v1.1.0	NT=ms-proteomics;VV=v1.1.0	NT=clinical-metadata;VV=v1.0.0	NT=oncology-metadata;VV=v1.0.0	NT=dia-acquisition;VV=v1.1.0	manual curation	serum
CellLysateExperiment	homo sapiens	serum	not applicable	not available	enrichment of phosphorylated protein	1	CellLysateExperiment_Fraction09	proteomic profiling by mass spectrometry	Data-independent acquisition	NT=label free sample;AC=MS:1002038	NT=orbitrap exploris 480;AC=MS:1003028	NT=Carbamidomethyl;AC=UNIMOD:4;TA=C;MT=Fixed	NT=Oxidation;AC=UNIMOD:35;TA=M;MT=Variable	NT=Acetyl;AC=UNIMOD:1;PP=Protein N-term;MT=Variable	NT=Trypsin;AC=MS:1001251	NT=collision-induced dissociation;AC=MS:1000133	10 ppm	27% NCE	high-ph reversed-phase chromatography (hphrp)	dithiothreitol (dtt)	iodoacetamide (iaa)	9	1	CellLysateExperiment_Fraction09.raw	ftp://ftp.pride.ebi.ac.uk/pride/data/archive/2025/05/PXD061696/CellLysateExperiment_Fraction09.raw	v1.1.0	NT=ms-proteomics;VV=v1.1.0	NT=clinical-metadata;VV=v1.0.0	NT=oncology-metadata;VV=v1.0.0	NT=dia-acquisition;VV=v1.1.0	manual curation	serum
CellLysateExperiment	homo sapiens	serum	not applicable	not available	enrichment of phosphorylated protein	1	CellLysateExperiment_Fraction10	proteomic profiling by mass spectrometry	Data-independent acquisition	NT=label free sample;AC=MS:1002038	NT=orbitrap exploris 480;AC=MS:1003028	NT=Carbamidomethyl;AC=UNIMOD:4;TA=C;MT=Fixed	NT=Oxidation;AC=UNIMOD:35;TA=M;MT=Variable	NT=Acetyl;AC=UNIMOD:1;PP=Protein N-term;MT=Variable	NT=Trypsin;AC=MS:1001251	NT=collision-induced dissociation;AC=MS:1000133	10 ppm	27% NCE	high-ph reversed-phase chromatography (hphrp)	dithiothreitol (dtt)	iodoacetamide (iaa)	10	1	CellLysateExperiment_Fraction10.raw	ftp://ftp.pride.ebi.ac.uk/pride/data/archive/2025/05/PXD061696/CellLysateExperiment_Fraction10.raw	v1.1.0	NT=ms-proteomics;VV=v1.1.0	NT=clinical-metadata;VV=v1.0.0	NT=oncology-metadata;VV=v1.0.0	NT=dia-acquisition;VV=v1.1.0	manual curation	serum
CellLysateExperiment	homo sapiens	serum	not applicable	not available	enrichment of phosphorylated protein	1	CellLysateExperiment_Fraction11	proteomic profiling by mass spectrometry	Data-independent acquisition	NT=label free sample;AC=MS:1002038	NT=orbitrap exploris 480;AC=MS:1003028	NT=Carbamidomethyl;AC=UNIMOD:4;TA=C;MT=Fixed	NT=Oxidation;AC=UNIMOD:35;TA=M;MT=Variable	NT=Acetyl;AC=UNIMOD:1;PP=Protein N-term;MT=Variable	NT=Trypsin;AC=MS:1001251	NT=collision-induced dissociation;AC=MS:1000133	10 ppm	27% NCE	high-ph reversed-phase chromatography (hphrp)	dithiothreitol (dtt)	iodoacetamide (iaa)	11	1	CellLysateExperiment_Fraction11.raw	ftp://ftp.pride.ebi.ac.uk/pride/data/archive/2025/05/PXD061696/CellLysateExperiment_Fraction11.raw	v1.1.0	NT=ms-proteomics;VV=v1.1.0	NT=clinical-metadata;VV=v1.0.0	NT=oncology-metadata;VV=v1.0.0	NT=dia-acquisition;VV=v1.1.0	manual curation	serum
CellLysateExperiment	homo sapiens	serum	not applicable	not available	enrichment of phosphorylated protein	1	CellLysateExperiment_Fraction12	proteomic profiling by mass spectrometry	Data-independent acquisition	NT=label free sample;AC=MS:1002038	NT=orbitrap exploris 480;AC=MS:1003028	NT=Carbamidomethyl;AC=UNIMOD:4;TA=C;MT=Fixed	NT=Oxidation;AC=UNIMOD:35;TA=M;MT=Variable	NT=Acetyl;AC=UNIMOD:1;PP=Protein N-term;MT=Variable	NT=Trypsin;AC=MS:1001251	NT=collision-induced dissociation;AC=MS:1000133	10 ppm	27% NCE	high-ph reversed-phase chromatography (hphrp)	dithiothreitol (dtt)	iodoacetamide (iaa)	12	1	CellLysateExperiment_Fraction12.raw	ftp://ftp.pride.ebi.ac.uk/pride/data/archive/2025/05/PXD061696/CellLysateExperiment_Fraction12.raw	v1.1.0	NT=ms-proteomics;VV=v1.1.0	NT=clinical-metadata;VV=v1.0.0	NT=oncology-metadata;VV=v1.0.0	NT=dia-acquisition;VV=v1.1.0	manual curation	serum
CellLysateExperiment	homo sapiens	serum	not applicable	not available	enrichment of phosphorylated protein	1	CellLysateExperiment_Fraction13	proteomic profiling by mass spectrometry	Data-independent acquisition	NT=label free sample;AC=MS:1002038	NT=orbitrap exploris 480;AC=MS:1003028	NT=Carbamidomethyl;AC=UNIMOD:4;TA=C;MT=Fixed	NT=Oxidation;AC=UNIMOD:35;TA=M;MT=Variable	NT=Acetyl;AC=UNIMOD:1;PP=Protein N-term;MT=Variable	NT=Trypsin;AC=MS:1001251	NT=collision-induced dissociation;AC=MS:1000133	10 ppm	27% NCE	high-ph reversed-phase chromatography (hphrp)	dithiothreitol (dtt)	iodoacetamide (iaa)	13	1	CellLysateExperiment_Fraction13.raw	ftp://ftp.pride.ebi.ac.uk/pride/data/archive/2025/05/PXD061696/CellLysateExperiment_Fraction13.raw	v1.1.0	NT=ms-proteomics;VV=v1.1.0	NT=clinical-metadata;VV=v1.0.0	NT=oncology-metadata;VV=v1.0.0	NT=dia-acquisition;VV=v1.1.0	manual curation	serum
CellLysateExperiment	homo sapiens	serum	not applicable	not available	enrichment of phosphorylated protein	1	CellLysateExperiment_Fraction14	proteomic profiling by mass spectrometry	Data-independent acquisition	NT=label free sample;AC=MS:1002038	NT=orbitrap exploris 480;AC=MS:1003028	NT=Carbamidomethyl;AC=UNIMOD:4;TA=C;MT=Fixed	NT=Oxidation;AC=UNIMOD:35;TA=M;MT=Variable	NT=Acetyl;AC=UNIMOD:1;PP=Protein N-term;MT=Variable	NT=Trypsin;AC=MS:1001251	NT=collision-induced dissociation;AC=MS:1000133	10 ppm	27% NCE	high-ph reversed-phase chromatography (hphrp)	dithiothreitol (dtt)	iodoacetamide (iaa)	14	1	CellLysateExperiment_Fraction14.raw	ftp://ftp.pride.ebi.ac.uk/pride/data/archive/2025/05/PXD061696/CellLysateExperiment_Fraction14.raw	v1.1.0	NT=ms-proteomics;VV=v1.1.0	NT=clinical-metadata;VV=v1.0.0	NT=oncology-metadata;VV=v1.0.0	NT=dia-acquisition;VV=v1.1.0	manual curation	serum
CellLysateExperiment	homo sapiens	serum	not applicable	not available	enrichment of phosphorylated protein	1	CellLysateExperiment_Fraction15	proteomic profiling by mass spectrometry	Data-independent acquisition	NT=label free sample;AC=MS:1002038	NT=orbitrap exploris 480;AC=MS:1003028	NT=Carbamidomethyl;AC=UNIMOD:4;TA=C;MT=Fixed	NT=Oxidation;AC=UNIMOD:35;TA=M;MT=Variable	NT=Acetyl;AC=UNIMOD:1;PP=Protein N-term;MT=Variable	NT=Trypsin;AC=MS:1001251	NT=collision-induced dissociation;AC=MS:1000133	10 ppm	27% NCE	high-ph reversed-phase chromatography (hphrp)	dithiothreitol (dtt)	iodoacetamide (iaa)	15	1	CellLysateExperiment_Fraction15.raw	ftp://ftp.pride.ebi.ac.uk/pride/data/archive/2025/05/PXD061696/CellLysateExperiment_Fraction15.raw	v1.1.0	NT=ms-proteomics;VV=v1.1.0	NT=clinical-metadata;VV=v1.0.0	NT=oncology-metadata;VV=v1.0.0	NT=dia-acquisition;VV=v1.1.0	manual curation	serum
CellLysateExperiment	homo sapiens	serum	not applicable	not available	enrichment of phosphorylated protein	1	CellLysateExperiment_Fraction16	proteomic profiling by mass spectrometry	Data-independent acquisition	NT=label free sample;AC=MS:1002038	NT=orbitrap exploris 480;AC=MS:1003028	NT=Carbamidomethyl;AC=UNIMOD:4;TA=C;MT=Fixed	NT=Oxidation;AC=UNIMOD:35;TA=M;MT=Variable	NT=Acetyl;AC=UNIMOD:1;PP=Protein N-term;MT=Variable	NT=Trypsin;AC=MS:1001251	NT=collision-induced dissociation;AC=MS:1000133	10 ppm	27% NCE	high-ph reversed-phase chromatography (hphrp)	dithiothreitol (dtt)	iodoacetamide (iaa)	16	1	CellLysateExperiment_Fraction16.raw	ftp://ftp.pride.ebi.ac.uk/pride/data/archive/2025/05/PXD061696/CellLysateExperiment_Fraction16.raw	v1.1.0	NT=ms-proteomics;VV=v1.1.0	NT=clinical-metadata;VV=v1.0.0	NT=oncology-metadata;VV=v1.0.0	NT=dia-acquisition;VV=v1.1.0	manual curation	serum
CellLysateExperiment	homo sapiens	serum	not applicable	not available	enrichment of phosphorylated protein	1	CellLysateExperiment_Fraction17	proteomic profiling by mass spectrometry	Data-independent acquisition	NT=label free sample;AC=MS:1002038	NT=orbitrap exploris 480;AC=MS:1003028	NT=Carbamidomethyl;AC=UNIMOD:4;TA=C;MT=Fixed	NT=Oxidation;AC=UNIMOD:35;TA=M;MT=Variable	NT=Acetyl;AC=UNIMOD:1;PP=Protein N-term;MT=Variable	NT=Trypsin;AC=MS:1001251	NT=collision-induced dissociation;AC=MS:1000133	10 ppm	27% NCE	high-ph reversed-phase chromatography (hphrp)	dithiothreitol (dtt)	iodoacetamide (iaa)	17	1	CellLysateExperiment_Fraction17.raw	ftp://ftp.pride.ebi.ac.uk/pride/data/archive/2025/05/PXD061696/CellLysateExperiment_Fraction17.raw	v1.1.0	NT=ms-proteomics;VV=v1.1.0	NT=clinical-metadata;VV=v1.0.0	NT=oncology-metadata;VV=v1.0.0	NT=dia-acquisition;VV=v1.1.0	manual curation	serum
CellLysateExperiment	homo sapiens	serum	not applicable	not available	enrichment of phosphorylated protein	1	CellLysateExperiment_Fraction18	proteomic profiling by mass spectrometry	Data-independent acquisition	NT=label free sample;AC=MS:1002038	NT=orbitrap exploris 480;AC=MS:1003028	NT=Carbamidomethyl;AC=UNIMOD:4;TA=C;MT=Fixed	NT=Oxidation;AC=UNIMOD:35;TA=M;MT=Variable	NT=Acetyl;AC=UNIMOD:1;PP=Protein N-term;MT=Variable	NT=Trypsin;AC=MS:1001251	NT=collision-induced dissociation;AC=MS:1000133	10 ppm	27% NCE	high-ph reversed-phase chromatography (hphrp)	dithiothreitol (dtt)	iodoacetamide (iaa)	18	1	CellLysateExperiment_Fraction18.raw	ftp://ftp.pride.ebi.ac.uk/pride/data/archive/2025/05/PXD061696/CellLysateExperiment_Fraction18.raw	v1.1.0	NT=ms-proteomics;VV=v1.1.0	NT=clinical-metadata;VV=v1.0.0	NT=oncology-metadata;VV=v1.0.0	NT=dia-acquisition;VV=v1.1.0	manual curation	serum
CellLysateExperiment	homo sapiens	serum	not applicable	not available	enrichment of phosphorylated protein	1	CellLysateExperiment_Fraction19	proteomic profiling by mass spectrometry	Data-independent acquisition	NT=label free sample;AC=MS:1002038	NT=orbitrap exploris 480;AC=MS:1003028	NT=Carbamidomethyl;AC=UNIMOD:4;TA=C;MT=Fixed	NT=Oxidation;AC=UNIMOD:35;TA=M;MT=Variable	NT=Acetyl;AC=UNIMOD:1;PP=Protein N-term;MT=Variable	NT=Trypsin;AC=MS:1001251	NT=collision-induced dissociation;AC=MS:1000133	10 ppm	27% NCE	high-ph reversed-phase chromatography (hphrp)	dithiothreitol (dtt)	iodoacetamide (iaa)	19	1	CellLysateExperiment_Fraction19.raw	ftp://ftp.pride.ebi.ac.uk/pride/data/archive/2025/05/PXD061696/CellLysateExperiment_Fraction19.raw	v1.1.0	NT=ms-proteomics;VV=v1.1.0	NT=clinical-metadata;VV=v1.0.0	NT=oncology-metadata;VV=v1.0.0	NT=dia-acquisition;VV=v1.1.0	manual curation	serum
CellLysateExperiment	homo sapiens	serum	not applicable	not available	enrichment of phosphorylated protein	1	CellLysateExperiment_Fraction20	proteomic profiling by mass spectrometry	Data-independent acquisition	NT=label free sample;AC=MS:1002038	NT=orbitrap exploris 480;AC=MS:1003028	NT=Carbamidomethyl;AC=UNIMOD:4;TA=C;MT=Fixed	NT=Oxidation;AC=UNIMOD:35;TA=M;MT=Variable	NT=Acetyl;AC=UNIMOD:1;PP=Protein N-term;MT=Variable	NT=Trypsin;AC=MS:1001251	NT=collision-induced dissociation;AC=MS:1000133	10 ppm	27% NCE	high-ph reversed-phase chromatography (hphrp)	dithiothreitol (dtt)	iodoacetamide (iaa)	20	1	CellLysateExperiment_Fraction20.raw	ftp://ftp.pride.ebi.ac.uk/pride/data/archive/2025/05/PXD061696/CellLysateExperiment_Fraction20.raw	v1.1.0	NT=ms-proteomics;VV=v1.1.0	NT=clinical-metadata;VV=v1.0.0	NT=oncology-metadata;VV=v1.0.0	NT=dia-acquisition;VV=v1.1.0	manual curation	serum
CRC_adjacent_noncancerous_N1	homo sapiens	serum	not applicable	not available	enrichment of phosphorylated protein	1	CRC_adjacent_noncancerous_N1	proteomic profiling by mass spectrometry	Data-independent acquisition	NT=label free sample;AC=MS:1002038	NT=orbitrap exploris 480;AC=MS:1003028	NT=Carbamidomethyl;AC=UNIMOD:4;TA=C;MT=Fixed	NT=Oxidation;AC=UNIMOD:35;TA=M;MT=Variable	NT=Acetyl;AC=UNIMOD:1;PP=Protein N-term;MT=Variable	NT=Trypsin;AC=MS:1001251	NT=collision-induced dissociation;AC=MS:1000133	10 ppm	27% NCE	high-ph reversed-phase chromatography (hphrp)	dithiothreitol (dtt)	iodoacetamide (iaa)	1	1	CRC_adjacent_noncancerous_N1.raw	ftp://ftp.pride.ebi.ac.uk/pride/data/archive/2025/05/PXD061696/CRC_adjacent_noncancerous_N1.raw	v1.1.0	NT=ms-proteomics;VV=v1.1.0	NT=clinical-metadata;VV=v1.0.0	NT=oncology-metadata;VV=v1.0.0	NT=dia-acquisition;VV=v1.1.0	manual curation	serum
CRC_adjacent_noncancerous_N2	homo sapiens	serum	not applicable	not available	enrichment of phosphorylated protein	1	CRC_adjacent_noncancerous_N2	proteomic profiling by mass spectrometry	Data-independent acquisition	NT=label free sample;AC=MS:1002038	NT=orbitrap exploris 480;AC=MS:1003028	NT=Carbamidomethyl;AC=UNIMOD:4;TA=C;MT=Fixed	NT=Oxidation;AC=UNIMOD:35;TA=M;MT=Variable	NT=Acetyl;AC=UNIMOD:1;PP=Protein N-term;MT=Variable	NT=Trypsin;AC=MS:1001251	NT=collision-induced dissociation;AC=MS:1000133	10 ppm	27% NCE	high-ph reversed-phase chromatography (hphrp)	dithiothreitol (dtt)	iodoacetamide (iaa)	1	1	CRC_adjacent_noncancerous_N2.raw	ftp://ftp.pride.ebi.ac.uk/pride/data/archive/2025/05/PXD061696/CRC_adjacent_noncancerous_N2.raw	v1.1.0	NT=ms-proteomics;VV=v1.1.0	NT=clinical-metadata;VV=v1.0.0	NT=oncology-metadata;VV=v1.0.0	NT=dia-acquisition;VV=v1.1.0	manual curation	serum
CRC_adjacent_noncancerous_N3	homo sapiens	serum	not applicable	not available	enrichment of phosphorylated protein	1	CRC_adjacent_noncancerous_N3	proteomic profiling by mass spectrometry	Data-independent acquisition	NT=label free sample;AC=MS:1002038	NT=orbitrap exploris 480;AC=MS:1003028	NT=Carbamidomethyl;AC=UNIMOD:4;TA=C;MT=Fixed	NT=Oxidation;AC=UNIMOD:35;TA=M;MT=Variable	NT=Acetyl;AC=UNIMOD:1;PP=Protein N-term;MT=Variable	NT=Trypsin;AC=MS:1001251	NT=collision-induced dissociation;AC=MS:1000133	10 ppm	27% NCE	high-ph reversed-phase chromatography (hphrp)	dithiothreitol (dtt)	iodoacetamide (iaa)	1	1	CRC_adjacent_noncancerous_N3.raw	ftp://ftp.pride.ebi.ac.uk/pride/data/archive/2025/05/PXD061696/CRC_adjacent_noncancerous_N3.raw	v1.1.0	NT=ms-proteomics;VV=v1.1.0	NT=clinical-metadata;VV=v1.0.0	NT=oncology-metadata;VV=v1.0.0	NT=dia-acquisition;VV=v1.1.0	manual curation	serum
CRC_adjacent_noncancerous_N4	homo sapiens	serum	not applicable	not available	enrichment of phosphorylated protein	1	CRC_adjacent_noncancerous_N4	proteomic profiling by mass spectrometry	Data-independent acquisition	NT=label free sample;AC=MS:1002038	NT=orbitrap exploris 480;AC=MS:1003028	NT=Carbamidomethyl;AC=UNIMOD:4;TA=C;MT=Fixed	NT=Oxidation;AC=UNIMOD:35;TA=M;MT=Variable	NT=Acetyl;AC=UNIMOD:1;PP=Protein N-term;MT=Variable	NT=Trypsin;AC=MS:1001251	NT=collision-induced dissociation;AC=MS:1000133	10 ppm	27% NCE	high-ph reversed-phase chromatography (hphrp)	dithiothreitol (dtt)	iodoacetamide (iaa)	1	1	CRC_adjacent_noncancerous_N4.raw	ftp://ftp.pride.ebi.ac.uk/pride/data/archive/2025/05/PXD061696/CRC_adjacent_noncancerous_N4.raw	v1.1.0	NT=ms-proteomics;VV=v1.1.0	NT=clinical-metadata;VV=v1.0.0	NT=oncology-metadata;VV=v1.0.0	NT=dia-acquisition;VV=v1.1.0	manual curation	serum
CRC_adjacent_noncancerous_N5	homo sapiens	serum	not applicable	not available	enrichment of phosphorylated protein	1	CRC_adjacent_noncancerous_N5	proteomic profiling by mass spectrometry	Data-independent acquisition	NT=label free sample;AC=MS:1002038	NT=orbitrap exploris 480;AC=MS:1003028	NT=Carbamidomethyl;AC=UNIMOD:4;TA=C;MT=Fixed	NT=Oxidation;AC=UNIMOD:35;TA=M;MT=Variable	NT=Acetyl;AC=UNIMOD:1;PP=Protein N-term;MT=Variable	NT=Trypsin;AC=MS:1001251	NT=collision-induced dissociation;AC=MS:1000133	10 ppm	27% NCE	high-ph reversed-phase chromatography (hphrp)	dithiothreitol (dtt)	iodoacetamide (iaa)	1	1	CRC_adjacent_noncancerous_N5.raw	ftp://ftp.pride.ebi.ac.uk/pride/data/archive/2025/05/PXD061696/CRC_adjacent_noncancerous_N5.raw	v1.1.0	NT=ms-proteomics;VV=v1.1.0	NT=clinical-metadata;VV=v1.0.0	NT=oncology-metadata;VV=v1.0.0	NT=dia-acquisition;VV=v1.1.0	manual curation	serum
CRC_adjacent_noncancerous_N6	homo sapiens	serum	not applicable	not available	enrichment of phosphorylated protein	1	CRC_adjacent_noncancerous_N6	proteomic profiling by mass spectrometry	Data-independent acquisition	NT=label free sample;AC=MS:1002038	NT=orbitrap exploris 480;AC=MS:1003028	NT=Carbamidomethyl;AC=UNIMOD:4;TA=C;MT=Fixed	NT=Oxidation;AC=UNIMOD:35;TA=M;MT=Variable	NT=Acetyl;AC=UNIMOD:1;PP=Protein N-term;MT=Variable	NT=Trypsin;AC=MS:1001251	NT=collision-induced dissociation;AC=MS:1000133	10 ppm	27% NCE	high-ph reversed-phase chromatography (hphrp)	dithiothreitol (dtt)	iodoacetamide (iaa)	1	1	CRC_adjacent_noncancerous_N6.raw	ftp://ftp.pride.ebi.ac.uk/pride/data/archive/2025/05/PXD061696/CRC_adjacent_noncancerous_N6.raw	v1.1.0	NT=ms-proteomics;VV=v1.1.0	NT=clinical-metadata;VV=v1.0.0	NT=oncology-metadata;VV=v1.0.0	NT=dia-acquisition;VV=v1.1.0	manual curation	serum
CRC_adjacent_noncancerous_N7	homo sapiens	serum	not applicable	not available	enrichment of phosphorylated protein	1	CRC_adjacent_noncancerous_N7	proteomic profiling by mass spectrometry	Data-independent acquisition	NT=label free sample;AC=MS:1002038	NT=orbitrap exploris 480;AC=MS:1003028	NT=Carbamidomethyl;AC=UNIMOD:4;TA=C;MT=Fixed	NT=Oxidation;AC=UNIMOD:35;TA=M;MT=Variable	NT=Acetyl;AC=UNIMOD:1;PP=Protein N-term;MT=Variable	NT=Trypsin;AC=MS:1001251	NT=collision-induced dissociation;AC=MS:1000133	10 ppm	27% NCE	high-ph reversed-phase chromatography (hphrp)	dithiothreitol (dtt)	iodoacetamide (iaa)	1	1	CRC_adjacent_noncancerous_N7.raw	ftp://ftp.pride.ebi.ac.uk/pride/data/archive/2025/05/PXD061696/CRC_adjacent_noncancerous_N7.raw	v1.1.0	NT=ms-proteomics;VV=v1.1.0	NT=clinical-metadata;VV=v1.0.0	NT=oncology-metadata;VV=v1.0.0	NT=dia-acquisition;VV=v1.1.0	manual curation	serum
CRC_cancertissue_T1	homo sapiens	serum	not applicable	not available	enrichment of phosphorylated protein	1	CRC_cancertissue_T1	proteomic profiling by mass spectrometry	Data-independent acquisition	NT=label free sample;AC=MS:1002038	NT=orbitrap exploris 480;AC=MS:1003028	NT=Carbamidomethyl;AC=UNIMOD:4;TA=C;MT=Fixed	NT=Oxidation;AC=UNIMOD:35;TA=M;MT=Variable	NT=Acetyl;AC=UNIMOD:1;PP=Protein N-term;MT=Variable	NT=Trypsin;AC=MS:1001251	NT=collision-induced dissociation;AC=MS:1000133	10 ppm	27% NCE	high-ph reversed-phase chromatography (hphrp)	dithiothreitol (dtt)	iodoacetamide (iaa)	1	1	CRC_cancertissue_T1.raw	ftp://ftp.pride.ebi.ac.uk/pride/data/archive/2025/05/PXD061696/CRC_cancertissue_T1.raw	v1.1.0	NT=ms-proteomics;VV=v1.1.0	NT=clinical-metadata;VV=v1.0.0	NT=oncology-metadata;VV=v1.0.0	NT=dia-acquisition;VV=v1.1.0	manual curation	serum
CRC_cancertissue_T2	homo sapiens	serum	not applicable	not available	enrichment of phosphorylated protein	1	CRC_cancertissue_T2	proteomic profiling by mass spectrometry	Data-independent acquisition	NT=label free sample;AC=MS:1002038	NT=orbitrap exploris 480;AC=MS:1003028	NT=Carbamidomethyl;AC=UNIMOD:4;TA=C;MT=Fixed	NT=Oxidation;AC=UNIMOD:35;TA=M;MT=Variable	NT=Acetyl;AC=UNIMOD:1;PP=Protein N-term;MT=Variable	NT=Trypsin;AC=MS:1001251	NT=collision-induced dissociation;AC=MS:1000133	10 ppm	27% NCE	high-ph reversed-phase chromatography (hphrp)	dithiothreitol (dtt)	iodoacetamide (iaa)	1	1	CRC_cancertissue_T2.raw	ftp://ftp.pride.ebi.ac.uk/pride/data/archive/2025/05/PXD061696/CRC_cancertissue_T2.raw	v1.1.0	NT=ms-proteomics;VV=v1.1.0	NT=clinical-metadata;VV=v1.0.0	NT=oncology-metadata;VV=v1.0.0	NT=dia-acquisition;VV=v1.1.0	manual curation	serum
CRC_cancertissue_T3	homo sapiens	serum	not applicable	not available	enrichment of phosphorylated protein	1	CRC_cancertissue_T3	proteomic profiling by mass spectrometry	Data-independent acquisition	NT=label free sample;AC=MS:1002038	NT=orbitrap exploris 480;AC=MS:1003028	NT=Carbamidomethyl;AC=UNIMOD:4;TA=C;MT=Fixed	NT=Oxidation;AC=UNIMOD:35;TA=M;MT=Variable	NT=Acetyl;AC=UNIMOD:1;PP=Protein N-term;MT=Variable	NT=Trypsin;AC=MS:1001251	NT=collision-induced dissociation;AC=MS:1000133	10 ppm	27% NCE	high-ph reversed-phase chromatography (hphrp)	dithiothreitol (dtt)	iodoacetamide (iaa)	1	1	CRC_cancertissue_T3.raw	ftp://ftp.pride.ebi.ac.uk/pride/data/archive/2025/05/PXD061696/CRC_cancertissue_T3.raw	v1.1.0	NT=ms-proteomics;VV=v1.1.0	NT=clinical-metadata;VV=v1.0.0	NT=oncology-metadata;VV=v1.0.0	NT=dia-acquisition;VV=v1.1.0	manual curation	serum
CRC_cancertissue_T4	homo sapiens	serum	not applicable	not available	enrichment of phosphorylated protein	1	CRC_cancertissue_T4	proteomic profiling by mass spectrometry	Data-independent acquisition	NT=label free sample;AC=MS:1002038	NT=orbitrap exploris 480;AC=MS:1003028	NT=Carbamidomethyl;AC=UNIMOD:4;TA=C;MT=Fixed	NT=Oxidation;AC=UNIMOD:35;TA=M;MT=Variable	NT=Acetyl;AC=UNIMOD:1;PP=Protein N-term;MT=Variable	NT=Trypsin;AC=MS:1001251	NT=collision-induced dissociation;AC=MS:1000133	10 ppm	27% NCE	high-ph reversed-phase chromatography (hphrp)	dithiothreitol (dtt)	iodoacetamide (iaa)	1	1	CRC_cancertissue_T4.raw	ftp://ftp.pride.ebi.ac.uk/pride/data/archive/2025/05/PXD061696/CRC_cancertissue_T4.raw	v1.1.0	NT=ms-proteomics;VV=v1.1.0	NT=clinical-metadata;VV=v1.0.0	NT=oncology-metadata;VV=v1.0.0	NT=dia-acquisition;VV=v1.1.0	manual curation	serum
CRC_cancertissue_T5	homo sapiens	serum	not applicable	not available	enrichment of phosphorylated protein	1	CRC_cancertissue_T5	proteomic profiling by mass spectrometry	Data-independent acquisition	NT=label free sample;AC=MS:1002038	NT=orbitrap exploris 480;AC=MS:1003028	NT=Carbamidomethyl;AC=UNIMOD:4;TA=C;MT=Fixed	NT=Oxidation;AC=UNIMOD:35;TA=M;MT=Variable	NT=Acetyl;AC=UNIMOD:1;PP=Protein N-term;MT=Variable	NT=Trypsin;AC=MS:1001251	NT=collision-induced dissociation;AC=MS:1000133	10 ppm	27% NCE	high-ph reversed-phase chromatography (hphrp)	dithiothreitol (dtt)	iodoacetamide (iaa)	1	1	CRC_cancertissue_T5.raw	ftp://ftp.pride.ebi.ac.uk/pride/data/archive/2025/05/PXD061696/CRC_cancertissue_T5.raw	v1.1.0	NT=ms-proteomics;VV=v1.1.0	NT=clinical-metadata;VV=v1.0.0	NT=oncology-metadata;VV=v1.0.0	NT=dia-acquisition;VV=v1.1.0	manual curation	serum
CRC_cancertissue_T6	homo sapiens	serum	not applicable	not available	enrichment of phosphorylated protein	1	CRC_cancertissue_T6	proteomic profiling by mass spectrometry	Data-independent acquisition	NT=label free sample;AC=MS:1002038	NT=orbitrap exploris 480;AC=MS:1003028	NT=Carbamidomethyl;AC=UNIMOD:4;TA=C;MT=Fixed	NT=Oxidation;AC=UNIMOD:35;TA=M;MT=Variable	NT=Acetyl;AC=UNIMOD:1;PP=Protein N-term;MT=Variable	NT=Trypsin;AC=MS:1001251	NT=collision-induced dissociation;AC=MS:1000133	10 ppm	27% NCE	high-ph reversed-phase chromatography (hphrp)	dithiothreitol (dtt)	iodoacetamide (iaa)	1	1	CRC_cancertissue_T6.raw	ftp://ftp.pride.ebi.ac.uk/pride/data/archive/2025/05/PXD061696/CRC_cancertissue_T6.raw	v1.1.0	NT=ms-proteomics;VV=v1.1.0	NT=clinical-metadata;VV=v1.0.0	NT=oncology-metadata;VV=v1.0.0	NT=dia-acquisition;VV=v1.1.0	manual curation	serum
CRC_cancertissue_T7	homo sapiens	serum	not applicable	not available	enrichment of phosphorylated protein	1	CRC_cancertissue_T7	proteomic profiling by mass spectrometry	Data-independent acquisition	NT=label free sample;AC=MS:1002038	NT=orbitrap exploris 480;AC=MS:1003028	NT=Carbamidomethyl;AC=UNIMOD:4;TA=C;MT=Fixed	NT=Oxidation;AC=UNIMOD:35;TA=M;MT=Variable	NT=Acetyl;AC=UNIMOD:1;PP=Protein N-term;MT=Variable	NT=Trypsin;AC=MS:1001251	NT=collision-induced dissociation;AC=MS:1000133	10 ppm	27% NCE	high-ph reversed-phase chromatography (hphrp)	dithiothreitol (dtt)	iodoacetamide (iaa)	1	1	CRC_cancertissue_T7.raw	ftp://ftp.pride.ebi.ac.uk/pride/data/archive/2025/05/PXD061696/CRC_cancertissue_T7.raw	v1.1.0	NT=ms-proteomics;VV=v1.1.0	NT=clinical-metadata;VV=v1.0.0	NT=oncology-metadata;VV=v1.0.0	NT=dia-acquisition;VV=v1.1.0	manual curation	serum
HT29_Control_Replicate01	homo sapiens	serum	HT-29 cell	not available	enrichment of phosphorylated protein	1	HT29_Control_Replicate01	proteomic profiling by mass spectrometry	Data-independent acquisition	NT=label free sample;AC=MS:1002038	NT=orbitrap exploris 480;AC=MS:1003028	NT=Carbamidomethyl;AC=UNIMOD:4;TA=C;MT=Fixed	NT=Oxidation;AC=UNIMOD:35;TA=M;MT=Variable	NT=Acetyl;AC=UNIMOD:1;PP=Protein N-term;MT=Variable	NT=Trypsin;AC=MS:1001251	NT=collision-induced dissociation;AC=MS:1000133	10 ppm	27% NCE	high-ph reversed-phase chromatography (hphrp)	dithiothreitol (dtt)	iodoacetamide (iaa)	1	1	HT29_Control_Replicate01.raw	ftp://ftp.pride.ebi.ac.uk/pride/data/archive/2025/05/PXD061696/HT29_Control_Replicate01.raw	v1.1.0	NT=ms-proteomics;VV=v1.1.0	NT=clinical-metadata;VV=v1.0.0	NT=oncology-metadata;VV=v1.0.0	NT=dia-acquisition;VV=v1.1.0	manual curation	serum
HT29_Control_Replicate02	homo sapiens	serum	HT-29 cell	not available	enrichment of phosphorylated protein	2	HT29_Control_Replicate02	proteomic profiling by mass spectrometry	Data-independent acquisition	NT=label free sample;AC=MS:1002038	NT=orbitrap exploris 480;AC=MS:1003028	NT=Carbamidomethyl;AC=UNIMOD:4;TA=C;MT=Fixed	NT=Oxidation;AC=UNIMOD:35;TA=M;MT=Variable	NT=Acetyl;AC=UNIMOD:1;PP=Protein N-term;MT=Variable	NT=Trypsin;AC=MS:1001251	NT=collision-induced dissociation;AC=MS:1000133	10 ppm	27% NCE	high-ph reversed-phase chromatography (hphrp)	dithiothreitol (dtt)	iodoacetamide (iaa)	1	1	HT29_Control_Replicate02.raw	ftp://ftp.pride.ebi.ac.uk/pride/data/archive/2025/05/PXD061696/HT29_Control_Replicate02.raw	v1.1.0	NT=ms-proteomics;VV=v1.1.0	NT=clinical-metadata;VV=v1.0.0	NT=oncology-metadata;VV=v1.0.0	NT=dia-acquisition;VV=v1.1.0	manual curation	serum
HT29_Control_Replicate03	homo sapiens	serum	HT-29 cell	not available	enrichment of phosphorylated protein	3	HT29_Control_Replicate03	proteomic profiling by mass spectrometry	Data-independent acquisition	NT=label free sample;AC=MS:1002038	NT=orbitrap exploris 480;AC=MS:1003028	NT=Carbamidomethyl;AC=UNIMOD:4;TA=C;MT=Fixed	NT=Oxidation;AC=UNIMOD:35;TA=M;MT=Variable	NT=Acetyl;AC=UNIMOD:1;PP=Protein N-term;MT=Variable	NT=Trypsin;AC=MS:1001251	NT=collision-induced dissociation;AC=MS:1000133	10 ppm	27% NCE	high-ph reversed-phase chromatography (hphrp)	dithiothreitol (dtt)	iodoacetamide (iaa)	1	1	HT29_Control_Replicate03.raw	ftp://ftp.pride.ebi.ac.uk/pride/data/archive/2025/05/PXD061696/HT29_Control_Replicate03.raw	v1.1.0	NT=ms-proteomics;VV=v1.1.0	NT=clinical-metadata;VV=v1.0.0	NT=oncology-metadata;VV=v1.0.0	NT=dia-acquisition;VV=v1.1.0	manual curation	serum
HT29_Treated_Replicate01	homo sapiens	serum	HT-29 cell	not available	enrichment of phosphorylated protein	1	HT29_Treated_Replicate01	proteomic profiling by mass spectrometry	Data-independent acquisition	NT=label free sample;AC=MS:1002038	NT=orbitrap exploris 480;AC=MS:1003028	NT=Carbamidomethyl;AC=UNIMOD:4;TA=C;MT=Fixed	NT=Oxidation;AC=UNIMOD:35;TA=M;MT=Variable	NT=Acetyl;AC=UNIMOD:1;PP=Protein N-term;MT=Variable	NT=Trypsin;AC=MS:1001251	NT=collision-induced dissociation;AC=MS:1000133	10 ppm	27% NCE	high-ph reversed-phase chromatography (hphrp)	dithiothreitol (dtt)	iodoacetamide (iaa)	1	1	HT29_Treated_Replicate01.raw	ftp://ftp.pride.ebi.ac.uk/pride/data/archive/2025/05/PXD061696/HT29_Treated_Replicate01.raw	v1.1.0	NT=ms-proteomics;VV=v1.1.0	NT=clinical-metadata;VV=v1.0.0	NT=oncology-metadata;VV=v1.0.0	NT=dia-acquisition;VV=v1.1.0	manual curation	serum
HT29_Treated_Replicate02	homo sapiens	serum	HT-29 cell	not available	enrichment of phosphorylated protein	2	HT29_Treated_Replicate02	proteomic profiling by mass spectrometry	Data-independent acquisition	NT=label free sample;AC=MS:1002038	NT=orbitrap exploris 480;AC=MS:1003028	NT=Carbamidomethyl;AC=UNIMOD:4;TA=C;MT=Fixed	NT=Oxidation;AC=UNIMOD:35;TA=M;MT=Variable	NT=Acetyl;AC=UNIMOD:1;PP=Protein N-term;MT=Variable	NT=Trypsin;AC=MS:1001251	NT=collision-induced dissociation;AC=MS:1000133	10 ppm	27% NCE	high-ph reversed-phase chromatography (hphrp)	dithiothreitol (dtt)	iodoacetamide (iaa)	1	1	HT29_Treated_Replicate02.raw	ftp://ftp.pride.ebi.ac.uk/pride/data/archive/2025/05/PXD061696/HT29_Treated_Replicate02.raw	v1.1.0	NT=ms-proteomics;VV=v1.1.0	NT=clinical-metadata;VV=v1.0.0	NT=oncology-metadata;VV=v1.0.0	NT=dia-acquisition;VV=v1.1.0	manual curation	serum
HT29_Treated_Replicate03	homo sapiens	serum	HT-29 cell	not available	enrichment of phosphorylated protein	3	HT29_Treated_Replicate03	proteomic profiling by mass spectrometry	Data-independent acquisition	NT=label free sample;AC=MS:1002038	NT=orbitrap exploris 480;AC=MS:1003028	NT=Carbamidomethyl;AC=UNIMOD:4;TA=C;MT=Fixed	NT=Oxidation;AC=UNIMOD:35;TA=M;MT=Variable	NT=Acetyl;AC=UNIMOD:1;PP=Protein N-term;MT=Variable	NT=Trypsin;AC=MS:1001251	NT=collision-induced dissociation;AC=MS:1000133	10 ppm	27% NCE	high-ph reversed-phase chromatography (hphrp)	dithiothreitol (dtt)	iodoacetamide (iaa)	1	1	HT29_Treated_Replicate03.raw	ftp://ftp.pride.ebi.ac.uk/pride/data/archive/2025/05/PXD061696/HT29_Treated_Replicate03.raw	v1.1.0	NT=ms-proteomics;VV=v1.1.0	NT=clinical-metadata;VV=v1.0.0	NT=oncology-metadata;VV=v1.0.0	NT=dia-acquisition;VV=v1.1.0	manual curation	serum
HT29_VehicleControl_Replicate01	homo sapiens	serum	HT-29 cell	not available	enrichment of phosphorylated protein	1	HT29_VehicleControl_Replicate01	proteomic profiling by mass spectrometry	Data-independent acquisition	NT=label free sample;AC=MS:1002038	NT=orbitrap exploris 480;AC=MS:1003028	NT=Carbamidomethyl;AC=UNIMOD:4;TA=C;MT=Fixed	NT=Oxidation;AC=UNIMOD:35;TA=M;MT=Variable	NT=Acetyl;AC=UNIMOD:1;PP=Protein N-term;MT=Variable	NT=Trypsin;AC=MS:1001251	NT=collision-induced dissociation;AC=MS:1000133	10 ppm	27% NCE	high-ph reversed-phase chromatography (hphrp)	dithiothreitol (dtt)	iodoacetamide (iaa)	1	1	HT29_VehicleControl_Replicate01.raw	ftp://ftp.pride.ebi.ac.uk/pride/data/archive/2025/05/PXD061696/HT29_VehicleControl_Replicate01.raw	v1.1.0	NT=ms-proteomics;VV=v1.1.0	NT=clinical-metadata;VV=v1.0.0	NT=oncology-metadata;VV=v1.0.0	NT=dia-acquisition;VV=v1.1.0	manual curation	serum
HT29_VehicleControl_Replicate02	homo sapiens	serum	HT-29 cell	not available	enrichment of phosphorylated protein	2	HT29_VehicleControl_Replicate02	proteomic profiling by mass spectrometry	Data-independent acquisition	NT=label free sample;AC=MS:1002038	NT=orbitrap exploris 480;AC=MS:1003028	NT=Carbamidomethyl;AC=UNIMOD:4;TA=C;MT=Fixed	NT=Oxidation;AC=UNIMOD:35;TA=M;MT=Variable	NT=Acetyl;AC=UNIMOD:1;PP=Protein N-term;MT=Variable	NT=Trypsin;AC=MS:1001251	NT=collision-induced dissociation;AC=MS:1000133	10 ppm	27% NCE	high-ph reversed-phase chromatography (hphrp)	dithiothreitol (dtt)	iodoacetamide (iaa)	1	1	HT29_VehicleControl_Replicate02.raw	ftp://ftp.pride.ebi.ac.uk/pride/data/archive/2025/05/PXD061696/HT29_VehicleControl_Replicate02.raw	v1.1.0	NT=ms-proteomics;VV=v1.1.0	NT=clinical-metadata;VV=v1.0.0	NT=oncology-metadata;VV=v1.0.0	NT=dia-acquisition;VV=v1.1.0	manual curation	serum
HT29_VehicleControl_Replicate03	homo sapiens	serum	HT-29 cell	not available	enrichment of phosphorylated protein	3	HT29_VehicleControl_Replicate03	proteomic profiling by mass spectrometry	Data-independent acquisition	NT=label free sample;AC=MS:1002038	NT=orbitrap exploris 480;AC=MS:1003028	NT=Carbamidomethyl;AC=UNIMOD:4;TA=C;MT=Fixed	NT=Oxidation;AC=UNIMOD:35;TA=M;MT=Variable	NT=Acetyl;AC=UNIMOD:1;PP=Protein N-term;MT=Variable	NT=Trypsin;AC=MS:1001251	NT=collision-induced dissociation;AC=MS:1000133	10 ppm	27% NCE	high-ph reversed-phase chromatography (hphrp)	dithiothreitol (dtt)	iodoacetamide (iaa)	1	1	HT29_VehicleControl_Replicate03.raw	ftp://ftp.pride.ebi.ac.uk/pride/data/archive/2025/05/PXD061696/HT29_VehicleControl_Replicate03.raw	v1.1.0	NT=ms-proteomics;VV=v1.1.0	NT=clinical-metadata;VV=v1.0.0	NT=oncology-metadata;VV=v1.0.0	NT=dia-acquisition;VV=v1.1.0	manual curation	serum
MCF7_Control_Replicate01	homo sapiens	serum	MCF-7 cell	not available	enrichment of phosphorylated protein	1	MCF7_Control_Replicate01	proteomic profiling by mass spectrometry	Data-independent acquisition	NT=label free sample;AC=MS:1002038	NT=orbitrap exploris 480;AC=MS:1003028	NT=Carbamidomethyl;AC=UNIMOD:4;TA=C;MT=Fixed	NT=Oxidation;AC=UNIMOD:35;TA=M;MT=Variable	NT=Acetyl;AC=UNIMOD:1;PP=Protein N-term;MT=Variable	NT=Trypsin;AC=MS:1001251	NT=collision-induced dissociation;AC=MS:1000133	10 ppm	27% NCE	high-ph reversed-phase chromatography (hphrp)	dithiothreitol (dtt)	iodoacetamide (iaa)	1	1	MCF7_Control_Replicate01.raw	ftp://ftp.pride.ebi.ac.uk/pride/data/archive/2025/05/PXD061696/MCF7_Control_Replicate01.raw	v1.1.0	NT=ms-proteomics;VV=v1.1.0	NT=clinical-metadata;VV=v1.0.0	NT=oncology-metadata;VV=v1.0.0	NT=dia-acquisition;VV=v1.1.0	manual curation	serum
MCF7_Control_Replicate02	homo sapiens	serum	MCF-7 cell	not available	enrichment of phosphorylated protein	2	MCF7_Control_Replicate02	proteomic profiling by mass spectrometry	Data-independent acquisition	NT=label free sample;AC=MS:1002038	NT=orbitrap exploris 480;AC=MS:1003028	NT=Carbamidomethyl;AC=UNIMOD:4;TA=C;MT=Fixed	NT=Oxidation;AC=UNIMOD:35;TA=M;MT=Variable	NT=Acetyl;AC=UNIMOD:1;PP=Protein N-term;MT=Variable	NT=Trypsin;AC=MS:1001251	NT=collision-induced dissociation;AC=MS:1000133	10 ppm	27% NCE	high-ph reversed-phase chromatography (hphrp)	dithiothreitol (dtt)	iodoacetamide (iaa)	1	1	MCF7_Control_Replicate02.raw	ftp://ftp.pride.ebi.ac.uk/pride/data/archive/2025/05/PXD061696/MCF7_Control_Replicate02.raw	v1.1.0	NT=ms-proteomics;VV=v1.1.0	NT=clinical-metadata;VV=v1.0.0	NT=oncology-metadata;VV=v1.0.0	NT=dia-acquisition;VV=v1.1.0	manual curation	serum
MCF7_Control_Replicate03	homo sapiens	serum	MCF-7 cell	not available	enrichment of phosphorylated protein	3	MCF7_Control_Replicate03	proteomic profiling by mass spectrometry	Data-independent acquisition	NT=label free sample;AC=MS:1002038	NT=orbitrap exploris 480;AC=MS:1003028	NT=Carbamidomethyl;AC=UNIMOD:4;TA=C;MT=Fixed	NT=Oxidation;AC=UNIMOD:35;TA=M;MT=Variable	NT=Acetyl;AC=UNIMOD:1;PP=Protein N-term;MT=Variable	NT=Trypsin;AC=MS:1001251	NT=collision-induced dissociation;AC=MS:1000133	10 ppm	27% NCE	high-ph reversed-phase chromatography (hphrp)	dithiothreitol (dtt)	iodoacetamide (iaa)	1	1	MCF7_Control_Replicate03.raw	ftp://ftp.pride.ebi.ac.uk/pride/data/archive/2025/05/PXD061696/MCF7_Control_Replicate03.raw	v1.1.0	NT=ms-proteomics;VV=v1.1.0	NT=clinical-metadata;VV=v1.0.0	NT=oncology-metadata;VV=v1.0.0	NT=dia-acquisition;VV=v1.1.0	manual curation	serum
MCF7_Treated_Replicate01	homo sapiens	serum	MCF-7 cell	not available	enrichment of phosphorylated protein	1	MCF7_Treated_Replicate01	proteomic profiling by mass spectrometry	Data-independent acquisition	NT=label free sample;AC=MS:1002038	NT=orbitrap exploris 480;AC=MS:1003028	NT=Carbamidomethyl;AC=UNIMOD:4;TA=C;MT=Fixed	NT=Oxidation;AC=UNIMOD:35;TA=M;MT=Variable	NT=Acetyl;AC=UNIMOD:1;PP=Protein N-term;MT=Variable	NT=Trypsin;AC=MS:1001251	NT=collision-induced dissociation;AC=MS:1000133	10 ppm	27% NCE	high-ph reversed-phase chromatography (hphrp)	dithiothreitol (dtt)	iodoacetamide (iaa)	1	1	MCF7_Treated_Replicate01.raw	ftp://ftp.pride.ebi.ac.uk/pride/data/archive/2025/05/PXD061696/MCF7_Treated_Replicate01.raw	v1.1.0	NT=ms-proteomics;VV=v1.1.0	NT=clinical-metadata;VV=v1.0.0	NT=oncology-metadata;VV=v1.0.0	NT=dia-acquisition;VV=v1.1.0	manual curation	serum
MCF7_Treated_Replicate02	homo sapiens	serum	MCF-7 cell	not available	enrichment of phosphorylated protein	2	MCF7_Treated_Replicate02	proteomic profiling by mass spectrometry	Data-independent acquisition	NT=label free sample;AC=MS:1002038	NT=orbitrap exploris 480;AC=MS:1003028	NT=Carbamidomethyl;AC=UNIMOD:4;TA=C;MT=Fixed	NT=Oxidation;AC=UNIMOD:35;TA=M;MT=Variable	NT=Acetyl;AC=UNIMOD:1;PP=Protein N-term;MT=Variable	NT=Trypsin;AC=MS:1001251	NT=collision-induced dissociation;AC=MS:1000133	10 ppm	27% NCE	high-ph reversed-phase chromatography (hphrp)	dithiothreitol (dtt)	iodoacetamide (iaa)	1	1	MCF7_Treated_Replicate02.raw	ftp://ftp.pride.ebi.ac.uk/pride/data/archive/2025/05/PXD061696/MCF7_Treated_Replicate02.raw	v1.1.0	NT=ms-proteomics;VV=v1.1.0	NT=clinical-metadata;VV=v1.0.0	NT=oncology-metadata;VV=v1.0.0	NT=dia-acquisition;VV=v1.1.0	manual curation	serum
MCF7_Treated_Replicate03	homo sapiens	serum	MCF-7 cell	not available	enrichment of phosphorylated protein	3	MCF7_Treated_Replicate03	proteomic profiling by mass spectrometry	Data-independent acquisition	NT=label free sample;AC=MS:1002038	NT=orbitrap exploris 480;AC=MS:1003028	NT=Carbamidomethyl;AC=UNIMOD:4;TA=C;MT=Fixed	NT=Oxidation;AC=UNIMOD:35;TA=M;MT=Variable	NT=Acetyl;AC=UNIMOD:1;PP=Protein N-term;MT=Variable	NT=Trypsin;AC=MS:1001251	NT=collision-induced dissociation;AC=MS:1000133	10 ppm	27% NCE	high-ph reversed-phase chromatography (hphrp)	dithiothreitol (dtt)	iodoacetamide (iaa)	1	1	MCF7_Treated_Replicate03.raw	ftp://ftp.pride.ebi.ac.uk/pride/data/archive/2025/05/PXD061696/MCF7_Treated_Replicate03.raw	v1.1.0	NT=ms-proteomics;VV=v1.1.0	NT=clinical-metadata;VV=v1.0.0	NT=oncology-metadata;VV=v1.0.0	NT=dia-acquisition;VV=v1.1.0	manual curation	serum
MCF7_VehicleControl_Replicate01	homo sapiens	serum	MCF-7 cell	not available	enrichment of phosphorylated protein	1	MCF7_VehicleControl_Replicate01	proteomic profiling by mass spectrometry	Data-independent acquisition	NT=label free sample;AC=MS:1002038	NT=orbitrap exploris 480;AC=MS:1003028	NT=Carbamidomethyl;AC=UNIMOD:4;TA=C;MT=Fixed	NT=Oxidation;AC=UNIMOD:35;TA=M;MT=Variable	NT=Acetyl;AC=UNIMOD:1;PP=Protein N-term;MT=Variable	NT=Trypsin;AC=MS:1001251	NT=collision-induced dissociation;AC=MS:1000133	10 ppm	27% NCE	high-ph reversed-phase chromatography (hphrp)	dithiothreitol (dtt)	iodoacetamide (iaa)	1	1	MCF7_VehicleControl_Replicate01.raw	ftp://ftp.pride.ebi.ac.uk/pride/data/archive/2025/05/PXD061696/MCF7_VehicleControl_Replicate01.raw	v1.1.0	NT=ms-proteomics;VV=v1.1.0	NT=clinical-metadata;VV=v1.0.0	NT=oncology-metadata;VV=v1.0.0	NT=dia-acquisition;VV=v1.1.0	manual curation	serum
MCF7_VehicleControl_Replicate02	homo sapiens	serum	MCF-7 cell	not available	enrichment of phosphorylated protein	2	MCF7_VehicleControl_Replicate02	proteomic profiling by mass spectrometry	Data-independent acquisition	NT=label free sample;AC=MS:1002038	NT=orbitrap exploris 480;AC=MS:1003028	NT=Carbamidomethyl;AC=UNIMOD:4;TA=C;MT=Fixed	NT=Oxidation;AC=UNIMOD:35;TA=M;MT=Variable	NT=Acetyl;AC=UNIMOD:1;PP=Protein N-term;MT=Variable	NT=Trypsin;AC=MS:1001251	NT=collision-induced dissociation;AC=MS:1000133	10 ppm	27% NCE	high-ph reversed-phase chromatography (hphrp)	dithiothreitol (dtt)	iodoacetamide (iaa)	1	1	MCF7_VehicleControl_Replicate02.raw	ftp://ftp.pride.ebi.ac.uk/pride/data/archive/2025/05/PXD061696/MCF7_VehicleControl_Replicate02.raw	v1.1.0	NT=ms-proteomics;VV=v1.1.0	NT=clinical-metadata;VV=v1.0.0	NT=oncology-metadata;VV=v1.0.0	NT=dia-acquisition;VV=v1.1.0	manual curation	serum
MCF7_VehicleControl_Replicate03	homo sapiens	serum	MCF-7 cell	not available	enrichment of phosphorylated protein	3	MCF7_VehicleControl_Replicate03	proteomic profiling by mass spectrometry	Data-independent acquisition	NT=label free sample;AC=MS:1002038	NT=orbitrap exploris 480;AC=MS:1003028	NT=Carbamidomethyl;AC=UNIMOD:4;TA=C;MT=Fixed	NT=Oxidation;AC=UNIMOD:35;TA=M;MT=Variable	NT=Acetyl;AC=UNIMOD:1;PP=Protein N-term;MT=Variable	NT=Trypsin;AC=MS:1001251	NT=collision-induced dissociation;AC=MS:1000133	10 ppm	27% NCE	high-ph reversed-phase chromatography (hphrp)	dithiothreitol (dtt)	iodoacetamide (iaa)	1	1	MCF7_VehicleControl_Replicate03.raw	ftp://ftp.pride.ebi.ac.uk/pride/data/archive/2025/05/PXD061696/MCF7_VehicleControl_Replicate03.raw	v1.1.0	NT=ms-proteomics;VV=v1.1.0	NT=clinical-metadata;VV=v1.0.0	NT=oncology-metadata;VV=v1.0.0	NT=dia-acquisition;VV=v1.1.0	manual curation	serum
SKBR3_Control_Replicate01	homo sapiens	serum	SK-BR-3 cell	not available	enrichment of phosphorylated protein	1	SKBR3_Control_Replicate01	proteomic profiling by mass spectrometry	Data-independent acquisition	NT=label free sample;AC=MS:1002038	NT=orbitrap exploris 480;AC=MS:1003028	NT=Carbamidomethyl;AC=UNIMOD:4;TA=C;MT=Fixed	NT=Oxidation;AC=UNIMOD:35;TA=M;MT=Variable	NT=Acetyl;AC=UNIMOD:1;PP=Protein N-term;MT=Variable	NT=Trypsin;AC=MS:1001251	NT=collision-induced dissociation;AC=MS:1000133	10 ppm	27% NCE	high-ph reversed-phase chromatography (hphrp)	dithiothreitol (dtt)	iodoacetamide (iaa)	1	1	SKBR3_Control_Replicate01.raw	ftp://ftp.pride.ebi.ac.uk/pride/data/archive/2025/05/PXD061696/SKBR3_Control_Replicate01.raw	v1.1.0	NT=ms-proteomics;VV=v1.1.0	NT=clinical-metadata;VV=v1.0.0	NT=oncology-metadata;VV=v1.0.0	NT=dia-acquisition;VV=v1.1.0	manual curation	serum
SKBR3_Control_Replicate02	homo sapiens	serum	SK-BR-3 cell	not available	enrichment of phosphorylated protein	2	SKBR3_Control_Replicate02	proteomic profiling by mass spectrometry	Data-independent acquisition	NT=label free sample;AC=MS:1002038	NT=orbitrap exploris 480;AC=MS:1003028	NT=Carbamidomethyl;AC=UNIMOD:4;TA=C;MT=Fixed	NT=Oxidation;AC=UNIMOD:35;TA=M;MT=Variable	NT=Acetyl;AC=UNIMOD:1;PP=Protein N-term;MT=Variable	NT=Trypsin;AC=MS:1001251	NT=collision-induced dissociation;AC=MS:1000133	10 ppm	27% NCE	high-ph reversed-phase chromatography (hphrp)	dithiothreitol (dtt)	iodoacetamide (iaa)	1	1	SKBR3_Control_Replicate02.raw	ftp://ftp.pride.ebi.ac.uk/pride/data/archive/2025/05/PXD061696/SKBR3_Control_Replicate02.raw	v1.1.0	NT=ms-proteomics;VV=v1.1.0	NT=clinical-metadata;VV=v1.0.0	NT=oncology-metadata;VV=v1.0.0	NT=dia-acquisition;VV=v1.1.0	manual curation	serum
SKBR3_Control_Replicate03	homo sapiens	serum	SK-BR-3 cell	not available	enrichment of phosphorylated protein	3	SKBR3_Control_Replicate03	proteomic profiling by mass spectrometry	Data-independent acquisition	NT=label free sample;AC=MS:1002038	NT=orbitrap exploris 480;AC=MS:1003028	NT=Carbamidomethyl;AC=UNIMOD:4;TA=C;MT=Fixed	NT=Oxidation;AC=UNIMOD:35;TA=M;MT=Variable	NT=Acetyl;AC=UNIMOD:1;PP=Protein N-term;MT=Variable	NT=Trypsin;AC=MS:1001251	NT=collision-induced dissociation;AC=MS:1000133	10 ppm	27% NCE	high-ph reversed-phase chromatography (hphrp)	dithiothreitol (dtt)	iodoacetamide (iaa)	1	1	SKBR3_Control_Replicate03.raw	ftp://ftp.pride.ebi.ac.uk/pride/data/archive/2025/05/PXD061696/SKBR3_Control_Replicate03.raw	v1.1.0	NT=ms-proteomics;VV=v1.1.0	NT=clinical-metadata;VV=v1.0.0	NT=oncology-metadata;VV=v1.0.0	NT=dia-acquisition;VV=v1.1.0	manual curation	serum
SKBR3_Treated_Replicate01	homo sapiens	serum	SK-BR-3 cell	not available	enrichment of phosphorylated protein	1	SKBR3_Treated_Replicate01	proteomic profiling by mass spectrometry	Data-independent acquisition	NT=label free sample;AC=MS:1002038	NT=orbitrap exploris 480;AC=MS:1003028	NT=Carbamidomethyl;AC=UNIMOD:4;TA=C;MT=Fixed	NT=Oxidation;AC=UNIMOD:35;TA=M;MT=Variable	NT=Acetyl;AC=UNIMOD:1;PP=Protein N-term;MT=Variable	NT=Trypsin;AC=MS:1001251	NT=collision-induced dissociation;AC=MS:1000133	10 ppm	27% NCE	high-ph reversed-phase chromatography (hphrp)	dithiothreitol (dtt)	iodoacetamide (iaa)	1	1	SKBR3_Treated_Replicate01.raw	ftp://ftp.pride.ebi.ac.uk/pride/data/archive/2025/05/PXD061696/SKBR3_Treated_Replicate01.raw	v1.1.0	NT=ms-proteomics;VV=v1.1.0	NT=clinical-metadata;VV=v1.0.0	NT=oncology-metadata;VV=v1.0.0	NT=dia-acquisition;VV=v1.1.0	manual curation	serum
SKBR3_Treated_Replicate02	homo sapiens	serum	SK-BR-3 cell	not available	enrichment of phosphorylated protein	2	SKBR3_Treated_Replicate02	proteomic profiling by mass spectrometry	Data-independent acquisition	NT=label free sample;AC=MS:1002038	NT=orbitrap exploris 480;AC=MS:1003028	NT=Carbamidomethyl;AC=UNIMOD:4;TA=C;MT=Fixed	NT=Oxidation;AC=UNIMOD:35;TA=M;MT=Variable	NT=Acetyl;AC=UNIMOD:1;PP=Protein N-term;MT=Variable	NT=Trypsin;AC=MS:1001251	NT=collision-induced dissociation;AC=MS:1000133	10 ppm	27% NCE	high-ph reversed-phase chromatography (hphrp)	dithiothreitol (dtt)	iodoacetamide (iaa)	1	1	SKBR3_Treated_Replicate02.raw	ftp://ftp.pride.ebi.ac.uk/pride/data/archive/2025/05/PXD061696/SKBR3_Treated_Replicate02.raw	v1.1.0	NT=ms-proteomics;VV=v1.1.0	NT=clinical-metadata;VV=v1.0.0	NT=oncology-metadata;VV=v1.0.0	NT=dia-acquisition;VV=v1.1.0	manual curation	serum
SKBR3_Treated_Replicate03	homo sapiens	serum	SK-BR-3 cell	not available	enrichment of phosphorylated protein	3	SKBR3_Treated_Replicate03	proteomic profiling by mass spectrometry	Data-independent acquisition	NT=label free sample;AC=MS:1002038	NT=orbitrap exploris 480;AC=MS:1003028	NT=Carbamidomethyl;AC=UNIMOD:4;TA=C;MT=Fixed	NT=Oxidation;AC=UNIMOD:35;TA=M;MT=Variable	NT=Acetyl;AC=UNIMOD:1;PP=Protein N-term;MT=Variable	NT=Trypsin;AC=MS:1001251	NT=collision-induced dissociation;AC=MS:1000133	10 ppm	27% NCE	high-ph reversed-phase chromatography (hphrp)	dithiothreitol (dtt)	iodoacetamide (iaa)	1	1	SKBR3_Treated_Replicate03.raw	ftp://ftp.pride.ebi.ac.uk/pride/data/archive/2025/05/PXD061696/SKBR3_Treated_Replicate03.raw	v1.1.0	NT=ms-proteomics;VV=v1.1.0	NT=clinical-metadata;VV=v1.0.0	NT=oncology-metadata;VV=v1.0.0	NT=dia-acquisition;VV=v1.1.0	manual curation	serum
SKBR3_VehicleControl_Replicate01	homo sapiens	serum	SK-BR-3 cell	not available	enrichment of phosphorylated protein	1	SKBR3_VehicleControl_Replicate01	proteomic profiling by mass spectrometry	Data-independent acquisition	NT=label free sample;AC=MS:1002038	NT=orbitrap exploris 480;AC=MS:1003028	NT=Carbamidomethyl;AC=UNIMOD:4;TA=C;MT=Fixed	NT=Oxidation;AC=UNIMOD:35;TA=M;MT=Variable	NT=Acetyl;AC=UNIMOD:1;PP=Protein N-term;MT=Variable	NT=Trypsin;AC=MS:1001251	NT=collision-induced dissociation;AC=MS:1000133	10 ppm	27% NCE	high-ph reversed-phase chromatography (hphrp)	dithiothreitol (dtt)	iodoacetamide (iaa)	1	1	SKBR3_VehicleControl_Replicate01.raw	ftp://ftp.pride.ebi.ac.uk/pride/data/archive/2025/05/PXD061696/SKBR3_VehicleControl_Replicate01.raw	v1.1.0	NT=ms-proteomics;VV=v1.1.0	NT=clinical-metadata;VV=v1.0.0	NT=oncology-metadata;VV=v1.0.0	NT=dia-acquisition;VV=v1.1.0	manual curation	serum
SKBR3_VehicleControl_Replicate02	homo sapiens	serum	SK-BR-3 cell	not available	enrichment of phosphorylated protein	2	SKBR3_VehicleControl_Replicate02	proteomic profiling by mass spectrometry	Data-independent acquisition	NT=label free sample;AC=MS:1002038	NT=orbitrap exploris 480;AC=MS:1003028	NT=Carbamidomethyl;AC=UNIMOD:4;TA=C;MT=Fixed	NT=Oxidation;AC=UNIMOD:35;TA=M;MT=Variable	NT=Acetyl;AC=UNIMOD:1;PP=Protein N-term;MT=Variable	NT=Trypsin;AC=MS:1001251	NT=collision-induced dissociation;AC=MS:1000133	10 ppm	27% NCE	high-ph reversed-phase chromatography (hphrp)	dithiothreitol (dtt)	iodoacetamide (iaa)	1	1	SKBR3_VehicleControl_Replicate02.raw	ftp://ftp.pride.ebi.ac.uk/pride/data/archive/2025/05/PXD061696/SKBR3_VehicleControl_Replicate02.raw	v1.1.0	NT=ms-proteomics;VV=v1.1.0	NT=clinical-metadata;VV=v1.0.0	NT=oncology-metadata;VV=v1.0.0	NT=dia-acquisition;VV=v1.1.0	manual curation	serum
SKBR3_VehicleControl_Replicate03	homo sapiens	serum	SK-BR-3 cell	not available	enrichment of phosphorylated protein	3	SKBR3_VehicleControl_Replicate03	proteomic profiling by mass spectrometry	Data-independent acquisition	NT=label free sample;AC=MS:1002038	NT=orbitrap exploris 480;AC=MS:1003028	NT=Carbamidomethyl;AC=UNIMOD:4;TA=C;MT=Fixed	NT=Oxidation;AC=UNIMOD:35;TA=M;MT=Variable	NT=Acetyl;AC=UNIMOD:1;PP=Protein N-term;MT=Variable	NT=Trypsin;AC=MS:1001251	NT=collision-induced dissociation;AC=MS:1000133	10 ppm	27% NCE	high-ph reversed-phase chromatography (hphrp)	dithiothreitol (dtt)	iodoacetamide (iaa)	1	1	SKBR3_VehicleControl_Replicate03.raw	ftp://ftp.pride.ebi.ac.uk/pride/data/archive/2025/05/PXD061696/SKBR3_VehicleControl_Replicate03.raw	v1.1.0	NT=ms-proteomics;VV=v1.1.0	NT=clinical-metadata;VV=v1.0.0	NT=oncology-metadata;VV=v1.0.0	NT=dia-acquisition;VV=v1.1.0	manual curation	serum
SW480_Control_Replicate01	homo sapiens	serum	SW480 cell	not available	enrichment of phosphorylated protein	1	SW480_Control_Replicate01	proteomic profiling by mass spectrometry	Data-independent acquisition	NT=label free sample;AC=MS:1002038	NT=orbitrap exploris 480;AC=MS:1003028	NT=Carbamidomethyl;AC=UNIMOD:4;TA=C;MT=Fixed	NT=Oxidation;AC=UNIMOD:35;TA=M;MT=Variable	NT=Acetyl;AC=UNIMOD:1;PP=Protein N-term;MT=Variable	NT=Trypsin;AC=MS:1001251	NT=collision-induced dissociation;AC=MS:1000133	10 ppm	27% NCE	high-ph reversed-phase chromatography (hphrp)	dithiothreitol (dtt)	iodoacetamide (iaa)	1	1	SW480_Control_Replicate01.raw	ftp://ftp.pride.ebi.ac.uk/pride/data/archive/2025/05/PXD061696/SW480_Control_Replicate01.raw	v1.1.0	NT=ms-proteomics;VV=v1.1.0	NT=clinical-metadata;VV=v1.0.0	NT=oncology-metadata;VV=v1.0.0	NT=dia-acquisition;VV=v1.1.0	manual curation	serum
SW480_Control_Replicate02	homo sapiens	serum	SW480 cell	not available	enrichment of phosphorylated protein	2	SW480_Control_Replicate02	proteomic profiling by mass spectrometry	Data-independent acquisition	NT=label free sample;AC=MS:1002038	NT=orbitrap exploris 480;AC=MS:1003028	NT=Carbamidomethyl;AC=UNIMOD:4;TA=C;MT=Fixed	NT=Oxidation;AC=UNIMOD:35;TA=M;MT=Variable	NT=Acetyl;AC=UNIMOD:1;PP=Protein N-term;MT=Variable	NT=Trypsin;AC=MS:1001251	NT=collision-induced dissociation;AC=MS:1000133	10 ppm	27% NCE	high-ph reversed-phase chromatography (hphrp)	dithiothreitol (dtt)	iodoacetamide (iaa)	1	1	SW480_Control_Replicate02.raw	ftp://ftp.pride.ebi.ac.uk/pride/data/archive/2025/05/PXD061696/SW480_Control_Replicate02.raw	v1.1.0	NT=ms-proteomics;VV=v1.1.0	NT=clinical-metadata;VV=v1.0.0	NT=oncology-metadata;VV=v1.0.0	NT=dia-acquisition;VV=v1.1.0	manual curation	serum
SW480_Control_Replicate03	homo sapiens	serum	SW480 cell	not available	enrichment of phosphorylated protein	3	SW480_Control_Replicate03	proteomic profiling by mass spectrometry	Data-independent acquisition	NT=label free sample;AC=MS:1002038	NT=orbitrap exploris 480;AC=MS:1003028	NT=Carbamidomethyl;AC=UNIMOD:4;TA=C;MT=Fixed	NT=Oxidation;AC=UNIMOD:35;TA=M;MT=Variable	NT=Acetyl;AC=UNIMOD:1;PP=Protein N-term;MT=Variable	NT=Trypsin;AC=MS:1001251	NT=collision-induced dissociation;AC=MS:1000133	10 ppm	27% NCE	high-ph reversed-phase chromatography (hphrp)	dithiothreitol (dtt)	iodoacetamide (iaa)	1	1	SW480_Control_Replicate03.raw	ftp://ftp.pride.ebi.ac.uk/pride/data/archive/2025/05/PXD061696/SW480_Control_Replicate03.raw	v1.1.0	NT=ms-proteomics;VV=v1.1.0	NT=clinical-metadata;VV=v1.0.0	NT=oncology-metadata;VV=v1.0.0	NT=dia-acquisition;VV=v1.1.0	manual curation	serum
SW480_Treated_Replicate01	homo sapiens	serum	SW480 cell	not available	enrichment of phosphorylated protein	1	SW480_Treated_Replicate01	proteomic profiling by mass spectrometry	Data-independent acquisition	NT=label free sample;AC=MS:1002038	NT=orbitrap exploris 480;AC=MS:1003028	NT=Carbamidomethyl;AC=UNIMOD:4;TA=C;MT=Fixed	NT=Oxidation;AC=UNIMOD:35;TA=M;MT=Variable	NT=Acetyl;AC=UNIMOD:1;PP=Protein N-term;MT=Variable	NT=Trypsin;AC=MS:1001251	NT=collision-induced dissociation;AC=MS:1000133	10 ppm	27% NCE	high-ph reversed-phase chromatography (hphrp)	dithiothreitol (dtt)	iodoacetamide (iaa)	1	1	SW480_Treated_Replicate01.raw	ftp://ftp.pride.ebi.ac.uk/pride/data/archive/2025/05/PXD061696/SW480_Treated_Replicate01.raw	v1.1.0	NT=ms-proteomics;VV=v1.1.0	NT=clinical-metadata;VV=v1.0.0	NT=oncology-metadata;VV=v1.0.0	NT=dia-acquisition;VV=v1.1.0	manual curation	serum
SW480_Treated_Replicate02	homo sapiens	serum	SW480 cell	not available	enrichment of phosphorylated protein	2	SW480_Treated_Replicate02	proteomic profiling by mass spectrometry	Data-independent acquisition	NT=label free sample;AC=MS:1002038	NT=orbitrap exploris 480;AC=MS:1003028	NT=Carbamidomethyl;AC=UNIMOD:4;TA=C;MT=Fixed	NT=Oxidation;AC=UNIMOD:35;TA=M;MT=Variable	NT=Acetyl;AC=UNIMOD:1;PP=Protein N-term;MT=Variable	NT=Trypsin;AC=MS:1001251	NT=collision-induced dissociation;AC=MS:1000133	10 ppm	27% NCE	high-ph reversed-phase chromatography (hphrp)	dithiothreitol (dtt)	iodoacetamide (iaa)	1	1	SW480_Treated_Replicate02.raw	ftp://ftp.pride.ebi.ac.uk/pride/data/archive/2025/05/PXD061696/SW480_Treated_Replicate02.raw	v1.1.0	NT=ms-proteomics;VV=v1.1.0	NT=clinical-metadata;VV=v1.0.0	NT=oncology-metadata;VV=v1.0.0	NT=dia-acquisition;VV=v1.1.0	manual curation	serum
SW480_Treated_Replicate03	homo sapiens	serum	SW480 cell	not available	enrichment of phosphorylated protein	3	SW480_Treated_Replicate03	proteomic profiling by mass spectrometry	Data-independent acquisition	NT=label free sample;AC=MS:1002038	NT=orbitrap exploris 480;AC=MS:1003028	NT=Carbamidomethyl;AC=UNIMOD:4;TA=C;MT=Fixed	NT=Oxidation;AC=UNIMOD:35;TA=M;MT=Variable	NT=Acetyl;AC=UNIMOD:1;PP=Protein N-term;MT=Variable	NT=Trypsin;AC=MS:1001251	NT=collision-induced dissociation;AC=MS:1000133	10 ppm	27% NCE	high-ph reversed-phase chromatography (hphrp)	dithiothreitol (dtt)	iodoacetamide (iaa)	1	1	SW480_Treated_Replicate03.raw	ftp://ftp.pride.ebi.ac.uk/pride/data/archive/2025/05/PXD061696/SW480_Treated_Replicate03.raw	v1.1.0	NT=ms-proteomics;VV=v1.1.0	NT=clinical-metadata;VV=v1.0.0	NT=oncology-metadata;VV=v1.0.0	NT=dia-acquisition;VV=v1.1.0	manual curation	serum
SW480_VehicleControl_Replicate01	homo sapiens	serum	SW480 cell	not available	enrichment of phosphorylated protein	1	SW480_VehicleControl_Replicate01	proteomic profiling by mass spectrometry	Data-independent acquisition	NT=label free sample;AC=MS:1002038	NT=orbitrap exploris 480;AC=MS:1003028	NT=Carbamidomethyl;AC=UNIMOD:4;TA=C;MT=Fixed	NT=Oxidation;AC=UNIMOD:35;TA=M;MT=Variable	NT=Acetyl;AC=UNIMOD:1;PP=Protein N-term;MT=Variable	NT=Trypsin;AC=MS:1001251	NT=collision-induced dissociation;AC=MS:1000133	10 ppm	27% NCE	high-ph reversed-phase chromatography (hphrp)	dithiothreitol (dtt)	iodoacetamide (iaa)	1	1	SW480_VehicleControl_Replicate01.raw	ftp://ftp.pride.ebi.ac.uk/pride/data/archive/2025/05/PXD061696/SW480_VehicleControl_Replicate01.raw	v1.1.0	NT=ms-proteomics;VV=v1.1.0	NT=clinical-metadata;VV=v1.0.0	NT=oncology-metadata;VV=v1.0.0	NT=dia-acquisition;VV=v1.1.0	manual curation	serum
SW480_VehicleControl_Replicate02	homo sapiens	serum	SW480 cell	not available	enrichment of phosphorylated protein	2	SW480_VehicleControl_Replicate02	proteomic profiling by mass spectrometry	Data-independent acquisition	NT=label free sample;AC=MS:1002038	NT=orbitrap exploris 480;AC=MS:1003028	NT=Carbamidomethyl;AC=UNIMOD:4;TA=C;MT=Fixed	NT=Oxidation;AC=UNIMOD:35;TA=M;MT=Variable	NT=Acetyl;AC=UNIMOD:1;PP=Protein N-term;MT=Variable	NT=Trypsin;AC=MS:1001251	NT=collision-induced dissociation;AC=MS:1000133	10 ppm	27% NCE	high-ph reversed-phase chromatography (hphrp)	dithiothreitol (dtt)	iodoacetamide (iaa)	1	1	SW480_VehicleControl_Replicate02.raw	ftp://ftp.pride.ebi.ac.uk/pride/data/archive/2025/05/PXD061696/SW480_VehicleControl_Replicate02.raw	v1.1.0	NT=ms-proteomics;VV=v1.1.0	NT=clinical-metadata;VV=v1.0.0	NT=oncology-metadata;VV=v1.0.0	NT=dia-acquisition;VV=v1.1.0	manual curation	serum
SW480_VehicleControl_Replicate03	homo sapiens	serum	SW480 cell	not available	enrichment of phosphorylated protein	3	SW480_VehicleControl_Replicate03	proteomic profiling by mass spectrometry	Data-independent acquisition	NT=label free sample;AC=MS:1002038	NT=orbitrap exploris 480;AC=MS:1003028	NT=Carbamidomethyl;AC=UNIMOD:4;TA=C;MT=Fixed	NT=Oxidation;AC=UNIMOD:35;TA=M;MT=Variable	NT=Acetyl;AC=UNIMOD:1;PP=Protein N-term;MT=Variable	NT=Trypsin;AC=MS:1001251	NT=collision-induced dissociation;AC=MS:1000133	10 ppm	27% NCE	high-ph reversed-phase chromatography (hphrp)	dithiothreitol (dtt)	iodoacetamide (iaa)	1	1	SW480_VehicleControl_Replicate03.raw	ftp://ftp.pride.ebi.ac.uk/pride/data/archive/2025/05/PXD061696/SW480_VehicleControl_Replicate03.raw	v1.1.0	NT=ms-proteomics;VV=v1.1.0	NT=clinical-metadata;VV=v1.0.0	NT=oncology-metadata;VV=v1.0.0	NT=dia-acquisition;VV=v1.1.0	manual curation	serum
TissueExperiment	homo sapiens	serum	not applicable	not available	enrichment of phosphorylated protein	1	TissueExperiment_Fraction01	proteomic profiling by mass spectrometry	Data-independent acquisition	NT=label free sample;AC=MS:1002038	NT=orbitrap exploris 480;AC=MS:1003028	NT=Carbamidomethyl;AC=UNIMOD:4;TA=C;MT=Fixed	NT=Oxidation;AC=UNIMOD:35;TA=M;MT=Variable	NT=Acetyl;AC=UNIMOD:1;PP=Protein N-term;MT=Variable	NT=Trypsin;AC=MS:1001251	NT=collision-induced dissociation;AC=MS:1000133	10 ppm	27% NCE	high-ph reversed-phase chromatography (hphrp)	dithiothreitol (dtt)	iodoacetamide (iaa)	1	1	TissueExperiment_Fraction01.raw	ftp://ftp.pride.ebi.ac.uk/pride/data/archive/2025/05/PXD061696/TissueExperiment_Fraction01.raw	v1.1.0	NT=ms-proteomics;VV=v1.1.0	NT=clinical-metadata;VV=v1.0.0	NT=oncology-metadata;VV=v1.0.0	NT=dia-acquisition;VV=v1.1.0	manual curation	serum
TissueExperiment	homo sapiens	serum	not applicable	not available	enrichment of phosphorylated protein	1	TissueExperiment_Fraction02	proteomic profiling by mass spectrometry	Data-independent acquisition	NT=label free sample;AC=MS:1002038	NT=orbitrap exploris 480;AC=MS:1003028	NT=Carbamidomethyl;AC=UNIMOD:4;TA=C;MT=Fixed	NT=Oxidation;AC=UNIMOD:35;TA=M;MT=Variable	NT=Acetyl;AC=UNIMOD:1;PP=Protein N-term;MT=Variable	NT=Trypsin;AC=MS:1001251	NT=collision-induced dissociation;AC=MS:1000133	10 ppm	27% NCE	high-ph reversed-phase chromatography (hphrp)	dithiothreitol (dtt)	iodoacetamide (iaa)	2	1	TissueExperiment_Fraction02.raw	ftp://ftp.pride.ebi.ac.uk/pride/data/archive/2025/05/PXD061696/TissueExperiment_Fraction02.raw	v1.1.0	NT=ms-proteomics;VV=v1.1.0	NT=clinical-metadata;VV=v1.0.0	NT=oncology-metadata;VV=v1.0.0	NT=dia-acquisition;VV=v1.1.0	manual curation	serum
TissueExperiment	homo sapiens	serum	not applicable	not available	enrichment of phosphorylated protein	1	TissueExperiment_Fraction03	proteomic profiling by mass spectrometry	Data-independent acquisition	NT=label free sample;AC=MS:1002038	NT=orbitrap exploris 480;AC=MS:1003028	NT=Carbamidomethyl;AC=UNIMOD:4;TA=C;MT=Fixed	NT=Oxidation;AC=UNIMOD:35;TA=M;MT=Variable	NT=Acetyl;AC=UNIMOD:1;PP=Protein N-term;MT=Variable	NT=Trypsin;AC=MS:1001251	NT=collision-induced dissociation;AC=MS:1000133	10 ppm	27% NCE	high-ph reversed-phase chromatography (hphrp)	dithiothreitol (dtt)	iodoacetamide (iaa)	3	1	TissueExperiment_Fraction03.raw	ftp://ftp.pride.ebi.ac.uk/pride/data/archive/2025/05/PXD061696/TissueExperiment_Fraction03.raw	v1.1.0	NT=ms-proteomics;VV=v1.1.0	NT=clinical-metadata;VV=v1.0.0	NT=oncology-metadata;VV=v1.0.0	NT=dia-acquisition;VV=v1.1.0	manual curation	serum
TissueExperiment	homo sapiens	serum	not applicable	not available	enrichment of phosphorylated protein	1	TissueExperiment_Fraction04	proteomic profiling by mass spectrometry	Data-independent acquisition	NT=label free sample;AC=MS:1002038	NT=orbitrap exploris 480;AC=MS:1003028	NT=Carbamidomethyl;AC=UNIMOD:4;TA=C;MT=Fixed	NT=Oxidation;AC=UNIMOD:35;TA=M;MT=Variable	NT=Acetyl;AC=UNIMOD:1;PP=Protein N-term;MT=Variable	NT=Trypsin;AC=MS:1001251	NT=collision-induced dissociation;AC=MS:1000133	10 ppm	27% NCE	high-ph reversed-phase chromatography (hphrp)	dithiothreitol (dtt)	iodoacetamide (iaa)	4	1	TissueExperiment_Fraction04.raw	ftp://ftp.pride.ebi.ac.uk/pride/data/archive/2025/05/PXD061696/TissueExperiment_Fraction04.raw	v1.1.0	NT=ms-proteomics;VV=v1.1.0	NT=clinical-metadata;VV=v1.0.0	NT=oncology-metadata;VV=v1.0.0	NT=dia-acquisition;VV=v1.1.0	manual curation	serum
TissueExperiment	homo sapiens	serum	not applicable	not available	enrichment of phosphorylated protein	1	TissueExperiment_Fraction05	proteomic profiling by mass spectrometry	Data-independent acquisition	NT=label free sample;AC=MS:1002038	NT=orbitrap exploris 480;AC=MS:1003028	NT=Carbamidomethyl;AC=UNIMOD:4;TA=C;MT=Fixed	NT=Oxidation;AC=UNIMOD:35;TA=M;MT=Variable	NT=Acetyl;AC=UNIMOD:1;PP=Protein N-term;MT=Variable	NT=Trypsin;AC=MS:1001251	NT=collision-induced dissociation;AC=MS:1000133	10 ppm	27% NCE	high-ph reversed-phase chromatography (hphrp)	dithiothreitol (dtt)	iodoacetamide (iaa)	5	1	TissueExperiment_Fraction05.raw	ftp://ftp.pride.ebi.ac.uk/pride/data/archive/2025/05/PXD061696/TissueExperiment_Fraction05.raw	v1.1.0	NT=ms-proteomics;VV=v1.1.0	NT=clinical-metadata;VV=v1.0.0	NT=oncology-metadata;VV=v1.0.0	NT=dia-acquisition;VV=v1.1.0	manual curation	serum
TissueExperiment	homo sapiens	serum	not applicable	not available	enrichment of phosphorylated protein	1	TissueExperiment_Fraction06	proteomic profiling by mass spectrometry	Data-independent acquisition	NT=label free sample;AC=MS:1002038	NT=orbitrap exploris 480;AC=MS:1003028	NT=Carbamidomethyl;AC=UNIMOD:4;TA=C;MT=Fixed	NT=Oxidation;AC=UNIMOD:35;TA=M;MT=Variable	NT=Acetyl;AC=UNIMOD:1;PP=Protein N-term;MT=Variable	NT=Trypsin;AC=MS:1001251	NT=collision-induced dissociation;AC=MS:1000133	10 ppm	27% NCE	high-ph reversed-phase chromatography (hphrp)	dithiothreitol (dtt)	iodoacetamide (iaa)	6	1	TissueExperiment_Fraction06.raw	ftp://ftp.pride.ebi.ac.uk/pride/data/archive/2025/05/PXD061696/TissueExperiment_Fraction06.raw	v1.1.0	NT=ms-proteomics;VV=v1.1.0	NT=clinical-metadata;VV=v1.0.0	NT=oncology-metadata;VV=v1.0.0	NT=dia-acquisition;VV=v1.1.0	manual curation	serum
TissueExperiment	homo sapiens	serum	not applicable	not available	enrichment of phosphorylated protein	1	TissueExperiment_Fraction07	proteomic profiling by mass spectrometry	Data-independent acquisition	NT=label free sample;AC=MS:1002038	NT=orbitrap exploris 480;AC=MS:1003028	NT=Carbamidomethyl;AC=UNIMOD:4;TA=C;MT=Fixed	NT=Oxidation;AC=UNIMOD:35;TA=M;MT=Variable	NT=Acetyl;AC=UNIMOD:1;PP=Protein N-term;MT=Variable	NT=Trypsin;AC=MS:1001251	NT=collision-induced dissociation;AC=MS:1000133	10 ppm	27% NCE	high-ph reversed-phase chromatography (hphrp)	dithiothreitol (dtt)	iodoacetamide (iaa)	7	1	TissueExperiment_Fraction07.raw	ftp://ftp.pride.ebi.ac.uk/pride/data/archive/2025/05/PXD061696/TissueExperiment_Fraction07.raw	v1.1.0	NT=ms-proteomics;VV=v1.1.0	NT=clinical-metadata;VV=v1.0.0	NT=oncology-metadata;VV=v1.0.0	NT=dia-acquisition;VV=v1.1.0	manual curation	serum
TissueExperiment	homo sapiens	serum	not applicable	not available	enrichment of phosphorylated protein	1	TissueExperiment_Fraction08	proteomic profiling by mass spectrometry	Data-independent acquisition	NT=label free sample;AC=MS:1002038	NT=orbitrap exploris 480;AC=MS:1003028	NT=Carbamidomethyl;AC=UNIMOD:4;TA=C;MT=Fixed	NT=Oxidation;AC=UNIMOD:35;TA=M;MT=Variable	NT=Acetyl;AC=UNIMOD:1;PP=Protein N-term;MT=Variable	NT=Trypsin;AC=MS:1001251	NT=collision-induced dissociation;AC=MS:1000133	10 ppm	27% NCE	high-ph reversed-phase chromatography (hphrp)	dithiothreitol (dtt)	iodoacetamide (iaa)	8	1	TissueExperiment_Fraction08.raw	ftp://ftp.pride.ebi.ac.uk/pride/data/archive/2025/05/PXD061696/TissueExperiment_Fraction08.raw	v1.1.0	NT=ms-proteomics;VV=v1.1.0	NT=clinical-metadata;VV=v1.0.0	NT=oncology-metadata;VV=v1.0.0	NT=dia-acquisition;VV=v1.1.0	manual curation	serum
TissueExperiment	homo sapiens	serum	not applicable	not available	enrichment of phosphorylated protein	1	TissueExperiment_Fraction09	proteomic profiling by mass spectrometry	Data-independent acquisition	NT=label free sample;AC=MS:1002038	NT=orbitrap exploris 480;AC=MS:1003028	NT=Carbamidomethyl;AC=UNIMOD:4;TA=C;MT=Fixed	NT=Oxidation;AC=UNIMOD:35;TA=M;MT=Variable	NT=Acetyl;AC=UNIMOD:1;PP=Protein N-term;MT=Variable	NT=Trypsin;AC=MS:1001251	NT=collision-induced dissociation;AC=MS:1000133	10 ppm	27% NCE	high-ph reversed-phase chromatography (hphrp)	dithiothreitol (dtt)	iodoacetamide (iaa)	9	1	TissueExperiment_Fraction09.raw	ftp://ftp.pride.ebi.ac.uk/pride/data/archive/2025/05/PXD061696/TissueExperiment_Fraction09.raw	v1.1.0	NT=ms-proteomics;VV=v1.1.0	NT=clinical-metadata;VV=v1.0.0	NT=oncology-metadata;VV=v1.0.0	NT=dia-acquisition;VV=v1.1.0	manual curation	serum
TissueExperiment	homo sapiens	serum	not applicable	not available	enrichment of phosphorylated protein	1	TissueExperiment_Fraction10	proteomic profiling by mass spectrometry	Data-independent acquisition	NT=label free sample;AC=MS:1002038	NT=orbitrap exploris 480;AC=MS:1003028	NT=Carbamidomethyl;AC=UNIMOD:4;TA=C;MT=Fixed	NT=Oxidation;AC=UNIMOD:35;TA=M;MT=Variable	NT=Acetyl;AC=UNIMOD:1;PP=Protein N-term;MT=Variable	NT=Trypsin;AC=MS:1001251	NT=collision-induced dissociation;AC=MS:1000133	10 ppm	27% NCE	high-ph reversed-phase chromatography (hphrp)	dithiothreitol (dtt)	iodoacetamide (iaa)	10	1	TissueExperiment_Fraction10.raw	ftp://ftp.pride.ebi.ac.uk/pride/data/archive/2025/05/PXD061696/TissueExperiment_Fraction10.raw	v1.1.0	NT=ms-proteomics;VV=v1.1.0	NT=clinical-metadata;VV=v1.0.0	NT=oncology-metadata;VV=v1.0.0	NT=dia-acquisition;VV=v1.1.0	manual curation	serum
TissueExperiment	homo sapiens	serum	not applicable	not available	enrichment of phosphorylated protein	1	TissueExperiment_Fraction11	proteomic profiling by mass spectrometry	Data-independent acquisition	NT=label free sample;AC=MS:1002038	NT=orbitrap exploris 480;AC=MS:1003028	NT=Carbamidomethyl;AC=UNIMOD:4;TA=C;MT=Fixed	NT=Oxidation;AC=UNIMOD:35;TA=M;MT=Variable	NT=Acetyl;AC=UNIMOD:1;PP=Protein N-term;MT=Variable	NT=Trypsin;AC=MS:1001251	NT=collision-induced dissociation;AC=MS:1000133	10 ppm	27% NCE	high-ph reversed-phase chromatography (hphrp)	dithiothreitol (dtt)	iodoacetamide (iaa)	11	1	TissueExperiment_Fraction11.raw	ftp://ftp.pride.ebi.ac.uk/pride/data/archive/2025/05/PXD061696/TissueExperiment_Fraction11.raw	v1.1.0	NT=ms-proteomics;VV=v1.1.0	NT=clinical-metadata;VV=v1.0.0	NT=oncology-metadata;VV=v1.0.0	NT=dia-acquisition;VV=v1.1.0	manual curation	serum
TissueExperiment	homo sapiens	serum	not applicable	not available	enrichment of phosphorylated protein	1	TissueExperiment_Fraction12	proteomic profiling by mass spectrometry	Data-independent acquisition	NT=label free sample;AC=MS:1002038	NT=orbitrap exploris 480;AC=MS:1003028	NT=Carbamidomethyl;AC=UNIMOD:4;TA=C;MT=Fixed	NT=Oxidation;AC=UNIMOD:35;TA=M;MT=Variable	NT=Acetyl;AC=UNIMOD:1;PP=Protein N-term;MT=Variable	NT=Trypsin;AC=MS:1001251	NT=collision-induced dissociation;AC=MS:1000133	10 ppm	27% NCE	high-ph reversed-phase chromatography (hphrp)	dithiothreitol (dtt)	iodoacetamide (iaa)	12	1	TissueExperiment_Fraction12.raw	ftp://ftp.pride.ebi.ac.uk/pride/data/archive/2025/05/PXD061696/TissueExperiment_Fraction12.raw	v1.1.0	NT=ms-proteomics;VV=v1.1.0	NT=clinical-metadata;VV=v1.0.0	NT=oncology-metadata;VV=v1.0.0	NT=dia-acquisition;VV=v1.1.0	manual curation	serum
TissueExperiment	homo sapiens	serum	not applicable	not available	enrichment of phosphorylated protein	1	TissueExperiment_Fraction13	proteomic profiling by mass spectrometry	Data-independent acquisition	NT=label free sample;AC=MS:1002038	NT=orbitrap exploris 480;AC=MS:1003028	NT=Carbamidomethyl;AC=UNIMOD:4;TA=C;MT=Fixed	NT=Oxidation;AC=UNIMOD:35;TA=M;MT=Variable	NT=Acetyl;AC=UNIMOD:1;PP=Protein N-term;MT=Variable	NT=Trypsin;AC=MS:1001251	NT=collision-induced dissociation;AC=MS:1000133	10 ppm	27% NCE	high-ph reversed-phase chromatography (hphrp)	dithiothreitol (dtt)	iodoacetamide (iaa)	13	1	TissueExperiment_Fraction13.raw	ftp://ftp.pride.ebi.ac.uk/pride/data/archive/2025/05/PXD061696/TissueExperiment_Fraction13.raw	v1.1.0	NT=ms-proteomics;VV=v1.1.0	NT=clinical-metadata;VV=v1.0.0	NT=oncology-metadata;VV=v1.0.0	NT=dia-acquisition;VV=v1.1.0	manual curation	serum
TissueExperiment	homo sapiens	serum	not applicable	not available	enrichment of phosphorylated protein	1	TissueExperiment_Fraction14	proteomic profiling by mass spectrometry	Data-independent acquisition	NT=label free sample;AC=MS:1002038	NT=orbitrap exploris 480;AC=MS:1003028	NT=Carbamidomethyl;AC=UNIMOD:4;TA=C;MT=Fixed	NT=Oxidation;AC=UNIMOD:35;TA=M;MT=Variable	NT=Acetyl;AC=UNIMOD:1;PP=Protein N-term;MT=Variable	NT=Trypsin;AC=MS:1001251	NT=collision-induced dissociation;AC=MS:1000133	10 ppm	27% NCE	high-ph reversed-phase chromatography (hphrp)	dithiothreitol (dtt)	iodoacetamide (iaa)	14	1	TissueExperiment_Fraction14.raw	ftp://ftp.pride.ebi.ac.uk/pride/data/archive/2025/05/PXD061696/TissueExperiment_Fraction14.raw	v1.1.0	NT=ms-proteomics;VV=v1.1.0	NT=clinical-metadata;VV=v1.0.0	NT=oncology-metadata;VV=v1.0.0	NT=dia-acquisition;VV=v1.1.0	manual curation	serum
TissueExperiment	homo sapiens	serum	not applicable	not available	enrichment of phosphorylated protein	1	TissueExperiment_Fraction15	proteomic profiling by mass spectrometry	Data-independent acquisition	NT=label free sample;AC=MS:1002038	NT=orbitrap exploris 480;AC=MS:1003028	NT=Carbamidomethyl;AC=UNIMOD:4;TA=C;MT=Fixed	NT=Oxidation;AC=UNIMOD:35;TA=M;MT=Variable	NT=Acetyl;AC=UNIMOD:1;PP=Protein N-term;MT=Variable	NT=Trypsin;AC=MS:1001251	NT=collision-induced dissociation;AC=MS:1000133	10 ppm	27% NCE	high-ph reversed-phase chromatography (hphrp)	dithiothreitol (dtt)	iodoacetamide (iaa)	15	1	TissueExperiment_Fraction15.raw	ftp://ftp.pride.ebi.ac.uk/pride/data/archive/2025/05/PXD061696/TissueExperiment_Fraction15.raw	v1.1.0	NT=ms-proteomics;VV=v1.1.0	NT=clinical-metadata;VV=v1.0.0	NT=oncology-metadata;VV=v1.0.0	NT=dia-acquisition;VV=v1.1.0	manual curation	serum
TissueExperiment	homo sapiens	serum	not applicable	not available	enrichment of phosphorylated protein	1	TissueExperiment_Fraction16	proteomic profiling by mass spectrometry	Data-independent acquisition	NT=label free sample;AC=MS:1002038	NT=orbitrap exploris 480;AC=MS:1003028	NT=Carbamidomethyl;AC=UNIMOD:4;TA=C;MT=Fixed	NT=Oxidation;AC=UNIMOD:35;TA=M;MT=Variable	NT=Acetyl;AC=UNIMOD:1;PP=Protein N-term;MT=Variable	NT=Trypsin;AC=MS:1001251	NT=collision-induced dissociation;AC=MS:1000133	10 ppm	27% NCE	high-ph reversed-phase chromatography (hphrp)	dithiothreitol (dtt)	iodoacetamide (iaa)	16	1	TissueExperiment_Fraction16.raw	ftp://ftp.pride.ebi.ac.uk/pride/data/archive/2025/05/PXD061696/TissueExperiment_Fraction16.raw	v1.1.0	NT=ms-proteomics;VV=v1.1.0	NT=clinical-metadata;VV=v1.0.0	NT=oncology-metadata;VV=v1.0.0	NT=dia-acquisition;VV=v1.1.0	manual curation	serum
TissueExperiment	homo sapiens	serum	not applicable	not available	enrichment of phosphorylated protein	1	TissueExperiment_Fraction17	proteomic profiling by mass spectrometry	Data-independent acquisition	NT=label free sample;AC=MS:1002038	NT=orbitrap exploris 480;AC=MS:1003028	NT=Carbamidomethyl;AC=UNIMOD:4;TA=C;MT=Fixed	NT=Oxidation;AC=UNIMOD:35;TA=M;MT=Variable	NT=Acetyl;AC=UNIMOD:1;PP=Protein N-term;MT=Variable	NT=Trypsin;AC=MS:1001251	NT=collision-induced dissociation;AC=MS:1000133	10 ppm	27% NCE	high-ph reversed-phase chromatography (hphrp)	dithiothreitol (dtt)	iodoacetamide (iaa)	17	1	TissueExperiment_Fraction17.raw	ftp://ftp.pride.ebi.ac.uk/pride/data/archive/2025/05/PXD061696/TissueExperiment_Fraction17.raw	v1.1.0	NT=ms-proteomics;VV=v1.1.0	NT=clinical-metadata;VV=v1.0.0	NT=oncology-metadata;VV=v1.0.0	NT=dia-acquisition;VV=v1.1.0	manual curation	serum
TissueExperiment	homo sapiens	serum	not applicable	not available	enrichment of phosphorylated protein	1	TissueExperiment_Fraction18	proteomic profiling by mass spectrometry	Data-independent acquisition	NT=label free sample;AC=MS:1002038	NT=orbitrap exploris 480;AC=MS:1003028	NT=Carbamidomethyl;AC=UNIMOD:4;TA=C;MT=Fixed	NT=Oxidation;AC=UNIMOD:35;TA=M;MT=Variable	NT=Acetyl;AC=UNIMOD:1;PP=Protein N-term;MT=Variable	NT=Trypsin;AC=MS:1001251	NT=collision-induced dissociation;AC=MS:1000133	10 ppm	27% NCE	high-ph reversed-phase chromatography (hphrp)	dithiothreitol (dtt)	iodoacetamide (iaa)	18	1	TissueExperiment_Fraction18.raw	ftp://ftp.pride.ebi.ac.uk/pride/data/archive/2025/05/PXD061696/TissueExperiment_Fraction18.raw	v1.1.0	NT=ms-proteomics;VV=v1.1.0	NT=clinical-metadata;VV=v1.0.0	NT=oncology-metadata;VV=v1.0.0	NT=dia-acquisition;VV=v1.1.0	manual curation	serum
TissueExperiment	homo sapiens	serum	not applicable	not available	enrichment of phosphorylated protein	1	TissueExperiment_Fraction19	proteomic profiling by mass spectrometry	Data-independent acquisition	NT=label free sample;AC=MS:1002038	NT=orbitrap exploris 480;AC=MS:1003028	NT=Carbamidomethyl;AC=UNIMOD:4;TA=C;MT=Fixed	NT=Oxidation;AC=UNIMOD:35;TA=M;MT=Variable	NT=Acetyl;AC=UNIMOD:1;PP=Protein N-term;MT=Variable	NT=Trypsin;AC=MS:1001251	NT=collision-induced dissociation;AC=MS:1000133	10 ppm	27% NCE	high-ph reversed-phase chromatography (hphrp)	dithiothreitol (dtt)	iodoacetamide (iaa)	19	1	TissueExperiment_Fraction19.raw	ftp://ftp.pride.ebi.ac.uk/pride/data/archive/2025/05/PXD061696/TissueExperiment_Fraction19.raw	v1.1.0	NT=ms-proteomics;VV=v1.1.0	NT=clinical-metadata;VV=v1.0.0	NT=oncology-metadata;VV=v1.0.0	NT=dia-acquisition;VV=v1.1.0	manual curation	serum
TissueExperiment	homo sapiens	serum	not applicable	not available	enrichment of phosphorylated protein	1	TissueExperiment_Fraction20	proteomic profiling by mass spectrometry	Data-independent acquisition	NT=label free sample;AC=MS:1002038	NT=orbitrap exploris 480;AC=MS:1003028	NT=Carbamidomethyl;AC=UNIMOD:4;TA=C;MT=Fixed	NT=Oxidation;AC=UNIMOD:35;TA=M;MT=Variable	NT=Acetyl;AC=UNIMOD:1;PP=Protein N-term;MT=Variable	NT=Trypsin;AC=MS:1001251	NT=collision-induced dissociation;AC=MS:1000133	10 ppm	27% NCE	high-ph reversed-phase chromatography (hphrp)	dithiothreitol (dtt)	iodoacetamide (iaa)	20	1	TissueExperiment_Fraction20.raw	ftp://ftp.pride.ebi.ac.uk/pride/data/archive/2025/05/PXD061696/TissueExperiment_Fraction20.raw	v1.1.0	NT=ms-proteomics;VV=v1.1.0	NT=clinical-metadata;VV=v1.0.0	NT=oncology-metadata;VV=v1.0.0	NT=dia-acquisition;VV=v1.1.0	manual curation	serum
TissueExperiments_RecombinantProteins_Group01	homo sapiens	serum	not applicable	not available	enrichment of phosphorylated protein	1	TissueExperiments_RecombinantProteins_Group01	proteomic profiling by mass spectrometry	Data-independent acquisition	NT=label free sample;AC=MS:1002038	NT=orbitrap exploris 480;AC=MS:1003028	NT=Carbamidomethyl;AC=UNIMOD:4;TA=C;MT=Fixed	NT=Oxidation;AC=UNIMOD:35;TA=M;MT=Variable	NT=Acetyl;AC=UNIMOD:1;PP=Protein N-term;MT=Variable	NT=Trypsin;AC=MS:1001251	NT=collision-induced dissociation;AC=MS:1000133	10 ppm	27% NCE	high-ph reversed-phase chromatography (hphrp)	dithiothreitol (dtt)	iodoacetamide (iaa)	1	1	TissueExperiments_RecombinantProteins_Group01.raw	ftp://ftp.pride.ebi.ac.uk/pride/data/archive/2025/05/PXD061696/TissueExperiments_RecombinantProteins_Group01.raw	v1.1.0	NT=ms-proteomics;VV=v1.1.0	NT=clinical-metadata;VV=v1.0.0	NT=oncology-metadata;VV=v1.0.0	NT=dia-acquisition;VV=v1.1.0	manual curation	serum
TissueExperiments_RecombinantProteins_Group02	homo sapiens	serum	not applicable	not available	enrichment of phosphorylated protein	1	TissueExperiments_RecombinantProteins_Group02	proteomic profiling by mass spectrometry	Data-independent acquisition	NT=label free sample;AC=MS:1002038	NT=orbitrap exploris 480;AC=MS:1003028	NT=Carbamidomethyl;AC=UNIMOD:4;TA=C;MT=Fixed	NT=Oxidation;AC=UNIMOD:35;TA=M;MT=Variable	NT=Acetyl;AC=UNIMOD:1;PP=Protein N-term;MT=Variable	NT=Trypsin;AC=MS:1001251	NT=collision-induced dissociation;AC=MS:1000133	10 ppm	27% NCE	high-ph reversed-phase chromatography (hphrp)	dithiothreitol (dtt)	iodoacetamide (iaa)	1	1	TissueExperiments_RecombinantProteins_Group02.raw	ftp://ftp.pride.ebi.ac.uk/pride/data/archive/2025/05/PXD061696/TissueExperiments_RecombinantProteins_Group02.raw	v1.1.0	NT=ms-proteomics;VV=v1.1.0	NT=clinical-metadata;VV=v1.0.0	NT=oncology-metadata;VV=v1.0.0	NT=dia-acquisition;VV=v1.1.0	manual curation	serum
TissueExperiments_RecombinantProteins_Group03	homo sapiens	serum	not applicable	not available	enrichment of phosphorylated protein	1	TissueExperiments_RecombinantProteins_Group03	proteomic profiling by mass spectrometry	Data-independent acquisition	NT=label free sample;AC=MS:1002038	NT=orbitrap exploris 480;AC=MS:1003028	NT=Carbamidomethyl;AC=UNIMOD:4;TA=C;MT=Fixed	NT=Oxidation;AC=UNIMOD:35;TA=M;MT=Variable	NT=Acetyl;AC=UNIMOD:1;PP=Protein N-term;MT=Variable	NT=Trypsin;AC=MS:1001251	NT=collision-induced dissociation;AC=MS:1000133	10 ppm	27% NCE	high-ph reversed-phase chromatography (hphrp)	dithiothreitol (dtt)	iodoacetamide (iaa)	1	1	TissueExperiments_RecombinantProteins_Group03.raw	ftp://ftp.pride.ebi.ac.uk/pride/data/archive/2025/05/PXD061696/TissueExperiments_RecombinantProteins_Group03.raw	v1.1.0	NT=ms-proteomics;VV=v1.1.0	NT=clinical-metadata;VV=v1.0.0	NT=oncology-metadata;VV=v1.0.0	NT=dia-acquisition;VV=v1.1.0	manual curation	serum
