source name	characteristics[organism]	characteristics[organism part]	characteristics[age]	characteristics[developmental stage]	characteristics[cell line]	characteristics[cell type]	characteristics[sex]	characteristics[ancestry category]	characteristics[disease]	characteristics[biological replicate]	material type	characteristics[strain or breed]	assay name	technology type	comment[sdrf version]	comment[sdrf template]	comment[proteomics data acquisition method]	comment[data file]	comment[file uri]	comment[technical replicate]	comment[fraction identifier]	comment[label]	comment[instrument]	comment[modification parameters]	comment[modification parameters]	comment[cleavage agent details]	comment[dissociation method]	comment[precursor mass tolerance]	comment[fragment mass tolerance]	factor value[organism]
PXD044423-Sample-1	Streptococcus pyogenes nz131	not applicable	not available	not available	not applicable	not applicable	not applicable	not applicable	not applicable	1	organism part	not available	run 1	proteomic profiling by mass spectrometry	v1.1.0	NT=ms-proteomics;VV=v1.1.0	NT=HDMSE;AC=PRIDE:0000452	10092021_Spy_Phos_Fru3d_DDA_01.raw.zip	ftp://ftp.pride.ebi.ac.uk/pride/data/archive/2024/05/PXD044423/10092021_Spy_Phos_Fru3d_DDA_01.raw.zip	1	1	NT=label free sample;AC=MS:1002038	NT=Synapt ms;AC=MS:1001782	NT=Oxidation;MT=Variable;TA=M;AC=UNIMOD:35	NT=Carbamidomethyl;TA=C;MT=Fixed;AC=UNIMOD:4	AC=MS:1001251;NT=Trypsin	AC=MS:1000133;NT=collision-induced dissociation	not available	not available	NT=Streptococcus pyogenes nz131;AC=NCBITaxon:471876
PXD044423-Sample-1	Streptococcus pyogenes nz131	not applicable	not available	not available	not applicable	not applicable	not applicable	not applicable	not applicable	1	organism part	not available	run 2	proteomic profiling by mass spectrometry	v1.1.0	NT=ms-proteomics;VV=v1.1.0	NT=HDMSE;AC=PRIDE:0000452	02092021_Spy_THY_stat_3d_HDMSe_02.raw.zip	ftp://ftp.pride.ebi.ac.uk/pride/data/archive/2024/05/PXD044423/02092021_Spy_THY_stat_3d_HDMSe_02.raw.zip	2	1	NT=label free sample;AC=MS:1002038	NT=Synapt ms;AC=MS:1001782	NT=Oxidation;MT=Variable;TA=M;AC=UNIMOD:35	NT=Carbamidomethyl;TA=C;MT=Fixed;AC=UNIMOD:4	AC=MS:1001251;NT=Trypsin	AC=MS:1000133;NT=collision-induced dissociation	not available	not available	NT=Streptococcus pyogenes nz131;AC=NCBITaxon:471876
PXD044423-Sample-1	Streptococcus pyogenes nz131	not applicable	not available	not available	not applicable	not applicable	not applicable	not applicable	not applicable	1	organism part	not available	run 3	proteomic profiling by mass spectrometry	v1.1.0	NT=ms-proteomics;VV=v1.1.0	NT=HDMSE;AC=PRIDE:0000452	20082021_Spy_Phos_THY08_HDMSe_03.raw.zip	ftp://ftp.pride.ebi.ac.uk/pride/data/archive/2024/05/PXD044423/20082021_Spy_Phos_THY08_HDMSe_03.raw.zip	3	1	NT=label free sample;AC=MS:1002038	NT=Synapt ms;AC=MS:1001782	NT=Oxidation;MT=Variable;TA=M;AC=UNIMOD:35	NT=Carbamidomethyl;TA=C;MT=Fixed;AC=UNIMOD:4	AC=MS:1001251;NT=Trypsin	AC=MS:1000133;NT=collision-induced dissociation	not available	not available	NT=Streptococcus pyogenes nz131;AC=NCBITaxon:471876
PXD044423-Sample-1	Streptococcus pyogenes nz131	not applicable	not available	not available	not applicable	not applicable	not applicable	not applicable	not applicable	1	organism part	not available	run 4	proteomic profiling by mass spectrometry	v1.1.0	NT=ms-proteomics;VV=v1.1.0	NT=HDMSE;AC=PRIDE:0000452	28042021_Spy_Mix_MagReSyn_DDA_03.raw.zip	ftp://ftp.pride.ebi.ac.uk/pride/data/archive/2024/05/PXD044423/28042021_Spy_Mix_MagReSyn_DDA_03.raw.zip	4	1	NT=label free sample;AC=MS:1002038	NT=Synapt ms;AC=MS:1001782	NT=Oxidation;MT=Variable;TA=M;AC=UNIMOD:35	NT=Carbamidomethyl;TA=C;MT=Fixed;AC=UNIMOD:4	AC=MS:1001251;NT=Trypsin	AC=MS:1000133;NT=collision-induced dissociation	not available	not available	NT=Streptococcus pyogenes nz131;AC=NCBITaxon:471876
PXD044423-Sample-1	Streptococcus pyogenes nz131	not applicable	not available	not available	not applicable	not applicable	not applicable	not applicable	not applicable	1	organism part	not available	run 5	proteomic profiling by mass spectrometry	v1.1.0	NT=ms-proteomics;VV=v1.1.0	NT=HDMSE;AC=PRIDE:0000452	10092021_Spy_Phos_Fru20h_DDA_01.raw.zip	ftp://ftp.pride.ebi.ac.uk/pride/data/archive/2024/05/PXD044423/10092021_Spy_Phos_Fru20h_DDA_01.raw.zip	5	1	NT=label free sample;AC=MS:1002038	NT=Synapt ms;AC=MS:1001782	NT=Oxidation;MT=Variable;TA=M;AC=UNIMOD:35	NT=Carbamidomethyl;TA=C;MT=Fixed;AC=UNIMOD:4	AC=MS:1001251;NT=Trypsin	AC=MS:1000133;NT=collision-induced dissociation	not available	not available	NT=Streptococcus pyogenes nz131;AC=NCBITaxon:471876
PXD044423-Sample-1	Streptococcus pyogenes nz131	not applicable	not available	not available	not applicable	not applicable	not applicable	not applicable	not applicable	1	organism part	not available	run 6	proteomic profiling by mass spectrometry	v1.1.0	NT=ms-proteomics;VV=v1.1.0	NT=HDMSE;AC=PRIDE:0000452	21042021_Spy_Phos_3_THYexpo_HDMSe_01.raw.zip	ftp://ftp.pride.ebi.ac.uk/pride/data/archive/2024/05/PXD044423/21042021_Spy_Phos_3_THYexpo_HDMSe_01.raw.zip	6	1	NT=label free sample;AC=MS:1002038	NT=Synapt ms;AC=MS:1001782	NT=Oxidation;MT=Variable;TA=M;AC=UNIMOD:35	NT=Carbamidomethyl;TA=C;MT=Fixed;AC=UNIMOD:4	AC=MS:1001251;NT=Trypsin	AC=MS:1000133;NT=collision-induced dissociation	not available	not available	NT=Streptococcus pyogenes nz131;AC=NCBITaxon:471876
PXD044423-Sample-1	Streptococcus pyogenes nz131	not applicable	not available	not available	not applicable	not applicable	not applicable	not applicable	not applicable	1	organism part	not available	run 7	proteomic profiling by mass spectrometry	v1.1.0	NT=ms-proteomics;VV=v1.1.0	NT=HDMSE;AC=PRIDE:0000452	10092021_Spy_Phos_THY3d_DDA_01.raw.zip	ftp://ftp.pride.ebi.ac.uk/pride/data/archive/2024/05/PXD044423/10092021_Spy_Phos_THY3d_DDA_01.raw.zip	7	1	NT=label free sample;AC=MS:1002038	NT=Synapt ms;AC=MS:1001782	NT=Oxidation;MT=Variable;TA=M;AC=UNIMOD:35	NT=Carbamidomethyl;TA=C;MT=Fixed;AC=UNIMOD:4	AC=MS:1001251;NT=Trypsin	AC=MS:1000133;NT=collision-induced dissociation	not available	not available	NT=Streptococcus pyogenes nz131;AC=NCBITaxon:471876
PXD044423-Sample-1	Streptococcus pyogenes nz131	not applicable	not available	not available	not applicable	not applicable	not applicable	not applicable	not applicable	1	organism part	not available	run 8	proteomic profiling by mass spectrometry	v1.1.0	NT=ms-proteomics;VV=v1.1.0	NT=HDMSE;AC=PRIDE:0000452	02092021_Spy_THY08_HDMSe_02.raw.zip	ftp://ftp.pride.ebi.ac.uk/pride/data/archive/2024/05/PXD044423/02092021_Spy_THY08_HDMSe_02.raw.zip	8	1	NT=label free sample;AC=MS:1002038	NT=Synapt ms;AC=MS:1001782	NT=Oxidation;MT=Variable;TA=M;AC=UNIMOD:35	NT=Carbamidomethyl;TA=C;MT=Fixed;AC=UNIMOD:4	AC=MS:1001251;NT=Trypsin	AC=MS:1000133;NT=collision-induced dissociation	not available	not available	NT=Streptococcus pyogenes nz131;AC=NCBITaxon:471876
PXD044423-Sample-1	Streptococcus pyogenes nz131	not applicable	not available	not available	not applicable	not applicable	not applicable	not applicable	not applicable	1	organism part	not available	run 9	proteomic profiling by mass spectrometry	v1.1.0	NT=ms-proteomics;VV=v1.1.0	NT=HDMSE;AC=PRIDE:0000452	10092021_Spy_Phos_Fru3d_HDMSe_02.raw.zip	ftp://ftp.pride.ebi.ac.uk/pride/data/archive/2024/05/PXD044423/10092021_Spy_Phos_Fru3d_HDMSe_02.raw.zip	9	1	NT=label free sample;AC=MS:1002038	NT=Synapt ms;AC=MS:1001782	NT=Oxidation;MT=Variable;TA=M;AC=UNIMOD:35	NT=Carbamidomethyl;TA=C;MT=Fixed;AC=UNIMOD:4	AC=MS:1001251;NT=Trypsin	AC=MS:1000133;NT=collision-induced dissociation	not available	not available	NT=Streptococcus pyogenes nz131;AC=NCBITaxon:471876
PXD044423-Sample-1	Streptococcus pyogenes nz131	not applicable	not available	not available	not applicable	not applicable	not applicable	not applicable	not applicable	1	organism part	not available	run 10	proteomic profiling by mass spectrometry	v1.1.0	NT=ms-proteomics;VV=v1.1.0	NT=HDMSE;AC=PRIDE:0000452	05032021_Spy_2_THY15_HDMSe_02.raw.zip	ftp://ftp.pride.ebi.ac.uk/pride/data/archive/2024/05/PXD044423/05032021_Spy_2_THY15_HDMSe_02.raw.zip	10	1	NT=label free sample;AC=MS:1002038	NT=Synapt ms;AC=MS:1001782	NT=Oxidation;MT=Variable;TA=M;AC=UNIMOD:35	NT=Carbamidomethyl;TA=C;MT=Fixed;AC=UNIMOD:4	AC=MS:1001251;NT=Trypsin	AC=MS:1000133;NT=collision-induced dissociation	not available	not available	NT=Streptococcus pyogenes nz131;AC=NCBITaxon:471876
PXD044423-Sample-1	Streptococcus pyogenes nz131	not applicable	not available	not available	not applicable	not applicable	not applicable	not applicable	not applicable	1	organism part	not available	run 11	proteomic profiling by mass spectrometry	v1.1.0	NT=ms-proteomics;VV=v1.1.0	NT=HDMSE;AC=PRIDE:0000452	20082021_Spy_Phos_post_stat_10min_DDA_02.raw.zip	ftp://ftp.pride.ebi.ac.uk/pride/data/archive/2024/05/PXD044423/20082021_Spy_Phos_post_stat_10min_DDA_02.raw.zip	11	1	NT=label free sample;AC=MS:1002038	NT=Synapt ms;AC=MS:1001782	NT=Oxidation;MT=Variable;TA=M;AC=UNIMOD:35	NT=Carbamidomethyl;TA=C;MT=Fixed;AC=UNIMOD:4	AC=MS:1001251;NT=Trypsin	AC=MS:1000133;NT=collision-induced dissociation	not available	not available	NT=Streptococcus pyogenes nz131;AC=NCBITaxon:471876
PXD044423-Sample-1	Streptococcus pyogenes nz131	not applicable	not available	not available	not applicable	not applicable	not applicable	not applicable	not applicable	1	organism part	not available	run 12	proteomic profiling by mass spectrometry	v1.1.0	NT=ms-proteomics;VV=v1.1.0	NT=HDMSE;AC=PRIDE:0000452	20082021_Spy_Phos_THY08_DDA_01.raw.zip	ftp://ftp.pride.ebi.ac.uk/pride/data/archive/2024/05/PXD044423/20082021_Spy_Phos_THY08_DDA_01.raw.zip	12	1	NT=label free sample;AC=MS:1002038	NT=Synapt ms;AC=MS:1001782	NT=Oxidation;MT=Variable;TA=M;AC=UNIMOD:35	NT=Carbamidomethyl;TA=C;MT=Fixed;AC=UNIMOD:4	AC=MS:1001251;NT=Trypsin	AC=MS:1000133;NT=collision-induced dissociation	not available	not available	NT=Streptococcus pyogenes nz131;AC=NCBITaxon:471876
PXD044423-Sample-1	Streptococcus pyogenes nz131	not applicable	not available	not available	not applicable	not applicable	not applicable	not applicable	not applicable	1	organism part	not available	run 13	proteomic profiling by mass spectrometry	v1.1.0	NT=ms-proteomics;VV=v1.1.0	NT=HDMSE;AC=PRIDE:0000452	10092021_Spy_Phos_Fru3d_HDMSe_01.raw.zip	ftp://ftp.pride.ebi.ac.uk/pride/data/archive/2024/05/PXD044423/10092021_Spy_Phos_Fru3d_HDMSe_01.raw.zip	13	1	NT=label free sample;AC=MS:1002038	NT=Synapt ms;AC=MS:1001782	NT=Oxidation;MT=Variable;TA=M;AC=UNIMOD:35	NT=Carbamidomethyl;TA=C;MT=Fixed;AC=UNIMOD:4	AC=MS:1001251;NT=Trypsin	AC=MS:1000133;NT=collision-induced dissociation	not available	not available	NT=Streptococcus pyogenes nz131;AC=NCBITaxon:471876
PXD044423-Sample-1	Streptococcus pyogenes nz131	not applicable	not available	not available	not applicable	not applicable	not applicable	not applicable	not applicable	1	organism part	not available	run 14	proteomic profiling by mass spectrometry	v1.1.0	NT=ms-proteomics;VV=v1.1.0	NT=HDMSE;AC=PRIDE:0000452	18092021_Spy_CDM20h_HDMSe_01.raw.zip	ftp://ftp.pride.ebi.ac.uk/pride/data/archive/2024/05/PXD044423/18092021_Spy_CDM20h_HDMSe_01.raw.zip	14	1	NT=label free sample;AC=MS:1002038	NT=Synapt ms;AC=MS:1001782	NT=Oxidation;MT=Variable;TA=M;AC=UNIMOD:35	NT=Carbamidomethyl;TA=C;MT=Fixed;AC=UNIMOD:4	AC=MS:1001251;NT=Trypsin	AC=MS:1000133;NT=collision-induced dissociation	not available	not available	NT=Streptococcus pyogenes nz131;AC=NCBITaxon:471876
PXD044423-Sample-1	Streptococcus pyogenes nz131	not applicable	not available	not available	not applicable	not applicable	not applicable	not applicable	not applicable	1	organism part	not available	run 15	proteomic profiling by mass spectrometry	v1.1.0	NT=ms-proteomics;VV=v1.1.0	NT=HDMSE;AC=PRIDE:0000452	16092021_Spy_Phos_Fruexpo_DDA_01.raw.zip	ftp://ftp.pride.ebi.ac.uk/pride/data/archive/2024/05/PXD044423/16092021_Spy_Phos_Fruexpo_DDA_01.raw.zip	15	1	NT=label free sample;AC=MS:1002038	NT=Synapt ms;AC=MS:1001782	NT=Oxidation;MT=Variable;TA=M;AC=UNIMOD:35	NT=Carbamidomethyl;TA=C;MT=Fixed;AC=UNIMOD:4	AC=MS:1001251;NT=Trypsin	AC=MS:1000133;NT=collision-induced dissociation	not available	not available	NT=Streptococcus pyogenes nz131;AC=NCBITaxon:471876
PXD044423-Sample-1	Streptococcus pyogenes nz131	not applicable	not available	not available	not applicable	not applicable	not applicable	not applicable	not applicable	1	organism part	not available	run 16	proteomic profiling by mass spectrometry	v1.1.0	NT=ms-proteomics;VV=v1.1.0	NT=HDMSE;AC=PRIDE:0000452	18092021_Spy_Fruexpo_HDMSe_01.raw.zip	ftp://ftp.pride.ebi.ac.uk/pride/data/archive/2024/05/PXD044423/18092021_Spy_Fruexpo_HDMSe_01.raw.zip	16	1	NT=label free sample;AC=MS:1002038	NT=Synapt ms;AC=MS:1001782	NT=Oxidation;MT=Variable;TA=M;AC=UNIMOD:35	NT=Carbamidomethyl;TA=C;MT=Fixed;AC=UNIMOD:4	AC=MS:1001251;NT=Trypsin	AC=MS:1000133;NT=collision-induced dissociation	not available	not available	NT=Streptococcus pyogenes nz131;AC=NCBITaxon:471876
PXD044423-Sample-1	Streptococcus pyogenes nz131	not applicable	not available	not available	not applicable	not applicable	not applicable	not applicable	not applicable	1	organism part	not available	run 17	proteomic profiling by mass spectrometry	v1.1.0	NT=ms-proteomics;VV=v1.1.0	NT=HDMSE;AC=PRIDE:0000452	21042021_Spy_Phos_5_Fru15_HDMSe_02.raw.zip	ftp://ftp.pride.ebi.ac.uk/pride/data/archive/2024/05/PXD044423/21042021_Spy_Phos_5_Fru15_HDMSe_02.raw.zip	17	1	NT=label free sample;AC=MS:1002038	NT=Synapt ms;AC=MS:1001782	NT=Oxidation;MT=Variable;TA=M;AC=UNIMOD:35	NT=Carbamidomethyl;TA=C;MT=Fixed;AC=UNIMOD:4	AC=MS:1001251;NT=Trypsin	AC=MS:1000133;NT=collision-induced dissociation	not available	not available	NT=Streptococcus pyogenes nz131;AC=NCBITaxon:471876
PXD044423-Sample-1	Streptococcus pyogenes nz131	not applicable	not available	not available	not applicable	not applicable	not applicable	not applicable	not applicable	1	organism part	not available	run 18	proteomic profiling by mass spectrometry	v1.1.0	NT=ms-proteomics;VV=v1.1.0	NT=HDMSE;AC=PRIDE:0000452	21042021_Spy_Phos_10_CDMstat_HDMSe_03.raw.zip	ftp://ftp.pride.ebi.ac.uk/pride/data/archive/2024/05/PXD044423/21042021_Spy_Phos_10_CDMstat_HDMSe_03.raw.zip	18	1	NT=label free sample;AC=MS:1002038	NT=Synapt ms;AC=MS:1001782	NT=Oxidation;MT=Variable;TA=M;AC=UNIMOD:35	NT=Carbamidomethyl;TA=C;MT=Fixed;AC=UNIMOD:4	AC=MS:1001251;NT=Trypsin	AC=MS:1000133;NT=collision-induced dissociation	not available	not available	NT=Streptococcus pyogenes nz131;AC=NCBITaxon:471876
PXD044423-Sample-1	Streptococcus pyogenes nz131	not applicable	not available	not available	not applicable	not applicable	not applicable	not applicable	not applicable	1	organism part	not available	run 19	proteomic profiling by mass spectrometry	v1.1.0	NT=ms-proteomics;VV=v1.1.0	NT=HDMSE;AC=PRIDE:0000452	10092021_Spy_Phos_THY08_DDA_01.raw.zip	ftp://ftp.pride.ebi.ac.uk/pride/data/archive/2024/05/PXD044423/10092021_Spy_Phos_THY08_DDA_01.raw.zip	19	1	NT=label free sample;AC=MS:1002038	NT=Synapt ms;AC=MS:1001782	NT=Oxidation;MT=Variable;TA=M;AC=UNIMOD:35	NT=Carbamidomethyl;TA=C;MT=Fixed;AC=UNIMOD:4	AC=MS:1001251;NT=Trypsin	AC=MS:1000133;NT=collision-induced dissociation	not available	not available	NT=Streptococcus pyogenes nz131;AC=NCBITaxon:471876
PXD044423-Sample-1	Streptococcus pyogenes nz131	not applicable	not available	not available	not applicable	not applicable	not applicable	not applicable	not applicable	1	organism part	not available	run 20	proteomic profiling by mass spectrometry	v1.1.0	NT=ms-proteomics;VV=v1.1.0	NT=HDMSE;AC=PRIDE:0000452	18092021_Spy_CDM20h_HDMSe_02.raw.zip	ftp://ftp.pride.ebi.ac.uk/pride/data/archive/2024/05/PXD044423/18092021_Spy_CDM20h_HDMSe_02.raw.zip	20	1	NT=label free sample;AC=MS:1002038	NT=Synapt ms;AC=MS:1001782	NT=Oxidation;MT=Variable;TA=M;AC=UNIMOD:35	NT=Carbamidomethyl;TA=C;MT=Fixed;AC=UNIMOD:4	AC=MS:1001251;NT=Trypsin	AC=MS:1000133;NT=collision-induced dissociation	not available	not available	NT=Streptococcus pyogenes nz131;AC=NCBITaxon:471876
PXD044423-Sample-1	Streptococcus pyogenes nz131	not applicable	not available	not available	not applicable	not applicable	not applicable	not applicable	not applicable	1	organism part	not available	run 21	proteomic profiling by mass spectrometry	v1.1.0	NT=ms-proteomics;VV=v1.1.0	NT=HDMSE;AC=PRIDE:0000452	21042021_Spy_Phos_9_CDMexpo_HDMSe_02.raw.zip	ftp://ftp.pride.ebi.ac.uk/pride/data/archive/2024/05/PXD044423/21042021_Spy_Phos_9_CDMexpo_HDMSe_02.raw.zip	21	1	NT=label free sample;AC=MS:1002038	NT=Synapt ms;AC=MS:1001782	NT=Oxidation;MT=Variable;TA=M;AC=UNIMOD:35	NT=Carbamidomethyl;TA=C;MT=Fixed;AC=UNIMOD:4	AC=MS:1001251;NT=Trypsin	AC=MS:1000133;NT=collision-induced dissociation	not available	not available	NT=Streptococcus pyogenes nz131;AC=NCBITaxon:471876
PXD044423-Sample-1	Streptococcus pyogenes nz131	not applicable	not available	not available	not applicable	not applicable	not applicable	not applicable	not applicable	1	organism part	not available	run 22	proteomic profiling by mass spectrometry	v1.1.0	NT=ms-proteomics;VV=v1.1.0	NT=HDMSE;AC=PRIDE:0000452	02092021_Spy_THY_stat_3d_HDMSe_03.raw.zip	ftp://ftp.pride.ebi.ac.uk/pride/data/archive/2024/05/PXD044423/02092021_Spy_THY_stat_3d_HDMSe_03.raw.zip	22	1	NT=label free sample;AC=MS:1002038	NT=Synapt ms;AC=MS:1001782	NT=Oxidation;MT=Variable;TA=M;AC=UNIMOD:35	NT=Carbamidomethyl;TA=C;MT=Fixed;AC=UNIMOD:4	AC=MS:1001251;NT=Trypsin	AC=MS:1000133;NT=collision-induced dissociation	not available	not available	NT=Streptococcus pyogenes nz131;AC=NCBITaxon:471876
PXD044423-Sample-1	Streptococcus pyogenes nz131	not applicable	not available	not available	not applicable	not applicable	not applicable	not applicable	not applicable	1	organism part	not available	run 23	proteomic profiling by mass spectrometry	v1.1.0	NT=ms-proteomics;VV=v1.1.0	NT=HDMSE;AC=PRIDE:0000452	02092021_Spy_post_stat_20min_HDMSe_02.raw.zip	ftp://ftp.pride.ebi.ac.uk/pride/data/archive/2024/05/PXD044423/02092021_Spy_post_stat_20min_HDMSe_02.raw.zip	23	1	NT=label free sample;AC=MS:1002038	NT=Synapt ms;AC=MS:1001782	NT=Oxidation;MT=Variable;TA=M;AC=UNIMOD:35	NT=Carbamidomethyl;TA=C;MT=Fixed;AC=UNIMOD:4	AC=MS:1001251;NT=Trypsin	AC=MS:1000133;NT=collision-induced dissociation	not available	not available	NT=Streptococcus pyogenes nz131;AC=NCBITaxon:471876
PXD044423-Sample-1	Streptococcus pyogenes nz131	not applicable	not available	not available	not applicable	not applicable	not applicable	not applicable	not applicable	1	organism part	not available	run 24	proteomic profiling by mass spectrometry	v1.1.0	NT=ms-proteomics;VV=v1.1.0	NT=HDMSE;AC=PRIDE:0000452	18092021_Spy_THY3d_HDMSe_01.raw.zip	ftp://ftp.pride.ebi.ac.uk/pride/data/archive/2024/05/PXD044423/18092021_Spy_THY3d_HDMSe_01.raw.zip	24	1	NT=label free sample;AC=MS:1002038	NT=Synapt ms;AC=MS:1001782	NT=Oxidation;MT=Variable;TA=M;AC=UNIMOD:35	NT=Carbamidomethyl;TA=C;MT=Fixed;AC=UNIMOD:4	AC=MS:1001251;NT=Trypsin	AC=MS:1000133;NT=collision-induced dissociation	not available	not available	NT=Streptococcus pyogenes nz131;AC=NCBITaxon:471876
PXD044423-Sample-1	Streptococcus pyogenes nz131	not applicable	not available	not available	not applicable	not applicable	not applicable	not applicable	not applicable	1	organism part	not available	run 25	proteomic profiling by mass spectrometry	v1.1.0	NT=ms-proteomics;VV=v1.1.0	NT=HDMSE;AC=PRIDE:0000452	21042021_Spy_Phos_2_THY15_DDA_01.raw.zip	ftp://ftp.pride.ebi.ac.uk/pride/data/archive/2024/05/PXD044423/21042021_Spy_Phos_2_THY15_DDA_01.raw.zip	25	1	NT=label free sample;AC=MS:1002038	NT=Synapt ms;AC=MS:1001782	NT=Oxidation;MT=Variable;TA=M;AC=UNIMOD:35	NT=Carbamidomethyl;TA=C;MT=Fixed;AC=UNIMOD:4	AC=MS:1001251;NT=Trypsin	AC=MS:1000133;NT=collision-induced dissociation	not available	not available	NT=Streptococcus pyogenes nz131;AC=NCBITaxon:471876
PXD044423-Sample-1	Streptococcus pyogenes nz131	not applicable	not available	not available	not applicable	not applicable	not applicable	not applicable	not applicable	1	organism part	not available	run 26	proteomic profiling by mass spectrometry	v1.1.0	NT=ms-proteomics;VV=v1.1.0	NT=HDMSE;AC=PRIDE:0000452	18092021_Spy_CDM15_HDMSe_01.raw.zip	ftp://ftp.pride.ebi.ac.uk/pride/data/archive/2024/05/PXD044423/18092021_Spy_CDM15_HDMSe_01.raw.zip	26	1	NT=label free sample;AC=MS:1002038	NT=Synapt ms;AC=MS:1001782	NT=Oxidation;MT=Variable;TA=M;AC=UNIMOD:35	NT=Carbamidomethyl;TA=C;MT=Fixed;AC=UNIMOD:4	AC=MS:1001251;NT=Trypsin	AC=MS:1000133;NT=collision-induced dissociation	not available	not available	NT=Streptococcus pyogenes nz131;AC=NCBITaxon:471876
PXD044423-Sample-1	Streptococcus pyogenes nz131	not applicable	not available	not available	not applicable	not applicable	not applicable	not applicable	not applicable	1	organism part	not available	run 27	proteomic profiling by mass spectrometry	v1.1.0	NT=ms-proteomics;VV=v1.1.0	NT=HDMSE;AC=PRIDE:0000452	20082021_Spy_Phos_post_stat_10min_HDMSe_01.raw.zip	ftp://ftp.pride.ebi.ac.uk/pride/data/archive/2024/05/PXD044423/20082021_Spy_Phos_post_stat_10min_HDMSe_01.raw.zip	27	1	NT=label free sample;AC=MS:1002038	NT=Synapt ms;AC=MS:1001782	NT=Oxidation;MT=Variable;TA=M;AC=UNIMOD:35	NT=Carbamidomethyl;TA=C;MT=Fixed;AC=UNIMOD:4	AC=MS:1001251;NT=Trypsin	AC=MS:1000133;NT=collision-induced dissociation	not available	not available	NT=Streptococcus pyogenes nz131;AC=NCBITaxon:471876
PXD044423-Sample-1	Streptococcus pyogenes nz131	not applicable	not available	not available	not applicable	not applicable	not applicable	not applicable	not applicable	1	organism part	not available	run 28	proteomic profiling by mass spectrometry	v1.1.0	NT=ms-proteomics;VV=v1.1.0	NT=HDMSE;AC=PRIDE:0000452	10092021_Spy_Phos_THY20h_DDA_01.raw.zip	ftp://ftp.pride.ebi.ac.uk/pride/data/archive/2024/05/PXD044423/10092021_Spy_Phos_THY20h_DDA_01.raw.zip	28	1	NT=label free sample;AC=MS:1002038	NT=Synapt ms;AC=MS:1001782	NT=Oxidation;MT=Variable;TA=M;AC=UNIMOD:35	NT=Carbamidomethyl;TA=C;MT=Fixed;AC=UNIMOD:4	AC=MS:1001251;NT=Trypsin	AC=MS:1000133;NT=collision-induced dissociation	not available	not available	NT=Streptococcus pyogenes nz131;AC=NCBITaxon:471876
PXD044423-Sample-1	Streptococcus pyogenes nz131	not applicable	not available	not available	not applicable	not applicable	not applicable	not applicable	not applicable	1	organism part	not available	run 29	proteomic profiling by mass spectrometry	v1.1.0	NT=ms-proteomics;VV=v1.1.0	NT=HDMSE;AC=PRIDE:0000452	02092021_Spy_post_stat_10min_HDMSe_02.raw.zip	ftp://ftp.pride.ebi.ac.uk/pride/data/archive/2024/05/PXD044423/02092021_Spy_post_stat_10min_HDMSe_02.raw.zip	29	1	NT=label free sample;AC=MS:1002038	NT=Synapt ms;AC=MS:1001782	NT=Oxidation;MT=Variable;TA=M;AC=UNIMOD:35	NT=Carbamidomethyl;TA=C;MT=Fixed;AC=UNIMOD:4	AC=MS:1001251;NT=Trypsin	AC=MS:1000133;NT=collision-induced dissociation	not available	not available	NT=Streptococcus pyogenes nz131;AC=NCBITaxon:471876
PXD044423-Sample-1	Streptococcus pyogenes nz131	not applicable	not available	not available	not applicable	not applicable	not applicable	not applicable	not applicable	1	organism part	not available	run 30	proteomic profiling by mass spectrometry	v1.1.0	NT=ms-proteomics;VV=v1.1.0	NT=HDMSE;AC=PRIDE:0000452	10092021_Spy_Phos_THY20h_HDMSe_02.raw.zip	ftp://ftp.pride.ebi.ac.uk/pride/data/archive/2024/05/PXD044423/10092021_Spy_Phos_THY20h_HDMSe_02.raw.zip	30	1	NT=label free sample;AC=MS:1002038	NT=Synapt ms;AC=MS:1001782	NT=Oxidation;MT=Variable;TA=M;AC=UNIMOD:35	NT=Carbamidomethyl;TA=C;MT=Fixed;AC=UNIMOD:4	AC=MS:1001251;NT=Trypsin	AC=MS:1000133;NT=collision-induced dissociation	not available	not available	NT=Streptococcus pyogenes nz131;AC=NCBITaxon:471876
PXD044423-Sample-1	Streptococcus pyogenes nz131	not applicable	not available	not available	not applicable	not applicable	not applicable	not applicable	not applicable	1	organism part	not available	run 31	proteomic profiling by mass spectrometry	v1.1.0	NT=ms-proteomics;VV=v1.1.0	NT=HDMSE;AC=PRIDE:0000452	05032021_Spy_7_Frustat_HDMSe_01.raw.zip	ftp://ftp.pride.ebi.ac.uk/pride/data/archive/2024/05/PXD044423/05032021_Spy_7_Frustat_HDMSe_01.raw.zip	31	1	NT=label free sample;AC=MS:1002038	NT=Synapt ms;AC=MS:1001782	NT=Oxidation;MT=Variable;TA=M;AC=UNIMOD:35	NT=Carbamidomethyl;TA=C;MT=Fixed;AC=UNIMOD:4	AC=MS:1001251;NT=Trypsin	AC=MS:1000133;NT=collision-induced dissociation	not available	not available	NT=Streptococcus pyogenes nz131;AC=NCBITaxon:471876
PXD044423-Sample-1	Streptococcus pyogenes nz131	not applicable	not available	not available	not applicable	not applicable	not applicable	not applicable	not applicable	1	organism part	not available	run 32	proteomic profiling by mass spectrometry	v1.1.0	NT=ms-proteomics;VV=v1.1.0	NT=HDMSE;AC=PRIDE:0000452	21042021_Spy_Phos_2_THY15_HDMSe_04.raw.zip	ftp://ftp.pride.ebi.ac.uk/pride/data/archive/2024/05/PXD044423/21042021_Spy_Phos_2_THY15_HDMSe_04.raw.zip	32	1	NT=label free sample;AC=MS:1002038	NT=Synapt ms;AC=MS:1001782	NT=Oxidation;MT=Variable;TA=M;AC=UNIMOD:35	NT=Carbamidomethyl;TA=C;MT=Fixed;AC=UNIMOD:4	AC=MS:1001251;NT=Trypsin	AC=MS:1000133;NT=collision-induced dissociation	not available	not available	NT=Streptococcus pyogenes nz131;AC=NCBITaxon:471876
PXD044423-Sample-1	Streptococcus pyogenes nz131	not applicable	not available	not available	not applicable	not applicable	not applicable	not applicable	not applicable	1	organism part	not available	run 33	proteomic profiling by mass spectrometry	v1.1.0	NT=ms-proteomics;VV=v1.1.0	NT=HDMSE;AC=PRIDE:0000452	20082021_Spy_Phos_post_stat_40min_DDA_01.raw.zip	ftp://ftp.pride.ebi.ac.uk/pride/data/archive/2024/05/PXD044423/20082021_Spy_Phos_post_stat_40min_DDA_01.raw.zip	33	1	NT=label free sample;AC=MS:1002038	NT=Synapt ms;AC=MS:1001782	NT=Oxidation;MT=Variable;TA=M;AC=UNIMOD:35	NT=Carbamidomethyl;TA=C;MT=Fixed;AC=UNIMOD:4	AC=MS:1001251;NT=Trypsin	AC=MS:1000133;NT=collision-induced dissociation	not available	not available	NT=Streptococcus pyogenes nz131;AC=NCBITaxon:471876
PXD044423-Sample-1	Streptococcus pyogenes nz131	not applicable	not available	not available	not applicable	not applicable	not applicable	not applicable	not applicable	1	organism part	not available	run 34	proteomic profiling by mass spectrometry	v1.1.0	NT=ms-proteomics;VV=v1.1.0	NT=HDMSE;AC=PRIDE:0000452	16092021_Spy_Phos_THY3d_DDA_01.raw.zip	ftp://ftp.pride.ebi.ac.uk/pride/data/archive/2024/05/PXD044423/16092021_Spy_Phos_THY3d_DDA_01.raw.zip	34	1	NT=label free sample;AC=MS:1002038	NT=Synapt ms;AC=MS:1001782	NT=Oxidation;MT=Variable;TA=M;AC=UNIMOD:35	NT=Carbamidomethyl;TA=C;MT=Fixed;AC=UNIMOD:4	AC=MS:1001251;NT=Trypsin	AC=MS:1000133;NT=collision-induced dissociation	not available	not available	NT=Streptococcus pyogenes nz131;AC=NCBITaxon:471876
PXD044423-Sample-1	Streptococcus pyogenes nz131	not applicable	not available	not available	not applicable	not applicable	not applicable	not applicable	not applicable	1	organism part	not available	run 35	proteomic profiling by mass spectrometry	v1.1.0	NT=ms-proteomics;VV=v1.1.0	NT=HDMSE;AC=PRIDE:0000452	20082021_Spy_Phos_post_stat_20min_HDMSe_01.raw.zip	ftp://ftp.pride.ebi.ac.uk/pride/data/archive/2024/05/PXD044423/20082021_Spy_Phos_post_stat_20min_HDMSe_01.raw.zip	35	1	NT=label free sample;AC=MS:1002038	NT=Synapt ms;AC=MS:1001782	NT=Oxidation;MT=Variable;TA=M;AC=UNIMOD:35	NT=Carbamidomethyl;TA=C;MT=Fixed;AC=UNIMOD:4	AC=MS:1001251;NT=Trypsin	AC=MS:1000133;NT=collision-induced dissociation	not available	not available	NT=Streptococcus pyogenes nz131;AC=NCBITaxon:471876
PXD044423-Sample-1	Streptococcus pyogenes nz131	not applicable	not available	not available	not applicable	not applicable	not applicable	not applicable	not applicable	1	organism part	not available	run 36	proteomic profiling by mass spectrometry	v1.1.0	NT=ms-proteomics;VV=v1.1.0	NT=HDMSE;AC=PRIDE:0000452	10092021_Spy_Phos_Fruexpo_DDA_01.raw.zip	ftp://ftp.pride.ebi.ac.uk/pride/data/archive/2024/05/PXD044423/10092021_Spy_Phos_Fruexpo_DDA_01.raw.zip	36	1	NT=label free sample;AC=MS:1002038	NT=Synapt ms;AC=MS:1001782	NT=Oxidation;MT=Variable;TA=M;AC=UNIMOD:35	NT=Carbamidomethyl;TA=C;MT=Fixed;AC=UNIMOD:4	AC=MS:1001251;NT=Trypsin	AC=MS:1000133;NT=collision-induced dissociation	not available	not available	NT=Streptococcus pyogenes nz131;AC=NCBITaxon:471876
PXD044423-Sample-1	Streptococcus pyogenes nz131	not applicable	not available	not available	not applicable	not applicable	not applicable	not applicable	not applicable	1	organism part	not available	run 37	proteomic profiling by mass spectrometry	v1.1.0	NT=ms-proteomics;VV=v1.1.0	NT=HDMSE;AC=PRIDE:0000452	05032021_Spy_5_Fru15_HDMSe_02.raw.zip	ftp://ftp.pride.ebi.ac.uk/pride/data/archive/2024/05/PXD044423/05032021_Spy_5_Fru15_HDMSe_02.raw.zip	37	1	NT=label free sample;AC=MS:1002038	NT=Synapt ms;AC=MS:1001782	NT=Oxidation;MT=Variable;TA=M;AC=UNIMOD:35	NT=Carbamidomethyl;TA=C;MT=Fixed;AC=UNIMOD:4	AC=MS:1001251;NT=Trypsin	AC=MS:1000133;NT=collision-induced dissociation	not available	not available	NT=Streptococcus pyogenes nz131;AC=NCBITaxon:471876
PXD044423-Sample-1	Streptococcus pyogenes nz131	not applicable	not available	not available	not applicable	not applicable	not applicable	not applicable	not applicable	1	organism part	not available	run 38	proteomic profiling by mass spectrometry	v1.1.0	NT=ms-proteomics;VV=v1.1.0	NT=HDMSE;AC=PRIDE:0000452	05032021_Spy_9_CDMexpo_HDMSe_01.raw.zip	ftp://ftp.pride.ebi.ac.uk/pride/data/archive/2024/05/PXD044423/05032021_Spy_9_CDMexpo_HDMSe_01.raw.zip	38	1	NT=label free sample;AC=MS:1002038	NT=Synapt ms;AC=MS:1001782	NT=Oxidation;MT=Variable;TA=M;AC=UNIMOD:35	NT=Carbamidomethyl;TA=C;MT=Fixed;AC=UNIMOD:4	AC=MS:1001251;NT=Trypsin	AC=MS:1000133;NT=collision-induced dissociation	not available	not available	NT=Streptococcus pyogenes nz131;AC=NCBITaxon:471876
PXD044423-Sample-1	Streptococcus pyogenes nz131	not applicable	not available	not available	not applicable	not applicable	not applicable	not applicable	not applicable	1	organism part	not available	run 39	proteomic profiling by mass spectrometry	v1.1.0	NT=ms-proteomics;VV=v1.1.0	NT=HDMSE;AC=PRIDE:0000452	05032021_Spy_4_THYstat_HDMSe_02.raw.zip	ftp://ftp.pride.ebi.ac.uk/pride/data/archive/2024/05/PXD044423/05032021_Spy_4_THYstat_HDMSe_02.raw.zip	39	1	NT=label free sample;AC=MS:1002038	NT=Synapt ms;AC=MS:1001782	NT=Oxidation;MT=Variable;TA=M;AC=UNIMOD:35	NT=Carbamidomethyl;TA=C;MT=Fixed;AC=UNIMOD:4	AC=MS:1001251;NT=Trypsin	AC=MS:1000133;NT=collision-induced dissociation	not available	not available	NT=Streptococcus pyogenes nz131;AC=NCBITaxon:471876
PXD044423-Sample-1	Streptococcus pyogenes nz131	not applicable	not available	not available	not applicable	not applicable	not applicable	not applicable	not applicable	1	organism part	not available	run 40	proteomic profiling by mass spectrometry	v1.1.0	NT=ms-proteomics;VV=v1.1.0	NT=HDMSE;AC=PRIDE:0000452	05032021_Spy_5_Fru15_HDMSe_01.raw.zip	ftp://ftp.pride.ebi.ac.uk/pride/data/archive/2024/05/PXD044423/05032021_Spy_5_Fru15_HDMSe_01.raw.zip	40	1	NT=label free sample;AC=MS:1002038	NT=Synapt ms;AC=MS:1001782	NT=Oxidation;MT=Variable;TA=M;AC=UNIMOD:35	NT=Carbamidomethyl;TA=C;MT=Fixed;AC=UNIMOD:4	AC=MS:1001251;NT=Trypsin	AC=MS:1000133;NT=collision-induced dissociation	not available	not available	NT=Streptococcus pyogenes nz131;AC=NCBITaxon:471876
PXD044423-Sample-1	Streptococcus pyogenes nz131	not applicable	not available	not available	not applicable	not applicable	not applicable	not applicable	not applicable	1	organism part	not available	run 41	proteomic profiling by mass spectrometry	v1.1.0	NT=ms-proteomics;VV=v1.1.0	NT=HDMSE;AC=PRIDE:0000452	04102021_Spy_Phos_CDMexpo_DDA_01.raw.zip	ftp://ftp.pride.ebi.ac.uk/pride/data/archive/2024/05/PXD044423/04102021_Spy_Phos_CDMexpo_DDA_01.raw.zip	41	1	NT=label free sample;AC=MS:1002038	NT=Synapt ms;AC=MS:1001782	NT=Oxidation;MT=Variable;TA=M;AC=UNIMOD:35	NT=Carbamidomethyl;TA=C;MT=Fixed;AC=UNIMOD:4	AC=MS:1001251;NT=Trypsin	AC=MS:1000133;NT=collision-induced dissociation	not available	not available	NT=Streptococcus pyogenes nz131;AC=NCBITaxon:471876
PXD044423-Sample-1	Streptococcus pyogenes nz131	not applicable	not available	not available	not applicable	not applicable	not applicable	not applicable	not applicable	1	organism part	not available	run 42	proteomic profiling by mass spectrometry	v1.1.0	NT=ms-proteomics;VV=v1.1.0	NT=HDMSE;AC=PRIDE:0000452	04102021_Spy_Phos_CDM15_DDA_01.raw.zip	ftp://ftp.pride.ebi.ac.uk/pride/data/archive/2024/05/PXD044423/04102021_Spy_Phos_CDM15_DDA_01.raw.zip	42	1	NT=label free sample;AC=MS:1002038	NT=Synapt ms;AC=MS:1001782	NT=Oxidation;MT=Variable;TA=M;AC=UNIMOD:35	NT=Carbamidomethyl;TA=C;MT=Fixed;AC=UNIMOD:4	AC=MS:1001251;NT=Trypsin	AC=MS:1000133;NT=collision-induced dissociation	not available	not available	NT=Streptococcus pyogenes nz131;AC=NCBITaxon:471876
PXD044423-Sample-1	Streptococcus pyogenes nz131	not applicable	not available	not available	not applicable	not applicable	not applicable	not applicable	not applicable	1	organism part	not available	run 43	proteomic profiling by mass spectrometry	v1.1.0	NT=ms-proteomics;VV=v1.1.0	NT=HDMSE;AC=PRIDE:0000452	04102021_Spy_Phos_CDM20h_DDA_01.raw.zip	ftp://ftp.pride.ebi.ac.uk/pride/data/archive/2024/05/PXD044423/04102021_Spy_Phos_CDM20h_DDA_01.raw.zip	43	1	NT=label free sample;AC=MS:1002038	NT=Synapt ms;AC=MS:1001782	NT=Oxidation;MT=Variable;TA=M;AC=UNIMOD:35	NT=Carbamidomethyl;TA=C;MT=Fixed;AC=UNIMOD:4	AC=MS:1001251;NT=Trypsin	AC=MS:1000133;NT=collision-induced dissociation	not available	not available	NT=Streptococcus pyogenes nz131;AC=NCBITaxon:471876
PXD044423-Sample-1	Streptococcus pyogenes nz131	not applicable	not available	not available	not applicable	not applicable	not applicable	not applicable	not applicable	1	organism part	not available	run 44	proteomic profiling by mass spectrometry	v1.1.0	NT=ms-proteomics;VV=v1.1.0	NT=HDMSE;AC=PRIDE:0000452	21042021_Spy_Phos_6_Fruexpo_HDMSe_03.raw.zip	ftp://ftp.pride.ebi.ac.uk/pride/data/archive/2024/05/PXD044423/21042021_Spy_Phos_6_Fruexpo_HDMSe_03.raw.zip	44	1	NT=label free sample;AC=MS:1002038	NT=Synapt ms;AC=MS:1001782	NT=Oxidation;MT=Variable;TA=M;AC=UNIMOD:35	NT=Carbamidomethyl;TA=C;MT=Fixed;AC=UNIMOD:4	AC=MS:1001251;NT=Trypsin	AC=MS:1000133;NT=collision-induced dissociation	not available	not available	NT=Streptococcus pyogenes nz131;AC=NCBITaxon:471876
PXD044423-Sample-1	Streptococcus pyogenes nz131	not applicable	not available	not available	not applicable	not applicable	not applicable	not applicable	not applicable	1	organism part	not available	run 45	proteomic profiling by mass spectrometry	v1.1.0	NT=ms-proteomics;VV=v1.1.0	NT=HDMSE;AC=PRIDE:0000452	10092021_Spy_Phos_CDM20h_HDMSe_01.raw.zip	ftp://ftp.pride.ebi.ac.uk/pride/data/archive/2024/05/PXD044423/10092021_Spy_Phos_CDM20h_HDMSe_01.raw.zip	45	1	NT=label free sample;AC=MS:1002038	NT=Synapt ms;AC=MS:1001782	NT=Oxidation;MT=Variable;TA=M;AC=UNIMOD:35	NT=Carbamidomethyl;TA=C;MT=Fixed;AC=UNIMOD:4	AC=MS:1001251;NT=Trypsin	AC=MS:1000133;NT=collision-induced dissociation	not available	not available	NT=Streptococcus pyogenes nz131;AC=NCBITaxon:471876
PXD044423-Sample-1	Streptococcus pyogenes nz131	not applicable	not available	not available	not applicable	not applicable	not applicable	not applicable	not applicable	1	organism part	not available	run 46	proteomic profiling by mass spectrometry	v1.1.0	NT=ms-proteomics;VV=v1.1.0	NT=HDMSE;AC=PRIDE:0000452	05032021_Spy_4_THYstat_HDMSe_01.raw.zip	ftp://ftp.pride.ebi.ac.uk/pride/data/archive/2024/05/PXD044423/05032021_Spy_4_THYstat_HDMSe_01.raw.zip	46	1	NT=label free sample;AC=MS:1002038	NT=Synapt ms;AC=MS:1001782	NT=Oxidation;MT=Variable;TA=M;AC=UNIMOD:35	NT=Carbamidomethyl;TA=C;MT=Fixed;AC=UNIMOD:4	AC=MS:1001251;NT=Trypsin	AC=MS:1000133;NT=collision-induced dissociation	not available	not available	NT=Streptococcus pyogenes nz131;AC=NCBITaxon:471876
PXD044423-Sample-1	Streptococcus pyogenes nz131	not applicable	not available	not available	not applicable	not applicable	not applicable	not applicable	not applicable	1	organism part	not available	run 47	proteomic profiling by mass spectrometry	v1.1.0	NT=ms-proteomics;VV=v1.1.0	NT=HDMSE;AC=PRIDE:0000452	05032021_Spy_10_CDMstat_HDMSe_03.raw.zip	ftp://ftp.pride.ebi.ac.uk/pride/data/archive/2024/05/PXD044423/05032021_Spy_10_CDMstat_HDMSe_03.raw.zip	47	1	NT=label free sample;AC=MS:1002038	NT=Synapt ms;AC=MS:1001782	NT=Oxidation;MT=Variable;TA=M;AC=UNIMOD:35	NT=Carbamidomethyl;TA=C;MT=Fixed;AC=UNIMOD:4	AC=MS:1001251;NT=Trypsin	AC=MS:1000133;NT=collision-induced dissociation	not available	not available	NT=Streptococcus pyogenes nz131;AC=NCBITaxon:471876
PXD044423-Sample-1	Streptococcus pyogenes nz131	not applicable	not available	not available	not applicable	not applicable	not applicable	not applicable	not applicable	1	organism part	not available	run 48	proteomic profiling by mass spectrometry	v1.1.0	NT=ms-proteomics;VV=v1.1.0	NT=HDMSE;AC=PRIDE:0000452	05032021_Spy_2_THY15_HDMSe_01.raw.zip	ftp://ftp.pride.ebi.ac.uk/pride/data/archive/2024/05/PXD044423/05032021_Spy_2_THY15_HDMSe_01.raw.zip	48	1	NT=label free sample;AC=MS:1002038	NT=Synapt ms;AC=MS:1001782	NT=Oxidation;MT=Variable;TA=M;AC=UNIMOD:35	NT=Carbamidomethyl;TA=C;MT=Fixed;AC=UNIMOD:4	AC=MS:1001251;NT=Trypsin	AC=MS:1000133;NT=collision-induced dissociation	not available	not available	NT=Streptococcus pyogenes nz131;AC=NCBITaxon:471876
PXD044423-Sample-1	Streptococcus pyogenes nz131	not applicable	not available	not available	not applicable	not applicable	not applicable	not applicable	not applicable	1	organism part	not available	run 49	proteomic profiling by mass spectrometry	v1.1.0	NT=ms-proteomics;VV=v1.1.0	NT=HDMSE;AC=PRIDE:0000452	21042021_Spy_Phos_6_Fruexpo_HDMSe_01.raw.zip	ftp://ftp.pride.ebi.ac.uk/pride/data/archive/2024/05/PXD044423/21042021_Spy_Phos_6_Fruexpo_HDMSe_01.raw.zip	49	1	NT=label free sample;AC=MS:1002038	NT=Synapt ms;AC=MS:1001782	NT=Oxidation;MT=Variable;TA=M;AC=UNIMOD:35	NT=Carbamidomethyl;TA=C;MT=Fixed;AC=UNIMOD:4	AC=MS:1001251;NT=Trypsin	AC=MS:1000133;NT=collision-induced dissociation	not available	not available	NT=Streptococcus pyogenes nz131;AC=NCBITaxon:471876
PXD044423-Sample-1	Streptococcus pyogenes nz131	not applicable	not available	not available	not applicable	not applicable	not applicable	not applicable	not applicable	1	organism part	not available	run 50	proteomic profiling by mass spectrometry	v1.1.0	NT=ms-proteomics;VV=v1.1.0	NT=HDMSE;AC=PRIDE:0000452	10092021_Spy_Phos_Fruexpo_HDMSe_01.raw.zip	ftp://ftp.pride.ebi.ac.uk/pride/data/archive/2024/05/PXD044423/10092021_Spy_Phos_Fruexpo_HDMSe_01.raw.zip	50	1	NT=label free sample;AC=MS:1002038	NT=Synapt ms;AC=MS:1001782	NT=Oxidation;MT=Variable;TA=M;AC=UNIMOD:35	NT=Carbamidomethyl;TA=C;MT=Fixed;AC=UNIMOD:4	AC=MS:1001251;NT=Trypsin	AC=MS:1000133;NT=collision-induced dissociation	not available	not available	NT=Streptococcus pyogenes nz131;AC=NCBITaxon:471876
PXD044423-Sample-1	Streptococcus pyogenes nz131	not applicable	not available	not available	not applicable	not applicable	not applicable	not applicable	not applicable	1	organism part	not available	run 51	proteomic profiling by mass spectrometry	v1.1.0	NT=ms-proteomics;VV=v1.1.0	NT=HDMSE;AC=PRIDE:0000452	18092021_Spy_Fru3d_HDMSe_02.raw.zip	ftp://ftp.pride.ebi.ac.uk/pride/data/archive/2024/05/PXD044423/18092021_Spy_Fru3d_HDMSe_02.raw.zip	51	1	NT=label free sample;AC=MS:1002038	NT=Synapt ms;AC=MS:1001782	NT=Oxidation;MT=Variable;TA=M;AC=UNIMOD:35	NT=Carbamidomethyl;TA=C;MT=Fixed;AC=UNIMOD:4	AC=MS:1001251;NT=Trypsin	AC=MS:1000133;NT=collision-induced dissociation	not available	not available	NT=Streptococcus pyogenes nz131;AC=NCBITaxon:471876
PXD044423-Sample-1	Streptococcus pyogenes nz131	not applicable	not available	not available	not applicable	not applicable	not applicable	not applicable	not applicable	1	organism part	not available	run 52	proteomic profiling by mass spectrometry	v1.1.0	NT=ms-proteomics;VV=v1.1.0	NT=HDMSE;AC=PRIDE:0000452	30042021_Spy_Phos_10_CDMstat_DDA_01.raw.zip	ftp://ftp.pride.ebi.ac.uk/pride/data/archive/2024/05/PXD044423/30042021_Spy_Phos_10_CDMstat_DDA_01.raw.zip	52	1	NT=label free sample;AC=MS:1002038	NT=Synapt ms;AC=MS:1001782	NT=Oxidation;MT=Variable;TA=M;AC=UNIMOD:35	NT=Carbamidomethyl;TA=C;MT=Fixed;AC=UNIMOD:4	AC=MS:1001251;NT=Trypsin	AC=MS:1000133;NT=collision-induced dissociation	not available	not available	NT=Streptococcus pyogenes nz131;AC=NCBITaxon:471876
PXD044423-Sample-1	Streptococcus pyogenes nz131	not applicable	not available	not available	not applicable	not applicable	not applicable	not applicable	not applicable	1	organism part	not available	run 53	proteomic profiling by mass spectrometry	v1.1.0	NT=ms-proteomics;VV=v1.1.0	NT=HDMSE;AC=PRIDE:0000452	20082021_Spy_Phos_post_stat_0min_HDMSe_01.raw.zip	ftp://ftp.pride.ebi.ac.uk/pride/data/archive/2024/05/PXD044423/20082021_Spy_Phos_post_stat_0min_HDMSe_01.raw.zip	53	1	NT=label free sample;AC=MS:1002038	NT=Synapt ms;AC=MS:1001782	NT=Oxidation;MT=Variable;TA=M;AC=UNIMOD:35	NT=Carbamidomethyl;TA=C;MT=Fixed;AC=UNIMOD:4	AC=MS:1001251;NT=Trypsin	AC=MS:1000133;NT=collision-induced dissociation	not available	not available	NT=Streptococcus pyogenes nz131;AC=NCBITaxon:471876
PXD044423-Sample-1	Streptococcus pyogenes nz131	not applicable	not available	not available	not applicable	not applicable	not applicable	not applicable	not applicable	1	organism part	not available	run 54	proteomic profiling by mass spectrometry	v1.1.0	NT=ms-proteomics;VV=v1.1.0	NT=HDMSE;AC=PRIDE:0000452	02092021_Spy_post_stat_0min_HDMSe_03.raw.zip	ftp://ftp.pride.ebi.ac.uk/pride/data/archive/2024/05/PXD044423/02092021_Spy_post_stat_0min_HDMSe_03.raw.zip	54	1	NT=label free sample;AC=MS:1002038	NT=Synapt ms;AC=MS:1001782	NT=Oxidation;MT=Variable;TA=M;AC=UNIMOD:35	NT=Carbamidomethyl;TA=C;MT=Fixed;AC=UNIMOD:4	AC=MS:1001251;NT=Trypsin	AC=MS:1000133;NT=collision-induced dissociation	not available	not available	NT=Streptococcus pyogenes nz131;AC=NCBITaxon:471876
PXD044423-Sample-1	Streptococcus pyogenes nz131	not applicable	not available	not available	not applicable	not applicable	not applicable	not applicable	not applicable	1	organism part	not available	run 55	proteomic profiling by mass spectrometry	v1.1.0	NT=ms-proteomics;VV=v1.1.0	NT=HDMSE;AC=PRIDE:0000452	20082021_Spy_Phos_THY_stat_3d_HDMSe_03.raw.zip	ftp://ftp.pride.ebi.ac.uk/pride/data/archive/2024/05/PXD044423/20082021_Spy_Phos_THY_stat_3d_HDMSe_03.raw.zip	55	1	NT=label free sample;AC=MS:1002038	NT=Synapt ms;AC=MS:1001782	NT=Oxidation;MT=Variable;TA=M;AC=UNIMOD:35	NT=Carbamidomethyl;TA=C;MT=Fixed;AC=UNIMOD:4	AC=MS:1001251;NT=Trypsin	AC=MS:1000133;NT=collision-induced dissociation	not available	not available	NT=Streptococcus pyogenes nz131;AC=NCBITaxon:471876
PXD044423-Sample-1	Streptococcus pyogenes nz131	not applicable	not available	not available	not applicable	not applicable	not applicable	not applicable	not applicable	1	organism part	not available	run 56	proteomic profiling by mass spectrometry	v1.1.0	NT=ms-proteomics;VV=v1.1.0	NT=HDMSE;AC=PRIDE:0000452	05032021_Spy_2_THY15_HDMSe_03.raw.zip	ftp://ftp.pride.ebi.ac.uk/pride/data/archive/2024/05/PXD044423/05032021_Spy_2_THY15_HDMSe_03.raw.zip	56	1	NT=label free sample;AC=MS:1002038	NT=Synapt ms;AC=MS:1001782	NT=Oxidation;MT=Variable;TA=M;AC=UNIMOD:35	NT=Carbamidomethyl;TA=C;MT=Fixed;AC=UNIMOD:4	AC=MS:1001251;NT=Trypsin	AC=MS:1000133;NT=collision-induced dissociation	not available	not available	NT=Streptococcus pyogenes nz131;AC=NCBITaxon:471876
PXD044423-Sample-1	Streptococcus pyogenes nz131	not applicable	not available	not available	not applicable	not applicable	not applicable	not applicable	not applicable	1	organism part	not available	run 57	proteomic profiling by mass spectrometry	v1.1.0	NT=ms-proteomics;VV=v1.1.0	NT=HDMSE;AC=PRIDE:0000452	21042021_Spy_Phos_8_CDM15_HDMSe_01.raw.zip	ftp://ftp.pride.ebi.ac.uk/pride/data/archive/2024/05/PXD044423/21042021_Spy_Phos_8_CDM15_HDMSe_01.raw.zip	57	1	NT=label free sample;AC=MS:1002038	NT=Synapt ms;AC=MS:1001782	NT=Oxidation;MT=Variable;TA=M;AC=UNIMOD:35	NT=Carbamidomethyl;TA=C;MT=Fixed;AC=UNIMOD:4	AC=MS:1001251;NT=Trypsin	AC=MS:1000133;NT=collision-induced dissociation	not available	not available	NT=Streptococcus pyogenes nz131;AC=NCBITaxon:471876
PXD044423-Sample-1	Streptococcus pyogenes nz131	not applicable	not available	not available	not applicable	not applicable	not applicable	not applicable	not applicable	1	organism part	not available	run 58	proteomic profiling by mass spectrometry	v1.1.0	NT=ms-proteomics;VV=v1.1.0	NT=HDMSE;AC=PRIDE:0000452	02092021_Spy_THY08_HDMSe_01.raw.zip	ftp://ftp.pride.ebi.ac.uk/pride/data/archive/2024/05/PXD044423/02092021_Spy_THY08_HDMSe_01.raw.zip	58	1	NT=label free sample;AC=MS:1002038	NT=Synapt ms;AC=MS:1001782	NT=Oxidation;MT=Variable;TA=M;AC=UNIMOD:35	NT=Carbamidomethyl;TA=C;MT=Fixed;AC=UNIMOD:4	AC=MS:1001251;NT=Trypsin	AC=MS:1000133;NT=collision-induced dissociation	not available	not available	NT=Streptococcus pyogenes nz131;AC=NCBITaxon:471876
PXD044423-Sample-1	Streptococcus pyogenes nz131	not applicable	not available	not available	not applicable	not applicable	not applicable	not applicable	not applicable	1	organism part	not available	run 59	proteomic profiling by mass spectrometry	v1.1.0	NT=ms-proteomics;VV=v1.1.0	NT=HDMSE;AC=PRIDE:0000452	02092021_Spy_THY08_HDMSe_03.raw.zip	ftp://ftp.pride.ebi.ac.uk/pride/data/archive/2024/05/PXD044423/02092021_Spy_THY08_HDMSe_03.raw.zip	59	1	NT=label free sample;AC=MS:1002038	NT=Synapt ms;AC=MS:1001782	NT=Oxidation;MT=Variable;TA=M;AC=UNIMOD:35	NT=Carbamidomethyl;TA=C;MT=Fixed;AC=UNIMOD:4	AC=MS:1001251;NT=Trypsin	AC=MS:1000133;NT=collision-induced dissociation	not available	not available	NT=Streptococcus pyogenes nz131;AC=NCBITaxon:471876
PXD044423-Sample-1	Streptococcus pyogenes nz131	not applicable	not available	not available	not applicable	not applicable	not applicable	not applicable	not applicable	1	organism part	not available	run 60	proteomic profiling by mass spectrometry	v1.1.0	NT=ms-proteomics;VV=v1.1.0	NT=HDMSE;AC=PRIDE:0000452	21042021_Spy_Phos_1_THY08_HDMSe_01.raw.zip	ftp://ftp.pride.ebi.ac.uk/pride/data/archive/2024/05/PXD044423/21042021_Spy_Phos_1_THY08_HDMSe_01.raw.zip	60	1	NT=label free sample;AC=MS:1002038	NT=Synapt ms;AC=MS:1001782	NT=Oxidation;MT=Variable;TA=M;AC=UNIMOD:35	NT=Carbamidomethyl;TA=C;MT=Fixed;AC=UNIMOD:4	AC=MS:1001251;NT=Trypsin	AC=MS:1000133;NT=collision-induced dissociation	not available	not available	NT=Streptococcus pyogenes nz131;AC=NCBITaxon:471876
PXD044423-Sample-1	Streptococcus pyogenes nz131	not applicable	not available	not available	not applicable	not applicable	not applicable	not applicable	not applicable	1	organism part	not available	run 61	proteomic profiling by mass spectrometry	v1.1.0	NT=ms-proteomics;VV=v1.1.0	NT=HDMSE;AC=PRIDE:0000452	21042021_Spy_Phos_7_Frustat_HDMSe_02.raw.zip	ftp://ftp.pride.ebi.ac.uk/pride/data/archive/2024/05/PXD044423/21042021_Spy_Phos_7_Frustat_HDMSe_02.raw.zip	61	1	NT=label free sample;AC=MS:1002038	NT=Synapt ms;AC=MS:1001782	NT=Oxidation;MT=Variable;TA=M;AC=UNIMOD:35	NT=Carbamidomethyl;TA=C;MT=Fixed;AC=UNIMOD:4	AC=MS:1001251;NT=Trypsin	AC=MS:1000133;NT=collision-induced dissociation	not available	not available	NT=Streptococcus pyogenes nz131;AC=NCBITaxon:471876
PXD044423-Sample-1	Streptococcus pyogenes nz131	not applicable	not available	not available	not applicable	not applicable	not applicable	not applicable	not applicable	1	organism part	not available	run 62	proteomic profiling by mass spectrometry	v1.1.0	NT=ms-proteomics;VV=v1.1.0	NT=HDMSE;AC=PRIDE:0000452	10092021_Spy_Phos_THY15_HDMSe_01.raw.zip	ftp://ftp.pride.ebi.ac.uk/pride/data/archive/2024/05/PXD044423/10092021_Spy_Phos_THY15_HDMSe_01.raw.zip	62	1	NT=label free sample;AC=MS:1002038	NT=Synapt ms;AC=MS:1001782	NT=Oxidation;MT=Variable;TA=M;AC=UNIMOD:35	NT=Carbamidomethyl;TA=C;MT=Fixed;AC=UNIMOD:4	AC=MS:1001251;NT=Trypsin	AC=MS:1000133;NT=collision-induced dissociation	not available	not available	NT=Streptococcus pyogenes nz131;AC=NCBITaxon:471876
PXD044423-Sample-1	Streptococcus pyogenes nz131	not applicable	not available	not available	not applicable	not applicable	not applicable	not applicable	not applicable	1	organism part	not available	run 63	proteomic profiling by mass spectrometry	v1.1.0	NT=ms-proteomics;VV=v1.1.0	NT=HDMSE;AC=PRIDE:0000452	20082021_Spy_Phos_post_stat_0min_HDMSe_03.raw.zip	ftp://ftp.pride.ebi.ac.uk/pride/data/archive/2024/05/PXD044423/20082021_Spy_Phos_post_stat_0min_HDMSe_03.raw.zip	63	1	NT=label free sample;AC=MS:1002038	NT=Synapt ms;AC=MS:1001782	NT=Oxidation;MT=Variable;TA=M;AC=UNIMOD:35	NT=Carbamidomethyl;TA=C;MT=Fixed;AC=UNIMOD:4	AC=MS:1001251;NT=Trypsin	AC=MS:1000133;NT=collision-induced dissociation	not available	not available	NT=Streptococcus pyogenes nz131;AC=NCBITaxon:471876
PXD044423-Sample-1	Streptococcus pyogenes nz131	not applicable	not available	not available	not applicable	not applicable	not applicable	not applicable	not applicable	1	organism part	not available	run 64	proteomic profiling by mass spectrometry	v1.1.0	NT=ms-proteomics;VV=v1.1.0	NT=HDMSE;AC=PRIDE:0000452	16092021_Spy_Phos_THYexpo_DDA_01.raw.zip	ftp://ftp.pride.ebi.ac.uk/pride/data/archive/2024/05/PXD044423/16092021_Spy_Phos_THYexpo_DDA_01.raw.zip	64	1	NT=label free sample;AC=MS:1002038	NT=Synapt ms;AC=MS:1001782	NT=Oxidation;MT=Variable;TA=M;AC=UNIMOD:35	NT=Carbamidomethyl;TA=C;MT=Fixed;AC=UNIMOD:4	AC=MS:1001251;NT=Trypsin	AC=MS:1000133;NT=collision-induced dissociation	not available	not available	NT=Streptococcus pyogenes nz131;AC=NCBITaxon:471876
PXD044423-Sample-1	Streptococcus pyogenes nz131	not applicable	not available	not available	not applicable	not applicable	not applicable	not applicable	not applicable	1	organism part	not available	run 65	proteomic profiling by mass spectrometry	v1.1.0	NT=ms-proteomics;VV=v1.1.0	NT=HDMSE;AC=PRIDE:0000452	21042021_Spy_Phos_5_Fru15_HDMSe_03.raw.zip	ftp://ftp.pride.ebi.ac.uk/pride/data/archive/2024/05/PXD044423/21042021_Spy_Phos_5_Fru15_HDMSe_03.raw.zip	65	1	NT=label free sample;AC=MS:1002038	NT=Synapt ms;AC=MS:1001782	NT=Oxidation;MT=Variable;TA=M;AC=UNIMOD:35	NT=Carbamidomethyl;TA=C;MT=Fixed;AC=UNIMOD:4	AC=MS:1001251;NT=Trypsin	AC=MS:1000133;NT=collision-induced dissociation	not available	not available	NT=Streptococcus pyogenes nz131;AC=NCBITaxon:471876
PXD044423-Sample-1	Streptococcus pyogenes nz131	not applicable	not available	not available	not applicable	not applicable	not applicable	not applicable	not applicable	1	organism part	not available	run 66	proteomic profiling by mass spectrometry	v1.1.0	NT=ms-proteomics;VV=v1.1.0	NT=HDMSE;AC=PRIDE:0000452	20082021_Spy_Phos_post_stat_40min_HDMSe_02.raw.zip	ftp://ftp.pride.ebi.ac.uk/pride/data/archive/2024/05/PXD044423/20082021_Spy_Phos_post_stat_40min_HDMSe_02.raw.zip	66	1	NT=label free sample;AC=MS:1002038	NT=Synapt ms;AC=MS:1001782	NT=Oxidation;MT=Variable;TA=M;AC=UNIMOD:35	NT=Carbamidomethyl;TA=C;MT=Fixed;AC=UNIMOD:4	AC=MS:1001251;NT=Trypsin	AC=MS:1000133;NT=collision-induced dissociation	not available	not available	NT=Streptococcus pyogenes nz131;AC=NCBITaxon:471876
PXD044423-Sample-1	Streptococcus pyogenes nz131	not applicable	not available	not available	not applicable	not applicable	not applicable	not applicable	not applicable	1	organism part	not available	run 67	proteomic profiling by mass spectrometry	v1.1.0	NT=ms-proteomics;VV=v1.1.0	NT=HDMSE;AC=PRIDE:0000452	04102021_Spy_Phos_CDM3d_DDA_01.raw.zip	ftp://ftp.pride.ebi.ac.uk/pride/data/archive/2024/05/PXD044423/04102021_Spy_Phos_CDM3d_DDA_01.raw.zip	67	1	NT=label free sample;AC=MS:1002038	NT=Synapt ms;AC=MS:1001782	NT=Oxidation;MT=Variable;TA=M;AC=UNIMOD:35	NT=Carbamidomethyl;TA=C;MT=Fixed;AC=UNIMOD:4	AC=MS:1001251;NT=Trypsin	AC=MS:1000133;NT=collision-induced dissociation	not available	not available	NT=Streptococcus pyogenes nz131;AC=NCBITaxon:471876
PXD044423-Sample-1	Streptococcus pyogenes nz131	not applicable	not available	not available	not applicable	not applicable	not applicable	not applicable	not applicable	1	organism part	not available	run 68	proteomic profiling by mass spectrometry	v1.1.0	NT=ms-proteomics;VV=v1.1.0	NT=HDMSE;AC=PRIDE:0000452	10092021_Spy_Phos_CDM3d_HDMSe_02.raw.zip	ftp://ftp.pride.ebi.ac.uk/pride/data/archive/2024/05/PXD044423/10092021_Spy_Phos_CDM3d_HDMSe_02.raw.zip	68	1	NT=label free sample;AC=MS:1002038	NT=Synapt ms;AC=MS:1001782	NT=Oxidation;MT=Variable;TA=M;AC=UNIMOD:35	NT=Carbamidomethyl;TA=C;MT=Fixed;AC=UNIMOD:4	AC=MS:1001251;NT=Trypsin	AC=MS:1000133;NT=collision-induced dissociation	not available	not available	NT=Streptococcus pyogenes nz131;AC=NCBITaxon:471876
PXD044423-Sample-1	Streptococcus pyogenes nz131	not applicable	not available	not available	not applicable	not applicable	not applicable	not applicable	not applicable	1	organism part	not available	run 69	proteomic profiling by mass spectrometry	v1.1.0	NT=ms-proteomics;VV=v1.1.0	NT=HDMSE;AC=PRIDE:0000452	21042021_Spy_Phos_8_CDM15_DDA_01.raw.zip	ftp://ftp.pride.ebi.ac.uk/pride/data/archive/2024/05/PXD044423/21042021_Spy_Phos_8_CDM15_DDA_01.raw.zip	69	1	NT=label free sample;AC=MS:1002038	NT=Synapt ms;AC=MS:1001782	NT=Oxidation;MT=Variable;TA=M;AC=UNIMOD:35	NT=Carbamidomethyl;TA=C;MT=Fixed;AC=UNIMOD:4	AC=MS:1001251;NT=Trypsin	AC=MS:1000133;NT=collision-induced dissociation	not available	not available	NT=Streptococcus pyogenes nz131;AC=NCBITaxon:471876
PXD044423-Sample-1	Streptococcus pyogenes nz131	not applicable	not available	not available	not applicable	not applicable	not applicable	not applicable	not applicable	1	organism part	not available	run 70	proteomic profiling by mass spectrometry	v1.1.0	NT=ms-proteomics;VV=v1.1.0	NT=HDMSE;AC=PRIDE:0000452	05032021_Spy_1_THY08_HDMSe_03.raw.zip	ftp://ftp.pride.ebi.ac.uk/pride/data/archive/2024/05/PXD044423/05032021_Spy_1_THY08_HDMSe_03.raw.zip	70	1	NT=label free sample;AC=MS:1002038	NT=Synapt ms;AC=MS:1001782	NT=Oxidation;MT=Variable;TA=M;AC=UNIMOD:35	NT=Carbamidomethyl;TA=C;MT=Fixed;AC=UNIMOD:4	AC=MS:1001251;NT=Trypsin	AC=MS:1000133;NT=collision-induced dissociation	not available	not available	NT=Streptococcus pyogenes nz131;AC=NCBITaxon:471876
PXD044423-Sample-1	Streptococcus pyogenes nz131	not applicable	not available	not available	not applicable	not applicable	not applicable	not applicable	not applicable	1	organism part	not available	run 71	proteomic profiling by mass spectrometry	v1.1.0	NT=ms-proteomics;VV=v1.1.0	NT=HDMSE;AC=PRIDE:0000452	28042021_Spy_Mix_MagReSyn_DDA_01.raw.zip	ftp://ftp.pride.ebi.ac.uk/pride/data/archive/2024/05/PXD044423/28042021_Spy_Mix_MagReSyn_DDA_01.raw.zip	71	1	NT=label free sample;AC=MS:1002038	NT=Synapt ms;AC=MS:1001782	NT=Oxidation;MT=Variable;TA=M;AC=UNIMOD:35	NT=Carbamidomethyl;TA=C;MT=Fixed;AC=UNIMOD:4	AC=MS:1001251;NT=Trypsin	AC=MS:1000133;NT=collision-induced dissociation	not available	not available	NT=Streptococcus pyogenes nz131;AC=NCBITaxon:471876
PXD044423-Sample-1	Streptococcus pyogenes nz131	not applicable	not available	not available	not applicable	not applicable	not applicable	not applicable	not applicable	1	organism part	not available	run 72	proteomic profiling by mass spectrometry	v1.1.0	NT=ms-proteomics;VV=v1.1.0	NT=HDMSE;AC=PRIDE:0000452	18092021_Spy_THY08_HDMSe_02.raw.zip	ftp://ftp.pride.ebi.ac.uk/pride/data/archive/2024/05/PXD044423/18092021_Spy_THY08_HDMSe_02.raw.zip	72	1	NT=label free sample;AC=MS:1002038	NT=Synapt ms;AC=MS:1001782	NT=Oxidation;MT=Variable;TA=M;AC=UNIMOD:35	NT=Carbamidomethyl;TA=C;MT=Fixed;AC=UNIMOD:4	AC=MS:1001251;NT=Trypsin	AC=MS:1000133;NT=collision-induced dissociation	not available	not available	NT=Streptococcus pyogenes nz131;AC=NCBITaxon:471876
PXD044423-Sample-1	Streptococcus pyogenes nz131	not applicable	not available	not available	not applicable	not applicable	not applicable	not applicable	not applicable	1	organism part	not available	run 73	proteomic profiling by mass spectrometry	v1.1.0	NT=ms-proteomics;VV=v1.1.0	NT=HDMSE;AC=PRIDE:0000452	10092021_Spy_Phos_THY08_HDMSe_01.raw.zip	ftp://ftp.pride.ebi.ac.uk/pride/data/archive/2024/05/PXD044423/10092021_Spy_Phos_THY08_HDMSe_01.raw.zip	73	1	NT=label free sample;AC=MS:1002038	NT=Synapt ms;AC=MS:1001782	NT=Oxidation;MT=Variable;TA=M;AC=UNIMOD:35	NT=Carbamidomethyl;TA=C;MT=Fixed;AC=UNIMOD:4	AC=MS:1001251;NT=Trypsin	AC=MS:1000133;NT=collision-induced dissociation	not available	not available	NT=Streptococcus pyogenes nz131;AC=NCBITaxon:471876
PXD044423-Sample-1	Streptococcus pyogenes nz131	not applicable	not available	not available	not applicable	not applicable	not applicable	not applicable	not applicable	1	organism part	not available	run 74	proteomic profiling by mass spectrometry	v1.1.0	NT=ms-proteomics;VV=v1.1.0	NT=HDMSE;AC=PRIDE:0000452	28042021_Spy_Mix_MagReSyn_DDA_02.raw.zip	ftp://ftp.pride.ebi.ac.uk/pride/data/archive/2024/05/PXD044423/28042021_Spy_Mix_MagReSyn_DDA_02.raw.zip	74	1	NT=label free sample;AC=MS:1002038	NT=Synapt ms;AC=MS:1001782	NT=Oxidation;MT=Variable;TA=M;AC=UNIMOD:35	NT=Carbamidomethyl;TA=C;MT=Fixed;AC=UNIMOD:4	AC=MS:1001251;NT=Trypsin	AC=MS:1000133;NT=collision-induced dissociation	not available	not available	NT=Streptococcus pyogenes nz131;AC=NCBITaxon:471876
PXD044423-Sample-1	Streptococcus pyogenes nz131	not applicable	not available	not available	not applicable	not applicable	not applicable	not applicable	not applicable	1	organism part	not available	run 75	proteomic profiling by mass spectrometry	v1.1.0	NT=ms-proteomics;VV=v1.1.0	NT=HDMSE;AC=PRIDE:0000452	16092021_Spy_Phos_THYexpo_DDA_02.raw.zip	ftp://ftp.pride.ebi.ac.uk/pride/data/archive/2024/05/PXD044423/16092021_Spy_Phos_THYexpo_DDA_02.raw.zip	75	1	NT=label free sample;AC=MS:1002038	NT=Synapt ms;AC=MS:1001782	NT=Oxidation;MT=Variable;TA=M;AC=UNIMOD:35	NT=Carbamidomethyl;TA=C;MT=Fixed;AC=UNIMOD:4	AC=MS:1001251;NT=Trypsin	AC=MS:1000133;NT=collision-induced dissociation	not available	not available	NT=Streptococcus pyogenes nz131;AC=NCBITaxon:471876
PXD044423-Sample-1	Streptococcus pyogenes nz131	not applicable	not available	not available	not applicable	not applicable	not applicable	not applicable	not applicable	1	organism part	not available	run 76	proteomic profiling by mass spectrometry	v1.1.0	NT=ms-proteomics;VV=v1.1.0	NT=HDMSE;AC=PRIDE:0000452	18092021_Spy_THY15_HDMSe_01.raw.zip	ftp://ftp.pride.ebi.ac.uk/pride/data/archive/2024/05/PXD044423/18092021_Spy_THY15_HDMSe_01.raw.zip	76	1	NT=label free sample;AC=MS:1002038	NT=Synapt ms;AC=MS:1001782	NT=Oxidation;MT=Variable;TA=M;AC=UNIMOD:35	NT=Carbamidomethyl;TA=C;MT=Fixed;AC=UNIMOD:4	AC=MS:1001251;NT=Trypsin	AC=MS:1000133;NT=collision-induced dissociation	not available	not available	NT=Streptococcus pyogenes nz131;AC=NCBITaxon:471876
PXD044423-Sample-1	Streptococcus pyogenes nz131	not applicable	not available	not available	not applicable	not applicable	not applicable	not applicable	not applicable	1	organism part	not available	run 77	proteomic profiling by mass spectrometry	v1.1.0	NT=ms-proteomics;VV=v1.1.0	NT=HDMSE;AC=PRIDE:0000452	20082021_Spy_Phos_post_stat_20min_HDMSe_03.raw.zip	ftp://ftp.pride.ebi.ac.uk/pride/data/archive/2024/05/PXD044423/20082021_Spy_Phos_post_stat_20min_HDMSe_03.raw.zip	77	1	NT=label free sample;AC=MS:1002038	NT=Synapt ms;AC=MS:1001782	NT=Oxidation;MT=Variable;TA=M;AC=UNIMOD:35	NT=Carbamidomethyl;TA=C;MT=Fixed;AC=UNIMOD:4	AC=MS:1001251;NT=Trypsin	AC=MS:1000133;NT=collision-induced dissociation	not available	not available	NT=Streptococcus pyogenes nz131;AC=NCBITaxon:471876
PXD044423-Sample-1	Streptococcus pyogenes nz131	not applicable	not available	not available	not applicable	not applicable	not applicable	not applicable	not applicable	1	organism part	not available	run 78	proteomic profiling by mass spectrometry	v1.1.0	NT=ms-proteomics;VV=v1.1.0	NT=HDMSE;AC=PRIDE:0000452	10092021_Spy_Phos_Fru15_DDA_01.raw.zip	ftp://ftp.pride.ebi.ac.uk/pride/data/archive/2024/05/PXD044423/10092021_Spy_Phos_Fru15_DDA_01.raw.zip	78	1	NT=label free sample;AC=MS:1002038	NT=Synapt ms;AC=MS:1001782	NT=Oxidation;MT=Variable;TA=M;AC=UNIMOD:35	NT=Carbamidomethyl;TA=C;MT=Fixed;AC=UNIMOD:4	AC=MS:1001251;NT=Trypsin	AC=MS:1000133;NT=collision-induced dissociation	not available	not available	NT=Streptococcus pyogenes nz131;AC=NCBITaxon:471876
PXD044423-Sample-1	Streptococcus pyogenes nz131	not applicable	not available	not available	not applicable	not applicable	not applicable	not applicable	not applicable	1	organism part	not available	run 79	proteomic profiling by mass spectrometry	v1.1.0	NT=ms-proteomics;VV=v1.1.0	NT=HDMSE;AC=PRIDE:0000452	16092021_Spy_Phos_Fru15_DDA_01.raw.zip	ftp://ftp.pride.ebi.ac.uk/pride/data/archive/2024/05/PXD044423/16092021_Spy_Phos_Fru15_DDA_01.raw.zip	79	1	NT=label free sample;AC=MS:1002038	NT=Synapt ms;AC=MS:1001782	NT=Oxidation;MT=Variable;TA=M;AC=UNIMOD:35	NT=Carbamidomethyl;TA=C;MT=Fixed;AC=UNIMOD:4	AC=MS:1001251;NT=Trypsin	AC=MS:1000133;NT=collision-induced dissociation	not available	not available	NT=Streptococcus pyogenes nz131;AC=NCBITaxon:471876
PXD044423-Sample-1	Streptococcus pyogenes nz131	not applicable	not available	not available	not applicable	not applicable	not applicable	not applicable	not applicable	1	organism part	not available	run 80	proteomic profiling by mass spectrometry	v1.1.0	NT=ms-proteomics;VV=v1.1.0	NT=HDMSE;AC=PRIDE:0000452	05032021_Spy_3_THYexpo_HDMSe_03.raw.zip	ftp://ftp.pride.ebi.ac.uk/pride/data/archive/2024/05/PXD044423/05032021_Spy_3_THYexpo_HDMSe_03.raw.zip	80	1	NT=label free sample;AC=MS:1002038	NT=Synapt ms;AC=MS:1001782	NT=Oxidation;MT=Variable;TA=M;AC=UNIMOD:35	NT=Carbamidomethyl;TA=C;MT=Fixed;AC=UNIMOD:4	AC=MS:1001251;NT=Trypsin	AC=MS:1000133;NT=collision-induced dissociation	not available	not available	NT=Streptococcus pyogenes nz131;AC=NCBITaxon:471876
PXD044423-Sample-1	Streptococcus pyogenes nz131	not applicable	not available	not available	not applicable	not applicable	not applicable	not applicable	not applicable	1	organism part	not available	run 81	proteomic profiling by mass spectrometry	v1.1.0	NT=ms-proteomics;VV=v1.1.0	NT=HDMSE;AC=PRIDE:0000452	20082021_Spy_Phos_post_stat_20min_HDMSe_02.raw.zip	ftp://ftp.pride.ebi.ac.uk/pride/data/archive/2024/05/PXD044423/20082021_Spy_Phos_post_stat_20min_HDMSe_02.raw.zip	81	1	NT=label free sample;AC=MS:1002038	NT=Synapt ms;AC=MS:1001782	NT=Oxidation;MT=Variable;TA=M;AC=UNIMOD:35	NT=Carbamidomethyl;TA=C;MT=Fixed;AC=UNIMOD:4	AC=MS:1001251;NT=Trypsin	AC=MS:1000133;NT=collision-induced dissociation	not available	not available	NT=Streptococcus pyogenes nz131;AC=NCBITaxon:471876
PXD044423-Sample-1	Streptococcus pyogenes nz131	not applicable	not available	not available	not applicable	not applicable	not applicable	not applicable	not applicable	1	organism part	not available	run 82	proteomic profiling by mass spectrometry	v1.1.0	NT=ms-proteomics;VV=v1.1.0	NT=HDMSE;AC=PRIDE:0000452	02092021_Spy_post_stat_20min_HDMSe_01.raw.zip	ftp://ftp.pride.ebi.ac.uk/pride/data/archive/2024/05/PXD044423/02092021_Spy_post_stat_20min_HDMSe_01.raw.zip	82	1	NT=label free sample;AC=MS:1002038	NT=Synapt ms;AC=MS:1001782	NT=Oxidation;MT=Variable;TA=M;AC=UNIMOD:35	NT=Carbamidomethyl;TA=C;MT=Fixed;AC=UNIMOD:4	AC=MS:1001251;NT=Trypsin	AC=MS:1000133;NT=collision-induced dissociation	not available	not available	NT=Streptococcus pyogenes nz131;AC=NCBITaxon:471876
PXD044423-Sample-1	Streptococcus pyogenes nz131	not applicable	not available	not available	not applicable	not applicable	not applicable	not applicable	not applicable	1	organism part	not available	run 83	proteomic profiling by mass spectrometry	v1.1.0	NT=ms-proteomics;VV=v1.1.0	NT=HDMSE;AC=PRIDE:0000452	30042021_Spy_Phos_6_Fruexpo_DDA_01.raw.zip	ftp://ftp.pride.ebi.ac.uk/pride/data/archive/2024/05/PXD044423/30042021_Spy_Phos_6_Fruexpo_DDA_01.raw.zip	83	1	NT=label free sample;AC=MS:1002038	NT=Synapt ms;AC=MS:1001782	NT=Oxidation;MT=Variable;TA=M;AC=UNIMOD:35	NT=Carbamidomethyl;TA=C;MT=Fixed;AC=UNIMOD:4	AC=MS:1001251;NT=Trypsin	AC=MS:1000133;NT=collision-induced dissociation	not available	not available	NT=Streptococcus pyogenes nz131;AC=NCBITaxon:471876
PXD044423-Sample-1	Streptococcus pyogenes nz131	not applicable	not available	not available	not applicable	not applicable	not applicable	not applicable	not applicable	1	organism part	not available	run 84	proteomic profiling by mass spectrometry	v1.1.0	NT=ms-proteomics;VV=v1.1.0	NT=HDMSE;AC=PRIDE:0000452	18092021_Spy_CDMexpo_HDMSe_02.raw.zip	ftp://ftp.pride.ebi.ac.uk/pride/data/archive/2024/05/PXD044423/18092021_Spy_CDMexpo_HDMSe_02.raw.zip	84	1	NT=label free sample;AC=MS:1002038	NT=Synapt ms;AC=MS:1001782	NT=Oxidation;MT=Variable;TA=M;AC=UNIMOD:35	NT=Carbamidomethyl;TA=C;MT=Fixed;AC=UNIMOD:4	AC=MS:1001251;NT=Trypsin	AC=MS:1000133;NT=collision-induced dissociation	not available	not available	NT=Streptococcus pyogenes nz131;AC=NCBITaxon:471876
PXD044423-Sample-1	Streptococcus pyogenes nz131	not applicable	not available	not available	not applicable	not applicable	not applicable	not applicable	not applicable	1	organism part	not available	run 85	proteomic profiling by mass spectrometry	v1.1.0	NT=ms-proteomics;VV=v1.1.0	NT=HDMSE;AC=PRIDE:0000452	30042021_Spy_Phos_5_Fru15_DDA_01.raw.zip	ftp://ftp.pride.ebi.ac.uk/pride/data/archive/2024/05/PXD044423/30042021_Spy_Phos_5_Fru15_DDA_01.raw.zip	85	1	NT=label free sample;AC=MS:1002038	NT=Synapt ms;AC=MS:1001782	NT=Oxidation;MT=Variable;TA=M;AC=UNIMOD:35	NT=Carbamidomethyl;TA=C;MT=Fixed;AC=UNIMOD:4	AC=MS:1001251;NT=Trypsin	AC=MS:1000133;NT=collision-induced dissociation	not available	not available	NT=Streptococcus pyogenes nz131;AC=NCBITaxon:471876
PXD044423-Sample-1	Streptococcus pyogenes nz131	not applicable	not available	not available	not applicable	not applicable	not applicable	not applicable	not applicable	1	organism part	not available	run 86	proteomic profiling by mass spectrometry	v1.1.0	NT=ms-proteomics;VV=v1.1.0	NT=HDMSE;AC=PRIDE:0000452	21042021_Spy_Phos_3_THYexpo_DDA_01.raw.zip	ftp://ftp.pride.ebi.ac.uk/pride/data/archive/2024/05/PXD044423/21042021_Spy_Phos_3_THYexpo_DDA_01.raw.zip	86	1	NT=label free sample;AC=MS:1002038	NT=Synapt ms;AC=MS:1001782	NT=Oxidation;MT=Variable;TA=M;AC=UNIMOD:35	NT=Carbamidomethyl;TA=C;MT=Fixed;AC=UNIMOD:4	AC=MS:1001251;NT=Trypsin	AC=MS:1000133;NT=collision-induced dissociation	not available	not available	NT=Streptococcus pyogenes nz131;AC=NCBITaxon:471876
PXD044423-Sample-1	Streptococcus pyogenes nz131	not applicable	not available	not available	not applicable	not applicable	not applicable	not applicable	not applicable	1	organism part	not available	run 87	proteomic profiling by mass spectrometry	v1.1.0	NT=ms-proteomics;VV=v1.1.0	NT=HDMSE;AC=PRIDE:0000452	20082021_Spy_Phos_THY08_HDMSe_02.raw.zip	ftp://ftp.pride.ebi.ac.uk/pride/data/archive/2024/05/PXD044423/20082021_Spy_Phos_THY08_HDMSe_02.raw.zip	87	1	NT=label free sample;AC=MS:1002038	NT=Synapt ms;AC=MS:1001782	NT=Oxidation;MT=Variable;TA=M;AC=UNIMOD:35	NT=Carbamidomethyl;TA=C;MT=Fixed;AC=UNIMOD:4	AC=MS:1001251;NT=Trypsin	AC=MS:1000133;NT=collision-induced dissociation	not available	not available	NT=Streptococcus pyogenes nz131;AC=NCBITaxon:471876
PXD044423-Sample-1	Streptococcus pyogenes nz131	not applicable	not available	not available	not applicable	not applicable	not applicable	not applicable	not applicable	1	organism part	not available	run 88	proteomic profiling by mass spectrometry	v1.1.0	NT=ms-proteomics;VV=v1.1.0	NT=HDMSE;AC=PRIDE:0000452	21042021_Spy_Phos_10_CDMstat_HDMSe_01.raw.zip	ftp://ftp.pride.ebi.ac.uk/pride/data/archive/2024/05/PXD044423/21042021_Spy_Phos_10_CDMstat_HDMSe_01.raw.zip	88	1	NT=label free sample;AC=MS:1002038	NT=Synapt ms;AC=MS:1001782	NT=Oxidation;MT=Variable;TA=M;AC=UNIMOD:35	NT=Carbamidomethyl;TA=C;MT=Fixed;AC=UNIMOD:4	AC=MS:1001251;NT=Trypsin	AC=MS:1000133;NT=collision-induced dissociation	not available	not available	NT=Streptococcus pyogenes nz131;AC=NCBITaxon:471876
PXD044423-Sample-1	Streptococcus pyogenes nz131	not applicable	not available	not available	not applicable	not applicable	not applicable	not applicable	not applicable	1	organism part	not available	run 89	proteomic profiling by mass spectrometry	v1.1.0	NT=ms-proteomics;VV=v1.1.0	NT=HDMSE;AC=PRIDE:0000452	10092021_Spy_Phos_CDM3d_HDMSe_01.raw.zip	ftp://ftp.pride.ebi.ac.uk/pride/data/archive/2024/05/PXD044423/10092021_Spy_Phos_CDM3d_HDMSe_01.raw.zip	89	1	NT=label free sample;AC=MS:1002038	NT=Synapt ms;AC=MS:1001782	NT=Oxidation;MT=Variable;TA=M;AC=UNIMOD:35	NT=Carbamidomethyl;TA=C;MT=Fixed;AC=UNIMOD:4	AC=MS:1001251;NT=Trypsin	AC=MS:1000133;NT=collision-induced dissociation	not available	not available	NT=Streptococcus pyogenes nz131;AC=NCBITaxon:471876
PXD044423-Sample-1	Streptococcus pyogenes nz131	not applicable	not available	not available	not applicable	not applicable	not applicable	not applicable	not applicable	1	organism part	not available	run 90	proteomic profiling by mass spectrometry	v1.1.0	NT=ms-proteomics;VV=v1.1.0	NT=HDMSE;AC=PRIDE:0000452	05032021_Spy_6_Fruexpo_HDMSe_01.raw.zip	ftp://ftp.pride.ebi.ac.uk/pride/data/archive/2024/05/PXD044423/05032021_Spy_6_Fruexpo_HDMSe_01.raw.zip	90	1	NT=label free sample;AC=MS:1002038	NT=Synapt ms;AC=MS:1001782	NT=Oxidation;MT=Variable;TA=M;AC=UNIMOD:35	NT=Carbamidomethyl;TA=C;MT=Fixed;AC=UNIMOD:4	AC=MS:1001251;NT=Trypsin	AC=MS:1000133;NT=collision-induced dissociation	not available	not available	NT=Streptococcus pyogenes nz131;AC=NCBITaxon:471876
PXD044423-Sample-1	Streptococcus pyogenes nz131	not applicable	not available	not available	not applicable	not applicable	not applicable	not applicable	not applicable	1	organism part	not available	run 91	proteomic profiling by mass spectrometry	v1.1.0	NT=ms-proteomics;VV=v1.1.0	NT=HDMSE;AC=PRIDE:0000452	21042021_Spy_Phos_6_Fruexpo_DDA_01.raw.zip	ftp://ftp.pride.ebi.ac.uk/pride/data/archive/2024/05/PXD044423/21042021_Spy_Phos_6_Fruexpo_DDA_01.raw.zip	91	1	NT=label free sample;AC=MS:1002038	NT=Synapt ms;AC=MS:1001782	NT=Oxidation;MT=Variable;TA=M;AC=UNIMOD:35	NT=Carbamidomethyl;TA=C;MT=Fixed;AC=UNIMOD:4	AC=MS:1001251;NT=Trypsin	AC=MS:1000133;NT=collision-induced dissociation	not available	not available	NT=Streptococcus pyogenes nz131;AC=NCBITaxon:471876
PXD044423-Sample-1	Streptococcus pyogenes nz131	not applicable	not available	not available	not applicable	not applicable	not applicable	not applicable	not applicable	1	organism part	not available	run 92	proteomic profiling by mass spectrometry	v1.1.0	NT=ms-proteomics;VV=v1.1.0	NT=HDMSE;AC=PRIDE:0000452	10092021_Spy_Phos_CDM3d_DDA_01.raw.zip	ftp://ftp.pride.ebi.ac.uk/pride/data/archive/2024/05/PXD044423/10092021_Spy_Phos_CDM3d_DDA_01.raw.zip	92	1	NT=label free sample;AC=MS:1002038	NT=Synapt ms;AC=MS:1001782	NT=Oxidation;MT=Variable;TA=M;AC=UNIMOD:35	NT=Carbamidomethyl;TA=C;MT=Fixed;AC=UNIMOD:4	AC=MS:1001251;NT=Trypsin	AC=MS:1000133;NT=collision-induced dissociation	not available	not available	NT=Streptococcus pyogenes nz131;AC=NCBITaxon:471876
PXD044423-Sample-1	Streptococcus pyogenes nz131	not applicable	not available	not available	not applicable	not applicable	not applicable	not applicable	not applicable	1	organism part	not available	run 93	proteomic profiling by mass spectrometry	v1.1.0	NT=ms-proteomics;VV=v1.1.0	NT=HDMSE;AC=PRIDE:0000452	10092021_Spy_Phos_CDM15_DDA_01.raw.zip	ftp://ftp.pride.ebi.ac.uk/pride/data/archive/2024/05/PXD044423/10092021_Spy_Phos_CDM15_DDA_01.raw.zip	93	1	NT=label free sample;AC=MS:1002038	NT=Synapt ms;AC=MS:1001782	NT=Oxidation;MT=Variable;TA=M;AC=UNIMOD:35	NT=Carbamidomethyl;TA=C;MT=Fixed;AC=UNIMOD:4	AC=MS:1001251;NT=Trypsin	AC=MS:1000133;NT=collision-induced dissociation	not available	not available	NT=Streptococcus pyogenes nz131;AC=NCBITaxon:471876
PXD044423-Sample-1	Streptococcus pyogenes nz131	not applicable	not available	not available	not applicable	not applicable	not applicable	not applicable	not applicable	1	organism part	not available	run 94	proteomic profiling by mass spectrometry	v1.1.0	NT=ms-proteomics;VV=v1.1.0	NT=HDMSE;AC=PRIDE:0000452	02092021_Spy_post_stat_40min_HDMSe_03.raw.zip	ftp://ftp.pride.ebi.ac.uk/pride/data/archive/2024/05/PXD044423/02092021_Spy_post_stat_40min_HDMSe_03.raw.zip	94	1	NT=label free sample;AC=MS:1002038	NT=Synapt ms;AC=MS:1001782	NT=Oxidation;MT=Variable;TA=M;AC=UNIMOD:35	NT=Carbamidomethyl;TA=C;MT=Fixed;AC=UNIMOD:4	AC=MS:1001251;NT=Trypsin	AC=MS:1000133;NT=collision-induced dissociation	not available	not available	NT=Streptococcus pyogenes nz131;AC=NCBITaxon:471876
PXD044423-Sample-1	Streptococcus pyogenes nz131	not applicable	not available	not available	not applicable	not applicable	not applicable	not applicable	not applicable	1	organism part	not available	run 95	proteomic profiling by mass spectrometry	v1.1.0	NT=ms-proteomics;VV=v1.1.0	NT=HDMSE;AC=PRIDE:0000452	10092021_Spy_Phos_THY08_HDMSe_02.raw.zip	ftp://ftp.pride.ebi.ac.uk/pride/data/archive/2024/05/PXD044423/10092021_Spy_Phos_THY08_HDMSe_02.raw.zip	95	1	NT=label free sample;AC=MS:1002038	NT=Synapt ms;AC=MS:1001782	NT=Oxidation;MT=Variable;TA=M;AC=UNIMOD:35	NT=Carbamidomethyl;TA=C;MT=Fixed;AC=UNIMOD:4	AC=MS:1001251;NT=Trypsin	AC=MS:1000133;NT=collision-induced dissociation	not available	not available	NT=Streptococcus pyogenes nz131;AC=NCBITaxon:471876
PXD044423-Sample-1	Streptococcus pyogenes nz131	not applicable	not available	not available	not applicable	not applicable	not applicable	not applicable	not applicable	1	organism part	not available	run 96	proteomic profiling by mass spectrometry	v1.1.0	NT=ms-proteomics;VV=v1.1.0	NT=HDMSE;AC=PRIDE:0000452	21042021_Spy_Phos_5_Fru15_HDMSe_01.raw.zip	ftp://ftp.pride.ebi.ac.uk/pride/data/archive/2024/05/PXD044423/21042021_Spy_Phos_5_Fru15_HDMSe_01.raw.zip	96	1	NT=label free sample;AC=MS:1002038	NT=Synapt ms;AC=MS:1001782	NT=Oxidation;MT=Variable;TA=M;AC=UNIMOD:35	NT=Carbamidomethyl;TA=C;MT=Fixed;AC=UNIMOD:4	AC=MS:1001251;NT=Trypsin	AC=MS:1000133;NT=collision-induced dissociation	not available	not available	NT=Streptococcus pyogenes nz131;AC=NCBITaxon:471876
PXD044423-Sample-1	Streptococcus pyogenes nz131	not applicable	not available	not available	not applicable	not applicable	not applicable	not applicable	not applicable	1	organism part	not available	run 97	proteomic profiling by mass spectrometry	v1.1.0	NT=ms-proteomics;VV=v1.1.0	NT=HDMSE;AC=PRIDE:0000452	20082021_Spy_Phos_post_stat_40min_HDMSe_01.raw.zip	ftp://ftp.pride.ebi.ac.uk/pride/data/archive/2024/05/PXD044423/20082021_Spy_Phos_post_stat_40min_HDMSe_01.raw.zip	97	1	NT=label free sample;AC=MS:1002038	NT=Synapt ms;AC=MS:1001782	NT=Oxidation;MT=Variable;TA=M;AC=UNIMOD:35	NT=Carbamidomethyl;TA=C;MT=Fixed;AC=UNIMOD:4	AC=MS:1001251;NT=Trypsin	AC=MS:1000133;NT=collision-induced dissociation	not available	not available	NT=Streptococcus pyogenes nz131;AC=NCBITaxon:471876
PXD044423-Sample-1	Streptococcus pyogenes nz131	not applicable	not available	not available	not applicable	not applicable	not applicable	not applicable	not applicable	1	organism part	not available	run 98	proteomic profiling by mass spectrometry	v1.1.0	NT=ms-proteomics;VV=v1.1.0	NT=HDMSE;AC=PRIDE:0000452	21042021_Spy_Phos_1_THY08_DDA_01.raw.zip	ftp://ftp.pride.ebi.ac.uk/pride/data/archive/2024/05/PXD044423/21042021_Spy_Phos_1_THY08_DDA_01.raw.zip	98	1	NT=label free sample;AC=MS:1002038	NT=Synapt ms;AC=MS:1001782	NT=Oxidation;MT=Variable;TA=M;AC=UNIMOD:35	NT=Carbamidomethyl;TA=C;MT=Fixed;AC=UNIMOD:4	AC=MS:1001251;NT=Trypsin	AC=MS:1000133;NT=collision-induced dissociation	not available	not available	NT=Streptococcus pyogenes nz131;AC=NCBITaxon:471876
PXD044423-Sample-1	Streptococcus pyogenes nz131	not applicable	not available	not available	not applicable	not applicable	not applicable	not applicable	not applicable	1	organism part	not available	run 99	proteomic profiling by mass spectrometry	v1.1.0	NT=ms-proteomics;VV=v1.1.0	NT=HDMSE;AC=PRIDE:0000452	10092021_Spy_Phos_Fru20h_HDMSe_01.raw.zip	ftp://ftp.pride.ebi.ac.uk/pride/data/archive/2024/05/PXD044423/10092021_Spy_Phos_Fru20h_HDMSe_01.raw.zip	99	1	NT=label free sample;AC=MS:1002038	NT=Synapt ms;AC=MS:1001782	NT=Oxidation;MT=Variable;TA=M;AC=UNIMOD:35	NT=Carbamidomethyl;TA=C;MT=Fixed;AC=UNIMOD:4	AC=MS:1001251;NT=Trypsin	AC=MS:1000133;NT=collision-induced dissociation	not available	not available	NT=Streptococcus pyogenes nz131;AC=NCBITaxon:471876
PXD044423-Sample-1	Streptococcus pyogenes nz131	not applicable	not available	not available	not applicable	not applicable	not applicable	not applicable	not applicable	1	organism part	not available	run 100	proteomic profiling by mass spectrometry	v1.1.0	NT=ms-proteomics;VV=v1.1.0	NT=HDMSE;AC=PRIDE:0000452	10092021_Spy_Phos_Fru15_HDMSe_01.raw.zip	ftp://ftp.pride.ebi.ac.uk/pride/data/archive/2024/05/PXD044423/10092021_Spy_Phos_Fru15_HDMSe_01.raw.zip	100	1	NT=label free sample;AC=MS:1002038	NT=Synapt ms;AC=MS:1001782	NT=Oxidation;MT=Variable;TA=M;AC=UNIMOD:35	NT=Carbamidomethyl;TA=C;MT=Fixed;AC=UNIMOD:4	AC=MS:1001251;NT=Trypsin	AC=MS:1000133;NT=collision-induced dissociation	not available	not available	NT=Streptococcus pyogenes nz131;AC=NCBITaxon:471876
PXD044423-Sample-1	Streptococcus pyogenes nz131	not applicable	not available	not available	not applicable	not applicable	not applicable	not applicable	not applicable	1	organism part	not available	run 101	proteomic profiling by mass spectrometry	v1.1.0	NT=ms-proteomics;VV=v1.1.0	NT=HDMSE;AC=PRIDE:0000452	18092021_Spy_THY20h_HDMSe_02.raw.zip	ftp://ftp.pride.ebi.ac.uk/pride/data/archive/2024/05/PXD044423/18092021_Spy_THY20h_HDMSe_02.raw.zip	101	1	NT=label free sample;AC=MS:1002038	NT=Synapt ms;AC=MS:1001782	NT=Oxidation;MT=Variable;TA=M;AC=UNIMOD:35	NT=Carbamidomethyl;TA=C;MT=Fixed;AC=UNIMOD:4	AC=MS:1001251;NT=Trypsin	AC=MS:1000133;NT=collision-induced dissociation	not available	not available	NT=Streptococcus pyogenes nz131;AC=NCBITaxon:471876
PXD044423-Sample-1	Streptococcus pyogenes nz131	not applicable	not available	not available	not applicable	not applicable	not applicable	not applicable	not applicable	1	organism part	not available	run 102	proteomic profiling by mass spectrometry	v1.1.0	NT=ms-proteomics;VV=v1.1.0	NT=HDMSE;AC=PRIDE:0000452	16092021_Spy_Phos_THY15_DDA_02.raw.zip	ftp://ftp.pride.ebi.ac.uk/pride/data/archive/2024/05/PXD044423/16092021_Spy_Phos_THY15_DDA_02.raw.zip	102	1	NT=label free sample;AC=MS:1002038	NT=Synapt ms;AC=MS:1001782	NT=Oxidation;MT=Variable;TA=M;AC=UNIMOD:35	NT=Carbamidomethyl;TA=C;MT=Fixed;AC=UNIMOD:4	AC=MS:1001251;NT=Trypsin	AC=MS:1000133;NT=collision-induced dissociation	not available	not available	NT=Streptococcus pyogenes nz131;AC=NCBITaxon:471876
PXD044423-Sample-1	Streptococcus pyogenes nz131	not applicable	not available	not available	not applicable	not applicable	not applicable	not applicable	not applicable	1	organism part	not available	run 103	proteomic profiling by mass spectrometry	v1.1.0	NT=ms-proteomics;VV=v1.1.0	NT=HDMSE;AC=PRIDE:0000452	18092021_Spy_Fru15_HDMSe_01.raw.zip	ftp://ftp.pride.ebi.ac.uk/pride/data/archive/2024/05/PXD044423/18092021_Spy_Fru15_HDMSe_01.raw.zip	103	1	NT=label free sample;AC=MS:1002038	NT=Synapt ms;AC=MS:1001782	NT=Oxidation;MT=Variable;TA=M;AC=UNIMOD:35	NT=Carbamidomethyl;TA=C;MT=Fixed;AC=UNIMOD:4	AC=MS:1001251;NT=Trypsin	AC=MS:1000133;NT=collision-induced dissociation	not available	not available	NT=Streptococcus pyogenes nz131;AC=NCBITaxon:471876
PXD044423-Sample-1	Streptococcus pyogenes nz131	not applicable	not available	not available	not applicable	not applicable	not applicable	not applicable	not applicable	1	organism part	not available	run 104	proteomic profiling by mass spectrometry	v1.1.0	NT=ms-proteomics;VV=v1.1.0	NT=HDMSE;AC=PRIDE:0000452	10092021_Spy_Phos_Fru20h_HDMSe_02.raw.zip	ftp://ftp.pride.ebi.ac.uk/pride/data/archive/2024/05/PXD044423/10092021_Spy_Phos_Fru20h_HDMSe_02.raw.zip	104	1	NT=label free sample;AC=MS:1002038	NT=Synapt ms;AC=MS:1001782	NT=Oxidation;MT=Variable;TA=M;AC=UNIMOD:35	NT=Carbamidomethyl;TA=C;MT=Fixed;AC=UNIMOD:4	AC=MS:1001251;NT=Trypsin	AC=MS:1000133;NT=collision-induced dissociation	not available	not available	NT=Streptococcus pyogenes nz131;AC=NCBITaxon:471876
PXD044423-Sample-1	Streptococcus pyogenes nz131	not applicable	not available	not available	not applicable	not applicable	not applicable	not applicable	not applicable	1	organism part	not available	run 105	proteomic profiling by mass spectrometry	v1.1.0	NT=ms-proteomics;VV=v1.1.0	NT=HDMSE;AC=PRIDE:0000452	18092021_Spy_Fruexpo_HDMSe_02.raw.zip	ftp://ftp.pride.ebi.ac.uk/pride/data/archive/2024/05/PXD044423/18092021_Spy_Fruexpo_HDMSe_02.raw.zip	105	1	NT=label free sample;AC=MS:1002038	NT=Synapt ms;AC=MS:1001782	NT=Oxidation;MT=Variable;TA=M;AC=UNIMOD:35	NT=Carbamidomethyl;TA=C;MT=Fixed;AC=UNIMOD:4	AC=MS:1001251;NT=Trypsin	AC=MS:1000133;NT=collision-induced dissociation	not available	not available	NT=Streptococcus pyogenes nz131;AC=NCBITaxon:471876
PXD044423-Sample-1	Streptococcus pyogenes nz131	not applicable	not available	not available	not applicable	not applicable	not applicable	not applicable	not applicable	1	organism part	not available	run 106	proteomic profiling by mass spectrometry	v1.1.0	NT=ms-proteomics;VV=v1.1.0	NT=HDMSE;AC=PRIDE:0000452	10092021_Spy_Phos_CDMexpo_HDMSe_02.raw.zip	ftp://ftp.pride.ebi.ac.uk/pride/data/archive/2024/05/PXD044423/10092021_Spy_Phos_CDMexpo_HDMSe_02.raw.zip	106	1	NT=label free sample;AC=MS:1002038	NT=Synapt ms;AC=MS:1001782	NT=Oxidation;MT=Variable;TA=M;AC=UNIMOD:35	NT=Carbamidomethyl;TA=C;MT=Fixed;AC=UNIMOD:4	AC=MS:1001251;NT=Trypsin	AC=MS:1000133;NT=collision-induced dissociation	not available	not available	NT=Streptococcus pyogenes nz131;AC=NCBITaxon:471876
PXD044423-Sample-1	Streptococcus pyogenes nz131	not applicable	not available	not available	not applicable	not applicable	not applicable	not applicable	not applicable	1	organism part	not available	run 107	proteomic profiling by mass spectrometry	v1.1.0	NT=ms-proteomics;VV=v1.1.0	NT=HDMSE;AC=PRIDE:0000452	05032021_Spy_1_THY08_HDMSe_04.raw.zip	ftp://ftp.pride.ebi.ac.uk/pride/data/archive/2024/05/PXD044423/05032021_Spy_1_THY08_HDMSe_04.raw.zip	107	1	NT=label free sample;AC=MS:1002038	NT=Synapt ms;AC=MS:1001782	NT=Oxidation;MT=Variable;TA=M;AC=UNIMOD:35	NT=Carbamidomethyl;TA=C;MT=Fixed;AC=UNIMOD:4	AC=MS:1001251;NT=Trypsin	AC=MS:1000133;NT=collision-induced dissociation	not available	not available	NT=Streptococcus pyogenes nz131;AC=NCBITaxon:471876
PXD044423-Sample-1	Streptococcus pyogenes nz131	not applicable	not available	not available	not applicable	not applicable	not applicable	not applicable	not applicable	1	organism part	not available	run 108	proteomic profiling by mass spectrometry	v1.1.0	NT=ms-proteomics;VV=v1.1.0	NT=HDMSE;AC=PRIDE:0000452	10092021_Spy_Phos_CDM15_HDMSe_01.raw.zip	ftp://ftp.pride.ebi.ac.uk/pride/data/archive/2024/05/PXD044423/10092021_Spy_Phos_CDM15_HDMSe_01.raw.zip	108	1	NT=label free sample;AC=MS:1002038	NT=Synapt ms;AC=MS:1001782	NT=Oxidation;MT=Variable;TA=M;AC=UNIMOD:35	NT=Carbamidomethyl;TA=C;MT=Fixed;AC=UNIMOD:4	AC=MS:1001251;NT=Trypsin	AC=MS:1000133;NT=collision-induced dissociation	not available	not available	NT=Streptococcus pyogenes nz131;AC=NCBITaxon:471876
PXD044423-Sample-1	Streptococcus pyogenes nz131	not applicable	not available	not available	not applicable	not applicable	not applicable	not applicable	not applicable	1	organism part	not available	run 109	proteomic profiling by mass spectrometry	v1.1.0	NT=ms-proteomics;VV=v1.1.0	NT=HDMSE;AC=PRIDE:0000452	05032021_Spy_10_CDMstat_HDMSe_01.raw.zip	ftp://ftp.pride.ebi.ac.uk/pride/data/archive/2024/05/PXD044423/05032021_Spy_10_CDMstat_HDMSe_01.raw.zip	109	1	NT=label free sample;AC=MS:1002038	NT=Synapt ms;AC=MS:1001782	NT=Oxidation;MT=Variable;TA=M;AC=UNIMOD:35	NT=Carbamidomethyl;TA=C;MT=Fixed;AC=UNIMOD:4	AC=MS:1001251;NT=Trypsin	AC=MS:1000133;NT=collision-induced dissociation	not available	not available	NT=Streptococcus pyogenes nz131;AC=NCBITaxon:471876
PXD044423-Sample-1	Streptococcus pyogenes nz131	not applicable	not available	not available	not applicable	not applicable	not applicable	not applicable	not applicable	1	organism part	not available	run 110	proteomic profiling by mass spectrometry	v1.1.0	NT=ms-proteomics;VV=v1.1.0	NT=HDMSE;AC=PRIDE:0000452	10092021_Spy_Phos_CDMexpo_DDA_01.raw.zip	ftp://ftp.pride.ebi.ac.uk/pride/data/archive/2024/05/PXD044423/10092021_Spy_Phos_CDMexpo_DDA_01.raw.zip	110	1	NT=label free sample;AC=MS:1002038	NT=Synapt ms;AC=MS:1001782	NT=Oxidation;MT=Variable;TA=M;AC=UNIMOD:35	NT=Carbamidomethyl;TA=C;MT=Fixed;AC=UNIMOD:4	AC=MS:1001251;NT=Trypsin	AC=MS:1000133;NT=collision-induced dissociation	not available	not available	NT=Streptococcus pyogenes nz131;AC=NCBITaxon:471876
PXD044423-Sample-1	Streptococcus pyogenes nz131	not applicable	not available	not available	not applicable	not applicable	not applicable	not applicable	not applicable	1	organism part	not available	run 111	proteomic profiling by mass spectrometry	v1.1.0	NT=ms-proteomics;VV=v1.1.0	NT=HDMSE;AC=PRIDE:0000452	21042021_Spy_Phos_9_CDMexpo_HDMSe_03.raw.zip	ftp://ftp.pride.ebi.ac.uk/pride/data/archive/2024/05/PXD044423/21042021_Spy_Phos_9_CDMexpo_HDMSe_03.raw.zip	111	1	NT=label free sample;AC=MS:1002038	NT=Synapt ms;AC=MS:1001782	NT=Oxidation;MT=Variable;TA=M;AC=UNIMOD:35	NT=Carbamidomethyl;TA=C;MT=Fixed;AC=UNIMOD:4	AC=MS:1001251;NT=Trypsin	AC=MS:1000133;NT=collision-induced dissociation	not available	not available	NT=Streptococcus pyogenes nz131;AC=NCBITaxon:471876
PXD044423-Sample-1	Streptococcus pyogenes nz131	not applicable	not available	not available	not applicable	not applicable	not applicable	not applicable	not applicable	1	organism part	not available	run 112	proteomic profiling by mass spectrometry	v1.1.0	NT=ms-proteomics;VV=v1.1.0	NT=HDMSE;AC=PRIDE:0000452	18092021_Spy_THY15_HDMSe_02.raw.zip	ftp://ftp.pride.ebi.ac.uk/pride/data/archive/2024/05/PXD044423/18092021_Spy_THY15_HDMSe_02.raw.zip	112	1	NT=label free sample;AC=MS:1002038	NT=Synapt ms;AC=MS:1001782	NT=Oxidation;MT=Variable;TA=M;AC=UNIMOD:35	NT=Carbamidomethyl;TA=C;MT=Fixed;AC=UNIMOD:4	AC=MS:1001251;NT=Trypsin	AC=MS:1000133;NT=collision-induced dissociation	not available	not available	NT=Streptococcus pyogenes nz131;AC=NCBITaxon:471876
PXD044423-Sample-1	Streptococcus pyogenes nz131	not applicable	not available	not available	not applicable	not applicable	not applicable	not applicable	not applicable	1	organism part	not available	run 113	proteomic profiling by mass spectrometry	v1.1.0	NT=ms-proteomics;VV=v1.1.0	NT=HDMSE;AC=PRIDE:0000452	20082021_Spy_Phos_THY_stat_3d_HDMSe_02.raw.zip	ftp://ftp.pride.ebi.ac.uk/pride/data/archive/2024/05/PXD044423/20082021_Spy_Phos_THY_stat_3d_HDMSe_02.raw.zip	113	1	NT=label free sample;AC=MS:1002038	NT=Synapt ms;AC=MS:1001782	NT=Oxidation;MT=Variable;TA=M;AC=UNIMOD:35	NT=Carbamidomethyl;TA=C;MT=Fixed;AC=UNIMOD:4	AC=MS:1001251;NT=Trypsin	AC=MS:1000133;NT=collision-induced dissociation	not available	not available	NT=Streptococcus pyogenes nz131;AC=NCBITaxon:471876
PXD044423-Sample-1	Streptococcus pyogenes nz131	not applicable	not available	not available	not applicable	not applicable	not applicable	not applicable	not applicable	1	organism part	not available	run 114	proteomic profiling by mass spectrometry	v1.1.0	NT=ms-proteomics;VV=v1.1.0	NT=HDMSE;AC=PRIDE:0000452	05032021_Spy_1_THY08_HDMSe_02.raw.zip	ftp://ftp.pride.ebi.ac.uk/pride/data/archive/2024/05/PXD044423/05032021_Spy_1_THY08_HDMSe_02.raw.zip	114	1	NT=label free sample;AC=MS:1002038	NT=Synapt ms;AC=MS:1001782	NT=Oxidation;MT=Variable;TA=M;AC=UNIMOD:35	NT=Carbamidomethyl;TA=C;MT=Fixed;AC=UNIMOD:4	AC=MS:1001251;NT=Trypsin	AC=MS:1000133;NT=collision-induced dissociation	not available	not available	NT=Streptococcus pyogenes nz131;AC=NCBITaxon:471876
PXD044423-Sample-1	Streptococcus pyogenes nz131	not applicable	not available	not available	not applicable	not applicable	not applicable	not applicable	not applicable	1	organism part	not available	run 115	proteomic profiling by mass spectrometry	v1.1.0	NT=ms-proteomics;VV=v1.1.0	NT=HDMSE;AC=PRIDE:0000452	10092021_Spy_Phos_THYexpo_DDA_01.raw.zip	ftp://ftp.pride.ebi.ac.uk/pride/data/archive/2024/05/PXD044423/10092021_Spy_Phos_THYexpo_DDA_01.raw.zip	115	1	NT=label free sample;AC=MS:1002038	NT=Synapt ms;AC=MS:1001782	NT=Oxidation;MT=Variable;TA=M;AC=UNIMOD:35	NT=Carbamidomethyl;TA=C;MT=Fixed;AC=UNIMOD:4	AC=MS:1001251;NT=Trypsin	AC=MS:1000133;NT=collision-induced dissociation	not available	not available	NT=Streptococcus pyogenes nz131;AC=NCBITaxon:471876
PXD044423-Sample-1	Streptococcus pyogenes nz131	not applicable	not available	not available	not applicable	not applicable	not applicable	not applicable	not applicable	1	organism part	not available	run 116	proteomic profiling by mass spectrometry	v1.1.0	NT=ms-proteomics;VV=v1.1.0	NT=HDMSE;AC=PRIDE:0000452	05032021_Spy_7_Frustat_HDMSe_03.raw.zip	ftp://ftp.pride.ebi.ac.uk/pride/data/archive/2024/05/PXD044423/05032021_Spy_7_Frustat_HDMSe_03.raw.zip	116	1	NT=label free sample;AC=MS:1002038	NT=Synapt ms;AC=MS:1001782	NT=Oxidation;MT=Variable;TA=M;AC=UNIMOD:35	NT=Carbamidomethyl;TA=C;MT=Fixed;AC=UNIMOD:4	AC=MS:1001251;NT=Trypsin	AC=MS:1000133;NT=collision-induced dissociation	not available	not available	NT=Streptococcus pyogenes nz131;AC=NCBITaxon:471876
PXD044423-Sample-1	Streptococcus pyogenes nz131	not applicable	not available	not available	not applicable	not applicable	not applicable	not applicable	not applicable	1	organism part	not available	run 117	proteomic profiling by mass spectrometry	v1.1.0	NT=ms-proteomics;VV=v1.1.0	NT=HDMSE;AC=PRIDE:0000452	05032021_Spy_9_CDMexpo_HDMSe_03.raw.zip	ftp://ftp.pride.ebi.ac.uk/pride/data/archive/2024/05/PXD044423/05032021_Spy_9_CDMexpo_HDMSe_03.raw.zip	117	1	NT=label free sample;AC=MS:1002038	NT=Synapt ms;AC=MS:1001782	NT=Oxidation;MT=Variable;TA=M;AC=UNIMOD:35	NT=Carbamidomethyl;TA=C;MT=Fixed;AC=UNIMOD:4	AC=MS:1001251;NT=Trypsin	AC=MS:1000133;NT=collision-induced dissociation	not available	not available	NT=Streptococcus pyogenes nz131;AC=NCBITaxon:471876
PXD044423-Sample-1	Streptococcus pyogenes nz131	not applicable	not available	not available	not applicable	not applicable	not applicable	not applicable	not applicable	1	organism part	not available	run 118	proteomic profiling by mass spectrometry	v1.1.0	NT=ms-proteomics;VV=v1.1.0	NT=HDMSE;AC=PRIDE:0000452	21042021_Spy_Phos_8_CDM15_HDMSe_02.raw.zip	ftp://ftp.pride.ebi.ac.uk/pride/data/archive/2024/05/PXD044423/21042021_Spy_Phos_8_CDM15_HDMSe_02.raw.zip	118	1	NT=label free sample;AC=MS:1002038	NT=Synapt ms;AC=MS:1001782	NT=Oxidation;MT=Variable;TA=M;AC=UNIMOD:35	NT=Carbamidomethyl;TA=C;MT=Fixed;AC=UNIMOD:4	AC=MS:1001251;NT=Trypsin	AC=MS:1000133;NT=collision-induced dissociation	not available	not available	NT=Streptococcus pyogenes nz131;AC=NCBITaxon:471876
PXD044423-Sample-1	Streptococcus pyogenes nz131	not applicable	not available	not available	not applicable	not applicable	not applicable	not applicable	not applicable	1	organism part	not available	run 119	proteomic profiling by mass spectrometry	v1.1.0	NT=ms-proteomics;VV=v1.1.0	NT=HDMSE;AC=PRIDE:0000452	05032021_Spy_3_THYexpo_HDMSe_01.raw.zip	ftp://ftp.pride.ebi.ac.uk/pride/data/archive/2024/05/PXD044423/05032021_Spy_3_THYexpo_HDMSe_01.raw.zip	119	1	NT=label free sample;AC=MS:1002038	NT=Synapt ms;AC=MS:1001782	NT=Oxidation;MT=Variable;TA=M;AC=UNIMOD:35	NT=Carbamidomethyl;TA=C;MT=Fixed;AC=UNIMOD:4	AC=MS:1001251;NT=Trypsin	AC=MS:1000133;NT=collision-induced dissociation	not available	not available	NT=Streptococcus pyogenes nz131;AC=NCBITaxon:471876
PXD044423-Sample-1	Streptococcus pyogenes nz131	not applicable	not available	not available	not applicable	not applicable	not applicable	not applicable	not applicable	1	organism part	not available	run 120	proteomic profiling by mass spectrometry	v1.1.0	NT=ms-proteomics;VV=v1.1.0	NT=HDMSE;AC=PRIDE:0000452	21042021_Spy_Phos_9_CDMexpo_DDA_01.raw.zip	ftp://ftp.pride.ebi.ac.uk/pride/data/archive/2024/05/PXD044423/21042021_Spy_Phos_9_CDMexpo_DDA_01.raw.zip	120	1	NT=label free sample;AC=MS:1002038	NT=Synapt ms;AC=MS:1001782	NT=Oxidation;MT=Variable;TA=M;AC=UNIMOD:35	NT=Carbamidomethyl;TA=C;MT=Fixed;AC=UNIMOD:4	AC=MS:1001251;NT=Trypsin	AC=MS:1000133;NT=collision-induced dissociation	not available	not available	NT=Streptococcus pyogenes nz131;AC=NCBITaxon:471876
PXD044423-Sample-1	Streptococcus pyogenes nz131	not applicable	not available	not available	not applicable	not applicable	not applicable	not applicable	not applicable	1	organism part	not available	run 121	proteomic profiling by mass spectrometry	v1.1.0	NT=ms-proteomics;VV=v1.1.0	NT=HDMSE;AC=PRIDE:0000452	20082021_Spy_Phos_THY_stat_3d_DDA_01.raw.zip	ftp://ftp.pride.ebi.ac.uk/pride/data/archive/2024/05/PXD044423/20082021_Spy_Phos_THY_stat_3d_DDA_01.raw.zip	121	1	NT=label free sample;AC=MS:1002038	NT=Synapt ms;AC=MS:1001782	NT=Oxidation;MT=Variable;TA=M;AC=UNIMOD:35	NT=Carbamidomethyl;TA=C;MT=Fixed;AC=UNIMOD:4	AC=MS:1001251;NT=Trypsin	AC=MS:1000133;NT=collision-induced dissociation	not available	not available	NT=Streptococcus pyogenes nz131;AC=NCBITaxon:471876
PXD044423-Sample-1	Streptococcus pyogenes nz131	not applicable	not available	not available	not applicable	not applicable	not applicable	not applicable	not applicable	1	organism part	not available	run 122	proteomic profiling by mass spectrometry	v1.1.0	NT=ms-proteomics;VV=v1.1.0	NT=HDMSE;AC=PRIDE:0000452	05032021_Spy_7_Frustat_HDMSe_02.raw.zip	ftp://ftp.pride.ebi.ac.uk/pride/data/archive/2024/05/PXD044423/05032021_Spy_7_Frustat_HDMSe_02.raw.zip	122	1	NT=label free sample;AC=MS:1002038	NT=Synapt ms;AC=MS:1001782	NT=Oxidation;MT=Variable;TA=M;AC=UNIMOD:35	NT=Carbamidomethyl;TA=C;MT=Fixed;AC=UNIMOD:4	AC=MS:1001251;NT=Trypsin	AC=MS:1000133;NT=collision-induced dissociation	not available	not available	NT=Streptococcus pyogenes nz131;AC=NCBITaxon:471876
PXD044423-Sample-1	Streptococcus pyogenes nz131	not applicable	not available	not available	not applicable	not applicable	not applicable	not applicable	not applicable	1	organism part	not available	run 123	proteomic profiling by mass spectrometry	v1.1.0	NT=ms-proteomics;VV=v1.1.0	NT=HDMSE;AC=PRIDE:0000452	18092021_Spy_Fru3d_HDMSe_01.raw.zip	ftp://ftp.pride.ebi.ac.uk/pride/data/archive/2024/05/PXD044423/18092021_Spy_Fru3d_HDMSe_01.raw.zip	123	1	NT=label free sample;AC=MS:1002038	NT=Synapt ms;AC=MS:1001782	NT=Oxidation;MT=Variable;TA=M;AC=UNIMOD:35	NT=Carbamidomethyl;TA=C;MT=Fixed;AC=UNIMOD:4	AC=MS:1001251;NT=Trypsin	AC=MS:1000133;NT=collision-induced dissociation	not available	not available	NT=Streptococcus pyogenes nz131;AC=NCBITaxon:471876
PXD044423-Sample-1	Streptococcus pyogenes nz131	not applicable	not available	not available	not applicable	not applicable	not applicable	not applicable	not applicable	1	organism part	not available	run 124	proteomic profiling by mass spectrometry	v1.1.0	NT=ms-proteomics;VV=v1.1.0	NT=HDMSE;AC=PRIDE:0000452	21042021_Spy_Phos_8_CDM15_HDMSe_03.raw.zip	ftp://ftp.pride.ebi.ac.uk/pride/data/archive/2024/05/PXD044423/21042021_Spy_Phos_8_CDM15_HDMSe_03.raw.zip	124	1	NT=label free sample;AC=MS:1002038	NT=Synapt ms;AC=MS:1001782	NT=Oxidation;MT=Variable;TA=M;AC=UNIMOD:35	NT=Carbamidomethyl;TA=C;MT=Fixed;AC=UNIMOD:4	AC=MS:1001251;NT=Trypsin	AC=MS:1000133;NT=collision-induced dissociation	not available	not available	NT=Streptococcus pyogenes nz131;AC=NCBITaxon:471876
PXD044423-Sample-1	Streptococcus pyogenes nz131	not applicable	not available	not available	not applicable	not applicable	not applicable	not applicable	not applicable	1	organism part	not available	run 125	proteomic profiling by mass spectrometry	v1.1.0	NT=ms-proteomics;VV=v1.1.0	NT=HDMSE;AC=PRIDE:0000452	05032021_Spy_10_CDMstat_HDMSe_02.raw.zip	ftp://ftp.pride.ebi.ac.uk/pride/data/archive/2024/05/PXD044423/05032021_Spy_10_CDMstat_HDMSe_02.raw.zip	125	1	NT=label free sample;AC=MS:1002038	NT=Synapt ms;AC=MS:1001782	NT=Oxidation;MT=Variable;TA=M;AC=UNIMOD:35	NT=Carbamidomethyl;TA=C;MT=Fixed;AC=UNIMOD:4	AC=MS:1001251;NT=Trypsin	AC=MS:1000133;NT=collision-induced dissociation	not available	not available	NT=Streptococcus pyogenes nz131;AC=NCBITaxon:471876
PXD044423-Sample-1	Streptococcus pyogenes nz131	not applicable	not available	not available	not applicable	not applicable	not applicable	not applicable	not applicable	1	organism part	not available	run 126	proteomic profiling by mass spectrometry	v1.1.0	NT=ms-proteomics;VV=v1.1.0	NT=HDMSE;AC=PRIDE:0000452	10092021_Spy_Phos_THYexpo_HDMSe_02.raw.zip	ftp://ftp.pride.ebi.ac.uk/pride/data/archive/2024/05/PXD044423/10092021_Spy_Phos_THYexpo_HDMSe_02.raw.zip	126	1	NT=label free sample;AC=MS:1002038	NT=Synapt ms;AC=MS:1001782	NT=Oxidation;MT=Variable;TA=M;AC=UNIMOD:35	NT=Carbamidomethyl;TA=C;MT=Fixed;AC=UNIMOD:4	AC=MS:1001251;NT=Trypsin	AC=MS:1000133;NT=collision-induced dissociation	not available	not available	NT=Streptococcus pyogenes nz131;AC=NCBITaxon:471876
PXD044423-Sample-1	Streptococcus pyogenes nz131	not applicable	not available	not available	not applicable	not applicable	not applicable	not applicable	not applicable	1	organism part	not available	run 127	proteomic profiling by mass spectrometry	v1.1.0	NT=ms-proteomics;VV=v1.1.0	NT=HDMSE;AC=PRIDE:0000452	18092021_Spy_THY3d_HDMSe_02.raw.zip	ftp://ftp.pride.ebi.ac.uk/pride/data/archive/2024/05/PXD044423/18092021_Spy_THY3d_HDMSe_02.raw.zip	127	1	NT=label free sample;AC=MS:1002038	NT=Synapt ms;AC=MS:1001782	NT=Oxidation;MT=Variable;TA=M;AC=UNIMOD:35	NT=Carbamidomethyl;TA=C;MT=Fixed;AC=UNIMOD:4	AC=MS:1001251;NT=Trypsin	AC=MS:1000133;NT=collision-induced dissociation	not available	not available	NT=Streptococcus pyogenes nz131;AC=NCBITaxon:471876
PXD044423-Sample-1	Streptococcus pyogenes nz131	not applicable	not available	not available	not applicable	not applicable	not applicable	not applicable	not applicable	1	organism part	not available	run 128	proteomic profiling by mass spectrometry	v1.1.0	NT=ms-proteomics;VV=v1.1.0	NT=HDMSE;AC=PRIDE:0000452	18092021_Spy_THY08_HDMSe_03.raw.zip	ftp://ftp.pride.ebi.ac.uk/pride/data/archive/2024/05/PXD044423/18092021_Spy_THY08_HDMSe_03.raw.zip	128	1	NT=label free sample;AC=MS:1002038	NT=Synapt ms;AC=MS:1001782	NT=Oxidation;MT=Variable;TA=M;AC=UNIMOD:35	NT=Carbamidomethyl;TA=C;MT=Fixed;AC=UNIMOD:4	AC=MS:1001251;NT=Trypsin	AC=MS:1000133;NT=collision-induced dissociation	not available	not available	NT=Streptococcus pyogenes nz131;AC=NCBITaxon:471876
PXD044423-Sample-1	Streptococcus pyogenes nz131	not applicable	not available	not available	not applicable	not applicable	not applicable	not applicable	not applicable	1	organism part	not available	run 129	proteomic profiling by mass spectrometry	v1.1.0	NT=ms-proteomics;VV=v1.1.0	NT=HDMSE;AC=PRIDE:0000452	02092021_Spy_post_stat_40min_HDMSe_01.raw.zip	ftp://ftp.pride.ebi.ac.uk/pride/data/archive/2024/05/PXD044423/02092021_Spy_post_stat_40min_HDMSe_01.raw.zip	129	1	NT=label free sample;AC=MS:1002038	NT=Synapt ms;AC=MS:1001782	NT=Oxidation;MT=Variable;TA=M;AC=UNIMOD:35	NT=Carbamidomethyl;TA=C;MT=Fixed;AC=UNIMOD:4	AC=MS:1001251;NT=Trypsin	AC=MS:1000133;NT=collision-induced dissociation	not available	not available	NT=Streptococcus pyogenes nz131;AC=NCBITaxon:471876
PXD044423-Sample-1	Streptococcus pyogenes nz131	not applicable	not available	not available	not applicable	not applicable	not applicable	not applicable	not applicable	1	organism part	not available	run 130	proteomic profiling by mass spectrometry	v1.1.0	NT=ms-proteomics;VV=v1.1.0	NT=HDMSE;AC=PRIDE:0000452	20082021_Spy_Phos_THY_stat_3d_DDA_02.raw.zip	ftp://ftp.pride.ebi.ac.uk/pride/data/archive/2024/05/PXD044423/20082021_Spy_Phos_THY_stat_3d_DDA_02.raw.zip	130	1	NT=label free sample;AC=MS:1002038	NT=Synapt ms;AC=MS:1001782	NT=Oxidation;MT=Variable;TA=M;AC=UNIMOD:35	NT=Carbamidomethyl;TA=C;MT=Fixed;AC=UNIMOD:4	AC=MS:1001251;NT=Trypsin	AC=MS:1000133;NT=collision-induced dissociation	not available	not available	NT=Streptococcus pyogenes nz131;AC=NCBITaxon:471876
PXD044423-Sample-1	Streptococcus pyogenes nz131	not applicable	not available	not available	not applicable	not applicable	not applicable	not applicable	not applicable	1	organism part	not available	run 131	proteomic profiling by mass spectrometry	v1.1.0	NT=ms-proteomics;VV=v1.1.0	NT=HDMSE;AC=PRIDE:0000452	02092021_Spy_post_stat_20min_HDMSe_03.raw.zip	ftp://ftp.pride.ebi.ac.uk/pride/data/archive/2024/05/PXD044423/02092021_Spy_post_stat_20min_HDMSe_03.raw.zip	131	1	NT=label free sample;AC=MS:1002038	NT=Synapt ms;AC=MS:1001782	NT=Oxidation;MT=Variable;TA=M;AC=UNIMOD:35	NT=Carbamidomethyl;TA=C;MT=Fixed;AC=UNIMOD:4	AC=MS:1001251;NT=Trypsin	AC=MS:1000133;NT=collision-induced dissociation	not available	not available	NT=Streptococcus pyogenes nz131;AC=NCBITaxon:471876
PXD044423-Sample-1	Streptococcus pyogenes nz131	not applicable	not available	not available	not applicable	not applicable	not applicable	not applicable	not applicable	1	organism part	not available	run 132	proteomic profiling by mass spectrometry	v1.1.0	NT=ms-proteomics;VV=v1.1.0	NT=HDMSE;AC=PRIDE:0000452	05032021_Spy_9_CDMexpo_HDMSe_02.raw.zip	ftp://ftp.pride.ebi.ac.uk/pride/data/archive/2024/05/PXD044423/05032021_Spy_9_CDMexpo_HDMSe_02.raw.zip	132	1	NT=label free sample;AC=MS:1002038	NT=Synapt ms;AC=MS:1001782	NT=Oxidation;MT=Variable;TA=M;AC=UNIMOD:35	NT=Carbamidomethyl;TA=C;MT=Fixed;AC=UNIMOD:4	AC=MS:1001251;NT=Trypsin	AC=MS:1000133;NT=collision-induced dissociation	not available	not available	NT=Streptococcus pyogenes nz131;AC=NCBITaxon:471876
PXD044423-Sample-1	Streptococcus pyogenes nz131	not applicable	not available	not available	not applicable	not applicable	not applicable	not applicable	not applicable	1	organism part	not available	run 133	proteomic profiling by mass spectrometry	v1.1.0	NT=ms-proteomics;VV=v1.1.0	NT=HDMSE;AC=PRIDE:0000452	21042021_Spy_Phos_10_CDMstat_HDMSe_02.raw.zip	ftp://ftp.pride.ebi.ac.uk/pride/data/archive/2024/05/PXD044423/21042021_Spy_Phos_10_CDMstat_HDMSe_02.raw.zip	133	1	NT=label free sample;AC=MS:1002038	NT=Synapt ms;AC=MS:1001782	NT=Oxidation;MT=Variable;TA=M;AC=UNIMOD:35	NT=Carbamidomethyl;TA=C;MT=Fixed;AC=UNIMOD:4	AC=MS:1001251;NT=Trypsin	AC=MS:1000133;NT=collision-induced dissociation	not available	not available	NT=Streptococcus pyogenes nz131;AC=NCBITaxon:471876
PXD044423-Sample-1	Streptococcus pyogenes nz131	not applicable	not available	not available	not applicable	not applicable	not applicable	not applicable	not applicable	1	organism part	not available	run 134	proteomic profiling by mass spectrometry	v1.1.0	NT=ms-proteomics;VV=v1.1.0	NT=HDMSE;AC=PRIDE:0000452	21042021_Spy_Phos_7_Frustat_DDA_01.raw.zip	ftp://ftp.pride.ebi.ac.uk/pride/data/archive/2024/05/PXD044423/21042021_Spy_Phos_7_Frustat_DDA_01.raw.zip	134	1	NT=label free sample;AC=MS:1002038	NT=Synapt ms;AC=MS:1001782	NT=Oxidation;MT=Variable;TA=M;AC=UNIMOD:35	NT=Carbamidomethyl;TA=C;MT=Fixed;AC=UNIMOD:4	AC=MS:1001251;NT=Trypsin	AC=MS:1000133;NT=collision-induced dissociation	not available	not available	NT=Streptococcus pyogenes nz131;AC=NCBITaxon:471876
PXD044423-Sample-1	Streptococcus pyogenes nz131	not applicable	not available	not available	not applicable	not applicable	not applicable	not applicable	not applicable	1	organism part	not available	run 135	proteomic profiling by mass spectrometry	v1.1.0	NT=ms-proteomics;VV=v1.1.0	NT=HDMSE;AC=PRIDE:0000452	20082021_Spy_Phos_post_stat_40min_HDMSe_03.raw.zip	ftp://ftp.pride.ebi.ac.uk/pride/data/archive/2024/05/PXD044423/20082021_Spy_Phos_post_stat_40min_HDMSe_03.raw.zip	135	1	NT=label free sample;AC=MS:1002038	NT=Synapt ms;AC=MS:1001782	NT=Oxidation;MT=Variable;TA=M;AC=UNIMOD:35	NT=Carbamidomethyl;TA=C;MT=Fixed;AC=UNIMOD:4	AC=MS:1001251;NT=Trypsin	AC=MS:1000133;NT=collision-induced dissociation	not available	not available	NT=Streptococcus pyogenes nz131;AC=NCBITaxon:471876
PXD044423-Sample-1	Streptococcus pyogenes nz131	not applicable	not available	not available	not applicable	not applicable	not applicable	not applicable	not applicable	1	organism part	not available	run 136	proteomic profiling by mass spectrometry	v1.1.0	NT=ms-proteomics;VV=v1.1.0	NT=HDMSE;AC=PRIDE:0000452	21042021_Spy_Phos_4_THYstat_DDA_01.raw.zip	ftp://ftp.pride.ebi.ac.uk/pride/data/archive/2024/05/PXD044423/21042021_Spy_Phos_4_THYstat_DDA_01.raw.zip	136	1	NT=label free sample;AC=MS:1002038	NT=Synapt ms;AC=MS:1001782	NT=Oxidation;MT=Variable;TA=M;AC=UNIMOD:35	NT=Carbamidomethyl;TA=C;MT=Fixed;AC=UNIMOD:4	AC=MS:1001251;NT=Trypsin	AC=MS:1000133;NT=collision-induced dissociation	not available	not available	NT=Streptococcus pyogenes nz131;AC=NCBITaxon:471876
PXD044423-Sample-1	Streptococcus pyogenes nz131	not applicable	not available	not available	not applicable	not applicable	not applicable	not applicable	not applicable	1	organism part	not available	run 137	proteomic profiling by mass spectrometry	v1.1.0	NT=ms-proteomics;VV=v1.1.0	NT=HDMSE;AC=PRIDE:0000452	18092021_Spy_Fru20h_HDMSe_02.raw.zip	ftp://ftp.pride.ebi.ac.uk/pride/data/archive/2024/05/PXD044423/18092021_Spy_Fru20h_HDMSe_02.raw.zip	137	1	NT=label free sample;AC=MS:1002038	NT=Synapt ms;AC=MS:1001782	NT=Oxidation;MT=Variable;TA=M;AC=UNIMOD:35	NT=Carbamidomethyl;TA=C;MT=Fixed;AC=UNIMOD:4	AC=MS:1001251;NT=Trypsin	AC=MS:1000133;NT=collision-induced dissociation	not available	not available	NT=Streptococcus pyogenes nz131;AC=NCBITaxon:471876
PXD044423-Sample-1	Streptococcus pyogenes nz131	not applicable	not available	not available	not applicable	not applicable	not applicable	not applicable	not applicable	1	organism part	not available	run 138	proteomic profiling by mass spectrometry	v1.1.0	NT=ms-proteomics;VV=v1.1.0	NT=HDMSE;AC=PRIDE:0000452	21042021_Spy_Phos_7_Frustat_HDMSe_03.raw.zip	ftp://ftp.pride.ebi.ac.uk/pride/data/archive/2024/05/PXD044423/21042021_Spy_Phos_7_Frustat_HDMSe_03.raw.zip	138	1	NT=label free sample;AC=MS:1002038	NT=Synapt ms;AC=MS:1001782	NT=Oxidation;MT=Variable;TA=M;AC=UNIMOD:35	NT=Carbamidomethyl;TA=C;MT=Fixed;AC=UNIMOD:4	AC=MS:1001251;NT=Trypsin	AC=MS:1000133;NT=collision-induced dissociation	not available	not available	NT=Streptococcus pyogenes nz131;AC=NCBITaxon:471876
PXD044423-Sample-1	Streptococcus pyogenes nz131	not applicable	not available	not available	not applicable	not applicable	not applicable	not applicable	not applicable	1	organism part	not available	run 139	proteomic profiling by mass spectrometry	v1.1.0	NT=ms-proteomics;VV=v1.1.0	NT=HDMSE;AC=PRIDE:0000452	21042021_Spy_Phos_4_THYstat_HDMSe_02.raw.zip	ftp://ftp.pride.ebi.ac.uk/pride/data/archive/2024/05/PXD044423/21042021_Spy_Phos_4_THYstat_HDMSe_02.raw.zip	139	1	NT=label free sample;AC=MS:1002038	NT=Synapt ms;AC=MS:1001782	NT=Oxidation;MT=Variable;TA=M;AC=UNIMOD:35	NT=Carbamidomethyl;TA=C;MT=Fixed;AC=UNIMOD:4	AC=MS:1001251;NT=Trypsin	AC=MS:1000133;NT=collision-induced dissociation	not available	not available	NT=Streptococcus pyogenes nz131;AC=NCBITaxon:471876
PXD044423-Sample-1	Streptococcus pyogenes nz131	not applicable	not available	not available	not applicable	not applicable	not applicable	not applicable	not applicable	1	organism part	not available	run 140	proteomic profiling by mass spectrometry	v1.1.0	NT=ms-proteomics;VV=v1.1.0	NT=HDMSE;AC=PRIDE:0000452	16092021_Spy_Phos_THY20h_DDA_01.raw.zip	ftp://ftp.pride.ebi.ac.uk/pride/data/archive/2024/05/PXD044423/16092021_Spy_Phos_THY20h_DDA_01.raw.zip	140	1	NT=label free sample;AC=MS:1002038	NT=Synapt ms;AC=MS:1001782	NT=Oxidation;MT=Variable;TA=M;AC=UNIMOD:35	NT=Carbamidomethyl;TA=C;MT=Fixed;AC=UNIMOD:4	AC=MS:1001251;NT=Trypsin	AC=MS:1000133;NT=collision-induced dissociation	not available	not available	NT=Streptococcus pyogenes nz131;AC=NCBITaxon:471876
PXD044423-Sample-1	Streptococcus pyogenes nz131	not applicable	not available	not available	not applicable	not applicable	not applicable	not applicable	not applicable	1	organism part	not available	run 141	proteomic profiling by mass spectrometry	v1.1.0	NT=ms-proteomics;VV=v1.1.0	NT=HDMSE;AC=PRIDE:0000452	18092021_Spy_CDMexpo_HDMSe_01.raw.zip	ftp://ftp.pride.ebi.ac.uk/pride/data/archive/2024/05/PXD044423/18092021_Spy_CDMexpo_HDMSe_01.raw.zip	141	1	NT=label free sample;AC=MS:1002038	NT=Synapt ms;AC=MS:1001782	NT=Oxidation;MT=Variable;TA=M;AC=UNIMOD:35	NT=Carbamidomethyl;TA=C;MT=Fixed;AC=UNIMOD:4	AC=MS:1001251;NT=Trypsin	AC=MS:1000133;NT=collision-induced dissociation	not available	not available	NT=Streptococcus pyogenes nz131;AC=NCBITaxon:471876
PXD044423-Sample-1	Streptococcus pyogenes nz131	not applicable	not available	not available	not applicable	not applicable	not applicable	not applicable	not applicable	1	organism part	not available	run 142	proteomic profiling by mass spectrometry	v1.1.0	NT=ms-proteomics;VV=v1.1.0	NT=HDMSE;AC=PRIDE:0000452	18092021_Spy_THY20h_HDMSe_01.raw.zip	ftp://ftp.pride.ebi.ac.uk/pride/data/archive/2024/05/PXD044423/18092021_Spy_THY20h_HDMSe_01.raw.zip	142	1	NT=label free sample;AC=MS:1002038	NT=Synapt ms;AC=MS:1001782	NT=Oxidation;MT=Variable;TA=M;AC=UNIMOD:35	NT=Carbamidomethyl;TA=C;MT=Fixed;AC=UNIMOD:4	AC=MS:1001251;NT=Trypsin	AC=MS:1000133;NT=collision-induced dissociation	not available	not available	NT=Streptococcus pyogenes nz131;AC=NCBITaxon:471876
PXD044423-Sample-1	Streptococcus pyogenes nz131	not applicable	not available	not available	not applicable	not applicable	not applicable	not applicable	not applicable	1	organism part	not available	run 143	proteomic profiling by mass spectrometry	v1.1.0	NT=ms-proteomics;VV=v1.1.0	NT=HDMSE;AC=PRIDE:0000452	10092021_Spy_Phos_CDM15_HDMSe_02.raw.zip	ftp://ftp.pride.ebi.ac.uk/pride/data/archive/2024/05/PXD044423/10092021_Spy_Phos_CDM15_HDMSe_02.raw.zip	143	1	NT=label free sample;AC=MS:1002038	NT=Synapt ms;AC=MS:1001782	NT=Oxidation;MT=Variable;TA=M;AC=UNIMOD:35	NT=Carbamidomethyl;TA=C;MT=Fixed;AC=UNIMOD:4	AC=MS:1001251;NT=Trypsin	AC=MS:1000133;NT=collision-induced dissociation	not available	not available	NT=Streptococcus pyogenes nz131;AC=NCBITaxon:471876
PXD044423-Sample-1	Streptococcus pyogenes nz131	not applicable	not available	not available	not applicable	not applicable	not applicable	not applicable	not applicable	1	organism part	not available	run 144	proteomic profiling by mass spectrometry	v1.1.0	NT=ms-proteomics;VV=v1.1.0	NT=HDMSE;AC=PRIDE:0000452	20082021_Spy_Phos_THY_stat_3d_HDMSe_01.raw.zip	ftp://ftp.pride.ebi.ac.uk/pride/data/archive/2024/05/PXD044423/20082021_Spy_Phos_THY_stat_3d_HDMSe_01.raw.zip	144	1	NT=label free sample;AC=MS:1002038	NT=Synapt ms;AC=MS:1001782	NT=Oxidation;MT=Variable;TA=M;AC=UNIMOD:35	NT=Carbamidomethyl;TA=C;MT=Fixed;AC=UNIMOD:4	AC=MS:1001251;NT=Trypsin	AC=MS:1000133;NT=collision-induced dissociation	not available	not available	NT=Streptococcus pyogenes nz131;AC=NCBITaxon:471876
PXD044423-Sample-1	Streptococcus pyogenes nz131	not applicable	not available	not available	not applicable	not applicable	not applicable	not applicable	not applicable	1	organism part	not available	run 145	proteomic profiling by mass spectrometry	v1.1.0	NT=ms-proteomics;VV=v1.1.0	NT=HDMSE;AC=PRIDE:0000452	21042021_Spy_Phos_2_THY15_HDMSe_02.raw.zip	ftp://ftp.pride.ebi.ac.uk/pride/data/archive/2024/05/PXD044423/21042021_Spy_Phos_2_THY15_HDMSe_02.raw.zip	145	1	NT=label free sample;AC=MS:1002038	NT=Synapt ms;AC=MS:1001782	NT=Oxidation;MT=Variable;TA=M;AC=UNIMOD:35	NT=Carbamidomethyl;TA=C;MT=Fixed;AC=UNIMOD:4	AC=MS:1001251;NT=Trypsin	AC=MS:1000133;NT=collision-induced dissociation	not available	not available	NT=Streptococcus pyogenes nz131;AC=NCBITaxon:471876
PXD044423-Sample-1	Streptococcus pyogenes nz131	not applicable	not available	not available	not applicable	not applicable	not applicable	not applicable	not applicable	1	organism part	not available	run 146	proteomic profiling by mass spectrometry	v1.1.0	NT=ms-proteomics;VV=v1.1.0	NT=HDMSE;AC=PRIDE:0000452	05032021_Spy_8_CDM15_HDMSe_01.raw.zip	ftp://ftp.pride.ebi.ac.uk/pride/data/archive/2024/05/PXD044423/05032021_Spy_8_CDM15_HDMSe_01.raw.zip	146	1	NT=label free sample;AC=MS:1002038	NT=Synapt ms;AC=MS:1001782	NT=Oxidation;MT=Variable;TA=M;AC=UNIMOD:35	NT=Carbamidomethyl;TA=C;MT=Fixed;AC=UNIMOD:4	AC=MS:1001251;NT=Trypsin	AC=MS:1000133;NT=collision-induced dissociation	not available	not available	NT=Streptococcus pyogenes nz131;AC=NCBITaxon:471876
PXD044423-Sample-1	Streptococcus pyogenes nz131	not applicable	not available	not available	not applicable	not applicable	not applicable	not applicable	not applicable	1	organism part	not available	run 147	proteomic profiling by mass spectrometry	v1.1.0	NT=ms-proteomics;VV=v1.1.0	NT=HDMSE;AC=PRIDE:0000452	10092021_Spy_Phos_Fruexpo_HDMSe_02.raw.zip	ftp://ftp.pride.ebi.ac.uk/pride/data/archive/2024/05/PXD044423/10092021_Spy_Phos_Fruexpo_HDMSe_02.raw.zip	147	1	NT=label free sample;AC=MS:1002038	NT=Synapt ms;AC=MS:1001782	NT=Oxidation;MT=Variable;TA=M;AC=UNIMOD:35	NT=Carbamidomethyl;TA=C;MT=Fixed;AC=UNIMOD:4	AC=MS:1001251;NT=Trypsin	AC=MS:1000133;NT=collision-induced dissociation	not available	not available	NT=Streptococcus pyogenes nz131;AC=NCBITaxon:471876
PXD044423-Sample-1	Streptococcus pyogenes nz131	not applicable	not available	not available	not applicable	not applicable	not applicable	not applicable	not applicable	1	organism part	not available	run 148	proteomic profiling by mass spectrometry	v1.1.0	NT=ms-proteomics;VV=v1.1.0	NT=HDMSE;AC=PRIDE:0000452	05032021_Spy_8_CDM15_HDMSe_03.raw.zip	ftp://ftp.pride.ebi.ac.uk/pride/data/archive/2024/05/PXD044423/05032021_Spy_8_CDM15_HDMSe_03.raw.zip	148	1	NT=label free sample;AC=MS:1002038	NT=Synapt ms;AC=MS:1001782	NT=Oxidation;MT=Variable;TA=M;AC=UNIMOD:35	NT=Carbamidomethyl;TA=C;MT=Fixed;AC=UNIMOD:4	AC=MS:1001251;NT=Trypsin	AC=MS:1000133;NT=collision-induced dissociation	not available	not available	NT=Streptococcus pyogenes nz131;AC=NCBITaxon:471876
PXD044423-Sample-1	Streptococcus pyogenes nz131	not applicable	not available	not available	not applicable	not applicable	not applicable	not applicable	not applicable	1	organism part	not available	run 149	proteomic profiling by mass spectrometry	v1.1.0	NT=ms-proteomics;VV=v1.1.0	NT=HDMSE;AC=PRIDE:0000452	21042021_Spy_Phos_4_THYstat_HDMSe_03.raw.zip	ftp://ftp.pride.ebi.ac.uk/pride/data/archive/2024/05/PXD044423/21042021_Spy_Phos_4_THYstat_HDMSe_03.raw.zip	149	1	NT=label free sample;AC=MS:1002038	NT=Synapt ms;AC=MS:1001782	NT=Oxidation;MT=Variable;TA=M;AC=UNIMOD:35	NT=Carbamidomethyl;TA=C;MT=Fixed;AC=UNIMOD:4	AC=MS:1001251;NT=Trypsin	AC=MS:1000133;NT=collision-induced dissociation	not available	not available	NT=Streptococcus pyogenes nz131;AC=NCBITaxon:471876
PXD044423-Sample-1	Streptococcus pyogenes nz131	not applicable	not available	not available	not applicable	not applicable	not applicable	not applicable	not applicable	1	organism part	not available	run 150	proteomic profiling by mass spectrometry	v1.1.0	NT=ms-proteomics;VV=v1.1.0	NT=HDMSE;AC=PRIDE:0000452	21042021_Spy_Phos_10_CDMstat_DDA_01.raw.zip	ftp://ftp.pride.ebi.ac.uk/pride/data/archive/2024/05/PXD044423/21042021_Spy_Phos_10_CDMstat_DDA_01.raw.zip	150	1	NT=label free sample;AC=MS:1002038	NT=Synapt ms;AC=MS:1001782	NT=Oxidation;MT=Variable;TA=M;AC=UNIMOD:35	NT=Carbamidomethyl;TA=C;MT=Fixed;AC=UNIMOD:4	AC=MS:1001251;NT=Trypsin	AC=MS:1000133;NT=collision-induced dissociation	not available	not available	NT=Streptococcus pyogenes nz131;AC=NCBITaxon:471876
PXD044423-Sample-1	Streptococcus pyogenes nz131	not applicable	not available	not available	not applicable	not applicable	not applicable	not applicable	not applicable	1	organism part	not available	run 151	proteomic profiling by mass spectrometry	v1.1.0	NT=ms-proteomics;VV=v1.1.0	NT=HDMSE;AC=PRIDE:0000452	02092021_Spy_post_stat_10min_HDMSe_01.raw.zip	ftp://ftp.pride.ebi.ac.uk/pride/data/archive/2024/05/PXD044423/02092021_Spy_post_stat_10min_HDMSe_01.raw.zip	151	1	NT=label free sample;AC=MS:1002038	NT=Synapt ms;AC=MS:1001782	NT=Oxidation;MT=Variable;TA=M;AC=UNIMOD:35	NT=Carbamidomethyl;TA=C;MT=Fixed;AC=UNIMOD:4	AC=MS:1001251;NT=Trypsin	AC=MS:1000133;NT=collision-induced dissociation	not available	not available	NT=Streptococcus pyogenes nz131;AC=NCBITaxon:471876
PXD044423-Sample-1	Streptococcus pyogenes nz131	not applicable	not available	not available	not applicable	not applicable	not applicable	not applicable	not applicable	1	organism part	not available	run 152	proteomic profiling by mass spectrometry	v1.1.0	NT=ms-proteomics;VV=v1.1.0	NT=HDMSE;AC=PRIDE:0000452	02092021_Spy_post_stat_40min_HDMSe_02.raw.zip	ftp://ftp.pride.ebi.ac.uk/pride/data/archive/2024/05/PXD044423/02092021_Spy_post_stat_40min_HDMSe_02.raw.zip	152	1	NT=label free sample;AC=MS:1002038	NT=Synapt ms;AC=MS:1001782	NT=Oxidation;MT=Variable;TA=M;AC=UNIMOD:35	NT=Carbamidomethyl;TA=C;MT=Fixed;AC=UNIMOD:4	AC=MS:1001251;NT=Trypsin	AC=MS:1000133;NT=collision-induced dissociation	not available	not available	NT=Streptococcus pyogenes nz131;AC=NCBITaxon:471876
PXD044423-Sample-1	Streptococcus pyogenes nz131	not applicable	not available	not available	not applicable	not applicable	not applicable	not applicable	not applicable	1	organism part	not available	run 153	proteomic profiling by mass spectrometry	v1.1.0	NT=ms-proteomics;VV=v1.1.0	NT=HDMSE;AC=PRIDE:0000452	10092021_Spy_Phos_CDM20h_DDA_01.raw.zip	ftp://ftp.pride.ebi.ac.uk/pride/data/archive/2024/05/PXD044423/10092021_Spy_Phos_CDM20h_DDA_01.raw.zip	153	1	NT=label free sample;AC=MS:1002038	NT=Synapt ms;AC=MS:1001782	NT=Oxidation;MT=Variable;TA=M;AC=UNIMOD:35	NT=Carbamidomethyl;TA=C;MT=Fixed;AC=UNIMOD:4	AC=MS:1001251;NT=Trypsin	AC=MS:1000133;NT=collision-induced dissociation	not available	not available	NT=Streptococcus pyogenes nz131;AC=NCBITaxon:471876
PXD044423-Sample-1	Streptococcus pyogenes nz131	not applicable	not available	not available	not applicable	not applicable	not applicable	not applicable	not applicable	1	organism part	not available	run 154	proteomic profiling by mass spectrometry	v1.1.0	NT=ms-proteomics;VV=v1.1.0	NT=HDMSE;AC=PRIDE:0000452	10092021_Spy_Phos_CDMexpo_HDMSe_01.raw.zip	ftp://ftp.pride.ebi.ac.uk/pride/data/archive/2024/05/PXD044423/10092021_Spy_Phos_CDMexpo_HDMSe_01.raw.zip	154	1	NT=label free sample;AC=MS:1002038	NT=Synapt ms;AC=MS:1001782	NT=Oxidation;MT=Variable;TA=M;AC=UNIMOD:35	NT=Carbamidomethyl;TA=C;MT=Fixed;AC=UNIMOD:4	AC=MS:1001251;NT=Trypsin	AC=MS:1000133;NT=collision-induced dissociation	not available	not available	NT=Streptococcus pyogenes nz131;AC=NCBITaxon:471876
PXD044423-Sample-1	Streptococcus pyogenes nz131	not applicable	not available	not available	not applicable	not applicable	not applicable	not applicable	not applicable	1	organism part	not available	run 155	proteomic profiling by mass spectrometry	v1.1.0	NT=ms-proteomics;VV=v1.1.0	NT=HDMSE;AC=PRIDE:0000452	20082021_Spy_Phos_post_stat_20min_DDA_01.raw.zip	ftp://ftp.pride.ebi.ac.uk/pride/data/archive/2024/05/PXD044423/20082021_Spy_Phos_post_stat_20min_DDA_01.raw.zip	155	1	NT=label free sample;AC=MS:1002038	NT=Synapt ms;AC=MS:1001782	NT=Oxidation;MT=Variable;TA=M;AC=UNIMOD:35	NT=Carbamidomethyl;TA=C;MT=Fixed;AC=UNIMOD:4	AC=MS:1001251;NT=Trypsin	AC=MS:1000133;NT=collision-induced dissociation	not available	not available	NT=Streptococcus pyogenes nz131;AC=NCBITaxon:471876
PXD044423-Sample-1	Streptococcus pyogenes nz131	not applicable	not available	not available	not applicable	not applicable	not applicable	not applicable	not applicable	1	organism part	not available	run 156	proteomic profiling by mass spectrometry	v1.1.0	NT=ms-proteomics;VV=v1.1.0	NT=HDMSE;AC=PRIDE:0000452	05032021_Spy_6_Fruexpo_HDMSe_02.raw.zip	ftp://ftp.pride.ebi.ac.uk/pride/data/archive/2024/05/PXD044423/05032021_Spy_6_Fruexpo_HDMSe_02.raw.zip	156	1	NT=label free sample;AC=MS:1002038	NT=Synapt ms;AC=MS:1001782	NT=Oxidation;MT=Variable;TA=M;AC=UNIMOD:35	NT=Carbamidomethyl;TA=C;MT=Fixed;AC=UNIMOD:4	AC=MS:1001251;NT=Trypsin	AC=MS:1000133;NT=collision-induced dissociation	not available	not available	NT=Streptococcus pyogenes nz131;AC=NCBITaxon:471876
PXD044423-Sample-1	Streptococcus pyogenes nz131	not applicable	not available	not available	not applicable	not applicable	not applicable	not applicable	not applicable	1	organism part	not available	run 157	proteomic profiling by mass spectrometry	v1.1.0	NT=ms-proteomics;VV=v1.1.0	NT=HDMSE;AC=PRIDE:0000452	20082021_Spy_Phos_post_stat_10min_HDMSe_03.raw.zip	ftp://ftp.pride.ebi.ac.uk/pride/data/archive/2024/05/PXD044423/20082021_Spy_Phos_post_stat_10min_HDMSe_03.raw.zip	157	1	NT=label free sample;AC=MS:1002038	NT=Synapt ms;AC=MS:1001782	NT=Oxidation;MT=Variable;TA=M;AC=UNIMOD:35	NT=Carbamidomethyl;TA=C;MT=Fixed;AC=UNIMOD:4	AC=MS:1001251;NT=Trypsin	AC=MS:1000133;NT=collision-induced dissociation	not available	not available	NT=Streptococcus pyogenes nz131;AC=NCBITaxon:471876
PXD044423-Sample-1	Streptococcus pyogenes nz131	not applicable	not available	not available	not applicable	not applicable	not applicable	not applicable	not applicable	1	organism part	not available	run 158	proteomic profiling by mass spectrometry	v1.1.0	NT=ms-proteomics;VV=v1.1.0	NT=HDMSE;AC=PRIDE:0000452	21042021_Spy_Phos_2_THY15_HDMSe_03.raw.zip	ftp://ftp.pride.ebi.ac.uk/pride/data/archive/2024/05/PXD044423/21042021_Spy_Phos_2_THY15_HDMSe_03.raw.zip	158	1	NT=label free sample;AC=MS:1002038	NT=Synapt ms;AC=MS:1001782	NT=Oxidation;MT=Variable;TA=M;AC=UNIMOD:35	NT=Carbamidomethyl;TA=C;MT=Fixed;AC=UNIMOD:4	AC=MS:1001251;NT=Trypsin	AC=MS:1000133;NT=collision-induced dissociation	not available	not available	NT=Streptococcus pyogenes nz131;AC=NCBITaxon:471876
PXD044423-Sample-1	Streptococcus pyogenes nz131	not applicable	not available	not available	not applicable	not applicable	not applicable	not applicable	not applicable	1	organism part	not available	run 159	proteomic profiling by mass spectrometry	v1.1.0	NT=ms-proteomics;VV=v1.1.0	NT=HDMSE;AC=PRIDE:0000452	30042021_Spy_Phos_7_Frustat_DDA_01.raw.zip	ftp://ftp.pride.ebi.ac.uk/pride/data/archive/2024/05/PXD044423/30042021_Spy_Phos_7_Frustat_DDA_01.raw.zip	159	1	NT=label free sample;AC=MS:1002038	NT=Synapt ms;AC=MS:1001782	NT=Oxidation;MT=Variable;TA=M;AC=UNIMOD:35	NT=Carbamidomethyl;TA=C;MT=Fixed;AC=UNIMOD:4	AC=MS:1001251;NT=Trypsin	AC=MS:1000133;NT=collision-induced dissociation	not available	not available	NT=Streptococcus pyogenes nz131;AC=NCBITaxon:471876
PXD044423-Sample-1	Streptococcus pyogenes nz131	not applicable	not available	not available	not applicable	not applicable	not applicable	not applicable	not applicable	1	organism part	not available	run 160	proteomic profiling by mass spectrometry	v1.1.0	NT=ms-proteomics;VV=v1.1.0	NT=HDMSE;AC=PRIDE:0000452	10092021_Spy_Phos_THYexpo_HDMSe_01.raw.zip	ftp://ftp.pride.ebi.ac.uk/pride/data/archive/2024/05/PXD044423/10092021_Spy_Phos_THYexpo_HDMSe_01.raw.zip	160	1	NT=label free sample;AC=MS:1002038	NT=Synapt ms;AC=MS:1001782	NT=Oxidation;MT=Variable;TA=M;AC=UNIMOD:35	NT=Carbamidomethyl;TA=C;MT=Fixed;AC=UNIMOD:4	AC=MS:1001251;NT=Trypsin	AC=MS:1000133;NT=collision-induced dissociation	not available	not available	NT=Streptococcus pyogenes nz131;AC=NCBITaxon:471876
PXD044423-Sample-1	Streptococcus pyogenes nz131	not applicable	not available	not available	not applicable	not applicable	not applicable	not applicable	not applicable	1	organism part	not available	run 161	proteomic profiling by mass spectrometry	v1.1.0	NT=ms-proteomics;VV=v1.1.0	NT=HDMSE;AC=PRIDE:0000452	21042021_Spy_Phos_1_THY08_HDMSe_02.raw.zip	ftp://ftp.pride.ebi.ac.uk/pride/data/archive/2024/05/PXD044423/21042021_Spy_Phos_1_THY08_HDMSe_02.raw.zip	161	1	NT=label free sample;AC=MS:1002038	NT=Synapt ms;AC=MS:1001782	NT=Oxidation;MT=Variable;TA=M;AC=UNIMOD:35	NT=Carbamidomethyl;TA=C;MT=Fixed;AC=UNIMOD:4	AC=MS:1001251;NT=Trypsin	AC=MS:1000133;NT=collision-induced dissociation	not available	not available	NT=Streptococcus pyogenes nz131;AC=NCBITaxon:471876
PXD044423-Sample-1	Streptococcus pyogenes nz131	not applicable	not available	not available	not applicable	not applicable	not applicable	not applicable	not applicable	1	organism part	not available	run 162	proteomic profiling by mass spectrometry	v1.1.0	NT=ms-proteomics;VV=v1.1.0	NT=HDMSE;AC=PRIDE:0000452	20082021_Spy_Phos_post_stat_10min_DDA_01.raw.zip	ftp://ftp.pride.ebi.ac.uk/pride/data/archive/2024/05/PXD044423/20082021_Spy_Phos_post_stat_10min_DDA_01.raw.zip	162	1	NT=label free sample;AC=MS:1002038	NT=Synapt ms;AC=MS:1001782	NT=Oxidation;MT=Variable;TA=M;AC=UNIMOD:35	NT=Carbamidomethyl;TA=C;MT=Fixed;AC=UNIMOD:4	AC=MS:1001251;NT=Trypsin	AC=MS:1000133;NT=collision-induced dissociation	not available	not available	NT=Streptococcus pyogenes nz131;AC=NCBITaxon:471876
PXD044423-Sample-1	Streptococcus pyogenes nz131	not applicable	not available	not available	not applicable	not applicable	not applicable	not applicable	not applicable	1	organism part	not available	run 163	proteomic profiling by mass spectrometry	v1.1.0	NT=ms-proteomics;VV=v1.1.0	NT=HDMSE;AC=PRIDE:0000452	21042021_Spy_Phos_3_THYexpo_HDMSe_03.raw.zip	ftp://ftp.pride.ebi.ac.uk/pride/data/archive/2024/05/PXD044423/21042021_Spy_Phos_3_THYexpo_HDMSe_03.raw.zip	163	1	NT=label free sample;AC=MS:1002038	NT=Synapt ms;AC=MS:1001782	NT=Oxidation;MT=Variable;TA=M;AC=UNIMOD:35	NT=Carbamidomethyl;TA=C;MT=Fixed;AC=UNIMOD:4	AC=MS:1001251;NT=Trypsin	AC=MS:1000133;NT=collision-induced dissociation	not available	not available	NT=Streptococcus pyogenes nz131;AC=NCBITaxon:471876
PXD044423-Sample-1	Streptococcus pyogenes nz131	not applicable	not available	not available	not applicable	not applicable	not applicable	not applicable	not applicable	1	organism part	not available	run 164	proteomic profiling by mass spectrometry	v1.1.0	NT=ms-proteomics;VV=v1.1.0	NT=HDMSE;AC=PRIDE:0000452	02092021_Spy_post_stat_0min_HDMSe_02.raw.zip	ftp://ftp.pride.ebi.ac.uk/pride/data/archive/2024/05/PXD044423/02092021_Spy_post_stat_0min_HDMSe_02.raw.zip	164	1	NT=label free sample;AC=MS:1002038	NT=Synapt ms;AC=MS:1001782	NT=Oxidation;MT=Variable;TA=M;AC=UNIMOD:35	NT=Carbamidomethyl;TA=C;MT=Fixed;AC=UNIMOD:4	AC=MS:1001251;NT=Trypsin	AC=MS:1000133;NT=collision-induced dissociation	not available	not available	NT=Streptococcus pyogenes nz131;AC=NCBITaxon:471876
PXD044423-Sample-1	Streptococcus pyogenes nz131	not applicable	not available	not available	not applicable	not applicable	not applicable	not applicable	not applicable	1	organism part	not available	run 165	proteomic profiling by mass spectrometry	v1.1.0	NT=ms-proteomics;VV=v1.1.0	NT=HDMSE;AC=PRIDE:0000452	05032021_Spy_6_Fruexpo_HDMSe_03.raw.zip	ftp://ftp.pride.ebi.ac.uk/pride/data/archive/2024/05/PXD044423/05032021_Spy_6_Fruexpo_HDMSe_03.raw.zip	165	1	NT=label free sample;AC=MS:1002038	NT=Synapt ms;AC=MS:1001782	NT=Oxidation;MT=Variable;TA=M;AC=UNIMOD:35	NT=Carbamidomethyl;TA=C;MT=Fixed;AC=UNIMOD:4	AC=MS:1001251;NT=Trypsin	AC=MS:1000133;NT=collision-induced dissociation	not available	not available	NT=Streptococcus pyogenes nz131;AC=NCBITaxon:471876
PXD044423-Sample-1	Streptococcus pyogenes nz131	not applicable	not available	not available	not applicable	not applicable	not applicable	not applicable	not applicable	1	organism part	not available	run 166	proteomic profiling by mass spectrometry	v1.1.0	NT=ms-proteomics;VV=v1.1.0	NT=HDMSE;AC=PRIDE:0000452	18092021_Spy_Fru15_HDMSe_02.raw.zip	ftp://ftp.pride.ebi.ac.uk/pride/data/archive/2024/05/PXD044423/18092021_Spy_Fru15_HDMSe_02.raw.zip	166	1	NT=label free sample;AC=MS:1002038	NT=Synapt ms;AC=MS:1001782	NT=Oxidation;MT=Variable;TA=M;AC=UNIMOD:35	NT=Carbamidomethyl;TA=C;MT=Fixed;AC=UNIMOD:4	AC=MS:1001251;NT=Trypsin	AC=MS:1000133;NT=collision-induced dissociation	not available	not available	NT=Streptococcus pyogenes nz131;AC=NCBITaxon:471876
PXD044423-Sample-1	Streptococcus pyogenes nz131	not applicable	not available	not available	not applicable	not applicable	not applicable	not applicable	not applicable	1	organism part	not available	run 167	proteomic profiling by mass spectrometry	v1.1.0	NT=ms-proteomics;VV=v1.1.0	NT=HDMSE;AC=PRIDE:0000452	18092021_Spy_CDM15_HDMSe_02.raw.zip	ftp://ftp.pride.ebi.ac.uk/pride/data/archive/2024/05/PXD044423/18092021_Spy_CDM15_HDMSe_02.raw.zip	167	1	NT=label free sample;AC=MS:1002038	NT=Synapt ms;AC=MS:1001782	NT=Oxidation;MT=Variable;TA=M;AC=UNIMOD:35	NT=Carbamidomethyl;TA=C;MT=Fixed;AC=UNIMOD:4	AC=MS:1001251;NT=Trypsin	AC=MS:1000133;NT=collision-induced dissociation	not available	not available	NT=Streptococcus pyogenes nz131;AC=NCBITaxon:471876
PXD044423-Sample-1	Streptococcus pyogenes nz131	not applicable	not available	not available	not applicable	not applicable	not applicable	not applicable	not applicable	1	organism part	not available	run 168	proteomic profiling by mass spectrometry	v1.1.0	NT=ms-proteomics;VV=v1.1.0	NT=HDMSE;AC=PRIDE:0000452	02092021_Spy_THY_stat_3d_HDMSe_01.raw.zip	ftp://ftp.pride.ebi.ac.uk/pride/data/archive/2024/05/PXD044423/02092021_Spy_THY_stat_3d_HDMSe_01.raw.zip	168	1	NT=label free sample;AC=MS:1002038	NT=Synapt ms;AC=MS:1001782	NT=Oxidation;MT=Variable;TA=M;AC=UNIMOD:35	NT=Carbamidomethyl;TA=C;MT=Fixed;AC=UNIMOD:4	AC=MS:1001251;NT=Trypsin	AC=MS:1000133;NT=collision-induced dissociation	not available	not available	NT=Streptococcus pyogenes nz131;AC=NCBITaxon:471876
PXD044423-Sample-1	Streptococcus pyogenes nz131	not applicable	not available	not available	not applicable	not applicable	not applicable	not applicable	not applicable	1	organism part	not available	run 169	proteomic profiling by mass spectrometry	v1.1.0	NT=ms-proteomics;VV=v1.1.0	NT=HDMSE;AC=PRIDE:0000452	21042021_Spy_Phos_9_CDMexpo_HDMSe_01.raw.zip	ftp://ftp.pride.ebi.ac.uk/pride/data/archive/2024/05/PXD044423/21042021_Spy_Phos_9_CDMexpo_HDMSe_01.raw.zip	169	1	NT=label free sample;AC=MS:1002038	NT=Synapt ms;AC=MS:1001782	NT=Oxidation;MT=Variable;TA=M;AC=UNIMOD:35	NT=Carbamidomethyl;TA=C;MT=Fixed;AC=UNIMOD:4	AC=MS:1001251;NT=Trypsin	AC=MS:1000133;NT=collision-induced dissociation	not available	not available	NT=Streptococcus pyogenes nz131;AC=NCBITaxon:471876
PXD044423-Sample-1	Streptococcus pyogenes nz131	not applicable	not available	not available	not applicable	not applicable	not applicable	not applicable	not applicable	1	organism part	not available	run 170	proteomic profiling by mass spectrometry	v1.1.0	NT=ms-proteomics;VV=v1.1.0	NT=HDMSE;AC=PRIDE:0000452	05032021_Spy_5_Fru15_HDMSe_03.raw.zip	ftp://ftp.pride.ebi.ac.uk/pride/data/archive/2024/05/PXD044423/05032021_Spy_5_Fru15_HDMSe_03.raw.zip	170	1	NT=label free sample;AC=MS:1002038	NT=Synapt ms;AC=MS:1001782	NT=Oxidation;MT=Variable;TA=M;AC=UNIMOD:35	NT=Carbamidomethyl;TA=C;MT=Fixed;AC=UNIMOD:4	AC=MS:1001251;NT=Trypsin	AC=MS:1000133;NT=collision-induced dissociation	not available	not available	NT=Streptococcus pyogenes nz131;AC=NCBITaxon:471876
PXD044423-Sample-1	Streptococcus pyogenes nz131	not applicable	not available	not available	not applicable	not applicable	not applicable	not applicable	not applicable	1	organism part	not available	run 171	proteomic profiling by mass spectrometry	v1.1.0	NT=ms-proteomics;VV=v1.1.0	NT=HDMSE;AC=PRIDE:0000452	18092021_Spy_CDM3d_HDMSe_01.raw.zip	ftp://ftp.pride.ebi.ac.uk/pride/data/archive/2024/05/PXD044423/18092021_Spy_CDM3d_HDMSe_01.raw.zip	171	1	NT=label free sample;AC=MS:1002038	NT=Synapt ms;AC=MS:1001782	NT=Oxidation;MT=Variable;TA=M;AC=UNIMOD:35	NT=Carbamidomethyl;TA=C;MT=Fixed;AC=UNIMOD:4	AC=MS:1001251;NT=Trypsin	AC=MS:1000133;NT=collision-induced dissociation	not available	not available	NT=Streptococcus pyogenes nz131;AC=NCBITaxon:471876
PXD044423-Sample-1	Streptococcus pyogenes nz131	not applicable	not available	not available	not applicable	not applicable	not applicable	not applicable	not applicable	1	organism part	not available	run 172	proteomic profiling by mass spectrometry	v1.1.0	NT=ms-proteomics;VV=v1.1.0	NT=HDMSE;AC=PRIDE:0000452	05032021_Spy_3_THYexpo_HDMSe_02.raw.zip	ftp://ftp.pride.ebi.ac.uk/pride/data/archive/2024/05/PXD044423/05032021_Spy_3_THYexpo_HDMSe_02.raw.zip	172	1	NT=label free sample;AC=MS:1002038	NT=Synapt ms;AC=MS:1001782	NT=Oxidation;MT=Variable;TA=M;AC=UNIMOD:35	NT=Carbamidomethyl;TA=C;MT=Fixed;AC=UNIMOD:4	AC=MS:1001251;NT=Trypsin	AC=MS:1000133;NT=collision-induced dissociation	not available	not available	NT=Streptococcus pyogenes nz131;AC=NCBITaxon:471876
PXD044423-Sample-1	Streptococcus pyogenes nz131	not applicable	not available	not available	not applicable	not applicable	not applicable	not applicable	not applicable	1	organism part	not available	run 173	proteomic profiling by mass spectrometry	v1.1.0	NT=ms-proteomics;VV=v1.1.0	NT=HDMSE;AC=PRIDE:0000452	10092021_Spy_Phos_CDM20h_HDMSe_02.raw.zip	ftp://ftp.pride.ebi.ac.uk/pride/data/archive/2024/05/PXD044423/10092021_Spy_Phos_CDM20h_HDMSe_02.raw.zip	173	1	NT=label free sample;AC=MS:1002038	NT=Synapt ms;AC=MS:1001782	NT=Oxidation;MT=Variable;TA=M;AC=UNIMOD:35	NT=Carbamidomethyl;TA=C;MT=Fixed;AC=UNIMOD:4	AC=MS:1001251;NT=Trypsin	AC=MS:1000133;NT=collision-induced dissociation	not available	not available	NT=Streptococcus pyogenes nz131;AC=NCBITaxon:471876
PXD044423-Sample-1	Streptococcus pyogenes nz131	not applicable	not available	not available	not applicable	not applicable	not applicable	not applicable	not applicable	1	organism part	not available	run 174	proteomic profiling by mass spectrometry	v1.1.0	NT=ms-proteomics;VV=v1.1.0	NT=HDMSE;AC=PRIDE:0000452	16092021_Spy_Phos_Fru3d_DDA_01.raw.zip	ftp://ftp.pride.ebi.ac.uk/pride/data/archive/2024/05/PXD044423/16092021_Spy_Phos_Fru3d_DDA_01.raw.zip	174	1	NT=label free sample;AC=MS:1002038	NT=Synapt ms;AC=MS:1001782	NT=Oxidation;MT=Variable;TA=M;AC=UNIMOD:35	NT=Carbamidomethyl;TA=C;MT=Fixed;AC=UNIMOD:4	AC=MS:1001251;NT=Trypsin	AC=MS:1000133;NT=collision-induced dissociation	not available	not available	NT=Streptococcus pyogenes nz131;AC=NCBITaxon:471876
PXD044423-Sample-1	Streptococcus pyogenes nz131	not applicable	not available	not available	not applicable	not applicable	not applicable	not applicable	not applicable	1	organism part	not available	run 175	proteomic profiling by mass spectrometry	v1.1.0	NT=ms-proteomics;VV=v1.1.0	NT=HDMSE;AC=PRIDE:0000452	10092021_Spy_Phos_THY20h_HDMSe_01.raw.zip	ftp://ftp.pride.ebi.ac.uk/pride/data/archive/2024/05/PXD044423/10092021_Spy_Phos_THY20h_HDMSe_01.raw.zip	175	1	NT=label free sample;AC=MS:1002038	NT=Synapt ms;AC=MS:1001782	NT=Oxidation;MT=Variable;TA=M;AC=UNIMOD:35	NT=Carbamidomethyl;TA=C;MT=Fixed;AC=UNIMOD:4	AC=MS:1001251;NT=Trypsin	AC=MS:1000133;NT=collision-induced dissociation	not available	not available	NT=Streptococcus pyogenes nz131;AC=NCBITaxon:471876
PXD044423-Sample-1	Streptococcus pyogenes nz131	not applicable	not available	not available	not applicable	not applicable	not applicable	not applicable	not applicable	1	organism part	not available	run 176	proteomic profiling by mass spectrometry	v1.1.0	NT=ms-proteomics;VV=v1.1.0	NT=HDMSE;AC=PRIDE:0000452	10092021_Spy_Phos_THY3d_HDMSe_01.raw.zip	ftp://ftp.pride.ebi.ac.uk/pride/data/archive/2024/05/PXD044423/10092021_Spy_Phos_THY3d_HDMSe_01.raw.zip	176	1	NT=label free sample;AC=MS:1002038	NT=Synapt ms;AC=MS:1001782	NT=Oxidation;MT=Variable;TA=M;AC=UNIMOD:35	NT=Carbamidomethyl;TA=C;MT=Fixed;AC=UNIMOD:4	AC=MS:1001251;NT=Trypsin	AC=MS:1000133;NT=collision-induced dissociation	not available	not available	NT=Streptococcus pyogenes nz131;AC=NCBITaxon:471876
PXD044423-Sample-1	Streptococcus pyogenes nz131	not applicable	not available	not available	not applicable	not applicable	not applicable	not applicable	not applicable	1	organism part	not available	run 177	proteomic profiling by mass spectrometry	v1.1.0	NT=ms-proteomics;VV=v1.1.0	NT=HDMSE;AC=PRIDE:0000452	20082021_Spy_Phos_post_stat_10min_HDMSe_02.raw.zip	ftp://ftp.pride.ebi.ac.uk/pride/data/archive/2024/05/PXD044423/20082021_Spy_Phos_post_stat_10min_HDMSe_02.raw.zip	177	1	NT=label free sample;AC=MS:1002038	NT=Synapt ms;AC=MS:1001782	NT=Oxidation;MT=Variable;TA=M;AC=UNIMOD:35	NT=Carbamidomethyl;TA=C;MT=Fixed;AC=UNIMOD:4	AC=MS:1001251;NT=Trypsin	AC=MS:1000133;NT=collision-induced dissociation	not available	not available	NT=Streptococcus pyogenes nz131;AC=NCBITaxon:471876
PXD044423-Sample-1	Streptococcus pyogenes nz131	not applicable	not available	not available	not applicable	not applicable	not applicable	not applicable	not applicable	1	organism part	not available	run 178	proteomic profiling by mass spectrometry	v1.1.0	NT=ms-proteomics;VV=v1.1.0	NT=HDMSE;AC=PRIDE:0000452	10092021_Spy_Phos_THY15_DDA_01.raw.zip	ftp://ftp.pride.ebi.ac.uk/pride/data/archive/2024/05/PXD044423/10092021_Spy_Phos_THY15_DDA_01.raw.zip	178	1	NT=label free sample;AC=MS:1002038	NT=Synapt ms;AC=MS:1001782	NT=Oxidation;MT=Variable;TA=M;AC=UNIMOD:35	NT=Carbamidomethyl;TA=C;MT=Fixed;AC=UNIMOD:4	AC=MS:1001251;NT=Trypsin	AC=MS:1000133;NT=collision-induced dissociation	not available	not available	NT=Streptococcus pyogenes nz131;AC=NCBITaxon:471876
PXD044423-Sample-1	Streptococcus pyogenes nz131	not applicable	not available	not available	not applicable	not applicable	not applicable	not applicable	not applicable	1	organism part	not available	run 179	proteomic profiling by mass spectrometry	v1.1.0	NT=ms-proteomics;VV=v1.1.0	NT=HDMSE;AC=PRIDE:0000452	10092021_Spy_Phos_THY15_HDMSe_02.raw.zip	ftp://ftp.pride.ebi.ac.uk/pride/data/archive/2024/05/PXD044423/10092021_Spy_Phos_THY15_HDMSe_02.raw.zip	179	1	NT=label free sample;AC=MS:1002038	NT=Synapt ms;AC=MS:1001782	NT=Oxidation;MT=Variable;TA=M;AC=UNIMOD:35	NT=Carbamidomethyl;TA=C;MT=Fixed;AC=UNIMOD:4	AC=MS:1001251;NT=Trypsin	AC=MS:1000133;NT=collision-induced dissociation	not available	not available	NT=Streptococcus pyogenes nz131;AC=NCBITaxon:471876
PXD044423-Sample-1	Streptococcus pyogenes nz131	not applicable	not available	not available	not applicable	not applicable	not applicable	not applicable	not applicable	1	organism part	not available	run 180	proteomic profiling by mass spectrometry	v1.1.0	NT=ms-proteomics;VV=v1.1.0	NT=HDMSE;AC=PRIDE:0000452	16092021_Spy_Phos_THY15_DDA_01.raw.zip	ftp://ftp.pride.ebi.ac.uk/pride/data/archive/2024/05/PXD044423/16092021_Spy_Phos_THY15_DDA_01.raw.zip	180	1	NT=label free sample;AC=MS:1002038	NT=Synapt ms;AC=MS:1001782	NT=Oxidation;MT=Variable;TA=M;AC=UNIMOD:35	NT=Carbamidomethyl;TA=C;MT=Fixed;AC=UNIMOD:4	AC=MS:1001251;NT=Trypsin	AC=MS:1000133;NT=collision-induced dissociation	not available	not available	NT=Streptococcus pyogenes nz131;AC=NCBITaxon:471876
PXD044423-Sample-1	Streptococcus pyogenes nz131	not applicable	not available	not available	not applicable	not applicable	not applicable	not applicable	not applicable	1	organism part	not available	run 181	proteomic profiling by mass spectrometry	v1.1.0	NT=ms-proteomics;VV=v1.1.0	NT=HDMSE;AC=PRIDE:0000452	05032021_Spy_8_CDM15_HDMSe_02.raw.zip	ftp://ftp.pride.ebi.ac.uk/pride/data/archive/2024/05/PXD044423/05032021_Spy_8_CDM15_HDMSe_02.raw.zip	181	1	NT=label free sample;AC=MS:1002038	NT=Synapt ms;AC=MS:1001782	NT=Oxidation;MT=Variable;TA=M;AC=UNIMOD:35	NT=Carbamidomethyl;TA=C;MT=Fixed;AC=UNIMOD:4	AC=MS:1001251;NT=Trypsin	AC=MS:1000133;NT=collision-induced dissociation	not available	not available	NT=Streptococcus pyogenes nz131;AC=NCBITaxon:471876
PXD044423-Sample-1	Streptococcus pyogenes nz131	not applicable	not available	not available	not applicable	not applicable	not applicable	not applicable	not applicable	1	organism part	not available	run 182	proteomic profiling by mass spectrometry	v1.1.0	NT=ms-proteomics;VV=v1.1.0	NT=HDMSE;AC=PRIDE:0000452	20082021_Spy_Phos_THY08_HDMSe_01.raw.zip	ftp://ftp.pride.ebi.ac.uk/pride/data/archive/2024/05/PXD044423/20082021_Spy_Phos_THY08_HDMSe_01.raw.zip	182	1	NT=label free sample;AC=MS:1002038	NT=Synapt ms;AC=MS:1001782	NT=Oxidation;MT=Variable;TA=M;AC=UNIMOD:35	NT=Carbamidomethyl;TA=C;MT=Fixed;AC=UNIMOD:4	AC=MS:1001251;NT=Trypsin	AC=MS:1000133;NT=collision-induced dissociation	not available	not available	NT=Streptococcus pyogenes nz131;AC=NCBITaxon:471876
PXD044423-Sample-1	Streptococcus pyogenes nz131	not applicable	not available	not available	not applicable	not applicable	not applicable	not applicable	not applicable	1	organism part	not available	run 183	proteomic profiling by mass spectrometry	v1.1.0	NT=ms-proteomics;VV=v1.1.0	NT=HDMSE;AC=PRIDE:0000452	20082021_Spy_Phos_post_stat_0min_HDMSe_02.raw.zip	ftp://ftp.pride.ebi.ac.uk/pride/data/archive/2024/05/PXD044423/20082021_Spy_Phos_post_stat_0min_HDMSe_02.raw.zip	183	1	NT=label free sample;AC=MS:1002038	NT=Synapt ms;AC=MS:1001782	NT=Oxidation;MT=Variable;TA=M;AC=UNIMOD:35	NT=Carbamidomethyl;TA=C;MT=Fixed;AC=UNIMOD:4	AC=MS:1001251;NT=Trypsin	AC=MS:1000133;NT=collision-induced dissociation	not available	not available	NT=Streptococcus pyogenes nz131;AC=NCBITaxon:471876
PXD044423-Sample-1	Streptococcus pyogenes nz131	not applicable	not available	not available	not applicable	not applicable	not applicable	not applicable	not applicable	1	organism part	not available	run 184	proteomic profiling by mass spectrometry	v1.1.0	NT=ms-proteomics;VV=v1.1.0	NT=HDMSE;AC=PRIDE:0000452	18092021_Spy_THYexpo_HDMSe_01.raw.zip	ftp://ftp.pride.ebi.ac.uk/pride/data/archive/2024/05/PXD044423/18092021_Spy_THYexpo_HDMSe_01.raw.zip	184	1	NT=label free sample;AC=MS:1002038	NT=Synapt ms;AC=MS:1001782	NT=Oxidation;MT=Variable;TA=M;AC=UNIMOD:35	NT=Carbamidomethyl;TA=C;MT=Fixed;AC=UNIMOD:4	AC=MS:1001251;NT=Trypsin	AC=MS:1000133;NT=collision-induced dissociation	not available	not available	NT=Streptococcus pyogenes nz131;AC=NCBITaxon:471876
PXD044423-Sample-1	Streptococcus pyogenes nz131	not applicable	not available	not available	not applicable	not applicable	not applicable	not applicable	not applicable	1	organism part	not available	run 185	proteomic profiling by mass spectrometry	v1.1.0	NT=ms-proteomics;VV=v1.1.0	NT=HDMSE;AC=PRIDE:0000452	05032021_Spy_4_THYstat_HDMSe_03.raw.zip	ftp://ftp.pride.ebi.ac.uk/pride/data/archive/2024/05/PXD044423/05032021_Spy_4_THYstat_HDMSe_03.raw.zip	185	1	NT=label free sample;AC=MS:1002038	NT=Synapt ms;AC=MS:1001782	NT=Oxidation;MT=Variable;TA=M;AC=UNIMOD:35	NT=Carbamidomethyl;TA=C;MT=Fixed;AC=UNIMOD:4	AC=MS:1001251;NT=Trypsin	AC=MS:1000133;NT=collision-induced dissociation	not available	not available	NT=Streptococcus pyogenes nz131;AC=NCBITaxon:471876
PXD044423-Sample-1	Streptococcus pyogenes nz131	not applicable	not available	not available	not applicable	not applicable	not applicable	not applicable	not applicable	1	organism part	not available	run 186	proteomic profiling by mass spectrometry	v1.1.0	NT=ms-proteomics;VV=v1.1.0	NT=HDMSE;AC=PRIDE:0000452	21042021_Spy_Phos_4_THYstat_HDMSe_01.raw.zip	ftp://ftp.pride.ebi.ac.uk/pride/data/archive/2024/05/PXD044423/21042021_Spy_Phos_4_THYstat_HDMSe_01.raw.zip	186	1	NT=label free sample;AC=MS:1002038	NT=Synapt ms;AC=MS:1001782	NT=Oxidation;MT=Variable;TA=M;AC=UNIMOD:35	NT=Carbamidomethyl;TA=C;MT=Fixed;AC=UNIMOD:4	AC=MS:1001251;NT=Trypsin	AC=MS:1000133;NT=collision-induced dissociation	not available	not available	NT=Streptococcus pyogenes nz131;AC=NCBITaxon:471876
PXD044423-Sample-1	Streptococcus pyogenes nz131	not applicable	not available	not available	not applicable	not applicable	not applicable	not applicable	not applicable	1	organism part	not available	run 187	proteomic profiling by mass spectrometry	v1.1.0	NT=ms-proteomics;VV=v1.1.0	NT=HDMSE;AC=PRIDE:0000452	21042021_Spy_Phos_3_THYexpo_HDMSe_02.raw.zip	ftp://ftp.pride.ebi.ac.uk/pride/data/archive/2024/05/PXD044423/21042021_Spy_Phos_3_THYexpo_HDMSe_02.raw.zip	187	1	NT=label free sample;AC=MS:1002038	NT=Synapt ms;AC=MS:1001782	NT=Oxidation;MT=Variable;TA=M;AC=UNIMOD:35	NT=Carbamidomethyl;TA=C;MT=Fixed;AC=UNIMOD:4	AC=MS:1001251;NT=Trypsin	AC=MS:1000133;NT=collision-induced dissociation	not available	not available	NT=Streptococcus pyogenes nz131;AC=NCBITaxon:471876
PXD044423-Sample-1	Streptococcus pyogenes nz131	not applicable	not available	not available	not applicable	not applicable	not applicable	not applicable	not applicable	1	organism part	not available	run 188	proteomic profiling by mass spectrometry	v1.1.0	NT=ms-proteomics;VV=v1.1.0	NT=HDMSE;AC=PRIDE:0000452	18092021_Spy_THYexpo_HDMSe_02.raw.zip	ftp://ftp.pride.ebi.ac.uk/pride/data/archive/2024/05/PXD044423/18092021_Spy_THYexpo_HDMSe_02.raw.zip	188	1	NT=label free sample;AC=MS:1002038	NT=Synapt ms;AC=MS:1001782	NT=Oxidation;MT=Variable;TA=M;AC=UNIMOD:35	NT=Carbamidomethyl;TA=C;MT=Fixed;AC=UNIMOD:4	AC=MS:1001251;NT=Trypsin	AC=MS:1000133;NT=collision-induced dissociation	not available	not available	NT=Streptococcus pyogenes nz131;AC=NCBITaxon:471876
PXD044423-Sample-1	Streptococcus pyogenes nz131	not applicable	not available	not available	not applicable	not applicable	not applicable	not applicable	not applicable	1	organism part	not available	run 189	proteomic profiling by mass spectrometry	v1.1.0	NT=ms-proteomics;VV=v1.1.0	NT=HDMSE;AC=PRIDE:0000452	20082021_Spy_Phos_post_stat_0min_DDA_01.raw.zip	ftp://ftp.pride.ebi.ac.uk/pride/data/archive/2024/05/PXD044423/20082021_Spy_Phos_post_stat_0min_DDA_01.raw.zip	189	1	NT=label free sample;AC=MS:1002038	NT=Synapt ms;AC=MS:1001782	NT=Oxidation;MT=Variable;TA=M;AC=UNIMOD:35	NT=Carbamidomethyl;TA=C;MT=Fixed;AC=UNIMOD:4	AC=MS:1001251;NT=Trypsin	AC=MS:1000133;NT=collision-induced dissociation	not available	not available	NT=Streptococcus pyogenes nz131;AC=NCBITaxon:471876
PXD044423-Sample-1	Streptococcus pyogenes nz131	not applicable	not available	not available	not applicable	not applicable	not applicable	not applicable	not applicable	1	organism part	not available	run 190	proteomic profiling by mass spectrometry	v1.1.0	NT=ms-proteomics;VV=v1.1.0	NT=HDMSE;AC=PRIDE:0000452	21042021_Spy_Phos_1_THY08_HDMSe_03.raw.zip	ftp://ftp.pride.ebi.ac.uk/pride/data/archive/2024/05/PXD044423/21042021_Spy_Phos_1_THY08_HDMSe_03.raw.zip	190	1	NT=label free sample;AC=MS:1002038	NT=Synapt ms;AC=MS:1001782	NT=Oxidation;MT=Variable;TA=M;AC=UNIMOD:35	NT=Carbamidomethyl;TA=C;MT=Fixed;AC=UNIMOD:4	AC=MS:1001251;NT=Trypsin	AC=MS:1000133;NT=collision-induced dissociation	not available	not available	NT=Streptococcus pyogenes nz131;AC=NCBITaxon:471876
PXD044423-Sample-1	Streptococcus pyogenes nz131	not applicable	not available	not available	not applicable	not applicable	not applicable	not applicable	not applicable	1	organism part	not available	run 191	proteomic profiling by mass spectrometry	v1.1.0	NT=ms-proteomics;VV=v1.1.0	NT=HDMSE;AC=PRIDE:0000452	10092021_Spy_Phos_THY3d_HDMSe_02.raw.zip	ftp://ftp.pride.ebi.ac.uk/pride/data/archive/2024/05/PXD044423/10092021_Spy_Phos_THY3d_HDMSe_02.raw.zip	191	1	NT=label free sample;AC=MS:1002038	NT=Synapt ms;AC=MS:1001782	NT=Oxidation;MT=Variable;TA=M;AC=UNIMOD:35	NT=Carbamidomethyl;TA=C;MT=Fixed;AC=UNIMOD:4	AC=MS:1001251;NT=Trypsin	AC=MS:1000133;NT=collision-induced dissociation	not available	not available	NT=Streptococcus pyogenes nz131;AC=NCBITaxon:471876
PXD044423-Sample-1	Streptococcus pyogenes nz131	not applicable	not available	not available	not applicable	not applicable	not applicable	not applicable	not applicable	1	organism part	not available	run 192	proteomic profiling by mass spectrometry	v1.1.0	NT=ms-proteomics;VV=v1.1.0	NT=HDMSE;AC=PRIDE:0000452	20082021_Spy_Phos_THY08_DDA_02.raw.zip	ftp://ftp.pride.ebi.ac.uk/pride/data/archive/2024/05/PXD044423/20082021_Spy_Phos_THY08_DDA_02.raw.zip	192	1	NT=label free sample;AC=MS:1002038	NT=Synapt ms;AC=MS:1001782	NT=Oxidation;MT=Variable;TA=M;AC=UNIMOD:35	NT=Carbamidomethyl;TA=C;MT=Fixed;AC=UNIMOD:4	AC=MS:1001251;NT=Trypsin	AC=MS:1000133;NT=collision-induced dissociation	not available	not available	NT=Streptococcus pyogenes nz131;AC=NCBITaxon:471876
PXD044423-Sample-1	Streptococcus pyogenes nz131	not applicable	not available	not available	not applicable	not applicable	not applicable	not applicable	not applicable	1	organism part	not available	run 193	proteomic profiling by mass spectrometry	v1.1.0	NT=ms-proteomics;VV=v1.1.0	NT=HDMSE;AC=PRIDE:0000452	10092021_Spy_Phos_Fru15_HDMSe_02.raw.zip	ftp://ftp.pride.ebi.ac.uk/pride/data/archive/2024/05/PXD044423/10092021_Spy_Phos_Fru15_HDMSe_02.raw.zip	193	1	NT=label free sample;AC=MS:1002038	NT=Synapt ms;AC=MS:1001782	NT=Oxidation;MT=Variable;TA=M;AC=UNIMOD:35	NT=Carbamidomethyl;TA=C;MT=Fixed;AC=UNIMOD:4	AC=MS:1001251;NT=Trypsin	AC=MS:1000133;NT=collision-induced dissociation	not available	not available	NT=Streptococcus pyogenes nz131;AC=NCBITaxon:471876
PXD044423-Sample-1	Streptococcus pyogenes nz131	not applicable	not available	not available	not applicable	not applicable	not applicable	not applicable	not applicable	1	organism part	not available	run 194	proteomic profiling by mass spectrometry	v1.1.0	NT=ms-proteomics;VV=v1.1.0	NT=HDMSE;AC=PRIDE:0000452	18092021_Spy_Fru20h_HDMSe_01.raw.zip	ftp://ftp.pride.ebi.ac.uk/pride/data/archive/2024/05/PXD044423/18092021_Spy_Fru20h_HDMSe_01.raw.zip	194	1	NT=label free sample;AC=MS:1002038	NT=Synapt ms;AC=MS:1001782	NT=Oxidation;MT=Variable;TA=M;AC=UNIMOD:35	NT=Carbamidomethyl;TA=C;MT=Fixed;AC=UNIMOD:4	AC=MS:1001251;NT=Trypsin	AC=MS:1000133;NT=collision-induced dissociation	not available	not available	NT=Streptococcus pyogenes nz131;AC=NCBITaxon:471876
PXD044423-Sample-1	Streptococcus pyogenes nz131	not applicable	not available	not available	not applicable	not applicable	not applicable	not applicable	not applicable	1	organism part	not available	run 195	proteomic profiling by mass spectrometry	v1.1.0	NT=ms-proteomics;VV=v1.1.0	NT=HDMSE;AC=PRIDE:0000452	21042021_Spy_Phos_6_Fruexpo_HDMSe_02.raw.zip	ftp://ftp.pride.ebi.ac.uk/pride/data/archive/2024/05/PXD044423/21042021_Spy_Phos_6_Fruexpo_HDMSe_02.raw.zip	195	1	NT=label free sample;AC=MS:1002038	NT=Synapt ms;AC=MS:1001782	NT=Oxidation;MT=Variable;TA=M;AC=UNIMOD:35	NT=Carbamidomethyl;TA=C;MT=Fixed;AC=UNIMOD:4	AC=MS:1001251;NT=Trypsin	AC=MS:1000133;NT=collision-induced dissociation	not available	not available	NT=Streptococcus pyogenes nz131;AC=NCBITaxon:471876
PXD044423-Sample-1	Streptococcus pyogenes nz131	not applicable	not available	not available	not applicable	not applicable	not applicable	not applicable	not applicable	1	organism part	not available	run 196	proteomic profiling by mass spectrometry	v1.1.0	NT=ms-proteomics;VV=v1.1.0	NT=HDMSE;AC=PRIDE:0000452	16092021_Spy_Phos_Fru20h_DDA_01.raw.zip	ftp://ftp.pride.ebi.ac.uk/pride/data/archive/2024/05/PXD044423/16092021_Spy_Phos_Fru20h_DDA_01.raw.zip	196	1	NT=label free sample;AC=MS:1002038	NT=Synapt ms;AC=MS:1001782	NT=Oxidation;MT=Variable;TA=M;AC=UNIMOD:35	NT=Carbamidomethyl;TA=C;MT=Fixed;AC=UNIMOD:4	AC=MS:1001251;NT=Trypsin	AC=MS:1000133;NT=collision-induced dissociation	not available	not available	NT=Streptococcus pyogenes nz131;AC=NCBITaxon:471876
PXD044423-Sample-1	Streptococcus pyogenes nz131	not applicable	not available	not available	not applicable	not applicable	not applicable	not applicable	not applicable	1	organism part	not available	run 197	proteomic profiling by mass spectrometry	v1.1.0	NT=ms-proteomics;VV=v1.1.0	NT=HDMSE;AC=PRIDE:0000452	21042021_Spy_Phos_5_Fru15_DDA_01.raw.zip	ftp://ftp.pride.ebi.ac.uk/pride/data/archive/2024/05/PXD044423/21042021_Spy_Phos_5_Fru15_DDA_01.raw.zip	197	1	NT=label free sample;AC=MS:1002038	NT=Synapt ms;AC=MS:1001782	NT=Oxidation;MT=Variable;TA=M;AC=UNIMOD:35	NT=Carbamidomethyl;TA=C;MT=Fixed;AC=UNIMOD:4	AC=MS:1001251;NT=Trypsin	AC=MS:1000133;NT=collision-induced dissociation	not available	not available	NT=Streptococcus pyogenes nz131;AC=NCBITaxon:471876
PXD044423-Sample-1	Streptococcus pyogenes nz131	not applicable	not available	not available	not applicable	not applicable	not applicable	not applicable	not applicable	1	organism part	not available	run 198	proteomic profiling by mass spectrometry	v1.1.0	NT=ms-proteomics;VV=v1.1.0	NT=HDMSE;AC=PRIDE:0000452	21042021_Spy_Phos_7_Frustat_HDMSe_01.raw.zip	ftp://ftp.pride.ebi.ac.uk/pride/data/archive/2024/05/PXD044423/21042021_Spy_Phos_7_Frustat_HDMSe_01.raw.zip	198	1	NT=label free sample;AC=MS:1002038	NT=Synapt ms;AC=MS:1001782	NT=Oxidation;MT=Variable;TA=M;AC=UNIMOD:35	NT=Carbamidomethyl;TA=C;MT=Fixed;AC=UNIMOD:4	AC=MS:1001251;NT=Trypsin	AC=MS:1000133;NT=collision-induced dissociation	not available	not available	NT=Streptococcus pyogenes nz131;AC=NCBITaxon:471876
PXD044423-Sample-1	Streptococcus pyogenes nz131	not applicable	not available	not available	not applicable	not applicable	not applicable	not applicable	not applicable	1	organism part	not available	run 199	proteomic profiling by mass spectrometry	v1.1.0	NT=ms-proteomics;VV=v1.1.0	NT=HDMSE;AC=PRIDE:0000452	02092021_Spy_post_stat_0min_HDMSe_01.raw.zip	ftp://ftp.pride.ebi.ac.uk/pride/data/archive/2024/05/PXD044423/02092021_Spy_post_stat_0min_HDMSe_01.raw.zip	199	1	NT=label free sample;AC=MS:1002038	NT=Synapt ms;AC=MS:1001782	NT=Oxidation;MT=Variable;TA=M;AC=UNIMOD:35	NT=Carbamidomethyl;TA=C;MT=Fixed;AC=UNIMOD:4	AC=MS:1001251;NT=Trypsin	AC=MS:1000133;NT=collision-induced dissociation	not available	not available	NT=Streptococcus pyogenes nz131;AC=NCBITaxon:471876
PXD044423-Sample-1	Streptococcus pyogenes nz131	not applicable	not available	not available	not applicable	not applicable	not applicable	not applicable	not applicable	1	organism part	not available	run 200	proteomic profiling by mass spectrometry	v1.1.0	NT=ms-proteomics;VV=v1.1.0	NT=HDMSE;AC=PRIDE:0000452	18092021_Spy_CDM3d_HDMSe_02.raw.zip	ftp://ftp.pride.ebi.ac.uk/pride/data/archive/2024/05/PXD044423/18092021_Spy_CDM3d_HDMSe_02.raw.zip	200	1	NT=label free sample;AC=MS:1002038	NT=Synapt ms;AC=MS:1001782	NT=Oxidation;MT=Variable;TA=M;AC=UNIMOD:35	NT=Carbamidomethyl;TA=C;MT=Fixed;AC=UNIMOD:4	AC=MS:1001251;NT=Trypsin	AC=MS:1000133;NT=collision-induced dissociation	not available	not available	NT=Streptococcus pyogenes nz131;AC=NCBITaxon:471876
PXD044423-Sample-1	Streptococcus pyogenes nz131	not applicable	not available	not available	not applicable	not applicable	not applicable	not applicable	not applicable	1	organism part	not available	run 201	proteomic profiling by mass spectrometry	v1.1.0	NT=ms-proteomics;VV=v1.1.0	NT=HDMSE;AC=PRIDE:0000452	02092021_Spy_post_stat_10min_HDMSe_03.raw.zip	ftp://ftp.pride.ebi.ac.uk/pride/data/archive/2024/05/PXD044423/02092021_Spy_post_stat_10min_HDMSe_03.raw.zip	201	1	NT=label free sample;AC=MS:1002038	NT=Synapt ms;AC=MS:1001782	NT=Oxidation;MT=Variable;TA=M;AC=UNIMOD:35	NT=Carbamidomethyl;TA=C;MT=Fixed;AC=UNIMOD:4	AC=MS:1001251;NT=Trypsin	AC=MS:1000133;NT=collision-induced dissociation	not available	not available	NT=Streptococcus pyogenes nz131;AC=NCBITaxon:471876
