source name	characteristics[organism]	characteristics[organism part]	characteristics[disease]	characteristics[cell line]	characteristics[cellosaurus accession]	characteristics[cell type]	characteristics[age]	characteristics[developmental stage]	characteristics[enrichment process]	characteristics[individual]	characteristics[sex]	characteristics[biological replicate]	material type	assay name	technology type	comment[instrument]	comment[label]	comment[fraction identifier]	comment[proteomics data acquisition method]	comment[modification parameters]	comment[modification parameters]	comment[modification parameters]	comment[cleavage agent details]	comment[collision energy]	comment[dissociation method]	comment[file uri]	comment[fragment mass tolerance]	comment[precursor mass tolerance]	comment[technical replicate]	comment[data file]	factor value[cell line]
PXD051747-Sample-5	Homo sapiens	not available	Breast adenocarcinoma	MDA-MB-468	CVCL_0419	cell line	not available	not available	not available	not available	Female	1	cell line	run1	proteomic profiling by mass spectrometry	NT=Q Exactive;AC=MS:1001911	NT=label free sample;AC=MS:1002038	1	Data-Dependent Acquisition	NT=Carbamidomethyl;MT=Fixed;TA=C;AC=UNIMOD:4	NT=Oxidation;MT=Variable;TA=M;AC=UNIMOD:35	NT=Acetyl;MT=Variable;PP=Protein N-term;AC=UNIMOD:1	NT=Trypsin;AC=MS:1001251	38% NCE	NT=HCD;AC=PRIDE:0000590	https://ftp.pride.ebi.ac.uk/pride/data/archive/2024/04/PXD051747/CC_Res_83-M720-A01-O406-P9055-1.raw	0.2 Da	50 ppm	1	CC_Res_83-M720-A01-O406-P9055-1.raw	MDA-MB-468
PXD051747-Sample-5	Homo sapiens	not available	Breast adenocarcinoma	MDA-MB-468	CVCL_0419	cell line	not available	not available	not available	not available	Female	1	cell line	run2	proteomic profiling by mass spectrometry	NT=Q Exactive;AC=MS:1001911	NT=label free sample;AC=MS:1002038	2	Data-Dependent Acquisition	NT=Carbamidomethyl;MT=Fixed;TA=C;AC=UNIMOD:4	NT=Oxidation;MT=Variable;TA=M;AC=UNIMOD:35	NT=Acetyl;MT=Variable;PP=Protein N-term;AC=UNIMOD:1	NT=Trypsin;AC=MS:1001251	38% NCE	NT=HCD;AC=PRIDE:0000590	https://ftp.pride.ebi.ac.uk/pride/data/archive/2024/04/PXD051747/CC_Res_83-M720-A02-O406-P9055-2.raw	0.2 Da	50 ppm	1	CC_Res_83-M720-A02-O406-P9055-2.raw	MDA-MB-468
PXD051747-Sample-5	Homo sapiens	not available	Breast adenocarcinoma	MDA-MB-468	CVCL_0419	cell line	not available	not available	not available	not available	Female	1	cell line	run3	proteomic profiling by mass spectrometry	NT=Q Exactive;AC=MS:1001911	NT=label free sample;AC=MS:1002038	3	Data-Dependent Acquisition	NT=Carbamidomethyl;MT=Fixed;TA=C;AC=UNIMOD:4	NT=Oxidation;MT=Variable;TA=M;AC=UNIMOD:35	NT=Acetyl;MT=Variable;PP=Protein N-term;AC=UNIMOD:1	NT=Trypsin;AC=MS:1001251	38% NCE	NT=HCD;AC=PRIDE:0000590	https://ftp.pride.ebi.ac.uk/pride/data/archive/2024/04/PXD051747/CC_Res_83-M720-A03-O406-P9055-1.raw	0.2 Da	50 ppm	1	CC_Res_83-M720-A03-O406-P9055-1.raw	MDA-MB-468
PXD051747-Sample-5	Homo sapiens	not available	Breast adenocarcinoma	MDA-MB-468	CVCL_0419	cell line	not available	not available	not available	not available	Female	1	cell line	run4	proteomic profiling by mass spectrometry	NT=Q Exactive;AC=MS:1001911	NT=label free sample;AC=MS:1002038	4	Data-Dependent Acquisition	NT=Carbamidomethyl;MT=Fixed;TA=C;AC=UNIMOD:4	NT=Oxidation;MT=Variable;TA=M;AC=UNIMOD:35	NT=Acetyl;MT=Variable;PP=Protein N-term;AC=UNIMOD:1	NT=Trypsin;AC=MS:1001251	38% NCE	NT=HCD;AC=PRIDE:0000590	https://ftp.pride.ebi.ac.uk/pride/data/archive/2024/04/PXD051747/CC_Res_83-M720-A04-O406-P9055-1.raw	0.2 Da	50 ppm	1	CC_Res_83-M720-A04-O406-P9055-1.raw	MDA-MB-468
PXD051747-Sample-5	Homo sapiens	not available	Breast adenocarcinoma	MDA-MB-468	CVCL_0419	cell line	not available	not available	not available	not available	Female	1	cell line	run5	proteomic profiling by mass spectrometry	NT=Q Exactive;AC=MS:1001911	NT=label free sample;AC=MS:1002038	5	Data-Dependent Acquisition	NT=Carbamidomethyl;MT=Fixed;TA=C;AC=UNIMOD:4	NT=Oxidation;MT=Variable;TA=M;AC=UNIMOD:35	NT=Acetyl;MT=Variable;PP=Protein N-term;AC=UNIMOD:1	NT=Trypsin;AC=MS:1001251	38% NCE	NT=HCD;AC=PRIDE:0000590	https://ftp.pride.ebi.ac.uk/pride/data/archive/2024/04/PXD051747/CC_Res_83-M720-A05-O406-P9055-1.raw	0.2 Da	50 ppm	1	CC_Res_83-M720-A05-O406-P9055-1.raw	MDA-MB-468
PXD051747-Sample-5	Homo sapiens	not available	Breast adenocarcinoma	MDA-MB-468	CVCL_0419	cell line	not available	not available	not available	not available	Female	1	cell line	run6	proteomic profiling by mass spectrometry	NT=Q Exactive;AC=MS:1001911	NT=label free sample;AC=MS:1002038	6	Data-Dependent Acquisition	NT=Carbamidomethyl;MT=Fixed;TA=C;AC=UNIMOD:4	NT=Oxidation;MT=Variable;TA=M;AC=UNIMOD:35	NT=Acetyl;MT=Variable;PP=Protein N-term;AC=UNIMOD:1	NT=Trypsin;AC=MS:1001251	38% NCE	NT=HCD;AC=PRIDE:0000590	https://ftp.pride.ebi.ac.uk/pride/data/archive/2024/04/PXD051747/CC_Res_83-M720-A06-O406-P9055-1.raw	0.2 Da	50 ppm	1	CC_Res_83-M720-A06-O406-P9055-1.raw	MDA-MB-468
PXD051747-Sample-5	Homo sapiens	not available	Breast adenocarcinoma	MDA-MB-468	CVCL_0419	cell line	not available	not available	not available	not available	Female	1	cell line	run7	proteomic profiling by mass spectrometry	NT=Q Exactive;AC=MS:1001911	NT=label free sample;AC=MS:1002038	7	Data-Dependent Acquisition	NT=Carbamidomethyl;MT=Fixed;TA=C;AC=UNIMOD:4	NT=Oxidation;MT=Variable;TA=M;AC=UNIMOD:35	NT=Acetyl;MT=Variable;PP=Protein N-term;AC=UNIMOD:1	NT=Trypsin;AC=MS:1001251	38% NCE	NT=HCD;AC=PRIDE:0000590	https://ftp.pride.ebi.ac.uk/pride/data/archive/2024/04/PXD051747/CC_Res_83-M720-A07-O406-P9055-1.raw	0.2 Da	50 ppm	1	CC_Res_83-M720-A07-O406-P9055-1.raw	MDA-MB-468
PXD051747-Sample-5	Homo sapiens	not available	Breast adenocarcinoma	MDA-MB-468	CVCL_0419	cell line	not available	not available	not available	not available	Female	1	cell line	run8	proteomic profiling by mass spectrometry	NT=Q Exactive;AC=MS:1001911	NT=label free sample;AC=MS:1002038	8	Data-Dependent Acquisition	NT=Carbamidomethyl;MT=Fixed;TA=C;AC=UNIMOD:4	NT=Oxidation;MT=Variable;TA=M;AC=UNIMOD:35	NT=Acetyl;MT=Variable;PP=Protein N-term;AC=UNIMOD:1	NT=Trypsin;AC=MS:1001251	38% NCE	NT=HCD;AC=PRIDE:0000590	https://ftp.pride.ebi.ac.uk/pride/data/archive/2024/04/PXD051747/CC_Res_83-M720-A08-O406-P9055-1.raw	0.2 Da	50 ppm	1	CC_Res_83-M720-A08-O406-P9055-1.raw	MDA-MB-468
PXD051747-Sample-5	Homo sapiens	not available	Breast adenocarcinoma	MDA-MB-468	CVCL_0419	cell line	not available	not available	not available	not available	Female	1	cell line	run9	proteomic profiling by mass spectrometry	NT=Q Exactive;AC=MS:1001911	NT=label free sample;AC=MS:1002038	9	Data-Dependent Acquisition	NT=Carbamidomethyl;MT=Fixed;TA=C;AC=UNIMOD:4	NT=Oxidation;MT=Variable;TA=M;AC=UNIMOD:35	NT=Acetyl;MT=Variable;PP=Protein N-term;AC=UNIMOD:1	NT=Trypsin;AC=MS:1001251	38% NCE	NT=HCD;AC=PRIDE:0000590	https://ftp.pride.ebi.ac.uk/pride/data/archive/2024/04/PXD051747/CC_Res_83-M720-B01-O406-P9055-1.raw	0.2 Da	50 ppm	1	CC_Res_83-M720-B01-O406-P9055-1.raw	MDA-MB-468
PXD051747-Sample-5	Homo sapiens	not available	Breast adenocarcinoma	MDA-MB-468	CVCL_0419	cell line	not available	not available	not available	not available	Female	1	cell line	run10	proteomic profiling by mass spectrometry	NT=Q Exactive;AC=MS:1001911	NT=label free sample;AC=MS:1002038	10	Data-Dependent Acquisition	NT=Carbamidomethyl;MT=Fixed;TA=C;AC=UNIMOD:4	NT=Oxidation;MT=Variable;TA=M;AC=UNIMOD:35	NT=Acetyl;MT=Variable;PP=Protein N-term;AC=UNIMOD:1	NT=Trypsin;AC=MS:1001251	38% NCE	NT=HCD;AC=PRIDE:0000590	https://ftp.pride.ebi.ac.uk/pride/data/archive/2024/04/PXD051747/CC_Res_83-M720-B02-O406-P9055-1.raw	0.2 Da	50 ppm	1	CC_Res_83-M720-B02-O406-P9055-1.raw	MDA-MB-468
PXD051747-Sample-5	Homo sapiens	not available	Breast adenocarcinoma	MDA-MB-468	CVCL_0419	cell line	not available	not available	not available	not available	Female	1	cell line	run11	proteomic profiling by mass spectrometry	NT=Q Exactive;AC=MS:1001911	NT=label free sample;AC=MS:1002038	11	Data-Dependent Acquisition	NT=Carbamidomethyl;MT=Fixed;TA=C;AC=UNIMOD:4	NT=Oxidation;MT=Variable;TA=M;AC=UNIMOD:35	NT=Acetyl;MT=Variable;PP=Protein N-term;AC=UNIMOD:1	NT=Trypsin;AC=MS:1001251	38% NCE	NT=HCD;AC=PRIDE:0000590	https://ftp.pride.ebi.ac.uk/pride/data/archive/2024/04/PXD051747/CC_Res_83-M720-B03-O406-P9055-2.raw	0.2 Da	50 ppm	1	CC_Res_83-M720-B03-O406-P9055-2.raw	MDA-MB-468
PXD051747-Sample-5	Homo sapiens	not available	Breast adenocarcinoma	MDA-MB-468	CVCL_0419	cell line	not available	not available	not available	not available	Female	1	cell line	run12	proteomic profiling by mass spectrometry	NT=Q Exactive;AC=MS:1001911	NT=label free sample;AC=MS:1002038	12	Data-Dependent Acquisition	NT=Carbamidomethyl;MT=Fixed;TA=C;AC=UNIMOD:4	NT=Oxidation;MT=Variable;TA=M;AC=UNIMOD:35	NT=Acetyl;MT=Variable;PP=Protein N-term;AC=UNIMOD:1	NT=Trypsin;AC=MS:1001251	38% NCE	NT=HCD;AC=PRIDE:0000590	https://ftp.pride.ebi.ac.uk/pride/data/archive/2024/04/PXD051747/CC_Res_83-M720-B04-O406-P9055-1.raw	0.2 Da	50 ppm	1	CC_Res_83-M720-B04-O406-P9055-1.raw	MDA-MB-468
PXD051747-Sample-5	Homo sapiens	not available	Breast adenocarcinoma	MDA-MB-468	CVCL_0419	cell line	not available	not available	not available	not available	Female	1	cell line	run13	proteomic profiling by mass spectrometry	NT=Q Exactive;AC=MS:1001911	NT=label free sample;AC=MS:1002038	13	Data-Dependent Acquisition	NT=Carbamidomethyl;MT=Fixed;TA=C;AC=UNIMOD:4	NT=Oxidation;MT=Variable;TA=M;AC=UNIMOD:35	NT=Acetyl;MT=Variable;PP=Protein N-term;AC=UNIMOD:1	NT=Trypsin;AC=MS:1001251	38% NCE	NT=HCD;AC=PRIDE:0000590	https://ftp.pride.ebi.ac.uk/pride/data/archive/2024/04/PXD051747/CC_Res_83-M720-B05-O406-P9055-1.raw	0.2 Da	50 ppm	1	CC_Res_83-M720-B05-O406-P9055-1.raw	MDA-MB-468
PXD051747-Sample-5	Homo sapiens	not available	Breast adenocarcinoma	MDA-MB-468	CVCL_0419	cell line	not available	not available	not available	not available	Female	1	cell line	run14	proteomic profiling by mass spectrometry	NT=Q Exactive;AC=MS:1001911	NT=label free sample;AC=MS:1002038	14	Data-Dependent Acquisition	NT=Carbamidomethyl;MT=Fixed;TA=C;AC=UNIMOD:4	NT=Oxidation;MT=Variable;TA=M;AC=UNIMOD:35	NT=Acetyl;MT=Variable;PP=Protein N-term;AC=UNIMOD:1	NT=Trypsin;AC=MS:1001251	38% NCE	NT=HCD;AC=PRIDE:0000590	https://ftp.pride.ebi.ac.uk/pride/data/archive/2024/04/PXD051747/CC_Res_83-M720-B06-O406-P9055-1.raw	0.2 Da	50 ppm	1	CC_Res_83-M720-B06-O406-P9055-1.raw	MDA-MB-468
PXD051747-Sample-5	Homo sapiens	not available	Breast adenocarcinoma	MDA-MB-468	CVCL_0419	cell line	not available	not available	not available	not available	Female	1	cell line	run15	proteomic profiling by mass spectrometry	NT=Q Exactive;AC=MS:1001911	NT=label free sample;AC=MS:1002038	15	Data-Dependent Acquisition	NT=Carbamidomethyl;MT=Fixed;TA=C;AC=UNIMOD:4	NT=Oxidation;MT=Variable;TA=M;AC=UNIMOD:35	NT=Acetyl;MT=Variable;PP=Protein N-term;AC=UNIMOD:1	NT=Trypsin;AC=MS:1001251	38% NCE	NT=HCD;AC=PRIDE:0000590	https://ftp.pride.ebi.ac.uk/pride/data/archive/2024/04/PXD051747/CC_Res_83-M720-B07-O406-P9055-1.raw	0.2 Da	50 ppm	1	CC_Res_83-M720-B07-O406-P9055-1.raw	MDA-MB-468
PXD051747-Sample-5	Homo sapiens	not available	Breast adenocarcinoma	MDA-MB-468	CVCL_0419	cell line	not available	not available	not available	not available	Female	1	cell line	run16	proteomic profiling by mass spectrometry	NT=Q Exactive;AC=MS:1001911	NT=label free sample;AC=MS:1002038	16	Data-Dependent Acquisition	NT=Carbamidomethyl;MT=Fixed;TA=C;AC=UNIMOD:4	NT=Oxidation;MT=Variable;TA=M;AC=UNIMOD:35	NT=Acetyl;MT=Variable;PP=Protein N-term;AC=UNIMOD:1	NT=Trypsin;AC=MS:1001251	38% NCE	NT=HCD;AC=PRIDE:0000590	https://ftp.pride.ebi.ac.uk/pride/data/archive/2024/04/PXD051747/CC_Res_83-M720-B08-O406-P9055-1.raw	0.2 Da	50 ppm	1	CC_Res_83-M720-B08-O406-P9055-1.raw	MDA-MB-468
PXD051747-Sample-5	Homo sapiens	not available	Breast adenocarcinoma	MDA-MB-468	CVCL_0419	cell line	not available	not available	not available	not available	Female	1	cell line	run17	proteomic profiling by mass spectrometry	NT=Q Exactive;AC=MS:1001911	NT=label free sample;AC=MS:1002038	17	Data-Dependent Acquisition	NT=Carbamidomethyl;MT=Fixed;TA=C;AC=UNIMOD:4	NT=Oxidation;MT=Variable;TA=M;AC=UNIMOD:35	NT=Acetyl;MT=Variable;PP=Protein N-term;AC=UNIMOD:1	NT=Trypsin;AC=MS:1001251	38% NCE	NT=HCD;AC=PRIDE:0000590	https://ftp.pride.ebi.ac.uk/pride/data/archive/2024/04/PXD051747/CC_Res_83-M720-C01-O406-P9055-3.raw	0.2 Da	50 ppm	1	CC_Res_83-M720-C01-O406-P9055-3.raw	MDA-MB-468
PXD051747-Sample-5	Homo sapiens	not available	Breast adenocarcinoma	MDA-MB-468	CVCL_0419	cell line	not available	not available	not available	not available	Female	1	cell line	run18	proteomic profiling by mass spectrometry	NT=Q Exactive;AC=MS:1001911	NT=label free sample;AC=MS:1002038	18	Data-Dependent Acquisition	NT=Carbamidomethyl;MT=Fixed;TA=C;AC=UNIMOD:4	NT=Oxidation;MT=Variable;TA=M;AC=UNIMOD:35	NT=Acetyl;MT=Variable;PP=Protein N-term;AC=UNIMOD:1	NT=Trypsin;AC=MS:1001251	38% NCE	NT=HCD;AC=PRIDE:0000590	https://ftp.pride.ebi.ac.uk/pride/data/archive/2024/04/PXD051747/CC_Res_83-M720-C02-O406-P9055-1.raw	0.2 Da	50 ppm	1	CC_Res_83-M720-C02-O406-P9055-1.raw	MDA-MB-468
PXD051747-Sample-5	Homo sapiens	not available	Breast adenocarcinoma	MDA-MB-468	CVCL_0419	cell line	not available	not available	not available	not available	Female	1	cell line	run19	proteomic profiling by mass spectrometry	NT=Q Exactive;AC=MS:1001911	NT=label free sample;AC=MS:1002038	19	Data-Dependent Acquisition	NT=Carbamidomethyl;MT=Fixed;TA=C;AC=UNIMOD:4	NT=Oxidation;MT=Variable;TA=M;AC=UNIMOD:35	NT=Acetyl;MT=Variable;PP=Protein N-term;AC=UNIMOD:1	NT=Trypsin;AC=MS:1001251	38% NCE	NT=HCD;AC=PRIDE:0000590	https://ftp.pride.ebi.ac.uk/pride/data/archive/2024/04/PXD051747/CC_Res_83-M720-C03-O406-P9055-1.raw	0.2 Da	50 ppm	1	CC_Res_83-M720-C03-O406-P9055-1.raw	MDA-MB-468
PXD051747-Sample-5	Homo sapiens	not available	Breast adenocarcinoma	MDA-MB-468	CVCL_0419	cell line	not available	not available	not available	not available	Female	1	cell line	run20	proteomic profiling by mass spectrometry	NT=Q Exactive;AC=MS:1001911	NT=label free sample;AC=MS:1002038	20	Data-Dependent Acquisition	NT=Carbamidomethyl;MT=Fixed;TA=C;AC=UNIMOD:4	NT=Oxidation;MT=Variable;TA=M;AC=UNIMOD:35	NT=Acetyl;MT=Variable;PP=Protein N-term;AC=UNIMOD:1	NT=Trypsin;AC=MS:1001251	38% NCE	NT=HCD;AC=PRIDE:0000590	https://ftp.pride.ebi.ac.uk/pride/data/archive/2024/04/PXD051747/CC_Res_83-M720-C04-O406-P9055-1.raw	0.2 Da	50 ppm	1	CC_Res_83-M720-C04-O406-P9055-1.raw	MDA-MB-468
PXD051747-Sample-5	Homo sapiens	not available	Breast adenocarcinoma	MDA-MB-468	CVCL_0419	cell line	not available	not available	not available	not available	Female	1	cell line	run21	proteomic profiling by mass spectrometry	NT=Q Exactive;AC=MS:1001911	NT=label free sample;AC=MS:1002038	21	Data-Dependent Acquisition	NT=Carbamidomethyl;MT=Fixed;TA=C;AC=UNIMOD:4	NT=Oxidation;MT=Variable;TA=M;AC=UNIMOD:35	NT=Acetyl;MT=Variable;PP=Protein N-term;AC=UNIMOD:1	NT=Trypsin;AC=MS:1001251	38% NCE	NT=HCD;AC=PRIDE:0000590	https://ftp.pride.ebi.ac.uk/pride/data/archive/2024/04/PXD051747/CC_Res_83-M720-C05-O406-P9055-1.raw	0.2 Da	50 ppm	1	CC_Res_83-M720-C05-O406-P9055-1.raw	MDA-MB-468
PXD051747-Sample-5	Homo sapiens	not available	Breast adenocarcinoma	MDA-MB-468	CVCL_0419	cell line	not available	not available	not available	not available	Female	1	cell line	run22	proteomic profiling by mass spectrometry	NT=Q Exactive;AC=MS:1001911	NT=label free sample;AC=MS:1002038	22	Data-Dependent Acquisition	NT=Carbamidomethyl;MT=Fixed;TA=C;AC=UNIMOD:4	NT=Oxidation;MT=Variable;TA=M;AC=UNIMOD:35	NT=Acetyl;MT=Variable;PP=Protein N-term;AC=UNIMOD:1	NT=Trypsin;AC=MS:1001251	38% NCE	NT=HCD;AC=PRIDE:0000590	https://ftp.pride.ebi.ac.uk/pride/data/archive/2024/04/PXD051747/CC_Res_83-M720-C06-O406-P9055-1.raw	0.2 Da	50 ppm	1	CC_Res_83-M720-C06-O406-P9055-1.raw	MDA-MB-468
PXD051747-Sample-5	Homo sapiens	not available	Breast adenocarcinoma	MDA-MB-468	CVCL_0419	cell line	not available	not available	not available	not available	Female	1	cell line	run23	proteomic profiling by mass spectrometry	NT=Q Exactive;AC=MS:1001911	NT=label free sample;AC=MS:1002038	23	Data-Dependent Acquisition	NT=Carbamidomethyl;MT=Fixed;TA=C;AC=UNIMOD:4	NT=Oxidation;MT=Variable;TA=M;AC=UNIMOD:35	NT=Acetyl;MT=Variable;PP=Protein N-term;AC=UNIMOD:1	NT=Trypsin;AC=MS:1001251	38% NCE	NT=HCD;AC=PRIDE:0000590	https://ftp.pride.ebi.ac.uk/pride/data/archive/2024/04/PXD051747/CC_Res_83-M720-C07-O406-P9055-1.raw	0.2 Da	50 ppm	1	CC_Res_83-M720-C07-O406-P9055-1.raw	MDA-MB-468
PXD051747-Sample-5	Homo sapiens	not available	Breast adenocarcinoma	MDA-MB-468	CVCL_0419	cell line	not available	not available	not available	not available	Female	1	cell line	run24	proteomic profiling by mass spectrometry	NT=Q Exactive;AC=MS:1001911	NT=label free sample;AC=MS:1002038	24	Data-Dependent Acquisition	NT=Carbamidomethyl;MT=Fixed;TA=C;AC=UNIMOD:4	NT=Oxidation;MT=Variable;TA=M;AC=UNIMOD:35	NT=Acetyl;MT=Variable;PP=Protein N-term;AC=UNIMOD:1	NT=Trypsin;AC=MS:1001251	38% NCE	NT=HCD;AC=PRIDE:0000590	https://ftp.pride.ebi.ac.uk/pride/data/archive/2024/04/PXD051747/CC_Res_83-M720-C08-O406-P9055-1.raw	0.2 Da	50 ppm	1	CC_Res_83-M720-C08-O406-P9055-1.raw	MDA-MB-468
PXD051747-Sample-5	Homo sapiens	not available	Breast adenocarcinoma	MDA-MB-468	CVCL_0419	cell line	not available	not available	not available	not available	Female	1	cell line	run25	proteomic profiling by mass spectrometry	NT=Q Exactive;AC=MS:1001911	NT=label free sample;AC=MS:1002038	25	Data-Dependent Acquisition	NT=Carbamidomethyl;MT=Fixed;TA=C;AC=UNIMOD:4	NT=Oxidation;MT=Variable;TA=M;AC=UNIMOD:35	NT=Acetyl;MT=Variable;PP=Protein N-term;AC=UNIMOD:1	NT=Trypsin;AC=MS:1001251	38% NCE	NT=HCD;AC=PRIDE:0000590	https://ftp.pride.ebi.ac.uk/pride/data/archive/2024/04/PXD051747/CC_Res_83-M720-D01-O406-P9055-1.raw	0.2 Da	50 ppm	1	CC_Res_83-M720-D01-O406-P9055-1.raw	MDA-MB-468
PXD051747-Sample-5	Homo sapiens	not available	Breast adenocarcinoma	MDA-MB-468	CVCL_0419	cell line	not available	not available	not available	not available	Female	1	cell line	run26	proteomic profiling by mass spectrometry	NT=Q Exactive;AC=MS:1001911	NT=label free sample;AC=MS:1002038	26	Data-Dependent Acquisition	NT=Carbamidomethyl;MT=Fixed;TA=C;AC=UNIMOD:4	NT=Oxidation;MT=Variable;TA=M;AC=UNIMOD:35	NT=Acetyl;MT=Variable;PP=Protein N-term;AC=UNIMOD:1	NT=Trypsin;AC=MS:1001251	38% NCE	NT=HCD;AC=PRIDE:0000590	https://ftp.pride.ebi.ac.uk/pride/data/archive/2024/04/PXD051747/CC_Res_83-M720-D02-O406-P9055-1.raw	0.2 Da	50 ppm	1	CC_Res_83-M720-D02-O406-P9055-1.raw	MDA-MB-468
PXD051747-Sample-5	Homo sapiens	not available	Breast adenocarcinoma	MDA-MB-468	CVCL_0419	cell line	not available	not available	not available	not available	Female	1	cell line	run27	proteomic profiling by mass spectrometry	NT=Q Exactive;AC=MS:1001911	NT=label free sample;AC=MS:1002038	27	Data-Dependent Acquisition	NT=Carbamidomethyl;MT=Fixed;TA=C;AC=UNIMOD:4	NT=Oxidation;MT=Variable;TA=M;AC=UNIMOD:35	NT=Acetyl;MT=Variable;PP=Protein N-term;AC=UNIMOD:1	NT=Trypsin;AC=MS:1001251	38% NCE	NT=HCD;AC=PRIDE:0000590	https://ftp.pride.ebi.ac.uk/pride/data/archive/2024/04/PXD051747/CC_Res_83-M720-D03-O406-P9055-1.raw	0.2 Da	50 ppm	1	CC_Res_83-M720-D03-O406-P9055-1.raw	MDA-MB-468
PXD051747-Sample-5	Homo sapiens	not available	Breast adenocarcinoma	MDA-MB-468	CVCL_0419	cell line	not available	not available	not available	not available	Female	1	cell line	run28	proteomic profiling by mass spectrometry	NT=Q Exactive;AC=MS:1001911	NT=label free sample;AC=MS:1002038	28	Data-Dependent Acquisition	NT=Carbamidomethyl;MT=Fixed;TA=C;AC=UNIMOD:4	NT=Oxidation;MT=Variable;TA=M;AC=UNIMOD:35	NT=Acetyl;MT=Variable;PP=Protein N-term;AC=UNIMOD:1	NT=Trypsin;AC=MS:1001251	38% NCE	NT=HCD;AC=PRIDE:0000590	https://ftp.pride.ebi.ac.uk/pride/data/archive/2024/04/PXD051747/CC_Res_83-M720-D04-O406-P9055-1.raw	0.2 Da	50 ppm	1	CC_Res_83-M720-D04-O406-P9055-1.raw	MDA-MB-468
PXD051747-Sample-5	Homo sapiens	not available	Breast adenocarcinoma	MDA-MB-468	CVCL_0419	cell line	not available	not available	not available	not available	Female	1	cell line	run29	proteomic profiling by mass spectrometry	NT=Q Exactive;AC=MS:1001911	NT=label free sample;AC=MS:1002038	29	Data-Dependent Acquisition	NT=Carbamidomethyl;MT=Fixed;TA=C;AC=UNIMOD:4	NT=Oxidation;MT=Variable;TA=M;AC=UNIMOD:35	NT=Acetyl;MT=Variable;PP=Protein N-term;AC=UNIMOD:1	NT=Trypsin;AC=MS:1001251	38% NCE	NT=HCD;AC=PRIDE:0000590	https://ftp.pride.ebi.ac.uk/pride/data/archive/2024/04/PXD051747/CC_Res_83-M720-D05-O406-P9055-1.raw	0.2 Da	50 ppm	1	CC_Res_83-M720-D05-O406-P9055-1.raw	MDA-MB-468
PXD051747-Sample-5	Homo sapiens	not available	Breast adenocarcinoma	MDA-MB-468	CVCL_0419	cell line	not available	not available	not available	not available	Female	1	cell line	run30	proteomic profiling by mass spectrometry	NT=Q Exactive;AC=MS:1001911	NT=label free sample;AC=MS:1002038	30	Data-Dependent Acquisition	NT=Carbamidomethyl;MT=Fixed;TA=C;AC=UNIMOD:4	NT=Oxidation;MT=Variable;TA=M;AC=UNIMOD:35	NT=Acetyl;MT=Variable;PP=Protein N-term;AC=UNIMOD:1	NT=Trypsin;AC=MS:1001251	38% NCE	NT=HCD;AC=PRIDE:0000590	https://ftp.pride.ebi.ac.uk/pride/data/archive/2024/04/PXD051747/CC_Res_83-M720-D06-O406-P9055-1.raw	0.2 Da	50 ppm	1	CC_Res_83-M720-D06-O406-P9055-1.raw	MDA-MB-468
PXD051747-Sample-5	Homo sapiens	not available	Breast adenocarcinoma	MDA-MB-468	CVCL_0419	cell line	not available	not available	not available	not available	Female	1	cell line	run31	proteomic profiling by mass spectrometry	NT=Q Exactive;AC=MS:1001911	NT=label free sample;AC=MS:1002038	31	Data-Dependent Acquisition	NT=Carbamidomethyl;MT=Fixed;TA=C;AC=UNIMOD:4	NT=Oxidation;MT=Variable;TA=M;AC=UNIMOD:35	NT=Acetyl;MT=Variable;PP=Protein N-term;AC=UNIMOD:1	NT=Trypsin;AC=MS:1001251	38% NCE	NT=HCD;AC=PRIDE:0000590	https://ftp.pride.ebi.ac.uk/pride/data/archive/2024/04/PXD051747/CC_Res_83-M720-D07-O406-P9055-1.raw	0.2 Da	50 ppm	1	CC_Res_83-M720-D07-O406-P9055-1.raw	MDA-MB-468
PXD051747-Sample-5	Homo sapiens	not available	Breast adenocarcinoma	MDA-MB-468	CVCL_0419	cell line	not available	not available	not available	not available	Female	1	cell line	run32	proteomic profiling by mass spectrometry	NT=Q Exactive;AC=MS:1001911	NT=label free sample;AC=MS:1002038	32	Data-Dependent Acquisition	NT=Carbamidomethyl;MT=Fixed;TA=C;AC=UNIMOD:4	NT=Oxidation;MT=Variable;TA=M;AC=UNIMOD:35	NT=Acetyl;MT=Variable;PP=Protein N-term;AC=UNIMOD:1	NT=Trypsin;AC=MS:1001251	38% NCE	NT=HCD;AC=PRIDE:0000590	https://ftp.pride.ebi.ac.uk/pride/data/archive/2024/04/PXD051747/CC_Res_83-M720-D08-O406-P9055-1.raw	0.2 Da	50 ppm	1	CC_Res_83-M720-D08-O406-P9055-1.raw	MDA-MB-468
PXD051747-Sample-5	Homo sapiens	not available	Breast adenocarcinoma	MDA-MB-468	CVCL_0419	cell line	not available	not available	not available	not available	Female	1	cell line	run33	proteomic profiling by mass spectrometry	NT=Q Exactive;AC=MS:1001911	NT=label free sample;AC=MS:1002038	33	Data-Dependent Acquisition	NT=Carbamidomethyl;MT=Fixed;TA=C;AC=UNIMOD:4	NT=Oxidation;MT=Variable;TA=M;AC=UNIMOD:35	NT=Acetyl;MT=Variable;PP=Protein N-term;AC=UNIMOD:1	NT=Trypsin;AC=MS:1001251	38% NCE	NT=HCD;AC=PRIDE:0000590	https://ftp.pride.ebi.ac.uk/pride/data/archive/2024/04/PXD051747/CC_Res_83-M720-E01-O406-P9055-1.raw	0.2 Da	50 ppm	1	CC_Res_83-M720-E01-O406-P9055-1.raw	MDA-MB-468
PXD051747-Sample-5	Homo sapiens	not available	Breast adenocarcinoma	MDA-MB-468	CVCL_0419	cell line	not available	not available	not available	not available	Female	1	cell line	run34	proteomic profiling by mass spectrometry	NT=Q Exactive;AC=MS:1001911	NT=label free sample;AC=MS:1002038	34	Data-Dependent Acquisition	NT=Carbamidomethyl;MT=Fixed;TA=C;AC=UNIMOD:4	NT=Oxidation;MT=Variable;TA=M;AC=UNIMOD:35	NT=Acetyl;MT=Variable;PP=Protein N-term;AC=UNIMOD:1	NT=Trypsin;AC=MS:1001251	38% NCE	NT=HCD;AC=PRIDE:0000590	https://ftp.pride.ebi.ac.uk/pride/data/archive/2024/04/PXD051747/CC_Res_83-M720-E02-O406-P9055-3.raw	0.2 Da	50 ppm	1	CC_Res_83-M720-E02-O406-P9055-3.raw	MDA-MB-468
PXD051747-Sample-5	Homo sapiens	not available	Breast adenocarcinoma	MDA-MB-468	CVCL_0419	cell line	not available	not available	not available	not available	Female	1	cell line	run35	proteomic profiling by mass spectrometry	NT=Q Exactive;AC=MS:1001911	NT=label free sample;AC=MS:1002038	35	Data-Dependent Acquisition	NT=Carbamidomethyl;MT=Fixed;TA=C;AC=UNIMOD:4	NT=Oxidation;MT=Variable;TA=M;AC=UNIMOD:35	NT=Acetyl;MT=Variable;PP=Protein N-term;AC=UNIMOD:1	NT=Trypsin;AC=MS:1001251	38% NCE	NT=HCD;AC=PRIDE:0000590	https://ftp.pride.ebi.ac.uk/pride/data/archive/2024/04/PXD051747/CC_Res_83-M720-E03-O406-P9055-1.raw	0.2 Da	50 ppm	1	CC_Res_83-M720-E03-O406-P9055-1.raw	MDA-MB-468
PXD051747-Sample-5	Homo sapiens	not available	Breast adenocarcinoma	MDA-MB-468	CVCL_0419	cell line	not available	not available	not available	not available	Female	1	cell line	run36	proteomic profiling by mass spectrometry	NT=Q Exactive;AC=MS:1001911	NT=label free sample;AC=MS:1002038	36	Data-Dependent Acquisition	NT=Carbamidomethyl;MT=Fixed;TA=C;AC=UNIMOD:4	NT=Oxidation;MT=Variable;TA=M;AC=UNIMOD:35	NT=Acetyl;MT=Variable;PP=Protein N-term;AC=UNIMOD:1	NT=Trypsin;AC=MS:1001251	38% NCE	NT=HCD;AC=PRIDE:0000590	https://ftp.pride.ebi.ac.uk/pride/data/archive/2024/04/PXD051747/CC_Res_83-M720-E04-O406-P9055-1.raw	0.2 Da	50 ppm	1	CC_Res_83-M720-E04-O406-P9055-1.raw	MDA-MB-468
PXD051747-Sample-4	Homo sapiens	not available	Colon adenocarcinoma	LS180	CVCL_0397	cell line	not available	not available	not available	not available	Female	1	cell line	run37	proteomic profiling by mass spectrometry	NT=Q Exactive;AC=MS:1001911	NT=label free sample;AC=MS:1002038	1	Data-Dependent Acquisition	NT=Carbamidomethyl;MT=Fixed;TA=C;AC=UNIMOD:4	NT=Oxidation;MT=Variable;TA=M;AC=UNIMOD:35	NT=Acetyl;MT=Variable;PP=Protein N-term;AC=UNIMOD:1	NT=Trypsin;AC=MS:1001251	38% NCE	NT=HCD;AC=PRIDE:0000590	https://ftp.pride.ebi.ac.uk/pride/data/archive/2024/04/PXD051747/CC_Res_83-M724-A01-O409-P9076-1.raw	0.2 Da	50 ppm	1	CC_Res_83-M724-A01-O409-P9076-1.raw	LS180
PXD051747-Sample-4	Homo sapiens	not available	Colon adenocarcinoma	LS180	CVCL_0397	cell line	not available	not available	not available	not available	Female	1	cell line	run38	proteomic profiling by mass spectrometry	NT=Q Exactive;AC=MS:1001911	NT=label free sample;AC=MS:1002038	2	Data-Dependent Acquisition	NT=Carbamidomethyl;MT=Fixed;TA=C;AC=UNIMOD:4	NT=Oxidation;MT=Variable;TA=M;AC=UNIMOD:35	NT=Acetyl;MT=Variable;PP=Protein N-term;AC=UNIMOD:1	NT=Trypsin;AC=MS:1001251	38% NCE	NT=HCD;AC=PRIDE:0000590	https://ftp.pride.ebi.ac.uk/pride/data/archive/2024/04/PXD051747/CC_Res_83-M724-A02-O409-P9076-1.raw	0.2 Da	50 ppm	1	CC_Res_83-M724-A02-O409-P9076-1.raw	LS180
PXD051747-Sample-4	Homo sapiens	not available	Colon adenocarcinoma	LS180	CVCL_0397	cell line	not available	not available	not available	not available	Female	1	cell line	run39	proteomic profiling by mass spectrometry	NT=Q Exactive;AC=MS:1001911	NT=label free sample;AC=MS:1002038	3	Data-Dependent Acquisition	NT=Carbamidomethyl;MT=Fixed;TA=C;AC=UNIMOD:4	NT=Oxidation;MT=Variable;TA=M;AC=UNIMOD:35	NT=Acetyl;MT=Variable;PP=Protein N-term;AC=UNIMOD:1	NT=Trypsin;AC=MS:1001251	38% NCE	NT=HCD;AC=PRIDE:0000590	https://ftp.pride.ebi.ac.uk/pride/data/archive/2024/04/PXD051747/CC_Res_83-M724-A03-O409-P9076-1.raw	0.2 Da	50 ppm	1	CC_Res_83-M724-A03-O409-P9076-1.raw	LS180
PXD051747-Sample-4	Homo sapiens	not available	Colon adenocarcinoma	LS180	CVCL_0397	cell line	not available	not available	not available	not available	Female	1	cell line	run40	proteomic profiling by mass spectrometry	NT=Q Exactive;AC=MS:1001911	NT=label free sample;AC=MS:1002038	4	Data-Dependent Acquisition	NT=Carbamidomethyl;MT=Fixed;TA=C;AC=UNIMOD:4	NT=Oxidation;MT=Variable;TA=M;AC=UNIMOD:35	NT=Acetyl;MT=Variable;PP=Protein N-term;AC=UNIMOD:1	NT=Trypsin;AC=MS:1001251	38% NCE	NT=HCD;AC=PRIDE:0000590	https://ftp.pride.ebi.ac.uk/pride/data/archive/2024/04/PXD051747/CC_Res_83-M724-A04-O409-P9076-1.raw	0.2 Da	50 ppm	1	CC_Res_83-M724-A04-O409-P9076-1.raw	LS180
PXD051747-Sample-4	Homo sapiens	not available	Colon adenocarcinoma	LS180	CVCL_0397	cell line	not available	not available	not available	not available	Female	1	cell line	run41	proteomic profiling by mass spectrometry	NT=Q Exactive;AC=MS:1001911	NT=label free sample;AC=MS:1002038	5	Data-Dependent Acquisition	NT=Carbamidomethyl;MT=Fixed;TA=C;AC=UNIMOD:4	NT=Oxidation;MT=Variable;TA=M;AC=UNIMOD:35	NT=Acetyl;MT=Variable;PP=Protein N-term;AC=UNIMOD:1	NT=Trypsin;AC=MS:1001251	38% NCE	NT=HCD;AC=PRIDE:0000590	https://ftp.pride.ebi.ac.uk/pride/data/archive/2024/04/PXD051747/CC_Res_83-M724-A05-O409-P9076-1.raw	0.2 Da	50 ppm	1	CC_Res_83-M724-A05-O409-P9076-1.raw	LS180
PXD051747-Sample-4	Homo sapiens	not available	Colon adenocarcinoma	LS180	CVCL_0397	cell line	not available	not available	not available	not available	Female	1	cell line	run42	proteomic profiling by mass spectrometry	NT=Q Exactive;AC=MS:1001911	NT=label free sample;AC=MS:1002038	6	Data-Dependent Acquisition	NT=Carbamidomethyl;MT=Fixed;TA=C;AC=UNIMOD:4	NT=Oxidation;MT=Variable;TA=M;AC=UNIMOD:35	NT=Acetyl;MT=Variable;PP=Protein N-term;AC=UNIMOD:1	NT=Trypsin;AC=MS:1001251	38% NCE	NT=HCD;AC=PRIDE:0000590	https://ftp.pride.ebi.ac.uk/pride/data/archive/2024/04/PXD051747/CC_Res_83-M724-A06-O409-P9076-1.raw	0.2 Da	50 ppm	1	CC_Res_83-M724-A06-O409-P9076-1.raw	LS180
PXD051747-Sample-4	Homo sapiens	not available	Colon adenocarcinoma	LS180	CVCL_0397	cell line	not available	not available	not available	not available	Female	1	cell line	run43	proteomic profiling by mass spectrometry	NT=Q Exactive;AC=MS:1001911	NT=label free sample;AC=MS:1002038	7	Data-Dependent Acquisition	NT=Carbamidomethyl;MT=Fixed;TA=C;AC=UNIMOD:4	NT=Oxidation;MT=Variable;TA=M;AC=UNIMOD:35	NT=Acetyl;MT=Variable;PP=Protein N-term;AC=UNIMOD:1	NT=Trypsin;AC=MS:1001251	38% NCE	NT=HCD;AC=PRIDE:0000590	https://ftp.pride.ebi.ac.uk/pride/data/archive/2024/04/PXD051747/CC_Res_83-M724-A07-O409-P9076-1.raw	0.2 Da	50 ppm	1	CC_Res_83-M724-A07-O409-P9076-1.raw	LS180
PXD051747-Sample-4	Homo sapiens	not available	Colon adenocarcinoma	LS180	CVCL_0397	cell line	not available	not available	not available	not available	Female	1	cell line	run44	proteomic profiling by mass spectrometry	NT=Q Exactive;AC=MS:1001911	NT=label free sample;AC=MS:1002038	8	Data-Dependent Acquisition	NT=Carbamidomethyl;MT=Fixed;TA=C;AC=UNIMOD:4	NT=Oxidation;MT=Variable;TA=M;AC=UNIMOD:35	NT=Acetyl;MT=Variable;PP=Protein N-term;AC=UNIMOD:1	NT=Trypsin;AC=MS:1001251	38% NCE	NT=HCD;AC=PRIDE:0000590	https://ftp.pride.ebi.ac.uk/pride/data/archive/2024/04/PXD051747/CC_Res_83-M724-A08-O409-P9076-1.raw	0.2 Da	50 ppm	1	CC_Res_83-M724-A08-O409-P9076-1.raw	LS180
PXD051747-Sample-4	Homo sapiens	not available	Colon adenocarcinoma	LS180	CVCL_0397	cell line	not available	not available	not available	not available	Female	1	cell line	run45	proteomic profiling by mass spectrometry	NT=Q Exactive;AC=MS:1001911	NT=label free sample;AC=MS:1002038	9	Data-Dependent Acquisition	NT=Carbamidomethyl;MT=Fixed;TA=C;AC=UNIMOD:4	NT=Oxidation;MT=Variable;TA=M;AC=UNIMOD:35	NT=Acetyl;MT=Variable;PP=Protein N-term;AC=UNIMOD:1	NT=Trypsin;AC=MS:1001251	38% NCE	NT=HCD;AC=PRIDE:0000590	https://ftp.pride.ebi.ac.uk/pride/data/archive/2024/04/PXD051747/CC_Res_83-M724-B01-O409-P9076-1.raw	0.2 Da	50 ppm	1	CC_Res_83-M724-B01-O409-P9076-1.raw	LS180
PXD051747-Sample-4	Homo sapiens	not available	Colon adenocarcinoma	LS180	CVCL_0397	cell line	not available	not available	not available	not available	Female	1	cell line	run46	proteomic profiling by mass spectrometry	NT=Q Exactive;AC=MS:1001911	NT=label free sample;AC=MS:1002038	10	Data-Dependent Acquisition	NT=Carbamidomethyl;MT=Fixed;TA=C;AC=UNIMOD:4	NT=Oxidation;MT=Variable;TA=M;AC=UNIMOD:35	NT=Acetyl;MT=Variable;PP=Protein N-term;AC=UNIMOD:1	NT=Trypsin;AC=MS:1001251	38% NCE	NT=HCD;AC=PRIDE:0000590	https://ftp.pride.ebi.ac.uk/pride/data/archive/2024/04/PXD051747/CC_Res_83-M724-B02-O409-P9076-1.raw	0.2 Da	50 ppm	1	CC_Res_83-M724-B02-O409-P9076-1.raw	LS180
PXD051747-Sample-4	Homo sapiens	not available	Colon adenocarcinoma	LS180	CVCL_0397	cell line	not available	not available	not available	not available	Female	1	cell line	run47	proteomic profiling by mass spectrometry	NT=Q Exactive;AC=MS:1001911	NT=label free sample;AC=MS:1002038	11	Data-Dependent Acquisition	NT=Carbamidomethyl;MT=Fixed;TA=C;AC=UNIMOD:4	NT=Oxidation;MT=Variable;TA=M;AC=UNIMOD:35	NT=Acetyl;MT=Variable;PP=Protein N-term;AC=UNIMOD:1	NT=Trypsin;AC=MS:1001251	38% NCE	NT=HCD;AC=PRIDE:0000590	https://ftp.pride.ebi.ac.uk/pride/data/archive/2024/04/PXD051747/CC_Res_83-M724-B03-O409-P9076-1.raw	0.2 Da	50 ppm	1	CC_Res_83-M724-B03-O409-P9076-1.raw	LS180
PXD051747-Sample-4	Homo sapiens	not available	Colon adenocarcinoma	LS180	CVCL_0397	cell line	not available	not available	not available	not available	Female	1	cell line	run48	proteomic profiling by mass spectrometry	NT=Q Exactive;AC=MS:1001911	NT=label free sample;AC=MS:1002038	12	Data-Dependent Acquisition	NT=Carbamidomethyl;MT=Fixed;TA=C;AC=UNIMOD:4	NT=Oxidation;MT=Variable;TA=M;AC=UNIMOD:35	NT=Acetyl;MT=Variable;PP=Protein N-term;AC=UNIMOD:1	NT=Trypsin;AC=MS:1001251	38% NCE	NT=HCD;AC=PRIDE:0000590	https://ftp.pride.ebi.ac.uk/pride/data/archive/2024/04/PXD051747/CC_Res_83-M724-B04-O409-P9076-1.raw	0.2 Da	50 ppm	1	CC_Res_83-M724-B04-O409-P9076-1.raw	LS180
PXD051747-Sample-4	Homo sapiens	not available	Colon adenocarcinoma	LS180	CVCL_0397	cell line	not available	not available	not available	not available	Female	1	cell line	run49	proteomic profiling by mass spectrometry	NT=Q Exactive;AC=MS:1001911	NT=label free sample;AC=MS:1002038	13	Data-Dependent Acquisition	NT=Carbamidomethyl;MT=Fixed;TA=C;AC=UNIMOD:4	NT=Oxidation;MT=Variable;TA=M;AC=UNIMOD:35	NT=Acetyl;MT=Variable;PP=Protein N-term;AC=UNIMOD:1	NT=Trypsin;AC=MS:1001251	38% NCE	NT=HCD;AC=PRIDE:0000590	https://ftp.pride.ebi.ac.uk/pride/data/archive/2024/04/PXD051747/CC_Res_83-M724-B05-O409-P9076-1.raw	0.2 Da	50 ppm	1	CC_Res_83-M724-B05-O409-P9076-1.raw	LS180
PXD051747-Sample-4	Homo sapiens	not available	Colon adenocarcinoma	LS180	CVCL_0397	cell line	not available	not available	not available	not available	Female	1	cell line	run50	proteomic profiling by mass spectrometry	NT=Q Exactive;AC=MS:1001911	NT=label free sample;AC=MS:1002038	14	Data-Dependent Acquisition	NT=Carbamidomethyl;MT=Fixed;TA=C;AC=UNIMOD:4	NT=Oxidation;MT=Variable;TA=M;AC=UNIMOD:35	NT=Acetyl;MT=Variable;PP=Protein N-term;AC=UNIMOD:1	NT=Trypsin;AC=MS:1001251	38% NCE	NT=HCD;AC=PRIDE:0000590	https://ftp.pride.ebi.ac.uk/pride/data/archive/2024/04/PXD051747/CC_Res_83-M724-B06-O409-P9076-1.raw	0.2 Da	50 ppm	1	CC_Res_83-M724-B06-O409-P9076-1.raw	LS180
PXD051747-Sample-4	Homo sapiens	not available	Colon adenocarcinoma	LS180	CVCL_0397	cell line	not available	not available	not available	not available	Female	1	cell line	run51	proteomic profiling by mass spectrometry	NT=Q Exactive;AC=MS:1001911	NT=label free sample;AC=MS:1002038	15	Data-Dependent Acquisition	NT=Carbamidomethyl;MT=Fixed;TA=C;AC=UNIMOD:4	NT=Oxidation;MT=Variable;TA=M;AC=UNIMOD:35	NT=Acetyl;MT=Variable;PP=Protein N-term;AC=UNIMOD:1	NT=Trypsin;AC=MS:1001251	38% NCE	NT=HCD;AC=PRIDE:0000590	https://ftp.pride.ebi.ac.uk/pride/data/archive/2024/04/PXD051747/CC_Res_83-M724-B07-O409-P9076-1.raw	0.2 Da	50 ppm	1	CC_Res_83-M724-B07-O409-P9076-1.raw	LS180
PXD051747-Sample-4	Homo sapiens	not available	Colon adenocarcinoma	LS180	CVCL_0397	cell line	not available	not available	not available	not available	Female	1	cell line	run52	proteomic profiling by mass spectrometry	NT=Q Exactive;AC=MS:1001911	NT=label free sample;AC=MS:1002038	16	Data-Dependent Acquisition	NT=Carbamidomethyl;MT=Fixed;TA=C;AC=UNIMOD:4	NT=Oxidation;MT=Variable;TA=M;AC=UNIMOD:35	NT=Acetyl;MT=Variable;PP=Protein N-term;AC=UNIMOD:1	NT=Trypsin;AC=MS:1001251	38% NCE	NT=HCD;AC=PRIDE:0000590	https://ftp.pride.ebi.ac.uk/pride/data/archive/2024/04/PXD051747/CC_Res_83-M724-B08-O409-P9076-1.raw	0.2 Da	50 ppm	1	CC_Res_83-M724-B08-O409-P9076-1.raw	LS180
PXD051747-Sample-4	Homo sapiens	not available	Colon adenocarcinoma	LS180	CVCL_0397	cell line	not available	not available	not available	not available	Female	1	cell line	run53	proteomic profiling by mass spectrometry	NT=Q Exactive;AC=MS:1001911	NT=label free sample;AC=MS:1002038	17	Data-Dependent Acquisition	NT=Carbamidomethyl;MT=Fixed;TA=C;AC=UNIMOD:4	NT=Oxidation;MT=Variable;TA=M;AC=UNIMOD:35	NT=Acetyl;MT=Variable;PP=Protein N-term;AC=UNIMOD:1	NT=Trypsin;AC=MS:1001251	38% NCE	NT=HCD;AC=PRIDE:0000590	https://ftp.pride.ebi.ac.uk/pride/data/archive/2024/04/PXD051747/CC_Res_83-M724-C01-O409-P9076-1.raw	0.2 Da	50 ppm	1	CC_Res_83-M724-C01-O409-P9076-1.raw	LS180
PXD051747-Sample-4	Homo sapiens	not available	Colon adenocarcinoma	LS180	CVCL_0397	cell line	not available	not available	not available	not available	Female	1	cell line	run54	proteomic profiling by mass spectrometry	NT=Q Exactive;AC=MS:1001911	NT=label free sample;AC=MS:1002038	18	Data-Dependent Acquisition	NT=Carbamidomethyl;MT=Fixed;TA=C;AC=UNIMOD:4	NT=Oxidation;MT=Variable;TA=M;AC=UNIMOD:35	NT=Acetyl;MT=Variable;PP=Protein N-term;AC=UNIMOD:1	NT=Trypsin;AC=MS:1001251	38% NCE	NT=HCD;AC=PRIDE:0000590	https://ftp.pride.ebi.ac.uk/pride/data/archive/2024/04/PXD051747/CC_Res_83-M724-C02-O409-P9076-1.raw	0.2 Da	50 ppm	1	CC_Res_83-M724-C02-O409-P9076-1.raw	LS180
PXD051747-Sample-4	Homo sapiens	not available	Colon adenocarcinoma	LS180	CVCL_0397	cell line	not available	not available	not available	not available	Female	1	cell line	run55	proteomic profiling by mass spectrometry	NT=Q Exactive;AC=MS:1001911	NT=label free sample;AC=MS:1002038	19	Data-Dependent Acquisition	NT=Carbamidomethyl;MT=Fixed;TA=C;AC=UNIMOD:4	NT=Oxidation;MT=Variable;TA=M;AC=UNIMOD:35	NT=Acetyl;MT=Variable;PP=Protein N-term;AC=UNIMOD:1	NT=Trypsin;AC=MS:1001251	38% NCE	NT=HCD;AC=PRIDE:0000590	https://ftp.pride.ebi.ac.uk/pride/data/archive/2024/04/PXD051747/CC_Res_83-M724-C03-O409-P9076-1.raw	0.2 Da	50 ppm	1	CC_Res_83-M724-C03-O409-P9076-1.raw	LS180
PXD051747-Sample-4	Homo sapiens	not available	Colon adenocarcinoma	LS180	CVCL_0397	cell line	not available	not available	not available	not available	Female	1	cell line	run56	proteomic profiling by mass spectrometry	NT=Q Exactive;AC=MS:1001911	NT=label free sample;AC=MS:1002038	20	Data-Dependent Acquisition	NT=Carbamidomethyl;MT=Fixed;TA=C;AC=UNIMOD:4	NT=Oxidation;MT=Variable;TA=M;AC=UNIMOD:35	NT=Acetyl;MT=Variable;PP=Protein N-term;AC=UNIMOD:1	NT=Trypsin;AC=MS:1001251	38% NCE	NT=HCD;AC=PRIDE:0000590	https://ftp.pride.ebi.ac.uk/pride/data/archive/2024/04/PXD051747/CC_Res_83-M724-C04-O409-P9076-1.raw	0.2 Da	50 ppm	1	CC_Res_83-M724-C04-O409-P9076-1.raw	LS180
PXD051747-Sample-4	Homo sapiens	not available	Colon adenocarcinoma	LS180	CVCL_0397	cell line	not available	not available	not available	not available	Female	1	cell line	run57	proteomic profiling by mass spectrometry	NT=Q Exactive;AC=MS:1001911	NT=label free sample;AC=MS:1002038	21	Data-Dependent Acquisition	NT=Carbamidomethyl;MT=Fixed;TA=C;AC=UNIMOD:4	NT=Oxidation;MT=Variable;TA=M;AC=UNIMOD:35	NT=Acetyl;MT=Variable;PP=Protein N-term;AC=UNIMOD:1	NT=Trypsin;AC=MS:1001251	38% NCE	NT=HCD;AC=PRIDE:0000590	https://ftp.pride.ebi.ac.uk/pride/data/archive/2024/04/PXD051747/CC_Res_83-M724-C05-O409-P9076-1.raw	0.2 Da	50 ppm	1	CC_Res_83-M724-C05-O409-P9076-1.raw	LS180
PXD051747-Sample-4	Homo sapiens	not available	Colon adenocarcinoma	LS180	CVCL_0397	cell line	not available	not available	not available	not available	Female	1	cell line	run58	proteomic profiling by mass spectrometry	NT=Q Exactive;AC=MS:1001911	NT=label free sample;AC=MS:1002038	22	Data-Dependent Acquisition	NT=Carbamidomethyl;MT=Fixed;TA=C;AC=UNIMOD:4	NT=Oxidation;MT=Variable;TA=M;AC=UNIMOD:35	NT=Acetyl;MT=Variable;PP=Protein N-term;AC=UNIMOD:1	NT=Trypsin;AC=MS:1001251	38% NCE	NT=HCD;AC=PRIDE:0000590	https://ftp.pride.ebi.ac.uk/pride/data/archive/2024/04/PXD051747/CC_Res_83-M724-C06-O409-P9076-1.raw	0.2 Da	50 ppm	1	CC_Res_83-M724-C06-O409-P9076-1.raw	LS180
PXD051747-Sample-4	Homo sapiens	not available	Colon adenocarcinoma	LS180	CVCL_0397	cell line	not available	not available	not available	not available	Female	1	cell line	run59	proteomic profiling by mass spectrometry	NT=Q Exactive;AC=MS:1001911	NT=label free sample;AC=MS:1002038	23	Data-Dependent Acquisition	NT=Carbamidomethyl;MT=Fixed;TA=C;AC=UNIMOD:4	NT=Oxidation;MT=Variable;TA=M;AC=UNIMOD:35	NT=Acetyl;MT=Variable;PP=Protein N-term;AC=UNIMOD:1	NT=Trypsin;AC=MS:1001251	38% NCE	NT=HCD;AC=PRIDE:0000590	https://ftp.pride.ebi.ac.uk/pride/data/archive/2024/04/PXD051747/CC_Res_83-M724-C07-O409-P9076-1.raw	0.2 Da	50 ppm	1	CC_Res_83-M724-C07-O409-P9076-1.raw	LS180
PXD051747-Sample-4	Homo sapiens	not available	Colon adenocarcinoma	LS180	CVCL_0397	cell line	not available	not available	not available	not available	Female	1	cell line	run60	proteomic profiling by mass spectrometry	NT=Q Exactive;AC=MS:1001911	NT=label free sample;AC=MS:1002038	24	Data-Dependent Acquisition	NT=Carbamidomethyl;MT=Fixed;TA=C;AC=UNIMOD:4	NT=Oxidation;MT=Variable;TA=M;AC=UNIMOD:35	NT=Acetyl;MT=Variable;PP=Protein N-term;AC=UNIMOD:1	NT=Trypsin;AC=MS:1001251	38% NCE	NT=HCD;AC=PRIDE:0000590	https://ftp.pride.ebi.ac.uk/pride/data/archive/2024/04/PXD051747/CC_Res_83-M724-C08-O409-P9076-1.raw	0.2 Da	50 ppm	1	CC_Res_83-M724-C08-O409-P9076-1.raw	LS180
PXD051747-Sample-4	Homo sapiens	not available	Colon adenocarcinoma	LS180	CVCL_0397	cell line	not available	not available	not available	not available	Female	1	cell line	run61	proteomic profiling by mass spectrometry	NT=Q Exactive;AC=MS:1001911	NT=label free sample;AC=MS:1002038	25	Data-Dependent Acquisition	NT=Carbamidomethyl;MT=Fixed;TA=C;AC=UNIMOD:4	NT=Oxidation;MT=Variable;TA=M;AC=UNIMOD:35	NT=Acetyl;MT=Variable;PP=Protein N-term;AC=UNIMOD:1	NT=Trypsin;AC=MS:1001251	38% NCE	NT=HCD;AC=PRIDE:0000590	https://ftp.pride.ebi.ac.uk/pride/data/archive/2024/04/PXD051747/CC_Res_83-M724-D01-O409-P9076-1.raw	0.2 Da	50 ppm	1	CC_Res_83-M724-D01-O409-P9076-1.raw	LS180
PXD051747-Sample-4	Homo sapiens	not available	Colon adenocarcinoma	LS180	CVCL_0397	cell line	not available	not available	not available	not available	Female	1	cell line	run62	proteomic profiling by mass spectrometry	NT=Q Exactive;AC=MS:1001911	NT=label free sample;AC=MS:1002038	26	Data-Dependent Acquisition	NT=Carbamidomethyl;MT=Fixed;TA=C;AC=UNIMOD:4	NT=Oxidation;MT=Variable;TA=M;AC=UNIMOD:35	NT=Acetyl;MT=Variable;PP=Protein N-term;AC=UNIMOD:1	NT=Trypsin;AC=MS:1001251	38% NCE	NT=HCD;AC=PRIDE:0000590	https://ftp.pride.ebi.ac.uk/pride/data/archive/2024/04/PXD051747/CC_Res_83-M724-D02-O409-P9076-1.raw	0.2 Da	50 ppm	1	CC_Res_83-M724-D02-O409-P9076-1.raw	LS180
PXD051747-Sample-4	Homo sapiens	not available	Colon adenocarcinoma	LS180	CVCL_0397	cell line	not available	not available	not available	not available	Female	1	cell line	run63	proteomic profiling by mass spectrometry	NT=Q Exactive;AC=MS:1001911	NT=label free sample;AC=MS:1002038	27	Data-Dependent Acquisition	NT=Carbamidomethyl;MT=Fixed;TA=C;AC=UNIMOD:4	NT=Oxidation;MT=Variable;TA=M;AC=UNIMOD:35	NT=Acetyl;MT=Variable;PP=Protein N-term;AC=UNIMOD:1	NT=Trypsin;AC=MS:1001251	38% NCE	NT=HCD;AC=PRIDE:0000590	https://ftp.pride.ebi.ac.uk/pride/data/archive/2024/04/PXD051747/CC_Res_83-M724-D03-O409-P9076-1.raw	0.2 Da	50 ppm	1	CC_Res_83-M724-D03-O409-P9076-1.raw	LS180
PXD051747-Sample-4	Homo sapiens	not available	Colon adenocarcinoma	LS180	CVCL_0397	cell line	not available	not available	not available	not available	Female	1	cell line	run64	proteomic profiling by mass spectrometry	NT=Q Exactive;AC=MS:1001911	NT=label free sample;AC=MS:1002038	28	Data-Dependent Acquisition	NT=Carbamidomethyl;MT=Fixed;TA=C;AC=UNIMOD:4	NT=Oxidation;MT=Variable;TA=M;AC=UNIMOD:35	NT=Acetyl;MT=Variable;PP=Protein N-term;AC=UNIMOD:1	NT=Trypsin;AC=MS:1001251	38% NCE	NT=HCD;AC=PRIDE:0000590	https://ftp.pride.ebi.ac.uk/pride/data/archive/2024/04/PXD051747/CC_Res_83-M724-D04-O409-P9076-1.raw	0.2 Da	50 ppm	1	CC_Res_83-M724-D04-O409-P9076-1.raw	LS180
PXD051747-Sample-4	Homo sapiens	not available	Colon adenocarcinoma	LS180	CVCL_0397	cell line	not available	not available	not available	not available	Female	1	cell line	run65	proteomic profiling by mass spectrometry	NT=Q Exactive;AC=MS:1001911	NT=label free sample;AC=MS:1002038	29	Data-Dependent Acquisition	NT=Carbamidomethyl;MT=Fixed;TA=C;AC=UNIMOD:4	NT=Oxidation;MT=Variable;TA=M;AC=UNIMOD:35	NT=Acetyl;MT=Variable;PP=Protein N-term;AC=UNIMOD:1	NT=Trypsin;AC=MS:1001251	38% NCE	NT=HCD;AC=PRIDE:0000590	https://ftp.pride.ebi.ac.uk/pride/data/archive/2024/04/PXD051747/CC_Res_83-M724-D05-O409-P9076-1.raw	0.2 Da	50 ppm	1	CC_Res_83-M724-D05-O409-P9076-1.raw	LS180
PXD051747-Sample-4	Homo sapiens	not available	Colon adenocarcinoma	LS180	CVCL_0397	cell line	not available	not available	not available	not available	Female	1	cell line	run66	proteomic profiling by mass spectrometry	NT=Q Exactive;AC=MS:1001911	NT=label free sample;AC=MS:1002038	30	Data-Dependent Acquisition	NT=Carbamidomethyl;MT=Fixed;TA=C;AC=UNIMOD:4	NT=Oxidation;MT=Variable;TA=M;AC=UNIMOD:35	NT=Acetyl;MT=Variable;PP=Protein N-term;AC=UNIMOD:1	NT=Trypsin;AC=MS:1001251	38% NCE	NT=HCD;AC=PRIDE:0000590	https://ftp.pride.ebi.ac.uk/pride/data/archive/2024/04/PXD051747/CC_Res_83-M724-D06-O409-P9076-1.raw	0.2 Da	50 ppm	1	CC_Res_83-M724-D06-O409-P9076-1.raw	LS180
PXD051747-Sample-4	Homo sapiens	not available	Colon adenocarcinoma	LS180	CVCL_0397	cell line	not available	not available	not available	not available	Female	1	cell line	run67	proteomic profiling by mass spectrometry	NT=Q Exactive;AC=MS:1001911	NT=label free sample;AC=MS:1002038	31	Data-Dependent Acquisition	NT=Carbamidomethyl;MT=Fixed;TA=C;AC=UNIMOD:4	NT=Oxidation;MT=Variable;TA=M;AC=UNIMOD:35	NT=Acetyl;MT=Variable;PP=Protein N-term;AC=UNIMOD:1	NT=Trypsin;AC=MS:1001251	38% NCE	NT=HCD;AC=PRIDE:0000590	https://ftp.pride.ebi.ac.uk/pride/data/archive/2024/04/PXD051747/CC_Res_83-M724-D07-O409-P9076-1.raw	0.2 Da	50 ppm	1	CC_Res_83-M724-D07-O409-P9076-1.raw	LS180
PXD051747-Sample-4	Homo sapiens	not available	Colon adenocarcinoma	LS180	CVCL_0397	cell line	not available	not available	not available	not available	Female	1	cell line	run68	proteomic profiling by mass spectrometry	NT=Q Exactive;AC=MS:1001911	NT=label free sample;AC=MS:1002038	32	Data-Dependent Acquisition	NT=Carbamidomethyl;MT=Fixed;TA=C;AC=UNIMOD:4	NT=Oxidation;MT=Variable;TA=M;AC=UNIMOD:35	NT=Acetyl;MT=Variable;PP=Protein N-term;AC=UNIMOD:1	NT=Trypsin;AC=MS:1001251	38% NCE	NT=HCD;AC=PRIDE:0000590	https://ftp.pride.ebi.ac.uk/pride/data/archive/2024/04/PXD051747/CC_Res_83-M724-D08-O409-P9076-1.raw	0.2 Da	50 ppm	1	CC_Res_83-M724-D08-O409-P9076-1.raw	LS180
PXD051747-Sample-4	Homo sapiens	not available	Colon adenocarcinoma	LS180	CVCL_0397	cell line	not available	not available	not available	not available	Female	1	cell line	run69	proteomic profiling by mass spectrometry	NT=Q Exactive;AC=MS:1001911	NT=label free sample;AC=MS:1002038	33	Data-Dependent Acquisition	NT=Carbamidomethyl;MT=Fixed;TA=C;AC=UNIMOD:4	NT=Oxidation;MT=Variable;TA=M;AC=UNIMOD:35	NT=Acetyl;MT=Variable;PP=Protein N-term;AC=UNIMOD:1	NT=Trypsin;AC=MS:1001251	38% NCE	NT=HCD;AC=PRIDE:0000590	https://ftp.pride.ebi.ac.uk/pride/data/archive/2024/04/PXD051747/CC_Res_83-M724-E01-O409-P9076-1.raw	0.2 Da	50 ppm	1	CC_Res_83-M724-E01-O409-P9076-1.raw	LS180
PXD051747-Sample-4	Homo sapiens	not available	Colon adenocarcinoma	LS180	CVCL_0397	cell line	not available	not available	not available	not available	Female	1	cell line	run70	proteomic profiling by mass spectrometry	NT=Q Exactive;AC=MS:1001911	NT=label free sample;AC=MS:1002038	34	Data-Dependent Acquisition	NT=Carbamidomethyl;MT=Fixed;TA=C;AC=UNIMOD:4	NT=Oxidation;MT=Variable;TA=M;AC=UNIMOD:35	NT=Acetyl;MT=Variable;PP=Protein N-term;AC=UNIMOD:1	NT=Trypsin;AC=MS:1001251	38% NCE	NT=HCD;AC=PRIDE:0000590	https://ftp.pride.ebi.ac.uk/pride/data/archive/2024/04/PXD051747/CC_Res_83-M724-E02-O409-P9076-1.raw	0.2 Da	50 ppm	1	CC_Res_83-M724-E02-O409-P9076-1.raw	LS180
PXD051747-Sample-4	Homo sapiens	not available	Colon adenocarcinoma	LS180	CVCL_0397	cell line	not available	not available	not available	not available	Female	1	cell line	run71	proteomic profiling by mass spectrometry	NT=Q Exactive;AC=MS:1001911	NT=label free sample;AC=MS:1002038	35	Data-Dependent Acquisition	NT=Carbamidomethyl;MT=Fixed;TA=C;AC=UNIMOD:4	NT=Oxidation;MT=Variable;TA=M;AC=UNIMOD:35	NT=Acetyl;MT=Variable;PP=Protein N-term;AC=UNIMOD:1	NT=Trypsin;AC=MS:1001251	38% NCE	NT=HCD;AC=PRIDE:0000590	https://ftp.pride.ebi.ac.uk/pride/data/archive/2024/04/PXD051747/CC_Res_83-M724-E03-O409-P9076-1.raw	0.2 Da	50 ppm	1	CC_Res_83-M724-E03-O409-P9076-1.raw	LS180
PXD051747-Sample-4	Homo sapiens	not available	Colon adenocarcinoma	LS180	CVCL_0397	cell line	not available	not available	not available	not available	Female	1	cell line	run72	proteomic profiling by mass spectrometry	NT=Q Exactive;AC=MS:1001911	NT=label free sample;AC=MS:1002038	36	Data-Dependent Acquisition	NT=Carbamidomethyl;MT=Fixed;TA=C;AC=UNIMOD:4	NT=Oxidation;MT=Variable;TA=M;AC=UNIMOD:35	NT=Acetyl;MT=Variable;PP=Protein N-term;AC=UNIMOD:1	NT=Trypsin;AC=MS:1001251	38% NCE	NT=HCD;AC=PRIDE:0000590	https://ftp.pride.ebi.ac.uk/pride/data/archive/2024/04/PXD051747/CC_Res_83-M724-E04-O409-P9076-1.raw	0.2 Da	50 ppm	1	CC_Res_83-M724-E04-O409-P9076-1.raw	LS180
PXD051747-Sample-2	Homo sapiens	not available	Astrocytoma	1321N1	CVCL_0110	cell line	not available	not available	not available	not available	Male	1	cell line	run73	proteomic profiling by mass spectrometry	NT=Q Exactive;AC=MS:1001911	NT=label free sample;AC=MS:1002038	1	Data-Dependent Acquisition	NT=Carbamidomethyl;MT=Fixed;TA=C;AC=UNIMOD:4	NT=Oxidation;MT=Variable;TA=M;AC=UNIMOD:35	NT=Acetyl;MT=Variable;PP=Protein N-term;AC=UNIMOD:1	NT=Trypsin;AC=MS:1001251	38% NCE	NT=HCD;AC=PRIDE:0000590	https://ftp.pride.ebi.ac.uk/pride/data/archive/2024/04/PXD051747/CC_Res_83-M727-A01-O410-P9120-1.raw	0.2 Da	50 ppm	1	CC_Res_83-M727-A01-O410-P9120-1.raw	1321N1
PXD051747-Sample-2	Homo sapiens	not available	Astrocytoma	1321N1	CVCL_0110	cell line	not available	not available	not available	not available	Male	1	cell line	run74	proteomic profiling by mass spectrometry	NT=Q Exactive;AC=MS:1001911	NT=label free sample;AC=MS:1002038	2	Data-Dependent Acquisition	NT=Carbamidomethyl;MT=Fixed;TA=C;AC=UNIMOD:4	NT=Oxidation;MT=Variable;TA=M;AC=UNIMOD:35	NT=Acetyl;MT=Variable;PP=Protein N-term;AC=UNIMOD:1	NT=Trypsin;AC=MS:1001251	38% NCE	NT=HCD;AC=PRIDE:0000590	https://ftp.pride.ebi.ac.uk/pride/data/archive/2024/04/PXD051747/CC_Res_83-M727-A02-O410-P9120-1.raw	0.2 Da	50 ppm	1	CC_Res_83-M727-A02-O410-P9120-1.raw	1321N1
PXD051747-Sample-2	Homo sapiens	not available	Astrocytoma	1321N1	CVCL_0110	cell line	not available	not available	not available	not available	Male	1	cell line	run75	proteomic profiling by mass spectrometry	NT=Q Exactive;AC=MS:1001911	NT=label free sample;AC=MS:1002038	3	Data-Dependent Acquisition	NT=Carbamidomethyl;MT=Fixed;TA=C;AC=UNIMOD:4	NT=Oxidation;MT=Variable;TA=M;AC=UNIMOD:35	NT=Acetyl;MT=Variable;PP=Protein N-term;AC=UNIMOD:1	NT=Trypsin;AC=MS:1001251	38% NCE	NT=HCD;AC=PRIDE:0000590	https://ftp.pride.ebi.ac.uk/pride/data/archive/2024/04/PXD051747/CC_Res_83-M727-A03-O410-P9120-1.raw	0.2 Da	50 ppm	1	CC_Res_83-M727-A03-O410-P9120-1.raw	1321N1
PXD051747-Sample-2	Homo sapiens	not available	Astrocytoma	1321N1	CVCL_0110	cell line	not available	not available	not available	not available	Male	1	cell line	run76	proteomic profiling by mass spectrometry	NT=Q Exactive;AC=MS:1001911	NT=label free sample;AC=MS:1002038	4	Data-Dependent Acquisition	NT=Carbamidomethyl;MT=Fixed;TA=C;AC=UNIMOD:4	NT=Oxidation;MT=Variable;TA=M;AC=UNIMOD:35	NT=Acetyl;MT=Variable;PP=Protein N-term;AC=UNIMOD:1	NT=Trypsin;AC=MS:1001251	38% NCE	NT=HCD;AC=PRIDE:0000590	https://ftp.pride.ebi.ac.uk/pride/data/archive/2024/04/PXD051747/CC_Res_83-M727-A04-O410-P9120-1.raw	0.2 Da	50 ppm	1	CC_Res_83-M727-A04-O410-P9120-1.raw	1321N1
PXD051747-Sample-2	Homo sapiens	not available	Astrocytoma	1321N1	CVCL_0110	cell line	not available	not available	not available	not available	Male	1	cell line	run77	proteomic profiling by mass spectrometry	NT=Q Exactive;AC=MS:1001911	NT=label free sample;AC=MS:1002038	5	Data-Dependent Acquisition	NT=Carbamidomethyl;MT=Fixed;TA=C;AC=UNIMOD:4	NT=Oxidation;MT=Variable;TA=M;AC=UNIMOD:35	NT=Acetyl;MT=Variable;PP=Protein N-term;AC=UNIMOD:1	NT=Trypsin;AC=MS:1001251	38% NCE	NT=HCD;AC=PRIDE:0000590	https://ftp.pride.ebi.ac.uk/pride/data/archive/2024/04/PXD051747/CC_Res_83-M727-A05-O410-P9120-1.raw	0.2 Da	50 ppm	1	CC_Res_83-M727-A05-O410-P9120-1.raw	1321N1
PXD051747-Sample-2	Homo sapiens	not available	Astrocytoma	1321N1	CVCL_0110	cell line	not available	not available	not available	not available	Male	1	cell line	run78	proteomic profiling by mass spectrometry	NT=Q Exactive;AC=MS:1001911	NT=label free sample;AC=MS:1002038	6	Data-Dependent Acquisition	NT=Carbamidomethyl;MT=Fixed;TA=C;AC=UNIMOD:4	NT=Oxidation;MT=Variable;TA=M;AC=UNIMOD:35	NT=Acetyl;MT=Variable;PP=Protein N-term;AC=UNIMOD:1	NT=Trypsin;AC=MS:1001251	38% NCE	NT=HCD;AC=PRIDE:0000590	https://ftp.pride.ebi.ac.uk/pride/data/archive/2024/04/PXD051747/CC_Res_83-M727-A06-O410-P9120-1.raw	0.2 Da	50 ppm	1	CC_Res_83-M727-A06-O410-P9120-1.raw	1321N1
PXD051747-Sample-2	Homo sapiens	not available	Astrocytoma	1321N1	CVCL_0110	cell line	not available	not available	not available	not available	Male	1	cell line	run79	proteomic profiling by mass spectrometry	NT=Q Exactive;AC=MS:1001911	NT=label free sample;AC=MS:1002038	7	Data-Dependent Acquisition	NT=Carbamidomethyl;MT=Fixed;TA=C;AC=UNIMOD:4	NT=Oxidation;MT=Variable;TA=M;AC=UNIMOD:35	NT=Acetyl;MT=Variable;PP=Protein N-term;AC=UNIMOD:1	NT=Trypsin;AC=MS:1001251	38% NCE	NT=HCD;AC=PRIDE:0000590	https://ftp.pride.ebi.ac.uk/pride/data/archive/2024/04/PXD051747/CC_Res_83-M727-A07-O410-P9120-1.raw	0.2 Da	50 ppm	1	CC_Res_83-M727-A07-O410-P9120-1.raw	1321N1
PXD051747-Sample-2	Homo sapiens	not available	Astrocytoma	1321N1	CVCL_0110	cell line	not available	not available	not available	not available	Male	1	cell line	run80	proteomic profiling by mass spectrometry	NT=Q Exactive;AC=MS:1001911	NT=label free sample;AC=MS:1002038	8	Data-Dependent Acquisition	NT=Carbamidomethyl;MT=Fixed;TA=C;AC=UNIMOD:4	NT=Oxidation;MT=Variable;TA=M;AC=UNIMOD:35	NT=Acetyl;MT=Variable;PP=Protein N-term;AC=UNIMOD:1	NT=Trypsin;AC=MS:1001251	38% NCE	NT=HCD;AC=PRIDE:0000590	https://ftp.pride.ebi.ac.uk/pride/data/archive/2024/04/PXD051747/CC_Res_83-M727-A08-O410-P9120-1.raw	0.2 Da	50 ppm	1	CC_Res_83-M727-A08-O410-P9120-1.raw	1321N1
PXD051747-Sample-2	Homo sapiens	not available	Astrocytoma	1321N1	CVCL_0110	cell line	not available	not available	not available	not available	Male	1	cell line	run81	proteomic profiling by mass spectrometry	NT=Q Exactive;AC=MS:1001911	NT=label free sample;AC=MS:1002038	9	Data-Dependent Acquisition	NT=Carbamidomethyl;MT=Fixed;TA=C;AC=UNIMOD:4	NT=Oxidation;MT=Variable;TA=M;AC=UNIMOD:35	NT=Acetyl;MT=Variable;PP=Protein N-term;AC=UNIMOD:1	NT=Trypsin;AC=MS:1001251	38% NCE	NT=HCD;AC=PRIDE:0000590	https://ftp.pride.ebi.ac.uk/pride/data/archive/2024/04/PXD051747/CC_Res_83-M727-B01-O410-P9120-1.raw	0.2 Da	50 ppm	1	CC_Res_83-M727-B01-O410-P9120-1.raw	1321N1
PXD051747-Sample-2	Homo sapiens	not available	Astrocytoma	1321N1	CVCL_0110	cell line	not available	not available	not available	not available	Male	1	cell line	run82	proteomic profiling by mass spectrometry	NT=Q Exactive;AC=MS:1001911	NT=label free sample;AC=MS:1002038	10	Data-Dependent Acquisition	NT=Carbamidomethyl;MT=Fixed;TA=C;AC=UNIMOD:4	NT=Oxidation;MT=Variable;TA=M;AC=UNIMOD:35	NT=Acetyl;MT=Variable;PP=Protein N-term;AC=UNIMOD:1	NT=Trypsin;AC=MS:1001251	38% NCE	NT=HCD;AC=PRIDE:0000590	https://ftp.pride.ebi.ac.uk/pride/data/archive/2024/04/PXD051747/CC_Res_83-M727-B02-O410-P9120-1.raw	0.2 Da	50 ppm	1	CC_Res_83-M727-B02-O410-P9120-1.raw	1321N1
PXD051747-Sample-2	Homo sapiens	not available	Astrocytoma	1321N1	CVCL_0110	cell line	not available	not available	not available	not available	Male	1	cell line	run83	proteomic profiling by mass spectrometry	NT=Q Exactive;AC=MS:1001911	NT=label free sample;AC=MS:1002038	11	Data-Dependent Acquisition	NT=Carbamidomethyl;MT=Fixed;TA=C;AC=UNIMOD:4	NT=Oxidation;MT=Variable;TA=M;AC=UNIMOD:35	NT=Acetyl;MT=Variable;PP=Protein N-term;AC=UNIMOD:1	NT=Trypsin;AC=MS:1001251	38% NCE	NT=HCD;AC=PRIDE:0000590	https://ftp.pride.ebi.ac.uk/pride/data/archive/2024/04/PXD051747/CC_Res_83-M727-B03-O410-P9120-1.raw	0.2 Da	50 ppm	1	CC_Res_83-M727-B03-O410-P9120-1.raw	1321N1
PXD051747-Sample-2	Homo sapiens	not available	Astrocytoma	1321N1	CVCL_0110	cell line	not available	not available	not available	not available	Male	1	cell line	run84	proteomic profiling by mass spectrometry	NT=Q Exactive;AC=MS:1001911	NT=label free sample;AC=MS:1002038	12	Data-Dependent Acquisition	NT=Carbamidomethyl;MT=Fixed;TA=C;AC=UNIMOD:4	NT=Oxidation;MT=Variable;TA=M;AC=UNIMOD:35	NT=Acetyl;MT=Variable;PP=Protein N-term;AC=UNIMOD:1	NT=Trypsin;AC=MS:1001251	38% NCE	NT=HCD;AC=PRIDE:0000590	https://ftp.pride.ebi.ac.uk/pride/data/archive/2024/04/PXD051747/CC_Res_83-M727-B04-O410-P9120-1.raw	0.2 Da	50 ppm	1	CC_Res_83-M727-B04-O410-P9120-1.raw	1321N1
PXD051747-Sample-2	Homo sapiens	not available	Astrocytoma	1321N1	CVCL_0110	cell line	not available	not available	not available	not available	Male	1	cell line	run85	proteomic profiling by mass spectrometry	NT=Q Exactive;AC=MS:1001911	NT=label free sample;AC=MS:1002038	13	Data-Dependent Acquisition	NT=Carbamidomethyl;MT=Fixed;TA=C;AC=UNIMOD:4	NT=Oxidation;MT=Variable;TA=M;AC=UNIMOD:35	NT=Acetyl;MT=Variable;PP=Protein N-term;AC=UNIMOD:1	NT=Trypsin;AC=MS:1001251	38% NCE	NT=HCD;AC=PRIDE:0000590	https://ftp.pride.ebi.ac.uk/pride/data/archive/2024/04/PXD051747/CC_Res_83-M727-B05-O410-P9120-1.raw	0.2 Da	50 ppm	1	CC_Res_83-M727-B05-O410-P9120-1.raw	1321N1
PXD051747-Sample-2	Homo sapiens	not available	Astrocytoma	1321N1	CVCL_0110	cell line	not available	not available	not available	not available	Male	1	cell line	run86	proteomic profiling by mass spectrometry	NT=Q Exactive;AC=MS:1001911	NT=label free sample;AC=MS:1002038	14	Data-Dependent Acquisition	NT=Carbamidomethyl;MT=Fixed;TA=C;AC=UNIMOD:4	NT=Oxidation;MT=Variable;TA=M;AC=UNIMOD:35	NT=Acetyl;MT=Variable;PP=Protein N-term;AC=UNIMOD:1	NT=Trypsin;AC=MS:1001251	38% NCE	NT=HCD;AC=PRIDE:0000590	https://ftp.pride.ebi.ac.uk/pride/data/archive/2024/04/PXD051747/CC_Res_83-M727-B06-O410-P9120-1.raw	0.2 Da	50 ppm	1	CC_Res_83-M727-B06-O410-P9120-1.raw	1321N1
PXD051747-Sample-2	Homo sapiens	not available	Astrocytoma	1321N1	CVCL_0110	cell line	not available	not available	not available	not available	Male	1	cell line	run87	proteomic profiling by mass spectrometry	NT=Q Exactive;AC=MS:1001911	NT=label free sample;AC=MS:1002038	15	Data-Dependent Acquisition	NT=Carbamidomethyl;MT=Fixed;TA=C;AC=UNIMOD:4	NT=Oxidation;MT=Variable;TA=M;AC=UNIMOD:35	NT=Acetyl;MT=Variable;PP=Protein N-term;AC=UNIMOD:1	NT=Trypsin;AC=MS:1001251	38% NCE	NT=HCD;AC=PRIDE:0000590	https://ftp.pride.ebi.ac.uk/pride/data/archive/2024/04/PXD051747/CC_Res_83-M727-B07-O410-P9120-1.raw	0.2 Da	50 ppm	1	CC_Res_83-M727-B07-O410-P9120-1.raw	1321N1
PXD051747-Sample-2	Homo sapiens	not available	Astrocytoma	1321N1	CVCL_0110	cell line	not available	not available	not available	not available	Male	1	cell line	run88	proteomic profiling by mass spectrometry	NT=Q Exactive;AC=MS:1001911	NT=label free sample;AC=MS:1002038	16	Data-Dependent Acquisition	NT=Carbamidomethyl;MT=Fixed;TA=C;AC=UNIMOD:4	NT=Oxidation;MT=Variable;TA=M;AC=UNIMOD:35	NT=Acetyl;MT=Variable;PP=Protein N-term;AC=UNIMOD:1	NT=Trypsin;AC=MS:1001251	38% NCE	NT=HCD;AC=PRIDE:0000590	https://ftp.pride.ebi.ac.uk/pride/data/archive/2024/04/PXD051747/CC_Res_83-M727-B08-O410-P9120-1.raw	0.2 Da	50 ppm	1	CC_Res_83-M727-B08-O410-P9120-1.raw	1321N1
PXD051747-Sample-2	Homo sapiens	not available	Astrocytoma	1321N1	CVCL_0110	cell line	not available	not available	not available	not available	Male	1	cell line	run89	proteomic profiling by mass spectrometry	NT=Q Exactive;AC=MS:1001911	NT=label free sample;AC=MS:1002038	17	Data-Dependent Acquisition	NT=Carbamidomethyl;MT=Fixed;TA=C;AC=UNIMOD:4	NT=Oxidation;MT=Variable;TA=M;AC=UNIMOD:35	NT=Acetyl;MT=Variable;PP=Protein N-term;AC=UNIMOD:1	NT=Trypsin;AC=MS:1001251	38% NCE	NT=HCD;AC=PRIDE:0000590	https://ftp.pride.ebi.ac.uk/pride/data/archive/2024/04/PXD051747/CC_Res_83-M727-C01-O410-P9120-1.raw	0.2 Da	50 ppm	1	CC_Res_83-M727-C01-O410-P9120-1.raw	1321N1
PXD051747-Sample-2	Homo sapiens	not available	Astrocytoma	1321N1	CVCL_0110	cell line	not available	not available	not available	not available	Male	1	cell line	run90	proteomic profiling by mass spectrometry	NT=Q Exactive;AC=MS:1001911	NT=label free sample;AC=MS:1002038	18	Data-Dependent Acquisition	NT=Carbamidomethyl;MT=Fixed;TA=C;AC=UNIMOD:4	NT=Oxidation;MT=Variable;TA=M;AC=UNIMOD:35	NT=Acetyl;MT=Variable;PP=Protein N-term;AC=UNIMOD:1	NT=Trypsin;AC=MS:1001251	38% NCE	NT=HCD;AC=PRIDE:0000590	https://ftp.pride.ebi.ac.uk/pride/data/archive/2024/04/PXD051747/CC_Res_83-M727-C02-O410-P9120-1.raw	0.2 Da	50 ppm	1	CC_Res_83-M727-C02-O410-P9120-1.raw	1321N1
PXD051747-Sample-2	Homo sapiens	not available	Astrocytoma	1321N1	CVCL_0110	cell line	not available	not available	not available	not available	Male	1	cell line	run91	proteomic profiling by mass spectrometry	NT=Q Exactive;AC=MS:1001911	NT=label free sample;AC=MS:1002038	19	Data-Dependent Acquisition	NT=Carbamidomethyl;MT=Fixed;TA=C;AC=UNIMOD:4	NT=Oxidation;MT=Variable;TA=M;AC=UNIMOD:35	NT=Acetyl;MT=Variable;PP=Protein N-term;AC=UNIMOD:1	NT=Trypsin;AC=MS:1001251	38% NCE	NT=HCD;AC=PRIDE:0000590	https://ftp.pride.ebi.ac.uk/pride/data/archive/2024/04/PXD051747/CC_Res_83-M727-C03-O410-P9120-1.raw	0.2 Da	50 ppm	1	CC_Res_83-M727-C03-O410-P9120-1.raw	1321N1
PXD051747-Sample-2	Homo sapiens	not available	Astrocytoma	1321N1	CVCL_0110	cell line	not available	not available	not available	not available	Male	1	cell line	run92	proteomic profiling by mass spectrometry	NT=Q Exactive;AC=MS:1001911	NT=label free sample;AC=MS:1002038	20	Data-Dependent Acquisition	NT=Carbamidomethyl;MT=Fixed;TA=C;AC=UNIMOD:4	NT=Oxidation;MT=Variable;TA=M;AC=UNIMOD:35	NT=Acetyl;MT=Variable;PP=Protein N-term;AC=UNIMOD:1	NT=Trypsin;AC=MS:1001251	38% NCE	NT=HCD;AC=PRIDE:0000590	https://ftp.pride.ebi.ac.uk/pride/data/archive/2024/04/PXD051747/CC_Res_83-M727-C04-O410-P9120-1.raw	0.2 Da	50 ppm	1	CC_Res_83-M727-C04-O410-P9120-1.raw	1321N1
PXD051747-Sample-2	Homo sapiens	not available	Astrocytoma	1321N1	CVCL_0110	cell line	not available	not available	not available	not available	Male	1	cell line	run93	proteomic profiling by mass spectrometry	NT=Q Exactive;AC=MS:1001911	NT=label free sample;AC=MS:1002038	21	Data-Dependent Acquisition	NT=Carbamidomethyl;MT=Fixed;TA=C;AC=UNIMOD:4	NT=Oxidation;MT=Variable;TA=M;AC=UNIMOD:35	NT=Acetyl;MT=Variable;PP=Protein N-term;AC=UNIMOD:1	NT=Trypsin;AC=MS:1001251	38% NCE	NT=HCD;AC=PRIDE:0000590	https://ftp.pride.ebi.ac.uk/pride/data/archive/2024/04/PXD051747/CC_Res_83-M727-C05-O410-P9120-1.raw	0.2 Da	50 ppm	1	CC_Res_83-M727-C05-O410-P9120-1.raw	1321N1
PXD051747-Sample-2	Homo sapiens	not available	Astrocytoma	1321N1	CVCL_0110	cell line	not available	not available	not available	not available	Male	1	cell line	run94	proteomic profiling by mass spectrometry	NT=Q Exactive;AC=MS:1001911	NT=label free sample;AC=MS:1002038	22	Data-Dependent Acquisition	NT=Carbamidomethyl;MT=Fixed;TA=C;AC=UNIMOD:4	NT=Oxidation;MT=Variable;TA=M;AC=UNIMOD:35	NT=Acetyl;MT=Variable;PP=Protein N-term;AC=UNIMOD:1	NT=Trypsin;AC=MS:1001251	38% NCE	NT=HCD;AC=PRIDE:0000590	https://ftp.pride.ebi.ac.uk/pride/data/archive/2024/04/PXD051747/CC_Res_83-M727-C06-O410-P9120-1.raw	0.2 Da	50 ppm	1	CC_Res_83-M727-C06-O410-P9120-1.raw	1321N1
PXD051747-Sample-2	Homo sapiens	not available	Astrocytoma	1321N1	CVCL_0110	cell line	not available	not available	not available	not available	Male	1	cell line	run95	proteomic profiling by mass spectrometry	NT=Q Exactive;AC=MS:1001911	NT=label free sample;AC=MS:1002038	23	Data-Dependent Acquisition	NT=Carbamidomethyl;MT=Fixed;TA=C;AC=UNIMOD:4	NT=Oxidation;MT=Variable;TA=M;AC=UNIMOD:35	NT=Acetyl;MT=Variable;PP=Protein N-term;AC=UNIMOD:1	NT=Trypsin;AC=MS:1001251	38% NCE	NT=HCD;AC=PRIDE:0000590	https://ftp.pride.ebi.ac.uk/pride/data/archive/2024/04/PXD051747/CC_Res_83-M727-C07-O410-P9120-1.raw	0.2 Da	50 ppm	1	CC_Res_83-M727-C07-O410-P9120-1.raw	1321N1
PXD051747-Sample-2	Homo sapiens	not available	Astrocytoma	1321N1	CVCL_0110	cell line	not available	not available	not available	not available	Male	1	cell line	run96	proteomic profiling by mass spectrometry	NT=Q Exactive;AC=MS:1001911	NT=label free sample;AC=MS:1002038	24	Data-Dependent Acquisition	NT=Carbamidomethyl;MT=Fixed;TA=C;AC=UNIMOD:4	NT=Oxidation;MT=Variable;TA=M;AC=UNIMOD:35	NT=Acetyl;MT=Variable;PP=Protein N-term;AC=UNIMOD:1	NT=Trypsin;AC=MS:1001251	38% NCE	NT=HCD;AC=PRIDE:0000590	https://ftp.pride.ebi.ac.uk/pride/data/archive/2024/04/PXD051747/CC_Res_83-M727-C08-O410-P9120-1.raw	0.2 Da	50 ppm	1	CC_Res_83-M727-C08-O410-P9120-1.raw	1321N1
PXD051747-Sample-2	Homo sapiens	not available	Astrocytoma	1321N1	CVCL_0110	cell line	not available	not available	not available	not available	Male	1	cell line	run97	proteomic profiling by mass spectrometry	NT=Q Exactive;AC=MS:1001911	NT=label free sample;AC=MS:1002038	25	Data-Dependent Acquisition	NT=Carbamidomethyl;MT=Fixed;TA=C;AC=UNIMOD:4	NT=Oxidation;MT=Variable;TA=M;AC=UNIMOD:35	NT=Acetyl;MT=Variable;PP=Protein N-term;AC=UNIMOD:1	NT=Trypsin;AC=MS:1001251	38% NCE	NT=HCD;AC=PRIDE:0000590	https://ftp.pride.ebi.ac.uk/pride/data/archive/2024/04/PXD051747/CC_Res_83-M727-D01-O410-P9120-1.raw	0.2 Da	50 ppm	1	CC_Res_83-M727-D01-O410-P9120-1.raw	1321N1
PXD051747-Sample-2	Homo sapiens	not available	Astrocytoma	1321N1	CVCL_0110	cell line	not available	not available	not available	not available	Male	1	cell line	run98	proteomic profiling by mass spectrometry	NT=Q Exactive;AC=MS:1001911	NT=label free sample;AC=MS:1002038	26	Data-Dependent Acquisition	NT=Carbamidomethyl;MT=Fixed;TA=C;AC=UNIMOD:4	NT=Oxidation;MT=Variable;TA=M;AC=UNIMOD:35	NT=Acetyl;MT=Variable;PP=Protein N-term;AC=UNIMOD:1	NT=Trypsin;AC=MS:1001251	38% NCE	NT=HCD;AC=PRIDE:0000590	https://ftp.pride.ebi.ac.uk/pride/data/archive/2024/04/PXD051747/CC_Res_83-M727-D02-O410-P9120-1.raw	0.2 Da	50 ppm	1	CC_Res_83-M727-D02-O410-P9120-1.raw	1321N1
PXD051747-Sample-2	Homo sapiens	not available	Astrocytoma	1321N1	CVCL_0110	cell line	not available	not available	not available	not available	Male	1	cell line	run99	proteomic profiling by mass spectrometry	NT=Q Exactive;AC=MS:1001911	NT=label free sample;AC=MS:1002038	27	Data-Dependent Acquisition	NT=Carbamidomethyl;MT=Fixed;TA=C;AC=UNIMOD:4	NT=Oxidation;MT=Variable;TA=M;AC=UNIMOD:35	NT=Acetyl;MT=Variable;PP=Protein N-term;AC=UNIMOD:1	NT=Trypsin;AC=MS:1001251	38% NCE	NT=HCD;AC=PRIDE:0000590	https://ftp.pride.ebi.ac.uk/pride/data/archive/2024/04/PXD051747/CC_Res_83-M727-D03-O410-P9120-1.raw	0.2 Da	50 ppm	1	CC_Res_83-M727-D03-O410-P9120-1.raw	1321N1
PXD051747-Sample-2	Homo sapiens	not available	Astrocytoma	1321N1	CVCL_0110	cell line	not available	not available	not available	not available	Male	1	cell line	run100	proteomic profiling by mass spectrometry	NT=Q Exactive;AC=MS:1001911	NT=label free sample;AC=MS:1002038	28	Data-Dependent Acquisition	NT=Carbamidomethyl;MT=Fixed;TA=C;AC=UNIMOD:4	NT=Oxidation;MT=Variable;TA=M;AC=UNIMOD:35	NT=Acetyl;MT=Variable;PP=Protein N-term;AC=UNIMOD:1	NT=Trypsin;AC=MS:1001251	38% NCE	NT=HCD;AC=PRIDE:0000590	https://ftp.pride.ebi.ac.uk/pride/data/archive/2024/04/PXD051747/CC_Res_83-M727-D04-O410-P9120-1.raw	0.2 Da	50 ppm	1	CC_Res_83-M727-D04-O410-P9120-1.raw	1321N1
PXD051747-Sample-2	Homo sapiens	not available	Astrocytoma	1321N1	CVCL_0110	cell line	not available	not available	not available	not available	Male	1	cell line	run101	proteomic profiling by mass spectrometry	NT=Q Exactive;AC=MS:1001911	NT=label free sample;AC=MS:1002038	29	Data-Dependent Acquisition	NT=Carbamidomethyl;MT=Fixed;TA=C;AC=UNIMOD:4	NT=Oxidation;MT=Variable;TA=M;AC=UNIMOD:35	NT=Acetyl;MT=Variable;PP=Protein N-term;AC=UNIMOD:1	NT=Trypsin;AC=MS:1001251	38% NCE	NT=HCD;AC=PRIDE:0000590	https://ftp.pride.ebi.ac.uk/pride/data/archive/2024/04/PXD051747/CC_Res_83-M727-D05-O410-P9120-1.raw	0.2 Da	50 ppm	1	CC_Res_83-M727-D05-O410-P9120-1.raw	1321N1
PXD051747-Sample-2	Homo sapiens	not available	Astrocytoma	1321N1	CVCL_0110	cell line	not available	not available	not available	not available	Male	1	cell line	run102	proteomic profiling by mass spectrometry	NT=Q Exactive;AC=MS:1001911	NT=label free sample;AC=MS:1002038	30	Data-Dependent Acquisition	NT=Carbamidomethyl;MT=Fixed;TA=C;AC=UNIMOD:4	NT=Oxidation;MT=Variable;TA=M;AC=UNIMOD:35	NT=Acetyl;MT=Variable;PP=Protein N-term;AC=UNIMOD:1	NT=Trypsin;AC=MS:1001251	38% NCE	NT=HCD;AC=PRIDE:0000590	https://ftp.pride.ebi.ac.uk/pride/data/archive/2024/04/PXD051747/CC_Res_83-M727-D06-O410-P9120-1.raw	0.2 Da	50 ppm	1	CC_Res_83-M727-D06-O410-P9120-1.raw	1321N1
PXD051747-Sample-2	Homo sapiens	not available	Astrocytoma	1321N1	CVCL_0110	cell line	not available	not available	not available	not available	Male	1	cell line	run103	proteomic profiling by mass spectrometry	NT=Q Exactive;AC=MS:1001911	NT=label free sample;AC=MS:1002038	31	Data-Dependent Acquisition	NT=Carbamidomethyl;MT=Fixed;TA=C;AC=UNIMOD:4	NT=Oxidation;MT=Variable;TA=M;AC=UNIMOD:35	NT=Acetyl;MT=Variable;PP=Protein N-term;AC=UNIMOD:1	NT=Trypsin;AC=MS:1001251	38% NCE	NT=HCD;AC=PRIDE:0000590	https://ftp.pride.ebi.ac.uk/pride/data/archive/2024/04/PXD051747/CC_Res_83-M727-D07-O410-P9120-1.raw	0.2 Da	50 ppm	1	CC_Res_83-M727-D07-O410-P9120-1.raw	1321N1
PXD051747-Sample-2	Homo sapiens	not available	Astrocytoma	1321N1	CVCL_0110	cell line	not available	not available	not available	not available	Male	1	cell line	run104	proteomic profiling by mass spectrometry	NT=Q Exactive;AC=MS:1001911	NT=label free sample;AC=MS:1002038	32	Data-Dependent Acquisition	NT=Carbamidomethyl;MT=Fixed;TA=C;AC=UNIMOD:4	NT=Oxidation;MT=Variable;TA=M;AC=UNIMOD:35	NT=Acetyl;MT=Variable;PP=Protein N-term;AC=UNIMOD:1	NT=Trypsin;AC=MS:1001251	38% NCE	NT=HCD;AC=PRIDE:0000590	https://ftp.pride.ebi.ac.uk/pride/data/archive/2024/04/PXD051747/CC_Res_83-M727-D08-O410-P9120-1.raw	0.2 Da	50 ppm	1	CC_Res_83-M727-D08-O410-P9120-1.raw	1321N1
PXD051747-Sample-2	Homo sapiens	not available	Astrocytoma	1321N1	CVCL_0110	cell line	not available	not available	not available	not available	Male	1	cell line	run105	proteomic profiling by mass spectrometry	NT=Q Exactive;AC=MS:1001911	NT=label free sample;AC=MS:1002038	33	Data-Dependent Acquisition	NT=Carbamidomethyl;MT=Fixed;TA=C;AC=UNIMOD:4	NT=Oxidation;MT=Variable;TA=M;AC=UNIMOD:35	NT=Acetyl;MT=Variable;PP=Protein N-term;AC=UNIMOD:1	NT=Trypsin;AC=MS:1001251	38% NCE	NT=HCD;AC=PRIDE:0000590	https://ftp.pride.ebi.ac.uk/pride/data/archive/2024/04/PXD051747/CC_Res_83-M727-E01-O410-P9120-1.raw	0.2 Da	50 ppm	1	CC_Res_83-M727-E01-O410-P9120-1.raw	1321N1
PXD051747-Sample-2	Homo sapiens	not available	Astrocytoma	1321N1	CVCL_0110	cell line	not available	not available	not available	not available	Male	1	cell line	run106	proteomic profiling by mass spectrometry	NT=Q Exactive;AC=MS:1001911	NT=label free sample;AC=MS:1002038	34	Data-Dependent Acquisition	NT=Carbamidomethyl;MT=Fixed;TA=C;AC=UNIMOD:4	NT=Oxidation;MT=Variable;TA=M;AC=UNIMOD:35	NT=Acetyl;MT=Variable;PP=Protein N-term;AC=UNIMOD:1	NT=Trypsin;AC=MS:1001251	38% NCE	NT=HCD;AC=PRIDE:0000590	https://ftp.pride.ebi.ac.uk/pride/data/archive/2024/04/PXD051747/CC_Res_83-M727-E02-O410-P9120-1.raw	0.2 Da	50 ppm	1	CC_Res_83-M727-E02-O410-P9120-1.raw	1321N1
PXD051747-Sample-2	Homo sapiens	not available	Astrocytoma	1321N1	CVCL_0110	cell line	not available	not available	not available	not available	Male	1	cell line	run107	proteomic profiling by mass spectrometry	NT=Q Exactive;AC=MS:1001911	NT=label free sample;AC=MS:1002038	35	Data-Dependent Acquisition	NT=Carbamidomethyl;MT=Fixed;TA=C;AC=UNIMOD:4	NT=Oxidation;MT=Variable;TA=M;AC=UNIMOD:35	NT=Acetyl;MT=Variable;PP=Protein N-term;AC=UNIMOD:1	NT=Trypsin;AC=MS:1001251	38% NCE	NT=HCD;AC=PRIDE:0000590	https://ftp.pride.ebi.ac.uk/pride/data/archive/2024/04/PXD051747/CC_Res_83-M727-E03-O410-P9120-1.raw	0.2 Da	50 ppm	1	CC_Res_83-M727-E03-O410-P9120-1.raw	1321N1
PXD051747-Sample-2	Homo sapiens	not available	Astrocytoma	1321N1	CVCL_0110	cell line	not available	not available	not available	not available	Male	1	cell line	run108	proteomic profiling by mass spectrometry	NT=Q Exactive;AC=MS:1001911	NT=label free sample;AC=MS:1002038	36	Data-Dependent Acquisition	NT=Carbamidomethyl;MT=Fixed;TA=C;AC=UNIMOD:4	NT=Oxidation;MT=Variable;TA=M;AC=UNIMOD:35	NT=Acetyl;MT=Variable;PP=Protein N-term;AC=UNIMOD:1	NT=Trypsin;AC=MS:1001251	38% NCE	NT=HCD;AC=PRIDE:0000590	https://ftp.pride.ebi.ac.uk/pride/data/archive/2024/04/PXD051747/CC_Res_83-M727-E04-O410-P9120-1.raw	0.2 Da	50 ppm	1	CC_Res_83-M727-E04-O410-P9120-1.raw	1321N1
PXD051747-Sample-1	Homo sapiens	not available	Adult hepatocellular carcinoma	Huh-7	CVCL_0336	cell line	not available	not available	not available	not available	Male	1	cell line	run109	proteomic profiling by mass spectrometry	NT=Q Exactive;AC=MS:1001911	NT=label free sample;AC=MS:1002038	1	Data-Dependent Acquisition	NT=Carbamidomethyl;MT=Fixed;TA=C;AC=UNIMOD:4	NT=Oxidation;MT=Variable;TA=M;AC=UNIMOD:35	NT=Acetyl;MT=Variable;PP=Protein N-term;AC=UNIMOD:1	NT=Trypsin;AC=MS:1001251	38% NCE	NT=HCD;AC=PRIDE:0000590	https://ftp.pride.ebi.ac.uk/pride/data/archive/2024/04/PXD051747/CC_Res_83-M728-A01-O424-P9121-1.raw	0.2 Da	50 ppm	1	CC_Res_83-M728-A01-O424-P9121-1.raw	Huh-7
PXD051747-Sample-1	Homo sapiens	not available	Adult hepatocellular carcinoma	Huh-7	CVCL_0336	cell line	not available	not available	not available	not available	Male	1	cell line	run110	proteomic profiling by mass spectrometry	NT=Q Exactive;AC=MS:1001911	NT=label free sample;AC=MS:1002038	2	Data-Dependent Acquisition	NT=Carbamidomethyl;MT=Fixed;TA=C;AC=UNIMOD:4	NT=Oxidation;MT=Variable;TA=M;AC=UNIMOD:35	NT=Acetyl;MT=Variable;PP=Protein N-term;AC=UNIMOD:1	NT=Trypsin;AC=MS:1001251	38% NCE	NT=HCD;AC=PRIDE:0000590	https://ftp.pride.ebi.ac.uk/pride/data/archive/2024/04/PXD051747/CC_Res_83-M728-A02-O424-P9121-1.raw	0.2 Da	50 ppm	1	CC_Res_83-M728-A02-O424-P9121-1.raw	Huh-7
PXD051747-Sample-1	Homo sapiens	not available	Adult hepatocellular carcinoma	Huh-7	CVCL_0336	cell line	not available	not available	not available	not available	Male	1	cell line	run111	proteomic profiling by mass spectrometry	NT=Q Exactive;AC=MS:1001911	NT=label free sample;AC=MS:1002038	3	Data-Dependent Acquisition	NT=Carbamidomethyl;MT=Fixed;TA=C;AC=UNIMOD:4	NT=Oxidation;MT=Variable;TA=M;AC=UNIMOD:35	NT=Acetyl;MT=Variable;PP=Protein N-term;AC=UNIMOD:1	NT=Trypsin;AC=MS:1001251	38% NCE	NT=HCD;AC=PRIDE:0000590	https://ftp.pride.ebi.ac.uk/pride/data/archive/2024/04/PXD051747/CC_Res_83-M728-A03-O424-P9121-1.raw	0.2 Da	50 ppm	1	CC_Res_83-M728-A03-O424-P9121-1.raw	Huh-7
PXD051747-Sample-1	Homo sapiens	not available	Adult hepatocellular carcinoma	Huh-7	CVCL_0336	cell line	not available	not available	not available	not available	Male	1	cell line	run112	proteomic profiling by mass spectrometry	NT=Q Exactive;AC=MS:1001911	NT=label free sample;AC=MS:1002038	4	Data-Dependent Acquisition	NT=Carbamidomethyl;MT=Fixed;TA=C;AC=UNIMOD:4	NT=Oxidation;MT=Variable;TA=M;AC=UNIMOD:35	NT=Acetyl;MT=Variable;PP=Protein N-term;AC=UNIMOD:1	NT=Trypsin;AC=MS:1001251	38% NCE	NT=HCD;AC=PRIDE:0000590	https://ftp.pride.ebi.ac.uk/pride/data/archive/2024/04/PXD051747/CC_Res_83-M728-A04-O424-P9121-1.raw	0.2 Da	50 ppm	1	CC_Res_83-M728-A04-O424-P9121-1.raw	Huh-7
PXD051747-Sample-1	Homo sapiens	not available	Adult hepatocellular carcinoma	Huh-7	CVCL_0336	cell line	not available	not available	not available	not available	Male	1	cell line	run113	proteomic profiling by mass spectrometry	NT=Q Exactive;AC=MS:1001911	NT=label free sample;AC=MS:1002038	5	Data-Dependent Acquisition	NT=Carbamidomethyl;MT=Fixed;TA=C;AC=UNIMOD:4	NT=Oxidation;MT=Variable;TA=M;AC=UNIMOD:35	NT=Acetyl;MT=Variable;PP=Protein N-term;AC=UNIMOD:1	NT=Trypsin;AC=MS:1001251	38% NCE	NT=HCD;AC=PRIDE:0000590	https://ftp.pride.ebi.ac.uk/pride/data/archive/2024/04/PXD051747/CC_Res_83-M728-A05-O424-P9121-1.raw	0.2 Da	50 ppm	1	CC_Res_83-M728-A05-O424-P9121-1.raw	Huh-7
PXD051747-Sample-1	Homo sapiens	not available	Adult hepatocellular carcinoma	Huh-7	CVCL_0336	cell line	not available	not available	not available	not available	Male	1	cell line	run114	proteomic profiling by mass spectrometry	NT=Q Exactive;AC=MS:1001911	NT=label free sample;AC=MS:1002038	6	Data-Dependent Acquisition	NT=Carbamidomethyl;MT=Fixed;TA=C;AC=UNIMOD:4	NT=Oxidation;MT=Variable;TA=M;AC=UNIMOD:35	NT=Acetyl;MT=Variable;PP=Protein N-term;AC=UNIMOD:1	NT=Trypsin;AC=MS:1001251	38% NCE	NT=HCD;AC=PRIDE:0000590	https://ftp.pride.ebi.ac.uk/pride/data/archive/2024/04/PXD051747/CC_Res_83-M728-A06-O424-P9121-1.raw	0.2 Da	50 ppm	1	CC_Res_83-M728-A06-O424-P9121-1.raw	Huh-7
PXD051747-Sample-1	Homo sapiens	not available	Adult hepatocellular carcinoma	Huh-7	CVCL_0336	cell line	not available	not available	not available	not available	Male	1	cell line	run115	proteomic profiling by mass spectrometry	NT=Q Exactive;AC=MS:1001911	NT=label free sample;AC=MS:1002038	7	Data-Dependent Acquisition	NT=Carbamidomethyl;MT=Fixed;TA=C;AC=UNIMOD:4	NT=Oxidation;MT=Variable;TA=M;AC=UNIMOD:35	NT=Acetyl;MT=Variable;PP=Protein N-term;AC=UNIMOD:1	NT=Trypsin;AC=MS:1001251	38% NCE	NT=HCD;AC=PRIDE:0000590	https://ftp.pride.ebi.ac.uk/pride/data/archive/2024/04/PXD051747/CC_Res_83-M728-A07-O424-P9121-1.raw	0.2 Da	50 ppm	1	CC_Res_83-M728-A07-O424-P9121-1.raw	Huh-7
PXD051747-Sample-1	Homo sapiens	not available	Adult hepatocellular carcinoma	Huh-7	CVCL_0336	cell line	not available	not available	not available	not available	Male	1	cell line	run116	proteomic profiling by mass spectrometry	NT=Q Exactive;AC=MS:1001911	NT=label free sample;AC=MS:1002038	8	Data-Dependent Acquisition	NT=Carbamidomethyl;MT=Fixed;TA=C;AC=UNIMOD:4	NT=Oxidation;MT=Variable;TA=M;AC=UNIMOD:35	NT=Acetyl;MT=Variable;PP=Protein N-term;AC=UNIMOD:1	NT=Trypsin;AC=MS:1001251	38% NCE	NT=HCD;AC=PRIDE:0000590	https://ftp.pride.ebi.ac.uk/pride/data/archive/2024/04/PXD051747/CC_Res_83-M728-A08-O424-P9121-1.raw	0.2 Da	50 ppm	1	CC_Res_83-M728-A08-O424-P9121-1.raw	Huh-7
PXD051747-Sample-1	Homo sapiens	not available	Adult hepatocellular carcinoma	Huh-7	CVCL_0336	cell line	not available	not available	not available	not available	Male	1	cell line	run117	proteomic profiling by mass spectrometry	NT=Q Exactive;AC=MS:1001911	NT=label free sample;AC=MS:1002038	9	Data-Dependent Acquisition	NT=Carbamidomethyl;MT=Fixed;TA=C;AC=UNIMOD:4	NT=Oxidation;MT=Variable;TA=M;AC=UNIMOD:35	NT=Acetyl;MT=Variable;PP=Protein N-term;AC=UNIMOD:1	NT=Trypsin;AC=MS:1001251	38% NCE	NT=HCD;AC=PRIDE:0000590	https://ftp.pride.ebi.ac.uk/pride/data/archive/2024/04/PXD051747/CC_Res_83-M728-B01-O424-P9121-1.raw	0.2 Da	50 ppm	1	CC_Res_83-M728-B01-O424-P9121-1.raw	Huh-7
PXD051747-Sample-1	Homo sapiens	not available	Adult hepatocellular carcinoma	Huh-7	CVCL_0336	cell line	not available	not available	not available	not available	Male	1	cell line	run118	proteomic profiling by mass spectrometry	NT=Q Exactive;AC=MS:1001911	NT=label free sample;AC=MS:1002038	10	Data-Dependent Acquisition	NT=Carbamidomethyl;MT=Fixed;TA=C;AC=UNIMOD:4	NT=Oxidation;MT=Variable;TA=M;AC=UNIMOD:35	NT=Acetyl;MT=Variable;PP=Protein N-term;AC=UNIMOD:1	NT=Trypsin;AC=MS:1001251	38% NCE	NT=HCD;AC=PRIDE:0000590	https://ftp.pride.ebi.ac.uk/pride/data/archive/2024/04/PXD051747/CC_Res_83-M728-B02-O424-P9121-1.raw	0.2 Da	50 ppm	1	CC_Res_83-M728-B02-O424-P9121-1.raw	Huh-7
PXD051747-Sample-1	Homo sapiens	not available	Adult hepatocellular carcinoma	Huh-7	CVCL_0336	cell line	not available	not available	not available	not available	Male	1	cell line	run119	proteomic profiling by mass spectrometry	NT=Q Exactive;AC=MS:1001911	NT=label free sample;AC=MS:1002038	11	Data-Dependent Acquisition	NT=Carbamidomethyl;MT=Fixed;TA=C;AC=UNIMOD:4	NT=Oxidation;MT=Variable;TA=M;AC=UNIMOD:35	NT=Acetyl;MT=Variable;PP=Protein N-term;AC=UNIMOD:1	NT=Trypsin;AC=MS:1001251	38% NCE	NT=HCD;AC=PRIDE:0000590	https://ftp.pride.ebi.ac.uk/pride/data/archive/2024/04/PXD051747/CC_Res_83-M728-B03-O424-P9121-1.raw	0.2 Da	50 ppm	1	CC_Res_83-M728-B03-O424-P9121-1.raw	Huh-7
PXD051747-Sample-1	Homo sapiens	not available	Adult hepatocellular carcinoma	Huh-7	CVCL_0336	cell line	not available	not available	not available	not available	Male	1	cell line	run120	proteomic profiling by mass spectrometry	NT=Q Exactive;AC=MS:1001911	NT=label free sample;AC=MS:1002038	12	Data-Dependent Acquisition	NT=Carbamidomethyl;MT=Fixed;TA=C;AC=UNIMOD:4	NT=Oxidation;MT=Variable;TA=M;AC=UNIMOD:35	NT=Acetyl;MT=Variable;PP=Protein N-term;AC=UNIMOD:1	NT=Trypsin;AC=MS:1001251	38% NCE	NT=HCD;AC=PRIDE:0000590	https://ftp.pride.ebi.ac.uk/pride/data/archive/2024/04/PXD051747/CC_Res_83-M728-B04-O424-P9121-1.raw	0.2 Da	50 ppm	1	CC_Res_83-M728-B04-O424-P9121-1.raw	Huh-7
PXD051747-Sample-1	Homo sapiens	not available	Adult hepatocellular carcinoma	Huh-7	CVCL_0336	cell line	not available	not available	not available	not available	Male	1	cell line	run121	proteomic profiling by mass spectrometry	NT=Q Exactive;AC=MS:1001911	NT=label free sample;AC=MS:1002038	13	Data-Dependent Acquisition	NT=Carbamidomethyl;MT=Fixed;TA=C;AC=UNIMOD:4	NT=Oxidation;MT=Variable;TA=M;AC=UNIMOD:35	NT=Acetyl;MT=Variable;PP=Protein N-term;AC=UNIMOD:1	NT=Trypsin;AC=MS:1001251	38% NCE	NT=HCD;AC=PRIDE:0000590	https://ftp.pride.ebi.ac.uk/pride/data/archive/2024/04/PXD051747/CC_Res_83-M728-B05-O424-P9121-1.raw	0.2 Da	50 ppm	1	CC_Res_83-M728-B05-O424-P9121-1.raw	Huh-7
PXD051747-Sample-1	Homo sapiens	not available	Adult hepatocellular carcinoma	Huh-7	CVCL_0336	cell line	not available	not available	not available	not available	Male	1	cell line	run122	proteomic profiling by mass spectrometry	NT=Q Exactive;AC=MS:1001911	NT=label free sample;AC=MS:1002038	14	Data-Dependent Acquisition	NT=Carbamidomethyl;MT=Fixed;TA=C;AC=UNIMOD:4	NT=Oxidation;MT=Variable;TA=M;AC=UNIMOD:35	NT=Acetyl;MT=Variable;PP=Protein N-term;AC=UNIMOD:1	NT=Trypsin;AC=MS:1001251	38% NCE	NT=HCD;AC=PRIDE:0000590	https://ftp.pride.ebi.ac.uk/pride/data/archive/2024/04/PXD051747/CC_Res_83-M728-B06-O424-P9121-1.raw	0.2 Da	50 ppm	1	CC_Res_83-M728-B06-O424-P9121-1.raw	Huh-7
PXD051747-Sample-1	Homo sapiens	not available	Adult hepatocellular carcinoma	Huh-7	CVCL_0336	cell line	not available	not available	not available	not available	Male	1	cell line	run123	proteomic profiling by mass spectrometry	NT=Q Exactive;AC=MS:1001911	NT=label free sample;AC=MS:1002038	15	Data-Dependent Acquisition	NT=Carbamidomethyl;MT=Fixed;TA=C;AC=UNIMOD:4	NT=Oxidation;MT=Variable;TA=M;AC=UNIMOD:35	NT=Acetyl;MT=Variable;PP=Protein N-term;AC=UNIMOD:1	NT=Trypsin;AC=MS:1001251	38% NCE	NT=HCD;AC=PRIDE:0000590	https://ftp.pride.ebi.ac.uk/pride/data/archive/2024/04/PXD051747/CC_Res_83-M728-B07-O424-P9121-1.raw	0.2 Da	50 ppm	1	CC_Res_83-M728-B07-O424-P9121-1.raw	Huh-7
PXD051747-Sample-1	Homo sapiens	not available	Adult hepatocellular carcinoma	Huh-7	CVCL_0336	cell line	not available	not available	not available	not available	Male	1	cell line	run124	proteomic profiling by mass spectrometry	NT=Q Exactive;AC=MS:1001911	NT=label free sample;AC=MS:1002038	16	Data-Dependent Acquisition	NT=Carbamidomethyl;MT=Fixed;TA=C;AC=UNIMOD:4	NT=Oxidation;MT=Variable;TA=M;AC=UNIMOD:35	NT=Acetyl;MT=Variable;PP=Protein N-term;AC=UNIMOD:1	NT=Trypsin;AC=MS:1001251	38% NCE	NT=HCD;AC=PRIDE:0000590	https://ftp.pride.ebi.ac.uk/pride/data/archive/2024/04/PXD051747/CC_Res_83-M728-B08-O424-P9121-1.raw	0.2 Da	50 ppm	1	CC_Res_83-M728-B08-O424-P9121-1.raw	Huh-7
PXD051747-Sample-1	Homo sapiens	not available	Adult hepatocellular carcinoma	Huh-7	CVCL_0336	cell line	not available	not available	not available	not available	Male	1	cell line	run125	proteomic profiling by mass spectrometry	NT=Q Exactive;AC=MS:1001911	NT=label free sample;AC=MS:1002038	17	Data-Dependent Acquisition	NT=Carbamidomethyl;MT=Fixed;TA=C;AC=UNIMOD:4	NT=Oxidation;MT=Variable;TA=M;AC=UNIMOD:35	NT=Acetyl;MT=Variable;PP=Protein N-term;AC=UNIMOD:1	NT=Trypsin;AC=MS:1001251	38% NCE	NT=HCD;AC=PRIDE:0000590	https://ftp.pride.ebi.ac.uk/pride/data/archive/2024/04/PXD051747/CC_Res_83-M728-C01-O424-P9121-1.raw	0.2 Da	50 ppm	1	CC_Res_83-M728-C01-O424-P9121-1.raw	Huh-7
PXD051747-Sample-1	Homo sapiens	not available	Adult hepatocellular carcinoma	Huh-7	CVCL_0336	cell line	not available	not available	not available	not available	Male	1	cell line	run126	proteomic profiling by mass spectrometry	NT=Q Exactive;AC=MS:1001911	NT=label free sample;AC=MS:1002038	18	Data-Dependent Acquisition	NT=Carbamidomethyl;MT=Fixed;TA=C;AC=UNIMOD:4	NT=Oxidation;MT=Variable;TA=M;AC=UNIMOD:35	NT=Acetyl;MT=Variable;PP=Protein N-term;AC=UNIMOD:1	NT=Trypsin;AC=MS:1001251	38% NCE	NT=HCD;AC=PRIDE:0000590	https://ftp.pride.ebi.ac.uk/pride/data/archive/2024/04/PXD051747/CC_Res_83-M728-C02-O424-P9121-1.raw	0.2 Da	50 ppm	1	CC_Res_83-M728-C02-O424-P9121-1.raw	Huh-7
PXD051747-Sample-1	Homo sapiens	not available	Adult hepatocellular carcinoma	Huh-7	CVCL_0336	cell line	not available	not available	not available	not available	Male	1	cell line	run127	proteomic profiling by mass spectrometry	NT=Q Exactive;AC=MS:1001911	NT=label free sample;AC=MS:1002038	19	Data-Dependent Acquisition	NT=Carbamidomethyl;MT=Fixed;TA=C;AC=UNIMOD:4	NT=Oxidation;MT=Variable;TA=M;AC=UNIMOD:35	NT=Acetyl;MT=Variable;PP=Protein N-term;AC=UNIMOD:1	NT=Trypsin;AC=MS:1001251	38% NCE	NT=HCD;AC=PRIDE:0000590	https://ftp.pride.ebi.ac.uk/pride/data/archive/2024/04/PXD051747/CC_Res_83-M728-C03-O424-P9121-1.raw	0.2 Da	50 ppm	1	CC_Res_83-M728-C03-O424-P9121-1.raw	Huh-7
PXD051747-Sample-1	Homo sapiens	not available	Adult hepatocellular carcinoma	Huh-7	CVCL_0336	cell line	not available	not available	not available	not available	Male	1	cell line	run128	proteomic profiling by mass spectrometry	NT=Q Exactive;AC=MS:1001911	NT=label free sample;AC=MS:1002038	20	Data-Dependent Acquisition	NT=Carbamidomethyl;MT=Fixed;TA=C;AC=UNIMOD:4	NT=Oxidation;MT=Variable;TA=M;AC=UNIMOD:35	NT=Acetyl;MT=Variable;PP=Protein N-term;AC=UNIMOD:1	NT=Trypsin;AC=MS:1001251	38% NCE	NT=HCD;AC=PRIDE:0000590	https://ftp.pride.ebi.ac.uk/pride/data/archive/2024/04/PXD051747/CC_Res_83-M728-C04-O424-P9121-1.raw	0.2 Da	50 ppm	1	CC_Res_83-M728-C04-O424-P9121-1.raw	Huh-7
PXD051747-Sample-1	Homo sapiens	not available	Adult hepatocellular carcinoma	Huh-7	CVCL_0336	cell line	not available	not available	not available	not available	Male	1	cell line	run129	proteomic profiling by mass spectrometry	NT=Q Exactive;AC=MS:1001911	NT=label free sample;AC=MS:1002038	21	Data-Dependent Acquisition	NT=Carbamidomethyl;MT=Fixed;TA=C;AC=UNIMOD:4	NT=Oxidation;MT=Variable;TA=M;AC=UNIMOD:35	NT=Acetyl;MT=Variable;PP=Protein N-term;AC=UNIMOD:1	NT=Trypsin;AC=MS:1001251	38% NCE	NT=HCD;AC=PRIDE:0000590	https://ftp.pride.ebi.ac.uk/pride/data/archive/2024/04/PXD051747/CC_Res_83-M728-C05-O424-P9121-1.raw	0.2 Da	50 ppm	1	CC_Res_83-M728-C05-O424-P9121-1.raw	Huh-7
PXD051747-Sample-1	Homo sapiens	not available	Adult hepatocellular carcinoma	Huh-7	CVCL_0336	cell line	not available	not available	not available	not available	Male	1	cell line	run130	proteomic profiling by mass spectrometry	NT=Q Exactive;AC=MS:1001911	NT=label free sample;AC=MS:1002038	22	Data-Dependent Acquisition	NT=Carbamidomethyl;MT=Fixed;TA=C;AC=UNIMOD:4	NT=Oxidation;MT=Variable;TA=M;AC=UNIMOD:35	NT=Acetyl;MT=Variable;PP=Protein N-term;AC=UNIMOD:1	NT=Trypsin;AC=MS:1001251	38% NCE	NT=HCD;AC=PRIDE:0000590	https://ftp.pride.ebi.ac.uk/pride/data/archive/2024/04/PXD051747/CC_Res_83-M728-C06-O424-P9121-1.raw	0.2 Da	50 ppm	1	CC_Res_83-M728-C06-O424-P9121-1.raw	Huh-7
PXD051747-Sample-1	Homo sapiens	not available	Adult hepatocellular carcinoma	Huh-7	CVCL_0336	cell line	not available	not available	not available	not available	Male	1	cell line	run131	proteomic profiling by mass spectrometry	NT=Q Exactive;AC=MS:1001911	NT=label free sample;AC=MS:1002038	23	Data-Dependent Acquisition	NT=Carbamidomethyl;MT=Fixed;TA=C;AC=UNIMOD:4	NT=Oxidation;MT=Variable;TA=M;AC=UNIMOD:35	NT=Acetyl;MT=Variable;PP=Protein N-term;AC=UNIMOD:1	NT=Trypsin;AC=MS:1001251	38% NCE	NT=HCD;AC=PRIDE:0000590	https://ftp.pride.ebi.ac.uk/pride/data/archive/2024/04/PXD051747/CC_Res_83-M728-C07-O424-P9121-1.raw	0.2 Da	50 ppm	1	CC_Res_83-M728-C07-O424-P9121-1.raw	Huh-7
PXD051747-Sample-1	Homo sapiens	not available	Adult hepatocellular carcinoma	Huh-7	CVCL_0336	cell line	not available	not available	not available	not available	Male	1	cell line	run132	proteomic profiling by mass spectrometry	NT=Q Exactive;AC=MS:1001911	NT=label free sample;AC=MS:1002038	24	Data-Dependent Acquisition	NT=Carbamidomethyl;MT=Fixed;TA=C;AC=UNIMOD:4	NT=Oxidation;MT=Variable;TA=M;AC=UNIMOD:35	NT=Acetyl;MT=Variable;PP=Protein N-term;AC=UNIMOD:1	NT=Trypsin;AC=MS:1001251	38% NCE	NT=HCD;AC=PRIDE:0000590	https://ftp.pride.ebi.ac.uk/pride/data/archive/2024/04/PXD051747/CC_Res_83-M728-C08-O424-P9121-1.raw	0.2 Da	50 ppm	1	CC_Res_83-M728-C08-O424-P9121-1.raw	Huh-7
PXD051747-Sample-1	Homo sapiens	not available	Adult hepatocellular carcinoma	Huh-7	CVCL_0336	cell line	not available	not available	not available	not available	Male	1	cell line	run133	proteomic profiling by mass spectrometry	NT=Q Exactive;AC=MS:1001911	NT=label free sample;AC=MS:1002038	25	Data-Dependent Acquisition	NT=Carbamidomethyl;MT=Fixed;TA=C;AC=UNIMOD:4	NT=Oxidation;MT=Variable;TA=M;AC=UNIMOD:35	NT=Acetyl;MT=Variable;PP=Protein N-term;AC=UNIMOD:1	NT=Trypsin;AC=MS:1001251	38% NCE	NT=HCD;AC=PRIDE:0000590	https://ftp.pride.ebi.ac.uk/pride/data/archive/2024/04/PXD051747/CC_Res_83-M728-D01-O424-P9121-1.raw	0.2 Da	50 ppm	1	CC_Res_83-M728-D01-O424-P9121-1.raw	Huh-7
PXD051747-Sample-1	Homo sapiens	not available	Adult hepatocellular carcinoma	Huh-7	CVCL_0336	cell line	not available	not available	not available	not available	Male	1	cell line	run134	proteomic profiling by mass spectrometry	NT=Q Exactive;AC=MS:1001911	NT=label free sample;AC=MS:1002038	26	Data-Dependent Acquisition	NT=Carbamidomethyl;MT=Fixed;TA=C;AC=UNIMOD:4	NT=Oxidation;MT=Variable;TA=M;AC=UNIMOD:35	NT=Acetyl;MT=Variable;PP=Protein N-term;AC=UNIMOD:1	NT=Trypsin;AC=MS:1001251	38% NCE	NT=HCD;AC=PRIDE:0000590	https://ftp.pride.ebi.ac.uk/pride/data/archive/2024/04/PXD051747/CC_Res_83-M728-D02-O424-P9121-1.raw	0.2 Da	50 ppm	1	CC_Res_83-M728-D02-O424-P9121-1.raw	Huh-7
PXD051747-Sample-1	Homo sapiens	not available	Adult hepatocellular carcinoma	Huh-7	CVCL_0336	cell line	not available	not available	not available	not available	Male	1	cell line	run135	proteomic profiling by mass spectrometry	NT=Q Exactive;AC=MS:1001911	NT=label free sample;AC=MS:1002038	27	Data-Dependent Acquisition	NT=Carbamidomethyl;MT=Fixed;TA=C;AC=UNIMOD:4	NT=Oxidation;MT=Variable;TA=M;AC=UNIMOD:35	NT=Acetyl;MT=Variable;PP=Protein N-term;AC=UNIMOD:1	NT=Trypsin;AC=MS:1001251	38% NCE	NT=HCD;AC=PRIDE:0000590	https://ftp.pride.ebi.ac.uk/pride/data/archive/2024/04/PXD051747/CC_Res_83-M728-D03-O424-P9121-1.raw	0.2 Da	50 ppm	1	CC_Res_83-M728-D03-O424-P9121-1.raw	Huh-7
PXD051747-Sample-1	Homo sapiens	not available	Adult hepatocellular carcinoma	Huh-7	CVCL_0336	cell line	not available	not available	not available	not available	Male	1	cell line	run136	proteomic profiling by mass spectrometry	NT=Q Exactive;AC=MS:1001911	NT=label free sample;AC=MS:1002038	28	Data-Dependent Acquisition	NT=Carbamidomethyl;MT=Fixed;TA=C;AC=UNIMOD:4	NT=Oxidation;MT=Variable;TA=M;AC=UNIMOD:35	NT=Acetyl;MT=Variable;PP=Protein N-term;AC=UNIMOD:1	NT=Trypsin;AC=MS:1001251	38% NCE	NT=HCD;AC=PRIDE:0000590	https://ftp.pride.ebi.ac.uk/pride/data/archive/2024/04/PXD051747/CC_Res_83-M728-D04-O424-P9121-1.raw	0.2 Da	50 ppm	1	CC_Res_83-M728-D04-O424-P9121-1.raw	Huh-7
PXD051747-Sample-1	Homo sapiens	not available	Adult hepatocellular carcinoma	Huh-7	CVCL_0336	cell line	not available	not available	not available	not available	Male	1	cell line	run137	proteomic profiling by mass spectrometry	NT=Q Exactive;AC=MS:1001911	NT=label free sample;AC=MS:1002038	29	Data-Dependent Acquisition	NT=Carbamidomethyl;MT=Fixed;TA=C;AC=UNIMOD:4	NT=Oxidation;MT=Variable;TA=M;AC=UNIMOD:35	NT=Acetyl;MT=Variable;PP=Protein N-term;AC=UNIMOD:1	NT=Trypsin;AC=MS:1001251	38% NCE	NT=HCD;AC=PRIDE:0000590	https://ftp.pride.ebi.ac.uk/pride/data/archive/2024/04/PXD051747/CC_Res_83-M728-D05-O424-P9121-1.raw	0.2 Da	50 ppm	1	CC_Res_83-M728-D05-O424-P9121-1.raw	Huh-7
PXD051747-Sample-1	Homo sapiens	not available	Adult hepatocellular carcinoma	Huh-7	CVCL_0336	cell line	not available	not available	not available	not available	Male	1	cell line	run138	proteomic profiling by mass spectrometry	NT=Q Exactive;AC=MS:1001911	NT=label free sample;AC=MS:1002038	30	Data-Dependent Acquisition	NT=Carbamidomethyl;MT=Fixed;TA=C;AC=UNIMOD:4	NT=Oxidation;MT=Variable;TA=M;AC=UNIMOD:35	NT=Acetyl;MT=Variable;PP=Protein N-term;AC=UNIMOD:1	NT=Trypsin;AC=MS:1001251	38% NCE	NT=HCD;AC=PRIDE:0000590	https://ftp.pride.ebi.ac.uk/pride/data/archive/2024/04/PXD051747/CC_Res_83-M728-D06-O424-P9121-1.raw	0.2 Da	50 ppm	1	CC_Res_83-M728-D06-O424-P9121-1.raw	Huh-7
PXD051747-Sample-1	Homo sapiens	not available	Adult hepatocellular carcinoma	Huh-7	CVCL_0336	cell line	not available	not available	not available	not available	Male	1	cell line	run139	proteomic profiling by mass spectrometry	NT=Q Exactive;AC=MS:1001911	NT=label free sample;AC=MS:1002038	31	Data-Dependent Acquisition	NT=Carbamidomethyl;MT=Fixed;TA=C;AC=UNIMOD:4	NT=Oxidation;MT=Variable;TA=M;AC=UNIMOD:35	NT=Acetyl;MT=Variable;PP=Protein N-term;AC=UNIMOD:1	NT=Trypsin;AC=MS:1001251	38% NCE	NT=HCD;AC=PRIDE:0000590	https://ftp.pride.ebi.ac.uk/pride/data/archive/2024/04/PXD051747/CC_Res_83-M728-D07-O424-P9121-1.raw	0.2 Da	50 ppm	1	CC_Res_83-M728-D07-O424-P9121-1.raw	Huh-7
PXD051747-Sample-1	Homo sapiens	not available	Adult hepatocellular carcinoma	Huh-7	CVCL_0336	cell line	not available	not available	not available	not available	Male	1	cell line	run140	proteomic profiling by mass spectrometry	NT=Q Exactive;AC=MS:1001911	NT=label free sample;AC=MS:1002038	32	Data-Dependent Acquisition	NT=Carbamidomethyl;MT=Fixed;TA=C;AC=UNIMOD:4	NT=Oxidation;MT=Variable;TA=M;AC=UNIMOD:35	NT=Acetyl;MT=Variable;PP=Protein N-term;AC=UNIMOD:1	NT=Trypsin;AC=MS:1001251	38% NCE	NT=HCD;AC=PRIDE:0000590	https://ftp.pride.ebi.ac.uk/pride/data/archive/2024/04/PXD051747/CC_Res_83-M728-D08-O424-P9121-1.raw	0.2 Da	50 ppm	1	CC_Res_83-M728-D08-O424-P9121-1.raw	Huh-7
PXD051747-Sample-1	Homo sapiens	not available	Adult hepatocellular carcinoma	Huh-7	CVCL_0336	cell line	not available	not available	not available	not available	Male	1	cell line	run141	proteomic profiling by mass spectrometry	NT=Q Exactive;AC=MS:1001911	NT=label free sample;AC=MS:1002038	33	Data-Dependent Acquisition	NT=Carbamidomethyl;MT=Fixed;TA=C;AC=UNIMOD:4	NT=Oxidation;MT=Variable;TA=M;AC=UNIMOD:35	NT=Acetyl;MT=Variable;PP=Protein N-term;AC=UNIMOD:1	NT=Trypsin;AC=MS:1001251	38% NCE	NT=HCD;AC=PRIDE:0000590	https://ftp.pride.ebi.ac.uk/pride/data/archive/2024/04/PXD051747/CC_Res_83-M728-E01-O424-P9121-1.raw	0.2 Da	50 ppm	1	CC_Res_83-M728-E01-O424-P9121-1.raw	Huh-7
PXD051747-Sample-1	Homo sapiens	not available	Adult hepatocellular carcinoma	Huh-7	CVCL_0336	cell line	not available	not available	not available	not available	Male	1	cell line	run142	proteomic profiling by mass spectrometry	NT=Q Exactive;AC=MS:1001911	NT=label free sample;AC=MS:1002038	34	Data-Dependent Acquisition	NT=Carbamidomethyl;MT=Fixed;TA=C;AC=UNIMOD:4	NT=Oxidation;MT=Variable;TA=M;AC=UNIMOD:35	NT=Acetyl;MT=Variable;PP=Protein N-term;AC=UNIMOD:1	NT=Trypsin;AC=MS:1001251	38% NCE	NT=HCD;AC=PRIDE:0000590	https://ftp.pride.ebi.ac.uk/pride/data/archive/2024/04/PXD051747/CC_Res_83-M728-E02-O424-P9121-1.raw	0.2 Da	50 ppm	1	CC_Res_83-M728-E02-O424-P9121-1.raw	Huh-7
PXD051747-Sample-1	Homo sapiens	not available	Adult hepatocellular carcinoma	Huh-7	CVCL_0336	cell line	not available	not available	not available	not available	Male	1	cell line	run143	proteomic profiling by mass spectrometry	NT=Q Exactive;AC=MS:1001911	NT=label free sample;AC=MS:1002038	35	Data-Dependent Acquisition	NT=Carbamidomethyl;MT=Fixed;TA=C;AC=UNIMOD:4	NT=Oxidation;MT=Variable;TA=M;AC=UNIMOD:35	NT=Acetyl;MT=Variable;PP=Protein N-term;AC=UNIMOD:1	NT=Trypsin;AC=MS:1001251	38% NCE	NT=HCD;AC=PRIDE:0000590	https://ftp.pride.ebi.ac.uk/pride/data/archive/2024/04/PXD051747/CC_Res_83-M728-E03-O424-P9121-1.raw	0.2 Da	50 ppm	1	CC_Res_83-M728-E03-O424-P9121-1.raw	Huh-7
PXD051747-Sample-1	Homo sapiens	not available	Adult hepatocellular carcinoma	Huh-7	CVCL_0336	cell line	not available	not available	not available	not available	Male	1	cell line	run144	proteomic profiling by mass spectrometry	NT=Q Exactive;AC=MS:1001911	NT=label free sample;AC=MS:1002038	36	Data-Dependent Acquisition	NT=Carbamidomethyl;MT=Fixed;TA=C;AC=UNIMOD:4	NT=Oxidation;MT=Variable;TA=M;AC=UNIMOD:35	NT=Acetyl;MT=Variable;PP=Protein N-term;AC=UNIMOD:1	NT=Trypsin;AC=MS:1001251	38% NCE	NT=HCD;AC=PRIDE:0000590	https://ftp.pride.ebi.ac.uk/pride/data/archive/2024/04/PXD051747/CC_Res_83-M728-E04-O424-P9121-1.raw	0.2 Da	50 ppm	1	CC_Res_83-M728-E04-O424-P9121-1.raw	Huh-7
PXD051747-Sample-6	Homo sapiens	not available	Colon carcinoma	HCT 116	CVCL_0291	cell line	not available	not available	not available	not available	Male	1	cell line	run145	proteomic profiling by mass spectrometry	NT=Q Exactive;AC=MS:1001911	NT=label free sample;AC=MS:1002038	1	Data-Dependent Acquisition	NT=Carbamidomethyl;MT=Fixed;TA=C;AC=UNIMOD:4	NT=Oxidation;MT=Variable;TA=M;AC=UNIMOD:35	NT=Acetyl;MT=Variable;PP=Protein N-term;AC=UNIMOD:1	NT=Trypsin;AC=MS:1001251	38% NCE	NT=HCD;AC=PRIDE:0000590	https://ftp.pride.ebi.ac.uk/pride/data/archive/2024/04/PXD051747/CC_Res_83-M729-A01-O417-P9122-1.raw	0.2 Da	50 ppm	1	CC_Res_83-M729-A01-O417-P9122-1.raw	HCT 116
PXD051747-Sample-6	Homo sapiens	not available	Colon carcinoma	HCT 116	CVCL_0291	cell line	not available	not available	not available	not available	Male	1	cell line	run146	proteomic profiling by mass spectrometry	NT=Q Exactive;AC=MS:1001911	NT=label free sample;AC=MS:1002038	2	Data-Dependent Acquisition	NT=Carbamidomethyl;MT=Fixed;TA=C;AC=UNIMOD:4	NT=Oxidation;MT=Variable;TA=M;AC=UNIMOD:35	NT=Acetyl;MT=Variable;PP=Protein N-term;AC=UNIMOD:1	NT=Trypsin;AC=MS:1001251	38% NCE	NT=HCD;AC=PRIDE:0000590	https://ftp.pride.ebi.ac.uk/pride/data/archive/2024/04/PXD051747/CC_Res_83-M729-A02-O417-P9122-1.raw	0.2 Da	50 ppm	1	CC_Res_83-M729-A02-O417-P9122-1.raw	HCT 116
PXD051747-Sample-6	Homo sapiens	not available	Colon carcinoma	HCT 116	CVCL_0291	cell line	not available	not available	not available	not available	Male	1	cell line	run147	proteomic profiling by mass spectrometry	NT=Q Exactive;AC=MS:1001911	NT=label free sample;AC=MS:1002038	3	Data-Dependent Acquisition	NT=Carbamidomethyl;MT=Fixed;TA=C;AC=UNIMOD:4	NT=Oxidation;MT=Variable;TA=M;AC=UNIMOD:35	NT=Acetyl;MT=Variable;PP=Protein N-term;AC=UNIMOD:1	NT=Trypsin;AC=MS:1001251	38% NCE	NT=HCD;AC=PRIDE:0000590	https://ftp.pride.ebi.ac.uk/pride/data/archive/2024/04/PXD051747/CC_Res_83-M729-A03-O417-P9122-1.raw	0.2 Da	50 ppm	1	CC_Res_83-M729-A03-O417-P9122-1.raw	HCT 116
PXD051747-Sample-6	Homo sapiens	not available	Colon carcinoma	HCT 116	CVCL_0291	cell line	not available	not available	not available	not available	Male	1	cell line	run148	proteomic profiling by mass spectrometry	NT=Q Exactive;AC=MS:1001911	NT=label free sample;AC=MS:1002038	4	Data-Dependent Acquisition	NT=Carbamidomethyl;MT=Fixed;TA=C;AC=UNIMOD:4	NT=Oxidation;MT=Variable;TA=M;AC=UNIMOD:35	NT=Acetyl;MT=Variable;PP=Protein N-term;AC=UNIMOD:1	NT=Trypsin;AC=MS:1001251	38% NCE	NT=HCD;AC=PRIDE:0000590	https://ftp.pride.ebi.ac.uk/pride/data/archive/2024/04/PXD051747/CC_Res_83-M729-A04-O417-P9122-1.raw	0.2 Da	50 ppm	1	CC_Res_83-M729-A04-O417-P9122-1.raw	HCT 116
PXD051747-Sample-6	Homo sapiens	not available	Colon carcinoma	HCT 116	CVCL_0291	cell line	not available	not available	not available	not available	Male	1	cell line	run149	proteomic profiling by mass spectrometry	NT=Q Exactive;AC=MS:1001911	NT=label free sample;AC=MS:1002038	5	Data-Dependent Acquisition	NT=Carbamidomethyl;MT=Fixed;TA=C;AC=UNIMOD:4	NT=Oxidation;MT=Variable;TA=M;AC=UNIMOD:35	NT=Acetyl;MT=Variable;PP=Protein N-term;AC=UNIMOD:1	NT=Trypsin;AC=MS:1001251	38% NCE	NT=HCD;AC=PRIDE:0000590	https://ftp.pride.ebi.ac.uk/pride/data/archive/2024/04/PXD051747/CC_Res_83-M729-A05-O417-P9122-1.raw	0.2 Da	50 ppm	1	CC_Res_83-M729-A05-O417-P9122-1.raw	HCT 116
PXD051747-Sample-6	Homo sapiens	not available	Colon carcinoma	HCT 116	CVCL_0291	cell line	not available	not available	not available	not available	Male	1	cell line	run150	proteomic profiling by mass spectrometry	NT=Q Exactive;AC=MS:1001911	NT=label free sample;AC=MS:1002038	6	Data-Dependent Acquisition	NT=Carbamidomethyl;MT=Fixed;TA=C;AC=UNIMOD:4	NT=Oxidation;MT=Variable;TA=M;AC=UNIMOD:35	NT=Acetyl;MT=Variable;PP=Protein N-term;AC=UNIMOD:1	NT=Trypsin;AC=MS:1001251	38% NCE	NT=HCD;AC=PRIDE:0000590	https://ftp.pride.ebi.ac.uk/pride/data/archive/2024/04/PXD051747/CC_Res_83-M729-A06-O417-P9122-1.raw	0.2 Da	50 ppm	1	CC_Res_83-M729-A06-O417-P9122-1.raw	HCT 116
PXD051747-Sample-6	Homo sapiens	not available	Colon carcinoma	HCT 116	CVCL_0291	cell line	not available	not available	not available	not available	Male	1	cell line	run151	proteomic profiling by mass spectrometry	NT=Q Exactive;AC=MS:1001911	NT=label free sample;AC=MS:1002038	7	Data-Dependent Acquisition	NT=Carbamidomethyl;MT=Fixed;TA=C;AC=UNIMOD:4	NT=Oxidation;MT=Variable;TA=M;AC=UNIMOD:35	NT=Acetyl;MT=Variable;PP=Protein N-term;AC=UNIMOD:1	NT=Trypsin;AC=MS:1001251	38% NCE	NT=HCD;AC=PRIDE:0000590	https://ftp.pride.ebi.ac.uk/pride/data/archive/2024/04/PXD051747/CC_Res_83-M729-A07-O417-P9122-1.raw	0.2 Da	50 ppm	1	CC_Res_83-M729-A07-O417-P9122-1.raw	HCT 116
PXD051747-Sample-6	Homo sapiens	not available	Colon carcinoma	HCT 116	CVCL_0291	cell line	not available	not available	not available	not available	Male	1	cell line	run152	proteomic profiling by mass spectrometry	NT=Q Exactive;AC=MS:1001911	NT=label free sample;AC=MS:1002038	8	Data-Dependent Acquisition	NT=Carbamidomethyl;MT=Fixed;TA=C;AC=UNIMOD:4	NT=Oxidation;MT=Variable;TA=M;AC=UNIMOD:35	NT=Acetyl;MT=Variable;PP=Protein N-term;AC=UNIMOD:1	NT=Trypsin;AC=MS:1001251	38% NCE	NT=HCD;AC=PRIDE:0000590	https://ftp.pride.ebi.ac.uk/pride/data/archive/2024/04/PXD051747/CC_Res_83-M729-A08-O417-P9122-1.raw	0.2 Da	50 ppm	1	CC_Res_83-M729-A08-O417-P9122-1.raw	HCT 116
PXD051747-Sample-6	Homo sapiens	not available	Colon carcinoma	HCT 116	CVCL_0291	cell line	not available	not available	not available	not available	Male	1	cell line	run153	proteomic profiling by mass spectrometry	NT=Q Exactive;AC=MS:1001911	NT=label free sample;AC=MS:1002038	9	Data-Dependent Acquisition	NT=Carbamidomethyl;MT=Fixed;TA=C;AC=UNIMOD:4	NT=Oxidation;MT=Variable;TA=M;AC=UNIMOD:35	NT=Acetyl;MT=Variable;PP=Protein N-term;AC=UNIMOD:1	NT=Trypsin;AC=MS:1001251	38% NCE	NT=HCD;AC=PRIDE:0000590	https://ftp.pride.ebi.ac.uk/pride/data/archive/2024/04/PXD051747/CC_Res_83-M729-B01-O417-P9122-1.raw	0.2 Da	50 ppm	1	CC_Res_83-M729-B01-O417-P9122-1.raw	HCT 116
PXD051747-Sample-6	Homo sapiens	not available	Colon carcinoma	HCT 116	CVCL_0291	cell line	not available	not available	not available	not available	Male	1	cell line	run154	proteomic profiling by mass spectrometry	NT=Q Exactive;AC=MS:1001911	NT=label free sample;AC=MS:1002038	10	Data-Dependent Acquisition	NT=Carbamidomethyl;MT=Fixed;TA=C;AC=UNIMOD:4	NT=Oxidation;MT=Variable;TA=M;AC=UNIMOD:35	NT=Acetyl;MT=Variable;PP=Protein N-term;AC=UNIMOD:1	NT=Trypsin;AC=MS:1001251	38% NCE	NT=HCD;AC=PRIDE:0000590	https://ftp.pride.ebi.ac.uk/pride/data/archive/2024/04/PXD051747/CC_Res_83-M729-B02-O417-P9122-1.raw	0.2 Da	50 ppm	1	CC_Res_83-M729-B02-O417-P9122-1.raw	HCT 116
PXD051747-Sample-6	Homo sapiens	not available	Colon carcinoma	HCT 116	CVCL_0291	cell line	not available	not available	not available	not available	Male	1	cell line	run155	proteomic profiling by mass spectrometry	NT=Q Exactive;AC=MS:1001911	NT=label free sample;AC=MS:1002038	11	Data-Dependent Acquisition	NT=Carbamidomethyl;MT=Fixed;TA=C;AC=UNIMOD:4	NT=Oxidation;MT=Variable;TA=M;AC=UNIMOD:35	NT=Acetyl;MT=Variable;PP=Protein N-term;AC=UNIMOD:1	NT=Trypsin;AC=MS:1001251	38% NCE	NT=HCD;AC=PRIDE:0000590	https://ftp.pride.ebi.ac.uk/pride/data/archive/2024/04/PXD051747/CC_Res_83-M729-B03-O417-P9122-1.raw	0.2 Da	50 ppm	1	CC_Res_83-M729-B03-O417-P9122-1.raw	HCT 116
PXD051747-Sample-6	Homo sapiens	not available	Colon carcinoma	HCT 116	CVCL_0291	cell line	not available	not available	not available	not available	Male	1	cell line	run156	proteomic profiling by mass spectrometry	NT=Q Exactive;AC=MS:1001911	NT=label free sample;AC=MS:1002038	12	Data-Dependent Acquisition	NT=Carbamidomethyl;MT=Fixed;TA=C;AC=UNIMOD:4	NT=Oxidation;MT=Variable;TA=M;AC=UNIMOD:35	NT=Acetyl;MT=Variable;PP=Protein N-term;AC=UNIMOD:1	NT=Trypsin;AC=MS:1001251	38% NCE	NT=HCD;AC=PRIDE:0000590	https://ftp.pride.ebi.ac.uk/pride/data/archive/2024/04/PXD051747/CC_Res_83-M729-B04-O417-P9122-1.raw	0.2 Da	50 ppm	1	CC_Res_83-M729-B04-O417-P9122-1.raw	HCT 116
PXD051747-Sample-6	Homo sapiens	not available	Colon carcinoma	HCT 116	CVCL_0291	cell line	not available	not available	not available	not available	Male	1	cell line	run157	proteomic profiling by mass spectrometry	NT=Q Exactive;AC=MS:1001911	NT=label free sample;AC=MS:1002038	13	Data-Dependent Acquisition	NT=Carbamidomethyl;MT=Fixed;TA=C;AC=UNIMOD:4	NT=Oxidation;MT=Variable;TA=M;AC=UNIMOD:35	NT=Acetyl;MT=Variable;PP=Protein N-term;AC=UNIMOD:1	NT=Trypsin;AC=MS:1001251	38% NCE	NT=HCD;AC=PRIDE:0000590	https://ftp.pride.ebi.ac.uk/pride/data/archive/2024/04/PXD051747/CC_Res_83-M729-B05-O417-P9122-1.raw	0.2 Da	50 ppm	1	CC_Res_83-M729-B05-O417-P9122-1.raw	HCT 116
PXD051747-Sample-6	Homo sapiens	not available	Colon carcinoma	HCT 116	CVCL_0291	cell line	not available	not available	not available	not available	Male	1	cell line	run158	proteomic profiling by mass spectrometry	NT=Q Exactive;AC=MS:1001911	NT=label free sample;AC=MS:1002038	14	Data-Dependent Acquisition	NT=Carbamidomethyl;MT=Fixed;TA=C;AC=UNIMOD:4	NT=Oxidation;MT=Variable;TA=M;AC=UNIMOD:35	NT=Acetyl;MT=Variable;PP=Protein N-term;AC=UNIMOD:1	NT=Trypsin;AC=MS:1001251	38% NCE	NT=HCD;AC=PRIDE:0000590	https://ftp.pride.ebi.ac.uk/pride/data/archive/2024/04/PXD051747/CC_Res_83-M729-B06-O417-P9122-1.raw	0.2 Da	50 ppm	1	CC_Res_83-M729-B06-O417-P9122-1.raw	HCT 116
PXD051747-Sample-6	Homo sapiens	not available	Colon carcinoma	HCT 116	CVCL_0291	cell line	not available	not available	not available	not available	Male	1	cell line	run159	proteomic profiling by mass spectrometry	NT=Q Exactive;AC=MS:1001911	NT=label free sample;AC=MS:1002038	15	Data-Dependent Acquisition	NT=Carbamidomethyl;MT=Fixed;TA=C;AC=UNIMOD:4	NT=Oxidation;MT=Variable;TA=M;AC=UNIMOD:35	NT=Acetyl;MT=Variable;PP=Protein N-term;AC=UNIMOD:1	NT=Trypsin;AC=MS:1001251	38% NCE	NT=HCD;AC=PRIDE:0000590	https://ftp.pride.ebi.ac.uk/pride/data/archive/2024/04/PXD051747/CC_Res_83-M729-B07-O417-P9122-1.raw	0.2 Da	50 ppm	1	CC_Res_83-M729-B07-O417-P9122-1.raw	HCT 116
PXD051747-Sample-6	Homo sapiens	not available	Colon carcinoma	HCT 116	CVCL_0291	cell line	not available	not available	not available	not available	Male	1	cell line	run160	proteomic profiling by mass spectrometry	NT=Q Exactive;AC=MS:1001911	NT=label free sample;AC=MS:1002038	16	Data-Dependent Acquisition	NT=Carbamidomethyl;MT=Fixed;TA=C;AC=UNIMOD:4	NT=Oxidation;MT=Variable;TA=M;AC=UNIMOD:35	NT=Acetyl;MT=Variable;PP=Protein N-term;AC=UNIMOD:1	NT=Trypsin;AC=MS:1001251	38% NCE	NT=HCD;AC=PRIDE:0000590	https://ftp.pride.ebi.ac.uk/pride/data/archive/2024/04/PXD051747/CC_Res_83-M729-B08-O417-P9122-1.raw	0.2 Da	50 ppm	1	CC_Res_83-M729-B08-O417-P9122-1.raw	HCT 116
PXD051747-Sample-6	Homo sapiens	not available	Colon carcinoma	HCT 116	CVCL_0291	cell line	not available	not available	not available	not available	Male	1	cell line	run161	proteomic profiling by mass spectrometry	NT=Q Exactive;AC=MS:1001911	NT=label free sample;AC=MS:1002038	17	Data-Dependent Acquisition	NT=Carbamidomethyl;MT=Fixed;TA=C;AC=UNIMOD:4	NT=Oxidation;MT=Variable;TA=M;AC=UNIMOD:35	NT=Acetyl;MT=Variable;PP=Protein N-term;AC=UNIMOD:1	NT=Trypsin;AC=MS:1001251	38% NCE	NT=HCD;AC=PRIDE:0000590	https://ftp.pride.ebi.ac.uk/pride/data/archive/2024/04/PXD051747/CC_Res_83-M729-C01-O417-P9122-1.raw	0.2 Da	50 ppm	1	CC_Res_83-M729-C01-O417-P9122-1.raw	HCT 116
PXD051747-Sample-6	Homo sapiens	not available	Colon carcinoma	HCT 116	CVCL_0291	cell line	not available	not available	not available	not available	Male	1	cell line	run162	proteomic profiling by mass spectrometry	NT=Q Exactive;AC=MS:1001911	NT=label free sample;AC=MS:1002038	18	Data-Dependent Acquisition	NT=Carbamidomethyl;MT=Fixed;TA=C;AC=UNIMOD:4	NT=Oxidation;MT=Variable;TA=M;AC=UNIMOD:35	NT=Acetyl;MT=Variable;PP=Protein N-term;AC=UNIMOD:1	NT=Trypsin;AC=MS:1001251	38% NCE	NT=HCD;AC=PRIDE:0000590	https://ftp.pride.ebi.ac.uk/pride/data/archive/2024/04/PXD051747/CC_Res_83-M729-C02-O417-P9122-1.raw	0.2 Da	50 ppm	1	CC_Res_83-M729-C02-O417-P9122-1.raw	HCT 116
PXD051747-Sample-6	Homo sapiens	not available	Colon carcinoma	HCT 116	CVCL_0291	cell line	not available	not available	not available	not available	Male	1	cell line	run163	proteomic profiling by mass spectrometry	NT=Q Exactive;AC=MS:1001911	NT=label free sample;AC=MS:1002038	19	Data-Dependent Acquisition	NT=Carbamidomethyl;MT=Fixed;TA=C;AC=UNIMOD:4	NT=Oxidation;MT=Variable;TA=M;AC=UNIMOD:35	NT=Acetyl;MT=Variable;PP=Protein N-term;AC=UNIMOD:1	NT=Trypsin;AC=MS:1001251	38% NCE	NT=HCD;AC=PRIDE:0000590	https://ftp.pride.ebi.ac.uk/pride/data/archive/2024/04/PXD051747/CC_Res_83-M729-C03-O417-P9122-1.raw	0.2 Da	50 ppm	1	CC_Res_83-M729-C03-O417-P9122-1.raw	HCT 116
PXD051747-Sample-6	Homo sapiens	not available	Colon carcinoma	HCT 116	CVCL_0291	cell line	not available	not available	not available	not available	Male	1	cell line	run164	proteomic profiling by mass spectrometry	NT=Q Exactive;AC=MS:1001911	NT=label free sample;AC=MS:1002038	20	Data-Dependent Acquisition	NT=Carbamidomethyl;MT=Fixed;TA=C;AC=UNIMOD:4	NT=Oxidation;MT=Variable;TA=M;AC=UNIMOD:35	NT=Acetyl;MT=Variable;PP=Protein N-term;AC=UNIMOD:1	NT=Trypsin;AC=MS:1001251	38% NCE	NT=HCD;AC=PRIDE:0000590	https://ftp.pride.ebi.ac.uk/pride/data/archive/2024/04/PXD051747/CC_Res_83-M729-C04-O417-P9122-1.raw	0.2 Da	50 ppm	1	CC_Res_83-M729-C04-O417-P9122-1.raw	HCT 116
PXD051747-Sample-6	Homo sapiens	not available	Colon carcinoma	HCT 116	CVCL_0291	cell line	not available	not available	not available	not available	Male	1	cell line	run165	proteomic profiling by mass spectrometry	NT=Q Exactive;AC=MS:1001911	NT=label free sample;AC=MS:1002038	21	Data-Dependent Acquisition	NT=Carbamidomethyl;MT=Fixed;TA=C;AC=UNIMOD:4	NT=Oxidation;MT=Variable;TA=M;AC=UNIMOD:35	NT=Acetyl;MT=Variable;PP=Protein N-term;AC=UNIMOD:1	NT=Trypsin;AC=MS:1001251	38% NCE	NT=HCD;AC=PRIDE:0000590	https://ftp.pride.ebi.ac.uk/pride/data/archive/2024/04/PXD051747/CC_Res_83-M729-C05-O417-P9122-1.raw	0.2 Da	50 ppm	1	CC_Res_83-M729-C05-O417-P9122-1.raw	HCT 116
PXD051747-Sample-6	Homo sapiens	not available	Colon carcinoma	HCT 116	CVCL_0291	cell line	not available	not available	not available	not available	Male	1	cell line	run166	proteomic profiling by mass spectrometry	NT=Q Exactive;AC=MS:1001911	NT=label free sample;AC=MS:1002038	22	Data-Dependent Acquisition	NT=Carbamidomethyl;MT=Fixed;TA=C;AC=UNIMOD:4	NT=Oxidation;MT=Variable;TA=M;AC=UNIMOD:35	NT=Acetyl;MT=Variable;PP=Protein N-term;AC=UNIMOD:1	NT=Trypsin;AC=MS:1001251	38% NCE	NT=HCD;AC=PRIDE:0000590	https://ftp.pride.ebi.ac.uk/pride/data/archive/2024/04/PXD051747/CC_Res_83-M729-C06-O417-P9122-1.raw	0.2 Da	50 ppm	1	CC_Res_83-M729-C06-O417-P9122-1.raw	HCT 116
PXD051747-Sample-6	Homo sapiens	not available	Colon carcinoma	HCT 116	CVCL_0291	cell line	not available	not available	not available	not available	Male	1	cell line	run167	proteomic profiling by mass spectrometry	NT=Q Exactive;AC=MS:1001911	NT=label free sample;AC=MS:1002038	23	Data-Dependent Acquisition	NT=Carbamidomethyl;MT=Fixed;TA=C;AC=UNIMOD:4	NT=Oxidation;MT=Variable;TA=M;AC=UNIMOD:35	NT=Acetyl;MT=Variable;PP=Protein N-term;AC=UNIMOD:1	NT=Trypsin;AC=MS:1001251	38% NCE	NT=HCD;AC=PRIDE:0000590	https://ftp.pride.ebi.ac.uk/pride/data/archive/2024/04/PXD051747/CC_Res_83-M729-C07-O417-P9122-1.raw	0.2 Da	50 ppm	1	CC_Res_83-M729-C07-O417-P9122-1.raw	HCT 116
PXD051747-Sample-6	Homo sapiens	not available	Colon carcinoma	HCT 116	CVCL_0291	cell line	not available	not available	not available	not available	Male	1	cell line	run168	proteomic profiling by mass spectrometry	NT=Q Exactive;AC=MS:1001911	NT=label free sample;AC=MS:1002038	24	Data-Dependent Acquisition	NT=Carbamidomethyl;MT=Fixed;TA=C;AC=UNIMOD:4	NT=Oxidation;MT=Variable;TA=M;AC=UNIMOD:35	NT=Acetyl;MT=Variable;PP=Protein N-term;AC=UNIMOD:1	NT=Trypsin;AC=MS:1001251	38% NCE	NT=HCD;AC=PRIDE:0000590	https://ftp.pride.ebi.ac.uk/pride/data/archive/2024/04/PXD051747/CC_Res_83-M729-C08-O417-P9122-1.raw	0.2 Da	50 ppm	1	CC_Res_83-M729-C08-O417-P9122-1.raw	HCT 116
PXD051747-Sample-6	Homo sapiens	not available	Colon carcinoma	HCT 116	CVCL_0291	cell line	not available	not available	not available	not available	Male	1	cell line	run169	proteomic profiling by mass spectrometry	NT=Q Exactive;AC=MS:1001911	NT=label free sample;AC=MS:1002038	25	Data-Dependent Acquisition	NT=Carbamidomethyl;MT=Fixed;TA=C;AC=UNIMOD:4	NT=Oxidation;MT=Variable;TA=M;AC=UNIMOD:35	NT=Acetyl;MT=Variable;PP=Protein N-term;AC=UNIMOD:1	NT=Trypsin;AC=MS:1001251	38% NCE	NT=HCD;AC=PRIDE:0000590	https://ftp.pride.ebi.ac.uk/pride/data/archive/2024/04/PXD051747/CC_Res_83-M729-D01-O417-P9122-1.raw	0.2 Da	50 ppm	1	CC_Res_83-M729-D01-O417-P9122-1.raw	HCT 116
PXD051747-Sample-6	Homo sapiens	not available	Colon carcinoma	HCT 116	CVCL_0291	cell line	not available	not available	not available	not available	Male	1	cell line	run170	proteomic profiling by mass spectrometry	NT=Q Exactive;AC=MS:1001911	NT=label free sample;AC=MS:1002038	26	Data-Dependent Acquisition	NT=Carbamidomethyl;MT=Fixed;TA=C;AC=UNIMOD:4	NT=Oxidation;MT=Variable;TA=M;AC=UNIMOD:35	NT=Acetyl;MT=Variable;PP=Protein N-term;AC=UNIMOD:1	NT=Trypsin;AC=MS:1001251	38% NCE	NT=HCD;AC=PRIDE:0000590	https://ftp.pride.ebi.ac.uk/pride/data/archive/2024/04/PXD051747/CC_Res_83-M729-D02-O417-P9122-1.raw	0.2 Da	50 ppm	1	CC_Res_83-M729-D02-O417-P9122-1.raw	HCT 116
PXD051747-Sample-6	Homo sapiens	not available	Colon carcinoma	HCT 116	CVCL_0291	cell line	not available	not available	not available	not available	Male	1	cell line	run171	proteomic profiling by mass spectrometry	NT=Q Exactive;AC=MS:1001911	NT=label free sample;AC=MS:1002038	27	Data-Dependent Acquisition	NT=Carbamidomethyl;MT=Fixed;TA=C;AC=UNIMOD:4	NT=Oxidation;MT=Variable;TA=M;AC=UNIMOD:35	NT=Acetyl;MT=Variable;PP=Protein N-term;AC=UNIMOD:1	NT=Trypsin;AC=MS:1001251	38% NCE	NT=HCD;AC=PRIDE:0000590	https://ftp.pride.ebi.ac.uk/pride/data/archive/2024/04/PXD051747/CC_Res_83-M729-D03-O417-P9122-1.raw	0.2 Da	50 ppm	1	CC_Res_83-M729-D03-O417-P9122-1.raw	HCT 116
PXD051747-Sample-6	Homo sapiens	not available	Colon carcinoma	HCT 116	CVCL_0291	cell line	not available	not available	not available	not available	Male	1	cell line	run172	proteomic profiling by mass spectrometry	NT=Q Exactive;AC=MS:1001911	NT=label free sample;AC=MS:1002038	28	Data-Dependent Acquisition	NT=Carbamidomethyl;MT=Fixed;TA=C;AC=UNIMOD:4	NT=Oxidation;MT=Variable;TA=M;AC=UNIMOD:35	NT=Acetyl;MT=Variable;PP=Protein N-term;AC=UNIMOD:1	NT=Trypsin;AC=MS:1001251	38% NCE	NT=HCD;AC=PRIDE:0000590	https://ftp.pride.ebi.ac.uk/pride/data/archive/2024/04/PXD051747/CC_Res_83-M729-D04-O417-P9122-1.raw	0.2 Da	50 ppm	1	CC_Res_83-M729-D04-O417-P9122-1.raw	HCT 116
PXD051747-Sample-6	Homo sapiens	not available	Colon carcinoma	HCT 116	CVCL_0291	cell line	not available	not available	not available	not available	Male	1	cell line	run173	proteomic profiling by mass spectrometry	NT=Q Exactive;AC=MS:1001911	NT=label free sample;AC=MS:1002038	29	Data-Dependent Acquisition	NT=Carbamidomethyl;MT=Fixed;TA=C;AC=UNIMOD:4	NT=Oxidation;MT=Variable;TA=M;AC=UNIMOD:35	NT=Acetyl;MT=Variable;PP=Protein N-term;AC=UNIMOD:1	NT=Trypsin;AC=MS:1001251	38% NCE	NT=HCD;AC=PRIDE:0000590	https://ftp.pride.ebi.ac.uk/pride/data/archive/2024/04/PXD051747/CC_Res_83-M729-D05-O417-P9122-1.raw	0.2 Da	50 ppm	1	CC_Res_83-M729-D05-O417-P9122-1.raw	HCT 116
PXD051747-Sample-6	Homo sapiens	not available	Colon carcinoma	HCT 116	CVCL_0291	cell line	not available	not available	not available	not available	Male	1	cell line	run174	proteomic profiling by mass spectrometry	NT=Q Exactive;AC=MS:1001911	NT=label free sample;AC=MS:1002038	30	Data-Dependent Acquisition	NT=Carbamidomethyl;MT=Fixed;TA=C;AC=UNIMOD:4	NT=Oxidation;MT=Variable;TA=M;AC=UNIMOD:35	NT=Acetyl;MT=Variable;PP=Protein N-term;AC=UNIMOD:1	NT=Trypsin;AC=MS:1001251	38% NCE	NT=HCD;AC=PRIDE:0000590	https://ftp.pride.ebi.ac.uk/pride/data/archive/2024/04/PXD051747/CC_Res_83-M729-D06-O417-P9122-1.raw	0.2 Da	50 ppm	1	CC_Res_83-M729-D06-O417-P9122-1.raw	HCT 116
PXD051747-Sample-6	Homo sapiens	not available	Colon carcinoma	HCT 116	CVCL_0291	cell line	not available	not available	not available	not available	Male	1	cell line	run175	proteomic profiling by mass spectrometry	NT=Q Exactive;AC=MS:1001911	NT=label free sample;AC=MS:1002038	31	Data-Dependent Acquisition	NT=Carbamidomethyl;MT=Fixed;TA=C;AC=UNIMOD:4	NT=Oxidation;MT=Variable;TA=M;AC=UNIMOD:35	NT=Acetyl;MT=Variable;PP=Protein N-term;AC=UNIMOD:1	NT=Trypsin;AC=MS:1001251	38% NCE	NT=HCD;AC=PRIDE:0000590	https://ftp.pride.ebi.ac.uk/pride/data/archive/2024/04/PXD051747/CC_Res_83-M729-D07-O417-P9122-1.raw	0.2 Da	50 ppm	1	CC_Res_83-M729-D07-O417-P9122-1.raw	HCT 116
PXD051747-Sample-6	Homo sapiens	not available	Colon carcinoma	HCT 116	CVCL_0291	cell line	not available	not available	not available	not available	Male	1	cell line	run176	proteomic profiling by mass spectrometry	NT=Q Exactive;AC=MS:1001911	NT=label free sample;AC=MS:1002038	32	Data-Dependent Acquisition	NT=Carbamidomethyl;MT=Fixed;TA=C;AC=UNIMOD:4	NT=Oxidation;MT=Variable;TA=M;AC=UNIMOD:35	NT=Acetyl;MT=Variable;PP=Protein N-term;AC=UNIMOD:1	NT=Trypsin;AC=MS:1001251	38% NCE	NT=HCD;AC=PRIDE:0000590	https://ftp.pride.ebi.ac.uk/pride/data/archive/2024/04/PXD051747/CC_Res_83-M729-D08-O417-P9122-1.raw	0.2 Da	50 ppm	1	CC_Res_83-M729-D08-O417-P9122-1.raw	HCT 116
PXD051747-Sample-6	Homo sapiens	not available	Colon carcinoma	HCT 116	CVCL_0291	cell line	not available	not available	not available	not available	Male	1	cell line	run177	proteomic profiling by mass spectrometry	NT=Q Exactive;AC=MS:1001911	NT=label free sample;AC=MS:1002038	33	Data-Dependent Acquisition	NT=Carbamidomethyl;MT=Fixed;TA=C;AC=UNIMOD:4	NT=Oxidation;MT=Variable;TA=M;AC=UNIMOD:35	NT=Acetyl;MT=Variable;PP=Protein N-term;AC=UNIMOD:1	NT=Trypsin;AC=MS:1001251	38% NCE	NT=HCD;AC=PRIDE:0000590	https://ftp.pride.ebi.ac.uk/pride/data/archive/2024/04/PXD051747/CC_Res_83-M729-E01-O417-P9122-1.raw	0.2 Da	50 ppm	1	CC_Res_83-M729-E01-O417-P9122-1.raw	HCT 116
PXD051747-Sample-6	Homo sapiens	not available	Colon carcinoma	HCT 116	CVCL_0291	cell line	not available	not available	not available	not available	Male	1	cell line	run178	proteomic profiling by mass spectrometry	NT=Q Exactive;AC=MS:1001911	NT=label free sample;AC=MS:1002038	34	Data-Dependent Acquisition	NT=Carbamidomethyl;MT=Fixed;TA=C;AC=UNIMOD:4	NT=Oxidation;MT=Variable;TA=M;AC=UNIMOD:35	NT=Acetyl;MT=Variable;PP=Protein N-term;AC=UNIMOD:1	NT=Trypsin;AC=MS:1001251	38% NCE	NT=HCD;AC=PRIDE:0000590	https://ftp.pride.ebi.ac.uk/pride/data/archive/2024/04/PXD051747/CC_Res_83-M729-E02-O417-P9122-1.raw	0.2 Da	50 ppm	1	CC_Res_83-M729-E02-O417-P9122-1.raw	HCT 116
PXD051747-Sample-6	Homo sapiens	not available	Colon carcinoma	HCT 116	CVCL_0291	cell line	not available	not available	not available	not available	Male	1	cell line	run179	proteomic profiling by mass spectrometry	NT=Q Exactive;AC=MS:1001911	NT=label free sample;AC=MS:1002038	35	Data-Dependent Acquisition	NT=Carbamidomethyl;MT=Fixed;TA=C;AC=UNIMOD:4	NT=Oxidation;MT=Variable;TA=M;AC=UNIMOD:35	NT=Acetyl;MT=Variable;PP=Protein N-term;AC=UNIMOD:1	NT=Trypsin;AC=MS:1001251	38% NCE	NT=HCD;AC=PRIDE:0000590	https://ftp.pride.ebi.ac.uk/pride/data/archive/2024/04/PXD051747/CC_Res_83-M729-E03-O417-P9122-1.raw	0.2 Da	50 ppm	1	CC_Res_83-M729-E03-O417-P9122-1.raw	HCT 116
PXD051747-Sample-6	Homo sapiens	not available	Colon carcinoma	HCT 116	CVCL_0291	cell line	not available	not available	not available	not available	Male	1	cell line	run180	proteomic profiling by mass spectrometry	NT=Q Exactive;AC=MS:1001911	NT=label free sample;AC=MS:1002038	36	Data-Dependent Acquisition	NT=Carbamidomethyl;MT=Fixed;TA=C;AC=UNIMOD:4	NT=Oxidation;MT=Variable;TA=M;AC=UNIMOD:35	NT=Acetyl;MT=Variable;PP=Protein N-term;AC=UNIMOD:1	NT=Trypsin;AC=MS:1001251	38% NCE	NT=HCD;AC=PRIDE:0000590	https://ftp.pride.ebi.ac.uk/pride/data/archive/2024/04/PXD051747/CC_Res_83-M729-E04-O417-P9122-1.raw	0.2 Da	50 ppm	1	CC_Res_83-M729-E04-O417-P9122-1.raw	HCT 116
PXD051747-Sample-3	Homo sapiens	not available	Cutaneous melanoma	SK-MEL-28	CVCL_0526	cell line	not available	not available	not available	not available	Male	1	cell line	run181	proteomic profiling by mass spectrometry	NT=Q Exactive;AC=MS:1001911	NT=label free sample;AC=MS:1002038	1	Data-Dependent Acquisition	NT=Carbamidomethyl;MT=Fixed;TA=C;AC=UNIMOD:4	NT=Oxidation;MT=Variable;TA=M;AC=UNIMOD:35	NT=Acetyl;MT=Variable;PP=Protein N-term;AC=UNIMOD:1	NT=Trypsin;AC=MS:1001251	38% NCE	NT=HCD;AC=PRIDE:0000590	https://ftp.pride.ebi.ac.uk/pride/data/archive/2024/04/PXD051747/CC_Res_83-M730-A01-O418-P9123-1.raw	0.2 Da	50 ppm	1	CC_Res_83-M730-A01-O418-P9123-1.raw	SK-MEL-28
PXD051747-Sample-3	Homo sapiens	not available	Cutaneous melanoma	SK-MEL-28	CVCL_0526	cell line	not available	not available	not available	not available	Male	1	cell line	run182	proteomic profiling by mass spectrometry	NT=Q Exactive;AC=MS:1001911	NT=label free sample;AC=MS:1002038	2	Data-Dependent Acquisition	NT=Carbamidomethyl;MT=Fixed;TA=C;AC=UNIMOD:4	NT=Oxidation;MT=Variable;TA=M;AC=UNIMOD:35	NT=Acetyl;MT=Variable;PP=Protein N-term;AC=UNIMOD:1	NT=Trypsin;AC=MS:1001251	38% NCE	NT=HCD;AC=PRIDE:0000590	https://ftp.pride.ebi.ac.uk/pride/data/archive/2024/04/PXD051747/CC_Res_83-M730-A02-O418-P9123-1.raw	0.2 Da	50 ppm	1	CC_Res_83-M730-A02-O418-P9123-1.raw	SK-MEL-28
PXD051747-Sample-3	Homo sapiens	not available	Cutaneous melanoma	SK-MEL-28	CVCL_0526	cell line	not available	not available	not available	not available	Male	1	cell line	run183	proteomic profiling by mass spectrometry	NT=Q Exactive;AC=MS:1001911	NT=label free sample;AC=MS:1002038	3	Data-Dependent Acquisition	NT=Carbamidomethyl;MT=Fixed;TA=C;AC=UNIMOD:4	NT=Oxidation;MT=Variable;TA=M;AC=UNIMOD:35	NT=Acetyl;MT=Variable;PP=Protein N-term;AC=UNIMOD:1	NT=Trypsin;AC=MS:1001251	38% NCE	NT=HCD;AC=PRIDE:0000590	https://ftp.pride.ebi.ac.uk/pride/data/archive/2024/04/PXD051747/CC_Res_83-M730-A03-O418-P9123-1.raw	0.2 Da	50 ppm	1	CC_Res_83-M730-A03-O418-P9123-1.raw	SK-MEL-28
PXD051747-Sample-3	Homo sapiens	not available	Cutaneous melanoma	SK-MEL-28	CVCL_0526	cell line	not available	not available	not available	not available	Male	1	cell line	run184	proteomic profiling by mass spectrometry	NT=Q Exactive;AC=MS:1001911	NT=label free sample;AC=MS:1002038	4	Data-Dependent Acquisition	NT=Carbamidomethyl;MT=Fixed;TA=C;AC=UNIMOD:4	NT=Oxidation;MT=Variable;TA=M;AC=UNIMOD:35	NT=Acetyl;MT=Variable;PP=Protein N-term;AC=UNIMOD:1	NT=Trypsin;AC=MS:1001251	38% NCE	NT=HCD;AC=PRIDE:0000590	https://ftp.pride.ebi.ac.uk/pride/data/archive/2024/04/PXD051747/CC_Res_83-M730-A04-O418-P9123-1.raw	0.2 Da	50 ppm	1	CC_Res_83-M730-A04-O418-P9123-1.raw	SK-MEL-28
PXD051747-Sample-3	Homo sapiens	not available	Cutaneous melanoma	SK-MEL-28	CVCL_0526	cell line	not available	not available	not available	not available	Male	1	cell line	run185	proteomic profiling by mass spectrometry	NT=Q Exactive;AC=MS:1001911	NT=label free sample;AC=MS:1002038	5	Data-Dependent Acquisition	NT=Carbamidomethyl;MT=Fixed;TA=C;AC=UNIMOD:4	NT=Oxidation;MT=Variable;TA=M;AC=UNIMOD:35	NT=Acetyl;MT=Variable;PP=Protein N-term;AC=UNIMOD:1	NT=Trypsin;AC=MS:1001251	38% NCE	NT=HCD;AC=PRIDE:0000590	https://ftp.pride.ebi.ac.uk/pride/data/archive/2024/04/PXD051747/CC_Res_83-M730-A05-O418-P9123-1.raw	0.2 Da	50 ppm	1	CC_Res_83-M730-A05-O418-P9123-1.raw	SK-MEL-28
PXD051747-Sample-3	Homo sapiens	not available	Cutaneous melanoma	SK-MEL-28	CVCL_0526	cell line	not available	not available	not available	not available	Male	1	cell line	run186	proteomic profiling by mass spectrometry	NT=Q Exactive;AC=MS:1001911	NT=label free sample;AC=MS:1002038	6	Data-Dependent Acquisition	NT=Carbamidomethyl;MT=Fixed;TA=C;AC=UNIMOD:4	NT=Oxidation;MT=Variable;TA=M;AC=UNIMOD:35	NT=Acetyl;MT=Variable;PP=Protein N-term;AC=UNIMOD:1	NT=Trypsin;AC=MS:1001251	38% NCE	NT=HCD;AC=PRIDE:0000590	https://ftp.pride.ebi.ac.uk/pride/data/archive/2024/04/PXD051747/CC_Res_83-M730-A06-O418-P9123-1.raw	0.2 Da	50 ppm	1	CC_Res_83-M730-A06-O418-P9123-1.raw	SK-MEL-28
PXD051747-Sample-3	Homo sapiens	not available	Cutaneous melanoma	SK-MEL-28	CVCL_0526	cell line	not available	not available	not available	not available	Male	1	cell line	run187	proteomic profiling by mass spectrometry	NT=Q Exactive;AC=MS:1001911	NT=label free sample;AC=MS:1002038	7	Data-Dependent Acquisition	NT=Carbamidomethyl;MT=Fixed;TA=C;AC=UNIMOD:4	NT=Oxidation;MT=Variable;TA=M;AC=UNIMOD:35	NT=Acetyl;MT=Variable;PP=Protein N-term;AC=UNIMOD:1	NT=Trypsin;AC=MS:1001251	38% NCE	NT=HCD;AC=PRIDE:0000590	https://ftp.pride.ebi.ac.uk/pride/data/archive/2024/04/PXD051747/CC_Res_83-M730-A07-O418-P9123-1.raw	0.2 Da	50 ppm	1	CC_Res_83-M730-A07-O418-P9123-1.raw	SK-MEL-28
PXD051747-Sample-3	Homo sapiens	not available	Cutaneous melanoma	SK-MEL-28	CVCL_0526	cell line	not available	not available	not available	not available	Male	1	cell line	run188	proteomic profiling by mass spectrometry	NT=Q Exactive;AC=MS:1001911	NT=label free sample;AC=MS:1002038	8	Data-Dependent Acquisition	NT=Carbamidomethyl;MT=Fixed;TA=C;AC=UNIMOD:4	NT=Oxidation;MT=Variable;TA=M;AC=UNIMOD:35	NT=Acetyl;MT=Variable;PP=Protein N-term;AC=UNIMOD:1	NT=Trypsin;AC=MS:1001251	38% NCE	NT=HCD;AC=PRIDE:0000590	https://ftp.pride.ebi.ac.uk/pride/data/archive/2024/04/PXD051747/CC_Res_83-M730-A08-O418-P9123-1.raw	0.2 Da	50 ppm	1	CC_Res_83-M730-A08-O418-P9123-1.raw	SK-MEL-28
PXD051747-Sample-3	Homo sapiens	not available	Cutaneous melanoma	SK-MEL-28	CVCL_0526	cell line	not available	not available	not available	not available	Male	1	cell line	run189	proteomic profiling by mass spectrometry	NT=Q Exactive;AC=MS:1001911	NT=label free sample;AC=MS:1002038	9	Data-Dependent Acquisition	NT=Carbamidomethyl;MT=Fixed;TA=C;AC=UNIMOD:4	NT=Oxidation;MT=Variable;TA=M;AC=UNIMOD:35	NT=Acetyl;MT=Variable;PP=Protein N-term;AC=UNIMOD:1	NT=Trypsin;AC=MS:1001251	38% NCE	NT=HCD;AC=PRIDE:0000590	https://ftp.pride.ebi.ac.uk/pride/data/archive/2024/04/PXD051747/CC_Res_83-M730-B01-O418-P9123-1.raw	0.2 Da	50 ppm	1	CC_Res_83-M730-B01-O418-P9123-1.raw	SK-MEL-28
PXD051747-Sample-3	Homo sapiens	not available	Cutaneous melanoma	SK-MEL-28	CVCL_0526	cell line	not available	not available	not available	not available	Male	1	cell line	run190	proteomic profiling by mass spectrometry	NT=Q Exactive;AC=MS:1001911	NT=label free sample;AC=MS:1002038	10	Data-Dependent Acquisition	NT=Carbamidomethyl;MT=Fixed;TA=C;AC=UNIMOD:4	NT=Oxidation;MT=Variable;TA=M;AC=UNIMOD:35	NT=Acetyl;MT=Variable;PP=Protein N-term;AC=UNIMOD:1	NT=Trypsin;AC=MS:1001251	38% NCE	NT=HCD;AC=PRIDE:0000590	https://ftp.pride.ebi.ac.uk/pride/data/archive/2024/04/PXD051747/CC_Res_83-M730-B02-O418-P9123-1.raw	0.2 Da	50 ppm	1	CC_Res_83-M730-B02-O418-P9123-1.raw	SK-MEL-28
PXD051747-Sample-3	Homo sapiens	not available	Cutaneous melanoma	SK-MEL-28	CVCL_0526	cell line	not available	not available	not available	not available	Male	1	cell line	run191	proteomic profiling by mass spectrometry	NT=Q Exactive;AC=MS:1001911	NT=label free sample;AC=MS:1002038	11	Data-Dependent Acquisition	NT=Carbamidomethyl;MT=Fixed;TA=C;AC=UNIMOD:4	NT=Oxidation;MT=Variable;TA=M;AC=UNIMOD:35	NT=Acetyl;MT=Variable;PP=Protein N-term;AC=UNIMOD:1	NT=Trypsin;AC=MS:1001251	38% NCE	NT=HCD;AC=PRIDE:0000590	https://ftp.pride.ebi.ac.uk/pride/data/archive/2024/04/PXD051747/CC_Res_83-M730-B03-O418-P9123-1.raw	0.2 Da	50 ppm	1	CC_Res_83-M730-B03-O418-P9123-1.raw	SK-MEL-28
PXD051747-Sample-3	Homo sapiens	not available	Cutaneous melanoma	SK-MEL-28	CVCL_0526	cell line	not available	not available	not available	not available	Male	1	cell line	run192	proteomic profiling by mass spectrometry	NT=Q Exactive;AC=MS:1001911	NT=label free sample;AC=MS:1002038	12	Data-Dependent Acquisition	NT=Carbamidomethyl;MT=Fixed;TA=C;AC=UNIMOD:4	NT=Oxidation;MT=Variable;TA=M;AC=UNIMOD:35	NT=Acetyl;MT=Variable;PP=Protein N-term;AC=UNIMOD:1	NT=Trypsin;AC=MS:1001251	38% NCE	NT=HCD;AC=PRIDE:0000590	https://ftp.pride.ebi.ac.uk/pride/data/archive/2024/04/PXD051747/CC_Res_83-M730-B04-O418-P9123-1.raw	0.2 Da	50 ppm	1	CC_Res_83-M730-B04-O418-P9123-1.raw	SK-MEL-28
PXD051747-Sample-3	Homo sapiens	not available	Cutaneous melanoma	SK-MEL-28	CVCL_0526	cell line	not available	not available	not available	not available	Male	1	cell line	run193	proteomic profiling by mass spectrometry	NT=Q Exactive;AC=MS:1001911	NT=label free sample;AC=MS:1002038	13	Data-Dependent Acquisition	NT=Carbamidomethyl;MT=Fixed;TA=C;AC=UNIMOD:4	NT=Oxidation;MT=Variable;TA=M;AC=UNIMOD:35	NT=Acetyl;MT=Variable;PP=Protein N-term;AC=UNIMOD:1	NT=Trypsin;AC=MS:1001251	38% NCE	NT=HCD;AC=PRIDE:0000590	https://ftp.pride.ebi.ac.uk/pride/data/archive/2024/04/PXD051747/CC_Res_83-M730-B05-O418-P9123-1.raw	0.2 Da	50 ppm	1	CC_Res_83-M730-B05-O418-P9123-1.raw	SK-MEL-28
PXD051747-Sample-3	Homo sapiens	not available	Cutaneous melanoma	SK-MEL-28	CVCL_0526	cell line	not available	not available	not available	not available	Male	1	cell line	run194	proteomic profiling by mass spectrometry	NT=Q Exactive;AC=MS:1001911	NT=label free sample;AC=MS:1002038	14	Data-Dependent Acquisition	NT=Carbamidomethyl;MT=Fixed;TA=C;AC=UNIMOD:4	NT=Oxidation;MT=Variable;TA=M;AC=UNIMOD:35	NT=Acetyl;MT=Variable;PP=Protein N-term;AC=UNIMOD:1	NT=Trypsin;AC=MS:1001251	38% NCE	NT=HCD;AC=PRIDE:0000590	https://ftp.pride.ebi.ac.uk/pride/data/archive/2024/04/PXD051747/CC_Res_83-M730-B06-O418-P9123-1.raw	0.2 Da	50 ppm	1	CC_Res_83-M730-B06-O418-P9123-1.raw	SK-MEL-28
PXD051747-Sample-3	Homo sapiens	not available	Cutaneous melanoma	SK-MEL-28	CVCL_0526	cell line	not available	not available	not available	not available	Male	1	cell line	run195	proteomic profiling by mass spectrometry	NT=Q Exactive;AC=MS:1001911	NT=label free sample;AC=MS:1002038	15	Data-Dependent Acquisition	NT=Carbamidomethyl;MT=Fixed;TA=C;AC=UNIMOD:4	NT=Oxidation;MT=Variable;TA=M;AC=UNIMOD:35	NT=Acetyl;MT=Variable;PP=Protein N-term;AC=UNIMOD:1	NT=Trypsin;AC=MS:1001251	38% NCE	NT=HCD;AC=PRIDE:0000590	https://ftp.pride.ebi.ac.uk/pride/data/archive/2024/04/PXD051747/CC_Res_83-M730-B07-O418-P9123-1.raw	0.2 Da	50 ppm	1	CC_Res_83-M730-B07-O418-P9123-1.raw	SK-MEL-28
PXD051747-Sample-3	Homo sapiens	not available	Cutaneous melanoma	SK-MEL-28	CVCL_0526	cell line	not available	not available	not available	not available	Male	1	cell line	run196	proteomic profiling by mass spectrometry	NT=Q Exactive;AC=MS:1001911	NT=label free sample;AC=MS:1002038	16	Data-Dependent Acquisition	NT=Carbamidomethyl;MT=Fixed;TA=C;AC=UNIMOD:4	NT=Oxidation;MT=Variable;TA=M;AC=UNIMOD:35	NT=Acetyl;MT=Variable;PP=Protein N-term;AC=UNIMOD:1	NT=Trypsin;AC=MS:1001251	38% NCE	NT=HCD;AC=PRIDE:0000590	https://ftp.pride.ebi.ac.uk/pride/data/archive/2024/04/PXD051747/CC_Res_83-M730-B08-O418-P9123-1.raw	0.2 Da	50 ppm	1	CC_Res_83-M730-B08-O418-P9123-1.raw	SK-MEL-28
PXD051747-Sample-3	Homo sapiens	not available	Cutaneous melanoma	SK-MEL-28	CVCL_0526	cell line	not available	not available	not available	not available	Male	1	cell line	run197	proteomic profiling by mass spectrometry	NT=Q Exactive;AC=MS:1001911	NT=label free sample;AC=MS:1002038	17	Data-Dependent Acquisition	NT=Carbamidomethyl;MT=Fixed;TA=C;AC=UNIMOD:4	NT=Oxidation;MT=Variable;TA=M;AC=UNIMOD:35	NT=Acetyl;MT=Variable;PP=Protein N-term;AC=UNIMOD:1	NT=Trypsin;AC=MS:1001251	38% NCE	NT=HCD;AC=PRIDE:0000590	https://ftp.pride.ebi.ac.uk/pride/data/archive/2024/04/PXD051747/CC_Res_83-M730-C01-O418-P9123-1.raw	0.2 Da	50 ppm	1	CC_Res_83-M730-C01-O418-P9123-1.raw	SK-MEL-28
PXD051747-Sample-3	Homo sapiens	not available	Cutaneous melanoma	SK-MEL-28	CVCL_0526	cell line	not available	not available	not available	not available	Male	1	cell line	run198	proteomic profiling by mass spectrometry	NT=Q Exactive;AC=MS:1001911	NT=label free sample;AC=MS:1002038	18	Data-Dependent Acquisition	NT=Carbamidomethyl;MT=Fixed;TA=C;AC=UNIMOD:4	NT=Oxidation;MT=Variable;TA=M;AC=UNIMOD:35	NT=Acetyl;MT=Variable;PP=Protein N-term;AC=UNIMOD:1	NT=Trypsin;AC=MS:1001251	38% NCE	NT=HCD;AC=PRIDE:0000590	https://ftp.pride.ebi.ac.uk/pride/data/archive/2024/04/PXD051747/CC_Res_83-M730-C02-O418-P9123-1.raw	0.2 Da	50 ppm	1	CC_Res_83-M730-C02-O418-P9123-1.raw	SK-MEL-28
PXD051747-Sample-3	Homo sapiens	not available	Cutaneous melanoma	SK-MEL-28	CVCL_0526	cell line	not available	not available	not available	not available	Male	1	cell line	run199	proteomic profiling by mass spectrometry	NT=Q Exactive;AC=MS:1001911	NT=label free sample;AC=MS:1002038	19	Data-Dependent Acquisition	NT=Carbamidomethyl;MT=Fixed;TA=C;AC=UNIMOD:4	NT=Oxidation;MT=Variable;TA=M;AC=UNIMOD:35	NT=Acetyl;MT=Variable;PP=Protein N-term;AC=UNIMOD:1	NT=Trypsin;AC=MS:1001251	38% NCE	NT=HCD;AC=PRIDE:0000590	https://ftp.pride.ebi.ac.uk/pride/data/archive/2024/04/PXD051747/CC_Res_83-M730-C03-O418-P9123-1.raw	0.2 Da	50 ppm	1	CC_Res_83-M730-C03-O418-P9123-1.raw	SK-MEL-28
PXD051747-Sample-3	Homo sapiens	not available	Cutaneous melanoma	SK-MEL-28	CVCL_0526	cell line	not available	not available	not available	not available	Male	1	cell line	run200	proteomic profiling by mass spectrometry	NT=Q Exactive;AC=MS:1001911	NT=label free sample;AC=MS:1002038	20	Data-Dependent Acquisition	NT=Carbamidomethyl;MT=Fixed;TA=C;AC=UNIMOD:4	NT=Oxidation;MT=Variable;TA=M;AC=UNIMOD:35	NT=Acetyl;MT=Variable;PP=Protein N-term;AC=UNIMOD:1	NT=Trypsin;AC=MS:1001251	38% NCE	NT=HCD;AC=PRIDE:0000590	https://ftp.pride.ebi.ac.uk/pride/data/archive/2024/04/PXD051747/CC_Res_83-M730-C04-O418-P9123-1.raw	0.2 Da	50 ppm	1	CC_Res_83-M730-C04-O418-P9123-1.raw	SK-MEL-28
PXD051747-Sample-3	Homo sapiens	not available	Cutaneous melanoma	SK-MEL-28	CVCL_0526	cell line	not available	not available	not available	not available	Male	1	cell line	run201	proteomic profiling by mass spectrometry	NT=Q Exactive;AC=MS:1001911	NT=label free sample;AC=MS:1002038	21	Data-Dependent Acquisition	NT=Carbamidomethyl;MT=Fixed;TA=C;AC=UNIMOD:4	NT=Oxidation;MT=Variable;TA=M;AC=UNIMOD:35	NT=Acetyl;MT=Variable;PP=Protein N-term;AC=UNIMOD:1	NT=Trypsin;AC=MS:1001251	38% NCE	NT=HCD;AC=PRIDE:0000590	https://ftp.pride.ebi.ac.uk/pride/data/archive/2024/04/PXD051747/CC_Res_83-M730-C05-O418-P9123-1.raw	0.2 Da	50 ppm	1	CC_Res_83-M730-C05-O418-P9123-1.raw	SK-MEL-28
PXD051747-Sample-3	Homo sapiens	not available	Cutaneous melanoma	SK-MEL-28	CVCL_0526	cell line	not available	not available	not available	not available	Male	1	cell line	run202	proteomic profiling by mass spectrometry	NT=Q Exactive;AC=MS:1001911	NT=label free sample;AC=MS:1002038	22	Data-Dependent Acquisition	NT=Carbamidomethyl;MT=Fixed;TA=C;AC=UNIMOD:4	NT=Oxidation;MT=Variable;TA=M;AC=UNIMOD:35	NT=Acetyl;MT=Variable;PP=Protein N-term;AC=UNIMOD:1	NT=Trypsin;AC=MS:1001251	38% NCE	NT=HCD;AC=PRIDE:0000590	https://ftp.pride.ebi.ac.uk/pride/data/archive/2024/04/PXD051747/CC_Res_83-M730-C06-O418-P9123-1.raw	0.2 Da	50 ppm	1	CC_Res_83-M730-C06-O418-P9123-1.raw	SK-MEL-28
PXD051747-Sample-3	Homo sapiens	not available	Cutaneous melanoma	SK-MEL-28	CVCL_0526	cell line	not available	not available	not available	not available	Male	1	cell line	run203	proteomic profiling by mass spectrometry	NT=Q Exactive;AC=MS:1001911	NT=label free sample;AC=MS:1002038	23	Data-Dependent Acquisition	NT=Carbamidomethyl;MT=Fixed;TA=C;AC=UNIMOD:4	NT=Oxidation;MT=Variable;TA=M;AC=UNIMOD:35	NT=Acetyl;MT=Variable;PP=Protein N-term;AC=UNIMOD:1	NT=Trypsin;AC=MS:1001251	38% NCE	NT=HCD;AC=PRIDE:0000590	https://ftp.pride.ebi.ac.uk/pride/data/archive/2024/04/PXD051747/CC_Res_83-M730-C07-O418-P9123-1.raw	0.2 Da	50 ppm	1	CC_Res_83-M730-C07-O418-P9123-1.raw	SK-MEL-28
PXD051747-Sample-3	Homo sapiens	not available	Cutaneous melanoma	SK-MEL-28	CVCL_0526	cell line	not available	not available	not available	not available	Male	1	cell line	run204	proteomic profiling by mass spectrometry	NT=Q Exactive;AC=MS:1001911	NT=label free sample;AC=MS:1002038	24	Data-Dependent Acquisition	NT=Carbamidomethyl;MT=Fixed;TA=C;AC=UNIMOD:4	NT=Oxidation;MT=Variable;TA=M;AC=UNIMOD:35	NT=Acetyl;MT=Variable;PP=Protein N-term;AC=UNIMOD:1	NT=Trypsin;AC=MS:1001251	38% NCE	NT=HCD;AC=PRIDE:0000590	https://ftp.pride.ebi.ac.uk/pride/data/archive/2024/04/PXD051747/CC_Res_83-M730-C08-O418-P9123-1.raw	0.2 Da	50 ppm	1	CC_Res_83-M730-C08-O418-P9123-1.raw	SK-MEL-28
PXD051747-Sample-3	Homo sapiens	not available	Cutaneous melanoma	SK-MEL-28	CVCL_0526	cell line	not available	not available	not available	not available	Male	1	cell line	run205	proteomic profiling by mass spectrometry	NT=Q Exactive;AC=MS:1001911	NT=label free sample;AC=MS:1002038	25	Data-Dependent Acquisition	NT=Carbamidomethyl;MT=Fixed;TA=C;AC=UNIMOD:4	NT=Oxidation;MT=Variable;TA=M;AC=UNIMOD:35	NT=Acetyl;MT=Variable;PP=Protein N-term;AC=UNIMOD:1	NT=Trypsin;AC=MS:1001251	38% NCE	NT=HCD;AC=PRIDE:0000590	https://ftp.pride.ebi.ac.uk/pride/data/archive/2024/04/PXD051747/CC_Res_83-M730-D01-O418-P9123-1.raw	0.2 Da	50 ppm	1	CC_Res_83-M730-D01-O418-P9123-1.raw	SK-MEL-28
PXD051747-Sample-3	Homo sapiens	not available	Cutaneous melanoma	SK-MEL-28	CVCL_0526	cell line	not available	not available	not available	not available	Male	1	cell line	run206	proteomic profiling by mass spectrometry	NT=Q Exactive;AC=MS:1001911	NT=label free sample;AC=MS:1002038	26	Data-Dependent Acquisition	NT=Carbamidomethyl;MT=Fixed;TA=C;AC=UNIMOD:4	NT=Oxidation;MT=Variable;TA=M;AC=UNIMOD:35	NT=Acetyl;MT=Variable;PP=Protein N-term;AC=UNIMOD:1	NT=Trypsin;AC=MS:1001251	38% NCE	NT=HCD;AC=PRIDE:0000590	https://ftp.pride.ebi.ac.uk/pride/data/archive/2024/04/PXD051747/CC_Res_83-M730-D02-O418-P9123-1.raw	0.2 Da	50 ppm	1	CC_Res_83-M730-D02-O418-P9123-1.raw	SK-MEL-28
PXD051747-Sample-3	Homo sapiens	not available	Cutaneous melanoma	SK-MEL-28	CVCL_0526	cell line	not available	not available	not available	not available	Male	1	cell line	run207	proteomic profiling by mass spectrometry	NT=Q Exactive;AC=MS:1001911	NT=label free sample;AC=MS:1002038	27	Data-Dependent Acquisition	NT=Carbamidomethyl;MT=Fixed;TA=C;AC=UNIMOD:4	NT=Oxidation;MT=Variable;TA=M;AC=UNIMOD:35	NT=Acetyl;MT=Variable;PP=Protein N-term;AC=UNIMOD:1	NT=Trypsin;AC=MS:1001251	38% NCE	NT=HCD;AC=PRIDE:0000590	https://ftp.pride.ebi.ac.uk/pride/data/archive/2024/04/PXD051747/CC_Res_83-M730-D03-O418-P9123-1.raw	0.2 Da	50 ppm	1	CC_Res_83-M730-D03-O418-P9123-1.raw	SK-MEL-28
PXD051747-Sample-3	Homo sapiens	not available	Cutaneous melanoma	SK-MEL-28	CVCL_0526	cell line	not available	not available	not available	not available	Male	1	cell line	run208	proteomic profiling by mass spectrometry	NT=Q Exactive;AC=MS:1001911	NT=label free sample;AC=MS:1002038	28	Data-Dependent Acquisition	NT=Carbamidomethyl;MT=Fixed;TA=C;AC=UNIMOD:4	NT=Oxidation;MT=Variable;TA=M;AC=UNIMOD:35	NT=Acetyl;MT=Variable;PP=Protein N-term;AC=UNIMOD:1	NT=Trypsin;AC=MS:1001251	38% NCE	NT=HCD;AC=PRIDE:0000590	https://ftp.pride.ebi.ac.uk/pride/data/archive/2024/04/PXD051747/CC_Res_83-M730-D04-O418-P9123-1.raw	0.2 Da	50 ppm	1	CC_Res_83-M730-D04-O418-P9123-1.raw	SK-MEL-28
PXD051747-Sample-3	Homo sapiens	not available	Cutaneous melanoma	SK-MEL-28	CVCL_0526	cell line	not available	not available	not available	not available	Male	1	cell line	run209	proteomic profiling by mass spectrometry	NT=Q Exactive;AC=MS:1001911	NT=label free sample;AC=MS:1002038	29	Data-Dependent Acquisition	NT=Carbamidomethyl;MT=Fixed;TA=C;AC=UNIMOD:4	NT=Oxidation;MT=Variable;TA=M;AC=UNIMOD:35	NT=Acetyl;MT=Variable;PP=Protein N-term;AC=UNIMOD:1	NT=Trypsin;AC=MS:1001251	38% NCE	NT=HCD;AC=PRIDE:0000590	https://ftp.pride.ebi.ac.uk/pride/data/archive/2024/04/PXD051747/CC_Res_83-M730-D05-O418-P9123-1.raw	0.2 Da	50 ppm	1	CC_Res_83-M730-D05-O418-P9123-1.raw	SK-MEL-28
PXD051747-Sample-3	Homo sapiens	not available	Cutaneous melanoma	SK-MEL-28	CVCL_0526	cell line	not available	not available	not available	not available	Male	1	cell line	run210	proteomic profiling by mass spectrometry	NT=Q Exactive;AC=MS:1001911	NT=label free sample;AC=MS:1002038	30	Data-Dependent Acquisition	NT=Carbamidomethyl;MT=Fixed;TA=C;AC=UNIMOD:4	NT=Oxidation;MT=Variable;TA=M;AC=UNIMOD:35	NT=Acetyl;MT=Variable;PP=Protein N-term;AC=UNIMOD:1	NT=Trypsin;AC=MS:1001251	38% NCE	NT=HCD;AC=PRIDE:0000590	https://ftp.pride.ebi.ac.uk/pride/data/archive/2024/04/PXD051747/CC_Res_83-M730-D06-O418-P9123-1.raw	0.2 Da	50 ppm	1	CC_Res_83-M730-D06-O418-P9123-1.raw	SK-MEL-28
PXD051747-Sample-3	Homo sapiens	not available	Cutaneous melanoma	SK-MEL-28	CVCL_0526	cell line	not available	not available	not available	not available	Male	1	cell line	run211	proteomic profiling by mass spectrometry	NT=Q Exactive;AC=MS:1001911	NT=label free sample;AC=MS:1002038	31	Data-Dependent Acquisition	NT=Carbamidomethyl;MT=Fixed;TA=C;AC=UNIMOD:4	NT=Oxidation;MT=Variable;TA=M;AC=UNIMOD:35	NT=Acetyl;MT=Variable;PP=Protein N-term;AC=UNIMOD:1	NT=Trypsin;AC=MS:1001251	38% NCE	NT=HCD;AC=PRIDE:0000590	https://ftp.pride.ebi.ac.uk/pride/data/archive/2024/04/PXD051747/CC_Res_83-M730-D07-O418-P9123-1.raw	0.2 Da	50 ppm	1	CC_Res_83-M730-D07-O418-P9123-1.raw	SK-MEL-28
PXD051747-Sample-3	Homo sapiens	not available	Cutaneous melanoma	SK-MEL-28	CVCL_0526	cell line	not available	not available	not available	not available	Male	1	cell line	run212	proteomic profiling by mass spectrometry	NT=Q Exactive;AC=MS:1001911	NT=label free sample;AC=MS:1002038	32	Data-Dependent Acquisition	NT=Carbamidomethyl;MT=Fixed;TA=C;AC=UNIMOD:4	NT=Oxidation;MT=Variable;TA=M;AC=UNIMOD:35	NT=Acetyl;MT=Variable;PP=Protein N-term;AC=UNIMOD:1	NT=Trypsin;AC=MS:1001251	38% NCE	NT=HCD;AC=PRIDE:0000590	https://ftp.pride.ebi.ac.uk/pride/data/archive/2024/04/PXD051747/CC_Res_83-M730-D08-O418-P9123-1.raw	0.2 Da	50 ppm	1	CC_Res_83-M730-D08-O418-P9123-1.raw	SK-MEL-28
PXD051747-Sample-3	Homo sapiens	not available	Cutaneous melanoma	SK-MEL-28	CVCL_0526	cell line	not available	not available	not available	not available	Male	1	cell line	run213	proteomic profiling by mass spectrometry	NT=Q Exactive;AC=MS:1001911	NT=label free sample;AC=MS:1002038	33	Data-Dependent Acquisition	NT=Carbamidomethyl;MT=Fixed;TA=C;AC=UNIMOD:4	NT=Oxidation;MT=Variable;TA=M;AC=UNIMOD:35	NT=Acetyl;MT=Variable;PP=Protein N-term;AC=UNIMOD:1	NT=Trypsin;AC=MS:1001251	38% NCE	NT=HCD;AC=PRIDE:0000590	https://ftp.pride.ebi.ac.uk/pride/data/archive/2024/04/PXD051747/CC_Res_83-M730-E01-O418-P9123-1.raw	0.2 Da	50 ppm	1	CC_Res_83-M730-E01-O418-P9123-1.raw	SK-MEL-28
PXD051747-Sample-3	Homo sapiens	not available	Cutaneous melanoma	SK-MEL-28	CVCL_0526	cell line	not available	not available	not available	not available	Male	1	cell line	run214	proteomic profiling by mass spectrometry	NT=Q Exactive;AC=MS:1001911	NT=label free sample;AC=MS:1002038	34	Data-Dependent Acquisition	NT=Carbamidomethyl;MT=Fixed;TA=C;AC=UNIMOD:4	NT=Oxidation;MT=Variable;TA=M;AC=UNIMOD:35	NT=Acetyl;MT=Variable;PP=Protein N-term;AC=UNIMOD:1	NT=Trypsin;AC=MS:1001251	38% NCE	NT=HCD;AC=PRIDE:0000590	https://ftp.pride.ebi.ac.uk/pride/data/archive/2024/04/PXD051747/CC_Res_83-M730-E02-O418-P9123-1.raw	0.2 Da	50 ppm	1	CC_Res_83-M730-E02-O418-P9123-1.raw	SK-MEL-28
PXD051747-Sample-3	Homo sapiens	not available	Cutaneous melanoma	SK-MEL-28	CVCL_0526	cell line	not available	not available	not available	not available	Male	1	cell line	run215	proteomic profiling by mass spectrometry	NT=Q Exactive;AC=MS:1001911	NT=label free sample;AC=MS:1002038	35	Data-Dependent Acquisition	NT=Carbamidomethyl;MT=Fixed;TA=C;AC=UNIMOD:4	NT=Oxidation;MT=Variable;TA=M;AC=UNIMOD:35	NT=Acetyl;MT=Variable;PP=Protein N-term;AC=UNIMOD:1	NT=Trypsin;AC=MS:1001251	38% NCE	NT=HCD;AC=PRIDE:0000590	https://ftp.pride.ebi.ac.uk/pride/data/archive/2024/04/PXD051747/CC_Res_83-M730-E03-O418-P9123-1.raw	0.2 Da	50 ppm	1	CC_Res_83-M730-E03-O418-P9123-1.raw	SK-MEL-28
PXD051747-Sample-3	Homo sapiens	not available	Cutaneous melanoma	SK-MEL-28	CVCL_0526	cell line	not available	not available	not available	not available	Male	1	cell line	run216	proteomic profiling by mass spectrometry	NT=Q Exactive;AC=MS:1001911	NT=label free sample;AC=MS:1002038	36	Data-Dependent Acquisition	NT=Carbamidomethyl;MT=Fixed;TA=C;AC=UNIMOD:4	NT=Oxidation;MT=Variable;TA=M;AC=UNIMOD:35	NT=Acetyl;MT=Variable;PP=Protein N-term;AC=UNIMOD:1	NT=Trypsin;AC=MS:1001251	38% NCE	NT=HCD;AC=PRIDE:0000590	https://ftp.pride.ebi.ac.uk/pride/data/archive/2024/04/PXD051747/CC_Res_83-M730-E04-O418-P9123-1.raw	0.2 Da	50 ppm	1	CC_Res_83-M730-E04-O418-P9123-1.raw	SK-MEL-28
PXD051747-Sample-7	Homo sapiens	not available	normal	HEK293	CVCL_0045	cell line	not available	not available	not available	not available	Female	1	cell line	run217	proteomic profiling by mass spectrometry	NT=Q Exactive;AC=MS:1001911	NT=label free sample;AC=MS:1002038	1	Data-Dependent Acquisition	NT=Carbamidomethyl;MT=Fixed;TA=C;AC=UNIMOD:4	NT=Oxidation;MT=Variable;TA=M;AC=UNIMOD:35	NT=Acetyl;MT=Variable;PP=Protein N-term;AC=UNIMOD:1	NT=Trypsin;AC=MS:1001251	38% NCE	NT=HCD;AC=PRIDE:0000590	https://ftp.pride.ebi.ac.uk/pride/data/archive/2024/04/PXD051747/CC_Res_83-M731-A01-O411-P9124-1.raw	0.2 Da	50 ppm	1	CC_Res_83-M731-A01-O411-P9124-1.raw	HEK293
PXD051747-Sample-7	Homo sapiens	not available	normal	HEK293	CVCL_0045	cell line	not available	not available	not available	not available	Female	1	cell line	run218	proteomic profiling by mass spectrometry	NT=Q Exactive;AC=MS:1001911	NT=label free sample;AC=MS:1002038	2	Data-Dependent Acquisition	NT=Carbamidomethyl;MT=Fixed;TA=C;AC=UNIMOD:4	NT=Oxidation;MT=Variable;TA=M;AC=UNIMOD:35	NT=Acetyl;MT=Variable;PP=Protein N-term;AC=UNIMOD:1	NT=Trypsin;AC=MS:1001251	38% NCE	NT=HCD;AC=PRIDE:0000590	https://ftp.pride.ebi.ac.uk/pride/data/archive/2024/04/PXD051747/CC_Res_83-M731-A02-O411-P9124-1.raw	0.2 Da	50 ppm	1	CC_Res_83-M731-A02-O411-P9124-1.raw	HEK293
PXD051747-Sample-7	Homo sapiens	not available	normal	HEK293	CVCL_0045	cell line	not available	not available	not available	not available	Female	1	cell line	run219	proteomic profiling by mass spectrometry	NT=Q Exactive;AC=MS:1001911	NT=label free sample;AC=MS:1002038	3	Data-Dependent Acquisition	NT=Carbamidomethyl;MT=Fixed;TA=C;AC=UNIMOD:4	NT=Oxidation;MT=Variable;TA=M;AC=UNIMOD:35	NT=Acetyl;MT=Variable;PP=Protein N-term;AC=UNIMOD:1	NT=Trypsin;AC=MS:1001251	38% NCE	NT=HCD;AC=PRIDE:0000590	https://ftp.pride.ebi.ac.uk/pride/data/archive/2024/04/PXD051747/CC_Res_83-M731-A03-O411-P9124-1.raw	0.2 Da	50 ppm	1	CC_Res_83-M731-A03-O411-P9124-1.raw	HEK293
PXD051747-Sample-7	Homo sapiens	not available	normal	HEK293	CVCL_0045	cell line	not available	not available	not available	not available	Female	1	cell line	run220	proteomic profiling by mass spectrometry	NT=Q Exactive;AC=MS:1001911	NT=label free sample;AC=MS:1002038	4	Data-Dependent Acquisition	NT=Carbamidomethyl;MT=Fixed;TA=C;AC=UNIMOD:4	NT=Oxidation;MT=Variable;TA=M;AC=UNIMOD:35	NT=Acetyl;MT=Variable;PP=Protein N-term;AC=UNIMOD:1	NT=Trypsin;AC=MS:1001251	38% NCE	NT=HCD;AC=PRIDE:0000590	https://ftp.pride.ebi.ac.uk/pride/data/archive/2024/04/PXD051747/CC_Res_83-M731-A04-O411-P9124-1.raw	0.2 Da	50 ppm	1	CC_Res_83-M731-A04-O411-P9124-1.raw	HEK293
PXD051747-Sample-7	Homo sapiens	not available	normal	HEK293	CVCL_0045	cell line	not available	not available	not available	not available	Female	1	cell line	run221	proteomic profiling by mass spectrometry	NT=Q Exactive;AC=MS:1001911	NT=label free sample;AC=MS:1002038	5	Data-Dependent Acquisition	NT=Carbamidomethyl;MT=Fixed;TA=C;AC=UNIMOD:4	NT=Oxidation;MT=Variable;TA=M;AC=UNIMOD:35	NT=Acetyl;MT=Variable;PP=Protein N-term;AC=UNIMOD:1	NT=Trypsin;AC=MS:1001251	38% NCE	NT=HCD;AC=PRIDE:0000590	https://ftp.pride.ebi.ac.uk/pride/data/archive/2024/04/PXD051747/CC_Res_83-M731-A05-O411-P9124-1.raw	0.2 Da	50 ppm	1	CC_Res_83-M731-A05-O411-P9124-1.raw	HEK293
PXD051747-Sample-7	Homo sapiens	not available	normal	HEK293	CVCL_0045	cell line	not available	not available	not available	not available	Female	1	cell line	run222	proteomic profiling by mass spectrometry	NT=Q Exactive;AC=MS:1001911	NT=label free sample;AC=MS:1002038	6	Data-Dependent Acquisition	NT=Carbamidomethyl;MT=Fixed;TA=C;AC=UNIMOD:4	NT=Oxidation;MT=Variable;TA=M;AC=UNIMOD:35	NT=Acetyl;MT=Variable;PP=Protein N-term;AC=UNIMOD:1	NT=Trypsin;AC=MS:1001251	38% NCE	NT=HCD;AC=PRIDE:0000590	https://ftp.pride.ebi.ac.uk/pride/data/archive/2024/04/PXD051747/CC_Res_83-M731-A06-O411-P9124-1.raw	0.2 Da	50 ppm	1	CC_Res_83-M731-A06-O411-P9124-1.raw	HEK293
PXD051747-Sample-7	Homo sapiens	not available	normal	HEK293	CVCL_0045	cell line	not available	not available	not available	not available	Female	1	cell line	run223	proteomic profiling by mass spectrometry	NT=Q Exactive;AC=MS:1001911	NT=label free sample;AC=MS:1002038	7	Data-Dependent Acquisition	NT=Carbamidomethyl;MT=Fixed;TA=C;AC=UNIMOD:4	NT=Oxidation;MT=Variable;TA=M;AC=UNIMOD:35	NT=Acetyl;MT=Variable;PP=Protein N-term;AC=UNIMOD:1	NT=Trypsin;AC=MS:1001251	38% NCE	NT=HCD;AC=PRIDE:0000590	https://ftp.pride.ebi.ac.uk/pride/data/archive/2024/04/PXD051747/CC_Res_83-M731-A07-O411-P9124-1.raw	0.2 Da	50 ppm	1	CC_Res_83-M731-A07-O411-P9124-1.raw	HEK293
PXD051747-Sample-7	Homo sapiens	not available	normal	HEK293	CVCL_0045	cell line	not available	not available	not available	not available	Female	1	cell line	run224	proteomic profiling by mass spectrometry	NT=Q Exactive;AC=MS:1001911	NT=label free sample;AC=MS:1002038	8	Data-Dependent Acquisition	NT=Carbamidomethyl;MT=Fixed;TA=C;AC=UNIMOD:4	NT=Oxidation;MT=Variable;TA=M;AC=UNIMOD:35	NT=Acetyl;MT=Variable;PP=Protein N-term;AC=UNIMOD:1	NT=Trypsin;AC=MS:1001251	38% NCE	NT=HCD;AC=PRIDE:0000590	https://ftp.pride.ebi.ac.uk/pride/data/archive/2024/04/PXD051747/CC_Res_83-M731-A08-O411-P9124-1.raw	0.2 Da	50 ppm	1	CC_Res_83-M731-A08-O411-P9124-1.raw	HEK293
PXD051747-Sample-7	Homo sapiens	not available	normal	HEK293	CVCL_0045	cell line	not available	not available	not available	not available	Female	1	cell line	run225	proteomic profiling by mass spectrometry	NT=Q Exactive;AC=MS:1001911	NT=label free sample;AC=MS:1002038	9	Data-Dependent Acquisition	NT=Carbamidomethyl;MT=Fixed;TA=C;AC=UNIMOD:4	NT=Oxidation;MT=Variable;TA=M;AC=UNIMOD:35	NT=Acetyl;MT=Variable;PP=Protein N-term;AC=UNIMOD:1	NT=Trypsin;AC=MS:1001251	38% NCE	NT=HCD;AC=PRIDE:0000590	https://ftp.pride.ebi.ac.uk/pride/data/archive/2024/04/PXD051747/CC_Res_83-M731-B01-O411-P9124-1.raw	0.2 Da	50 ppm	1	CC_Res_83-M731-B01-O411-P9124-1.raw	HEK293
PXD051747-Sample-7	Homo sapiens	not available	normal	HEK293	CVCL_0045	cell line	not available	not available	not available	not available	Female	1	cell line	run226	proteomic profiling by mass spectrometry	NT=Q Exactive;AC=MS:1001911	NT=label free sample;AC=MS:1002038	10	Data-Dependent Acquisition	NT=Carbamidomethyl;MT=Fixed;TA=C;AC=UNIMOD:4	NT=Oxidation;MT=Variable;TA=M;AC=UNIMOD:35	NT=Acetyl;MT=Variable;PP=Protein N-term;AC=UNIMOD:1	NT=Trypsin;AC=MS:1001251	38% NCE	NT=HCD;AC=PRIDE:0000590	https://ftp.pride.ebi.ac.uk/pride/data/archive/2024/04/PXD051747/CC_Res_83-M731-B02-O411-P9124-1.raw	0.2 Da	50 ppm	1	CC_Res_83-M731-B02-O411-P9124-1.raw	HEK293
PXD051747-Sample-7	Homo sapiens	not available	normal	HEK293	CVCL_0045	cell line	not available	not available	not available	not available	Female	1	cell line	run227	proteomic profiling by mass spectrometry	NT=Q Exactive;AC=MS:1001911	NT=label free sample;AC=MS:1002038	11	Data-Dependent Acquisition	NT=Carbamidomethyl;MT=Fixed;TA=C;AC=UNIMOD:4	NT=Oxidation;MT=Variable;TA=M;AC=UNIMOD:35	NT=Acetyl;MT=Variable;PP=Protein N-term;AC=UNIMOD:1	NT=Trypsin;AC=MS:1001251	38% NCE	NT=HCD;AC=PRIDE:0000590	https://ftp.pride.ebi.ac.uk/pride/data/archive/2024/04/PXD051747/CC_Res_83-M731-B03-O411-P9124-1.raw	0.2 Da	50 ppm	1	CC_Res_83-M731-B03-O411-P9124-1.raw	HEK293
PXD051747-Sample-7	Homo sapiens	not available	normal	HEK293	CVCL_0045	cell line	not available	not available	not available	not available	Female	1	cell line	run228	proteomic profiling by mass spectrometry	NT=Q Exactive;AC=MS:1001911	NT=label free sample;AC=MS:1002038	12	Data-Dependent Acquisition	NT=Carbamidomethyl;MT=Fixed;TA=C;AC=UNIMOD:4	NT=Oxidation;MT=Variable;TA=M;AC=UNIMOD:35	NT=Acetyl;MT=Variable;PP=Protein N-term;AC=UNIMOD:1	NT=Trypsin;AC=MS:1001251	38% NCE	NT=HCD;AC=PRIDE:0000590	https://ftp.pride.ebi.ac.uk/pride/data/archive/2024/04/PXD051747/CC_Res_83-M731-B04-O411-P9124-1.raw	0.2 Da	50 ppm	1	CC_Res_83-M731-B04-O411-P9124-1.raw	HEK293
PXD051747-Sample-7	Homo sapiens	not available	normal	HEK293	CVCL_0045	cell line	not available	not available	not available	not available	Female	1	cell line	run229	proteomic profiling by mass spectrometry	NT=Q Exactive;AC=MS:1001911	NT=label free sample;AC=MS:1002038	13	Data-Dependent Acquisition	NT=Carbamidomethyl;MT=Fixed;TA=C;AC=UNIMOD:4	NT=Oxidation;MT=Variable;TA=M;AC=UNIMOD:35	NT=Acetyl;MT=Variable;PP=Protein N-term;AC=UNIMOD:1	NT=Trypsin;AC=MS:1001251	38% NCE	NT=HCD;AC=PRIDE:0000590	https://ftp.pride.ebi.ac.uk/pride/data/archive/2024/04/PXD051747/CC_Res_83-M731-B05-O411-P9124-1.raw	0.2 Da	50 ppm	1	CC_Res_83-M731-B05-O411-P9124-1.raw	HEK293
PXD051747-Sample-7	Homo sapiens	not available	normal	HEK293	CVCL_0045	cell line	not available	not available	not available	not available	Female	1	cell line	run230	proteomic profiling by mass spectrometry	NT=Q Exactive;AC=MS:1001911	NT=label free sample;AC=MS:1002038	14	Data-Dependent Acquisition	NT=Carbamidomethyl;MT=Fixed;TA=C;AC=UNIMOD:4	NT=Oxidation;MT=Variable;TA=M;AC=UNIMOD:35	NT=Acetyl;MT=Variable;PP=Protein N-term;AC=UNIMOD:1	NT=Trypsin;AC=MS:1001251	38% NCE	NT=HCD;AC=PRIDE:0000590	https://ftp.pride.ebi.ac.uk/pride/data/archive/2024/04/PXD051747/CC_Res_83-M731-B06-O411-P9124-1.raw	0.2 Da	50 ppm	1	CC_Res_83-M731-B06-O411-P9124-1.raw	HEK293
PXD051747-Sample-7	Homo sapiens	not available	normal	HEK293	CVCL_0045	cell line	not available	not available	not available	not available	Female	1	cell line	run231	proteomic profiling by mass spectrometry	NT=Q Exactive;AC=MS:1001911	NT=label free sample;AC=MS:1002038	15	Data-Dependent Acquisition	NT=Carbamidomethyl;MT=Fixed;TA=C;AC=UNIMOD:4	NT=Oxidation;MT=Variable;TA=M;AC=UNIMOD:35	NT=Acetyl;MT=Variable;PP=Protein N-term;AC=UNIMOD:1	NT=Trypsin;AC=MS:1001251	38% NCE	NT=HCD;AC=PRIDE:0000590	https://ftp.pride.ebi.ac.uk/pride/data/archive/2024/04/PXD051747/CC_Res_83-M731-B07-O411-P9124-1.raw	0.2 Da	50 ppm	1	CC_Res_83-M731-B07-O411-P9124-1.raw	HEK293
PXD051747-Sample-7	Homo sapiens	not available	normal	HEK293	CVCL_0045	cell line	not available	not available	not available	not available	Female	1	cell line	run232	proteomic profiling by mass spectrometry	NT=Q Exactive;AC=MS:1001911	NT=label free sample;AC=MS:1002038	16	Data-Dependent Acquisition	NT=Carbamidomethyl;MT=Fixed;TA=C;AC=UNIMOD:4	NT=Oxidation;MT=Variable;TA=M;AC=UNIMOD:35	NT=Acetyl;MT=Variable;PP=Protein N-term;AC=UNIMOD:1	NT=Trypsin;AC=MS:1001251	38% NCE	NT=HCD;AC=PRIDE:0000590	https://ftp.pride.ebi.ac.uk/pride/data/archive/2024/04/PXD051747/CC_Res_83-M731-B08-O411-P9124-1.raw	0.2 Da	50 ppm	1	CC_Res_83-M731-B08-O411-P9124-1.raw	HEK293
PXD051747-Sample-7	Homo sapiens	not available	normal	HEK293	CVCL_0045	cell line	not available	not available	not available	not available	Female	1	cell line	run233	proteomic profiling by mass spectrometry	NT=Q Exactive;AC=MS:1001911	NT=label free sample;AC=MS:1002038	17	Data-Dependent Acquisition	NT=Carbamidomethyl;MT=Fixed;TA=C;AC=UNIMOD:4	NT=Oxidation;MT=Variable;TA=M;AC=UNIMOD:35	NT=Acetyl;MT=Variable;PP=Protein N-term;AC=UNIMOD:1	NT=Trypsin;AC=MS:1001251	38% NCE	NT=HCD;AC=PRIDE:0000590	https://ftp.pride.ebi.ac.uk/pride/data/archive/2024/04/PXD051747/CC_Res_83-M731-C01-O411-P9124-1.raw	0.2 Da	50 ppm	1	CC_Res_83-M731-C01-O411-P9124-1.raw	HEK293
PXD051747-Sample-7	Homo sapiens	not available	normal	HEK293	CVCL_0045	cell line	not available	not available	not available	not available	Female	1	cell line	run234	proteomic profiling by mass spectrometry	NT=Q Exactive;AC=MS:1001911	NT=label free sample;AC=MS:1002038	18	Data-Dependent Acquisition	NT=Carbamidomethyl;MT=Fixed;TA=C;AC=UNIMOD:4	NT=Oxidation;MT=Variable;TA=M;AC=UNIMOD:35	NT=Acetyl;MT=Variable;PP=Protein N-term;AC=UNIMOD:1	NT=Trypsin;AC=MS:1001251	38% NCE	NT=HCD;AC=PRIDE:0000590	https://ftp.pride.ebi.ac.uk/pride/data/archive/2024/04/PXD051747/CC_Res_83-M731-C02-O411-P9124-1.raw	0.2 Da	50 ppm	1	CC_Res_83-M731-C02-O411-P9124-1.raw	HEK293
PXD051747-Sample-7	Homo sapiens	not available	normal	HEK293	CVCL_0045	cell line	not available	not available	not available	not available	Female	1	cell line	run235	proteomic profiling by mass spectrometry	NT=Q Exactive;AC=MS:1001911	NT=label free sample;AC=MS:1002038	19	Data-Dependent Acquisition	NT=Carbamidomethyl;MT=Fixed;TA=C;AC=UNIMOD:4	NT=Oxidation;MT=Variable;TA=M;AC=UNIMOD:35	NT=Acetyl;MT=Variable;PP=Protein N-term;AC=UNIMOD:1	NT=Trypsin;AC=MS:1001251	38% NCE	NT=HCD;AC=PRIDE:0000590	https://ftp.pride.ebi.ac.uk/pride/data/archive/2024/04/PXD051747/CC_Res_83-M731-C03-O411-P9124-1.raw	0.2 Da	50 ppm	1	CC_Res_83-M731-C03-O411-P9124-1.raw	HEK293
PXD051747-Sample-7	Homo sapiens	not available	normal	HEK293	CVCL_0045	cell line	not available	not available	not available	not available	Female	1	cell line	run236	proteomic profiling by mass spectrometry	NT=Q Exactive;AC=MS:1001911	NT=label free sample;AC=MS:1002038	20	Data-Dependent Acquisition	NT=Carbamidomethyl;MT=Fixed;TA=C;AC=UNIMOD:4	NT=Oxidation;MT=Variable;TA=M;AC=UNIMOD:35	NT=Acetyl;MT=Variable;PP=Protein N-term;AC=UNIMOD:1	NT=Trypsin;AC=MS:1001251	38% NCE	NT=HCD;AC=PRIDE:0000590	https://ftp.pride.ebi.ac.uk/pride/data/archive/2024/04/PXD051747/CC_Res_83-M731-C04-O411-P9124-1.raw	0.2 Da	50 ppm	1	CC_Res_83-M731-C04-O411-P9124-1.raw	HEK293
PXD051747-Sample-7	Homo sapiens	not available	normal	HEK293	CVCL_0045	cell line	not available	not available	not available	not available	Female	1	cell line	run237	proteomic profiling by mass spectrometry	NT=Q Exactive;AC=MS:1001911	NT=label free sample;AC=MS:1002038	21	Data-Dependent Acquisition	NT=Carbamidomethyl;MT=Fixed;TA=C;AC=UNIMOD:4	NT=Oxidation;MT=Variable;TA=M;AC=UNIMOD:35	NT=Acetyl;MT=Variable;PP=Protein N-term;AC=UNIMOD:1	NT=Trypsin;AC=MS:1001251	38% NCE	NT=HCD;AC=PRIDE:0000590	https://ftp.pride.ebi.ac.uk/pride/data/archive/2024/04/PXD051747/CC_Res_83-M731-C05-O411-P9124-1.raw	0.2 Da	50 ppm	1	CC_Res_83-M731-C05-O411-P9124-1.raw	HEK293
PXD051747-Sample-7	Homo sapiens	not available	normal	HEK293	CVCL_0045	cell line	not available	not available	not available	not available	Female	1	cell line	run238	proteomic profiling by mass spectrometry	NT=Q Exactive;AC=MS:1001911	NT=label free sample;AC=MS:1002038	22	Data-Dependent Acquisition	NT=Carbamidomethyl;MT=Fixed;TA=C;AC=UNIMOD:4	NT=Oxidation;MT=Variable;TA=M;AC=UNIMOD:35	NT=Acetyl;MT=Variable;PP=Protein N-term;AC=UNIMOD:1	NT=Trypsin;AC=MS:1001251	38% NCE	NT=HCD;AC=PRIDE:0000590	https://ftp.pride.ebi.ac.uk/pride/data/archive/2024/04/PXD051747/CC_Res_83-M731-C06-O411-P9124-1.raw	0.2 Da	50 ppm	1	CC_Res_83-M731-C06-O411-P9124-1.raw	HEK293
PXD051747-Sample-7	Homo sapiens	not available	normal	HEK293	CVCL_0045	cell line	not available	not available	not available	not available	Female	1	cell line	run239	proteomic profiling by mass spectrometry	NT=Q Exactive;AC=MS:1001911	NT=label free sample;AC=MS:1002038	23	Data-Dependent Acquisition	NT=Carbamidomethyl;MT=Fixed;TA=C;AC=UNIMOD:4	NT=Oxidation;MT=Variable;TA=M;AC=UNIMOD:35	NT=Acetyl;MT=Variable;PP=Protein N-term;AC=UNIMOD:1	NT=Trypsin;AC=MS:1001251	38% NCE	NT=HCD;AC=PRIDE:0000590	https://ftp.pride.ebi.ac.uk/pride/data/archive/2024/04/PXD051747/CC_Res_83-M731-C07-O411-P9124-1.raw	0.2 Da	50 ppm	1	CC_Res_83-M731-C07-O411-P9124-1.raw	HEK293
PXD051747-Sample-7	Homo sapiens	not available	normal	HEK293	CVCL_0045	cell line	not available	not available	not available	not available	Female	1	cell line	run240	proteomic profiling by mass spectrometry	NT=Q Exactive;AC=MS:1001911	NT=label free sample;AC=MS:1002038	24	Data-Dependent Acquisition	NT=Carbamidomethyl;MT=Fixed;TA=C;AC=UNIMOD:4	NT=Oxidation;MT=Variable;TA=M;AC=UNIMOD:35	NT=Acetyl;MT=Variable;PP=Protein N-term;AC=UNIMOD:1	NT=Trypsin;AC=MS:1001251	38% NCE	NT=HCD;AC=PRIDE:0000590	https://ftp.pride.ebi.ac.uk/pride/data/archive/2024/04/PXD051747/CC_Res_83-M731-C08-O411-P9124-1.raw	0.2 Da	50 ppm	1	CC_Res_83-M731-C08-O411-P9124-1.raw	HEK293
PXD051747-Sample-7	Homo sapiens	not available	normal	HEK293	CVCL_0045	cell line	not available	not available	not available	not available	Female	1	cell line	run241	proteomic profiling by mass spectrometry	NT=Q Exactive;AC=MS:1001911	NT=label free sample;AC=MS:1002038	25	Data-Dependent Acquisition	NT=Carbamidomethyl;MT=Fixed;TA=C;AC=UNIMOD:4	NT=Oxidation;MT=Variable;TA=M;AC=UNIMOD:35	NT=Acetyl;MT=Variable;PP=Protein N-term;AC=UNIMOD:1	NT=Trypsin;AC=MS:1001251	38% NCE	NT=HCD;AC=PRIDE:0000590	https://ftp.pride.ebi.ac.uk/pride/data/archive/2024/04/PXD051747/CC_Res_83-M731-D01-O411-P9124-1.raw	0.2 Da	50 ppm	1	CC_Res_83-M731-D01-O411-P9124-1.raw	HEK293
PXD051747-Sample-7	Homo sapiens	not available	normal	HEK293	CVCL_0045	cell line	not available	not available	not available	not available	Female	1	cell line	run242	proteomic profiling by mass spectrometry	NT=Q Exactive;AC=MS:1001911	NT=label free sample;AC=MS:1002038	26	Data-Dependent Acquisition	NT=Carbamidomethyl;MT=Fixed;TA=C;AC=UNIMOD:4	NT=Oxidation;MT=Variable;TA=M;AC=UNIMOD:35	NT=Acetyl;MT=Variable;PP=Protein N-term;AC=UNIMOD:1	NT=Trypsin;AC=MS:1001251	38% NCE	NT=HCD;AC=PRIDE:0000590	https://ftp.pride.ebi.ac.uk/pride/data/archive/2024/04/PXD051747/CC_Res_83-M731-D02-O411-P9124-1.raw	0.2 Da	50 ppm	1	CC_Res_83-M731-D02-O411-P9124-1.raw	HEK293
PXD051747-Sample-7	Homo sapiens	not available	normal	HEK293	CVCL_0045	cell line	not available	not available	not available	not available	Female	1	cell line	run243	proteomic profiling by mass spectrometry	NT=Q Exactive;AC=MS:1001911	NT=label free sample;AC=MS:1002038	27	Data-Dependent Acquisition	NT=Carbamidomethyl;MT=Fixed;TA=C;AC=UNIMOD:4	NT=Oxidation;MT=Variable;TA=M;AC=UNIMOD:35	NT=Acetyl;MT=Variable;PP=Protein N-term;AC=UNIMOD:1	NT=Trypsin;AC=MS:1001251	38% NCE	NT=HCD;AC=PRIDE:0000590	https://ftp.pride.ebi.ac.uk/pride/data/archive/2024/04/PXD051747/CC_Res_83-M731-D03-O411-P9124-1.raw	0.2 Da	50 ppm	1	CC_Res_83-M731-D03-O411-P9124-1.raw	HEK293
PXD051747-Sample-7	Homo sapiens	not available	normal	HEK293	CVCL_0045	cell line	not available	not available	not available	not available	Female	1	cell line	run244	proteomic profiling by mass spectrometry	NT=Q Exactive;AC=MS:1001911	NT=label free sample;AC=MS:1002038	28	Data-Dependent Acquisition	NT=Carbamidomethyl;MT=Fixed;TA=C;AC=UNIMOD:4	NT=Oxidation;MT=Variable;TA=M;AC=UNIMOD:35	NT=Acetyl;MT=Variable;PP=Protein N-term;AC=UNIMOD:1	NT=Trypsin;AC=MS:1001251	38% NCE	NT=HCD;AC=PRIDE:0000590	https://ftp.pride.ebi.ac.uk/pride/data/archive/2024/04/PXD051747/CC_Res_83-M731-D04-O411-P9124-1.raw	0.2 Da	50 ppm	1	CC_Res_83-M731-D04-O411-P9124-1.raw	HEK293
PXD051747-Sample-7	Homo sapiens	not available	normal	HEK293	CVCL_0045	cell line	not available	not available	not available	not available	Female	1	cell line	run245	proteomic profiling by mass spectrometry	NT=Q Exactive;AC=MS:1001911	NT=label free sample;AC=MS:1002038	29	Data-Dependent Acquisition	NT=Carbamidomethyl;MT=Fixed;TA=C;AC=UNIMOD:4	NT=Oxidation;MT=Variable;TA=M;AC=UNIMOD:35	NT=Acetyl;MT=Variable;PP=Protein N-term;AC=UNIMOD:1	NT=Trypsin;AC=MS:1001251	38% NCE	NT=HCD;AC=PRIDE:0000590	https://ftp.pride.ebi.ac.uk/pride/data/archive/2024/04/PXD051747/CC_Res_83-M731-D05-O411-P9124-1.raw	0.2 Da	50 ppm	1	CC_Res_83-M731-D05-O411-P9124-1.raw	HEK293
PXD051747-Sample-7	Homo sapiens	not available	normal	HEK293	CVCL_0045	cell line	not available	not available	not available	not available	Female	1	cell line	run246	proteomic profiling by mass spectrometry	NT=Q Exactive;AC=MS:1001911	NT=label free sample;AC=MS:1002038	30	Data-Dependent Acquisition	NT=Carbamidomethyl;MT=Fixed;TA=C;AC=UNIMOD:4	NT=Oxidation;MT=Variable;TA=M;AC=UNIMOD:35	NT=Acetyl;MT=Variable;PP=Protein N-term;AC=UNIMOD:1	NT=Trypsin;AC=MS:1001251	38% NCE	NT=HCD;AC=PRIDE:0000590	https://ftp.pride.ebi.ac.uk/pride/data/archive/2024/04/PXD051747/CC_Res_83-M731-D06-O411-P9124-1.raw	0.2 Da	50 ppm	1	CC_Res_83-M731-D06-O411-P9124-1.raw	HEK293
PXD051747-Sample-7	Homo sapiens	not available	normal	HEK293	CVCL_0045	cell line	not available	not available	not available	not available	Female	1	cell line	run247	proteomic profiling by mass spectrometry	NT=Q Exactive;AC=MS:1001911	NT=label free sample;AC=MS:1002038	31	Data-Dependent Acquisition	NT=Carbamidomethyl;MT=Fixed;TA=C;AC=UNIMOD:4	NT=Oxidation;MT=Variable;TA=M;AC=UNIMOD:35	NT=Acetyl;MT=Variable;PP=Protein N-term;AC=UNIMOD:1	NT=Trypsin;AC=MS:1001251	38% NCE	NT=HCD;AC=PRIDE:0000590	https://ftp.pride.ebi.ac.uk/pride/data/archive/2024/04/PXD051747/CC_Res_83-M731-D07-O411-P9124-1.raw	0.2 Da	50 ppm	1	CC_Res_83-M731-D07-O411-P9124-1.raw	HEK293
PXD051747-Sample-7	Homo sapiens	not available	normal	HEK293	CVCL_0045	cell line	not available	not available	not available	not available	Female	1	cell line	run248	proteomic profiling by mass spectrometry	NT=Q Exactive;AC=MS:1001911	NT=label free sample;AC=MS:1002038	32	Data-Dependent Acquisition	NT=Carbamidomethyl;MT=Fixed;TA=C;AC=UNIMOD:4	NT=Oxidation;MT=Variable;TA=M;AC=UNIMOD:35	NT=Acetyl;MT=Variable;PP=Protein N-term;AC=UNIMOD:1	NT=Trypsin;AC=MS:1001251	38% NCE	NT=HCD;AC=PRIDE:0000590	https://ftp.pride.ebi.ac.uk/pride/data/archive/2024/04/PXD051747/CC_Res_83-M731-D08-O411-P9124-1.raw	0.2 Da	50 ppm	1	CC_Res_83-M731-D08-O411-P9124-1.raw	HEK293
PXD051747-Sample-7	Homo sapiens	not available	normal	HEK293	CVCL_0045	cell line	not available	not available	not available	not available	Female	1	cell line	run249	proteomic profiling by mass spectrometry	NT=Q Exactive;AC=MS:1001911	NT=label free sample;AC=MS:1002038	33	Data-Dependent Acquisition	NT=Carbamidomethyl;MT=Fixed;TA=C;AC=UNIMOD:4	NT=Oxidation;MT=Variable;TA=M;AC=UNIMOD:35	NT=Acetyl;MT=Variable;PP=Protein N-term;AC=UNIMOD:1	NT=Trypsin;AC=MS:1001251	38% NCE	NT=HCD;AC=PRIDE:0000590	https://ftp.pride.ebi.ac.uk/pride/data/archive/2024/04/PXD051747/CC_Res_83-M731-E01-O411-P9124-1.raw	0.2 Da	50 ppm	1	CC_Res_83-M731-E01-O411-P9124-1.raw	HEK293
PXD051747-Sample-7	Homo sapiens	not available	normal	HEK293	CVCL_0045	cell line	not available	not available	not available	not available	Female	1	cell line	run250	proteomic profiling by mass spectrometry	NT=Q Exactive;AC=MS:1001911	NT=label free sample;AC=MS:1002038	34	Data-Dependent Acquisition	NT=Carbamidomethyl;MT=Fixed;TA=C;AC=UNIMOD:4	NT=Oxidation;MT=Variable;TA=M;AC=UNIMOD:35	NT=Acetyl;MT=Variable;PP=Protein N-term;AC=UNIMOD:1	NT=Trypsin;AC=MS:1001251	38% NCE	NT=HCD;AC=PRIDE:0000590	https://ftp.pride.ebi.ac.uk/pride/data/archive/2024/04/PXD051747/CC_Res_83-M731-E02-O411-P9124-1.raw	0.2 Da	50 ppm	1	CC_Res_83-M731-E02-O411-P9124-1.raw	HEK293
PXD051747-Sample-7	Homo sapiens	not available	normal	HEK293	CVCL_0045	cell line	not available	not available	not available	not available	Female	1	cell line	run251	proteomic profiling by mass spectrometry	NT=Q Exactive;AC=MS:1001911	NT=label free sample;AC=MS:1002038	35	Data-Dependent Acquisition	NT=Carbamidomethyl;MT=Fixed;TA=C;AC=UNIMOD:4	NT=Oxidation;MT=Variable;TA=M;AC=UNIMOD:35	NT=Acetyl;MT=Variable;PP=Protein N-term;AC=UNIMOD:1	NT=Trypsin;AC=MS:1001251	38% NCE	NT=HCD;AC=PRIDE:0000590	https://ftp.pride.ebi.ac.uk/pride/data/archive/2024/04/PXD051747/CC_Res_83-M731-E03-O411-P9124-1.raw	0.2 Da	50 ppm	1	CC_Res_83-M731-E03-O411-P9124-1.raw	HEK293
PXD051747-Sample-7	Homo sapiens	not available	normal	HEK293	CVCL_0045	cell line	not available	not available	not available	not available	Female	1	cell line	run252	proteomic profiling by mass spectrometry	NT=Q Exactive;AC=MS:1001911	NT=label free sample;AC=MS:1002038	36	Data-Dependent Acquisition	NT=Carbamidomethyl;MT=Fixed;TA=C;AC=UNIMOD:4	NT=Oxidation;MT=Variable;TA=M;AC=UNIMOD:35	NT=Acetyl;MT=Variable;PP=Protein N-term;AC=UNIMOD:1	NT=Trypsin;AC=MS:1001251	38% NCE	NT=HCD;AC=PRIDE:0000590	https://ftp.pride.ebi.ac.uk/pride/data/archive/2024/04/PXD051747/CC_Res_83-M731-E04-O411-P9124-1.raw	0.2 Da	50 ppm	1	CC_Res_83-M731-E04-O411-P9124-1.raw	HEK293
