source name	characteristics[organism]	characteristics[organism part]	characteristics[disease]	characteristics[cell line]	characteristics[cellosaurus accession]	characteristics[cellosaurus name]	characteristics[age]	characteristics[sex]	characteristics[treatment]	characteristics[sample type]	characteristics[biological replicate]	assay name	technology type	comment[proteomics data acquisition method]	comment[instrument]	comment[label]	comment[cleavage agent details]	comment[modification parameters]	comment[modification parameters]	comment[modification parameters]	comment[modification parameters]	comment[modification parameters]	comment[reduction reagent]	comment[alkylation reagent]	comment[fraction identifier]	comment[technical replicate]	comment[data file]	comment[sdrf version]	comment[sdrf template]	comment[sdrf template]	comment[sdrf template]	comment[sdrf annotation tool]	factor value[cell line]	factor value[treatment]	factor value[multiplex set]
U937_C_B2	Homo sapiens	cell culture	adult acute monocytic leukemia	U937	CVCL_0007	U-937	37Y	male	untreated	study sample	2	20210329_L1_nUT2_ES803A_TMT_U1_U937_cells_B2_F2_TMT126	proteomic profiling by mass spectrometry	NT=Data-dependent acquisition;AC=PRIDE:0000627	NT=Orbitrap Fusion Lumos;AC=MS:1002732	TMT126	NT=Trypsin;AC=MS:1001251	NT=Carbamidomethyl;AC=UNIMOD:4;TA=C;MT=Fixed	NT=Oxidation;AC=UNIMOD:35;TA=M;MT=Variable	NT=Deamidated;AC=UNIMOD:7;TA=N,Q;MT=Variable	NT=TMT6plex;AC=UNIMOD:737;TA=K;MT=Variable	NT=TMT6plex;AC=UNIMOD:737;PP=N-term;MT=Variable	dithiothreitol	chloroacetamide	2	1	20210329_L1_nUT2_ES803A_TMT_U1_U937_cells_B2_F2.raw	v1.1.0	NT=ms-proteomics;VV=v1.1.0	NT=human;VV=v1.1.0	NT=cell-lines;VV=v1.1.0	manual curation	U937	untreated	B2
U937_P_B2	Homo sapiens	cell culture	adult acute monocytic leukemia	U937	CVCL_0007	U-937	37Y	male	prostratin treatment	study sample	2	20210329_L1_nUT2_ES803A_TMT_U1_U937_cells_B2_F2_TMT127N	proteomic profiling by mass spectrometry	NT=Data-dependent acquisition;AC=PRIDE:0000627	NT=Orbitrap Fusion Lumos;AC=MS:1002732	TMT127N	NT=Trypsin;AC=MS:1001251	NT=Carbamidomethyl;AC=UNIMOD:4;TA=C;MT=Fixed	NT=Oxidation;AC=UNIMOD:35;TA=M;MT=Variable	NT=Deamidated;AC=UNIMOD:7;TA=N,Q;MT=Variable	NT=TMT6plex;AC=UNIMOD:737;TA=K;MT=Variable	NT=TMT6plex;AC=UNIMOD:737;PP=N-term;MT=Variable	dithiothreitol	chloroacetamide	2	1	20210329_L1_nUT2_ES803A_TMT_U1_U937_cells_B2_F2.raw	v1.1.0	NT=ms-proteomics;VV=v1.1.0	NT=human;VV=v1.1.0	NT=cell-lines;VV=v1.1.0	manual curation	U937	prostratin treatment	B2
U937_C-DON_B2	Homo sapiens	cell culture	adult acute monocytic leukemia	U937	CVCL_0007	U-937	37Y	male	6-diazo-5-oxo-L-norleucine treatment	study sample	2	20210329_L1_nUT2_ES803A_TMT_U1_U937_cells_B2_F2_TMT127C	proteomic profiling by mass spectrometry	NT=Data-dependent acquisition;AC=PRIDE:0000627	NT=Orbitrap Fusion Lumos;AC=MS:1002732	TMT127C	NT=Trypsin;AC=MS:1001251	NT=Carbamidomethyl;AC=UNIMOD:4;TA=C;MT=Fixed	NT=Oxidation;AC=UNIMOD:35;TA=M;MT=Variable	NT=Deamidated;AC=UNIMOD:7;TA=N,Q;MT=Variable	NT=TMT6plex;AC=UNIMOD:737;TA=K;MT=Variable	NT=TMT6plex;AC=UNIMOD:737;PP=N-term;MT=Variable	dithiothreitol	chloroacetamide	2	1	20210329_L1_nUT2_ES803A_TMT_U1_U937_cells_B2_F2.raw	v1.1.0	NT=ms-proteomics;VV=v1.1.0	NT=human;VV=v1.1.0	NT=cell-lines;VV=v1.1.0	manual curation	U937	6-diazo-5-oxo-L-norleucine treatment	B2
U937_P-DON_B2	Homo sapiens	cell culture	adult acute monocytic leukemia	U937	CVCL_0007	U-937	37Y	male	prostratin and 6-diazo-5-oxo-L-norleucine treatment	study sample	2	20210329_L1_nUT2_ES803A_TMT_U1_U937_cells_B2_F2_TMT128N	proteomic profiling by mass spectrometry	NT=Data-dependent acquisition;AC=PRIDE:0000627	NT=Orbitrap Fusion Lumos;AC=MS:1002732	TMT128N	NT=Trypsin;AC=MS:1001251	NT=Carbamidomethyl;AC=UNIMOD:4;TA=C;MT=Fixed	NT=Oxidation;AC=UNIMOD:35;TA=M;MT=Variable	NT=Deamidated;AC=UNIMOD:7;TA=N,Q;MT=Variable	NT=TMT6plex;AC=UNIMOD:737;TA=K;MT=Variable	NT=TMT6plex;AC=UNIMOD:737;PP=N-term;MT=Variable	dithiothreitol	chloroacetamide	2	1	20210329_L1_nUT2_ES803A_TMT_U1_U937_cells_B2_F2.raw	v1.1.0	NT=ms-proteomics;VV=v1.1.0	NT=human;VV=v1.1.0	NT=cell-lines;VV=v1.1.0	manual curation	U937	prostratin and 6-diazo-5-oxo-L-norleucine treatment	B2
U1_C_B2	Homo sapiens	cell culture	adult acute monocytic leukemia	U1	CVCL_M769	U1/HIV-1	37Y	male	untreated	study sample	2	20210329_L1_nUT2_ES803A_TMT_U1_U937_cells_B2_F2_TMT128C	proteomic profiling by mass spectrometry	NT=Data-dependent acquisition;AC=PRIDE:0000627	NT=Orbitrap Fusion Lumos;AC=MS:1002732	TMT128C	NT=Trypsin;AC=MS:1001251	NT=Carbamidomethyl;AC=UNIMOD:4;TA=C;MT=Fixed	NT=Oxidation;AC=UNIMOD:35;TA=M;MT=Variable	NT=Deamidated;AC=UNIMOD:7;TA=N,Q;MT=Variable	NT=TMT6plex;AC=UNIMOD:737;TA=K;MT=Variable	NT=TMT6plex;AC=UNIMOD:737;PP=N-term;MT=Variable	dithiothreitol	chloroacetamide	2	1	20210329_L1_nUT2_ES803A_TMT_U1_U937_cells_B2_F2.raw	v1.1.0	NT=ms-proteomics;VV=v1.1.0	NT=human;VV=v1.1.0	NT=cell-lines;VV=v1.1.0	manual curation	U1	untreated	B2
U1_P_B2	Homo sapiens	cell culture	adult acute monocytic leukemia	U1	CVCL_M769	U1/HIV-1	37Y	male	prostratin treatment	study sample	2	20210329_L1_nUT2_ES803A_TMT_U1_U937_cells_B2_F2_TMT129N	proteomic profiling by mass spectrometry	NT=Data-dependent acquisition;AC=PRIDE:0000627	NT=Orbitrap Fusion Lumos;AC=MS:1002732	TMT129N	NT=Trypsin;AC=MS:1001251	NT=Carbamidomethyl;AC=UNIMOD:4;TA=C;MT=Fixed	NT=Oxidation;AC=UNIMOD:35;TA=M;MT=Variable	NT=Deamidated;AC=UNIMOD:7;TA=N,Q;MT=Variable	NT=TMT6plex;AC=UNIMOD:737;TA=K;MT=Variable	NT=TMT6plex;AC=UNIMOD:737;PP=N-term;MT=Variable	dithiothreitol	chloroacetamide	2	1	20210329_L1_nUT2_ES803A_TMT_U1_U937_cells_B2_F2.raw	v1.1.0	NT=ms-proteomics;VV=v1.1.0	NT=human;VV=v1.1.0	NT=cell-lines;VV=v1.1.0	manual curation	U1	prostratin treatment	B2
U1_C-DON_B2	Homo sapiens	cell culture	adult acute monocytic leukemia	U1	CVCL_M769	U1/HIV-1	37Y	male	6-diazo-5-oxo-L-norleucine treatment	study sample	2	20210329_L1_nUT2_ES803A_TMT_U1_U937_cells_B2_F2_TMT129C	proteomic profiling by mass spectrometry	NT=Data-dependent acquisition;AC=PRIDE:0000627	NT=Orbitrap Fusion Lumos;AC=MS:1002732	TMT129C	NT=Trypsin;AC=MS:1001251	NT=Carbamidomethyl;AC=UNIMOD:4;TA=C;MT=Fixed	NT=Oxidation;AC=UNIMOD:35;TA=M;MT=Variable	NT=Deamidated;AC=UNIMOD:7;TA=N,Q;MT=Variable	NT=TMT6plex;AC=UNIMOD:737;TA=K;MT=Variable	NT=TMT6plex;AC=UNIMOD:737;PP=N-term;MT=Variable	dithiothreitol	chloroacetamide	2	1	20210329_L1_nUT2_ES803A_TMT_U1_U937_cells_B2_F2.raw	v1.1.0	NT=ms-proteomics;VV=v1.1.0	NT=human;VV=v1.1.0	NT=cell-lines;VV=v1.1.0	manual curation	U1	6-diazo-5-oxo-L-norleucine treatment	B2
U1_P-DON_B2	Homo sapiens	cell culture	adult acute monocytic leukemia	U1	CVCL_M769	U1/HIV-1	37Y	male	prostratin and 6-diazo-5-oxo-L-norleucine treatment	study sample	2	20210329_L1_nUT2_ES803A_TMT_U1_U937_cells_B2_F2_TMT130N	proteomic profiling by mass spectrometry	NT=Data-dependent acquisition;AC=PRIDE:0000627	NT=Orbitrap Fusion Lumos;AC=MS:1002732	TMT130N	NT=Trypsin;AC=MS:1001251	NT=Carbamidomethyl;AC=UNIMOD:4;TA=C;MT=Fixed	NT=Oxidation;AC=UNIMOD:35;TA=M;MT=Variable	NT=Deamidated;AC=UNIMOD:7;TA=N,Q;MT=Variable	NT=TMT6plex;AC=UNIMOD:737;TA=K;MT=Variable	NT=TMT6plex;AC=UNIMOD:737;PP=N-term;MT=Variable	dithiothreitol	chloroacetamide	2	1	20210329_L1_nUT2_ES803A_TMT_U1_U937_cells_B2_F2.raw	v1.1.0	NT=ms-proteomics;VV=v1.1.0	NT=human;VV=v1.1.0	NT=cell-lines;VV=v1.1.0	manual curation	U1	prostratin and 6-diazo-5-oxo-L-norleucine treatment	B2
Pool_Pool_B2	Homo sapiens	cell culture	not applicable	Pool	not available	not available	not available	not applicable	not applicable	pooled	2	20210329_L1_nUT2_ES803A_TMT_U1_U937_cells_B2_F2_TMT131	proteomic profiling by mass spectrometry	NT=Data-dependent acquisition;AC=PRIDE:0000627	NT=Orbitrap Fusion Lumos;AC=MS:1002732	TMT131	NT=Trypsin;AC=MS:1001251	NT=Carbamidomethyl;AC=UNIMOD:4;TA=C;MT=Fixed	NT=Oxidation;AC=UNIMOD:35;TA=M;MT=Variable	NT=Deamidated;AC=UNIMOD:7;TA=N,Q;MT=Variable	NT=TMT6plex;AC=UNIMOD:737;TA=K;MT=Variable	NT=TMT6plex;AC=UNIMOD:737;PP=N-term;MT=Variable	dithiothreitol	chloroacetamide	2	1	20210329_L1_nUT2_ES803A_TMT_U1_U937_cells_B2_F2.raw	v1.1.0	NT=ms-proteomics;VV=v1.1.0	NT=human;VV=v1.1.0	NT=cell-lines;VV=v1.1.0	manual curation	Pool	not applicable	B2
U937_C_B2	Homo sapiens	cell culture	adult acute monocytic leukemia	U937	CVCL_0007	U-937	37Y	male	untreated	study sample	2	20210329_L1_nUT2_ES803A_TMT_U1_U937_cells_B2_F7_TMT126	proteomic profiling by mass spectrometry	NT=Data-dependent acquisition;AC=PRIDE:0000627	NT=Orbitrap Fusion Lumos;AC=MS:1002732	TMT126	NT=Trypsin;AC=MS:1001251	NT=Carbamidomethyl;AC=UNIMOD:4;TA=C;MT=Fixed	NT=Oxidation;AC=UNIMOD:35;TA=M;MT=Variable	NT=Deamidated;AC=UNIMOD:7;TA=N,Q;MT=Variable	NT=TMT6plex;AC=UNIMOD:737;TA=K;MT=Variable	NT=TMT6plex;AC=UNIMOD:737;PP=N-term;MT=Variable	dithiothreitol	chloroacetamide	7	1	20210329_L1_nUT2_ES803A_TMT_U1_U937_cells_B2_F7.raw	v1.1.0	NT=ms-proteomics;VV=v1.1.0	NT=human;VV=v1.1.0	NT=cell-lines;VV=v1.1.0	manual curation	U937	untreated	B2
U937_P_B2	Homo sapiens	cell culture	adult acute monocytic leukemia	U937	CVCL_0007	U-937	37Y	male	prostratin treatment	study sample	2	20210329_L1_nUT2_ES803A_TMT_U1_U937_cells_B2_F7_TMT127N	proteomic profiling by mass spectrometry	NT=Data-dependent acquisition;AC=PRIDE:0000627	NT=Orbitrap Fusion Lumos;AC=MS:1002732	TMT127N	NT=Trypsin;AC=MS:1001251	NT=Carbamidomethyl;AC=UNIMOD:4;TA=C;MT=Fixed	NT=Oxidation;AC=UNIMOD:35;TA=M;MT=Variable	NT=Deamidated;AC=UNIMOD:7;TA=N,Q;MT=Variable	NT=TMT6plex;AC=UNIMOD:737;TA=K;MT=Variable	NT=TMT6plex;AC=UNIMOD:737;PP=N-term;MT=Variable	dithiothreitol	chloroacetamide	7	1	20210329_L1_nUT2_ES803A_TMT_U1_U937_cells_B2_F7.raw	v1.1.0	NT=ms-proteomics;VV=v1.1.0	NT=human;VV=v1.1.0	NT=cell-lines;VV=v1.1.0	manual curation	U937	prostratin treatment	B2
U937_C-DON_B2	Homo sapiens	cell culture	adult acute monocytic leukemia	U937	CVCL_0007	U-937	37Y	male	6-diazo-5-oxo-L-norleucine treatment	study sample	2	20210329_L1_nUT2_ES803A_TMT_U1_U937_cells_B2_F7_TMT127C	proteomic profiling by mass spectrometry	NT=Data-dependent acquisition;AC=PRIDE:0000627	NT=Orbitrap Fusion Lumos;AC=MS:1002732	TMT127C	NT=Trypsin;AC=MS:1001251	NT=Carbamidomethyl;AC=UNIMOD:4;TA=C;MT=Fixed	NT=Oxidation;AC=UNIMOD:35;TA=M;MT=Variable	NT=Deamidated;AC=UNIMOD:7;TA=N,Q;MT=Variable	NT=TMT6plex;AC=UNIMOD:737;TA=K;MT=Variable	NT=TMT6plex;AC=UNIMOD:737;PP=N-term;MT=Variable	dithiothreitol	chloroacetamide	7	1	20210329_L1_nUT2_ES803A_TMT_U1_U937_cells_B2_F7.raw	v1.1.0	NT=ms-proteomics;VV=v1.1.0	NT=human;VV=v1.1.0	NT=cell-lines;VV=v1.1.0	manual curation	U937	6-diazo-5-oxo-L-norleucine treatment	B2
U937_P-DON_B2	Homo sapiens	cell culture	adult acute monocytic leukemia	U937	CVCL_0007	U-937	37Y	male	prostratin and 6-diazo-5-oxo-L-norleucine treatment	study sample	2	20210329_L1_nUT2_ES803A_TMT_U1_U937_cells_B2_F7_TMT128N	proteomic profiling by mass spectrometry	NT=Data-dependent acquisition;AC=PRIDE:0000627	NT=Orbitrap Fusion Lumos;AC=MS:1002732	TMT128N	NT=Trypsin;AC=MS:1001251	NT=Carbamidomethyl;AC=UNIMOD:4;TA=C;MT=Fixed	NT=Oxidation;AC=UNIMOD:35;TA=M;MT=Variable	NT=Deamidated;AC=UNIMOD:7;TA=N,Q;MT=Variable	NT=TMT6plex;AC=UNIMOD:737;TA=K;MT=Variable	NT=TMT6plex;AC=UNIMOD:737;PP=N-term;MT=Variable	dithiothreitol	chloroacetamide	7	1	20210329_L1_nUT2_ES803A_TMT_U1_U937_cells_B2_F7.raw	v1.1.0	NT=ms-proteomics;VV=v1.1.0	NT=human;VV=v1.1.0	NT=cell-lines;VV=v1.1.0	manual curation	U937	prostratin and 6-diazo-5-oxo-L-norleucine treatment	B2
U1_C_B2	Homo sapiens	cell culture	adult acute monocytic leukemia	U1	CVCL_M769	U1/HIV-1	37Y	male	untreated	study sample	2	20210329_L1_nUT2_ES803A_TMT_U1_U937_cells_B2_F7_TMT128C	proteomic profiling by mass spectrometry	NT=Data-dependent acquisition;AC=PRIDE:0000627	NT=Orbitrap Fusion Lumos;AC=MS:1002732	TMT128C	NT=Trypsin;AC=MS:1001251	NT=Carbamidomethyl;AC=UNIMOD:4;TA=C;MT=Fixed	NT=Oxidation;AC=UNIMOD:35;TA=M;MT=Variable	NT=Deamidated;AC=UNIMOD:7;TA=N,Q;MT=Variable	NT=TMT6plex;AC=UNIMOD:737;TA=K;MT=Variable	NT=TMT6plex;AC=UNIMOD:737;PP=N-term;MT=Variable	dithiothreitol	chloroacetamide	7	1	20210329_L1_nUT2_ES803A_TMT_U1_U937_cells_B2_F7.raw	v1.1.0	NT=ms-proteomics;VV=v1.1.0	NT=human;VV=v1.1.0	NT=cell-lines;VV=v1.1.0	manual curation	U1	untreated	B2
U1_P_B2	Homo sapiens	cell culture	adult acute monocytic leukemia	U1	CVCL_M769	U1/HIV-1	37Y	male	prostratin treatment	study sample	2	20210329_L1_nUT2_ES803A_TMT_U1_U937_cells_B2_F7_TMT129N	proteomic profiling by mass spectrometry	NT=Data-dependent acquisition;AC=PRIDE:0000627	NT=Orbitrap Fusion Lumos;AC=MS:1002732	TMT129N	NT=Trypsin;AC=MS:1001251	NT=Carbamidomethyl;AC=UNIMOD:4;TA=C;MT=Fixed	NT=Oxidation;AC=UNIMOD:35;TA=M;MT=Variable	NT=Deamidated;AC=UNIMOD:7;TA=N,Q;MT=Variable	NT=TMT6plex;AC=UNIMOD:737;TA=K;MT=Variable	NT=TMT6plex;AC=UNIMOD:737;PP=N-term;MT=Variable	dithiothreitol	chloroacetamide	7	1	20210329_L1_nUT2_ES803A_TMT_U1_U937_cells_B2_F7.raw	v1.1.0	NT=ms-proteomics;VV=v1.1.0	NT=human;VV=v1.1.0	NT=cell-lines;VV=v1.1.0	manual curation	U1	prostratin treatment	B2
U1_C-DON_B2	Homo sapiens	cell culture	adult acute monocytic leukemia	U1	CVCL_M769	U1/HIV-1	37Y	male	6-diazo-5-oxo-L-norleucine treatment	study sample	2	20210329_L1_nUT2_ES803A_TMT_U1_U937_cells_B2_F7_TMT129C	proteomic profiling by mass spectrometry	NT=Data-dependent acquisition;AC=PRIDE:0000627	NT=Orbitrap Fusion Lumos;AC=MS:1002732	TMT129C	NT=Trypsin;AC=MS:1001251	NT=Carbamidomethyl;AC=UNIMOD:4;TA=C;MT=Fixed	NT=Oxidation;AC=UNIMOD:35;TA=M;MT=Variable	NT=Deamidated;AC=UNIMOD:7;TA=N,Q;MT=Variable	NT=TMT6plex;AC=UNIMOD:737;TA=K;MT=Variable	NT=TMT6plex;AC=UNIMOD:737;PP=N-term;MT=Variable	dithiothreitol	chloroacetamide	7	1	20210329_L1_nUT2_ES803A_TMT_U1_U937_cells_B2_F7.raw	v1.1.0	NT=ms-proteomics;VV=v1.1.0	NT=human;VV=v1.1.0	NT=cell-lines;VV=v1.1.0	manual curation	U1	6-diazo-5-oxo-L-norleucine treatment	B2
U1_P-DON_B2	Homo sapiens	cell culture	adult acute monocytic leukemia	U1	CVCL_M769	U1/HIV-1	37Y	male	prostratin and 6-diazo-5-oxo-L-norleucine treatment	study sample	2	20210329_L1_nUT2_ES803A_TMT_U1_U937_cells_B2_F7_TMT130N	proteomic profiling by mass spectrometry	NT=Data-dependent acquisition;AC=PRIDE:0000627	NT=Orbitrap Fusion Lumos;AC=MS:1002732	TMT130N	NT=Trypsin;AC=MS:1001251	NT=Carbamidomethyl;AC=UNIMOD:4;TA=C;MT=Fixed	NT=Oxidation;AC=UNIMOD:35;TA=M;MT=Variable	NT=Deamidated;AC=UNIMOD:7;TA=N,Q;MT=Variable	NT=TMT6plex;AC=UNIMOD:737;TA=K;MT=Variable	NT=TMT6plex;AC=UNIMOD:737;PP=N-term;MT=Variable	dithiothreitol	chloroacetamide	7	1	20210329_L1_nUT2_ES803A_TMT_U1_U937_cells_B2_F7.raw	v1.1.0	NT=ms-proteomics;VV=v1.1.0	NT=human;VV=v1.1.0	NT=cell-lines;VV=v1.1.0	manual curation	U1	prostratin and 6-diazo-5-oxo-L-norleucine treatment	B2
Pool_Pool_B2	Homo sapiens	cell culture	not applicable	Pool	not available	not available	not available	not applicable	not applicable	pooled	2	20210329_L1_nUT2_ES803A_TMT_U1_U937_cells_B2_F7_TMT131	proteomic profiling by mass spectrometry	NT=Data-dependent acquisition;AC=PRIDE:0000627	NT=Orbitrap Fusion Lumos;AC=MS:1002732	TMT131	NT=Trypsin;AC=MS:1001251	NT=Carbamidomethyl;AC=UNIMOD:4;TA=C;MT=Fixed	NT=Oxidation;AC=UNIMOD:35;TA=M;MT=Variable	NT=Deamidated;AC=UNIMOD:7;TA=N,Q;MT=Variable	NT=TMT6plex;AC=UNIMOD:737;TA=K;MT=Variable	NT=TMT6plex;AC=UNIMOD:737;PP=N-term;MT=Variable	dithiothreitol	chloroacetamide	7	1	20210329_L1_nUT2_ES803A_TMT_U1_U937_cells_B2_F7.raw	v1.1.0	NT=ms-proteomics;VV=v1.1.0	NT=human;VV=v1.1.0	NT=cell-lines;VV=v1.1.0	manual curation	Pool	not applicable	B2
U937_C_B2	Homo sapiens	cell culture	adult acute monocytic leukemia	U937	CVCL_0007	U-937	37Y	male	untreated	study sample	2	20210329_L1_nUT2_ES803A_TMT_U1_U937_cells_B2_F9_TMT126	proteomic profiling by mass spectrometry	NT=Data-dependent acquisition;AC=PRIDE:0000627	NT=Orbitrap Fusion Lumos;AC=MS:1002732	TMT126	NT=Trypsin;AC=MS:1001251	NT=Carbamidomethyl;AC=UNIMOD:4;TA=C;MT=Fixed	NT=Oxidation;AC=UNIMOD:35;TA=M;MT=Variable	NT=Deamidated;AC=UNIMOD:7;TA=N,Q;MT=Variable	NT=TMT6plex;AC=UNIMOD:737;TA=K;MT=Variable	NT=TMT6plex;AC=UNIMOD:737;PP=N-term;MT=Variable	dithiothreitol	chloroacetamide	9	1	20210329_L1_nUT2_ES803A_TMT_U1_U937_cells_B2_F9.raw	v1.1.0	NT=ms-proteomics;VV=v1.1.0	NT=human;VV=v1.1.0	NT=cell-lines;VV=v1.1.0	manual curation	U937	untreated	B2
U937_P_B2	Homo sapiens	cell culture	adult acute monocytic leukemia	U937	CVCL_0007	U-937	37Y	male	prostratin treatment	study sample	2	20210329_L1_nUT2_ES803A_TMT_U1_U937_cells_B2_F9_TMT127N	proteomic profiling by mass spectrometry	NT=Data-dependent acquisition;AC=PRIDE:0000627	NT=Orbitrap Fusion Lumos;AC=MS:1002732	TMT127N	NT=Trypsin;AC=MS:1001251	NT=Carbamidomethyl;AC=UNIMOD:4;TA=C;MT=Fixed	NT=Oxidation;AC=UNIMOD:35;TA=M;MT=Variable	NT=Deamidated;AC=UNIMOD:7;TA=N,Q;MT=Variable	NT=TMT6plex;AC=UNIMOD:737;TA=K;MT=Variable	NT=TMT6plex;AC=UNIMOD:737;PP=N-term;MT=Variable	dithiothreitol	chloroacetamide	9	1	20210329_L1_nUT2_ES803A_TMT_U1_U937_cells_B2_F9.raw	v1.1.0	NT=ms-proteomics;VV=v1.1.0	NT=human;VV=v1.1.0	NT=cell-lines;VV=v1.1.0	manual curation	U937	prostratin treatment	B2
U937_C-DON_B2	Homo sapiens	cell culture	adult acute monocytic leukemia	U937	CVCL_0007	U-937	37Y	male	6-diazo-5-oxo-L-norleucine treatment	study sample	2	20210329_L1_nUT2_ES803A_TMT_U1_U937_cells_B2_F9_TMT127C	proteomic profiling by mass spectrometry	NT=Data-dependent acquisition;AC=PRIDE:0000627	NT=Orbitrap Fusion Lumos;AC=MS:1002732	TMT127C	NT=Trypsin;AC=MS:1001251	NT=Carbamidomethyl;AC=UNIMOD:4;TA=C;MT=Fixed	NT=Oxidation;AC=UNIMOD:35;TA=M;MT=Variable	NT=Deamidated;AC=UNIMOD:7;TA=N,Q;MT=Variable	NT=TMT6plex;AC=UNIMOD:737;TA=K;MT=Variable	NT=TMT6plex;AC=UNIMOD:737;PP=N-term;MT=Variable	dithiothreitol	chloroacetamide	9	1	20210329_L1_nUT2_ES803A_TMT_U1_U937_cells_B2_F9.raw	v1.1.0	NT=ms-proteomics;VV=v1.1.0	NT=human;VV=v1.1.0	NT=cell-lines;VV=v1.1.0	manual curation	U937	6-diazo-5-oxo-L-norleucine treatment	B2
U937_P-DON_B2	Homo sapiens	cell culture	adult acute monocytic leukemia	U937	CVCL_0007	U-937	37Y	male	prostratin and 6-diazo-5-oxo-L-norleucine treatment	study sample	2	20210329_L1_nUT2_ES803A_TMT_U1_U937_cells_B2_F9_TMT128N	proteomic profiling by mass spectrometry	NT=Data-dependent acquisition;AC=PRIDE:0000627	NT=Orbitrap Fusion Lumos;AC=MS:1002732	TMT128N	NT=Trypsin;AC=MS:1001251	NT=Carbamidomethyl;AC=UNIMOD:4;TA=C;MT=Fixed	NT=Oxidation;AC=UNIMOD:35;TA=M;MT=Variable	NT=Deamidated;AC=UNIMOD:7;TA=N,Q;MT=Variable	NT=TMT6plex;AC=UNIMOD:737;TA=K;MT=Variable	NT=TMT6plex;AC=UNIMOD:737;PP=N-term;MT=Variable	dithiothreitol	chloroacetamide	9	1	20210329_L1_nUT2_ES803A_TMT_U1_U937_cells_B2_F9.raw	v1.1.0	NT=ms-proteomics;VV=v1.1.0	NT=human;VV=v1.1.0	NT=cell-lines;VV=v1.1.0	manual curation	U937	prostratin and 6-diazo-5-oxo-L-norleucine treatment	B2
U1_C_B2	Homo sapiens	cell culture	adult acute monocytic leukemia	U1	CVCL_M769	U1/HIV-1	37Y	male	untreated	study sample	2	20210329_L1_nUT2_ES803A_TMT_U1_U937_cells_B2_F9_TMT128C	proteomic profiling by mass spectrometry	NT=Data-dependent acquisition;AC=PRIDE:0000627	NT=Orbitrap Fusion Lumos;AC=MS:1002732	TMT128C	NT=Trypsin;AC=MS:1001251	NT=Carbamidomethyl;AC=UNIMOD:4;TA=C;MT=Fixed	NT=Oxidation;AC=UNIMOD:35;TA=M;MT=Variable	NT=Deamidated;AC=UNIMOD:7;TA=N,Q;MT=Variable	NT=TMT6plex;AC=UNIMOD:737;TA=K;MT=Variable	NT=TMT6plex;AC=UNIMOD:737;PP=N-term;MT=Variable	dithiothreitol	chloroacetamide	9	1	20210329_L1_nUT2_ES803A_TMT_U1_U937_cells_B2_F9.raw	v1.1.0	NT=ms-proteomics;VV=v1.1.0	NT=human;VV=v1.1.0	NT=cell-lines;VV=v1.1.0	manual curation	U1	untreated	B2
U1_P_B2	Homo sapiens	cell culture	adult acute monocytic leukemia	U1	CVCL_M769	U1/HIV-1	37Y	male	prostratin treatment	study sample	2	20210329_L1_nUT2_ES803A_TMT_U1_U937_cells_B2_F9_TMT129N	proteomic profiling by mass spectrometry	NT=Data-dependent acquisition;AC=PRIDE:0000627	NT=Orbitrap Fusion Lumos;AC=MS:1002732	TMT129N	NT=Trypsin;AC=MS:1001251	NT=Carbamidomethyl;AC=UNIMOD:4;TA=C;MT=Fixed	NT=Oxidation;AC=UNIMOD:35;TA=M;MT=Variable	NT=Deamidated;AC=UNIMOD:7;TA=N,Q;MT=Variable	NT=TMT6plex;AC=UNIMOD:737;TA=K;MT=Variable	NT=TMT6plex;AC=UNIMOD:737;PP=N-term;MT=Variable	dithiothreitol	chloroacetamide	9	1	20210329_L1_nUT2_ES803A_TMT_U1_U937_cells_B2_F9.raw	v1.1.0	NT=ms-proteomics;VV=v1.1.0	NT=human;VV=v1.1.0	NT=cell-lines;VV=v1.1.0	manual curation	U1	prostratin treatment	B2
U1_C-DON_B2	Homo sapiens	cell culture	adult acute monocytic leukemia	U1	CVCL_M769	U1/HIV-1	37Y	male	6-diazo-5-oxo-L-norleucine treatment	study sample	2	20210329_L1_nUT2_ES803A_TMT_U1_U937_cells_B2_F9_TMT129C	proteomic profiling by mass spectrometry	NT=Data-dependent acquisition;AC=PRIDE:0000627	NT=Orbitrap Fusion Lumos;AC=MS:1002732	TMT129C	NT=Trypsin;AC=MS:1001251	NT=Carbamidomethyl;AC=UNIMOD:4;TA=C;MT=Fixed	NT=Oxidation;AC=UNIMOD:35;TA=M;MT=Variable	NT=Deamidated;AC=UNIMOD:7;TA=N,Q;MT=Variable	NT=TMT6plex;AC=UNIMOD:737;TA=K;MT=Variable	NT=TMT6plex;AC=UNIMOD:737;PP=N-term;MT=Variable	dithiothreitol	chloroacetamide	9	1	20210329_L1_nUT2_ES803A_TMT_U1_U937_cells_B2_F9.raw	v1.1.0	NT=ms-proteomics;VV=v1.1.0	NT=human;VV=v1.1.0	NT=cell-lines;VV=v1.1.0	manual curation	U1	6-diazo-5-oxo-L-norleucine treatment	B2
U1_P-DON_B2	Homo sapiens	cell culture	adult acute monocytic leukemia	U1	CVCL_M769	U1/HIV-1	37Y	male	prostratin and 6-diazo-5-oxo-L-norleucine treatment	study sample	2	20210329_L1_nUT2_ES803A_TMT_U1_U937_cells_B2_F9_TMT130N	proteomic profiling by mass spectrometry	NT=Data-dependent acquisition;AC=PRIDE:0000627	NT=Orbitrap Fusion Lumos;AC=MS:1002732	TMT130N	NT=Trypsin;AC=MS:1001251	NT=Carbamidomethyl;AC=UNIMOD:4;TA=C;MT=Fixed	NT=Oxidation;AC=UNIMOD:35;TA=M;MT=Variable	NT=Deamidated;AC=UNIMOD:7;TA=N,Q;MT=Variable	NT=TMT6plex;AC=UNIMOD:737;TA=K;MT=Variable	NT=TMT6plex;AC=UNIMOD:737;PP=N-term;MT=Variable	dithiothreitol	chloroacetamide	9	1	20210329_L1_nUT2_ES803A_TMT_U1_U937_cells_B2_F9.raw	v1.1.0	NT=ms-proteomics;VV=v1.1.0	NT=human;VV=v1.1.0	NT=cell-lines;VV=v1.1.0	manual curation	U1	prostratin and 6-diazo-5-oxo-L-norleucine treatment	B2
Pool_Pool_B2	Homo sapiens	cell culture	not applicable	Pool	not available	not available	not available	not applicable	not applicable	pooled	2	20210329_L1_nUT2_ES803A_TMT_U1_U937_cells_B2_F9_TMT131	proteomic profiling by mass spectrometry	NT=Data-dependent acquisition;AC=PRIDE:0000627	NT=Orbitrap Fusion Lumos;AC=MS:1002732	TMT131	NT=Trypsin;AC=MS:1001251	NT=Carbamidomethyl;AC=UNIMOD:4;TA=C;MT=Fixed	NT=Oxidation;AC=UNIMOD:35;TA=M;MT=Variable	NT=Deamidated;AC=UNIMOD:7;TA=N,Q;MT=Variable	NT=TMT6plex;AC=UNIMOD:737;TA=K;MT=Variable	NT=TMT6plex;AC=UNIMOD:737;PP=N-term;MT=Variable	dithiothreitol	chloroacetamide	9	1	20210329_L1_nUT2_ES803A_TMT_U1_U937_cells_B2_F9.raw	v1.1.0	NT=ms-proteomics;VV=v1.1.0	NT=human;VV=v1.1.0	NT=cell-lines;VV=v1.1.0	manual curation	Pool	not applicable	B2
U1_C-DON_B3	Homo sapiens	cell culture	adult acute monocytic leukemia	U1	CVCL_M769	U1/HIV-1	37Y	male	6-diazo-5-oxo-L-norleucine treatment	study sample	3	20210329_L1_nUT2_ES803A_TMT_U1_U937_cells_B3_F7_TMT126	proteomic profiling by mass spectrometry	NT=Data-dependent acquisition;AC=PRIDE:0000627	NT=Orbitrap Fusion Lumos;AC=MS:1002732	TMT126	NT=Trypsin;AC=MS:1001251	NT=Carbamidomethyl;AC=UNIMOD:4;TA=C;MT=Fixed	NT=Oxidation;AC=UNIMOD:35;TA=M;MT=Variable	NT=Deamidated;AC=UNIMOD:7;TA=N,Q;MT=Variable	NT=TMT6plex;AC=UNIMOD:737;TA=K;MT=Variable	NT=TMT6plex;AC=UNIMOD:737;PP=N-term;MT=Variable	dithiothreitol	chloroacetamide	7	1	20210329_L1_nUT2_ES803A_TMT_U1_U937_cells_B3_F7.raw	v1.1.0	NT=ms-proteomics;VV=v1.1.0	NT=human;VV=v1.1.0	NT=cell-lines;VV=v1.1.0	manual curation	U1	6-diazo-5-oxo-L-norleucine treatment	B3
U1_P-DON_B3	Homo sapiens	cell culture	adult acute monocytic leukemia	U1	CVCL_M769	U1/HIV-1	37Y	male	prostratin and 6-diazo-5-oxo-L-norleucine treatment	study sample	3	20210329_L1_nUT2_ES803A_TMT_U1_U937_cells_B3_F7_TMT127N	proteomic profiling by mass spectrometry	NT=Data-dependent acquisition;AC=PRIDE:0000627	NT=Orbitrap Fusion Lumos;AC=MS:1002732	TMT127N	NT=Trypsin;AC=MS:1001251	NT=Carbamidomethyl;AC=UNIMOD:4;TA=C;MT=Fixed	NT=Oxidation;AC=UNIMOD:35;TA=M;MT=Variable	NT=Deamidated;AC=UNIMOD:7;TA=N,Q;MT=Variable	NT=TMT6plex;AC=UNIMOD:737;TA=K;MT=Variable	NT=TMT6plex;AC=UNIMOD:737;PP=N-term;MT=Variable	dithiothreitol	chloroacetamide	7	1	20210329_L1_nUT2_ES803A_TMT_U1_U937_cells_B3_F7.raw	v1.1.0	NT=ms-proteomics;VV=v1.1.0	NT=human;VV=v1.1.0	NT=cell-lines;VV=v1.1.0	manual curation	U1	prostratin and 6-diazo-5-oxo-L-norleucine treatment	B3
U1_C_B3	Homo sapiens	cell culture	adult acute monocytic leukemia	U1	CVCL_M769	U1/HIV-1	37Y	male	untreated	study sample	3	20210329_L1_nUT2_ES803A_TMT_U1_U937_cells_B3_F7_TMT127C	proteomic profiling by mass spectrometry	NT=Data-dependent acquisition;AC=PRIDE:0000627	NT=Orbitrap Fusion Lumos;AC=MS:1002732	TMT127C	NT=Trypsin;AC=MS:1001251	NT=Carbamidomethyl;AC=UNIMOD:4;TA=C;MT=Fixed	NT=Oxidation;AC=UNIMOD:35;TA=M;MT=Variable	NT=Deamidated;AC=UNIMOD:7;TA=N,Q;MT=Variable	NT=TMT6plex;AC=UNIMOD:737;TA=K;MT=Variable	NT=TMT6plex;AC=UNIMOD:737;PP=N-term;MT=Variable	dithiothreitol	chloroacetamide	7	1	20210329_L1_nUT2_ES803A_TMT_U1_U937_cells_B3_F7.raw	v1.1.0	NT=ms-proteomics;VV=v1.1.0	NT=human;VV=v1.1.0	NT=cell-lines;VV=v1.1.0	manual curation	U1	untreated	B3
U1_P_B3	Homo sapiens	cell culture	adult acute monocytic leukemia	U1	CVCL_M769	U1/HIV-1	37Y	male	prostratin treatment	study sample	3	20210329_L1_nUT2_ES803A_TMT_U1_U937_cells_B3_F7_TMT128N	proteomic profiling by mass spectrometry	NT=Data-dependent acquisition;AC=PRIDE:0000627	NT=Orbitrap Fusion Lumos;AC=MS:1002732	TMT128N	NT=Trypsin;AC=MS:1001251	NT=Carbamidomethyl;AC=UNIMOD:4;TA=C;MT=Fixed	NT=Oxidation;AC=UNIMOD:35;TA=M;MT=Variable	NT=Deamidated;AC=UNIMOD:7;TA=N,Q;MT=Variable	NT=TMT6plex;AC=UNIMOD:737;TA=K;MT=Variable	NT=TMT6plex;AC=UNIMOD:737;PP=N-term;MT=Variable	dithiothreitol	chloroacetamide	7	1	20210329_L1_nUT2_ES803A_TMT_U1_U937_cells_B3_F7.raw	v1.1.0	NT=ms-proteomics;VV=v1.1.0	NT=human;VV=v1.1.0	NT=cell-lines;VV=v1.1.0	manual curation	U1	prostratin treatment	B3
U937_C-DON_B3	Homo sapiens	cell culture	adult acute monocytic leukemia	U937	CVCL_0007	U-937	37Y	male	6-diazo-5-oxo-L-norleucine treatment	study sample	3	20210329_L1_nUT2_ES803A_TMT_U1_U937_cells_B3_F7_TMT128C	proteomic profiling by mass spectrometry	NT=Data-dependent acquisition;AC=PRIDE:0000627	NT=Orbitrap Fusion Lumos;AC=MS:1002732	TMT128C	NT=Trypsin;AC=MS:1001251	NT=Carbamidomethyl;AC=UNIMOD:4;TA=C;MT=Fixed	NT=Oxidation;AC=UNIMOD:35;TA=M;MT=Variable	NT=Deamidated;AC=UNIMOD:7;TA=N,Q;MT=Variable	NT=TMT6plex;AC=UNIMOD:737;TA=K;MT=Variable	NT=TMT6plex;AC=UNIMOD:737;PP=N-term;MT=Variable	dithiothreitol	chloroacetamide	7	1	20210329_L1_nUT2_ES803A_TMT_U1_U937_cells_B3_F7.raw	v1.1.0	NT=ms-proteomics;VV=v1.1.0	NT=human;VV=v1.1.0	NT=cell-lines;VV=v1.1.0	manual curation	U937	6-diazo-5-oxo-L-norleucine treatment	B3
U937_P-DON_B3	Homo sapiens	cell culture	adult acute monocytic leukemia	U937	CVCL_0007	U-937	37Y	male	prostratin and 6-diazo-5-oxo-L-norleucine treatment	study sample	3	20210329_L1_nUT2_ES803A_TMT_U1_U937_cells_B3_F7_TMT129N	proteomic profiling by mass spectrometry	NT=Data-dependent acquisition;AC=PRIDE:0000627	NT=Orbitrap Fusion Lumos;AC=MS:1002732	TMT129N	NT=Trypsin;AC=MS:1001251	NT=Carbamidomethyl;AC=UNIMOD:4;TA=C;MT=Fixed	NT=Oxidation;AC=UNIMOD:35;TA=M;MT=Variable	NT=Deamidated;AC=UNIMOD:7;TA=N,Q;MT=Variable	NT=TMT6plex;AC=UNIMOD:737;TA=K;MT=Variable	NT=TMT6plex;AC=UNIMOD:737;PP=N-term;MT=Variable	dithiothreitol	chloroacetamide	7	1	20210329_L1_nUT2_ES803A_TMT_U1_U937_cells_B3_F7.raw	v1.1.0	NT=ms-proteomics;VV=v1.1.0	NT=human;VV=v1.1.0	NT=cell-lines;VV=v1.1.0	manual curation	U937	prostratin and 6-diazo-5-oxo-L-norleucine treatment	B3
U937_C_B3	Homo sapiens	cell culture	adult acute monocytic leukemia	U937	CVCL_0007	U-937	37Y	male	untreated	study sample	3	20210329_L1_nUT2_ES803A_TMT_U1_U937_cells_B3_F7_TMT129C	proteomic profiling by mass spectrometry	NT=Data-dependent acquisition;AC=PRIDE:0000627	NT=Orbitrap Fusion Lumos;AC=MS:1002732	TMT129C	NT=Trypsin;AC=MS:1001251	NT=Carbamidomethyl;AC=UNIMOD:4;TA=C;MT=Fixed	NT=Oxidation;AC=UNIMOD:35;TA=M;MT=Variable	NT=Deamidated;AC=UNIMOD:7;TA=N,Q;MT=Variable	NT=TMT6plex;AC=UNIMOD:737;TA=K;MT=Variable	NT=TMT6plex;AC=UNIMOD:737;PP=N-term;MT=Variable	dithiothreitol	chloroacetamide	7	1	20210329_L1_nUT2_ES803A_TMT_U1_U937_cells_B3_F7.raw	v1.1.0	NT=ms-proteomics;VV=v1.1.0	NT=human;VV=v1.1.0	NT=cell-lines;VV=v1.1.0	manual curation	U937	untreated	B3
U937_P_B3	Homo sapiens	cell culture	adult acute monocytic leukemia	U937	CVCL_0007	U-937	37Y	male	prostratin treatment	study sample	3	20210329_L1_nUT2_ES803A_TMT_U1_U937_cells_B3_F7_TMT130N	proteomic profiling by mass spectrometry	NT=Data-dependent acquisition;AC=PRIDE:0000627	NT=Orbitrap Fusion Lumos;AC=MS:1002732	TMT130N	NT=Trypsin;AC=MS:1001251	NT=Carbamidomethyl;AC=UNIMOD:4;TA=C;MT=Fixed	NT=Oxidation;AC=UNIMOD:35;TA=M;MT=Variable	NT=Deamidated;AC=UNIMOD:7;TA=N,Q;MT=Variable	NT=TMT6plex;AC=UNIMOD:737;TA=K;MT=Variable	NT=TMT6plex;AC=UNIMOD:737;PP=N-term;MT=Variable	dithiothreitol	chloroacetamide	7	1	20210329_L1_nUT2_ES803A_TMT_U1_U937_cells_B3_F7.raw	v1.1.0	NT=ms-proteomics;VV=v1.1.0	NT=human;VV=v1.1.0	NT=cell-lines;VV=v1.1.0	manual curation	U937	prostratin treatment	B3
Pool_Pool_B3	Homo sapiens	cell culture	not applicable	Pool	not available	not available	not available	not applicable	not applicable	pooled	3	20210329_L1_nUT2_ES803A_TMT_U1_U937_cells_B3_F7_TMT131	proteomic profiling by mass spectrometry	NT=Data-dependent acquisition;AC=PRIDE:0000627	NT=Orbitrap Fusion Lumos;AC=MS:1002732	TMT131	NT=Trypsin;AC=MS:1001251	NT=Carbamidomethyl;AC=UNIMOD:4;TA=C;MT=Fixed	NT=Oxidation;AC=UNIMOD:35;TA=M;MT=Variable	NT=Deamidated;AC=UNIMOD:7;TA=N,Q;MT=Variable	NT=TMT6plex;AC=UNIMOD:737;TA=K;MT=Variable	NT=TMT6plex;AC=UNIMOD:737;PP=N-term;MT=Variable	dithiothreitol	chloroacetamide	7	1	20210329_L1_nUT2_ES803A_TMT_U1_U937_cells_B3_F7.raw	v1.1.0	NT=ms-proteomics;VV=v1.1.0	NT=human;VV=v1.1.0	NT=cell-lines;VV=v1.1.0	manual curation	Pool	not applicable	B3
U1_C-DON_B3	Homo sapiens	cell culture	adult acute monocytic leukemia	U1	CVCL_M769	U1/HIV-1	37Y	male	6-diazo-5-oxo-L-norleucine treatment	study sample	3	20210329_L1_nUT2_ES803A_TMT_U1_U937_cells_B3_F6_TMT126	proteomic profiling by mass spectrometry	NT=Data-dependent acquisition;AC=PRIDE:0000627	NT=Orbitrap Fusion Lumos;AC=MS:1002732	TMT126	NT=Trypsin;AC=MS:1001251	NT=Carbamidomethyl;AC=UNIMOD:4;TA=C;MT=Fixed	NT=Oxidation;AC=UNIMOD:35;TA=M;MT=Variable	NT=Deamidated;AC=UNIMOD:7;TA=N,Q;MT=Variable	NT=TMT6plex;AC=UNIMOD:737;TA=K;MT=Variable	NT=TMT6plex;AC=UNIMOD:737;PP=N-term;MT=Variable	dithiothreitol	chloroacetamide	6	1	20210329_L1_nUT2_ES803A_TMT_U1_U937_cells_B3_F6.raw	v1.1.0	NT=ms-proteomics;VV=v1.1.0	NT=human;VV=v1.1.0	NT=cell-lines;VV=v1.1.0	manual curation	U1	6-diazo-5-oxo-L-norleucine treatment	B3
U1_P-DON_B3	Homo sapiens	cell culture	adult acute monocytic leukemia	U1	CVCL_M769	U1/HIV-1	37Y	male	prostratin and 6-diazo-5-oxo-L-norleucine treatment	study sample	3	20210329_L1_nUT2_ES803A_TMT_U1_U937_cells_B3_F6_TMT127N	proteomic profiling by mass spectrometry	NT=Data-dependent acquisition;AC=PRIDE:0000627	NT=Orbitrap Fusion Lumos;AC=MS:1002732	TMT127N	NT=Trypsin;AC=MS:1001251	NT=Carbamidomethyl;AC=UNIMOD:4;TA=C;MT=Fixed	NT=Oxidation;AC=UNIMOD:35;TA=M;MT=Variable	NT=Deamidated;AC=UNIMOD:7;TA=N,Q;MT=Variable	NT=TMT6plex;AC=UNIMOD:737;TA=K;MT=Variable	NT=TMT6plex;AC=UNIMOD:737;PP=N-term;MT=Variable	dithiothreitol	chloroacetamide	6	1	20210329_L1_nUT2_ES803A_TMT_U1_U937_cells_B3_F6.raw	v1.1.0	NT=ms-proteomics;VV=v1.1.0	NT=human;VV=v1.1.0	NT=cell-lines;VV=v1.1.0	manual curation	U1	prostratin and 6-diazo-5-oxo-L-norleucine treatment	B3
U1_C_B3	Homo sapiens	cell culture	adult acute monocytic leukemia	U1	CVCL_M769	U1/HIV-1	37Y	male	untreated	study sample	3	20210329_L1_nUT2_ES803A_TMT_U1_U937_cells_B3_F6_TMT127C	proteomic profiling by mass spectrometry	NT=Data-dependent acquisition;AC=PRIDE:0000627	NT=Orbitrap Fusion Lumos;AC=MS:1002732	TMT127C	NT=Trypsin;AC=MS:1001251	NT=Carbamidomethyl;AC=UNIMOD:4;TA=C;MT=Fixed	NT=Oxidation;AC=UNIMOD:35;TA=M;MT=Variable	NT=Deamidated;AC=UNIMOD:7;TA=N,Q;MT=Variable	NT=TMT6plex;AC=UNIMOD:737;TA=K;MT=Variable	NT=TMT6plex;AC=UNIMOD:737;PP=N-term;MT=Variable	dithiothreitol	chloroacetamide	6	1	20210329_L1_nUT2_ES803A_TMT_U1_U937_cells_B3_F6.raw	v1.1.0	NT=ms-proteomics;VV=v1.1.0	NT=human;VV=v1.1.0	NT=cell-lines;VV=v1.1.0	manual curation	U1	untreated	B3
U1_P_B3	Homo sapiens	cell culture	adult acute monocytic leukemia	U1	CVCL_M769	U1/HIV-1	37Y	male	prostratin treatment	study sample	3	20210329_L1_nUT2_ES803A_TMT_U1_U937_cells_B3_F6_TMT128N	proteomic profiling by mass spectrometry	NT=Data-dependent acquisition;AC=PRIDE:0000627	NT=Orbitrap Fusion Lumos;AC=MS:1002732	TMT128N	NT=Trypsin;AC=MS:1001251	NT=Carbamidomethyl;AC=UNIMOD:4;TA=C;MT=Fixed	NT=Oxidation;AC=UNIMOD:35;TA=M;MT=Variable	NT=Deamidated;AC=UNIMOD:7;TA=N,Q;MT=Variable	NT=TMT6plex;AC=UNIMOD:737;TA=K;MT=Variable	NT=TMT6plex;AC=UNIMOD:737;PP=N-term;MT=Variable	dithiothreitol	chloroacetamide	6	1	20210329_L1_nUT2_ES803A_TMT_U1_U937_cells_B3_F6.raw	v1.1.0	NT=ms-proteomics;VV=v1.1.0	NT=human;VV=v1.1.0	NT=cell-lines;VV=v1.1.0	manual curation	U1	prostratin treatment	B3
U937_C-DON_B3	Homo sapiens	cell culture	adult acute monocytic leukemia	U937	CVCL_0007	U-937	37Y	male	6-diazo-5-oxo-L-norleucine treatment	study sample	3	20210329_L1_nUT2_ES803A_TMT_U1_U937_cells_B3_F6_TMT128C	proteomic profiling by mass spectrometry	NT=Data-dependent acquisition;AC=PRIDE:0000627	NT=Orbitrap Fusion Lumos;AC=MS:1002732	TMT128C	NT=Trypsin;AC=MS:1001251	NT=Carbamidomethyl;AC=UNIMOD:4;TA=C;MT=Fixed	NT=Oxidation;AC=UNIMOD:35;TA=M;MT=Variable	NT=Deamidated;AC=UNIMOD:7;TA=N,Q;MT=Variable	NT=TMT6plex;AC=UNIMOD:737;TA=K;MT=Variable	NT=TMT6plex;AC=UNIMOD:737;PP=N-term;MT=Variable	dithiothreitol	chloroacetamide	6	1	20210329_L1_nUT2_ES803A_TMT_U1_U937_cells_B3_F6.raw	v1.1.0	NT=ms-proteomics;VV=v1.1.0	NT=human;VV=v1.1.0	NT=cell-lines;VV=v1.1.0	manual curation	U937	6-diazo-5-oxo-L-norleucine treatment	B3
U937_P-DON_B3	Homo sapiens	cell culture	adult acute monocytic leukemia	U937	CVCL_0007	U-937	37Y	male	prostratin and 6-diazo-5-oxo-L-norleucine treatment	study sample	3	20210329_L1_nUT2_ES803A_TMT_U1_U937_cells_B3_F6_TMT129N	proteomic profiling by mass spectrometry	NT=Data-dependent acquisition;AC=PRIDE:0000627	NT=Orbitrap Fusion Lumos;AC=MS:1002732	TMT129N	NT=Trypsin;AC=MS:1001251	NT=Carbamidomethyl;AC=UNIMOD:4;TA=C;MT=Fixed	NT=Oxidation;AC=UNIMOD:35;TA=M;MT=Variable	NT=Deamidated;AC=UNIMOD:7;TA=N,Q;MT=Variable	NT=TMT6plex;AC=UNIMOD:737;TA=K;MT=Variable	NT=TMT6plex;AC=UNIMOD:737;PP=N-term;MT=Variable	dithiothreitol	chloroacetamide	6	1	20210329_L1_nUT2_ES803A_TMT_U1_U937_cells_B3_F6.raw	v1.1.0	NT=ms-proteomics;VV=v1.1.0	NT=human;VV=v1.1.0	NT=cell-lines;VV=v1.1.0	manual curation	U937	prostratin and 6-diazo-5-oxo-L-norleucine treatment	B3
U937_C_B3	Homo sapiens	cell culture	adult acute monocytic leukemia	U937	CVCL_0007	U-937	37Y	male	untreated	study sample	3	20210329_L1_nUT2_ES803A_TMT_U1_U937_cells_B3_F6_TMT129C	proteomic profiling by mass spectrometry	NT=Data-dependent acquisition;AC=PRIDE:0000627	NT=Orbitrap Fusion Lumos;AC=MS:1002732	TMT129C	NT=Trypsin;AC=MS:1001251	NT=Carbamidomethyl;AC=UNIMOD:4;TA=C;MT=Fixed	NT=Oxidation;AC=UNIMOD:35;TA=M;MT=Variable	NT=Deamidated;AC=UNIMOD:7;TA=N,Q;MT=Variable	NT=TMT6plex;AC=UNIMOD:737;TA=K;MT=Variable	NT=TMT6plex;AC=UNIMOD:737;PP=N-term;MT=Variable	dithiothreitol	chloroacetamide	6	1	20210329_L1_nUT2_ES803A_TMT_U1_U937_cells_B3_F6.raw	v1.1.0	NT=ms-proteomics;VV=v1.1.0	NT=human;VV=v1.1.0	NT=cell-lines;VV=v1.1.0	manual curation	U937	untreated	B3
U937_P_B3	Homo sapiens	cell culture	adult acute monocytic leukemia	U937	CVCL_0007	U-937	37Y	male	prostratin treatment	study sample	3	20210329_L1_nUT2_ES803A_TMT_U1_U937_cells_B3_F6_TMT130N	proteomic profiling by mass spectrometry	NT=Data-dependent acquisition;AC=PRIDE:0000627	NT=Orbitrap Fusion Lumos;AC=MS:1002732	TMT130N	NT=Trypsin;AC=MS:1001251	NT=Carbamidomethyl;AC=UNIMOD:4;TA=C;MT=Fixed	NT=Oxidation;AC=UNIMOD:35;TA=M;MT=Variable	NT=Deamidated;AC=UNIMOD:7;TA=N,Q;MT=Variable	NT=TMT6plex;AC=UNIMOD:737;TA=K;MT=Variable	NT=TMT6plex;AC=UNIMOD:737;PP=N-term;MT=Variable	dithiothreitol	chloroacetamide	6	1	20210329_L1_nUT2_ES803A_TMT_U1_U937_cells_B3_F6.raw	v1.1.0	NT=ms-proteomics;VV=v1.1.0	NT=human;VV=v1.1.0	NT=cell-lines;VV=v1.1.0	manual curation	U937	prostratin treatment	B3
Pool_Pool_B3	Homo sapiens	cell culture	not applicable	Pool	not available	not available	not available	not applicable	not applicable	pooled	3	20210329_L1_nUT2_ES803A_TMT_U1_U937_cells_B3_F6_TMT131	proteomic profiling by mass spectrometry	NT=Data-dependent acquisition;AC=PRIDE:0000627	NT=Orbitrap Fusion Lumos;AC=MS:1002732	TMT131	NT=Trypsin;AC=MS:1001251	NT=Carbamidomethyl;AC=UNIMOD:4;TA=C;MT=Fixed	NT=Oxidation;AC=UNIMOD:35;TA=M;MT=Variable	NT=Deamidated;AC=UNIMOD:7;TA=N,Q;MT=Variable	NT=TMT6plex;AC=UNIMOD:737;TA=K;MT=Variable	NT=TMT6plex;AC=UNIMOD:737;PP=N-term;MT=Variable	dithiothreitol	chloroacetamide	6	1	20210329_L1_nUT2_ES803A_TMT_U1_U937_cells_B3_F6.raw	v1.1.0	NT=ms-proteomics;VV=v1.1.0	NT=human;VV=v1.1.0	NT=cell-lines;VV=v1.1.0	manual curation	Pool	not applicable	B3
U1_C-DON_B3	Homo sapiens	cell culture	adult acute monocytic leukemia	U1	CVCL_M769	U1/HIV-1	37Y	male	6-diazo-5-oxo-L-norleucine treatment	study sample	3	20210329_L1_nUT2_ES803A_TMT_U1_U937_cells_B3_F8_TMT126	proteomic profiling by mass spectrometry	NT=Data-dependent acquisition;AC=PRIDE:0000627	NT=Orbitrap Fusion Lumos;AC=MS:1002732	TMT126	NT=Trypsin;AC=MS:1001251	NT=Carbamidomethyl;AC=UNIMOD:4;TA=C;MT=Fixed	NT=Oxidation;AC=UNIMOD:35;TA=M;MT=Variable	NT=Deamidated;AC=UNIMOD:7;TA=N,Q;MT=Variable	NT=TMT6plex;AC=UNIMOD:737;TA=K;MT=Variable	NT=TMT6plex;AC=UNIMOD:737;PP=N-term;MT=Variable	dithiothreitol	chloroacetamide	8	1	20210329_L1_nUT2_ES803A_TMT_U1_U937_cells_B3_F8.raw	v1.1.0	NT=ms-proteomics;VV=v1.1.0	NT=human;VV=v1.1.0	NT=cell-lines;VV=v1.1.0	manual curation	U1	6-diazo-5-oxo-L-norleucine treatment	B3
U1_P-DON_B3	Homo sapiens	cell culture	adult acute monocytic leukemia	U1	CVCL_M769	U1/HIV-1	37Y	male	prostratin and 6-diazo-5-oxo-L-norleucine treatment	study sample	3	20210329_L1_nUT2_ES803A_TMT_U1_U937_cells_B3_F8_TMT127N	proteomic profiling by mass spectrometry	NT=Data-dependent acquisition;AC=PRIDE:0000627	NT=Orbitrap Fusion Lumos;AC=MS:1002732	TMT127N	NT=Trypsin;AC=MS:1001251	NT=Carbamidomethyl;AC=UNIMOD:4;TA=C;MT=Fixed	NT=Oxidation;AC=UNIMOD:35;TA=M;MT=Variable	NT=Deamidated;AC=UNIMOD:7;TA=N,Q;MT=Variable	NT=TMT6plex;AC=UNIMOD:737;TA=K;MT=Variable	NT=TMT6plex;AC=UNIMOD:737;PP=N-term;MT=Variable	dithiothreitol	chloroacetamide	8	1	20210329_L1_nUT2_ES803A_TMT_U1_U937_cells_B3_F8.raw	v1.1.0	NT=ms-proteomics;VV=v1.1.0	NT=human;VV=v1.1.0	NT=cell-lines;VV=v1.1.0	manual curation	U1	prostratin and 6-diazo-5-oxo-L-norleucine treatment	B3
U1_C_B3	Homo sapiens	cell culture	adult acute monocytic leukemia	U1	CVCL_M769	U1/HIV-1	37Y	male	untreated	study sample	3	20210329_L1_nUT2_ES803A_TMT_U1_U937_cells_B3_F8_TMT127C	proteomic profiling by mass spectrometry	NT=Data-dependent acquisition;AC=PRIDE:0000627	NT=Orbitrap Fusion Lumos;AC=MS:1002732	TMT127C	NT=Trypsin;AC=MS:1001251	NT=Carbamidomethyl;AC=UNIMOD:4;TA=C;MT=Fixed	NT=Oxidation;AC=UNIMOD:35;TA=M;MT=Variable	NT=Deamidated;AC=UNIMOD:7;TA=N,Q;MT=Variable	NT=TMT6plex;AC=UNIMOD:737;TA=K;MT=Variable	NT=TMT6plex;AC=UNIMOD:737;PP=N-term;MT=Variable	dithiothreitol	chloroacetamide	8	1	20210329_L1_nUT2_ES803A_TMT_U1_U937_cells_B3_F8.raw	v1.1.0	NT=ms-proteomics;VV=v1.1.0	NT=human;VV=v1.1.0	NT=cell-lines;VV=v1.1.0	manual curation	U1	untreated	B3
U1_P_B3	Homo sapiens	cell culture	adult acute monocytic leukemia	U1	CVCL_M769	U1/HIV-1	37Y	male	prostratin treatment	study sample	3	20210329_L1_nUT2_ES803A_TMT_U1_U937_cells_B3_F8_TMT128N	proteomic profiling by mass spectrometry	NT=Data-dependent acquisition;AC=PRIDE:0000627	NT=Orbitrap Fusion Lumos;AC=MS:1002732	TMT128N	NT=Trypsin;AC=MS:1001251	NT=Carbamidomethyl;AC=UNIMOD:4;TA=C;MT=Fixed	NT=Oxidation;AC=UNIMOD:35;TA=M;MT=Variable	NT=Deamidated;AC=UNIMOD:7;TA=N,Q;MT=Variable	NT=TMT6plex;AC=UNIMOD:737;TA=K;MT=Variable	NT=TMT6plex;AC=UNIMOD:737;PP=N-term;MT=Variable	dithiothreitol	chloroacetamide	8	1	20210329_L1_nUT2_ES803A_TMT_U1_U937_cells_B3_F8.raw	v1.1.0	NT=ms-proteomics;VV=v1.1.0	NT=human;VV=v1.1.0	NT=cell-lines;VV=v1.1.0	manual curation	U1	prostratin treatment	B3
U937_C-DON_B3	Homo sapiens	cell culture	adult acute monocytic leukemia	U937	CVCL_0007	U-937	37Y	male	6-diazo-5-oxo-L-norleucine treatment	study sample	3	20210329_L1_nUT2_ES803A_TMT_U1_U937_cells_B3_F8_TMT128C	proteomic profiling by mass spectrometry	NT=Data-dependent acquisition;AC=PRIDE:0000627	NT=Orbitrap Fusion Lumos;AC=MS:1002732	TMT128C	NT=Trypsin;AC=MS:1001251	NT=Carbamidomethyl;AC=UNIMOD:4;TA=C;MT=Fixed	NT=Oxidation;AC=UNIMOD:35;TA=M;MT=Variable	NT=Deamidated;AC=UNIMOD:7;TA=N,Q;MT=Variable	NT=TMT6plex;AC=UNIMOD:737;TA=K;MT=Variable	NT=TMT6plex;AC=UNIMOD:737;PP=N-term;MT=Variable	dithiothreitol	chloroacetamide	8	1	20210329_L1_nUT2_ES803A_TMT_U1_U937_cells_B3_F8.raw	v1.1.0	NT=ms-proteomics;VV=v1.1.0	NT=human;VV=v1.1.0	NT=cell-lines;VV=v1.1.0	manual curation	U937	6-diazo-5-oxo-L-norleucine treatment	B3
U937_P-DON_B3	Homo sapiens	cell culture	adult acute monocytic leukemia	U937	CVCL_0007	U-937	37Y	male	prostratin and 6-diazo-5-oxo-L-norleucine treatment	study sample	3	20210329_L1_nUT2_ES803A_TMT_U1_U937_cells_B3_F8_TMT129N	proteomic profiling by mass spectrometry	NT=Data-dependent acquisition;AC=PRIDE:0000627	NT=Orbitrap Fusion Lumos;AC=MS:1002732	TMT129N	NT=Trypsin;AC=MS:1001251	NT=Carbamidomethyl;AC=UNIMOD:4;TA=C;MT=Fixed	NT=Oxidation;AC=UNIMOD:35;TA=M;MT=Variable	NT=Deamidated;AC=UNIMOD:7;TA=N,Q;MT=Variable	NT=TMT6plex;AC=UNIMOD:737;TA=K;MT=Variable	NT=TMT6plex;AC=UNIMOD:737;PP=N-term;MT=Variable	dithiothreitol	chloroacetamide	8	1	20210329_L1_nUT2_ES803A_TMT_U1_U937_cells_B3_F8.raw	v1.1.0	NT=ms-proteomics;VV=v1.1.0	NT=human;VV=v1.1.0	NT=cell-lines;VV=v1.1.0	manual curation	U937	prostratin and 6-diazo-5-oxo-L-norleucine treatment	B3
U937_C_B3	Homo sapiens	cell culture	adult acute monocytic leukemia	U937	CVCL_0007	U-937	37Y	male	untreated	study sample	3	20210329_L1_nUT2_ES803A_TMT_U1_U937_cells_B3_F8_TMT129C	proteomic profiling by mass spectrometry	NT=Data-dependent acquisition;AC=PRIDE:0000627	NT=Orbitrap Fusion Lumos;AC=MS:1002732	TMT129C	NT=Trypsin;AC=MS:1001251	NT=Carbamidomethyl;AC=UNIMOD:4;TA=C;MT=Fixed	NT=Oxidation;AC=UNIMOD:35;TA=M;MT=Variable	NT=Deamidated;AC=UNIMOD:7;TA=N,Q;MT=Variable	NT=TMT6plex;AC=UNIMOD:737;TA=K;MT=Variable	NT=TMT6plex;AC=UNIMOD:737;PP=N-term;MT=Variable	dithiothreitol	chloroacetamide	8	1	20210329_L1_nUT2_ES803A_TMT_U1_U937_cells_B3_F8.raw	v1.1.0	NT=ms-proteomics;VV=v1.1.0	NT=human;VV=v1.1.0	NT=cell-lines;VV=v1.1.0	manual curation	U937	untreated	B3
U937_P_B3	Homo sapiens	cell culture	adult acute monocytic leukemia	U937	CVCL_0007	U-937	37Y	male	prostratin treatment	study sample	3	20210329_L1_nUT2_ES803A_TMT_U1_U937_cells_B3_F8_TMT130N	proteomic profiling by mass spectrometry	NT=Data-dependent acquisition;AC=PRIDE:0000627	NT=Orbitrap Fusion Lumos;AC=MS:1002732	TMT130N	NT=Trypsin;AC=MS:1001251	NT=Carbamidomethyl;AC=UNIMOD:4;TA=C;MT=Fixed	NT=Oxidation;AC=UNIMOD:35;TA=M;MT=Variable	NT=Deamidated;AC=UNIMOD:7;TA=N,Q;MT=Variable	NT=TMT6plex;AC=UNIMOD:737;TA=K;MT=Variable	NT=TMT6plex;AC=UNIMOD:737;PP=N-term;MT=Variable	dithiothreitol	chloroacetamide	8	1	20210329_L1_nUT2_ES803A_TMT_U1_U937_cells_B3_F8.raw	v1.1.0	NT=ms-proteomics;VV=v1.1.0	NT=human;VV=v1.1.0	NT=cell-lines;VV=v1.1.0	manual curation	U937	prostratin treatment	B3
Pool_Pool_B3	Homo sapiens	cell culture	not applicable	Pool	not available	not available	not available	not applicable	not applicable	pooled	3	20210329_L1_nUT2_ES803A_TMT_U1_U937_cells_B3_F8_TMT131	proteomic profiling by mass spectrometry	NT=Data-dependent acquisition;AC=PRIDE:0000627	NT=Orbitrap Fusion Lumos;AC=MS:1002732	TMT131	NT=Trypsin;AC=MS:1001251	NT=Carbamidomethyl;AC=UNIMOD:4;TA=C;MT=Fixed	NT=Oxidation;AC=UNIMOD:35;TA=M;MT=Variable	NT=Deamidated;AC=UNIMOD:7;TA=N,Q;MT=Variable	NT=TMT6plex;AC=UNIMOD:737;TA=K;MT=Variable	NT=TMT6plex;AC=UNIMOD:737;PP=N-term;MT=Variable	dithiothreitol	chloroacetamide	8	1	20210329_L1_nUT2_ES803A_TMT_U1_U937_cells_B3_F8.raw	v1.1.0	NT=ms-proteomics;VV=v1.1.0	NT=human;VV=v1.1.0	NT=cell-lines;VV=v1.1.0	manual curation	Pool	not applicable	B3
U1_C_B1	Homo sapiens	cell culture	adult acute monocytic leukemia	U1	CVCL_M769	U1/HIV-1	37Y	male	untreated	study sample	1	20210329_L1_nUT2_ES803A_TMT_U1_U937_cells_B1_F4_TMT126	proteomic profiling by mass spectrometry	NT=Data-dependent acquisition;AC=PRIDE:0000627	NT=Orbitrap Fusion Lumos;AC=MS:1002732	TMT126	NT=Trypsin;AC=MS:1001251	NT=Carbamidomethyl;AC=UNIMOD:4;TA=C;MT=Fixed	NT=Oxidation;AC=UNIMOD:35;TA=M;MT=Variable	NT=Deamidated;AC=UNIMOD:7;TA=N,Q;MT=Variable	NT=TMT6plex;AC=UNIMOD:737;TA=K;MT=Variable	NT=TMT6plex;AC=UNIMOD:737;PP=N-term;MT=Variable	dithiothreitol	chloroacetamide	4	1	20210329_L1_nUT2_ES803A_TMT_U1_U937_cells_B1_F4.raw	v1.1.0	NT=ms-proteomics;VV=v1.1.0	NT=human;VV=v1.1.0	NT=cell-lines;VV=v1.1.0	manual curation	U1	untreated	B1
U1_P_B1	Homo sapiens	cell culture	adult acute monocytic leukemia	U1	CVCL_M769	U1/HIV-1	37Y	male	prostratin treatment	study sample	1	20210329_L1_nUT2_ES803A_TMT_U1_U937_cells_B1_F4_TMT127N	proteomic profiling by mass spectrometry	NT=Data-dependent acquisition;AC=PRIDE:0000627	NT=Orbitrap Fusion Lumos;AC=MS:1002732	TMT127N	NT=Trypsin;AC=MS:1001251	NT=Carbamidomethyl;AC=UNIMOD:4;TA=C;MT=Fixed	NT=Oxidation;AC=UNIMOD:35;TA=M;MT=Variable	NT=Deamidated;AC=UNIMOD:7;TA=N,Q;MT=Variable	NT=TMT6plex;AC=UNIMOD:737;TA=K;MT=Variable	NT=TMT6plex;AC=UNIMOD:737;PP=N-term;MT=Variable	dithiothreitol	chloroacetamide	4	1	20210329_L1_nUT2_ES803A_TMT_U1_U937_cells_B1_F4.raw	v1.1.0	NT=ms-proteomics;VV=v1.1.0	NT=human;VV=v1.1.0	NT=cell-lines;VV=v1.1.0	manual curation	U1	prostratin treatment	B1
U1_C-DON_B1	Homo sapiens	cell culture	adult acute monocytic leukemia	U1	CVCL_M769	U1/HIV-1	37Y	male	6-diazo-5-oxo-L-norleucine treatment	study sample	1	20210329_L1_nUT2_ES803A_TMT_U1_U937_cells_B1_F4_TMT127C	proteomic profiling by mass spectrometry	NT=Data-dependent acquisition;AC=PRIDE:0000627	NT=Orbitrap Fusion Lumos;AC=MS:1002732	TMT127C	NT=Trypsin;AC=MS:1001251	NT=Carbamidomethyl;AC=UNIMOD:4;TA=C;MT=Fixed	NT=Oxidation;AC=UNIMOD:35;TA=M;MT=Variable	NT=Deamidated;AC=UNIMOD:7;TA=N,Q;MT=Variable	NT=TMT6plex;AC=UNIMOD:737;TA=K;MT=Variable	NT=TMT6plex;AC=UNIMOD:737;PP=N-term;MT=Variable	dithiothreitol	chloroacetamide	4	1	20210329_L1_nUT2_ES803A_TMT_U1_U937_cells_B1_F4.raw	v1.1.0	NT=ms-proteomics;VV=v1.1.0	NT=human;VV=v1.1.0	NT=cell-lines;VV=v1.1.0	manual curation	U1	6-diazo-5-oxo-L-norleucine treatment	B1
U1_P-DON_B1	Homo sapiens	cell culture	adult acute monocytic leukemia	U1	CVCL_M769	U1/HIV-1	37Y	male	prostratin and 6-diazo-5-oxo-L-norleucine treatment	study sample	1	20210329_L1_nUT2_ES803A_TMT_U1_U937_cells_B1_F4_TMT128N	proteomic profiling by mass spectrometry	NT=Data-dependent acquisition;AC=PRIDE:0000627	NT=Orbitrap Fusion Lumos;AC=MS:1002732	TMT128N	NT=Trypsin;AC=MS:1001251	NT=Carbamidomethyl;AC=UNIMOD:4;TA=C;MT=Fixed	NT=Oxidation;AC=UNIMOD:35;TA=M;MT=Variable	NT=Deamidated;AC=UNIMOD:7;TA=N,Q;MT=Variable	NT=TMT6plex;AC=UNIMOD:737;TA=K;MT=Variable	NT=TMT6plex;AC=UNIMOD:737;PP=N-term;MT=Variable	dithiothreitol	chloroacetamide	4	1	20210329_L1_nUT2_ES803A_TMT_U1_U937_cells_B1_F4.raw	v1.1.0	NT=ms-proteomics;VV=v1.1.0	NT=human;VV=v1.1.0	NT=cell-lines;VV=v1.1.0	manual curation	U1	prostratin and 6-diazo-5-oxo-L-norleucine treatment	B1
U937_C_B1	Homo sapiens	cell culture	adult acute monocytic leukemia	U937	CVCL_0007	U-937	37Y	male	untreated	study sample	1	20210329_L1_nUT2_ES803A_TMT_U1_U937_cells_B1_F4_TMT128C	proteomic profiling by mass spectrometry	NT=Data-dependent acquisition;AC=PRIDE:0000627	NT=Orbitrap Fusion Lumos;AC=MS:1002732	TMT128C	NT=Trypsin;AC=MS:1001251	NT=Carbamidomethyl;AC=UNIMOD:4;TA=C;MT=Fixed	NT=Oxidation;AC=UNIMOD:35;TA=M;MT=Variable	NT=Deamidated;AC=UNIMOD:7;TA=N,Q;MT=Variable	NT=TMT6plex;AC=UNIMOD:737;TA=K;MT=Variable	NT=TMT6plex;AC=UNIMOD:737;PP=N-term;MT=Variable	dithiothreitol	chloroacetamide	4	1	20210329_L1_nUT2_ES803A_TMT_U1_U937_cells_B1_F4.raw	v1.1.0	NT=ms-proteomics;VV=v1.1.0	NT=human;VV=v1.1.0	NT=cell-lines;VV=v1.1.0	manual curation	U937	untreated	B1
U937_P_B1	Homo sapiens	cell culture	adult acute monocytic leukemia	U937	CVCL_0007	U-937	37Y	male	prostratin treatment	study sample	1	20210329_L1_nUT2_ES803A_TMT_U1_U937_cells_B1_F4_TMT129N	proteomic profiling by mass spectrometry	NT=Data-dependent acquisition;AC=PRIDE:0000627	NT=Orbitrap Fusion Lumos;AC=MS:1002732	TMT129N	NT=Trypsin;AC=MS:1001251	NT=Carbamidomethyl;AC=UNIMOD:4;TA=C;MT=Fixed	NT=Oxidation;AC=UNIMOD:35;TA=M;MT=Variable	NT=Deamidated;AC=UNIMOD:7;TA=N,Q;MT=Variable	NT=TMT6plex;AC=UNIMOD:737;TA=K;MT=Variable	NT=TMT6plex;AC=UNIMOD:737;PP=N-term;MT=Variable	dithiothreitol	chloroacetamide	4	1	20210329_L1_nUT2_ES803A_TMT_U1_U937_cells_B1_F4.raw	v1.1.0	NT=ms-proteomics;VV=v1.1.0	NT=human;VV=v1.1.0	NT=cell-lines;VV=v1.1.0	manual curation	U937	prostratin treatment	B1
U937_C-DON_B1	Homo sapiens	cell culture	adult acute monocytic leukemia	U937	CVCL_0007	U-937	37Y	male	6-diazo-5-oxo-L-norleucine treatment	study sample	1	20210329_L1_nUT2_ES803A_TMT_U1_U937_cells_B1_F4_TMT129C	proteomic profiling by mass spectrometry	NT=Data-dependent acquisition;AC=PRIDE:0000627	NT=Orbitrap Fusion Lumos;AC=MS:1002732	TMT129C	NT=Trypsin;AC=MS:1001251	NT=Carbamidomethyl;AC=UNIMOD:4;TA=C;MT=Fixed	NT=Oxidation;AC=UNIMOD:35;TA=M;MT=Variable	NT=Deamidated;AC=UNIMOD:7;TA=N,Q;MT=Variable	NT=TMT6plex;AC=UNIMOD:737;TA=K;MT=Variable	NT=TMT6plex;AC=UNIMOD:737;PP=N-term;MT=Variable	dithiothreitol	chloroacetamide	4	1	20210329_L1_nUT2_ES803A_TMT_U1_U937_cells_B1_F4.raw	v1.1.0	NT=ms-proteomics;VV=v1.1.0	NT=human;VV=v1.1.0	NT=cell-lines;VV=v1.1.0	manual curation	U937	6-diazo-5-oxo-L-norleucine treatment	B1
U937_P-DON_B1	Homo sapiens	cell culture	adult acute monocytic leukemia	U937	CVCL_0007	U-937	37Y	male	prostratin and 6-diazo-5-oxo-L-norleucine treatment	study sample	1	20210329_L1_nUT2_ES803A_TMT_U1_U937_cells_B1_F4_TMT130N	proteomic profiling by mass spectrometry	NT=Data-dependent acquisition;AC=PRIDE:0000627	NT=Orbitrap Fusion Lumos;AC=MS:1002732	TMT130N	NT=Trypsin;AC=MS:1001251	NT=Carbamidomethyl;AC=UNIMOD:4;TA=C;MT=Fixed	NT=Oxidation;AC=UNIMOD:35;TA=M;MT=Variable	NT=Deamidated;AC=UNIMOD:7;TA=N,Q;MT=Variable	NT=TMT6plex;AC=UNIMOD:737;TA=K;MT=Variable	NT=TMT6plex;AC=UNIMOD:737;PP=N-term;MT=Variable	dithiothreitol	chloroacetamide	4	1	20210329_L1_nUT2_ES803A_TMT_U1_U937_cells_B1_F4.raw	v1.1.0	NT=ms-proteomics;VV=v1.1.0	NT=human;VV=v1.1.0	NT=cell-lines;VV=v1.1.0	manual curation	U937	prostratin and 6-diazo-5-oxo-L-norleucine treatment	B1
Pool_Pool_B1	Homo sapiens	cell culture	not applicable	Pool	not available	not available	not available	not applicable	not applicable	pooled	1	20210329_L1_nUT2_ES803A_TMT_U1_U937_cells_B1_F4_TMT131	proteomic profiling by mass spectrometry	NT=Data-dependent acquisition;AC=PRIDE:0000627	NT=Orbitrap Fusion Lumos;AC=MS:1002732	TMT131	NT=Trypsin;AC=MS:1001251	NT=Carbamidomethyl;AC=UNIMOD:4;TA=C;MT=Fixed	NT=Oxidation;AC=UNIMOD:35;TA=M;MT=Variable	NT=Deamidated;AC=UNIMOD:7;TA=N,Q;MT=Variable	NT=TMT6plex;AC=UNIMOD:737;TA=K;MT=Variable	NT=TMT6plex;AC=UNIMOD:737;PP=N-term;MT=Variable	dithiothreitol	chloroacetamide	4	1	20210329_L1_nUT2_ES803A_TMT_U1_U937_cells_B1_F4.raw	v1.1.0	NT=ms-proteomics;VV=v1.1.0	NT=human;VV=v1.1.0	NT=cell-lines;VV=v1.1.0	manual curation	Pool	not applicable	B1
U937_C_B2	Homo sapiens	cell culture	adult acute monocytic leukemia	U937	CVCL_0007	U-937	37Y	male	untreated	study sample	2	20210329_L1_nUT2_ES803A_TMT_U1_U937_cells_B2_F11_TMT126	proteomic profiling by mass spectrometry	NT=Data-dependent acquisition;AC=PRIDE:0000627	NT=Orbitrap Fusion Lumos;AC=MS:1002732	TMT126	NT=Trypsin;AC=MS:1001251	NT=Carbamidomethyl;AC=UNIMOD:4;TA=C;MT=Fixed	NT=Oxidation;AC=UNIMOD:35;TA=M;MT=Variable	NT=Deamidated;AC=UNIMOD:7;TA=N,Q;MT=Variable	NT=TMT6plex;AC=UNIMOD:737;TA=K;MT=Variable	NT=TMT6plex;AC=UNIMOD:737;PP=N-term;MT=Variable	dithiothreitol	chloroacetamide	11	1	20210329_L1_nUT2_ES803A_TMT_U1_U937_cells_B2_F11.raw	v1.1.0	NT=ms-proteomics;VV=v1.1.0	NT=human;VV=v1.1.0	NT=cell-lines;VV=v1.1.0	manual curation	U937	untreated	B2
U937_P_B2	Homo sapiens	cell culture	adult acute monocytic leukemia	U937	CVCL_0007	U-937	37Y	male	prostratin treatment	study sample	2	20210329_L1_nUT2_ES803A_TMT_U1_U937_cells_B2_F11_TMT127N	proteomic profiling by mass spectrometry	NT=Data-dependent acquisition;AC=PRIDE:0000627	NT=Orbitrap Fusion Lumos;AC=MS:1002732	TMT127N	NT=Trypsin;AC=MS:1001251	NT=Carbamidomethyl;AC=UNIMOD:4;TA=C;MT=Fixed	NT=Oxidation;AC=UNIMOD:35;TA=M;MT=Variable	NT=Deamidated;AC=UNIMOD:7;TA=N,Q;MT=Variable	NT=TMT6plex;AC=UNIMOD:737;TA=K;MT=Variable	NT=TMT6plex;AC=UNIMOD:737;PP=N-term;MT=Variable	dithiothreitol	chloroacetamide	11	1	20210329_L1_nUT2_ES803A_TMT_U1_U937_cells_B2_F11.raw	v1.1.0	NT=ms-proteomics;VV=v1.1.0	NT=human;VV=v1.1.0	NT=cell-lines;VV=v1.1.0	manual curation	U937	prostratin treatment	B2
U937_C-DON_B2	Homo sapiens	cell culture	adult acute monocytic leukemia	U937	CVCL_0007	U-937	37Y	male	6-diazo-5-oxo-L-norleucine treatment	study sample	2	20210329_L1_nUT2_ES803A_TMT_U1_U937_cells_B2_F11_TMT127C	proteomic profiling by mass spectrometry	NT=Data-dependent acquisition;AC=PRIDE:0000627	NT=Orbitrap Fusion Lumos;AC=MS:1002732	TMT127C	NT=Trypsin;AC=MS:1001251	NT=Carbamidomethyl;AC=UNIMOD:4;TA=C;MT=Fixed	NT=Oxidation;AC=UNIMOD:35;TA=M;MT=Variable	NT=Deamidated;AC=UNIMOD:7;TA=N,Q;MT=Variable	NT=TMT6plex;AC=UNIMOD:737;TA=K;MT=Variable	NT=TMT6plex;AC=UNIMOD:737;PP=N-term;MT=Variable	dithiothreitol	chloroacetamide	11	1	20210329_L1_nUT2_ES803A_TMT_U1_U937_cells_B2_F11.raw	v1.1.0	NT=ms-proteomics;VV=v1.1.0	NT=human;VV=v1.1.0	NT=cell-lines;VV=v1.1.0	manual curation	U937	6-diazo-5-oxo-L-norleucine treatment	B2
U937_P-DON_B2	Homo sapiens	cell culture	adult acute monocytic leukemia	U937	CVCL_0007	U-937	37Y	male	prostratin and 6-diazo-5-oxo-L-norleucine treatment	study sample	2	20210329_L1_nUT2_ES803A_TMT_U1_U937_cells_B2_F11_TMT128N	proteomic profiling by mass spectrometry	NT=Data-dependent acquisition;AC=PRIDE:0000627	NT=Orbitrap Fusion Lumos;AC=MS:1002732	TMT128N	NT=Trypsin;AC=MS:1001251	NT=Carbamidomethyl;AC=UNIMOD:4;TA=C;MT=Fixed	NT=Oxidation;AC=UNIMOD:35;TA=M;MT=Variable	NT=Deamidated;AC=UNIMOD:7;TA=N,Q;MT=Variable	NT=TMT6plex;AC=UNIMOD:737;TA=K;MT=Variable	NT=TMT6plex;AC=UNIMOD:737;PP=N-term;MT=Variable	dithiothreitol	chloroacetamide	11	1	20210329_L1_nUT2_ES803A_TMT_U1_U937_cells_B2_F11.raw	v1.1.0	NT=ms-proteomics;VV=v1.1.0	NT=human;VV=v1.1.0	NT=cell-lines;VV=v1.1.0	manual curation	U937	prostratin and 6-diazo-5-oxo-L-norleucine treatment	B2
U1_C_B2	Homo sapiens	cell culture	adult acute monocytic leukemia	U1	CVCL_M769	U1/HIV-1	37Y	male	untreated	study sample	2	20210329_L1_nUT2_ES803A_TMT_U1_U937_cells_B2_F11_TMT128C	proteomic profiling by mass spectrometry	NT=Data-dependent acquisition;AC=PRIDE:0000627	NT=Orbitrap Fusion Lumos;AC=MS:1002732	TMT128C	NT=Trypsin;AC=MS:1001251	NT=Carbamidomethyl;AC=UNIMOD:4;TA=C;MT=Fixed	NT=Oxidation;AC=UNIMOD:35;TA=M;MT=Variable	NT=Deamidated;AC=UNIMOD:7;TA=N,Q;MT=Variable	NT=TMT6plex;AC=UNIMOD:737;TA=K;MT=Variable	NT=TMT6plex;AC=UNIMOD:737;PP=N-term;MT=Variable	dithiothreitol	chloroacetamide	11	1	20210329_L1_nUT2_ES803A_TMT_U1_U937_cells_B2_F11.raw	v1.1.0	NT=ms-proteomics;VV=v1.1.0	NT=human;VV=v1.1.0	NT=cell-lines;VV=v1.1.0	manual curation	U1	untreated	B2
U1_P_B2	Homo sapiens	cell culture	adult acute monocytic leukemia	U1	CVCL_M769	U1/HIV-1	37Y	male	prostratin treatment	study sample	2	20210329_L1_nUT2_ES803A_TMT_U1_U937_cells_B2_F11_TMT129N	proteomic profiling by mass spectrometry	NT=Data-dependent acquisition;AC=PRIDE:0000627	NT=Orbitrap Fusion Lumos;AC=MS:1002732	TMT129N	NT=Trypsin;AC=MS:1001251	NT=Carbamidomethyl;AC=UNIMOD:4;TA=C;MT=Fixed	NT=Oxidation;AC=UNIMOD:35;TA=M;MT=Variable	NT=Deamidated;AC=UNIMOD:7;TA=N,Q;MT=Variable	NT=TMT6plex;AC=UNIMOD:737;TA=K;MT=Variable	NT=TMT6plex;AC=UNIMOD:737;PP=N-term;MT=Variable	dithiothreitol	chloroacetamide	11	1	20210329_L1_nUT2_ES803A_TMT_U1_U937_cells_B2_F11.raw	v1.1.0	NT=ms-proteomics;VV=v1.1.0	NT=human;VV=v1.1.0	NT=cell-lines;VV=v1.1.0	manual curation	U1	prostratin treatment	B2
U1_C-DON_B2	Homo sapiens	cell culture	adult acute monocytic leukemia	U1	CVCL_M769	U1/HIV-1	37Y	male	6-diazo-5-oxo-L-norleucine treatment	study sample	2	20210329_L1_nUT2_ES803A_TMT_U1_U937_cells_B2_F11_TMT129C	proteomic profiling by mass spectrometry	NT=Data-dependent acquisition;AC=PRIDE:0000627	NT=Orbitrap Fusion Lumos;AC=MS:1002732	TMT129C	NT=Trypsin;AC=MS:1001251	NT=Carbamidomethyl;AC=UNIMOD:4;TA=C;MT=Fixed	NT=Oxidation;AC=UNIMOD:35;TA=M;MT=Variable	NT=Deamidated;AC=UNIMOD:7;TA=N,Q;MT=Variable	NT=TMT6plex;AC=UNIMOD:737;TA=K;MT=Variable	NT=TMT6plex;AC=UNIMOD:737;PP=N-term;MT=Variable	dithiothreitol	chloroacetamide	11	1	20210329_L1_nUT2_ES803A_TMT_U1_U937_cells_B2_F11.raw	v1.1.0	NT=ms-proteomics;VV=v1.1.0	NT=human;VV=v1.1.0	NT=cell-lines;VV=v1.1.0	manual curation	U1	6-diazo-5-oxo-L-norleucine treatment	B2
U1_P-DON_B2	Homo sapiens	cell culture	adult acute monocytic leukemia	U1	CVCL_M769	U1/HIV-1	37Y	male	prostratin and 6-diazo-5-oxo-L-norleucine treatment	study sample	2	20210329_L1_nUT2_ES803A_TMT_U1_U937_cells_B2_F11_TMT130N	proteomic profiling by mass spectrometry	NT=Data-dependent acquisition;AC=PRIDE:0000627	NT=Orbitrap Fusion Lumos;AC=MS:1002732	TMT130N	NT=Trypsin;AC=MS:1001251	NT=Carbamidomethyl;AC=UNIMOD:4;TA=C;MT=Fixed	NT=Oxidation;AC=UNIMOD:35;TA=M;MT=Variable	NT=Deamidated;AC=UNIMOD:7;TA=N,Q;MT=Variable	NT=TMT6plex;AC=UNIMOD:737;TA=K;MT=Variable	NT=TMT6plex;AC=UNIMOD:737;PP=N-term;MT=Variable	dithiothreitol	chloroacetamide	11	1	20210329_L1_nUT2_ES803A_TMT_U1_U937_cells_B2_F11.raw	v1.1.0	NT=ms-proteomics;VV=v1.1.0	NT=human;VV=v1.1.0	NT=cell-lines;VV=v1.1.0	manual curation	U1	prostratin and 6-diazo-5-oxo-L-norleucine treatment	B2
Pool_Pool_B2	Homo sapiens	cell culture	not applicable	Pool	not available	not available	not available	not applicable	not applicable	pooled	2	20210329_L1_nUT2_ES803A_TMT_U1_U937_cells_B2_F11_TMT131	proteomic profiling by mass spectrometry	NT=Data-dependent acquisition;AC=PRIDE:0000627	NT=Orbitrap Fusion Lumos;AC=MS:1002732	TMT131	NT=Trypsin;AC=MS:1001251	NT=Carbamidomethyl;AC=UNIMOD:4;TA=C;MT=Fixed	NT=Oxidation;AC=UNIMOD:35;TA=M;MT=Variable	NT=Deamidated;AC=UNIMOD:7;TA=N,Q;MT=Variable	NT=TMT6plex;AC=UNIMOD:737;TA=K;MT=Variable	NT=TMT6plex;AC=UNIMOD:737;PP=N-term;MT=Variable	dithiothreitol	chloroacetamide	11	1	20210329_L1_nUT2_ES803A_TMT_U1_U937_cells_B2_F11.raw	v1.1.0	NT=ms-proteomics;VV=v1.1.0	NT=human;VV=v1.1.0	NT=cell-lines;VV=v1.1.0	manual curation	Pool	not applicable	B2
U1_C_B1	Homo sapiens	cell culture	adult acute monocytic leukemia	U1	CVCL_M769	U1/HIV-1	37Y	male	untreated	study sample	1	20210329_L1_nUT2_ES803A_TMT_U1_U937_cells_B1_F12_TMT126	proteomic profiling by mass spectrometry	NT=Data-dependent acquisition;AC=PRIDE:0000627	NT=Orbitrap Fusion Lumos;AC=MS:1002732	TMT126	NT=Trypsin;AC=MS:1001251	NT=Carbamidomethyl;AC=UNIMOD:4;TA=C;MT=Fixed	NT=Oxidation;AC=UNIMOD:35;TA=M;MT=Variable	NT=Deamidated;AC=UNIMOD:7;TA=N,Q;MT=Variable	NT=TMT6plex;AC=UNIMOD:737;TA=K;MT=Variable	NT=TMT6plex;AC=UNIMOD:737;PP=N-term;MT=Variable	dithiothreitol	chloroacetamide	12	1	20210329_L1_nUT2_ES803A_TMT_U1_U937_cells_B1_F12.raw	v1.1.0	NT=ms-proteomics;VV=v1.1.0	NT=human;VV=v1.1.0	NT=cell-lines;VV=v1.1.0	manual curation	U1	untreated	B1
U1_P_B1	Homo sapiens	cell culture	adult acute monocytic leukemia	U1	CVCL_M769	U1/HIV-1	37Y	male	prostratin treatment	study sample	1	20210329_L1_nUT2_ES803A_TMT_U1_U937_cells_B1_F12_TMT127N	proteomic profiling by mass spectrometry	NT=Data-dependent acquisition;AC=PRIDE:0000627	NT=Orbitrap Fusion Lumos;AC=MS:1002732	TMT127N	NT=Trypsin;AC=MS:1001251	NT=Carbamidomethyl;AC=UNIMOD:4;TA=C;MT=Fixed	NT=Oxidation;AC=UNIMOD:35;TA=M;MT=Variable	NT=Deamidated;AC=UNIMOD:7;TA=N,Q;MT=Variable	NT=TMT6plex;AC=UNIMOD:737;TA=K;MT=Variable	NT=TMT6plex;AC=UNIMOD:737;PP=N-term;MT=Variable	dithiothreitol	chloroacetamide	12	1	20210329_L1_nUT2_ES803A_TMT_U1_U937_cells_B1_F12.raw	v1.1.0	NT=ms-proteomics;VV=v1.1.0	NT=human;VV=v1.1.0	NT=cell-lines;VV=v1.1.0	manual curation	U1	prostratin treatment	B1
U1_C-DON_B1	Homo sapiens	cell culture	adult acute monocytic leukemia	U1	CVCL_M769	U1/HIV-1	37Y	male	6-diazo-5-oxo-L-norleucine treatment	study sample	1	20210329_L1_nUT2_ES803A_TMT_U1_U937_cells_B1_F12_TMT127C	proteomic profiling by mass spectrometry	NT=Data-dependent acquisition;AC=PRIDE:0000627	NT=Orbitrap Fusion Lumos;AC=MS:1002732	TMT127C	NT=Trypsin;AC=MS:1001251	NT=Carbamidomethyl;AC=UNIMOD:4;TA=C;MT=Fixed	NT=Oxidation;AC=UNIMOD:35;TA=M;MT=Variable	NT=Deamidated;AC=UNIMOD:7;TA=N,Q;MT=Variable	NT=TMT6plex;AC=UNIMOD:737;TA=K;MT=Variable	NT=TMT6plex;AC=UNIMOD:737;PP=N-term;MT=Variable	dithiothreitol	chloroacetamide	12	1	20210329_L1_nUT2_ES803A_TMT_U1_U937_cells_B1_F12.raw	v1.1.0	NT=ms-proteomics;VV=v1.1.0	NT=human;VV=v1.1.0	NT=cell-lines;VV=v1.1.0	manual curation	U1	6-diazo-5-oxo-L-norleucine treatment	B1
U1_P-DON_B1	Homo sapiens	cell culture	adult acute monocytic leukemia	U1	CVCL_M769	U1/HIV-1	37Y	male	prostratin and 6-diazo-5-oxo-L-norleucine treatment	study sample	1	20210329_L1_nUT2_ES803A_TMT_U1_U937_cells_B1_F12_TMT128N	proteomic profiling by mass spectrometry	NT=Data-dependent acquisition;AC=PRIDE:0000627	NT=Orbitrap Fusion Lumos;AC=MS:1002732	TMT128N	NT=Trypsin;AC=MS:1001251	NT=Carbamidomethyl;AC=UNIMOD:4;TA=C;MT=Fixed	NT=Oxidation;AC=UNIMOD:35;TA=M;MT=Variable	NT=Deamidated;AC=UNIMOD:7;TA=N,Q;MT=Variable	NT=TMT6plex;AC=UNIMOD:737;TA=K;MT=Variable	NT=TMT6plex;AC=UNIMOD:737;PP=N-term;MT=Variable	dithiothreitol	chloroacetamide	12	1	20210329_L1_nUT2_ES803A_TMT_U1_U937_cells_B1_F12.raw	v1.1.0	NT=ms-proteomics;VV=v1.1.0	NT=human;VV=v1.1.0	NT=cell-lines;VV=v1.1.0	manual curation	U1	prostratin and 6-diazo-5-oxo-L-norleucine treatment	B1
U937_C_B1	Homo sapiens	cell culture	adult acute monocytic leukemia	U937	CVCL_0007	U-937	37Y	male	untreated	study sample	1	20210329_L1_nUT2_ES803A_TMT_U1_U937_cells_B1_F12_TMT128C	proteomic profiling by mass spectrometry	NT=Data-dependent acquisition;AC=PRIDE:0000627	NT=Orbitrap Fusion Lumos;AC=MS:1002732	TMT128C	NT=Trypsin;AC=MS:1001251	NT=Carbamidomethyl;AC=UNIMOD:4;TA=C;MT=Fixed	NT=Oxidation;AC=UNIMOD:35;TA=M;MT=Variable	NT=Deamidated;AC=UNIMOD:7;TA=N,Q;MT=Variable	NT=TMT6plex;AC=UNIMOD:737;TA=K;MT=Variable	NT=TMT6plex;AC=UNIMOD:737;PP=N-term;MT=Variable	dithiothreitol	chloroacetamide	12	1	20210329_L1_nUT2_ES803A_TMT_U1_U937_cells_B1_F12.raw	v1.1.0	NT=ms-proteomics;VV=v1.1.0	NT=human;VV=v1.1.0	NT=cell-lines;VV=v1.1.0	manual curation	U937	untreated	B1
U937_P_B1	Homo sapiens	cell culture	adult acute monocytic leukemia	U937	CVCL_0007	U-937	37Y	male	prostratin treatment	study sample	1	20210329_L1_nUT2_ES803A_TMT_U1_U937_cells_B1_F12_TMT129N	proteomic profiling by mass spectrometry	NT=Data-dependent acquisition;AC=PRIDE:0000627	NT=Orbitrap Fusion Lumos;AC=MS:1002732	TMT129N	NT=Trypsin;AC=MS:1001251	NT=Carbamidomethyl;AC=UNIMOD:4;TA=C;MT=Fixed	NT=Oxidation;AC=UNIMOD:35;TA=M;MT=Variable	NT=Deamidated;AC=UNIMOD:7;TA=N,Q;MT=Variable	NT=TMT6plex;AC=UNIMOD:737;TA=K;MT=Variable	NT=TMT6plex;AC=UNIMOD:737;PP=N-term;MT=Variable	dithiothreitol	chloroacetamide	12	1	20210329_L1_nUT2_ES803A_TMT_U1_U937_cells_B1_F12.raw	v1.1.0	NT=ms-proteomics;VV=v1.1.0	NT=human;VV=v1.1.0	NT=cell-lines;VV=v1.1.0	manual curation	U937	prostratin treatment	B1
U937_C-DON_B1	Homo sapiens	cell culture	adult acute monocytic leukemia	U937	CVCL_0007	U-937	37Y	male	6-diazo-5-oxo-L-norleucine treatment	study sample	1	20210329_L1_nUT2_ES803A_TMT_U1_U937_cells_B1_F12_TMT129C	proteomic profiling by mass spectrometry	NT=Data-dependent acquisition;AC=PRIDE:0000627	NT=Orbitrap Fusion Lumos;AC=MS:1002732	TMT129C	NT=Trypsin;AC=MS:1001251	NT=Carbamidomethyl;AC=UNIMOD:4;TA=C;MT=Fixed	NT=Oxidation;AC=UNIMOD:35;TA=M;MT=Variable	NT=Deamidated;AC=UNIMOD:7;TA=N,Q;MT=Variable	NT=TMT6plex;AC=UNIMOD:737;TA=K;MT=Variable	NT=TMT6plex;AC=UNIMOD:737;PP=N-term;MT=Variable	dithiothreitol	chloroacetamide	12	1	20210329_L1_nUT2_ES803A_TMT_U1_U937_cells_B1_F12.raw	v1.1.0	NT=ms-proteomics;VV=v1.1.0	NT=human;VV=v1.1.0	NT=cell-lines;VV=v1.1.0	manual curation	U937	6-diazo-5-oxo-L-norleucine treatment	B1
U937_P-DON_B1	Homo sapiens	cell culture	adult acute monocytic leukemia	U937	CVCL_0007	U-937	37Y	male	prostratin and 6-diazo-5-oxo-L-norleucine treatment	study sample	1	20210329_L1_nUT2_ES803A_TMT_U1_U937_cells_B1_F12_TMT130N	proteomic profiling by mass spectrometry	NT=Data-dependent acquisition;AC=PRIDE:0000627	NT=Orbitrap Fusion Lumos;AC=MS:1002732	TMT130N	NT=Trypsin;AC=MS:1001251	NT=Carbamidomethyl;AC=UNIMOD:4;TA=C;MT=Fixed	NT=Oxidation;AC=UNIMOD:35;TA=M;MT=Variable	NT=Deamidated;AC=UNIMOD:7;TA=N,Q;MT=Variable	NT=TMT6plex;AC=UNIMOD:737;TA=K;MT=Variable	NT=TMT6plex;AC=UNIMOD:737;PP=N-term;MT=Variable	dithiothreitol	chloroacetamide	12	1	20210329_L1_nUT2_ES803A_TMT_U1_U937_cells_B1_F12.raw	v1.1.0	NT=ms-proteomics;VV=v1.1.0	NT=human;VV=v1.1.0	NT=cell-lines;VV=v1.1.0	manual curation	U937	prostratin and 6-diazo-5-oxo-L-norleucine treatment	B1
Pool_Pool_B1	Homo sapiens	cell culture	not applicable	Pool	not available	not available	not available	not applicable	not applicable	pooled	1	20210329_L1_nUT2_ES803A_TMT_U1_U937_cells_B1_F12_TMT131	proteomic profiling by mass spectrometry	NT=Data-dependent acquisition;AC=PRIDE:0000627	NT=Orbitrap Fusion Lumos;AC=MS:1002732	TMT131	NT=Trypsin;AC=MS:1001251	NT=Carbamidomethyl;AC=UNIMOD:4;TA=C;MT=Fixed	NT=Oxidation;AC=UNIMOD:35;TA=M;MT=Variable	NT=Deamidated;AC=UNIMOD:7;TA=N,Q;MT=Variable	NT=TMT6plex;AC=UNIMOD:737;TA=K;MT=Variable	NT=TMT6plex;AC=UNIMOD:737;PP=N-term;MT=Variable	dithiothreitol	chloroacetamide	12	1	20210329_L1_nUT2_ES803A_TMT_U1_U937_cells_B1_F12.raw	v1.1.0	NT=ms-proteomics;VV=v1.1.0	NT=human;VV=v1.1.0	NT=cell-lines;VV=v1.1.0	manual curation	Pool	not applicable	B1
U1_C_B1	Homo sapiens	cell culture	adult acute monocytic leukemia	U1	CVCL_M769	U1/HIV-1	37Y	male	untreated	study sample	1	20210329_L1_nUT2_ES803A_TMT_U1_U937_cells_B1_F2_TMT126	proteomic profiling by mass spectrometry	NT=Data-dependent acquisition;AC=PRIDE:0000627	NT=Orbitrap Fusion Lumos;AC=MS:1002732	TMT126	NT=Trypsin;AC=MS:1001251	NT=Carbamidomethyl;AC=UNIMOD:4;TA=C;MT=Fixed	NT=Oxidation;AC=UNIMOD:35;TA=M;MT=Variable	NT=Deamidated;AC=UNIMOD:7;TA=N,Q;MT=Variable	NT=TMT6plex;AC=UNIMOD:737;TA=K;MT=Variable	NT=TMT6plex;AC=UNIMOD:737;PP=N-term;MT=Variable	dithiothreitol	chloroacetamide	2	1	20210329_L1_nUT2_ES803A_TMT_U1_U937_cells_B1_F2.raw	v1.1.0	NT=ms-proteomics;VV=v1.1.0	NT=human;VV=v1.1.0	NT=cell-lines;VV=v1.1.0	manual curation	U1	untreated	B1
U1_P_B1	Homo sapiens	cell culture	adult acute monocytic leukemia	U1	CVCL_M769	U1/HIV-1	37Y	male	prostratin treatment	study sample	1	20210329_L1_nUT2_ES803A_TMT_U1_U937_cells_B1_F2_TMT127N	proteomic profiling by mass spectrometry	NT=Data-dependent acquisition;AC=PRIDE:0000627	NT=Orbitrap Fusion Lumos;AC=MS:1002732	TMT127N	NT=Trypsin;AC=MS:1001251	NT=Carbamidomethyl;AC=UNIMOD:4;TA=C;MT=Fixed	NT=Oxidation;AC=UNIMOD:35;TA=M;MT=Variable	NT=Deamidated;AC=UNIMOD:7;TA=N,Q;MT=Variable	NT=TMT6plex;AC=UNIMOD:737;TA=K;MT=Variable	NT=TMT6plex;AC=UNIMOD:737;PP=N-term;MT=Variable	dithiothreitol	chloroacetamide	2	1	20210329_L1_nUT2_ES803A_TMT_U1_U937_cells_B1_F2.raw	v1.1.0	NT=ms-proteomics;VV=v1.1.0	NT=human;VV=v1.1.0	NT=cell-lines;VV=v1.1.0	manual curation	U1	prostratin treatment	B1
U1_C-DON_B1	Homo sapiens	cell culture	adult acute monocytic leukemia	U1	CVCL_M769	U1/HIV-1	37Y	male	6-diazo-5-oxo-L-norleucine treatment	study sample	1	20210329_L1_nUT2_ES803A_TMT_U1_U937_cells_B1_F2_TMT127C	proteomic profiling by mass spectrometry	NT=Data-dependent acquisition;AC=PRIDE:0000627	NT=Orbitrap Fusion Lumos;AC=MS:1002732	TMT127C	NT=Trypsin;AC=MS:1001251	NT=Carbamidomethyl;AC=UNIMOD:4;TA=C;MT=Fixed	NT=Oxidation;AC=UNIMOD:35;TA=M;MT=Variable	NT=Deamidated;AC=UNIMOD:7;TA=N,Q;MT=Variable	NT=TMT6plex;AC=UNIMOD:737;TA=K;MT=Variable	NT=TMT6plex;AC=UNIMOD:737;PP=N-term;MT=Variable	dithiothreitol	chloroacetamide	2	1	20210329_L1_nUT2_ES803A_TMT_U1_U937_cells_B1_F2.raw	v1.1.0	NT=ms-proteomics;VV=v1.1.0	NT=human;VV=v1.1.0	NT=cell-lines;VV=v1.1.0	manual curation	U1	6-diazo-5-oxo-L-norleucine treatment	B1
U1_P-DON_B1	Homo sapiens	cell culture	adult acute monocytic leukemia	U1	CVCL_M769	U1/HIV-1	37Y	male	prostratin and 6-diazo-5-oxo-L-norleucine treatment	study sample	1	20210329_L1_nUT2_ES803A_TMT_U1_U937_cells_B1_F2_TMT128N	proteomic profiling by mass spectrometry	NT=Data-dependent acquisition;AC=PRIDE:0000627	NT=Orbitrap Fusion Lumos;AC=MS:1002732	TMT128N	NT=Trypsin;AC=MS:1001251	NT=Carbamidomethyl;AC=UNIMOD:4;TA=C;MT=Fixed	NT=Oxidation;AC=UNIMOD:35;TA=M;MT=Variable	NT=Deamidated;AC=UNIMOD:7;TA=N,Q;MT=Variable	NT=TMT6plex;AC=UNIMOD:737;TA=K;MT=Variable	NT=TMT6plex;AC=UNIMOD:737;PP=N-term;MT=Variable	dithiothreitol	chloroacetamide	2	1	20210329_L1_nUT2_ES803A_TMT_U1_U937_cells_B1_F2.raw	v1.1.0	NT=ms-proteomics;VV=v1.1.0	NT=human;VV=v1.1.0	NT=cell-lines;VV=v1.1.0	manual curation	U1	prostratin and 6-diazo-5-oxo-L-norleucine treatment	B1
U937_C_B1	Homo sapiens	cell culture	adult acute monocytic leukemia	U937	CVCL_0007	U-937	37Y	male	untreated	study sample	1	20210329_L1_nUT2_ES803A_TMT_U1_U937_cells_B1_F2_TMT128C	proteomic profiling by mass spectrometry	NT=Data-dependent acquisition;AC=PRIDE:0000627	NT=Orbitrap Fusion Lumos;AC=MS:1002732	TMT128C	NT=Trypsin;AC=MS:1001251	NT=Carbamidomethyl;AC=UNIMOD:4;TA=C;MT=Fixed	NT=Oxidation;AC=UNIMOD:35;TA=M;MT=Variable	NT=Deamidated;AC=UNIMOD:7;TA=N,Q;MT=Variable	NT=TMT6plex;AC=UNIMOD:737;TA=K;MT=Variable	NT=TMT6plex;AC=UNIMOD:737;PP=N-term;MT=Variable	dithiothreitol	chloroacetamide	2	1	20210329_L1_nUT2_ES803A_TMT_U1_U937_cells_B1_F2.raw	v1.1.0	NT=ms-proteomics;VV=v1.1.0	NT=human;VV=v1.1.0	NT=cell-lines;VV=v1.1.0	manual curation	U937	untreated	B1
U937_P_B1	Homo sapiens	cell culture	adult acute monocytic leukemia	U937	CVCL_0007	U-937	37Y	male	prostratin treatment	study sample	1	20210329_L1_nUT2_ES803A_TMT_U1_U937_cells_B1_F2_TMT129N	proteomic profiling by mass spectrometry	NT=Data-dependent acquisition;AC=PRIDE:0000627	NT=Orbitrap Fusion Lumos;AC=MS:1002732	TMT129N	NT=Trypsin;AC=MS:1001251	NT=Carbamidomethyl;AC=UNIMOD:4;TA=C;MT=Fixed	NT=Oxidation;AC=UNIMOD:35;TA=M;MT=Variable	NT=Deamidated;AC=UNIMOD:7;TA=N,Q;MT=Variable	NT=TMT6plex;AC=UNIMOD:737;TA=K;MT=Variable	NT=TMT6plex;AC=UNIMOD:737;PP=N-term;MT=Variable	dithiothreitol	chloroacetamide	2	1	20210329_L1_nUT2_ES803A_TMT_U1_U937_cells_B1_F2.raw	v1.1.0	NT=ms-proteomics;VV=v1.1.0	NT=human;VV=v1.1.0	NT=cell-lines;VV=v1.1.0	manual curation	U937	prostratin treatment	B1
U937_C-DON_B1	Homo sapiens	cell culture	adult acute monocytic leukemia	U937	CVCL_0007	U-937	37Y	male	6-diazo-5-oxo-L-norleucine treatment	study sample	1	20210329_L1_nUT2_ES803A_TMT_U1_U937_cells_B1_F2_TMT129C	proteomic profiling by mass spectrometry	NT=Data-dependent acquisition;AC=PRIDE:0000627	NT=Orbitrap Fusion Lumos;AC=MS:1002732	TMT129C	NT=Trypsin;AC=MS:1001251	NT=Carbamidomethyl;AC=UNIMOD:4;TA=C;MT=Fixed	NT=Oxidation;AC=UNIMOD:35;TA=M;MT=Variable	NT=Deamidated;AC=UNIMOD:7;TA=N,Q;MT=Variable	NT=TMT6plex;AC=UNIMOD:737;TA=K;MT=Variable	NT=TMT6plex;AC=UNIMOD:737;PP=N-term;MT=Variable	dithiothreitol	chloroacetamide	2	1	20210329_L1_nUT2_ES803A_TMT_U1_U937_cells_B1_F2.raw	v1.1.0	NT=ms-proteomics;VV=v1.1.0	NT=human;VV=v1.1.0	NT=cell-lines;VV=v1.1.0	manual curation	U937	6-diazo-5-oxo-L-norleucine treatment	B1
U937_P-DON_B1	Homo sapiens	cell culture	adult acute monocytic leukemia	U937	CVCL_0007	U-937	37Y	male	prostratin and 6-diazo-5-oxo-L-norleucine treatment	study sample	1	20210329_L1_nUT2_ES803A_TMT_U1_U937_cells_B1_F2_TMT130N	proteomic profiling by mass spectrometry	NT=Data-dependent acquisition;AC=PRIDE:0000627	NT=Orbitrap Fusion Lumos;AC=MS:1002732	TMT130N	NT=Trypsin;AC=MS:1001251	NT=Carbamidomethyl;AC=UNIMOD:4;TA=C;MT=Fixed	NT=Oxidation;AC=UNIMOD:35;TA=M;MT=Variable	NT=Deamidated;AC=UNIMOD:7;TA=N,Q;MT=Variable	NT=TMT6plex;AC=UNIMOD:737;TA=K;MT=Variable	NT=TMT6plex;AC=UNIMOD:737;PP=N-term;MT=Variable	dithiothreitol	chloroacetamide	2	1	20210329_L1_nUT2_ES803A_TMT_U1_U937_cells_B1_F2.raw	v1.1.0	NT=ms-proteomics;VV=v1.1.0	NT=human;VV=v1.1.0	NT=cell-lines;VV=v1.1.0	manual curation	U937	prostratin and 6-diazo-5-oxo-L-norleucine treatment	B1
Pool_Pool_B1	Homo sapiens	cell culture	not applicable	Pool	not available	not available	not available	not applicable	not applicable	pooled	1	20210329_L1_nUT2_ES803A_TMT_U1_U937_cells_B1_F2_TMT131	proteomic profiling by mass spectrometry	NT=Data-dependent acquisition;AC=PRIDE:0000627	NT=Orbitrap Fusion Lumos;AC=MS:1002732	TMT131	NT=Trypsin;AC=MS:1001251	NT=Carbamidomethyl;AC=UNIMOD:4;TA=C;MT=Fixed	NT=Oxidation;AC=UNIMOD:35;TA=M;MT=Variable	NT=Deamidated;AC=UNIMOD:7;TA=N,Q;MT=Variable	NT=TMT6plex;AC=UNIMOD:737;TA=K;MT=Variable	NT=TMT6plex;AC=UNIMOD:737;PP=N-term;MT=Variable	dithiothreitol	chloroacetamide	2	1	20210329_L1_nUT2_ES803A_TMT_U1_U937_cells_B1_F2.raw	v1.1.0	NT=ms-proteomics;VV=v1.1.0	NT=human;VV=v1.1.0	NT=cell-lines;VV=v1.1.0	manual curation	Pool	not applicable	B1
U937_C_B2	Homo sapiens	cell culture	adult acute monocytic leukemia	U937	CVCL_0007	U-937	37Y	male	untreated	study sample	2	20210329_L1_nUT2_ES803A_TMT_U1_U937_cells_B2_F4_TMT126	proteomic profiling by mass spectrometry	NT=Data-dependent acquisition;AC=PRIDE:0000627	NT=Orbitrap Fusion Lumos;AC=MS:1002732	TMT126	NT=Trypsin;AC=MS:1001251	NT=Carbamidomethyl;AC=UNIMOD:4;TA=C;MT=Fixed	NT=Oxidation;AC=UNIMOD:35;TA=M;MT=Variable	NT=Deamidated;AC=UNIMOD:7;TA=N,Q;MT=Variable	NT=TMT6plex;AC=UNIMOD:737;TA=K;MT=Variable	NT=TMT6plex;AC=UNIMOD:737;PP=N-term;MT=Variable	dithiothreitol	chloroacetamide	4	1	20210329_L1_nUT2_ES803A_TMT_U1_U937_cells_B2_F4.raw	v1.1.0	NT=ms-proteomics;VV=v1.1.0	NT=human;VV=v1.1.0	NT=cell-lines;VV=v1.1.0	manual curation	U937	untreated	B2
U937_P_B2	Homo sapiens	cell culture	adult acute monocytic leukemia	U937	CVCL_0007	U-937	37Y	male	prostratin treatment	study sample	2	20210329_L1_nUT2_ES803A_TMT_U1_U937_cells_B2_F4_TMT127N	proteomic profiling by mass spectrometry	NT=Data-dependent acquisition;AC=PRIDE:0000627	NT=Orbitrap Fusion Lumos;AC=MS:1002732	TMT127N	NT=Trypsin;AC=MS:1001251	NT=Carbamidomethyl;AC=UNIMOD:4;TA=C;MT=Fixed	NT=Oxidation;AC=UNIMOD:35;TA=M;MT=Variable	NT=Deamidated;AC=UNIMOD:7;TA=N,Q;MT=Variable	NT=TMT6plex;AC=UNIMOD:737;TA=K;MT=Variable	NT=TMT6plex;AC=UNIMOD:737;PP=N-term;MT=Variable	dithiothreitol	chloroacetamide	4	1	20210329_L1_nUT2_ES803A_TMT_U1_U937_cells_B2_F4.raw	v1.1.0	NT=ms-proteomics;VV=v1.1.0	NT=human;VV=v1.1.0	NT=cell-lines;VV=v1.1.0	manual curation	U937	prostratin treatment	B2
U937_C-DON_B2	Homo sapiens	cell culture	adult acute monocytic leukemia	U937	CVCL_0007	U-937	37Y	male	6-diazo-5-oxo-L-norleucine treatment	study sample	2	20210329_L1_nUT2_ES803A_TMT_U1_U937_cells_B2_F4_TMT127C	proteomic profiling by mass spectrometry	NT=Data-dependent acquisition;AC=PRIDE:0000627	NT=Orbitrap Fusion Lumos;AC=MS:1002732	TMT127C	NT=Trypsin;AC=MS:1001251	NT=Carbamidomethyl;AC=UNIMOD:4;TA=C;MT=Fixed	NT=Oxidation;AC=UNIMOD:35;TA=M;MT=Variable	NT=Deamidated;AC=UNIMOD:7;TA=N,Q;MT=Variable	NT=TMT6plex;AC=UNIMOD:737;TA=K;MT=Variable	NT=TMT6plex;AC=UNIMOD:737;PP=N-term;MT=Variable	dithiothreitol	chloroacetamide	4	1	20210329_L1_nUT2_ES803A_TMT_U1_U937_cells_B2_F4.raw	v1.1.0	NT=ms-proteomics;VV=v1.1.0	NT=human;VV=v1.1.0	NT=cell-lines;VV=v1.1.0	manual curation	U937	6-diazo-5-oxo-L-norleucine treatment	B2
U937_P-DON_B2	Homo sapiens	cell culture	adult acute monocytic leukemia	U937	CVCL_0007	U-937	37Y	male	prostratin and 6-diazo-5-oxo-L-norleucine treatment	study sample	2	20210329_L1_nUT2_ES803A_TMT_U1_U937_cells_B2_F4_TMT128N	proteomic profiling by mass spectrometry	NT=Data-dependent acquisition;AC=PRIDE:0000627	NT=Orbitrap Fusion Lumos;AC=MS:1002732	TMT128N	NT=Trypsin;AC=MS:1001251	NT=Carbamidomethyl;AC=UNIMOD:4;TA=C;MT=Fixed	NT=Oxidation;AC=UNIMOD:35;TA=M;MT=Variable	NT=Deamidated;AC=UNIMOD:7;TA=N,Q;MT=Variable	NT=TMT6plex;AC=UNIMOD:737;TA=K;MT=Variable	NT=TMT6plex;AC=UNIMOD:737;PP=N-term;MT=Variable	dithiothreitol	chloroacetamide	4	1	20210329_L1_nUT2_ES803A_TMT_U1_U937_cells_B2_F4.raw	v1.1.0	NT=ms-proteomics;VV=v1.1.0	NT=human;VV=v1.1.0	NT=cell-lines;VV=v1.1.0	manual curation	U937	prostratin and 6-diazo-5-oxo-L-norleucine treatment	B2
U1_C_B2	Homo sapiens	cell culture	adult acute monocytic leukemia	U1	CVCL_M769	U1/HIV-1	37Y	male	untreated	study sample	2	20210329_L1_nUT2_ES803A_TMT_U1_U937_cells_B2_F4_TMT128C	proteomic profiling by mass spectrometry	NT=Data-dependent acquisition;AC=PRIDE:0000627	NT=Orbitrap Fusion Lumos;AC=MS:1002732	TMT128C	NT=Trypsin;AC=MS:1001251	NT=Carbamidomethyl;AC=UNIMOD:4;TA=C;MT=Fixed	NT=Oxidation;AC=UNIMOD:35;TA=M;MT=Variable	NT=Deamidated;AC=UNIMOD:7;TA=N,Q;MT=Variable	NT=TMT6plex;AC=UNIMOD:737;TA=K;MT=Variable	NT=TMT6plex;AC=UNIMOD:737;PP=N-term;MT=Variable	dithiothreitol	chloroacetamide	4	1	20210329_L1_nUT2_ES803A_TMT_U1_U937_cells_B2_F4.raw	v1.1.0	NT=ms-proteomics;VV=v1.1.0	NT=human;VV=v1.1.0	NT=cell-lines;VV=v1.1.0	manual curation	U1	untreated	B2
U1_P_B2	Homo sapiens	cell culture	adult acute monocytic leukemia	U1	CVCL_M769	U1/HIV-1	37Y	male	prostratin treatment	study sample	2	20210329_L1_nUT2_ES803A_TMT_U1_U937_cells_B2_F4_TMT129N	proteomic profiling by mass spectrometry	NT=Data-dependent acquisition;AC=PRIDE:0000627	NT=Orbitrap Fusion Lumos;AC=MS:1002732	TMT129N	NT=Trypsin;AC=MS:1001251	NT=Carbamidomethyl;AC=UNIMOD:4;TA=C;MT=Fixed	NT=Oxidation;AC=UNIMOD:35;TA=M;MT=Variable	NT=Deamidated;AC=UNIMOD:7;TA=N,Q;MT=Variable	NT=TMT6plex;AC=UNIMOD:737;TA=K;MT=Variable	NT=TMT6plex;AC=UNIMOD:737;PP=N-term;MT=Variable	dithiothreitol	chloroacetamide	4	1	20210329_L1_nUT2_ES803A_TMT_U1_U937_cells_B2_F4.raw	v1.1.0	NT=ms-proteomics;VV=v1.1.0	NT=human;VV=v1.1.0	NT=cell-lines;VV=v1.1.0	manual curation	U1	prostratin treatment	B2
U1_C-DON_B2	Homo sapiens	cell culture	adult acute monocytic leukemia	U1	CVCL_M769	U1/HIV-1	37Y	male	6-diazo-5-oxo-L-norleucine treatment	study sample	2	20210329_L1_nUT2_ES803A_TMT_U1_U937_cells_B2_F4_TMT129C	proteomic profiling by mass spectrometry	NT=Data-dependent acquisition;AC=PRIDE:0000627	NT=Orbitrap Fusion Lumos;AC=MS:1002732	TMT129C	NT=Trypsin;AC=MS:1001251	NT=Carbamidomethyl;AC=UNIMOD:4;TA=C;MT=Fixed	NT=Oxidation;AC=UNIMOD:35;TA=M;MT=Variable	NT=Deamidated;AC=UNIMOD:7;TA=N,Q;MT=Variable	NT=TMT6plex;AC=UNIMOD:737;TA=K;MT=Variable	NT=TMT6plex;AC=UNIMOD:737;PP=N-term;MT=Variable	dithiothreitol	chloroacetamide	4	1	20210329_L1_nUT2_ES803A_TMT_U1_U937_cells_B2_F4.raw	v1.1.0	NT=ms-proteomics;VV=v1.1.0	NT=human;VV=v1.1.0	NT=cell-lines;VV=v1.1.0	manual curation	U1	6-diazo-5-oxo-L-norleucine treatment	B2
U1_P-DON_B2	Homo sapiens	cell culture	adult acute monocytic leukemia	U1	CVCL_M769	U1/HIV-1	37Y	male	prostratin and 6-diazo-5-oxo-L-norleucine treatment	study sample	2	20210329_L1_nUT2_ES803A_TMT_U1_U937_cells_B2_F4_TMT130N	proteomic profiling by mass spectrometry	NT=Data-dependent acquisition;AC=PRIDE:0000627	NT=Orbitrap Fusion Lumos;AC=MS:1002732	TMT130N	NT=Trypsin;AC=MS:1001251	NT=Carbamidomethyl;AC=UNIMOD:4;TA=C;MT=Fixed	NT=Oxidation;AC=UNIMOD:35;TA=M;MT=Variable	NT=Deamidated;AC=UNIMOD:7;TA=N,Q;MT=Variable	NT=TMT6plex;AC=UNIMOD:737;TA=K;MT=Variable	NT=TMT6plex;AC=UNIMOD:737;PP=N-term;MT=Variable	dithiothreitol	chloroacetamide	4	1	20210329_L1_nUT2_ES803A_TMT_U1_U937_cells_B2_F4.raw	v1.1.0	NT=ms-proteomics;VV=v1.1.0	NT=human;VV=v1.1.0	NT=cell-lines;VV=v1.1.0	manual curation	U1	prostratin and 6-diazo-5-oxo-L-norleucine treatment	B2
Pool_Pool_B2	Homo sapiens	cell culture	not applicable	Pool	not available	not available	not available	not applicable	not applicable	pooled	2	20210329_L1_nUT2_ES803A_TMT_U1_U937_cells_B2_F4_TMT131	proteomic profiling by mass spectrometry	NT=Data-dependent acquisition;AC=PRIDE:0000627	NT=Orbitrap Fusion Lumos;AC=MS:1002732	TMT131	NT=Trypsin;AC=MS:1001251	NT=Carbamidomethyl;AC=UNIMOD:4;TA=C;MT=Fixed	NT=Oxidation;AC=UNIMOD:35;TA=M;MT=Variable	NT=Deamidated;AC=UNIMOD:7;TA=N,Q;MT=Variable	NT=TMT6plex;AC=UNIMOD:737;TA=K;MT=Variable	NT=TMT6plex;AC=UNIMOD:737;PP=N-term;MT=Variable	dithiothreitol	chloroacetamide	4	1	20210329_L1_nUT2_ES803A_TMT_U1_U937_cells_B2_F4.raw	v1.1.0	NT=ms-proteomics;VV=v1.1.0	NT=human;VV=v1.1.0	NT=cell-lines;VV=v1.1.0	manual curation	Pool	not applicable	B2
U1_C_B1	Homo sapiens	cell culture	adult acute monocytic leukemia	U1	CVCL_M769	U1/HIV-1	37Y	male	untreated	study sample	1	20210329_L1_nUT2_ES803A_TMT_U1_U937_cells_B1_F11_TMT126	proteomic profiling by mass spectrometry	NT=Data-dependent acquisition;AC=PRIDE:0000627	NT=Orbitrap Fusion Lumos;AC=MS:1002732	TMT126	NT=Trypsin;AC=MS:1001251	NT=Carbamidomethyl;AC=UNIMOD:4;TA=C;MT=Fixed	NT=Oxidation;AC=UNIMOD:35;TA=M;MT=Variable	NT=Deamidated;AC=UNIMOD:7;TA=N,Q;MT=Variable	NT=TMT6plex;AC=UNIMOD:737;TA=K;MT=Variable	NT=TMT6plex;AC=UNIMOD:737;PP=N-term;MT=Variable	dithiothreitol	chloroacetamide	11	1	20210329_L1_nUT2_ES803A_TMT_U1_U937_cells_B1_F11.raw	v1.1.0	NT=ms-proteomics;VV=v1.1.0	NT=human;VV=v1.1.0	NT=cell-lines;VV=v1.1.0	manual curation	U1	untreated	B1
U1_P_B1	Homo sapiens	cell culture	adult acute monocytic leukemia	U1	CVCL_M769	U1/HIV-1	37Y	male	prostratin treatment	study sample	1	20210329_L1_nUT2_ES803A_TMT_U1_U937_cells_B1_F11_TMT127N	proteomic profiling by mass spectrometry	NT=Data-dependent acquisition;AC=PRIDE:0000627	NT=Orbitrap Fusion Lumos;AC=MS:1002732	TMT127N	NT=Trypsin;AC=MS:1001251	NT=Carbamidomethyl;AC=UNIMOD:4;TA=C;MT=Fixed	NT=Oxidation;AC=UNIMOD:35;TA=M;MT=Variable	NT=Deamidated;AC=UNIMOD:7;TA=N,Q;MT=Variable	NT=TMT6plex;AC=UNIMOD:737;TA=K;MT=Variable	NT=TMT6plex;AC=UNIMOD:737;PP=N-term;MT=Variable	dithiothreitol	chloroacetamide	11	1	20210329_L1_nUT2_ES803A_TMT_U1_U937_cells_B1_F11.raw	v1.1.0	NT=ms-proteomics;VV=v1.1.0	NT=human;VV=v1.1.0	NT=cell-lines;VV=v1.1.0	manual curation	U1	prostratin treatment	B1
U1_C-DON_B1	Homo sapiens	cell culture	adult acute monocytic leukemia	U1	CVCL_M769	U1/HIV-1	37Y	male	6-diazo-5-oxo-L-norleucine treatment	study sample	1	20210329_L1_nUT2_ES803A_TMT_U1_U937_cells_B1_F11_TMT127C	proteomic profiling by mass spectrometry	NT=Data-dependent acquisition;AC=PRIDE:0000627	NT=Orbitrap Fusion Lumos;AC=MS:1002732	TMT127C	NT=Trypsin;AC=MS:1001251	NT=Carbamidomethyl;AC=UNIMOD:4;TA=C;MT=Fixed	NT=Oxidation;AC=UNIMOD:35;TA=M;MT=Variable	NT=Deamidated;AC=UNIMOD:7;TA=N,Q;MT=Variable	NT=TMT6plex;AC=UNIMOD:737;TA=K;MT=Variable	NT=TMT6plex;AC=UNIMOD:737;PP=N-term;MT=Variable	dithiothreitol	chloroacetamide	11	1	20210329_L1_nUT2_ES803A_TMT_U1_U937_cells_B1_F11.raw	v1.1.0	NT=ms-proteomics;VV=v1.1.0	NT=human;VV=v1.1.0	NT=cell-lines;VV=v1.1.0	manual curation	U1	6-diazo-5-oxo-L-norleucine treatment	B1
U1_P-DON_B1	Homo sapiens	cell culture	adult acute monocytic leukemia	U1	CVCL_M769	U1/HIV-1	37Y	male	prostratin and 6-diazo-5-oxo-L-norleucine treatment	study sample	1	20210329_L1_nUT2_ES803A_TMT_U1_U937_cells_B1_F11_TMT128N	proteomic profiling by mass spectrometry	NT=Data-dependent acquisition;AC=PRIDE:0000627	NT=Orbitrap Fusion Lumos;AC=MS:1002732	TMT128N	NT=Trypsin;AC=MS:1001251	NT=Carbamidomethyl;AC=UNIMOD:4;TA=C;MT=Fixed	NT=Oxidation;AC=UNIMOD:35;TA=M;MT=Variable	NT=Deamidated;AC=UNIMOD:7;TA=N,Q;MT=Variable	NT=TMT6plex;AC=UNIMOD:737;TA=K;MT=Variable	NT=TMT6plex;AC=UNIMOD:737;PP=N-term;MT=Variable	dithiothreitol	chloroacetamide	11	1	20210329_L1_nUT2_ES803A_TMT_U1_U937_cells_B1_F11.raw	v1.1.0	NT=ms-proteomics;VV=v1.1.0	NT=human;VV=v1.1.0	NT=cell-lines;VV=v1.1.0	manual curation	U1	prostratin and 6-diazo-5-oxo-L-norleucine treatment	B1
U937_C_B1	Homo sapiens	cell culture	adult acute monocytic leukemia	U937	CVCL_0007	U-937	37Y	male	untreated	study sample	1	20210329_L1_nUT2_ES803A_TMT_U1_U937_cells_B1_F11_TMT128C	proteomic profiling by mass spectrometry	NT=Data-dependent acquisition;AC=PRIDE:0000627	NT=Orbitrap Fusion Lumos;AC=MS:1002732	TMT128C	NT=Trypsin;AC=MS:1001251	NT=Carbamidomethyl;AC=UNIMOD:4;TA=C;MT=Fixed	NT=Oxidation;AC=UNIMOD:35;TA=M;MT=Variable	NT=Deamidated;AC=UNIMOD:7;TA=N,Q;MT=Variable	NT=TMT6plex;AC=UNIMOD:737;TA=K;MT=Variable	NT=TMT6plex;AC=UNIMOD:737;PP=N-term;MT=Variable	dithiothreitol	chloroacetamide	11	1	20210329_L1_nUT2_ES803A_TMT_U1_U937_cells_B1_F11.raw	v1.1.0	NT=ms-proteomics;VV=v1.1.0	NT=human;VV=v1.1.0	NT=cell-lines;VV=v1.1.0	manual curation	U937	untreated	B1
U937_P_B1	Homo sapiens	cell culture	adult acute monocytic leukemia	U937	CVCL_0007	U-937	37Y	male	prostratin treatment	study sample	1	20210329_L1_nUT2_ES803A_TMT_U1_U937_cells_B1_F11_TMT129N	proteomic profiling by mass spectrometry	NT=Data-dependent acquisition;AC=PRIDE:0000627	NT=Orbitrap Fusion Lumos;AC=MS:1002732	TMT129N	NT=Trypsin;AC=MS:1001251	NT=Carbamidomethyl;AC=UNIMOD:4;TA=C;MT=Fixed	NT=Oxidation;AC=UNIMOD:35;TA=M;MT=Variable	NT=Deamidated;AC=UNIMOD:7;TA=N,Q;MT=Variable	NT=TMT6plex;AC=UNIMOD:737;TA=K;MT=Variable	NT=TMT6plex;AC=UNIMOD:737;PP=N-term;MT=Variable	dithiothreitol	chloroacetamide	11	1	20210329_L1_nUT2_ES803A_TMT_U1_U937_cells_B1_F11.raw	v1.1.0	NT=ms-proteomics;VV=v1.1.0	NT=human;VV=v1.1.0	NT=cell-lines;VV=v1.1.0	manual curation	U937	prostratin treatment	B1
U937_C-DON_B1	Homo sapiens	cell culture	adult acute monocytic leukemia	U937	CVCL_0007	U-937	37Y	male	6-diazo-5-oxo-L-norleucine treatment	study sample	1	20210329_L1_nUT2_ES803A_TMT_U1_U937_cells_B1_F11_TMT129C	proteomic profiling by mass spectrometry	NT=Data-dependent acquisition;AC=PRIDE:0000627	NT=Orbitrap Fusion Lumos;AC=MS:1002732	TMT129C	NT=Trypsin;AC=MS:1001251	NT=Carbamidomethyl;AC=UNIMOD:4;TA=C;MT=Fixed	NT=Oxidation;AC=UNIMOD:35;TA=M;MT=Variable	NT=Deamidated;AC=UNIMOD:7;TA=N,Q;MT=Variable	NT=TMT6plex;AC=UNIMOD:737;TA=K;MT=Variable	NT=TMT6plex;AC=UNIMOD:737;PP=N-term;MT=Variable	dithiothreitol	chloroacetamide	11	1	20210329_L1_nUT2_ES803A_TMT_U1_U937_cells_B1_F11.raw	v1.1.0	NT=ms-proteomics;VV=v1.1.0	NT=human;VV=v1.1.0	NT=cell-lines;VV=v1.1.0	manual curation	U937	6-diazo-5-oxo-L-norleucine treatment	B1
U937_P-DON_B1	Homo sapiens	cell culture	adult acute monocytic leukemia	U937	CVCL_0007	U-937	37Y	male	prostratin and 6-diazo-5-oxo-L-norleucine treatment	study sample	1	20210329_L1_nUT2_ES803A_TMT_U1_U937_cells_B1_F11_TMT130N	proteomic profiling by mass spectrometry	NT=Data-dependent acquisition;AC=PRIDE:0000627	NT=Orbitrap Fusion Lumos;AC=MS:1002732	TMT130N	NT=Trypsin;AC=MS:1001251	NT=Carbamidomethyl;AC=UNIMOD:4;TA=C;MT=Fixed	NT=Oxidation;AC=UNIMOD:35;TA=M;MT=Variable	NT=Deamidated;AC=UNIMOD:7;TA=N,Q;MT=Variable	NT=TMT6plex;AC=UNIMOD:737;TA=K;MT=Variable	NT=TMT6plex;AC=UNIMOD:737;PP=N-term;MT=Variable	dithiothreitol	chloroacetamide	11	1	20210329_L1_nUT2_ES803A_TMT_U1_U937_cells_B1_F11.raw	v1.1.0	NT=ms-proteomics;VV=v1.1.0	NT=human;VV=v1.1.0	NT=cell-lines;VV=v1.1.0	manual curation	U937	prostratin and 6-diazo-5-oxo-L-norleucine treatment	B1
Pool_Pool_B1	Homo sapiens	cell culture	not applicable	Pool	not available	not available	not available	not applicable	not applicable	pooled	1	20210329_L1_nUT2_ES803A_TMT_U1_U937_cells_B1_F11_TMT131	proteomic profiling by mass spectrometry	NT=Data-dependent acquisition;AC=PRIDE:0000627	NT=Orbitrap Fusion Lumos;AC=MS:1002732	TMT131	NT=Trypsin;AC=MS:1001251	NT=Carbamidomethyl;AC=UNIMOD:4;TA=C;MT=Fixed	NT=Oxidation;AC=UNIMOD:35;TA=M;MT=Variable	NT=Deamidated;AC=UNIMOD:7;TA=N,Q;MT=Variable	NT=TMT6plex;AC=UNIMOD:737;TA=K;MT=Variable	NT=TMT6plex;AC=UNIMOD:737;PP=N-term;MT=Variable	dithiothreitol	chloroacetamide	11	1	20210329_L1_nUT2_ES803A_TMT_U1_U937_cells_B1_F11.raw	v1.1.0	NT=ms-proteomics;VV=v1.1.0	NT=human;VV=v1.1.0	NT=cell-lines;VV=v1.1.0	manual curation	Pool	not applicable	B1
U1_C-DON_B3	Homo sapiens	cell culture	adult acute monocytic leukemia	U1	CVCL_M769	U1/HIV-1	37Y	male	6-diazo-5-oxo-L-norleucine treatment	study sample	3	20210329_L1_nUT2_ES803A_TMT_U1_U937_cells_B3_F9_TMT126	proteomic profiling by mass spectrometry	NT=Data-dependent acquisition;AC=PRIDE:0000627	NT=Orbitrap Fusion Lumos;AC=MS:1002732	TMT126	NT=Trypsin;AC=MS:1001251	NT=Carbamidomethyl;AC=UNIMOD:4;TA=C;MT=Fixed	NT=Oxidation;AC=UNIMOD:35;TA=M;MT=Variable	NT=Deamidated;AC=UNIMOD:7;TA=N,Q;MT=Variable	NT=TMT6plex;AC=UNIMOD:737;TA=K;MT=Variable	NT=TMT6plex;AC=UNIMOD:737;PP=N-term;MT=Variable	dithiothreitol	chloroacetamide	9	1	20210329_L1_nUT2_ES803A_TMT_U1_U937_cells_B3_F9.raw	v1.1.0	NT=ms-proteomics;VV=v1.1.0	NT=human;VV=v1.1.0	NT=cell-lines;VV=v1.1.0	manual curation	U1	6-diazo-5-oxo-L-norleucine treatment	B3
U1_P-DON_B3	Homo sapiens	cell culture	adult acute monocytic leukemia	U1	CVCL_M769	U1/HIV-1	37Y	male	prostratin and 6-diazo-5-oxo-L-norleucine treatment	study sample	3	20210329_L1_nUT2_ES803A_TMT_U1_U937_cells_B3_F9_TMT127N	proteomic profiling by mass spectrometry	NT=Data-dependent acquisition;AC=PRIDE:0000627	NT=Orbitrap Fusion Lumos;AC=MS:1002732	TMT127N	NT=Trypsin;AC=MS:1001251	NT=Carbamidomethyl;AC=UNIMOD:4;TA=C;MT=Fixed	NT=Oxidation;AC=UNIMOD:35;TA=M;MT=Variable	NT=Deamidated;AC=UNIMOD:7;TA=N,Q;MT=Variable	NT=TMT6plex;AC=UNIMOD:737;TA=K;MT=Variable	NT=TMT6plex;AC=UNIMOD:737;PP=N-term;MT=Variable	dithiothreitol	chloroacetamide	9	1	20210329_L1_nUT2_ES803A_TMT_U1_U937_cells_B3_F9.raw	v1.1.0	NT=ms-proteomics;VV=v1.1.0	NT=human;VV=v1.1.0	NT=cell-lines;VV=v1.1.0	manual curation	U1	prostratin and 6-diazo-5-oxo-L-norleucine treatment	B3
U1_C_B3	Homo sapiens	cell culture	adult acute monocytic leukemia	U1	CVCL_M769	U1/HIV-1	37Y	male	untreated	study sample	3	20210329_L1_nUT2_ES803A_TMT_U1_U937_cells_B3_F9_TMT127C	proteomic profiling by mass spectrometry	NT=Data-dependent acquisition;AC=PRIDE:0000627	NT=Orbitrap Fusion Lumos;AC=MS:1002732	TMT127C	NT=Trypsin;AC=MS:1001251	NT=Carbamidomethyl;AC=UNIMOD:4;TA=C;MT=Fixed	NT=Oxidation;AC=UNIMOD:35;TA=M;MT=Variable	NT=Deamidated;AC=UNIMOD:7;TA=N,Q;MT=Variable	NT=TMT6plex;AC=UNIMOD:737;TA=K;MT=Variable	NT=TMT6plex;AC=UNIMOD:737;PP=N-term;MT=Variable	dithiothreitol	chloroacetamide	9	1	20210329_L1_nUT2_ES803A_TMT_U1_U937_cells_B3_F9.raw	v1.1.0	NT=ms-proteomics;VV=v1.1.0	NT=human;VV=v1.1.0	NT=cell-lines;VV=v1.1.0	manual curation	U1	untreated	B3
U1_P_B3	Homo sapiens	cell culture	adult acute monocytic leukemia	U1	CVCL_M769	U1/HIV-1	37Y	male	prostratin treatment	study sample	3	20210329_L1_nUT2_ES803A_TMT_U1_U937_cells_B3_F9_TMT128N	proteomic profiling by mass spectrometry	NT=Data-dependent acquisition;AC=PRIDE:0000627	NT=Orbitrap Fusion Lumos;AC=MS:1002732	TMT128N	NT=Trypsin;AC=MS:1001251	NT=Carbamidomethyl;AC=UNIMOD:4;TA=C;MT=Fixed	NT=Oxidation;AC=UNIMOD:35;TA=M;MT=Variable	NT=Deamidated;AC=UNIMOD:7;TA=N,Q;MT=Variable	NT=TMT6plex;AC=UNIMOD:737;TA=K;MT=Variable	NT=TMT6plex;AC=UNIMOD:737;PP=N-term;MT=Variable	dithiothreitol	chloroacetamide	9	1	20210329_L1_nUT2_ES803A_TMT_U1_U937_cells_B3_F9.raw	v1.1.0	NT=ms-proteomics;VV=v1.1.0	NT=human;VV=v1.1.0	NT=cell-lines;VV=v1.1.0	manual curation	U1	prostratin treatment	B3
U937_C-DON_B3	Homo sapiens	cell culture	adult acute monocytic leukemia	U937	CVCL_0007	U-937	37Y	male	6-diazo-5-oxo-L-norleucine treatment	study sample	3	20210329_L1_nUT2_ES803A_TMT_U1_U937_cells_B3_F9_TMT128C	proteomic profiling by mass spectrometry	NT=Data-dependent acquisition;AC=PRIDE:0000627	NT=Orbitrap Fusion Lumos;AC=MS:1002732	TMT128C	NT=Trypsin;AC=MS:1001251	NT=Carbamidomethyl;AC=UNIMOD:4;TA=C;MT=Fixed	NT=Oxidation;AC=UNIMOD:35;TA=M;MT=Variable	NT=Deamidated;AC=UNIMOD:7;TA=N,Q;MT=Variable	NT=TMT6plex;AC=UNIMOD:737;TA=K;MT=Variable	NT=TMT6plex;AC=UNIMOD:737;PP=N-term;MT=Variable	dithiothreitol	chloroacetamide	9	1	20210329_L1_nUT2_ES803A_TMT_U1_U937_cells_B3_F9.raw	v1.1.0	NT=ms-proteomics;VV=v1.1.0	NT=human;VV=v1.1.0	NT=cell-lines;VV=v1.1.0	manual curation	U937	6-diazo-5-oxo-L-norleucine treatment	B3
U937_P-DON_B3	Homo sapiens	cell culture	adult acute monocytic leukemia	U937	CVCL_0007	U-937	37Y	male	prostratin and 6-diazo-5-oxo-L-norleucine treatment	study sample	3	20210329_L1_nUT2_ES803A_TMT_U1_U937_cells_B3_F9_TMT129N	proteomic profiling by mass spectrometry	NT=Data-dependent acquisition;AC=PRIDE:0000627	NT=Orbitrap Fusion Lumos;AC=MS:1002732	TMT129N	NT=Trypsin;AC=MS:1001251	NT=Carbamidomethyl;AC=UNIMOD:4;TA=C;MT=Fixed	NT=Oxidation;AC=UNIMOD:35;TA=M;MT=Variable	NT=Deamidated;AC=UNIMOD:7;TA=N,Q;MT=Variable	NT=TMT6plex;AC=UNIMOD:737;TA=K;MT=Variable	NT=TMT6plex;AC=UNIMOD:737;PP=N-term;MT=Variable	dithiothreitol	chloroacetamide	9	1	20210329_L1_nUT2_ES803A_TMT_U1_U937_cells_B3_F9.raw	v1.1.0	NT=ms-proteomics;VV=v1.1.0	NT=human;VV=v1.1.0	NT=cell-lines;VV=v1.1.0	manual curation	U937	prostratin and 6-diazo-5-oxo-L-norleucine treatment	B3
U937_C_B3	Homo sapiens	cell culture	adult acute monocytic leukemia	U937	CVCL_0007	U-937	37Y	male	untreated	study sample	3	20210329_L1_nUT2_ES803A_TMT_U1_U937_cells_B3_F9_TMT129C	proteomic profiling by mass spectrometry	NT=Data-dependent acquisition;AC=PRIDE:0000627	NT=Orbitrap Fusion Lumos;AC=MS:1002732	TMT129C	NT=Trypsin;AC=MS:1001251	NT=Carbamidomethyl;AC=UNIMOD:4;TA=C;MT=Fixed	NT=Oxidation;AC=UNIMOD:35;TA=M;MT=Variable	NT=Deamidated;AC=UNIMOD:7;TA=N,Q;MT=Variable	NT=TMT6plex;AC=UNIMOD:737;TA=K;MT=Variable	NT=TMT6plex;AC=UNIMOD:737;PP=N-term;MT=Variable	dithiothreitol	chloroacetamide	9	1	20210329_L1_nUT2_ES803A_TMT_U1_U937_cells_B3_F9.raw	v1.1.0	NT=ms-proteomics;VV=v1.1.0	NT=human;VV=v1.1.0	NT=cell-lines;VV=v1.1.0	manual curation	U937	untreated	B3
U937_P_B3	Homo sapiens	cell culture	adult acute monocytic leukemia	U937	CVCL_0007	U-937	37Y	male	prostratin treatment	study sample	3	20210329_L1_nUT2_ES803A_TMT_U1_U937_cells_B3_F9_TMT130N	proteomic profiling by mass spectrometry	NT=Data-dependent acquisition;AC=PRIDE:0000627	NT=Orbitrap Fusion Lumos;AC=MS:1002732	TMT130N	NT=Trypsin;AC=MS:1001251	NT=Carbamidomethyl;AC=UNIMOD:4;TA=C;MT=Fixed	NT=Oxidation;AC=UNIMOD:35;TA=M;MT=Variable	NT=Deamidated;AC=UNIMOD:7;TA=N,Q;MT=Variable	NT=TMT6plex;AC=UNIMOD:737;TA=K;MT=Variable	NT=TMT6plex;AC=UNIMOD:737;PP=N-term;MT=Variable	dithiothreitol	chloroacetamide	9	1	20210329_L1_nUT2_ES803A_TMT_U1_U937_cells_B3_F9.raw	v1.1.0	NT=ms-proteomics;VV=v1.1.0	NT=human;VV=v1.1.0	NT=cell-lines;VV=v1.1.0	manual curation	U937	prostratin treatment	B3
Pool_Pool_B3	Homo sapiens	cell culture	not applicable	Pool	not available	not available	not available	not applicable	not applicable	pooled	3	20210329_L1_nUT2_ES803A_TMT_U1_U937_cells_B3_F9_TMT131	proteomic profiling by mass spectrometry	NT=Data-dependent acquisition;AC=PRIDE:0000627	NT=Orbitrap Fusion Lumos;AC=MS:1002732	TMT131	NT=Trypsin;AC=MS:1001251	NT=Carbamidomethyl;AC=UNIMOD:4;TA=C;MT=Fixed	NT=Oxidation;AC=UNIMOD:35;TA=M;MT=Variable	NT=Deamidated;AC=UNIMOD:7;TA=N,Q;MT=Variable	NT=TMT6plex;AC=UNIMOD:737;TA=K;MT=Variable	NT=TMT6plex;AC=UNIMOD:737;PP=N-term;MT=Variable	dithiothreitol	chloroacetamide	9	1	20210329_L1_nUT2_ES803A_TMT_U1_U937_cells_B3_F9.raw	v1.1.0	NT=ms-proteomics;VV=v1.1.0	NT=human;VV=v1.1.0	NT=cell-lines;VV=v1.1.0	manual curation	Pool	not applicable	B3
U1_C_B1	Homo sapiens	cell culture	adult acute monocytic leukemia	U1	CVCL_M769	U1/HIV-1	37Y	male	untreated	study sample	1	20210329_L1_nUT2_ES803A_TMT_U1_U937_cells_B1_F1_TMT126	proteomic profiling by mass spectrometry	NT=Data-dependent acquisition;AC=PRIDE:0000627	NT=Orbitrap Fusion Lumos;AC=MS:1002732	TMT126	NT=Trypsin;AC=MS:1001251	NT=Carbamidomethyl;AC=UNIMOD:4;TA=C;MT=Fixed	NT=Oxidation;AC=UNIMOD:35;TA=M;MT=Variable	NT=Deamidated;AC=UNIMOD:7;TA=N,Q;MT=Variable	NT=TMT6plex;AC=UNIMOD:737;TA=K;MT=Variable	NT=TMT6plex;AC=UNIMOD:737;PP=N-term;MT=Variable	dithiothreitol	chloroacetamide	1	1	20210329_L1_nUT2_ES803A_TMT_U1_U937_cells_B1_F1.raw	v1.1.0	NT=ms-proteomics;VV=v1.1.0	NT=human;VV=v1.1.0	NT=cell-lines;VV=v1.1.0	manual curation	U1	untreated	B1
U1_P_B1	Homo sapiens	cell culture	adult acute monocytic leukemia	U1	CVCL_M769	U1/HIV-1	37Y	male	prostratin treatment	study sample	1	20210329_L1_nUT2_ES803A_TMT_U1_U937_cells_B1_F1_TMT127N	proteomic profiling by mass spectrometry	NT=Data-dependent acquisition;AC=PRIDE:0000627	NT=Orbitrap Fusion Lumos;AC=MS:1002732	TMT127N	NT=Trypsin;AC=MS:1001251	NT=Carbamidomethyl;AC=UNIMOD:4;TA=C;MT=Fixed	NT=Oxidation;AC=UNIMOD:35;TA=M;MT=Variable	NT=Deamidated;AC=UNIMOD:7;TA=N,Q;MT=Variable	NT=TMT6plex;AC=UNIMOD:737;TA=K;MT=Variable	NT=TMT6plex;AC=UNIMOD:737;PP=N-term;MT=Variable	dithiothreitol	chloroacetamide	1	1	20210329_L1_nUT2_ES803A_TMT_U1_U937_cells_B1_F1.raw	v1.1.0	NT=ms-proteomics;VV=v1.1.0	NT=human;VV=v1.1.0	NT=cell-lines;VV=v1.1.0	manual curation	U1	prostratin treatment	B1
U1_C-DON_B1	Homo sapiens	cell culture	adult acute monocytic leukemia	U1	CVCL_M769	U1/HIV-1	37Y	male	6-diazo-5-oxo-L-norleucine treatment	study sample	1	20210329_L1_nUT2_ES803A_TMT_U1_U937_cells_B1_F1_TMT127C	proteomic profiling by mass spectrometry	NT=Data-dependent acquisition;AC=PRIDE:0000627	NT=Orbitrap Fusion Lumos;AC=MS:1002732	TMT127C	NT=Trypsin;AC=MS:1001251	NT=Carbamidomethyl;AC=UNIMOD:4;TA=C;MT=Fixed	NT=Oxidation;AC=UNIMOD:35;TA=M;MT=Variable	NT=Deamidated;AC=UNIMOD:7;TA=N,Q;MT=Variable	NT=TMT6plex;AC=UNIMOD:737;TA=K;MT=Variable	NT=TMT6plex;AC=UNIMOD:737;PP=N-term;MT=Variable	dithiothreitol	chloroacetamide	1	1	20210329_L1_nUT2_ES803A_TMT_U1_U937_cells_B1_F1.raw	v1.1.0	NT=ms-proteomics;VV=v1.1.0	NT=human;VV=v1.1.0	NT=cell-lines;VV=v1.1.0	manual curation	U1	6-diazo-5-oxo-L-norleucine treatment	B1
U1_P-DON_B1	Homo sapiens	cell culture	adult acute monocytic leukemia	U1	CVCL_M769	U1/HIV-1	37Y	male	prostratin and 6-diazo-5-oxo-L-norleucine treatment	study sample	1	20210329_L1_nUT2_ES803A_TMT_U1_U937_cells_B1_F1_TMT128N	proteomic profiling by mass spectrometry	NT=Data-dependent acquisition;AC=PRIDE:0000627	NT=Orbitrap Fusion Lumos;AC=MS:1002732	TMT128N	NT=Trypsin;AC=MS:1001251	NT=Carbamidomethyl;AC=UNIMOD:4;TA=C;MT=Fixed	NT=Oxidation;AC=UNIMOD:35;TA=M;MT=Variable	NT=Deamidated;AC=UNIMOD:7;TA=N,Q;MT=Variable	NT=TMT6plex;AC=UNIMOD:737;TA=K;MT=Variable	NT=TMT6plex;AC=UNIMOD:737;PP=N-term;MT=Variable	dithiothreitol	chloroacetamide	1	1	20210329_L1_nUT2_ES803A_TMT_U1_U937_cells_B1_F1.raw	v1.1.0	NT=ms-proteomics;VV=v1.1.0	NT=human;VV=v1.1.0	NT=cell-lines;VV=v1.1.0	manual curation	U1	prostratin and 6-diazo-5-oxo-L-norleucine treatment	B1
U937_C_B1	Homo sapiens	cell culture	adult acute monocytic leukemia	U937	CVCL_0007	U-937	37Y	male	untreated	study sample	1	20210329_L1_nUT2_ES803A_TMT_U1_U937_cells_B1_F1_TMT128C	proteomic profiling by mass spectrometry	NT=Data-dependent acquisition;AC=PRIDE:0000627	NT=Orbitrap Fusion Lumos;AC=MS:1002732	TMT128C	NT=Trypsin;AC=MS:1001251	NT=Carbamidomethyl;AC=UNIMOD:4;TA=C;MT=Fixed	NT=Oxidation;AC=UNIMOD:35;TA=M;MT=Variable	NT=Deamidated;AC=UNIMOD:7;TA=N,Q;MT=Variable	NT=TMT6plex;AC=UNIMOD:737;TA=K;MT=Variable	NT=TMT6plex;AC=UNIMOD:737;PP=N-term;MT=Variable	dithiothreitol	chloroacetamide	1	1	20210329_L1_nUT2_ES803A_TMT_U1_U937_cells_B1_F1.raw	v1.1.0	NT=ms-proteomics;VV=v1.1.0	NT=human;VV=v1.1.0	NT=cell-lines;VV=v1.1.0	manual curation	U937	untreated	B1
U937_P_B1	Homo sapiens	cell culture	adult acute monocytic leukemia	U937	CVCL_0007	U-937	37Y	male	prostratin treatment	study sample	1	20210329_L1_nUT2_ES803A_TMT_U1_U937_cells_B1_F1_TMT129N	proteomic profiling by mass spectrometry	NT=Data-dependent acquisition;AC=PRIDE:0000627	NT=Orbitrap Fusion Lumos;AC=MS:1002732	TMT129N	NT=Trypsin;AC=MS:1001251	NT=Carbamidomethyl;AC=UNIMOD:4;TA=C;MT=Fixed	NT=Oxidation;AC=UNIMOD:35;TA=M;MT=Variable	NT=Deamidated;AC=UNIMOD:7;TA=N,Q;MT=Variable	NT=TMT6plex;AC=UNIMOD:737;TA=K;MT=Variable	NT=TMT6plex;AC=UNIMOD:737;PP=N-term;MT=Variable	dithiothreitol	chloroacetamide	1	1	20210329_L1_nUT2_ES803A_TMT_U1_U937_cells_B1_F1.raw	v1.1.0	NT=ms-proteomics;VV=v1.1.0	NT=human;VV=v1.1.0	NT=cell-lines;VV=v1.1.0	manual curation	U937	prostratin treatment	B1
U937_C-DON_B1	Homo sapiens	cell culture	adult acute monocytic leukemia	U937	CVCL_0007	U-937	37Y	male	6-diazo-5-oxo-L-norleucine treatment	study sample	1	20210329_L1_nUT2_ES803A_TMT_U1_U937_cells_B1_F1_TMT129C	proteomic profiling by mass spectrometry	NT=Data-dependent acquisition;AC=PRIDE:0000627	NT=Orbitrap Fusion Lumos;AC=MS:1002732	TMT129C	NT=Trypsin;AC=MS:1001251	NT=Carbamidomethyl;AC=UNIMOD:4;TA=C;MT=Fixed	NT=Oxidation;AC=UNIMOD:35;TA=M;MT=Variable	NT=Deamidated;AC=UNIMOD:7;TA=N,Q;MT=Variable	NT=TMT6plex;AC=UNIMOD:737;TA=K;MT=Variable	NT=TMT6plex;AC=UNIMOD:737;PP=N-term;MT=Variable	dithiothreitol	chloroacetamide	1	1	20210329_L1_nUT2_ES803A_TMT_U1_U937_cells_B1_F1.raw	v1.1.0	NT=ms-proteomics;VV=v1.1.0	NT=human;VV=v1.1.0	NT=cell-lines;VV=v1.1.0	manual curation	U937	6-diazo-5-oxo-L-norleucine treatment	B1
U937_P-DON_B1	Homo sapiens	cell culture	adult acute monocytic leukemia	U937	CVCL_0007	U-937	37Y	male	prostratin and 6-diazo-5-oxo-L-norleucine treatment	study sample	1	20210329_L1_nUT2_ES803A_TMT_U1_U937_cells_B1_F1_TMT130N	proteomic profiling by mass spectrometry	NT=Data-dependent acquisition;AC=PRIDE:0000627	NT=Orbitrap Fusion Lumos;AC=MS:1002732	TMT130N	NT=Trypsin;AC=MS:1001251	NT=Carbamidomethyl;AC=UNIMOD:4;TA=C;MT=Fixed	NT=Oxidation;AC=UNIMOD:35;TA=M;MT=Variable	NT=Deamidated;AC=UNIMOD:7;TA=N,Q;MT=Variable	NT=TMT6plex;AC=UNIMOD:737;TA=K;MT=Variable	NT=TMT6plex;AC=UNIMOD:737;PP=N-term;MT=Variable	dithiothreitol	chloroacetamide	1	1	20210329_L1_nUT2_ES803A_TMT_U1_U937_cells_B1_F1.raw	v1.1.0	NT=ms-proteomics;VV=v1.1.0	NT=human;VV=v1.1.0	NT=cell-lines;VV=v1.1.0	manual curation	U937	prostratin and 6-diazo-5-oxo-L-norleucine treatment	B1
Pool_Pool_B1	Homo sapiens	cell culture	not applicable	Pool	not available	not available	not available	not applicable	not applicable	pooled	1	20210329_L1_nUT2_ES803A_TMT_U1_U937_cells_B1_F1_TMT131	proteomic profiling by mass spectrometry	NT=Data-dependent acquisition;AC=PRIDE:0000627	NT=Orbitrap Fusion Lumos;AC=MS:1002732	TMT131	NT=Trypsin;AC=MS:1001251	NT=Carbamidomethyl;AC=UNIMOD:4;TA=C;MT=Fixed	NT=Oxidation;AC=UNIMOD:35;TA=M;MT=Variable	NT=Deamidated;AC=UNIMOD:7;TA=N,Q;MT=Variable	NT=TMT6plex;AC=UNIMOD:737;TA=K;MT=Variable	NT=TMT6plex;AC=UNIMOD:737;PP=N-term;MT=Variable	dithiothreitol	chloroacetamide	1	1	20210329_L1_nUT2_ES803A_TMT_U1_U937_cells_B1_F1.raw	v1.1.0	NT=ms-proteomics;VV=v1.1.0	NT=human;VV=v1.1.0	NT=cell-lines;VV=v1.1.0	manual curation	Pool	not applicable	B1
U937_C_B2	Homo sapiens	cell culture	adult acute monocytic leukemia	U937	CVCL_0007	U-937	37Y	male	untreated	study sample	2	20210329_L1_nUT2_ES803A_TMT_U1_U937_cells_B2_F1_TMT126	proteomic profiling by mass spectrometry	NT=Data-dependent acquisition;AC=PRIDE:0000627	NT=Orbitrap Fusion Lumos;AC=MS:1002732	TMT126	NT=Trypsin;AC=MS:1001251	NT=Carbamidomethyl;AC=UNIMOD:4;TA=C;MT=Fixed	NT=Oxidation;AC=UNIMOD:35;TA=M;MT=Variable	NT=Deamidated;AC=UNIMOD:7;TA=N,Q;MT=Variable	NT=TMT6plex;AC=UNIMOD:737;TA=K;MT=Variable	NT=TMT6plex;AC=UNIMOD:737;PP=N-term;MT=Variable	dithiothreitol	chloroacetamide	1	1	20210329_L1_nUT2_ES803A_TMT_U1_U937_cells_B2_F1.raw	v1.1.0	NT=ms-proteomics;VV=v1.1.0	NT=human;VV=v1.1.0	NT=cell-lines;VV=v1.1.0	manual curation	U937	untreated	B2
U937_P_B2	Homo sapiens	cell culture	adult acute monocytic leukemia	U937	CVCL_0007	U-937	37Y	male	prostratin treatment	study sample	2	20210329_L1_nUT2_ES803A_TMT_U1_U937_cells_B2_F1_TMT127N	proteomic profiling by mass spectrometry	NT=Data-dependent acquisition;AC=PRIDE:0000627	NT=Orbitrap Fusion Lumos;AC=MS:1002732	TMT127N	NT=Trypsin;AC=MS:1001251	NT=Carbamidomethyl;AC=UNIMOD:4;TA=C;MT=Fixed	NT=Oxidation;AC=UNIMOD:35;TA=M;MT=Variable	NT=Deamidated;AC=UNIMOD:7;TA=N,Q;MT=Variable	NT=TMT6plex;AC=UNIMOD:737;TA=K;MT=Variable	NT=TMT6plex;AC=UNIMOD:737;PP=N-term;MT=Variable	dithiothreitol	chloroacetamide	1	1	20210329_L1_nUT2_ES803A_TMT_U1_U937_cells_B2_F1.raw	v1.1.0	NT=ms-proteomics;VV=v1.1.0	NT=human;VV=v1.1.0	NT=cell-lines;VV=v1.1.0	manual curation	U937	prostratin treatment	B2
U937_C-DON_B2	Homo sapiens	cell culture	adult acute monocytic leukemia	U937	CVCL_0007	U-937	37Y	male	6-diazo-5-oxo-L-norleucine treatment	study sample	2	20210329_L1_nUT2_ES803A_TMT_U1_U937_cells_B2_F1_TMT127C	proteomic profiling by mass spectrometry	NT=Data-dependent acquisition;AC=PRIDE:0000627	NT=Orbitrap Fusion Lumos;AC=MS:1002732	TMT127C	NT=Trypsin;AC=MS:1001251	NT=Carbamidomethyl;AC=UNIMOD:4;TA=C;MT=Fixed	NT=Oxidation;AC=UNIMOD:35;TA=M;MT=Variable	NT=Deamidated;AC=UNIMOD:7;TA=N,Q;MT=Variable	NT=TMT6plex;AC=UNIMOD:737;TA=K;MT=Variable	NT=TMT6plex;AC=UNIMOD:737;PP=N-term;MT=Variable	dithiothreitol	chloroacetamide	1	1	20210329_L1_nUT2_ES803A_TMT_U1_U937_cells_B2_F1.raw	v1.1.0	NT=ms-proteomics;VV=v1.1.0	NT=human;VV=v1.1.0	NT=cell-lines;VV=v1.1.0	manual curation	U937	6-diazo-5-oxo-L-norleucine treatment	B2
U937_P-DON_B2	Homo sapiens	cell culture	adult acute monocytic leukemia	U937	CVCL_0007	U-937	37Y	male	prostratin and 6-diazo-5-oxo-L-norleucine treatment	study sample	2	20210329_L1_nUT2_ES803A_TMT_U1_U937_cells_B2_F1_TMT128N	proteomic profiling by mass spectrometry	NT=Data-dependent acquisition;AC=PRIDE:0000627	NT=Orbitrap Fusion Lumos;AC=MS:1002732	TMT128N	NT=Trypsin;AC=MS:1001251	NT=Carbamidomethyl;AC=UNIMOD:4;TA=C;MT=Fixed	NT=Oxidation;AC=UNIMOD:35;TA=M;MT=Variable	NT=Deamidated;AC=UNIMOD:7;TA=N,Q;MT=Variable	NT=TMT6plex;AC=UNIMOD:737;TA=K;MT=Variable	NT=TMT6plex;AC=UNIMOD:737;PP=N-term;MT=Variable	dithiothreitol	chloroacetamide	1	1	20210329_L1_nUT2_ES803A_TMT_U1_U937_cells_B2_F1.raw	v1.1.0	NT=ms-proteomics;VV=v1.1.0	NT=human;VV=v1.1.0	NT=cell-lines;VV=v1.1.0	manual curation	U937	prostratin and 6-diazo-5-oxo-L-norleucine treatment	B2
U1_C_B2	Homo sapiens	cell culture	adult acute monocytic leukemia	U1	CVCL_M769	U1/HIV-1	37Y	male	untreated	study sample	2	20210329_L1_nUT2_ES803A_TMT_U1_U937_cells_B2_F1_TMT128C	proteomic profiling by mass spectrometry	NT=Data-dependent acquisition;AC=PRIDE:0000627	NT=Orbitrap Fusion Lumos;AC=MS:1002732	TMT128C	NT=Trypsin;AC=MS:1001251	NT=Carbamidomethyl;AC=UNIMOD:4;TA=C;MT=Fixed	NT=Oxidation;AC=UNIMOD:35;TA=M;MT=Variable	NT=Deamidated;AC=UNIMOD:7;TA=N,Q;MT=Variable	NT=TMT6plex;AC=UNIMOD:737;TA=K;MT=Variable	NT=TMT6plex;AC=UNIMOD:737;PP=N-term;MT=Variable	dithiothreitol	chloroacetamide	1	1	20210329_L1_nUT2_ES803A_TMT_U1_U937_cells_B2_F1.raw	v1.1.0	NT=ms-proteomics;VV=v1.1.0	NT=human;VV=v1.1.0	NT=cell-lines;VV=v1.1.0	manual curation	U1	untreated	B2
U1_P_B2	Homo sapiens	cell culture	adult acute monocytic leukemia	U1	CVCL_M769	U1/HIV-1	37Y	male	prostratin treatment	study sample	2	20210329_L1_nUT2_ES803A_TMT_U1_U937_cells_B2_F1_TMT129N	proteomic profiling by mass spectrometry	NT=Data-dependent acquisition;AC=PRIDE:0000627	NT=Orbitrap Fusion Lumos;AC=MS:1002732	TMT129N	NT=Trypsin;AC=MS:1001251	NT=Carbamidomethyl;AC=UNIMOD:4;TA=C;MT=Fixed	NT=Oxidation;AC=UNIMOD:35;TA=M;MT=Variable	NT=Deamidated;AC=UNIMOD:7;TA=N,Q;MT=Variable	NT=TMT6plex;AC=UNIMOD:737;TA=K;MT=Variable	NT=TMT6plex;AC=UNIMOD:737;PP=N-term;MT=Variable	dithiothreitol	chloroacetamide	1	1	20210329_L1_nUT2_ES803A_TMT_U1_U937_cells_B2_F1.raw	v1.1.0	NT=ms-proteomics;VV=v1.1.0	NT=human;VV=v1.1.0	NT=cell-lines;VV=v1.1.0	manual curation	U1	prostratin treatment	B2
U1_C-DON_B2	Homo sapiens	cell culture	adult acute monocytic leukemia	U1	CVCL_M769	U1/HIV-1	37Y	male	6-diazo-5-oxo-L-norleucine treatment	study sample	2	20210329_L1_nUT2_ES803A_TMT_U1_U937_cells_B2_F1_TMT129C	proteomic profiling by mass spectrometry	NT=Data-dependent acquisition;AC=PRIDE:0000627	NT=Orbitrap Fusion Lumos;AC=MS:1002732	TMT129C	NT=Trypsin;AC=MS:1001251	NT=Carbamidomethyl;AC=UNIMOD:4;TA=C;MT=Fixed	NT=Oxidation;AC=UNIMOD:35;TA=M;MT=Variable	NT=Deamidated;AC=UNIMOD:7;TA=N,Q;MT=Variable	NT=TMT6plex;AC=UNIMOD:737;TA=K;MT=Variable	NT=TMT6plex;AC=UNIMOD:737;PP=N-term;MT=Variable	dithiothreitol	chloroacetamide	1	1	20210329_L1_nUT2_ES803A_TMT_U1_U937_cells_B2_F1.raw	v1.1.0	NT=ms-proteomics;VV=v1.1.0	NT=human;VV=v1.1.0	NT=cell-lines;VV=v1.1.0	manual curation	U1	6-diazo-5-oxo-L-norleucine treatment	B2
U1_P-DON_B2	Homo sapiens	cell culture	adult acute monocytic leukemia	U1	CVCL_M769	U1/HIV-1	37Y	male	prostratin and 6-diazo-5-oxo-L-norleucine treatment	study sample	2	20210329_L1_nUT2_ES803A_TMT_U1_U937_cells_B2_F1_TMT130N	proteomic profiling by mass spectrometry	NT=Data-dependent acquisition;AC=PRIDE:0000627	NT=Orbitrap Fusion Lumos;AC=MS:1002732	TMT130N	NT=Trypsin;AC=MS:1001251	NT=Carbamidomethyl;AC=UNIMOD:4;TA=C;MT=Fixed	NT=Oxidation;AC=UNIMOD:35;TA=M;MT=Variable	NT=Deamidated;AC=UNIMOD:7;TA=N,Q;MT=Variable	NT=TMT6plex;AC=UNIMOD:737;TA=K;MT=Variable	NT=TMT6plex;AC=UNIMOD:737;PP=N-term;MT=Variable	dithiothreitol	chloroacetamide	1	1	20210329_L1_nUT2_ES803A_TMT_U1_U937_cells_B2_F1.raw	v1.1.0	NT=ms-proteomics;VV=v1.1.0	NT=human;VV=v1.1.0	NT=cell-lines;VV=v1.1.0	manual curation	U1	prostratin and 6-diazo-5-oxo-L-norleucine treatment	B2
Pool_Pool_B2	Homo sapiens	cell culture	not applicable	Pool	not available	not available	not available	not applicable	not applicable	pooled	2	20210329_L1_nUT2_ES803A_TMT_U1_U937_cells_B2_F1_TMT131	proteomic profiling by mass spectrometry	NT=Data-dependent acquisition;AC=PRIDE:0000627	NT=Orbitrap Fusion Lumos;AC=MS:1002732	TMT131	NT=Trypsin;AC=MS:1001251	NT=Carbamidomethyl;AC=UNIMOD:4;TA=C;MT=Fixed	NT=Oxidation;AC=UNIMOD:35;TA=M;MT=Variable	NT=Deamidated;AC=UNIMOD:7;TA=N,Q;MT=Variable	NT=TMT6plex;AC=UNIMOD:737;TA=K;MT=Variable	NT=TMT6plex;AC=UNIMOD:737;PP=N-term;MT=Variable	dithiothreitol	chloroacetamide	1	1	20210329_L1_nUT2_ES803A_TMT_U1_U937_cells_B2_F1.raw	v1.1.0	NT=ms-proteomics;VV=v1.1.0	NT=human;VV=v1.1.0	NT=cell-lines;VV=v1.1.0	manual curation	Pool	not applicable	B2
U937_C_B2	Homo sapiens	cell culture	adult acute monocytic leukemia	U937	CVCL_0007	U-937	37Y	male	untreated	study sample	2	20210329_L1_nUT2_ES803A_TMT_U1_U937_cells_B2_F10_TMT126	proteomic profiling by mass spectrometry	NT=Data-dependent acquisition;AC=PRIDE:0000627	NT=Orbitrap Fusion Lumos;AC=MS:1002732	TMT126	NT=Trypsin;AC=MS:1001251	NT=Carbamidomethyl;AC=UNIMOD:4;TA=C;MT=Fixed	NT=Oxidation;AC=UNIMOD:35;TA=M;MT=Variable	NT=Deamidated;AC=UNIMOD:7;TA=N,Q;MT=Variable	NT=TMT6plex;AC=UNIMOD:737;TA=K;MT=Variable	NT=TMT6plex;AC=UNIMOD:737;PP=N-term;MT=Variable	dithiothreitol	chloroacetamide	10	1	20210329_L1_nUT2_ES803A_TMT_U1_U937_cells_B2_F10.raw	v1.1.0	NT=ms-proteomics;VV=v1.1.0	NT=human;VV=v1.1.0	NT=cell-lines;VV=v1.1.0	manual curation	U937	untreated	B2
U937_P_B2	Homo sapiens	cell culture	adult acute monocytic leukemia	U937	CVCL_0007	U-937	37Y	male	prostratin treatment	study sample	2	20210329_L1_nUT2_ES803A_TMT_U1_U937_cells_B2_F10_TMT127N	proteomic profiling by mass spectrometry	NT=Data-dependent acquisition;AC=PRIDE:0000627	NT=Orbitrap Fusion Lumos;AC=MS:1002732	TMT127N	NT=Trypsin;AC=MS:1001251	NT=Carbamidomethyl;AC=UNIMOD:4;TA=C;MT=Fixed	NT=Oxidation;AC=UNIMOD:35;TA=M;MT=Variable	NT=Deamidated;AC=UNIMOD:7;TA=N,Q;MT=Variable	NT=TMT6plex;AC=UNIMOD:737;TA=K;MT=Variable	NT=TMT6plex;AC=UNIMOD:737;PP=N-term;MT=Variable	dithiothreitol	chloroacetamide	10	1	20210329_L1_nUT2_ES803A_TMT_U1_U937_cells_B2_F10.raw	v1.1.0	NT=ms-proteomics;VV=v1.1.0	NT=human;VV=v1.1.0	NT=cell-lines;VV=v1.1.0	manual curation	U937	prostratin treatment	B2
U937_C-DON_B2	Homo sapiens	cell culture	adult acute monocytic leukemia	U937	CVCL_0007	U-937	37Y	male	6-diazo-5-oxo-L-norleucine treatment	study sample	2	20210329_L1_nUT2_ES803A_TMT_U1_U937_cells_B2_F10_TMT127C	proteomic profiling by mass spectrometry	NT=Data-dependent acquisition;AC=PRIDE:0000627	NT=Orbitrap Fusion Lumos;AC=MS:1002732	TMT127C	NT=Trypsin;AC=MS:1001251	NT=Carbamidomethyl;AC=UNIMOD:4;TA=C;MT=Fixed	NT=Oxidation;AC=UNIMOD:35;TA=M;MT=Variable	NT=Deamidated;AC=UNIMOD:7;TA=N,Q;MT=Variable	NT=TMT6plex;AC=UNIMOD:737;TA=K;MT=Variable	NT=TMT6plex;AC=UNIMOD:737;PP=N-term;MT=Variable	dithiothreitol	chloroacetamide	10	1	20210329_L1_nUT2_ES803A_TMT_U1_U937_cells_B2_F10.raw	v1.1.0	NT=ms-proteomics;VV=v1.1.0	NT=human;VV=v1.1.0	NT=cell-lines;VV=v1.1.0	manual curation	U937	6-diazo-5-oxo-L-norleucine treatment	B2
U937_P-DON_B2	Homo sapiens	cell culture	adult acute monocytic leukemia	U937	CVCL_0007	U-937	37Y	male	prostratin and 6-diazo-5-oxo-L-norleucine treatment	study sample	2	20210329_L1_nUT2_ES803A_TMT_U1_U937_cells_B2_F10_TMT128N	proteomic profiling by mass spectrometry	NT=Data-dependent acquisition;AC=PRIDE:0000627	NT=Orbitrap Fusion Lumos;AC=MS:1002732	TMT128N	NT=Trypsin;AC=MS:1001251	NT=Carbamidomethyl;AC=UNIMOD:4;TA=C;MT=Fixed	NT=Oxidation;AC=UNIMOD:35;TA=M;MT=Variable	NT=Deamidated;AC=UNIMOD:7;TA=N,Q;MT=Variable	NT=TMT6plex;AC=UNIMOD:737;TA=K;MT=Variable	NT=TMT6plex;AC=UNIMOD:737;PP=N-term;MT=Variable	dithiothreitol	chloroacetamide	10	1	20210329_L1_nUT2_ES803A_TMT_U1_U937_cells_B2_F10.raw	v1.1.0	NT=ms-proteomics;VV=v1.1.0	NT=human;VV=v1.1.0	NT=cell-lines;VV=v1.1.0	manual curation	U937	prostratin and 6-diazo-5-oxo-L-norleucine treatment	B2
U1_C_B2	Homo sapiens	cell culture	adult acute monocytic leukemia	U1	CVCL_M769	U1/HIV-1	37Y	male	untreated	study sample	2	20210329_L1_nUT2_ES803A_TMT_U1_U937_cells_B2_F10_TMT128C	proteomic profiling by mass spectrometry	NT=Data-dependent acquisition;AC=PRIDE:0000627	NT=Orbitrap Fusion Lumos;AC=MS:1002732	TMT128C	NT=Trypsin;AC=MS:1001251	NT=Carbamidomethyl;AC=UNIMOD:4;TA=C;MT=Fixed	NT=Oxidation;AC=UNIMOD:35;TA=M;MT=Variable	NT=Deamidated;AC=UNIMOD:7;TA=N,Q;MT=Variable	NT=TMT6plex;AC=UNIMOD:737;TA=K;MT=Variable	NT=TMT6plex;AC=UNIMOD:737;PP=N-term;MT=Variable	dithiothreitol	chloroacetamide	10	1	20210329_L1_nUT2_ES803A_TMT_U1_U937_cells_B2_F10.raw	v1.1.0	NT=ms-proteomics;VV=v1.1.0	NT=human;VV=v1.1.0	NT=cell-lines;VV=v1.1.0	manual curation	U1	untreated	B2
U1_P_B2	Homo sapiens	cell culture	adult acute monocytic leukemia	U1	CVCL_M769	U1/HIV-1	37Y	male	prostratin treatment	study sample	2	20210329_L1_nUT2_ES803A_TMT_U1_U937_cells_B2_F10_TMT129N	proteomic profiling by mass spectrometry	NT=Data-dependent acquisition;AC=PRIDE:0000627	NT=Orbitrap Fusion Lumos;AC=MS:1002732	TMT129N	NT=Trypsin;AC=MS:1001251	NT=Carbamidomethyl;AC=UNIMOD:4;TA=C;MT=Fixed	NT=Oxidation;AC=UNIMOD:35;TA=M;MT=Variable	NT=Deamidated;AC=UNIMOD:7;TA=N,Q;MT=Variable	NT=TMT6plex;AC=UNIMOD:737;TA=K;MT=Variable	NT=TMT6plex;AC=UNIMOD:737;PP=N-term;MT=Variable	dithiothreitol	chloroacetamide	10	1	20210329_L1_nUT2_ES803A_TMT_U1_U937_cells_B2_F10.raw	v1.1.0	NT=ms-proteomics;VV=v1.1.0	NT=human;VV=v1.1.0	NT=cell-lines;VV=v1.1.0	manual curation	U1	prostratin treatment	B2
U1_C-DON_B2	Homo sapiens	cell culture	adult acute monocytic leukemia	U1	CVCL_M769	U1/HIV-1	37Y	male	6-diazo-5-oxo-L-norleucine treatment	study sample	2	20210329_L1_nUT2_ES803A_TMT_U1_U937_cells_B2_F10_TMT129C	proteomic profiling by mass spectrometry	NT=Data-dependent acquisition;AC=PRIDE:0000627	NT=Orbitrap Fusion Lumos;AC=MS:1002732	TMT129C	NT=Trypsin;AC=MS:1001251	NT=Carbamidomethyl;AC=UNIMOD:4;TA=C;MT=Fixed	NT=Oxidation;AC=UNIMOD:35;TA=M;MT=Variable	NT=Deamidated;AC=UNIMOD:7;TA=N,Q;MT=Variable	NT=TMT6plex;AC=UNIMOD:737;TA=K;MT=Variable	NT=TMT6plex;AC=UNIMOD:737;PP=N-term;MT=Variable	dithiothreitol	chloroacetamide	10	1	20210329_L1_nUT2_ES803A_TMT_U1_U937_cells_B2_F10.raw	v1.1.0	NT=ms-proteomics;VV=v1.1.0	NT=human;VV=v1.1.0	NT=cell-lines;VV=v1.1.0	manual curation	U1	6-diazo-5-oxo-L-norleucine treatment	B2
U1_P-DON_B2	Homo sapiens	cell culture	adult acute monocytic leukemia	U1	CVCL_M769	U1/HIV-1	37Y	male	prostratin and 6-diazo-5-oxo-L-norleucine treatment	study sample	2	20210329_L1_nUT2_ES803A_TMT_U1_U937_cells_B2_F10_TMT130N	proteomic profiling by mass spectrometry	NT=Data-dependent acquisition;AC=PRIDE:0000627	NT=Orbitrap Fusion Lumos;AC=MS:1002732	TMT130N	NT=Trypsin;AC=MS:1001251	NT=Carbamidomethyl;AC=UNIMOD:4;TA=C;MT=Fixed	NT=Oxidation;AC=UNIMOD:35;TA=M;MT=Variable	NT=Deamidated;AC=UNIMOD:7;TA=N,Q;MT=Variable	NT=TMT6plex;AC=UNIMOD:737;TA=K;MT=Variable	NT=TMT6plex;AC=UNIMOD:737;PP=N-term;MT=Variable	dithiothreitol	chloroacetamide	10	1	20210329_L1_nUT2_ES803A_TMT_U1_U937_cells_B2_F10.raw	v1.1.0	NT=ms-proteomics;VV=v1.1.0	NT=human;VV=v1.1.0	NT=cell-lines;VV=v1.1.0	manual curation	U1	prostratin and 6-diazo-5-oxo-L-norleucine treatment	B2
Pool_Pool_B2	Homo sapiens	cell culture	not applicable	Pool	not available	not available	not available	not applicable	not applicable	pooled	2	20210329_L1_nUT2_ES803A_TMT_U1_U937_cells_B2_F10_TMT131	proteomic profiling by mass spectrometry	NT=Data-dependent acquisition;AC=PRIDE:0000627	NT=Orbitrap Fusion Lumos;AC=MS:1002732	TMT131	NT=Trypsin;AC=MS:1001251	NT=Carbamidomethyl;AC=UNIMOD:4;TA=C;MT=Fixed	NT=Oxidation;AC=UNIMOD:35;TA=M;MT=Variable	NT=Deamidated;AC=UNIMOD:7;TA=N,Q;MT=Variable	NT=TMT6plex;AC=UNIMOD:737;TA=K;MT=Variable	NT=TMT6plex;AC=UNIMOD:737;PP=N-term;MT=Variable	dithiothreitol	chloroacetamide	10	1	20210329_L1_nUT2_ES803A_TMT_U1_U937_cells_B2_F10.raw	v1.1.0	NT=ms-proteomics;VV=v1.1.0	NT=human;VV=v1.1.0	NT=cell-lines;VV=v1.1.0	manual curation	Pool	not applicable	B2
U937_C_B2	Homo sapiens	cell culture	adult acute monocytic leukemia	U937	CVCL_0007	U-937	37Y	male	untreated	study sample	2	20210329_L1_nUT2_ES803A_TMT_U1_U937_cells_B2_F8_TMT126	proteomic profiling by mass spectrometry	NT=Data-dependent acquisition;AC=PRIDE:0000627	NT=Orbitrap Fusion Lumos;AC=MS:1002732	TMT126	NT=Trypsin;AC=MS:1001251	NT=Carbamidomethyl;AC=UNIMOD:4;TA=C;MT=Fixed	NT=Oxidation;AC=UNIMOD:35;TA=M;MT=Variable	NT=Deamidated;AC=UNIMOD:7;TA=N,Q;MT=Variable	NT=TMT6plex;AC=UNIMOD:737;TA=K;MT=Variable	NT=TMT6plex;AC=UNIMOD:737;PP=N-term;MT=Variable	dithiothreitol	chloroacetamide	8	1	20210329_L1_nUT2_ES803A_TMT_U1_U937_cells_B2_F8.raw	v1.1.0	NT=ms-proteomics;VV=v1.1.0	NT=human;VV=v1.1.0	NT=cell-lines;VV=v1.1.0	manual curation	U937	untreated	B2
U937_P_B2	Homo sapiens	cell culture	adult acute monocytic leukemia	U937	CVCL_0007	U-937	37Y	male	prostratin treatment	study sample	2	20210329_L1_nUT2_ES803A_TMT_U1_U937_cells_B2_F8_TMT127N	proteomic profiling by mass spectrometry	NT=Data-dependent acquisition;AC=PRIDE:0000627	NT=Orbitrap Fusion Lumos;AC=MS:1002732	TMT127N	NT=Trypsin;AC=MS:1001251	NT=Carbamidomethyl;AC=UNIMOD:4;TA=C;MT=Fixed	NT=Oxidation;AC=UNIMOD:35;TA=M;MT=Variable	NT=Deamidated;AC=UNIMOD:7;TA=N,Q;MT=Variable	NT=TMT6plex;AC=UNIMOD:737;TA=K;MT=Variable	NT=TMT6plex;AC=UNIMOD:737;PP=N-term;MT=Variable	dithiothreitol	chloroacetamide	8	1	20210329_L1_nUT2_ES803A_TMT_U1_U937_cells_B2_F8.raw	v1.1.0	NT=ms-proteomics;VV=v1.1.0	NT=human;VV=v1.1.0	NT=cell-lines;VV=v1.1.0	manual curation	U937	prostratin treatment	B2
U937_C-DON_B2	Homo sapiens	cell culture	adult acute monocytic leukemia	U937	CVCL_0007	U-937	37Y	male	6-diazo-5-oxo-L-norleucine treatment	study sample	2	20210329_L1_nUT2_ES803A_TMT_U1_U937_cells_B2_F8_TMT127C	proteomic profiling by mass spectrometry	NT=Data-dependent acquisition;AC=PRIDE:0000627	NT=Orbitrap Fusion Lumos;AC=MS:1002732	TMT127C	NT=Trypsin;AC=MS:1001251	NT=Carbamidomethyl;AC=UNIMOD:4;TA=C;MT=Fixed	NT=Oxidation;AC=UNIMOD:35;TA=M;MT=Variable	NT=Deamidated;AC=UNIMOD:7;TA=N,Q;MT=Variable	NT=TMT6plex;AC=UNIMOD:737;TA=K;MT=Variable	NT=TMT6plex;AC=UNIMOD:737;PP=N-term;MT=Variable	dithiothreitol	chloroacetamide	8	1	20210329_L1_nUT2_ES803A_TMT_U1_U937_cells_B2_F8.raw	v1.1.0	NT=ms-proteomics;VV=v1.1.0	NT=human;VV=v1.1.0	NT=cell-lines;VV=v1.1.0	manual curation	U937	6-diazo-5-oxo-L-norleucine treatment	B2
U937_P-DON_B2	Homo sapiens	cell culture	adult acute monocytic leukemia	U937	CVCL_0007	U-937	37Y	male	prostratin and 6-diazo-5-oxo-L-norleucine treatment	study sample	2	20210329_L1_nUT2_ES803A_TMT_U1_U937_cells_B2_F8_TMT128N	proteomic profiling by mass spectrometry	NT=Data-dependent acquisition;AC=PRIDE:0000627	NT=Orbitrap Fusion Lumos;AC=MS:1002732	TMT128N	NT=Trypsin;AC=MS:1001251	NT=Carbamidomethyl;AC=UNIMOD:4;TA=C;MT=Fixed	NT=Oxidation;AC=UNIMOD:35;TA=M;MT=Variable	NT=Deamidated;AC=UNIMOD:7;TA=N,Q;MT=Variable	NT=TMT6plex;AC=UNIMOD:737;TA=K;MT=Variable	NT=TMT6plex;AC=UNIMOD:737;PP=N-term;MT=Variable	dithiothreitol	chloroacetamide	8	1	20210329_L1_nUT2_ES803A_TMT_U1_U937_cells_B2_F8.raw	v1.1.0	NT=ms-proteomics;VV=v1.1.0	NT=human;VV=v1.1.0	NT=cell-lines;VV=v1.1.0	manual curation	U937	prostratin and 6-diazo-5-oxo-L-norleucine treatment	B2
U1_C_B2	Homo sapiens	cell culture	adult acute monocytic leukemia	U1	CVCL_M769	U1/HIV-1	37Y	male	untreated	study sample	2	20210329_L1_nUT2_ES803A_TMT_U1_U937_cells_B2_F8_TMT128C	proteomic profiling by mass spectrometry	NT=Data-dependent acquisition;AC=PRIDE:0000627	NT=Orbitrap Fusion Lumos;AC=MS:1002732	TMT128C	NT=Trypsin;AC=MS:1001251	NT=Carbamidomethyl;AC=UNIMOD:4;TA=C;MT=Fixed	NT=Oxidation;AC=UNIMOD:35;TA=M;MT=Variable	NT=Deamidated;AC=UNIMOD:7;TA=N,Q;MT=Variable	NT=TMT6plex;AC=UNIMOD:737;TA=K;MT=Variable	NT=TMT6plex;AC=UNIMOD:737;PP=N-term;MT=Variable	dithiothreitol	chloroacetamide	8	1	20210329_L1_nUT2_ES803A_TMT_U1_U937_cells_B2_F8.raw	v1.1.0	NT=ms-proteomics;VV=v1.1.0	NT=human;VV=v1.1.0	NT=cell-lines;VV=v1.1.0	manual curation	U1	untreated	B2
U1_P_B2	Homo sapiens	cell culture	adult acute monocytic leukemia	U1	CVCL_M769	U1/HIV-1	37Y	male	prostratin treatment	study sample	2	20210329_L1_nUT2_ES803A_TMT_U1_U937_cells_B2_F8_TMT129N	proteomic profiling by mass spectrometry	NT=Data-dependent acquisition;AC=PRIDE:0000627	NT=Orbitrap Fusion Lumos;AC=MS:1002732	TMT129N	NT=Trypsin;AC=MS:1001251	NT=Carbamidomethyl;AC=UNIMOD:4;TA=C;MT=Fixed	NT=Oxidation;AC=UNIMOD:35;TA=M;MT=Variable	NT=Deamidated;AC=UNIMOD:7;TA=N,Q;MT=Variable	NT=TMT6plex;AC=UNIMOD:737;TA=K;MT=Variable	NT=TMT6plex;AC=UNIMOD:737;PP=N-term;MT=Variable	dithiothreitol	chloroacetamide	8	1	20210329_L1_nUT2_ES803A_TMT_U1_U937_cells_B2_F8.raw	v1.1.0	NT=ms-proteomics;VV=v1.1.0	NT=human;VV=v1.1.0	NT=cell-lines;VV=v1.1.0	manual curation	U1	prostratin treatment	B2
U1_C-DON_B2	Homo sapiens	cell culture	adult acute monocytic leukemia	U1	CVCL_M769	U1/HIV-1	37Y	male	6-diazo-5-oxo-L-norleucine treatment	study sample	2	20210329_L1_nUT2_ES803A_TMT_U1_U937_cells_B2_F8_TMT129C	proteomic profiling by mass spectrometry	NT=Data-dependent acquisition;AC=PRIDE:0000627	NT=Orbitrap Fusion Lumos;AC=MS:1002732	TMT129C	NT=Trypsin;AC=MS:1001251	NT=Carbamidomethyl;AC=UNIMOD:4;TA=C;MT=Fixed	NT=Oxidation;AC=UNIMOD:35;TA=M;MT=Variable	NT=Deamidated;AC=UNIMOD:7;TA=N,Q;MT=Variable	NT=TMT6plex;AC=UNIMOD:737;TA=K;MT=Variable	NT=TMT6plex;AC=UNIMOD:737;PP=N-term;MT=Variable	dithiothreitol	chloroacetamide	8	1	20210329_L1_nUT2_ES803A_TMT_U1_U937_cells_B2_F8.raw	v1.1.0	NT=ms-proteomics;VV=v1.1.0	NT=human;VV=v1.1.0	NT=cell-lines;VV=v1.1.0	manual curation	U1	6-diazo-5-oxo-L-norleucine treatment	B2
U1_P-DON_B2	Homo sapiens	cell culture	adult acute monocytic leukemia	U1	CVCL_M769	U1/HIV-1	37Y	male	prostratin and 6-diazo-5-oxo-L-norleucine treatment	study sample	2	20210329_L1_nUT2_ES803A_TMT_U1_U937_cells_B2_F8_TMT130N	proteomic profiling by mass spectrometry	NT=Data-dependent acquisition;AC=PRIDE:0000627	NT=Orbitrap Fusion Lumos;AC=MS:1002732	TMT130N	NT=Trypsin;AC=MS:1001251	NT=Carbamidomethyl;AC=UNIMOD:4;TA=C;MT=Fixed	NT=Oxidation;AC=UNIMOD:35;TA=M;MT=Variable	NT=Deamidated;AC=UNIMOD:7;TA=N,Q;MT=Variable	NT=TMT6plex;AC=UNIMOD:737;TA=K;MT=Variable	NT=TMT6plex;AC=UNIMOD:737;PP=N-term;MT=Variable	dithiothreitol	chloroacetamide	8	1	20210329_L1_nUT2_ES803A_TMT_U1_U937_cells_B2_F8.raw	v1.1.0	NT=ms-proteomics;VV=v1.1.0	NT=human;VV=v1.1.0	NT=cell-lines;VV=v1.1.0	manual curation	U1	prostratin and 6-diazo-5-oxo-L-norleucine treatment	B2
Pool_Pool_B2	Homo sapiens	cell culture	not applicable	Pool	not available	not available	not available	not applicable	not applicable	pooled	2	20210329_L1_nUT2_ES803A_TMT_U1_U937_cells_B2_F8_TMT131	proteomic profiling by mass spectrometry	NT=Data-dependent acquisition;AC=PRIDE:0000627	NT=Orbitrap Fusion Lumos;AC=MS:1002732	TMT131	NT=Trypsin;AC=MS:1001251	NT=Carbamidomethyl;AC=UNIMOD:4;TA=C;MT=Fixed	NT=Oxidation;AC=UNIMOD:35;TA=M;MT=Variable	NT=Deamidated;AC=UNIMOD:7;TA=N,Q;MT=Variable	NT=TMT6plex;AC=UNIMOD:737;TA=K;MT=Variable	NT=TMT6plex;AC=UNIMOD:737;PP=N-term;MT=Variable	dithiothreitol	chloroacetamide	8	1	20210329_L1_nUT2_ES803A_TMT_U1_U937_cells_B2_F8.raw	v1.1.0	NT=ms-proteomics;VV=v1.1.0	NT=human;VV=v1.1.0	NT=cell-lines;VV=v1.1.0	manual curation	Pool	not applicable	B2
U1_C-DON_B3	Homo sapiens	cell culture	adult acute monocytic leukemia	U1	CVCL_M769	U1/HIV-1	37Y	male	6-diazo-5-oxo-L-norleucine treatment	study sample	3	20210329_L1_nUT2_ES803A_TMT_U1_U937_cells_B3_F3_TMT126	proteomic profiling by mass spectrometry	NT=Data-dependent acquisition;AC=PRIDE:0000627	NT=Orbitrap Fusion Lumos;AC=MS:1002732	TMT126	NT=Trypsin;AC=MS:1001251	NT=Carbamidomethyl;AC=UNIMOD:4;TA=C;MT=Fixed	NT=Oxidation;AC=UNIMOD:35;TA=M;MT=Variable	NT=Deamidated;AC=UNIMOD:7;TA=N,Q;MT=Variable	NT=TMT6plex;AC=UNIMOD:737;TA=K;MT=Variable	NT=TMT6plex;AC=UNIMOD:737;PP=N-term;MT=Variable	dithiothreitol	chloroacetamide	3	1	20210329_L1_nUT2_ES803A_TMT_U1_U937_cells_B3_F3.raw	v1.1.0	NT=ms-proteomics;VV=v1.1.0	NT=human;VV=v1.1.0	NT=cell-lines;VV=v1.1.0	manual curation	U1	6-diazo-5-oxo-L-norleucine treatment	B3
U1_P-DON_B3	Homo sapiens	cell culture	adult acute monocytic leukemia	U1	CVCL_M769	U1/HIV-1	37Y	male	prostratin and 6-diazo-5-oxo-L-norleucine treatment	study sample	3	20210329_L1_nUT2_ES803A_TMT_U1_U937_cells_B3_F3_TMT127N	proteomic profiling by mass spectrometry	NT=Data-dependent acquisition;AC=PRIDE:0000627	NT=Orbitrap Fusion Lumos;AC=MS:1002732	TMT127N	NT=Trypsin;AC=MS:1001251	NT=Carbamidomethyl;AC=UNIMOD:4;TA=C;MT=Fixed	NT=Oxidation;AC=UNIMOD:35;TA=M;MT=Variable	NT=Deamidated;AC=UNIMOD:7;TA=N,Q;MT=Variable	NT=TMT6plex;AC=UNIMOD:737;TA=K;MT=Variable	NT=TMT6plex;AC=UNIMOD:737;PP=N-term;MT=Variable	dithiothreitol	chloroacetamide	3	1	20210329_L1_nUT2_ES803A_TMT_U1_U937_cells_B3_F3.raw	v1.1.0	NT=ms-proteomics;VV=v1.1.0	NT=human;VV=v1.1.0	NT=cell-lines;VV=v1.1.0	manual curation	U1	prostratin and 6-diazo-5-oxo-L-norleucine treatment	B3
U1_C_B3	Homo sapiens	cell culture	adult acute monocytic leukemia	U1	CVCL_M769	U1/HIV-1	37Y	male	untreated	study sample	3	20210329_L1_nUT2_ES803A_TMT_U1_U937_cells_B3_F3_TMT127C	proteomic profiling by mass spectrometry	NT=Data-dependent acquisition;AC=PRIDE:0000627	NT=Orbitrap Fusion Lumos;AC=MS:1002732	TMT127C	NT=Trypsin;AC=MS:1001251	NT=Carbamidomethyl;AC=UNIMOD:4;TA=C;MT=Fixed	NT=Oxidation;AC=UNIMOD:35;TA=M;MT=Variable	NT=Deamidated;AC=UNIMOD:7;TA=N,Q;MT=Variable	NT=TMT6plex;AC=UNIMOD:737;TA=K;MT=Variable	NT=TMT6plex;AC=UNIMOD:737;PP=N-term;MT=Variable	dithiothreitol	chloroacetamide	3	1	20210329_L1_nUT2_ES803A_TMT_U1_U937_cells_B3_F3.raw	v1.1.0	NT=ms-proteomics;VV=v1.1.0	NT=human;VV=v1.1.0	NT=cell-lines;VV=v1.1.0	manual curation	U1	untreated	B3
U1_P_B3	Homo sapiens	cell culture	adult acute monocytic leukemia	U1	CVCL_M769	U1/HIV-1	37Y	male	prostratin treatment	study sample	3	20210329_L1_nUT2_ES803A_TMT_U1_U937_cells_B3_F3_TMT128N	proteomic profiling by mass spectrometry	NT=Data-dependent acquisition;AC=PRIDE:0000627	NT=Orbitrap Fusion Lumos;AC=MS:1002732	TMT128N	NT=Trypsin;AC=MS:1001251	NT=Carbamidomethyl;AC=UNIMOD:4;TA=C;MT=Fixed	NT=Oxidation;AC=UNIMOD:35;TA=M;MT=Variable	NT=Deamidated;AC=UNIMOD:7;TA=N,Q;MT=Variable	NT=TMT6plex;AC=UNIMOD:737;TA=K;MT=Variable	NT=TMT6plex;AC=UNIMOD:737;PP=N-term;MT=Variable	dithiothreitol	chloroacetamide	3	1	20210329_L1_nUT2_ES803A_TMT_U1_U937_cells_B3_F3.raw	v1.1.0	NT=ms-proteomics;VV=v1.1.0	NT=human;VV=v1.1.0	NT=cell-lines;VV=v1.1.0	manual curation	U1	prostratin treatment	B3
U937_C-DON_B3	Homo sapiens	cell culture	adult acute monocytic leukemia	U937	CVCL_0007	U-937	37Y	male	6-diazo-5-oxo-L-norleucine treatment	study sample	3	20210329_L1_nUT2_ES803A_TMT_U1_U937_cells_B3_F3_TMT128C	proteomic profiling by mass spectrometry	NT=Data-dependent acquisition;AC=PRIDE:0000627	NT=Orbitrap Fusion Lumos;AC=MS:1002732	TMT128C	NT=Trypsin;AC=MS:1001251	NT=Carbamidomethyl;AC=UNIMOD:4;TA=C;MT=Fixed	NT=Oxidation;AC=UNIMOD:35;TA=M;MT=Variable	NT=Deamidated;AC=UNIMOD:7;TA=N,Q;MT=Variable	NT=TMT6plex;AC=UNIMOD:737;TA=K;MT=Variable	NT=TMT6plex;AC=UNIMOD:737;PP=N-term;MT=Variable	dithiothreitol	chloroacetamide	3	1	20210329_L1_nUT2_ES803A_TMT_U1_U937_cells_B3_F3.raw	v1.1.0	NT=ms-proteomics;VV=v1.1.0	NT=human;VV=v1.1.0	NT=cell-lines;VV=v1.1.0	manual curation	U937	6-diazo-5-oxo-L-norleucine treatment	B3
U937_P-DON_B3	Homo sapiens	cell culture	adult acute monocytic leukemia	U937	CVCL_0007	U-937	37Y	male	prostratin and 6-diazo-5-oxo-L-norleucine treatment	study sample	3	20210329_L1_nUT2_ES803A_TMT_U1_U937_cells_B3_F3_TMT129N	proteomic profiling by mass spectrometry	NT=Data-dependent acquisition;AC=PRIDE:0000627	NT=Orbitrap Fusion Lumos;AC=MS:1002732	TMT129N	NT=Trypsin;AC=MS:1001251	NT=Carbamidomethyl;AC=UNIMOD:4;TA=C;MT=Fixed	NT=Oxidation;AC=UNIMOD:35;TA=M;MT=Variable	NT=Deamidated;AC=UNIMOD:7;TA=N,Q;MT=Variable	NT=TMT6plex;AC=UNIMOD:737;TA=K;MT=Variable	NT=TMT6plex;AC=UNIMOD:737;PP=N-term;MT=Variable	dithiothreitol	chloroacetamide	3	1	20210329_L1_nUT2_ES803A_TMT_U1_U937_cells_B3_F3.raw	v1.1.0	NT=ms-proteomics;VV=v1.1.0	NT=human;VV=v1.1.0	NT=cell-lines;VV=v1.1.0	manual curation	U937	prostratin and 6-diazo-5-oxo-L-norleucine treatment	B3
U937_C_B3	Homo sapiens	cell culture	adult acute monocytic leukemia	U937	CVCL_0007	U-937	37Y	male	untreated	study sample	3	20210329_L1_nUT2_ES803A_TMT_U1_U937_cells_B3_F3_TMT129C	proteomic profiling by mass spectrometry	NT=Data-dependent acquisition;AC=PRIDE:0000627	NT=Orbitrap Fusion Lumos;AC=MS:1002732	TMT129C	NT=Trypsin;AC=MS:1001251	NT=Carbamidomethyl;AC=UNIMOD:4;TA=C;MT=Fixed	NT=Oxidation;AC=UNIMOD:35;TA=M;MT=Variable	NT=Deamidated;AC=UNIMOD:7;TA=N,Q;MT=Variable	NT=TMT6plex;AC=UNIMOD:737;TA=K;MT=Variable	NT=TMT6plex;AC=UNIMOD:737;PP=N-term;MT=Variable	dithiothreitol	chloroacetamide	3	1	20210329_L1_nUT2_ES803A_TMT_U1_U937_cells_B3_F3.raw	v1.1.0	NT=ms-proteomics;VV=v1.1.0	NT=human;VV=v1.1.0	NT=cell-lines;VV=v1.1.0	manual curation	U937	untreated	B3
U937_P_B3	Homo sapiens	cell culture	adult acute monocytic leukemia	U937	CVCL_0007	U-937	37Y	male	prostratin treatment	study sample	3	20210329_L1_nUT2_ES803A_TMT_U1_U937_cells_B3_F3_TMT130N	proteomic profiling by mass spectrometry	NT=Data-dependent acquisition;AC=PRIDE:0000627	NT=Orbitrap Fusion Lumos;AC=MS:1002732	TMT130N	NT=Trypsin;AC=MS:1001251	NT=Carbamidomethyl;AC=UNIMOD:4;TA=C;MT=Fixed	NT=Oxidation;AC=UNIMOD:35;TA=M;MT=Variable	NT=Deamidated;AC=UNIMOD:7;TA=N,Q;MT=Variable	NT=TMT6plex;AC=UNIMOD:737;TA=K;MT=Variable	NT=TMT6plex;AC=UNIMOD:737;PP=N-term;MT=Variable	dithiothreitol	chloroacetamide	3	1	20210329_L1_nUT2_ES803A_TMT_U1_U937_cells_B3_F3.raw	v1.1.0	NT=ms-proteomics;VV=v1.1.0	NT=human;VV=v1.1.0	NT=cell-lines;VV=v1.1.0	manual curation	U937	prostratin treatment	B3
Pool_Pool_B3	Homo sapiens	cell culture	not applicable	Pool	not available	not available	not available	not applicable	not applicable	pooled	3	20210329_L1_nUT2_ES803A_TMT_U1_U937_cells_B3_F3_TMT131	proteomic profiling by mass spectrometry	NT=Data-dependent acquisition;AC=PRIDE:0000627	NT=Orbitrap Fusion Lumos;AC=MS:1002732	TMT131	NT=Trypsin;AC=MS:1001251	NT=Carbamidomethyl;AC=UNIMOD:4;TA=C;MT=Fixed	NT=Oxidation;AC=UNIMOD:35;TA=M;MT=Variable	NT=Deamidated;AC=UNIMOD:7;TA=N,Q;MT=Variable	NT=TMT6plex;AC=UNIMOD:737;TA=K;MT=Variable	NT=TMT6plex;AC=UNIMOD:737;PP=N-term;MT=Variable	dithiothreitol	chloroacetamide	3	1	20210329_L1_nUT2_ES803A_TMT_U1_U937_cells_B3_F3.raw	v1.1.0	NT=ms-proteomics;VV=v1.1.0	NT=human;VV=v1.1.0	NT=cell-lines;VV=v1.1.0	manual curation	Pool	not applicable	B3
U1_C-DON_B3	Homo sapiens	cell culture	adult acute monocytic leukemia	U1	CVCL_M769	U1/HIV-1	37Y	male	6-diazo-5-oxo-L-norleucine treatment	study sample	3	20210329_L1_nUT2_ES803A_TMT_U1_U937_cells_B3_F5_TMT126	proteomic profiling by mass spectrometry	NT=Data-dependent acquisition;AC=PRIDE:0000627	NT=Orbitrap Fusion Lumos;AC=MS:1002732	TMT126	NT=Trypsin;AC=MS:1001251	NT=Carbamidomethyl;AC=UNIMOD:4;TA=C;MT=Fixed	NT=Oxidation;AC=UNIMOD:35;TA=M;MT=Variable	NT=Deamidated;AC=UNIMOD:7;TA=N,Q;MT=Variable	NT=TMT6plex;AC=UNIMOD:737;TA=K;MT=Variable	NT=TMT6plex;AC=UNIMOD:737;PP=N-term;MT=Variable	dithiothreitol	chloroacetamide	5	1	20210329_L1_nUT2_ES803A_TMT_U1_U937_cells_B3_F5.raw	v1.1.0	NT=ms-proteomics;VV=v1.1.0	NT=human;VV=v1.1.0	NT=cell-lines;VV=v1.1.0	manual curation	U1	6-diazo-5-oxo-L-norleucine treatment	B3
U1_P-DON_B3	Homo sapiens	cell culture	adult acute monocytic leukemia	U1	CVCL_M769	U1/HIV-1	37Y	male	prostratin and 6-diazo-5-oxo-L-norleucine treatment	study sample	3	20210329_L1_nUT2_ES803A_TMT_U1_U937_cells_B3_F5_TMT127N	proteomic profiling by mass spectrometry	NT=Data-dependent acquisition;AC=PRIDE:0000627	NT=Orbitrap Fusion Lumos;AC=MS:1002732	TMT127N	NT=Trypsin;AC=MS:1001251	NT=Carbamidomethyl;AC=UNIMOD:4;TA=C;MT=Fixed	NT=Oxidation;AC=UNIMOD:35;TA=M;MT=Variable	NT=Deamidated;AC=UNIMOD:7;TA=N,Q;MT=Variable	NT=TMT6plex;AC=UNIMOD:737;TA=K;MT=Variable	NT=TMT6plex;AC=UNIMOD:737;PP=N-term;MT=Variable	dithiothreitol	chloroacetamide	5	1	20210329_L1_nUT2_ES803A_TMT_U1_U937_cells_B3_F5.raw	v1.1.0	NT=ms-proteomics;VV=v1.1.0	NT=human;VV=v1.1.0	NT=cell-lines;VV=v1.1.0	manual curation	U1	prostratin and 6-diazo-5-oxo-L-norleucine treatment	B3
U1_C_B3	Homo sapiens	cell culture	adult acute monocytic leukemia	U1	CVCL_M769	U1/HIV-1	37Y	male	untreated	study sample	3	20210329_L1_nUT2_ES803A_TMT_U1_U937_cells_B3_F5_TMT127C	proteomic profiling by mass spectrometry	NT=Data-dependent acquisition;AC=PRIDE:0000627	NT=Orbitrap Fusion Lumos;AC=MS:1002732	TMT127C	NT=Trypsin;AC=MS:1001251	NT=Carbamidomethyl;AC=UNIMOD:4;TA=C;MT=Fixed	NT=Oxidation;AC=UNIMOD:35;TA=M;MT=Variable	NT=Deamidated;AC=UNIMOD:7;TA=N,Q;MT=Variable	NT=TMT6plex;AC=UNIMOD:737;TA=K;MT=Variable	NT=TMT6plex;AC=UNIMOD:737;PP=N-term;MT=Variable	dithiothreitol	chloroacetamide	5	1	20210329_L1_nUT2_ES803A_TMT_U1_U937_cells_B3_F5.raw	v1.1.0	NT=ms-proteomics;VV=v1.1.0	NT=human;VV=v1.1.0	NT=cell-lines;VV=v1.1.0	manual curation	U1	untreated	B3
U1_P_B3	Homo sapiens	cell culture	adult acute monocytic leukemia	U1	CVCL_M769	U1/HIV-1	37Y	male	prostratin treatment	study sample	3	20210329_L1_nUT2_ES803A_TMT_U1_U937_cells_B3_F5_TMT128N	proteomic profiling by mass spectrometry	NT=Data-dependent acquisition;AC=PRIDE:0000627	NT=Orbitrap Fusion Lumos;AC=MS:1002732	TMT128N	NT=Trypsin;AC=MS:1001251	NT=Carbamidomethyl;AC=UNIMOD:4;TA=C;MT=Fixed	NT=Oxidation;AC=UNIMOD:35;TA=M;MT=Variable	NT=Deamidated;AC=UNIMOD:7;TA=N,Q;MT=Variable	NT=TMT6plex;AC=UNIMOD:737;TA=K;MT=Variable	NT=TMT6plex;AC=UNIMOD:737;PP=N-term;MT=Variable	dithiothreitol	chloroacetamide	5	1	20210329_L1_nUT2_ES803A_TMT_U1_U937_cells_B3_F5.raw	v1.1.0	NT=ms-proteomics;VV=v1.1.0	NT=human;VV=v1.1.0	NT=cell-lines;VV=v1.1.0	manual curation	U1	prostratin treatment	B3
U937_C-DON_B3	Homo sapiens	cell culture	adult acute monocytic leukemia	U937	CVCL_0007	U-937	37Y	male	6-diazo-5-oxo-L-norleucine treatment	study sample	3	20210329_L1_nUT2_ES803A_TMT_U1_U937_cells_B3_F5_TMT128C	proteomic profiling by mass spectrometry	NT=Data-dependent acquisition;AC=PRIDE:0000627	NT=Orbitrap Fusion Lumos;AC=MS:1002732	TMT128C	NT=Trypsin;AC=MS:1001251	NT=Carbamidomethyl;AC=UNIMOD:4;TA=C;MT=Fixed	NT=Oxidation;AC=UNIMOD:35;TA=M;MT=Variable	NT=Deamidated;AC=UNIMOD:7;TA=N,Q;MT=Variable	NT=TMT6plex;AC=UNIMOD:737;TA=K;MT=Variable	NT=TMT6plex;AC=UNIMOD:737;PP=N-term;MT=Variable	dithiothreitol	chloroacetamide	5	1	20210329_L1_nUT2_ES803A_TMT_U1_U937_cells_B3_F5.raw	v1.1.0	NT=ms-proteomics;VV=v1.1.0	NT=human;VV=v1.1.0	NT=cell-lines;VV=v1.1.0	manual curation	U937	6-diazo-5-oxo-L-norleucine treatment	B3
U937_P-DON_B3	Homo sapiens	cell culture	adult acute monocytic leukemia	U937	CVCL_0007	U-937	37Y	male	prostratin and 6-diazo-5-oxo-L-norleucine treatment	study sample	3	20210329_L1_nUT2_ES803A_TMT_U1_U937_cells_B3_F5_TMT129N	proteomic profiling by mass spectrometry	NT=Data-dependent acquisition;AC=PRIDE:0000627	NT=Orbitrap Fusion Lumos;AC=MS:1002732	TMT129N	NT=Trypsin;AC=MS:1001251	NT=Carbamidomethyl;AC=UNIMOD:4;TA=C;MT=Fixed	NT=Oxidation;AC=UNIMOD:35;TA=M;MT=Variable	NT=Deamidated;AC=UNIMOD:7;TA=N,Q;MT=Variable	NT=TMT6plex;AC=UNIMOD:737;TA=K;MT=Variable	NT=TMT6plex;AC=UNIMOD:737;PP=N-term;MT=Variable	dithiothreitol	chloroacetamide	5	1	20210329_L1_nUT2_ES803A_TMT_U1_U937_cells_B3_F5.raw	v1.1.0	NT=ms-proteomics;VV=v1.1.0	NT=human;VV=v1.1.0	NT=cell-lines;VV=v1.1.0	manual curation	U937	prostratin and 6-diazo-5-oxo-L-norleucine treatment	B3
U937_C_B3	Homo sapiens	cell culture	adult acute monocytic leukemia	U937	CVCL_0007	U-937	37Y	male	untreated	study sample	3	20210329_L1_nUT2_ES803A_TMT_U1_U937_cells_B3_F5_TMT129C	proteomic profiling by mass spectrometry	NT=Data-dependent acquisition;AC=PRIDE:0000627	NT=Orbitrap Fusion Lumos;AC=MS:1002732	TMT129C	NT=Trypsin;AC=MS:1001251	NT=Carbamidomethyl;AC=UNIMOD:4;TA=C;MT=Fixed	NT=Oxidation;AC=UNIMOD:35;TA=M;MT=Variable	NT=Deamidated;AC=UNIMOD:7;TA=N,Q;MT=Variable	NT=TMT6plex;AC=UNIMOD:737;TA=K;MT=Variable	NT=TMT6plex;AC=UNIMOD:737;PP=N-term;MT=Variable	dithiothreitol	chloroacetamide	5	1	20210329_L1_nUT2_ES803A_TMT_U1_U937_cells_B3_F5.raw	v1.1.0	NT=ms-proteomics;VV=v1.1.0	NT=human;VV=v1.1.0	NT=cell-lines;VV=v1.1.0	manual curation	U937	untreated	B3
U937_P_B3	Homo sapiens	cell culture	adult acute monocytic leukemia	U937	CVCL_0007	U-937	37Y	male	prostratin treatment	study sample	3	20210329_L1_nUT2_ES803A_TMT_U1_U937_cells_B3_F5_TMT130N	proteomic profiling by mass spectrometry	NT=Data-dependent acquisition;AC=PRIDE:0000627	NT=Orbitrap Fusion Lumos;AC=MS:1002732	TMT130N	NT=Trypsin;AC=MS:1001251	NT=Carbamidomethyl;AC=UNIMOD:4;TA=C;MT=Fixed	NT=Oxidation;AC=UNIMOD:35;TA=M;MT=Variable	NT=Deamidated;AC=UNIMOD:7;TA=N,Q;MT=Variable	NT=TMT6plex;AC=UNIMOD:737;TA=K;MT=Variable	NT=TMT6plex;AC=UNIMOD:737;PP=N-term;MT=Variable	dithiothreitol	chloroacetamide	5	1	20210329_L1_nUT2_ES803A_TMT_U1_U937_cells_B3_F5.raw	v1.1.0	NT=ms-proteomics;VV=v1.1.0	NT=human;VV=v1.1.0	NT=cell-lines;VV=v1.1.0	manual curation	U937	prostratin treatment	B3
Pool_Pool_B3	Homo sapiens	cell culture	not applicable	Pool	not available	not available	not available	not applicable	not applicable	pooled	3	20210329_L1_nUT2_ES803A_TMT_U1_U937_cells_B3_F5_TMT131	proteomic profiling by mass spectrometry	NT=Data-dependent acquisition;AC=PRIDE:0000627	NT=Orbitrap Fusion Lumos;AC=MS:1002732	TMT131	NT=Trypsin;AC=MS:1001251	NT=Carbamidomethyl;AC=UNIMOD:4;TA=C;MT=Fixed	NT=Oxidation;AC=UNIMOD:35;TA=M;MT=Variable	NT=Deamidated;AC=UNIMOD:7;TA=N,Q;MT=Variable	NT=TMT6plex;AC=UNIMOD:737;TA=K;MT=Variable	NT=TMT6plex;AC=UNIMOD:737;PP=N-term;MT=Variable	dithiothreitol	chloroacetamide	5	1	20210329_L1_nUT2_ES803A_TMT_U1_U937_cells_B3_F5.raw	v1.1.0	NT=ms-proteomics;VV=v1.1.0	NT=human;VV=v1.1.0	NT=cell-lines;VV=v1.1.0	manual curation	Pool	not applicable	B3
U1_C-DON_B3	Homo sapiens	cell culture	adult acute monocytic leukemia	U1	CVCL_M769	U1/HIV-1	37Y	male	6-diazo-5-oxo-L-norleucine treatment	study sample	3	20210329_L1_nUT2_ES803A_TMT_U1_U937_cells_B3_F12_TMT126	proteomic profiling by mass spectrometry	NT=Data-dependent acquisition;AC=PRIDE:0000627	NT=Orbitrap Fusion Lumos;AC=MS:1002732	TMT126	NT=Trypsin;AC=MS:1001251	NT=Carbamidomethyl;AC=UNIMOD:4;TA=C;MT=Fixed	NT=Oxidation;AC=UNIMOD:35;TA=M;MT=Variable	NT=Deamidated;AC=UNIMOD:7;TA=N,Q;MT=Variable	NT=TMT6plex;AC=UNIMOD:737;TA=K;MT=Variable	NT=TMT6plex;AC=UNIMOD:737;PP=N-term;MT=Variable	dithiothreitol	chloroacetamide	12	1	20210329_L1_nUT2_ES803A_TMT_U1_U937_cells_B3_F12.raw	v1.1.0	NT=ms-proteomics;VV=v1.1.0	NT=human;VV=v1.1.0	NT=cell-lines;VV=v1.1.0	manual curation	U1	6-diazo-5-oxo-L-norleucine treatment	B3
U1_P-DON_B3	Homo sapiens	cell culture	adult acute monocytic leukemia	U1	CVCL_M769	U1/HIV-1	37Y	male	prostratin and 6-diazo-5-oxo-L-norleucine treatment	study sample	3	20210329_L1_nUT2_ES803A_TMT_U1_U937_cells_B3_F12_TMT127N	proteomic profiling by mass spectrometry	NT=Data-dependent acquisition;AC=PRIDE:0000627	NT=Orbitrap Fusion Lumos;AC=MS:1002732	TMT127N	NT=Trypsin;AC=MS:1001251	NT=Carbamidomethyl;AC=UNIMOD:4;TA=C;MT=Fixed	NT=Oxidation;AC=UNIMOD:35;TA=M;MT=Variable	NT=Deamidated;AC=UNIMOD:7;TA=N,Q;MT=Variable	NT=TMT6plex;AC=UNIMOD:737;TA=K;MT=Variable	NT=TMT6plex;AC=UNIMOD:737;PP=N-term;MT=Variable	dithiothreitol	chloroacetamide	12	1	20210329_L1_nUT2_ES803A_TMT_U1_U937_cells_B3_F12.raw	v1.1.0	NT=ms-proteomics;VV=v1.1.0	NT=human;VV=v1.1.0	NT=cell-lines;VV=v1.1.0	manual curation	U1	prostratin and 6-diazo-5-oxo-L-norleucine treatment	B3
U1_C_B3	Homo sapiens	cell culture	adult acute monocytic leukemia	U1	CVCL_M769	U1/HIV-1	37Y	male	untreated	study sample	3	20210329_L1_nUT2_ES803A_TMT_U1_U937_cells_B3_F12_TMT127C	proteomic profiling by mass spectrometry	NT=Data-dependent acquisition;AC=PRIDE:0000627	NT=Orbitrap Fusion Lumos;AC=MS:1002732	TMT127C	NT=Trypsin;AC=MS:1001251	NT=Carbamidomethyl;AC=UNIMOD:4;TA=C;MT=Fixed	NT=Oxidation;AC=UNIMOD:35;TA=M;MT=Variable	NT=Deamidated;AC=UNIMOD:7;TA=N,Q;MT=Variable	NT=TMT6plex;AC=UNIMOD:737;TA=K;MT=Variable	NT=TMT6plex;AC=UNIMOD:737;PP=N-term;MT=Variable	dithiothreitol	chloroacetamide	12	1	20210329_L1_nUT2_ES803A_TMT_U1_U937_cells_B3_F12.raw	v1.1.0	NT=ms-proteomics;VV=v1.1.0	NT=human;VV=v1.1.0	NT=cell-lines;VV=v1.1.0	manual curation	U1	untreated	B3
U1_P_B3	Homo sapiens	cell culture	adult acute monocytic leukemia	U1	CVCL_M769	U1/HIV-1	37Y	male	prostratin treatment	study sample	3	20210329_L1_nUT2_ES803A_TMT_U1_U937_cells_B3_F12_TMT128N	proteomic profiling by mass spectrometry	NT=Data-dependent acquisition;AC=PRIDE:0000627	NT=Orbitrap Fusion Lumos;AC=MS:1002732	TMT128N	NT=Trypsin;AC=MS:1001251	NT=Carbamidomethyl;AC=UNIMOD:4;TA=C;MT=Fixed	NT=Oxidation;AC=UNIMOD:35;TA=M;MT=Variable	NT=Deamidated;AC=UNIMOD:7;TA=N,Q;MT=Variable	NT=TMT6plex;AC=UNIMOD:737;TA=K;MT=Variable	NT=TMT6plex;AC=UNIMOD:737;PP=N-term;MT=Variable	dithiothreitol	chloroacetamide	12	1	20210329_L1_nUT2_ES803A_TMT_U1_U937_cells_B3_F12.raw	v1.1.0	NT=ms-proteomics;VV=v1.1.0	NT=human;VV=v1.1.0	NT=cell-lines;VV=v1.1.0	manual curation	U1	prostratin treatment	B3
U937_C-DON_B3	Homo sapiens	cell culture	adult acute monocytic leukemia	U937	CVCL_0007	U-937	37Y	male	6-diazo-5-oxo-L-norleucine treatment	study sample	3	20210329_L1_nUT2_ES803A_TMT_U1_U937_cells_B3_F12_TMT128C	proteomic profiling by mass spectrometry	NT=Data-dependent acquisition;AC=PRIDE:0000627	NT=Orbitrap Fusion Lumos;AC=MS:1002732	TMT128C	NT=Trypsin;AC=MS:1001251	NT=Carbamidomethyl;AC=UNIMOD:4;TA=C;MT=Fixed	NT=Oxidation;AC=UNIMOD:35;TA=M;MT=Variable	NT=Deamidated;AC=UNIMOD:7;TA=N,Q;MT=Variable	NT=TMT6plex;AC=UNIMOD:737;TA=K;MT=Variable	NT=TMT6plex;AC=UNIMOD:737;PP=N-term;MT=Variable	dithiothreitol	chloroacetamide	12	1	20210329_L1_nUT2_ES803A_TMT_U1_U937_cells_B3_F12.raw	v1.1.0	NT=ms-proteomics;VV=v1.1.0	NT=human;VV=v1.1.0	NT=cell-lines;VV=v1.1.0	manual curation	U937	6-diazo-5-oxo-L-norleucine treatment	B3
U937_P-DON_B3	Homo sapiens	cell culture	adult acute monocytic leukemia	U937	CVCL_0007	U-937	37Y	male	prostratin and 6-diazo-5-oxo-L-norleucine treatment	study sample	3	20210329_L1_nUT2_ES803A_TMT_U1_U937_cells_B3_F12_TMT129N	proteomic profiling by mass spectrometry	NT=Data-dependent acquisition;AC=PRIDE:0000627	NT=Orbitrap Fusion Lumos;AC=MS:1002732	TMT129N	NT=Trypsin;AC=MS:1001251	NT=Carbamidomethyl;AC=UNIMOD:4;TA=C;MT=Fixed	NT=Oxidation;AC=UNIMOD:35;TA=M;MT=Variable	NT=Deamidated;AC=UNIMOD:7;TA=N,Q;MT=Variable	NT=TMT6plex;AC=UNIMOD:737;TA=K;MT=Variable	NT=TMT6plex;AC=UNIMOD:737;PP=N-term;MT=Variable	dithiothreitol	chloroacetamide	12	1	20210329_L1_nUT2_ES803A_TMT_U1_U937_cells_B3_F12.raw	v1.1.0	NT=ms-proteomics;VV=v1.1.0	NT=human;VV=v1.1.0	NT=cell-lines;VV=v1.1.0	manual curation	U937	prostratin and 6-diazo-5-oxo-L-norleucine treatment	B3
U937_C_B3	Homo sapiens	cell culture	adult acute monocytic leukemia	U937	CVCL_0007	U-937	37Y	male	untreated	study sample	3	20210329_L1_nUT2_ES803A_TMT_U1_U937_cells_B3_F12_TMT129C	proteomic profiling by mass spectrometry	NT=Data-dependent acquisition;AC=PRIDE:0000627	NT=Orbitrap Fusion Lumos;AC=MS:1002732	TMT129C	NT=Trypsin;AC=MS:1001251	NT=Carbamidomethyl;AC=UNIMOD:4;TA=C;MT=Fixed	NT=Oxidation;AC=UNIMOD:35;TA=M;MT=Variable	NT=Deamidated;AC=UNIMOD:7;TA=N,Q;MT=Variable	NT=TMT6plex;AC=UNIMOD:737;TA=K;MT=Variable	NT=TMT6plex;AC=UNIMOD:737;PP=N-term;MT=Variable	dithiothreitol	chloroacetamide	12	1	20210329_L1_nUT2_ES803A_TMT_U1_U937_cells_B3_F12.raw	v1.1.0	NT=ms-proteomics;VV=v1.1.0	NT=human;VV=v1.1.0	NT=cell-lines;VV=v1.1.0	manual curation	U937	untreated	B3
U937_P_B3	Homo sapiens	cell culture	adult acute monocytic leukemia	U937	CVCL_0007	U-937	37Y	male	prostratin treatment	study sample	3	20210329_L1_nUT2_ES803A_TMT_U1_U937_cells_B3_F12_TMT130N	proteomic profiling by mass spectrometry	NT=Data-dependent acquisition;AC=PRIDE:0000627	NT=Orbitrap Fusion Lumos;AC=MS:1002732	TMT130N	NT=Trypsin;AC=MS:1001251	NT=Carbamidomethyl;AC=UNIMOD:4;TA=C;MT=Fixed	NT=Oxidation;AC=UNIMOD:35;TA=M;MT=Variable	NT=Deamidated;AC=UNIMOD:7;TA=N,Q;MT=Variable	NT=TMT6plex;AC=UNIMOD:737;TA=K;MT=Variable	NT=TMT6plex;AC=UNIMOD:737;PP=N-term;MT=Variable	dithiothreitol	chloroacetamide	12	1	20210329_L1_nUT2_ES803A_TMT_U1_U937_cells_B3_F12.raw	v1.1.0	NT=ms-proteomics;VV=v1.1.0	NT=human;VV=v1.1.0	NT=cell-lines;VV=v1.1.0	manual curation	U937	prostratin treatment	B3
Pool_Pool_B3	Homo sapiens	cell culture	not applicable	Pool	not available	not available	not available	not applicable	not applicable	pooled	3	20210329_L1_nUT2_ES803A_TMT_U1_U937_cells_B3_F12_TMT131	proteomic profiling by mass spectrometry	NT=Data-dependent acquisition;AC=PRIDE:0000627	NT=Orbitrap Fusion Lumos;AC=MS:1002732	TMT131	NT=Trypsin;AC=MS:1001251	NT=Carbamidomethyl;AC=UNIMOD:4;TA=C;MT=Fixed	NT=Oxidation;AC=UNIMOD:35;TA=M;MT=Variable	NT=Deamidated;AC=UNIMOD:7;TA=N,Q;MT=Variable	NT=TMT6plex;AC=UNIMOD:737;TA=K;MT=Variable	NT=TMT6plex;AC=UNIMOD:737;PP=N-term;MT=Variable	dithiothreitol	chloroacetamide	12	1	20210329_L1_nUT2_ES803A_TMT_U1_U937_cells_B3_F12.raw	v1.1.0	NT=ms-proteomics;VV=v1.1.0	NT=human;VV=v1.1.0	NT=cell-lines;VV=v1.1.0	manual curation	Pool	not applicable	B3
U937_C_B2	Homo sapiens	cell culture	adult acute monocytic leukemia	U937	CVCL_0007	U-937	37Y	male	untreated	study sample	2	20210329_L1_nUT2_ES803A_TMT_U1_U937_cells_B2_F3_TMT126	proteomic profiling by mass spectrometry	NT=Data-dependent acquisition;AC=PRIDE:0000627	NT=Orbitrap Fusion Lumos;AC=MS:1002732	TMT126	NT=Trypsin;AC=MS:1001251	NT=Carbamidomethyl;AC=UNIMOD:4;TA=C;MT=Fixed	NT=Oxidation;AC=UNIMOD:35;TA=M;MT=Variable	NT=Deamidated;AC=UNIMOD:7;TA=N,Q;MT=Variable	NT=TMT6plex;AC=UNIMOD:737;TA=K;MT=Variable	NT=TMT6plex;AC=UNIMOD:737;PP=N-term;MT=Variable	dithiothreitol	chloroacetamide	3	1	20210329_L1_nUT2_ES803A_TMT_U1_U937_cells_B2_F3.raw	v1.1.0	NT=ms-proteomics;VV=v1.1.0	NT=human;VV=v1.1.0	NT=cell-lines;VV=v1.1.0	manual curation	U937	untreated	B2
U937_P_B2	Homo sapiens	cell culture	adult acute monocytic leukemia	U937	CVCL_0007	U-937	37Y	male	prostratin treatment	study sample	2	20210329_L1_nUT2_ES803A_TMT_U1_U937_cells_B2_F3_TMT127N	proteomic profiling by mass spectrometry	NT=Data-dependent acquisition;AC=PRIDE:0000627	NT=Orbitrap Fusion Lumos;AC=MS:1002732	TMT127N	NT=Trypsin;AC=MS:1001251	NT=Carbamidomethyl;AC=UNIMOD:4;TA=C;MT=Fixed	NT=Oxidation;AC=UNIMOD:35;TA=M;MT=Variable	NT=Deamidated;AC=UNIMOD:7;TA=N,Q;MT=Variable	NT=TMT6plex;AC=UNIMOD:737;TA=K;MT=Variable	NT=TMT6plex;AC=UNIMOD:737;PP=N-term;MT=Variable	dithiothreitol	chloroacetamide	3	1	20210329_L1_nUT2_ES803A_TMT_U1_U937_cells_B2_F3.raw	v1.1.0	NT=ms-proteomics;VV=v1.1.0	NT=human;VV=v1.1.0	NT=cell-lines;VV=v1.1.0	manual curation	U937	prostratin treatment	B2
U937_C-DON_B2	Homo sapiens	cell culture	adult acute monocytic leukemia	U937	CVCL_0007	U-937	37Y	male	6-diazo-5-oxo-L-norleucine treatment	study sample	2	20210329_L1_nUT2_ES803A_TMT_U1_U937_cells_B2_F3_TMT127C	proteomic profiling by mass spectrometry	NT=Data-dependent acquisition;AC=PRIDE:0000627	NT=Orbitrap Fusion Lumos;AC=MS:1002732	TMT127C	NT=Trypsin;AC=MS:1001251	NT=Carbamidomethyl;AC=UNIMOD:4;TA=C;MT=Fixed	NT=Oxidation;AC=UNIMOD:35;TA=M;MT=Variable	NT=Deamidated;AC=UNIMOD:7;TA=N,Q;MT=Variable	NT=TMT6plex;AC=UNIMOD:737;TA=K;MT=Variable	NT=TMT6plex;AC=UNIMOD:737;PP=N-term;MT=Variable	dithiothreitol	chloroacetamide	3	1	20210329_L1_nUT2_ES803A_TMT_U1_U937_cells_B2_F3.raw	v1.1.0	NT=ms-proteomics;VV=v1.1.0	NT=human;VV=v1.1.0	NT=cell-lines;VV=v1.1.0	manual curation	U937	6-diazo-5-oxo-L-norleucine treatment	B2
U937_P-DON_B2	Homo sapiens	cell culture	adult acute monocytic leukemia	U937	CVCL_0007	U-937	37Y	male	prostratin and 6-diazo-5-oxo-L-norleucine treatment	study sample	2	20210329_L1_nUT2_ES803A_TMT_U1_U937_cells_B2_F3_TMT128N	proteomic profiling by mass spectrometry	NT=Data-dependent acquisition;AC=PRIDE:0000627	NT=Orbitrap Fusion Lumos;AC=MS:1002732	TMT128N	NT=Trypsin;AC=MS:1001251	NT=Carbamidomethyl;AC=UNIMOD:4;TA=C;MT=Fixed	NT=Oxidation;AC=UNIMOD:35;TA=M;MT=Variable	NT=Deamidated;AC=UNIMOD:7;TA=N,Q;MT=Variable	NT=TMT6plex;AC=UNIMOD:737;TA=K;MT=Variable	NT=TMT6plex;AC=UNIMOD:737;PP=N-term;MT=Variable	dithiothreitol	chloroacetamide	3	1	20210329_L1_nUT2_ES803A_TMT_U1_U937_cells_B2_F3.raw	v1.1.0	NT=ms-proteomics;VV=v1.1.0	NT=human;VV=v1.1.0	NT=cell-lines;VV=v1.1.0	manual curation	U937	prostratin and 6-diazo-5-oxo-L-norleucine treatment	B2
U1_C_B2	Homo sapiens	cell culture	adult acute monocytic leukemia	U1	CVCL_M769	U1/HIV-1	37Y	male	untreated	study sample	2	20210329_L1_nUT2_ES803A_TMT_U1_U937_cells_B2_F3_TMT128C	proteomic profiling by mass spectrometry	NT=Data-dependent acquisition;AC=PRIDE:0000627	NT=Orbitrap Fusion Lumos;AC=MS:1002732	TMT128C	NT=Trypsin;AC=MS:1001251	NT=Carbamidomethyl;AC=UNIMOD:4;TA=C;MT=Fixed	NT=Oxidation;AC=UNIMOD:35;TA=M;MT=Variable	NT=Deamidated;AC=UNIMOD:7;TA=N,Q;MT=Variable	NT=TMT6plex;AC=UNIMOD:737;TA=K;MT=Variable	NT=TMT6plex;AC=UNIMOD:737;PP=N-term;MT=Variable	dithiothreitol	chloroacetamide	3	1	20210329_L1_nUT2_ES803A_TMT_U1_U937_cells_B2_F3.raw	v1.1.0	NT=ms-proteomics;VV=v1.1.0	NT=human;VV=v1.1.0	NT=cell-lines;VV=v1.1.0	manual curation	U1	untreated	B2
U1_P_B2	Homo sapiens	cell culture	adult acute monocytic leukemia	U1	CVCL_M769	U1/HIV-1	37Y	male	prostratin treatment	study sample	2	20210329_L1_nUT2_ES803A_TMT_U1_U937_cells_B2_F3_TMT129N	proteomic profiling by mass spectrometry	NT=Data-dependent acquisition;AC=PRIDE:0000627	NT=Orbitrap Fusion Lumos;AC=MS:1002732	TMT129N	NT=Trypsin;AC=MS:1001251	NT=Carbamidomethyl;AC=UNIMOD:4;TA=C;MT=Fixed	NT=Oxidation;AC=UNIMOD:35;TA=M;MT=Variable	NT=Deamidated;AC=UNIMOD:7;TA=N,Q;MT=Variable	NT=TMT6plex;AC=UNIMOD:737;TA=K;MT=Variable	NT=TMT6plex;AC=UNIMOD:737;PP=N-term;MT=Variable	dithiothreitol	chloroacetamide	3	1	20210329_L1_nUT2_ES803A_TMT_U1_U937_cells_B2_F3.raw	v1.1.0	NT=ms-proteomics;VV=v1.1.0	NT=human;VV=v1.1.0	NT=cell-lines;VV=v1.1.0	manual curation	U1	prostratin treatment	B2
U1_C-DON_B2	Homo sapiens	cell culture	adult acute monocytic leukemia	U1	CVCL_M769	U1/HIV-1	37Y	male	6-diazo-5-oxo-L-norleucine treatment	study sample	2	20210329_L1_nUT2_ES803A_TMT_U1_U937_cells_B2_F3_TMT129C	proteomic profiling by mass spectrometry	NT=Data-dependent acquisition;AC=PRIDE:0000627	NT=Orbitrap Fusion Lumos;AC=MS:1002732	TMT129C	NT=Trypsin;AC=MS:1001251	NT=Carbamidomethyl;AC=UNIMOD:4;TA=C;MT=Fixed	NT=Oxidation;AC=UNIMOD:35;TA=M;MT=Variable	NT=Deamidated;AC=UNIMOD:7;TA=N,Q;MT=Variable	NT=TMT6plex;AC=UNIMOD:737;TA=K;MT=Variable	NT=TMT6plex;AC=UNIMOD:737;PP=N-term;MT=Variable	dithiothreitol	chloroacetamide	3	1	20210329_L1_nUT2_ES803A_TMT_U1_U937_cells_B2_F3.raw	v1.1.0	NT=ms-proteomics;VV=v1.1.0	NT=human;VV=v1.1.0	NT=cell-lines;VV=v1.1.0	manual curation	U1	6-diazo-5-oxo-L-norleucine treatment	B2
U1_P-DON_B2	Homo sapiens	cell culture	adult acute monocytic leukemia	U1	CVCL_M769	U1/HIV-1	37Y	male	prostratin and 6-diazo-5-oxo-L-norleucine treatment	study sample	2	20210329_L1_nUT2_ES803A_TMT_U1_U937_cells_B2_F3_TMT130N	proteomic profiling by mass spectrometry	NT=Data-dependent acquisition;AC=PRIDE:0000627	NT=Orbitrap Fusion Lumos;AC=MS:1002732	TMT130N	NT=Trypsin;AC=MS:1001251	NT=Carbamidomethyl;AC=UNIMOD:4;TA=C;MT=Fixed	NT=Oxidation;AC=UNIMOD:35;TA=M;MT=Variable	NT=Deamidated;AC=UNIMOD:7;TA=N,Q;MT=Variable	NT=TMT6plex;AC=UNIMOD:737;TA=K;MT=Variable	NT=TMT6plex;AC=UNIMOD:737;PP=N-term;MT=Variable	dithiothreitol	chloroacetamide	3	1	20210329_L1_nUT2_ES803A_TMT_U1_U937_cells_B2_F3.raw	v1.1.0	NT=ms-proteomics;VV=v1.1.0	NT=human;VV=v1.1.0	NT=cell-lines;VV=v1.1.0	manual curation	U1	prostratin and 6-diazo-5-oxo-L-norleucine treatment	B2
Pool_Pool_B2	Homo sapiens	cell culture	not applicable	Pool	not available	not available	not available	not applicable	not applicable	pooled	2	20210329_L1_nUT2_ES803A_TMT_U1_U937_cells_B2_F3_TMT131	proteomic profiling by mass spectrometry	NT=Data-dependent acquisition;AC=PRIDE:0000627	NT=Orbitrap Fusion Lumos;AC=MS:1002732	TMT131	NT=Trypsin;AC=MS:1001251	NT=Carbamidomethyl;AC=UNIMOD:4;TA=C;MT=Fixed	NT=Oxidation;AC=UNIMOD:35;TA=M;MT=Variable	NT=Deamidated;AC=UNIMOD:7;TA=N,Q;MT=Variable	NT=TMT6plex;AC=UNIMOD:737;TA=K;MT=Variable	NT=TMT6plex;AC=UNIMOD:737;PP=N-term;MT=Variable	dithiothreitol	chloroacetamide	3	1	20210329_L1_nUT2_ES803A_TMT_U1_U937_cells_B2_F3.raw	v1.1.0	NT=ms-proteomics;VV=v1.1.0	NT=human;VV=v1.1.0	NT=cell-lines;VV=v1.1.0	manual curation	Pool	not applicable	B2
U1_C_B1	Homo sapiens	cell culture	adult acute monocytic leukemia	U1	CVCL_M769	U1/HIV-1	37Y	male	untreated	study sample	1	20210329_L1_nUT2_ES803A_TMT_U1_U937_cells_B1_F10_TMT126	proteomic profiling by mass spectrometry	NT=Data-dependent acquisition;AC=PRIDE:0000627	NT=Orbitrap Fusion Lumos;AC=MS:1002732	TMT126	NT=Trypsin;AC=MS:1001251	NT=Carbamidomethyl;AC=UNIMOD:4;TA=C;MT=Fixed	NT=Oxidation;AC=UNIMOD:35;TA=M;MT=Variable	NT=Deamidated;AC=UNIMOD:7;TA=N,Q;MT=Variable	NT=TMT6plex;AC=UNIMOD:737;TA=K;MT=Variable	NT=TMT6plex;AC=UNIMOD:737;PP=N-term;MT=Variable	dithiothreitol	chloroacetamide	10	1	20210329_L1_nUT2_ES803A_TMT_U1_U937_cells_B1_F10.raw	v1.1.0	NT=ms-proteomics;VV=v1.1.0	NT=human;VV=v1.1.0	NT=cell-lines;VV=v1.1.0	manual curation	U1	untreated	B1
U1_P_B1	Homo sapiens	cell culture	adult acute monocytic leukemia	U1	CVCL_M769	U1/HIV-1	37Y	male	prostratin treatment	study sample	1	20210329_L1_nUT2_ES803A_TMT_U1_U937_cells_B1_F10_TMT127N	proteomic profiling by mass spectrometry	NT=Data-dependent acquisition;AC=PRIDE:0000627	NT=Orbitrap Fusion Lumos;AC=MS:1002732	TMT127N	NT=Trypsin;AC=MS:1001251	NT=Carbamidomethyl;AC=UNIMOD:4;TA=C;MT=Fixed	NT=Oxidation;AC=UNIMOD:35;TA=M;MT=Variable	NT=Deamidated;AC=UNIMOD:7;TA=N,Q;MT=Variable	NT=TMT6plex;AC=UNIMOD:737;TA=K;MT=Variable	NT=TMT6plex;AC=UNIMOD:737;PP=N-term;MT=Variable	dithiothreitol	chloroacetamide	10	1	20210329_L1_nUT2_ES803A_TMT_U1_U937_cells_B1_F10.raw	v1.1.0	NT=ms-proteomics;VV=v1.1.0	NT=human;VV=v1.1.0	NT=cell-lines;VV=v1.1.0	manual curation	U1	prostratin treatment	B1
U1_C-DON_B1	Homo sapiens	cell culture	adult acute monocytic leukemia	U1	CVCL_M769	U1/HIV-1	37Y	male	6-diazo-5-oxo-L-norleucine treatment	study sample	1	20210329_L1_nUT2_ES803A_TMT_U1_U937_cells_B1_F10_TMT127C	proteomic profiling by mass spectrometry	NT=Data-dependent acquisition;AC=PRIDE:0000627	NT=Orbitrap Fusion Lumos;AC=MS:1002732	TMT127C	NT=Trypsin;AC=MS:1001251	NT=Carbamidomethyl;AC=UNIMOD:4;TA=C;MT=Fixed	NT=Oxidation;AC=UNIMOD:35;TA=M;MT=Variable	NT=Deamidated;AC=UNIMOD:7;TA=N,Q;MT=Variable	NT=TMT6plex;AC=UNIMOD:737;TA=K;MT=Variable	NT=TMT6plex;AC=UNIMOD:737;PP=N-term;MT=Variable	dithiothreitol	chloroacetamide	10	1	20210329_L1_nUT2_ES803A_TMT_U1_U937_cells_B1_F10.raw	v1.1.0	NT=ms-proteomics;VV=v1.1.0	NT=human;VV=v1.1.0	NT=cell-lines;VV=v1.1.0	manual curation	U1	6-diazo-5-oxo-L-norleucine treatment	B1
U1_P-DON_B1	Homo sapiens	cell culture	adult acute monocytic leukemia	U1	CVCL_M769	U1/HIV-1	37Y	male	prostratin and 6-diazo-5-oxo-L-norleucine treatment	study sample	1	20210329_L1_nUT2_ES803A_TMT_U1_U937_cells_B1_F10_TMT128N	proteomic profiling by mass spectrometry	NT=Data-dependent acquisition;AC=PRIDE:0000627	NT=Orbitrap Fusion Lumos;AC=MS:1002732	TMT128N	NT=Trypsin;AC=MS:1001251	NT=Carbamidomethyl;AC=UNIMOD:4;TA=C;MT=Fixed	NT=Oxidation;AC=UNIMOD:35;TA=M;MT=Variable	NT=Deamidated;AC=UNIMOD:7;TA=N,Q;MT=Variable	NT=TMT6plex;AC=UNIMOD:737;TA=K;MT=Variable	NT=TMT6plex;AC=UNIMOD:737;PP=N-term;MT=Variable	dithiothreitol	chloroacetamide	10	1	20210329_L1_nUT2_ES803A_TMT_U1_U937_cells_B1_F10.raw	v1.1.0	NT=ms-proteomics;VV=v1.1.0	NT=human;VV=v1.1.0	NT=cell-lines;VV=v1.1.0	manual curation	U1	prostratin and 6-diazo-5-oxo-L-norleucine treatment	B1
U937_C_B1	Homo sapiens	cell culture	adult acute monocytic leukemia	U937	CVCL_0007	U-937	37Y	male	untreated	study sample	1	20210329_L1_nUT2_ES803A_TMT_U1_U937_cells_B1_F10_TMT128C	proteomic profiling by mass spectrometry	NT=Data-dependent acquisition;AC=PRIDE:0000627	NT=Orbitrap Fusion Lumos;AC=MS:1002732	TMT128C	NT=Trypsin;AC=MS:1001251	NT=Carbamidomethyl;AC=UNIMOD:4;TA=C;MT=Fixed	NT=Oxidation;AC=UNIMOD:35;TA=M;MT=Variable	NT=Deamidated;AC=UNIMOD:7;TA=N,Q;MT=Variable	NT=TMT6plex;AC=UNIMOD:737;TA=K;MT=Variable	NT=TMT6plex;AC=UNIMOD:737;PP=N-term;MT=Variable	dithiothreitol	chloroacetamide	10	1	20210329_L1_nUT2_ES803A_TMT_U1_U937_cells_B1_F10.raw	v1.1.0	NT=ms-proteomics;VV=v1.1.0	NT=human;VV=v1.1.0	NT=cell-lines;VV=v1.1.0	manual curation	U937	untreated	B1
U937_P_B1	Homo sapiens	cell culture	adult acute monocytic leukemia	U937	CVCL_0007	U-937	37Y	male	prostratin treatment	study sample	1	20210329_L1_nUT2_ES803A_TMT_U1_U937_cells_B1_F10_TMT129N	proteomic profiling by mass spectrometry	NT=Data-dependent acquisition;AC=PRIDE:0000627	NT=Orbitrap Fusion Lumos;AC=MS:1002732	TMT129N	NT=Trypsin;AC=MS:1001251	NT=Carbamidomethyl;AC=UNIMOD:4;TA=C;MT=Fixed	NT=Oxidation;AC=UNIMOD:35;TA=M;MT=Variable	NT=Deamidated;AC=UNIMOD:7;TA=N,Q;MT=Variable	NT=TMT6plex;AC=UNIMOD:737;TA=K;MT=Variable	NT=TMT6plex;AC=UNIMOD:737;PP=N-term;MT=Variable	dithiothreitol	chloroacetamide	10	1	20210329_L1_nUT2_ES803A_TMT_U1_U937_cells_B1_F10.raw	v1.1.0	NT=ms-proteomics;VV=v1.1.0	NT=human;VV=v1.1.0	NT=cell-lines;VV=v1.1.0	manual curation	U937	prostratin treatment	B1
U937_C-DON_B1	Homo sapiens	cell culture	adult acute monocytic leukemia	U937	CVCL_0007	U-937	37Y	male	6-diazo-5-oxo-L-norleucine treatment	study sample	1	20210329_L1_nUT2_ES803A_TMT_U1_U937_cells_B1_F10_TMT129C	proteomic profiling by mass spectrometry	NT=Data-dependent acquisition;AC=PRIDE:0000627	NT=Orbitrap Fusion Lumos;AC=MS:1002732	TMT129C	NT=Trypsin;AC=MS:1001251	NT=Carbamidomethyl;AC=UNIMOD:4;TA=C;MT=Fixed	NT=Oxidation;AC=UNIMOD:35;TA=M;MT=Variable	NT=Deamidated;AC=UNIMOD:7;TA=N,Q;MT=Variable	NT=TMT6plex;AC=UNIMOD:737;TA=K;MT=Variable	NT=TMT6plex;AC=UNIMOD:737;PP=N-term;MT=Variable	dithiothreitol	chloroacetamide	10	1	20210329_L1_nUT2_ES803A_TMT_U1_U937_cells_B1_F10.raw	v1.1.0	NT=ms-proteomics;VV=v1.1.0	NT=human;VV=v1.1.0	NT=cell-lines;VV=v1.1.0	manual curation	U937	6-diazo-5-oxo-L-norleucine treatment	B1
U937_P-DON_B1	Homo sapiens	cell culture	adult acute monocytic leukemia	U937	CVCL_0007	U-937	37Y	male	prostratin and 6-diazo-5-oxo-L-norleucine treatment	study sample	1	20210329_L1_nUT2_ES803A_TMT_U1_U937_cells_B1_F10_TMT130N	proteomic profiling by mass spectrometry	NT=Data-dependent acquisition;AC=PRIDE:0000627	NT=Orbitrap Fusion Lumos;AC=MS:1002732	TMT130N	NT=Trypsin;AC=MS:1001251	NT=Carbamidomethyl;AC=UNIMOD:4;TA=C;MT=Fixed	NT=Oxidation;AC=UNIMOD:35;TA=M;MT=Variable	NT=Deamidated;AC=UNIMOD:7;TA=N,Q;MT=Variable	NT=TMT6plex;AC=UNIMOD:737;TA=K;MT=Variable	NT=TMT6plex;AC=UNIMOD:737;PP=N-term;MT=Variable	dithiothreitol	chloroacetamide	10	1	20210329_L1_nUT2_ES803A_TMT_U1_U937_cells_B1_F10.raw	v1.1.0	NT=ms-proteomics;VV=v1.1.0	NT=human;VV=v1.1.0	NT=cell-lines;VV=v1.1.0	manual curation	U937	prostratin and 6-diazo-5-oxo-L-norleucine treatment	B1
Pool_Pool_B1	Homo sapiens	cell culture	not applicable	Pool	not available	not available	not available	not applicable	not applicable	pooled	1	20210329_L1_nUT2_ES803A_TMT_U1_U937_cells_B1_F10_TMT131	proteomic profiling by mass spectrometry	NT=Data-dependent acquisition;AC=PRIDE:0000627	NT=Orbitrap Fusion Lumos;AC=MS:1002732	TMT131	NT=Trypsin;AC=MS:1001251	NT=Carbamidomethyl;AC=UNIMOD:4;TA=C;MT=Fixed	NT=Oxidation;AC=UNIMOD:35;TA=M;MT=Variable	NT=Deamidated;AC=UNIMOD:7;TA=N,Q;MT=Variable	NT=TMT6plex;AC=UNIMOD:737;TA=K;MT=Variable	NT=TMT6plex;AC=UNIMOD:737;PP=N-term;MT=Variable	dithiothreitol	chloroacetamide	10	1	20210329_L1_nUT2_ES803A_TMT_U1_U937_cells_B1_F10.raw	v1.1.0	NT=ms-proteomics;VV=v1.1.0	NT=human;VV=v1.1.0	NT=cell-lines;VV=v1.1.0	manual curation	Pool	not applicable	B1
U1_C-DON_B3	Homo sapiens	cell culture	adult acute monocytic leukemia	U1	CVCL_M769	U1/HIV-1	37Y	male	6-diazo-5-oxo-L-norleucine treatment	study sample	3	20210329_L1_nUT2_ES803A_TMT_U1_U937_cells_B3_F11_TMT126	proteomic profiling by mass spectrometry	NT=Data-dependent acquisition;AC=PRIDE:0000627	NT=Orbitrap Fusion Lumos;AC=MS:1002732	TMT126	NT=Trypsin;AC=MS:1001251	NT=Carbamidomethyl;AC=UNIMOD:4;TA=C;MT=Fixed	NT=Oxidation;AC=UNIMOD:35;TA=M;MT=Variable	NT=Deamidated;AC=UNIMOD:7;TA=N,Q;MT=Variable	NT=TMT6plex;AC=UNIMOD:737;TA=K;MT=Variable	NT=TMT6plex;AC=UNIMOD:737;PP=N-term;MT=Variable	dithiothreitol	chloroacetamide	11	1	20210329_L1_nUT2_ES803A_TMT_U1_U937_cells_B3_F11.raw	v1.1.0	NT=ms-proteomics;VV=v1.1.0	NT=human;VV=v1.1.0	NT=cell-lines;VV=v1.1.0	manual curation	U1	6-diazo-5-oxo-L-norleucine treatment	B3
U1_P-DON_B3	Homo sapiens	cell culture	adult acute monocytic leukemia	U1	CVCL_M769	U1/HIV-1	37Y	male	prostratin and 6-diazo-5-oxo-L-norleucine treatment	study sample	3	20210329_L1_nUT2_ES803A_TMT_U1_U937_cells_B3_F11_TMT127N	proteomic profiling by mass spectrometry	NT=Data-dependent acquisition;AC=PRIDE:0000627	NT=Orbitrap Fusion Lumos;AC=MS:1002732	TMT127N	NT=Trypsin;AC=MS:1001251	NT=Carbamidomethyl;AC=UNIMOD:4;TA=C;MT=Fixed	NT=Oxidation;AC=UNIMOD:35;TA=M;MT=Variable	NT=Deamidated;AC=UNIMOD:7;TA=N,Q;MT=Variable	NT=TMT6plex;AC=UNIMOD:737;TA=K;MT=Variable	NT=TMT6plex;AC=UNIMOD:737;PP=N-term;MT=Variable	dithiothreitol	chloroacetamide	11	1	20210329_L1_nUT2_ES803A_TMT_U1_U937_cells_B3_F11.raw	v1.1.0	NT=ms-proteomics;VV=v1.1.0	NT=human;VV=v1.1.0	NT=cell-lines;VV=v1.1.0	manual curation	U1	prostratin and 6-diazo-5-oxo-L-norleucine treatment	B3
U1_C_B3	Homo sapiens	cell culture	adult acute monocytic leukemia	U1	CVCL_M769	U1/HIV-1	37Y	male	untreated	study sample	3	20210329_L1_nUT2_ES803A_TMT_U1_U937_cells_B3_F11_TMT127C	proteomic profiling by mass spectrometry	NT=Data-dependent acquisition;AC=PRIDE:0000627	NT=Orbitrap Fusion Lumos;AC=MS:1002732	TMT127C	NT=Trypsin;AC=MS:1001251	NT=Carbamidomethyl;AC=UNIMOD:4;TA=C;MT=Fixed	NT=Oxidation;AC=UNIMOD:35;TA=M;MT=Variable	NT=Deamidated;AC=UNIMOD:7;TA=N,Q;MT=Variable	NT=TMT6plex;AC=UNIMOD:737;TA=K;MT=Variable	NT=TMT6plex;AC=UNIMOD:737;PP=N-term;MT=Variable	dithiothreitol	chloroacetamide	11	1	20210329_L1_nUT2_ES803A_TMT_U1_U937_cells_B3_F11.raw	v1.1.0	NT=ms-proteomics;VV=v1.1.0	NT=human;VV=v1.1.0	NT=cell-lines;VV=v1.1.0	manual curation	U1	untreated	B3
U1_P_B3	Homo sapiens	cell culture	adult acute monocytic leukemia	U1	CVCL_M769	U1/HIV-1	37Y	male	prostratin treatment	study sample	3	20210329_L1_nUT2_ES803A_TMT_U1_U937_cells_B3_F11_TMT128N	proteomic profiling by mass spectrometry	NT=Data-dependent acquisition;AC=PRIDE:0000627	NT=Orbitrap Fusion Lumos;AC=MS:1002732	TMT128N	NT=Trypsin;AC=MS:1001251	NT=Carbamidomethyl;AC=UNIMOD:4;TA=C;MT=Fixed	NT=Oxidation;AC=UNIMOD:35;TA=M;MT=Variable	NT=Deamidated;AC=UNIMOD:7;TA=N,Q;MT=Variable	NT=TMT6plex;AC=UNIMOD:737;TA=K;MT=Variable	NT=TMT6plex;AC=UNIMOD:737;PP=N-term;MT=Variable	dithiothreitol	chloroacetamide	11	1	20210329_L1_nUT2_ES803A_TMT_U1_U937_cells_B3_F11.raw	v1.1.0	NT=ms-proteomics;VV=v1.1.0	NT=human;VV=v1.1.0	NT=cell-lines;VV=v1.1.0	manual curation	U1	prostratin treatment	B3
U937_C-DON_B3	Homo sapiens	cell culture	adult acute monocytic leukemia	U937	CVCL_0007	U-937	37Y	male	6-diazo-5-oxo-L-norleucine treatment	study sample	3	20210329_L1_nUT2_ES803A_TMT_U1_U937_cells_B3_F11_TMT128C	proteomic profiling by mass spectrometry	NT=Data-dependent acquisition;AC=PRIDE:0000627	NT=Orbitrap Fusion Lumos;AC=MS:1002732	TMT128C	NT=Trypsin;AC=MS:1001251	NT=Carbamidomethyl;AC=UNIMOD:4;TA=C;MT=Fixed	NT=Oxidation;AC=UNIMOD:35;TA=M;MT=Variable	NT=Deamidated;AC=UNIMOD:7;TA=N,Q;MT=Variable	NT=TMT6plex;AC=UNIMOD:737;TA=K;MT=Variable	NT=TMT6plex;AC=UNIMOD:737;PP=N-term;MT=Variable	dithiothreitol	chloroacetamide	11	1	20210329_L1_nUT2_ES803A_TMT_U1_U937_cells_B3_F11.raw	v1.1.0	NT=ms-proteomics;VV=v1.1.0	NT=human;VV=v1.1.0	NT=cell-lines;VV=v1.1.0	manual curation	U937	6-diazo-5-oxo-L-norleucine treatment	B3
U937_P-DON_B3	Homo sapiens	cell culture	adult acute monocytic leukemia	U937	CVCL_0007	U-937	37Y	male	prostratin and 6-diazo-5-oxo-L-norleucine treatment	study sample	3	20210329_L1_nUT2_ES803A_TMT_U1_U937_cells_B3_F11_TMT129N	proteomic profiling by mass spectrometry	NT=Data-dependent acquisition;AC=PRIDE:0000627	NT=Orbitrap Fusion Lumos;AC=MS:1002732	TMT129N	NT=Trypsin;AC=MS:1001251	NT=Carbamidomethyl;AC=UNIMOD:4;TA=C;MT=Fixed	NT=Oxidation;AC=UNIMOD:35;TA=M;MT=Variable	NT=Deamidated;AC=UNIMOD:7;TA=N,Q;MT=Variable	NT=TMT6plex;AC=UNIMOD:737;TA=K;MT=Variable	NT=TMT6plex;AC=UNIMOD:737;PP=N-term;MT=Variable	dithiothreitol	chloroacetamide	11	1	20210329_L1_nUT2_ES803A_TMT_U1_U937_cells_B3_F11.raw	v1.1.0	NT=ms-proteomics;VV=v1.1.0	NT=human;VV=v1.1.0	NT=cell-lines;VV=v1.1.0	manual curation	U937	prostratin and 6-diazo-5-oxo-L-norleucine treatment	B3
U937_C_B3	Homo sapiens	cell culture	adult acute monocytic leukemia	U937	CVCL_0007	U-937	37Y	male	untreated	study sample	3	20210329_L1_nUT2_ES803A_TMT_U1_U937_cells_B3_F11_TMT129C	proteomic profiling by mass spectrometry	NT=Data-dependent acquisition;AC=PRIDE:0000627	NT=Orbitrap Fusion Lumos;AC=MS:1002732	TMT129C	NT=Trypsin;AC=MS:1001251	NT=Carbamidomethyl;AC=UNIMOD:4;TA=C;MT=Fixed	NT=Oxidation;AC=UNIMOD:35;TA=M;MT=Variable	NT=Deamidated;AC=UNIMOD:7;TA=N,Q;MT=Variable	NT=TMT6plex;AC=UNIMOD:737;TA=K;MT=Variable	NT=TMT6plex;AC=UNIMOD:737;PP=N-term;MT=Variable	dithiothreitol	chloroacetamide	11	1	20210329_L1_nUT2_ES803A_TMT_U1_U937_cells_B3_F11.raw	v1.1.0	NT=ms-proteomics;VV=v1.1.0	NT=human;VV=v1.1.0	NT=cell-lines;VV=v1.1.0	manual curation	U937	untreated	B3
U937_P_B3	Homo sapiens	cell culture	adult acute monocytic leukemia	U937	CVCL_0007	U-937	37Y	male	prostratin treatment	study sample	3	20210329_L1_nUT2_ES803A_TMT_U1_U937_cells_B3_F11_TMT130N	proteomic profiling by mass spectrometry	NT=Data-dependent acquisition;AC=PRIDE:0000627	NT=Orbitrap Fusion Lumos;AC=MS:1002732	TMT130N	NT=Trypsin;AC=MS:1001251	NT=Carbamidomethyl;AC=UNIMOD:4;TA=C;MT=Fixed	NT=Oxidation;AC=UNIMOD:35;TA=M;MT=Variable	NT=Deamidated;AC=UNIMOD:7;TA=N,Q;MT=Variable	NT=TMT6plex;AC=UNIMOD:737;TA=K;MT=Variable	NT=TMT6plex;AC=UNIMOD:737;PP=N-term;MT=Variable	dithiothreitol	chloroacetamide	11	1	20210329_L1_nUT2_ES803A_TMT_U1_U937_cells_B3_F11.raw	v1.1.0	NT=ms-proteomics;VV=v1.1.0	NT=human;VV=v1.1.0	NT=cell-lines;VV=v1.1.0	manual curation	U937	prostratin treatment	B3
Pool_Pool_B3	Homo sapiens	cell culture	not applicable	Pool	not available	not available	not available	not applicable	not applicable	pooled	3	20210329_L1_nUT2_ES803A_TMT_U1_U937_cells_B3_F11_TMT131	proteomic profiling by mass spectrometry	NT=Data-dependent acquisition;AC=PRIDE:0000627	NT=Orbitrap Fusion Lumos;AC=MS:1002732	TMT131	NT=Trypsin;AC=MS:1001251	NT=Carbamidomethyl;AC=UNIMOD:4;TA=C;MT=Fixed	NT=Oxidation;AC=UNIMOD:35;TA=M;MT=Variable	NT=Deamidated;AC=UNIMOD:7;TA=N,Q;MT=Variable	NT=TMT6plex;AC=UNIMOD:737;TA=K;MT=Variable	NT=TMT6plex;AC=UNIMOD:737;PP=N-term;MT=Variable	dithiothreitol	chloroacetamide	11	1	20210329_L1_nUT2_ES803A_TMT_U1_U937_cells_B3_F11.raw	v1.1.0	NT=ms-proteomics;VV=v1.1.0	NT=human;VV=v1.1.0	NT=cell-lines;VV=v1.1.0	manual curation	Pool	not applicable	B3
U1_C-DON_B3	Homo sapiens	cell culture	adult acute monocytic leukemia	U1	CVCL_M769	U1/HIV-1	37Y	male	6-diazo-5-oxo-L-norleucine treatment	study sample	3	20210329_L1_nUT2_ES803A_TMT_U1_U937_cells_B3_F1_TMT126	proteomic profiling by mass spectrometry	NT=Data-dependent acquisition;AC=PRIDE:0000627	NT=Orbitrap Fusion Lumos;AC=MS:1002732	TMT126	NT=Trypsin;AC=MS:1001251	NT=Carbamidomethyl;AC=UNIMOD:4;TA=C;MT=Fixed	NT=Oxidation;AC=UNIMOD:35;TA=M;MT=Variable	NT=Deamidated;AC=UNIMOD:7;TA=N,Q;MT=Variable	NT=TMT6plex;AC=UNIMOD:737;TA=K;MT=Variable	NT=TMT6plex;AC=UNIMOD:737;PP=N-term;MT=Variable	dithiothreitol	chloroacetamide	1	1	20210329_L1_nUT2_ES803A_TMT_U1_U937_cells_B3_F1.raw	v1.1.0	NT=ms-proteomics;VV=v1.1.0	NT=human;VV=v1.1.0	NT=cell-lines;VV=v1.1.0	manual curation	U1	6-diazo-5-oxo-L-norleucine treatment	B3
U1_P-DON_B3	Homo sapiens	cell culture	adult acute monocytic leukemia	U1	CVCL_M769	U1/HIV-1	37Y	male	prostratin and 6-diazo-5-oxo-L-norleucine treatment	study sample	3	20210329_L1_nUT2_ES803A_TMT_U1_U937_cells_B3_F1_TMT127N	proteomic profiling by mass spectrometry	NT=Data-dependent acquisition;AC=PRIDE:0000627	NT=Orbitrap Fusion Lumos;AC=MS:1002732	TMT127N	NT=Trypsin;AC=MS:1001251	NT=Carbamidomethyl;AC=UNIMOD:4;TA=C;MT=Fixed	NT=Oxidation;AC=UNIMOD:35;TA=M;MT=Variable	NT=Deamidated;AC=UNIMOD:7;TA=N,Q;MT=Variable	NT=TMT6plex;AC=UNIMOD:737;TA=K;MT=Variable	NT=TMT6plex;AC=UNIMOD:737;PP=N-term;MT=Variable	dithiothreitol	chloroacetamide	1	1	20210329_L1_nUT2_ES803A_TMT_U1_U937_cells_B3_F1.raw	v1.1.0	NT=ms-proteomics;VV=v1.1.0	NT=human;VV=v1.1.0	NT=cell-lines;VV=v1.1.0	manual curation	U1	prostratin and 6-diazo-5-oxo-L-norleucine treatment	B3
U1_C_B3	Homo sapiens	cell culture	adult acute monocytic leukemia	U1	CVCL_M769	U1/HIV-1	37Y	male	untreated	study sample	3	20210329_L1_nUT2_ES803A_TMT_U1_U937_cells_B3_F1_TMT127C	proteomic profiling by mass spectrometry	NT=Data-dependent acquisition;AC=PRIDE:0000627	NT=Orbitrap Fusion Lumos;AC=MS:1002732	TMT127C	NT=Trypsin;AC=MS:1001251	NT=Carbamidomethyl;AC=UNIMOD:4;TA=C;MT=Fixed	NT=Oxidation;AC=UNIMOD:35;TA=M;MT=Variable	NT=Deamidated;AC=UNIMOD:7;TA=N,Q;MT=Variable	NT=TMT6plex;AC=UNIMOD:737;TA=K;MT=Variable	NT=TMT6plex;AC=UNIMOD:737;PP=N-term;MT=Variable	dithiothreitol	chloroacetamide	1	1	20210329_L1_nUT2_ES803A_TMT_U1_U937_cells_B3_F1.raw	v1.1.0	NT=ms-proteomics;VV=v1.1.0	NT=human;VV=v1.1.0	NT=cell-lines;VV=v1.1.0	manual curation	U1	untreated	B3
U1_P_B3	Homo sapiens	cell culture	adult acute monocytic leukemia	U1	CVCL_M769	U1/HIV-1	37Y	male	prostratin treatment	study sample	3	20210329_L1_nUT2_ES803A_TMT_U1_U937_cells_B3_F1_TMT128N	proteomic profiling by mass spectrometry	NT=Data-dependent acquisition;AC=PRIDE:0000627	NT=Orbitrap Fusion Lumos;AC=MS:1002732	TMT128N	NT=Trypsin;AC=MS:1001251	NT=Carbamidomethyl;AC=UNIMOD:4;TA=C;MT=Fixed	NT=Oxidation;AC=UNIMOD:35;TA=M;MT=Variable	NT=Deamidated;AC=UNIMOD:7;TA=N,Q;MT=Variable	NT=TMT6plex;AC=UNIMOD:737;TA=K;MT=Variable	NT=TMT6plex;AC=UNIMOD:737;PP=N-term;MT=Variable	dithiothreitol	chloroacetamide	1	1	20210329_L1_nUT2_ES803A_TMT_U1_U937_cells_B3_F1.raw	v1.1.0	NT=ms-proteomics;VV=v1.1.0	NT=human;VV=v1.1.0	NT=cell-lines;VV=v1.1.0	manual curation	U1	prostratin treatment	B3
U937_C-DON_B3	Homo sapiens	cell culture	adult acute monocytic leukemia	U937	CVCL_0007	U-937	37Y	male	6-diazo-5-oxo-L-norleucine treatment	study sample	3	20210329_L1_nUT2_ES803A_TMT_U1_U937_cells_B3_F1_TMT128C	proteomic profiling by mass spectrometry	NT=Data-dependent acquisition;AC=PRIDE:0000627	NT=Orbitrap Fusion Lumos;AC=MS:1002732	TMT128C	NT=Trypsin;AC=MS:1001251	NT=Carbamidomethyl;AC=UNIMOD:4;TA=C;MT=Fixed	NT=Oxidation;AC=UNIMOD:35;TA=M;MT=Variable	NT=Deamidated;AC=UNIMOD:7;TA=N,Q;MT=Variable	NT=TMT6plex;AC=UNIMOD:737;TA=K;MT=Variable	NT=TMT6plex;AC=UNIMOD:737;PP=N-term;MT=Variable	dithiothreitol	chloroacetamide	1	1	20210329_L1_nUT2_ES803A_TMT_U1_U937_cells_B3_F1.raw	v1.1.0	NT=ms-proteomics;VV=v1.1.0	NT=human;VV=v1.1.0	NT=cell-lines;VV=v1.1.0	manual curation	U937	6-diazo-5-oxo-L-norleucine treatment	B3
U937_P-DON_B3	Homo sapiens	cell culture	adult acute monocytic leukemia	U937	CVCL_0007	U-937	37Y	male	prostratin and 6-diazo-5-oxo-L-norleucine treatment	study sample	3	20210329_L1_nUT2_ES803A_TMT_U1_U937_cells_B3_F1_TMT129N	proteomic profiling by mass spectrometry	NT=Data-dependent acquisition;AC=PRIDE:0000627	NT=Orbitrap Fusion Lumos;AC=MS:1002732	TMT129N	NT=Trypsin;AC=MS:1001251	NT=Carbamidomethyl;AC=UNIMOD:4;TA=C;MT=Fixed	NT=Oxidation;AC=UNIMOD:35;TA=M;MT=Variable	NT=Deamidated;AC=UNIMOD:7;TA=N,Q;MT=Variable	NT=TMT6plex;AC=UNIMOD:737;TA=K;MT=Variable	NT=TMT6plex;AC=UNIMOD:737;PP=N-term;MT=Variable	dithiothreitol	chloroacetamide	1	1	20210329_L1_nUT2_ES803A_TMT_U1_U937_cells_B3_F1.raw	v1.1.0	NT=ms-proteomics;VV=v1.1.0	NT=human;VV=v1.1.0	NT=cell-lines;VV=v1.1.0	manual curation	U937	prostratin and 6-diazo-5-oxo-L-norleucine treatment	B3
U937_C_B3	Homo sapiens	cell culture	adult acute monocytic leukemia	U937	CVCL_0007	U-937	37Y	male	untreated	study sample	3	20210329_L1_nUT2_ES803A_TMT_U1_U937_cells_B3_F1_TMT129C	proteomic profiling by mass spectrometry	NT=Data-dependent acquisition;AC=PRIDE:0000627	NT=Orbitrap Fusion Lumos;AC=MS:1002732	TMT129C	NT=Trypsin;AC=MS:1001251	NT=Carbamidomethyl;AC=UNIMOD:4;TA=C;MT=Fixed	NT=Oxidation;AC=UNIMOD:35;TA=M;MT=Variable	NT=Deamidated;AC=UNIMOD:7;TA=N,Q;MT=Variable	NT=TMT6plex;AC=UNIMOD:737;TA=K;MT=Variable	NT=TMT6plex;AC=UNIMOD:737;PP=N-term;MT=Variable	dithiothreitol	chloroacetamide	1	1	20210329_L1_nUT2_ES803A_TMT_U1_U937_cells_B3_F1.raw	v1.1.0	NT=ms-proteomics;VV=v1.1.0	NT=human;VV=v1.1.0	NT=cell-lines;VV=v1.1.0	manual curation	U937	untreated	B3
U937_P_B3	Homo sapiens	cell culture	adult acute monocytic leukemia	U937	CVCL_0007	U-937	37Y	male	prostratin treatment	study sample	3	20210329_L1_nUT2_ES803A_TMT_U1_U937_cells_B3_F1_TMT130N	proteomic profiling by mass spectrometry	NT=Data-dependent acquisition;AC=PRIDE:0000627	NT=Orbitrap Fusion Lumos;AC=MS:1002732	TMT130N	NT=Trypsin;AC=MS:1001251	NT=Carbamidomethyl;AC=UNIMOD:4;TA=C;MT=Fixed	NT=Oxidation;AC=UNIMOD:35;TA=M;MT=Variable	NT=Deamidated;AC=UNIMOD:7;TA=N,Q;MT=Variable	NT=TMT6plex;AC=UNIMOD:737;TA=K;MT=Variable	NT=TMT6plex;AC=UNIMOD:737;PP=N-term;MT=Variable	dithiothreitol	chloroacetamide	1	1	20210329_L1_nUT2_ES803A_TMT_U1_U937_cells_B3_F1.raw	v1.1.0	NT=ms-proteomics;VV=v1.1.0	NT=human;VV=v1.1.0	NT=cell-lines;VV=v1.1.0	manual curation	U937	prostratin treatment	B3
Pool_Pool_B3	Homo sapiens	cell culture	not applicable	Pool	not available	not available	not available	not applicable	not applicable	pooled	3	20210329_L1_nUT2_ES803A_TMT_U1_U937_cells_B3_F1_TMT131	proteomic profiling by mass spectrometry	NT=Data-dependent acquisition;AC=PRIDE:0000627	NT=Orbitrap Fusion Lumos;AC=MS:1002732	TMT131	NT=Trypsin;AC=MS:1001251	NT=Carbamidomethyl;AC=UNIMOD:4;TA=C;MT=Fixed	NT=Oxidation;AC=UNIMOD:35;TA=M;MT=Variable	NT=Deamidated;AC=UNIMOD:7;TA=N,Q;MT=Variable	NT=TMT6plex;AC=UNIMOD:737;TA=K;MT=Variable	NT=TMT6plex;AC=UNIMOD:737;PP=N-term;MT=Variable	dithiothreitol	chloroacetamide	1	1	20210329_L1_nUT2_ES803A_TMT_U1_U937_cells_B3_F1.raw	v1.1.0	NT=ms-proteomics;VV=v1.1.0	NT=human;VV=v1.1.0	NT=cell-lines;VV=v1.1.0	manual curation	Pool	not applicable	B3
U1_C_B1	Homo sapiens	cell culture	adult acute monocytic leukemia	U1	CVCL_M769	U1/HIV-1	37Y	male	untreated	study sample	1	20210329_L1_nUT2_ES803A_TMT_U1_U937_cells_B1_F3_TMT126	proteomic profiling by mass spectrometry	NT=Data-dependent acquisition;AC=PRIDE:0000627	NT=Orbitrap Fusion Lumos;AC=MS:1002732	TMT126	NT=Trypsin;AC=MS:1001251	NT=Carbamidomethyl;AC=UNIMOD:4;TA=C;MT=Fixed	NT=Oxidation;AC=UNIMOD:35;TA=M;MT=Variable	NT=Deamidated;AC=UNIMOD:7;TA=N,Q;MT=Variable	NT=TMT6plex;AC=UNIMOD:737;TA=K;MT=Variable	NT=TMT6plex;AC=UNIMOD:737;PP=N-term;MT=Variable	dithiothreitol	chloroacetamide	3	1	20210329_L1_nUT2_ES803A_TMT_U1_U937_cells_B1_F3.raw	v1.1.0	NT=ms-proteomics;VV=v1.1.0	NT=human;VV=v1.1.0	NT=cell-lines;VV=v1.1.0	manual curation	U1	untreated	B1
U1_P_B1	Homo sapiens	cell culture	adult acute monocytic leukemia	U1	CVCL_M769	U1/HIV-1	37Y	male	prostratin treatment	study sample	1	20210329_L1_nUT2_ES803A_TMT_U1_U937_cells_B1_F3_TMT127N	proteomic profiling by mass spectrometry	NT=Data-dependent acquisition;AC=PRIDE:0000627	NT=Orbitrap Fusion Lumos;AC=MS:1002732	TMT127N	NT=Trypsin;AC=MS:1001251	NT=Carbamidomethyl;AC=UNIMOD:4;TA=C;MT=Fixed	NT=Oxidation;AC=UNIMOD:35;TA=M;MT=Variable	NT=Deamidated;AC=UNIMOD:7;TA=N,Q;MT=Variable	NT=TMT6plex;AC=UNIMOD:737;TA=K;MT=Variable	NT=TMT6plex;AC=UNIMOD:737;PP=N-term;MT=Variable	dithiothreitol	chloroacetamide	3	1	20210329_L1_nUT2_ES803A_TMT_U1_U937_cells_B1_F3.raw	v1.1.0	NT=ms-proteomics;VV=v1.1.0	NT=human;VV=v1.1.0	NT=cell-lines;VV=v1.1.0	manual curation	U1	prostratin treatment	B1
U1_C-DON_B1	Homo sapiens	cell culture	adult acute monocytic leukemia	U1	CVCL_M769	U1/HIV-1	37Y	male	6-diazo-5-oxo-L-norleucine treatment	study sample	1	20210329_L1_nUT2_ES803A_TMT_U1_U937_cells_B1_F3_TMT127C	proteomic profiling by mass spectrometry	NT=Data-dependent acquisition;AC=PRIDE:0000627	NT=Orbitrap Fusion Lumos;AC=MS:1002732	TMT127C	NT=Trypsin;AC=MS:1001251	NT=Carbamidomethyl;AC=UNIMOD:4;TA=C;MT=Fixed	NT=Oxidation;AC=UNIMOD:35;TA=M;MT=Variable	NT=Deamidated;AC=UNIMOD:7;TA=N,Q;MT=Variable	NT=TMT6plex;AC=UNIMOD:737;TA=K;MT=Variable	NT=TMT6plex;AC=UNIMOD:737;PP=N-term;MT=Variable	dithiothreitol	chloroacetamide	3	1	20210329_L1_nUT2_ES803A_TMT_U1_U937_cells_B1_F3.raw	v1.1.0	NT=ms-proteomics;VV=v1.1.0	NT=human;VV=v1.1.0	NT=cell-lines;VV=v1.1.0	manual curation	U1	6-diazo-5-oxo-L-norleucine treatment	B1
U1_P-DON_B1	Homo sapiens	cell culture	adult acute monocytic leukemia	U1	CVCL_M769	U1/HIV-1	37Y	male	prostratin and 6-diazo-5-oxo-L-norleucine treatment	study sample	1	20210329_L1_nUT2_ES803A_TMT_U1_U937_cells_B1_F3_TMT128N	proteomic profiling by mass spectrometry	NT=Data-dependent acquisition;AC=PRIDE:0000627	NT=Orbitrap Fusion Lumos;AC=MS:1002732	TMT128N	NT=Trypsin;AC=MS:1001251	NT=Carbamidomethyl;AC=UNIMOD:4;TA=C;MT=Fixed	NT=Oxidation;AC=UNIMOD:35;TA=M;MT=Variable	NT=Deamidated;AC=UNIMOD:7;TA=N,Q;MT=Variable	NT=TMT6plex;AC=UNIMOD:737;TA=K;MT=Variable	NT=TMT6plex;AC=UNIMOD:737;PP=N-term;MT=Variable	dithiothreitol	chloroacetamide	3	1	20210329_L1_nUT2_ES803A_TMT_U1_U937_cells_B1_F3.raw	v1.1.0	NT=ms-proteomics;VV=v1.1.0	NT=human;VV=v1.1.0	NT=cell-lines;VV=v1.1.0	manual curation	U1	prostratin and 6-diazo-5-oxo-L-norleucine treatment	B1
U937_C_B1	Homo sapiens	cell culture	adult acute monocytic leukemia	U937	CVCL_0007	U-937	37Y	male	untreated	study sample	1	20210329_L1_nUT2_ES803A_TMT_U1_U937_cells_B1_F3_TMT128C	proteomic profiling by mass spectrometry	NT=Data-dependent acquisition;AC=PRIDE:0000627	NT=Orbitrap Fusion Lumos;AC=MS:1002732	TMT128C	NT=Trypsin;AC=MS:1001251	NT=Carbamidomethyl;AC=UNIMOD:4;TA=C;MT=Fixed	NT=Oxidation;AC=UNIMOD:35;TA=M;MT=Variable	NT=Deamidated;AC=UNIMOD:7;TA=N,Q;MT=Variable	NT=TMT6plex;AC=UNIMOD:737;TA=K;MT=Variable	NT=TMT6plex;AC=UNIMOD:737;PP=N-term;MT=Variable	dithiothreitol	chloroacetamide	3	1	20210329_L1_nUT2_ES803A_TMT_U1_U937_cells_B1_F3.raw	v1.1.0	NT=ms-proteomics;VV=v1.1.0	NT=human;VV=v1.1.0	NT=cell-lines;VV=v1.1.0	manual curation	U937	untreated	B1
U937_P_B1	Homo sapiens	cell culture	adult acute monocytic leukemia	U937	CVCL_0007	U-937	37Y	male	prostratin treatment	study sample	1	20210329_L1_nUT2_ES803A_TMT_U1_U937_cells_B1_F3_TMT129N	proteomic profiling by mass spectrometry	NT=Data-dependent acquisition;AC=PRIDE:0000627	NT=Orbitrap Fusion Lumos;AC=MS:1002732	TMT129N	NT=Trypsin;AC=MS:1001251	NT=Carbamidomethyl;AC=UNIMOD:4;TA=C;MT=Fixed	NT=Oxidation;AC=UNIMOD:35;TA=M;MT=Variable	NT=Deamidated;AC=UNIMOD:7;TA=N,Q;MT=Variable	NT=TMT6plex;AC=UNIMOD:737;TA=K;MT=Variable	NT=TMT6plex;AC=UNIMOD:737;PP=N-term;MT=Variable	dithiothreitol	chloroacetamide	3	1	20210329_L1_nUT2_ES803A_TMT_U1_U937_cells_B1_F3.raw	v1.1.0	NT=ms-proteomics;VV=v1.1.0	NT=human;VV=v1.1.0	NT=cell-lines;VV=v1.1.0	manual curation	U937	prostratin treatment	B1
U937_C-DON_B1	Homo sapiens	cell culture	adult acute monocytic leukemia	U937	CVCL_0007	U-937	37Y	male	6-diazo-5-oxo-L-norleucine treatment	study sample	1	20210329_L1_nUT2_ES803A_TMT_U1_U937_cells_B1_F3_TMT129C	proteomic profiling by mass spectrometry	NT=Data-dependent acquisition;AC=PRIDE:0000627	NT=Orbitrap Fusion Lumos;AC=MS:1002732	TMT129C	NT=Trypsin;AC=MS:1001251	NT=Carbamidomethyl;AC=UNIMOD:4;TA=C;MT=Fixed	NT=Oxidation;AC=UNIMOD:35;TA=M;MT=Variable	NT=Deamidated;AC=UNIMOD:7;TA=N,Q;MT=Variable	NT=TMT6plex;AC=UNIMOD:737;TA=K;MT=Variable	NT=TMT6plex;AC=UNIMOD:737;PP=N-term;MT=Variable	dithiothreitol	chloroacetamide	3	1	20210329_L1_nUT2_ES803A_TMT_U1_U937_cells_B1_F3.raw	v1.1.0	NT=ms-proteomics;VV=v1.1.0	NT=human;VV=v1.1.0	NT=cell-lines;VV=v1.1.0	manual curation	U937	6-diazo-5-oxo-L-norleucine treatment	B1
U937_P-DON_B1	Homo sapiens	cell culture	adult acute monocytic leukemia	U937	CVCL_0007	U-937	37Y	male	prostratin and 6-diazo-5-oxo-L-norleucine treatment	study sample	1	20210329_L1_nUT2_ES803A_TMT_U1_U937_cells_B1_F3_TMT130N	proteomic profiling by mass spectrometry	NT=Data-dependent acquisition;AC=PRIDE:0000627	NT=Orbitrap Fusion Lumos;AC=MS:1002732	TMT130N	NT=Trypsin;AC=MS:1001251	NT=Carbamidomethyl;AC=UNIMOD:4;TA=C;MT=Fixed	NT=Oxidation;AC=UNIMOD:35;TA=M;MT=Variable	NT=Deamidated;AC=UNIMOD:7;TA=N,Q;MT=Variable	NT=TMT6plex;AC=UNIMOD:737;TA=K;MT=Variable	NT=TMT6plex;AC=UNIMOD:737;PP=N-term;MT=Variable	dithiothreitol	chloroacetamide	3	1	20210329_L1_nUT2_ES803A_TMT_U1_U937_cells_B1_F3.raw	v1.1.0	NT=ms-proteomics;VV=v1.1.0	NT=human;VV=v1.1.0	NT=cell-lines;VV=v1.1.0	manual curation	U937	prostratin and 6-diazo-5-oxo-L-norleucine treatment	B1
Pool_Pool_B1	Homo sapiens	cell culture	not applicable	Pool	not available	not available	not available	not applicable	not applicable	pooled	1	20210329_L1_nUT2_ES803A_TMT_U1_U937_cells_B1_F3_TMT131	proteomic profiling by mass spectrometry	NT=Data-dependent acquisition;AC=PRIDE:0000627	NT=Orbitrap Fusion Lumos;AC=MS:1002732	TMT131	NT=Trypsin;AC=MS:1001251	NT=Carbamidomethyl;AC=UNIMOD:4;TA=C;MT=Fixed	NT=Oxidation;AC=UNIMOD:35;TA=M;MT=Variable	NT=Deamidated;AC=UNIMOD:7;TA=N,Q;MT=Variable	NT=TMT6plex;AC=UNIMOD:737;TA=K;MT=Variable	NT=TMT6plex;AC=UNIMOD:737;PP=N-term;MT=Variable	dithiothreitol	chloroacetamide	3	1	20210329_L1_nUT2_ES803A_TMT_U1_U937_cells_B1_F3.raw	v1.1.0	NT=ms-proteomics;VV=v1.1.0	NT=human;VV=v1.1.0	NT=cell-lines;VV=v1.1.0	manual curation	Pool	not applicable	B1
U1_C-DON_B3	Homo sapiens	cell culture	adult acute monocytic leukemia	U1	CVCL_M769	U1/HIV-1	37Y	male	6-diazo-5-oxo-L-norleucine treatment	study sample	3	20210329_L1_nUT2_ES803A_TMT_U1_U937_cells_B3_F10_TMT126	proteomic profiling by mass spectrometry	NT=Data-dependent acquisition;AC=PRIDE:0000627	NT=Orbitrap Fusion Lumos;AC=MS:1002732	TMT126	NT=Trypsin;AC=MS:1001251	NT=Carbamidomethyl;AC=UNIMOD:4;TA=C;MT=Fixed	NT=Oxidation;AC=UNIMOD:35;TA=M;MT=Variable	NT=Deamidated;AC=UNIMOD:7;TA=N,Q;MT=Variable	NT=TMT6plex;AC=UNIMOD:737;TA=K;MT=Variable	NT=TMT6plex;AC=UNIMOD:737;PP=N-term;MT=Variable	dithiothreitol	chloroacetamide	10	1	20210329_L1_nUT2_ES803A_TMT_U1_U937_cells_B3_F10.raw	v1.1.0	NT=ms-proteomics;VV=v1.1.0	NT=human;VV=v1.1.0	NT=cell-lines;VV=v1.1.0	manual curation	U1	6-diazo-5-oxo-L-norleucine treatment	B3
U1_P-DON_B3	Homo sapiens	cell culture	adult acute monocytic leukemia	U1	CVCL_M769	U1/HIV-1	37Y	male	prostratin and 6-diazo-5-oxo-L-norleucine treatment	study sample	3	20210329_L1_nUT2_ES803A_TMT_U1_U937_cells_B3_F10_TMT127N	proteomic profiling by mass spectrometry	NT=Data-dependent acquisition;AC=PRIDE:0000627	NT=Orbitrap Fusion Lumos;AC=MS:1002732	TMT127N	NT=Trypsin;AC=MS:1001251	NT=Carbamidomethyl;AC=UNIMOD:4;TA=C;MT=Fixed	NT=Oxidation;AC=UNIMOD:35;TA=M;MT=Variable	NT=Deamidated;AC=UNIMOD:7;TA=N,Q;MT=Variable	NT=TMT6plex;AC=UNIMOD:737;TA=K;MT=Variable	NT=TMT6plex;AC=UNIMOD:737;PP=N-term;MT=Variable	dithiothreitol	chloroacetamide	10	1	20210329_L1_nUT2_ES803A_TMT_U1_U937_cells_B3_F10.raw	v1.1.0	NT=ms-proteomics;VV=v1.1.0	NT=human;VV=v1.1.0	NT=cell-lines;VV=v1.1.0	manual curation	U1	prostratin and 6-diazo-5-oxo-L-norleucine treatment	B3
U1_C_B3	Homo sapiens	cell culture	adult acute monocytic leukemia	U1	CVCL_M769	U1/HIV-1	37Y	male	untreated	study sample	3	20210329_L1_nUT2_ES803A_TMT_U1_U937_cells_B3_F10_TMT127C	proteomic profiling by mass spectrometry	NT=Data-dependent acquisition;AC=PRIDE:0000627	NT=Orbitrap Fusion Lumos;AC=MS:1002732	TMT127C	NT=Trypsin;AC=MS:1001251	NT=Carbamidomethyl;AC=UNIMOD:4;TA=C;MT=Fixed	NT=Oxidation;AC=UNIMOD:35;TA=M;MT=Variable	NT=Deamidated;AC=UNIMOD:7;TA=N,Q;MT=Variable	NT=TMT6plex;AC=UNIMOD:737;TA=K;MT=Variable	NT=TMT6plex;AC=UNIMOD:737;PP=N-term;MT=Variable	dithiothreitol	chloroacetamide	10	1	20210329_L1_nUT2_ES803A_TMT_U1_U937_cells_B3_F10.raw	v1.1.0	NT=ms-proteomics;VV=v1.1.0	NT=human;VV=v1.1.0	NT=cell-lines;VV=v1.1.0	manual curation	U1	untreated	B3
U1_P_B3	Homo sapiens	cell culture	adult acute monocytic leukemia	U1	CVCL_M769	U1/HIV-1	37Y	male	prostratin treatment	study sample	3	20210329_L1_nUT2_ES803A_TMT_U1_U937_cells_B3_F10_TMT128N	proteomic profiling by mass spectrometry	NT=Data-dependent acquisition;AC=PRIDE:0000627	NT=Orbitrap Fusion Lumos;AC=MS:1002732	TMT128N	NT=Trypsin;AC=MS:1001251	NT=Carbamidomethyl;AC=UNIMOD:4;TA=C;MT=Fixed	NT=Oxidation;AC=UNIMOD:35;TA=M;MT=Variable	NT=Deamidated;AC=UNIMOD:7;TA=N,Q;MT=Variable	NT=TMT6plex;AC=UNIMOD:737;TA=K;MT=Variable	NT=TMT6plex;AC=UNIMOD:737;PP=N-term;MT=Variable	dithiothreitol	chloroacetamide	10	1	20210329_L1_nUT2_ES803A_TMT_U1_U937_cells_B3_F10.raw	v1.1.0	NT=ms-proteomics;VV=v1.1.0	NT=human;VV=v1.1.0	NT=cell-lines;VV=v1.1.0	manual curation	U1	prostratin treatment	B3
U937_C-DON_B3	Homo sapiens	cell culture	adult acute monocytic leukemia	U937	CVCL_0007	U-937	37Y	male	6-diazo-5-oxo-L-norleucine treatment	study sample	3	20210329_L1_nUT2_ES803A_TMT_U1_U937_cells_B3_F10_TMT128C	proteomic profiling by mass spectrometry	NT=Data-dependent acquisition;AC=PRIDE:0000627	NT=Orbitrap Fusion Lumos;AC=MS:1002732	TMT128C	NT=Trypsin;AC=MS:1001251	NT=Carbamidomethyl;AC=UNIMOD:4;TA=C;MT=Fixed	NT=Oxidation;AC=UNIMOD:35;TA=M;MT=Variable	NT=Deamidated;AC=UNIMOD:7;TA=N,Q;MT=Variable	NT=TMT6plex;AC=UNIMOD:737;TA=K;MT=Variable	NT=TMT6plex;AC=UNIMOD:737;PP=N-term;MT=Variable	dithiothreitol	chloroacetamide	10	1	20210329_L1_nUT2_ES803A_TMT_U1_U937_cells_B3_F10.raw	v1.1.0	NT=ms-proteomics;VV=v1.1.0	NT=human;VV=v1.1.0	NT=cell-lines;VV=v1.1.0	manual curation	U937	6-diazo-5-oxo-L-norleucine treatment	B3
U937_P-DON_B3	Homo sapiens	cell culture	adult acute monocytic leukemia	U937	CVCL_0007	U-937	37Y	male	prostratin and 6-diazo-5-oxo-L-norleucine treatment	study sample	3	20210329_L1_nUT2_ES803A_TMT_U1_U937_cells_B3_F10_TMT129N	proteomic profiling by mass spectrometry	NT=Data-dependent acquisition;AC=PRIDE:0000627	NT=Orbitrap Fusion Lumos;AC=MS:1002732	TMT129N	NT=Trypsin;AC=MS:1001251	NT=Carbamidomethyl;AC=UNIMOD:4;TA=C;MT=Fixed	NT=Oxidation;AC=UNIMOD:35;TA=M;MT=Variable	NT=Deamidated;AC=UNIMOD:7;TA=N,Q;MT=Variable	NT=TMT6plex;AC=UNIMOD:737;TA=K;MT=Variable	NT=TMT6plex;AC=UNIMOD:737;PP=N-term;MT=Variable	dithiothreitol	chloroacetamide	10	1	20210329_L1_nUT2_ES803A_TMT_U1_U937_cells_B3_F10.raw	v1.1.0	NT=ms-proteomics;VV=v1.1.0	NT=human;VV=v1.1.0	NT=cell-lines;VV=v1.1.0	manual curation	U937	prostratin and 6-diazo-5-oxo-L-norleucine treatment	B3
U937_C_B3	Homo sapiens	cell culture	adult acute monocytic leukemia	U937	CVCL_0007	U-937	37Y	male	untreated	study sample	3	20210329_L1_nUT2_ES803A_TMT_U1_U937_cells_B3_F10_TMT129C	proteomic profiling by mass spectrometry	NT=Data-dependent acquisition;AC=PRIDE:0000627	NT=Orbitrap Fusion Lumos;AC=MS:1002732	TMT129C	NT=Trypsin;AC=MS:1001251	NT=Carbamidomethyl;AC=UNIMOD:4;TA=C;MT=Fixed	NT=Oxidation;AC=UNIMOD:35;TA=M;MT=Variable	NT=Deamidated;AC=UNIMOD:7;TA=N,Q;MT=Variable	NT=TMT6plex;AC=UNIMOD:737;TA=K;MT=Variable	NT=TMT6plex;AC=UNIMOD:737;PP=N-term;MT=Variable	dithiothreitol	chloroacetamide	10	1	20210329_L1_nUT2_ES803A_TMT_U1_U937_cells_B3_F10.raw	v1.1.0	NT=ms-proteomics;VV=v1.1.0	NT=human;VV=v1.1.0	NT=cell-lines;VV=v1.1.0	manual curation	U937	untreated	B3
U937_P_B3	Homo sapiens	cell culture	adult acute monocytic leukemia	U937	CVCL_0007	U-937	37Y	male	prostratin treatment	study sample	3	20210329_L1_nUT2_ES803A_TMT_U1_U937_cells_B3_F10_TMT130N	proteomic profiling by mass spectrometry	NT=Data-dependent acquisition;AC=PRIDE:0000627	NT=Orbitrap Fusion Lumos;AC=MS:1002732	TMT130N	NT=Trypsin;AC=MS:1001251	NT=Carbamidomethyl;AC=UNIMOD:4;TA=C;MT=Fixed	NT=Oxidation;AC=UNIMOD:35;TA=M;MT=Variable	NT=Deamidated;AC=UNIMOD:7;TA=N,Q;MT=Variable	NT=TMT6plex;AC=UNIMOD:737;TA=K;MT=Variable	NT=TMT6plex;AC=UNIMOD:737;PP=N-term;MT=Variable	dithiothreitol	chloroacetamide	10	1	20210329_L1_nUT2_ES803A_TMT_U1_U937_cells_B3_F10.raw	v1.1.0	NT=ms-proteomics;VV=v1.1.0	NT=human;VV=v1.1.0	NT=cell-lines;VV=v1.1.0	manual curation	U937	prostratin treatment	B3
Pool_Pool_B3	Homo sapiens	cell culture	not applicable	Pool	not available	not available	not available	not applicable	not applicable	pooled	3	20210329_L1_nUT2_ES803A_TMT_U1_U937_cells_B3_F10_TMT131	proteomic profiling by mass spectrometry	NT=Data-dependent acquisition;AC=PRIDE:0000627	NT=Orbitrap Fusion Lumos;AC=MS:1002732	TMT131	NT=Trypsin;AC=MS:1001251	NT=Carbamidomethyl;AC=UNIMOD:4;TA=C;MT=Fixed	NT=Oxidation;AC=UNIMOD:35;TA=M;MT=Variable	NT=Deamidated;AC=UNIMOD:7;TA=N,Q;MT=Variable	NT=TMT6plex;AC=UNIMOD:737;TA=K;MT=Variable	NT=TMT6plex;AC=UNIMOD:737;PP=N-term;MT=Variable	dithiothreitol	chloroacetamide	10	1	20210329_L1_nUT2_ES803A_TMT_U1_U937_cells_B3_F10.raw	v1.1.0	NT=ms-proteomics;VV=v1.1.0	NT=human;VV=v1.1.0	NT=cell-lines;VV=v1.1.0	manual curation	Pool	not applicable	B3
U937_C_B2	Homo sapiens	cell culture	adult acute monocytic leukemia	U937	CVCL_0007	U-937	37Y	male	untreated	study sample	2	20210329_L1_nUT2_ES803A_TMT_U1_U937_cells_B2_F6_TMT126	proteomic profiling by mass spectrometry	NT=Data-dependent acquisition;AC=PRIDE:0000627	NT=Orbitrap Fusion Lumos;AC=MS:1002732	TMT126	NT=Trypsin;AC=MS:1001251	NT=Carbamidomethyl;AC=UNIMOD:4;TA=C;MT=Fixed	NT=Oxidation;AC=UNIMOD:35;TA=M;MT=Variable	NT=Deamidated;AC=UNIMOD:7;TA=N,Q;MT=Variable	NT=TMT6plex;AC=UNIMOD:737;TA=K;MT=Variable	NT=TMT6plex;AC=UNIMOD:737;PP=N-term;MT=Variable	dithiothreitol	chloroacetamide	6	1	20210329_L1_nUT2_ES803A_TMT_U1_U937_cells_B2_F6.raw	v1.1.0	NT=ms-proteomics;VV=v1.1.0	NT=human;VV=v1.1.0	NT=cell-lines;VV=v1.1.0	manual curation	U937	untreated	B2
U937_P_B2	Homo sapiens	cell culture	adult acute monocytic leukemia	U937	CVCL_0007	U-937	37Y	male	prostratin treatment	study sample	2	20210329_L1_nUT2_ES803A_TMT_U1_U937_cells_B2_F6_TMT127N	proteomic profiling by mass spectrometry	NT=Data-dependent acquisition;AC=PRIDE:0000627	NT=Orbitrap Fusion Lumos;AC=MS:1002732	TMT127N	NT=Trypsin;AC=MS:1001251	NT=Carbamidomethyl;AC=UNIMOD:4;TA=C;MT=Fixed	NT=Oxidation;AC=UNIMOD:35;TA=M;MT=Variable	NT=Deamidated;AC=UNIMOD:7;TA=N,Q;MT=Variable	NT=TMT6plex;AC=UNIMOD:737;TA=K;MT=Variable	NT=TMT6plex;AC=UNIMOD:737;PP=N-term;MT=Variable	dithiothreitol	chloroacetamide	6	1	20210329_L1_nUT2_ES803A_TMT_U1_U937_cells_B2_F6.raw	v1.1.0	NT=ms-proteomics;VV=v1.1.0	NT=human;VV=v1.1.0	NT=cell-lines;VV=v1.1.0	manual curation	U937	prostratin treatment	B2
U937_C-DON_B2	Homo sapiens	cell culture	adult acute monocytic leukemia	U937	CVCL_0007	U-937	37Y	male	6-diazo-5-oxo-L-norleucine treatment	study sample	2	20210329_L1_nUT2_ES803A_TMT_U1_U937_cells_B2_F6_TMT127C	proteomic profiling by mass spectrometry	NT=Data-dependent acquisition;AC=PRIDE:0000627	NT=Orbitrap Fusion Lumos;AC=MS:1002732	TMT127C	NT=Trypsin;AC=MS:1001251	NT=Carbamidomethyl;AC=UNIMOD:4;TA=C;MT=Fixed	NT=Oxidation;AC=UNIMOD:35;TA=M;MT=Variable	NT=Deamidated;AC=UNIMOD:7;TA=N,Q;MT=Variable	NT=TMT6plex;AC=UNIMOD:737;TA=K;MT=Variable	NT=TMT6plex;AC=UNIMOD:737;PP=N-term;MT=Variable	dithiothreitol	chloroacetamide	6	1	20210329_L1_nUT2_ES803A_TMT_U1_U937_cells_B2_F6.raw	v1.1.0	NT=ms-proteomics;VV=v1.1.0	NT=human;VV=v1.1.0	NT=cell-lines;VV=v1.1.0	manual curation	U937	6-diazo-5-oxo-L-norleucine treatment	B2
U937_P-DON_B2	Homo sapiens	cell culture	adult acute monocytic leukemia	U937	CVCL_0007	U-937	37Y	male	prostratin and 6-diazo-5-oxo-L-norleucine treatment	study sample	2	20210329_L1_nUT2_ES803A_TMT_U1_U937_cells_B2_F6_TMT128N	proteomic profiling by mass spectrometry	NT=Data-dependent acquisition;AC=PRIDE:0000627	NT=Orbitrap Fusion Lumos;AC=MS:1002732	TMT128N	NT=Trypsin;AC=MS:1001251	NT=Carbamidomethyl;AC=UNIMOD:4;TA=C;MT=Fixed	NT=Oxidation;AC=UNIMOD:35;TA=M;MT=Variable	NT=Deamidated;AC=UNIMOD:7;TA=N,Q;MT=Variable	NT=TMT6plex;AC=UNIMOD:737;TA=K;MT=Variable	NT=TMT6plex;AC=UNIMOD:737;PP=N-term;MT=Variable	dithiothreitol	chloroacetamide	6	1	20210329_L1_nUT2_ES803A_TMT_U1_U937_cells_B2_F6.raw	v1.1.0	NT=ms-proteomics;VV=v1.1.0	NT=human;VV=v1.1.0	NT=cell-lines;VV=v1.1.0	manual curation	U937	prostratin and 6-diazo-5-oxo-L-norleucine treatment	B2
U1_C_B2	Homo sapiens	cell culture	adult acute monocytic leukemia	U1	CVCL_M769	U1/HIV-1	37Y	male	untreated	study sample	2	20210329_L1_nUT2_ES803A_TMT_U1_U937_cells_B2_F6_TMT128C	proteomic profiling by mass spectrometry	NT=Data-dependent acquisition;AC=PRIDE:0000627	NT=Orbitrap Fusion Lumos;AC=MS:1002732	TMT128C	NT=Trypsin;AC=MS:1001251	NT=Carbamidomethyl;AC=UNIMOD:4;TA=C;MT=Fixed	NT=Oxidation;AC=UNIMOD:35;TA=M;MT=Variable	NT=Deamidated;AC=UNIMOD:7;TA=N,Q;MT=Variable	NT=TMT6plex;AC=UNIMOD:737;TA=K;MT=Variable	NT=TMT6plex;AC=UNIMOD:737;PP=N-term;MT=Variable	dithiothreitol	chloroacetamide	6	1	20210329_L1_nUT2_ES803A_TMT_U1_U937_cells_B2_F6.raw	v1.1.0	NT=ms-proteomics;VV=v1.1.0	NT=human;VV=v1.1.0	NT=cell-lines;VV=v1.1.0	manual curation	U1	untreated	B2
U1_P_B2	Homo sapiens	cell culture	adult acute monocytic leukemia	U1	CVCL_M769	U1/HIV-1	37Y	male	prostratin treatment	study sample	2	20210329_L1_nUT2_ES803A_TMT_U1_U937_cells_B2_F6_TMT129N	proteomic profiling by mass spectrometry	NT=Data-dependent acquisition;AC=PRIDE:0000627	NT=Orbitrap Fusion Lumos;AC=MS:1002732	TMT129N	NT=Trypsin;AC=MS:1001251	NT=Carbamidomethyl;AC=UNIMOD:4;TA=C;MT=Fixed	NT=Oxidation;AC=UNIMOD:35;TA=M;MT=Variable	NT=Deamidated;AC=UNIMOD:7;TA=N,Q;MT=Variable	NT=TMT6plex;AC=UNIMOD:737;TA=K;MT=Variable	NT=TMT6plex;AC=UNIMOD:737;PP=N-term;MT=Variable	dithiothreitol	chloroacetamide	6	1	20210329_L1_nUT2_ES803A_TMT_U1_U937_cells_B2_F6.raw	v1.1.0	NT=ms-proteomics;VV=v1.1.0	NT=human;VV=v1.1.0	NT=cell-lines;VV=v1.1.0	manual curation	U1	prostratin treatment	B2
U1_C-DON_B2	Homo sapiens	cell culture	adult acute monocytic leukemia	U1	CVCL_M769	U1/HIV-1	37Y	male	6-diazo-5-oxo-L-norleucine treatment	study sample	2	20210329_L1_nUT2_ES803A_TMT_U1_U937_cells_B2_F6_TMT129C	proteomic profiling by mass spectrometry	NT=Data-dependent acquisition;AC=PRIDE:0000627	NT=Orbitrap Fusion Lumos;AC=MS:1002732	TMT129C	NT=Trypsin;AC=MS:1001251	NT=Carbamidomethyl;AC=UNIMOD:4;TA=C;MT=Fixed	NT=Oxidation;AC=UNIMOD:35;TA=M;MT=Variable	NT=Deamidated;AC=UNIMOD:7;TA=N,Q;MT=Variable	NT=TMT6plex;AC=UNIMOD:737;TA=K;MT=Variable	NT=TMT6plex;AC=UNIMOD:737;PP=N-term;MT=Variable	dithiothreitol	chloroacetamide	6	1	20210329_L1_nUT2_ES803A_TMT_U1_U937_cells_B2_F6.raw	v1.1.0	NT=ms-proteomics;VV=v1.1.0	NT=human;VV=v1.1.0	NT=cell-lines;VV=v1.1.0	manual curation	U1	6-diazo-5-oxo-L-norleucine treatment	B2
U1_P-DON_B2	Homo sapiens	cell culture	adult acute monocytic leukemia	U1	CVCL_M769	U1/HIV-1	37Y	male	prostratin and 6-diazo-5-oxo-L-norleucine treatment	study sample	2	20210329_L1_nUT2_ES803A_TMT_U1_U937_cells_B2_F6_TMT130N	proteomic profiling by mass spectrometry	NT=Data-dependent acquisition;AC=PRIDE:0000627	NT=Orbitrap Fusion Lumos;AC=MS:1002732	TMT130N	NT=Trypsin;AC=MS:1001251	NT=Carbamidomethyl;AC=UNIMOD:4;TA=C;MT=Fixed	NT=Oxidation;AC=UNIMOD:35;TA=M;MT=Variable	NT=Deamidated;AC=UNIMOD:7;TA=N,Q;MT=Variable	NT=TMT6plex;AC=UNIMOD:737;TA=K;MT=Variable	NT=TMT6plex;AC=UNIMOD:737;PP=N-term;MT=Variable	dithiothreitol	chloroacetamide	6	1	20210329_L1_nUT2_ES803A_TMT_U1_U937_cells_B2_F6.raw	v1.1.0	NT=ms-proteomics;VV=v1.1.0	NT=human;VV=v1.1.0	NT=cell-lines;VV=v1.1.0	manual curation	U1	prostratin and 6-diazo-5-oxo-L-norleucine treatment	B2
Pool_Pool_B2	Homo sapiens	cell culture	not applicable	Pool	not available	not available	not available	not applicable	not applicable	pooled	2	20210329_L1_nUT2_ES803A_TMT_U1_U937_cells_B2_F6_TMT131	proteomic profiling by mass spectrometry	NT=Data-dependent acquisition;AC=PRIDE:0000627	NT=Orbitrap Fusion Lumos;AC=MS:1002732	TMT131	NT=Trypsin;AC=MS:1001251	NT=Carbamidomethyl;AC=UNIMOD:4;TA=C;MT=Fixed	NT=Oxidation;AC=UNIMOD:35;TA=M;MT=Variable	NT=Deamidated;AC=UNIMOD:7;TA=N,Q;MT=Variable	NT=TMT6plex;AC=UNIMOD:737;TA=K;MT=Variable	NT=TMT6plex;AC=UNIMOD:737;PP=N-term;MT=Variable	dithiothreitol	chloroacetamide	6	1	20210329_L1_nUT2_ES803A_TMT_U1_U937_cells_B2_F6.raw	v1.1.0	NT=ms-proteomics;VV=v1.1.0	NT=human;VV=v1.1.0	NT=cell-lines;VV=v1.1.0	manual curation	Pool	not applicable	B2
U1_C_B1	Homo sapiens	cell culture	adult acute monocytic leukemia	U1	CVCL_M769	U1/HIV-1	37Y	male	untreated	study sample	1	20210329_L1_nUT2_ES803A_TMT_U1_U937_cells_B1_F7_TMT126	proteomic profiling by mass spectrometry	NT=Data-dependent acquisition;AC=PRIDE:0000627	NT=Orbitrap Fusion Lumos;AC=MS:1002732	TMT126	NT=Trypsin;AC=MS:1001251	NT=Carbamidomethyl;AC=UNIMOD:4;TA=C;MT=Fixed	NT=Oxidation;AC=UNIMOD:35;TA=M;MT=Variable	NT=Deamidated;AC=UNIMOD:7;TA=N,Q;MT=Variable	NT=TMT6plex;AC=UNIMOD:737;TA=K;MT=Variable	NT=TMT6plex;AC=UNIMOD:737;PP=N-term;MT=Variable	dithiothreitol	chloroacetamide	7	1	20210329_L1_nUT2_ES803A_TMT_U1_U937_cells_B1_F7.raw	v1.1.0	NT=ms-proteomics;VV=v1.1.0	NT=human;VV=v1.1.0	NT=cell-lines;VV=v1.1.0	manual curation	U1	untreated	B1
U1_P_B1	Homo sapiens	cell culture	adult acute monocytic leukemia	U1	CVCL_M769	U1/HIV-1	37Y	male	prostratin treatment	study sample	1	20210329_L1_nUT2_ES803A_TMT_U1_U937_cells_B1_F7_TMT127N	proteomic profiling by mass spectrometry	NT=Data-dependent acquisition;AC=PRIDE:0000627	NT=Orbitrap Fusion Lumos;AC=MS:1002732	TMT127N	NT=Trypsin;AC=MS:1001251	NT=Carbamidomethyl;AC=UNIMOD:4;TA=C;MT=Fixed	NT=Oxidation;AC=UNIMOD:35;TA=M;MT=Variable	NT=Deamidated;AC=UNIMOD:7;TA=N,Q;MT=Variable	NT=TMT6plex;AC=UNIMOD:737;TA=K;MT=Variable	NT=TMT6plex;AC=UNIMOD:737;PP=N-term;MT=Variable	dithiothreitol	chloroacetamide	7	1	20210329_L1_nUT2_ES803A_TMT_U1_U937_cells_B1_F7.raw	v1.1.0	NT=ms-proteomics;VV=v1.1.0	NT=human;VV=v1.1.0	NT=cell-lines;VV=v1.1.0	manual curation	U1	prostratin treatment	B1
U1_C-DON_B1	Homo sapiens	cell culture	adult acute monocytic leukemia	U1	CVCL_M769	U1/HIV-1	37Y	male	6-diazo-5-oxo-L-norleucine treatment	study sample	1	20210329_L1_nUT2_ES803A_TMT_U1_U937_cells_B1_F7_TMT127C	proteomic profiling by mass spectrometry	NT=Data-dependent acquisition;AC=PRIDE:0000627	NT=Orbitrap Fusion Lumos;AC=MS:1002732	TMT127C	NT=Trypsin;AC=MS:1001251	NT=Carbamidomethyl;AC=UNIMOD:4;TA=C;MT=Fixed	NT=Oxidation;AC=UNIMOD:35;TA=M;MT=Variable	NT=Deamidated;AC=UNIMOD:7;TA=N,Q;MT=Variable	NT=TMT6plex;AC=UNIMOD:737;TA=K;MT=Variable	NT=TMT6plex;AC=UNIMOD:737;PP=N-term;MT=Variable	dithiothreitol	chloroacetamide	7	1	20210329_L1_nUT2_ES803A_TMT_U1_U937_cells_B1_F7.raw	v1.1.0	NT=ms-proteomics;VV=v1.1.0	NT=human;VV=v1.1.0	NT=cell-lines;VV=v1.1.0	manual curation	U1	6-diazo-5-oxo-L-norleucine treatment	B1
U1_P-DON_B1	Homo sapiens	cell culture	adult acute monocytic leukemia	U1	CVCL_M769	U1/HIV-1	37Y	male	prostratin and 6-diazo-5-oxo-L-norleucine treatment	study sample	1	20210329_L1_nUT2_ES803A_TMT_U1_U937_cells_B1_F7_TMT128N	proteomic profiling by mass spectrometry	NT=Data-dependent acquisition;AC=PRIDE:0000627	NT=Orbitrap Fusion Lumos;AC=MS:1002732	TMT128N	NT=Trypsin;AC=MS:1001251	NT=Carbamidomethyl;AC=UNIMOD:4;TA=C;MT=Fixed	NT=Oxidation;AC=UNIMOD:35;TA=M;MT=Variable	NT=Deamidated;AC=UNIMOD:7;TA=N,Q;MT=Variable	NT=TMT6plex;AC=UNIMOD:737;TA=K;MT=Variable	NT=TMT6plex;AC=UNIMOD:737;PP=N-term;MT=Variable	dithiothreitol	chloroacetamide	7	1	20210329_L1_nUT2_ES803A_TMT_U1_U937_cells_B1_F7.raw	v1.1.0	NT=ms-proteomics;VV=v1.1.0	NT=human;VV=v1.1.0	NT=cell-lines;VV=v1.1.0	manual curation	U1	prostratin and 6-diazo-5-oxo-L-norleucine treatment	B1
U937_C_B1	Homo sapiens	cell culture	adult acute monocytic leukemia	U937	CVCL_0007	U-937	37Y	male	untreated	study sample	1	20210329_L1_nUT2_ES803A_TMT_U1_U937_cells_B1_F7_TMT128C	proteomic profiling by mass spectrometry	NT=Data-dependent acquisition;AC=PRIDE:0000627	NT=Orbitrap Fusion Lumos;AC=MS:1002732	TMT128C	NT=Trypsin;AC=MS:1001251	NT=Carbamidomethyl;AC=UNIMOD:4;TA=C;MT=Fixed	NT=Oxidation;AC=UNIMOD:35;TA=M;MT=Variable	NT=Deamidated;AC=UNIMOD:7;TA=N,Q;MT=Variable	NT=TMT6plex;AC=UNIMOD:737;TA=K;MT=Variable	NT=TMT6plex;AC=UNIMOD:737;PP=N-term;MT=Variable	dithiothreitol	chloroacetamide	7	1	20210329_L1_nUT2_ES803A_TMT_U1_U937_cells_B1_F7.raw	v1.1.0	NT=ms-proteomics;VV=v1.1.0	NT=human;VV=v1.1.0	NT=cell-lines;VV=v1.1.0	manual curation	U937	untreated	B1
U937_P_B1	Homo sapiens	cell culture	adult acute monocytic leukemia	U937	CVCL_0007	U-937	37Y	male	prostratin treatment	study sample	1	20210329_L1_nUT2_ES803A_TMT_U1_U937_cells_B1_F7_TMT129N	proteomic profiling by mass spectrometry	NT=Data-dependent acquisition;AC=PRIDE:0000627	NT=Orbitrap Fusion Lumos;AC=MS:1002732	TMT129N	NT=Trypsin;AC=MS:1001251	NT=Carbamidomethyl;AC=UNIMOD:4;TA=C;MT=Fixed	NT=Oxidation;AC=UNIMOD:35;TA=M;MT=Variable	NT=Deamidated;AC=UNIMOD:7;TA=N,Q;MT=Variable	NT=TMT6plex;AC=UNIMOD:737;TA=K;MT=Variable	NT=TMT6plex;AC=UNIMOD:737;PP=N-term;MT=Variable	dithiothreitol	chloroacetamide	7	1	20210329_L1_nUT2_ES803A_TMT_U1_U937_cells_B1_F7.raw	v1.1.0	NT=ms-proteomics;VV=v1.1.0	NT=human;VV=v1.1.0	NT=cell-lines;VV=v1.1.0	manual curation	U937	prostratin treatment	B1
U937_C-DON_B1	Homo sapiens	cell culture	adult acute monocytic leukemia	U937	CVCL_0007	U-937	37Y	male	6-diazo-5-oxo-L-norleucine treatment	study sample	1	20210329_L1_nUT2_ES803A_TMT_U1_U937_cells_B1_F7_TMT129C	proteomic profiling by mass spectrometry	NT=Data-dependent acquisition;AC=PRIDE:0000627	NT=Orbitrap Fusion Lumos;AC=MS:1002732	TMT129C	NT=Trypsin;AC=MS:1001251	NT=Carbamidomethyl;AC=UNIMOD:4;TA=C;MT=Fixed	NT=Oxidation;AC=UNIMOD:35;TA=M;MT=Variable	NT=Deamidated;AC=UNIMOD:7;TA=N,Q;MT=Variable	NT=TMT6plex;AC=UNIMOD:737;TA=K;MT=Variable	NT=TMT6plex;AC=UNIMOD:737;PP=N-term;MT=Variable	dithiothreitol	chloroacetamide	7	1	20210329_L1_nUT2_ES803A_TMT_U1_U937_cells_B1_F7.raw	v1.1.0	NT=ms-proteomics;VV=v1.1.0	NT=human;VV=v1.1.0	NT=cell-lines;VV=v1.1.0	manual curation	U937	6-diazo-5-oxo-L-norleucine treatment	B1
U937_P-DON_B1	Homo sapiens	cell culture	adult acute monocytic leukemia	U937	CVCL_0007	U-937	37Y	male	prostratin and 6-diazo-5-oxo-L-norleucine treatment	study sample	1	20210329_L1_nUT2_ES803A_TMT_U1_U937_cells_B1_F7_TMT130N	proteomic profiling by mass spectrometry	NT=Data-dependent acquisition;AC=PRIDE:0000627	NT=Orbitrap Fusion Lumos;AC=MS:1002732	TMT130N	NT=Trypsin;AC=MS:1001251	NT=Carbamidomethyl;AC=UNIMOD:4;TA=C;MT=Fixed	NT=Oxidation;AC=UNIMOD:35;TA=M;MT=Variable	NT=Deamidated;AC=UNIMOD:7;TA=N,Q;MT=Variable	NT=TMT6plex;AC=UNIMOD:737;TA=K;MT=Variable	NT=TMT6plex;AC=UNIMOD:737;PP=N-term;MT=Variable	dithiothreitol	chloroacetamide	7	1	20210329_L1_nUT2_ES803A_TMT_U1_U937_cells_B1_F7.raw	v1.1.0	NT=ms-proteomics;VV=v1.1.0	NT=human;VV=v1.1.0	NT=cell-lines;VV=v1.1.0	manual curation	U937	prostratin and 6-diazo-5-oxo-L-norleucine treatment	B1
Pool_Pool_B1	Homo sapiens	cell culture	not applicable	Pool	not available	not available	not available	not applicable	not applicable	pooled	1	20210329_L1_nUT2_ES803A_TMT_U1_U937_cells_B1_F7_TMT131	proteomic profiling by mass spectrometry	NT=Data-dependent acquisition;AC=PRIDE:0000627	NT=Orbitrap Fusion Lumos;AC=MS:1002732	TMT131	NT=Trypsin;AC=MS:1001251	NT=Carbamidomethyl;AC=UNIMOD:4;TA=C;MT=Fixed	NT=Oxidation;AC=UNIMOD:35;TA=M;MT=Variable	NT=Deamidated;AC=UNIMOD:7;TA=N,Q;MT=Variable	NT=TMT6plex;AC=UNIMOD:737;TA=K;MT=Variable	NT=TMT6plex;AC=UNIMOD:737;PP=N-term;MT=Variable	dithiothreitol	chloroacetamide	7	1	20210329_L1_nUT2_ES803A_TMT_U1_U937_cells_B1_F7.raw	v1.1.0	NT=ms-proteomics;VV=v1.1.0	NT=human;VV=v1.1.0	NT=cell-lines;VV=v1.1.0	manual curation	Pool	not applicable	B1
U1_C-DON_B3	Homo sapiens	cell culture	adult acute monocytic leukemia	U1	CVCL_M769	U1/HIV-1	37Y	male	6-diazo-5-oxo-L-norleucine treatment	study sample	3	20210329_L1_nUT2_ES803A_TMT_U1_U937_cells_B3_F4_TMT126	proteomic profiling by mass spectrometry	NT=Data-dependent acquisition;AC=PRIDE:0000627	NT=Orbitrap Fusion Lumos;AC=MS:1002732	TMT126	NT=Trypsin;AC=MS:1001251	NT=Carbamidomethyl;AC=UNIMOD:4;TA=C;MT=Fixed	NT=Oxidation;AC=UNIMOD:35;TA=M;MT=Variable	NT=Deamidated;AC=UNIMOD:7;TA=N,Q;MT=Variable	NT=TMT6plex;AC=UNIMOD:737;TA=K;MT=Variable	NT=TMT6plex;AC=UNIMOD:737;PP=N-term;MT=Variable	dithiothreitol	chloroacetamide	4	1	20210329_L1_nUT2_ES803A_TMT_U1_U937_cells_B3_F4.raw	v1.1.0	NT=ms-proteomics;VV=v1.1.0	NT=human;VV=v1.1.0	NT=cell-lines;VV=v1.1.0	manual curation	U1	6-diazo-5-oxo-L-norleucine treatment	B3
U1_P-DON_B3	Homo sapiens	cell culture	adult acute monocytic leukemia	U1	CVCL_M769	U1/HIV-1	37Y	male	prostratin and 6-diazo-5-oxo-L-norleucine treatment	study sample	3	20210329_L1_nUT2_ES803A_TMT_U1_U937_cells_B3_F4_TMT127N	proteomic profiling by mass spectrometry	NT=Data-dependent acquisition;AC=PRIDE:0000627	NT=Orbitrap Fusion Lumos;AC=MS:1002732	TMT127N	NT=Trypsin;AC=MS:1001251	NT=Carbamidomethyl;AC=UNIMOD:4;TA=C;MT=Fixed	NT=Oxidation;AC=UNIMOD:35;TA=M;MT=Variable	NT=Deamidated;AC=UNIMOD:7;TA=N,Q;MT=Variable	NT=TMT6plex;AC=UNIMOD:737;TA=K;MT=Variable	NT=TMT6plex;AC=UNIMOD:737;PP=N-term;MT=Variable	dithiothreitol	chloroacetamide	4	1	20210329_L1_nUT2_ES803A_TMT_U1_U937_cells_B3_F4.raw	v1.1.0	NT=ms-proteomics;VV=v1.1.0	NT=human;VV=v1.1.0	NT=cell-lines;VV=v1.1.0	manual curation	U1	prostratin and 6-diazo-5-oxo-L-norleucine treatment	B3
U1_C_B3	Homo sapiens	cell culture	adult acute monocytic leukemia	U1	CVCL_M769	U1/HIV-1	37Y	male	untreated	study sample	3	20210329_L1_nUT2_ES803A_TMT_U1_U937_cells_B3_F4_TMT127C	proteomic profiling by mass spectrometry	NT=Data-dependent acquisition;AC=PRIDE:0000627	NT=Orbitrap Fusion Lumos;AC=MS:1002732	TMT127C	NT=Trypsin;AC=MS:1001251	NT=Carbamidomethyl;AC=UNIMOD:4;TA=C;MT=Fixed	NT=Oxidation;AC=UNIMOD:35;TA=M;MT=Variable	NT=Deamidated;AC=UNIMOD:7;TA=N,Q;MT=Variable	NT=TMT6plex;AC=UNIMOD:737;TA=K;MT=Variable	NT=TMT6plex;AC=UNIMOD:737;PP=N-term;MT=Variable	dithiothreitol	chloroacetamide	4	1	20210329_L1_nUT2_ES803A_TMT_U1_U937_cells_B3_F4.raw	v1.1.0	NT=ms-proteomics;VV=v1.1.0	NT=human;VV=v1.1.0	NT=cell-lines;VV=v1.1.0	manual curation	U1	untreated	B3
U1_P_B3	Homo sapiens	cell culture	adult acute monocytic leukemia	U1	CVCL_M769	U1/HIV-1	37Y	male	prostratin treatment	study sample	3	20210329_L1_nUT2_ES803A_TMT_U1_U937_cells_B3_F4_TMT128N	proteomic profiling by mass spectrometry	NT=Data-dependent acquisition;AC=PRIDE:0000627	NT=Orbitrap Fusion Lumos;AC=MS:1002732	TMT128N	NT=Trypsin;AC=MS:1001251	NT=Carbamidomethyl;AC=UNIMOD:4;TA=C;MT=Fixed	NT=Oxidation;AC=UNIMOD:35;TA=M;MT=Variable	NT=Deamidated;AC=UNIMOD:7;TA=N,Q;MT=Variable	NT=TMT6plex;AC=UNIMOD:737;TA=K;MT=Variable	NT=TMT6plex;AC=UNIMOD:737;PP=N-term;MT=Variable	dithiothreitol	chloroacetamide	4	1	20210329_L1_nUT2_ES803A_TMT_U1_U937_cells_B3_F4.raw	v1.1.0	NT=ms-proteomics;VV=v1.1.0	NT=human;VV=v1.1.0	NT=cell-lines;VV=v1.1.0	manual curation	U1	prostratin treatment	B3
U937_C-DON_B3	Homo sapiens	cell culture	adult acute monocytic leukemia	U937	CVCL_0007	U-937	37Y	male	6-diazo-5-oxo-L-norleucine treatment	study sample	3	20210329_L1_nUT2_ES803A_TMT_U1_U937_cells_B3_F4_TMT128C	proteomic profiling by mass spectrometry	NT=Data-dependent acquisition;AC=PRIDE:0000627	NT=Orbitrap Fusion Lumos;AC=MS:1002732	TMT128C	NT=Trypsin;AC=MS:1001251	NT=Carbamidomethyl;AC=UNIMOD:4;TA=C;MT=Fixed	NT=Oxidation;AC=UNIMOD:35;TA=M;MT=Variable	NT=Deamidated;AC=UNIMOD:7;TA=N,Q;MT=Variable	NT=TMT6plex;AC=UNIMOD:737;TA=K;MT=Variable	NT=TMT6plex;AC=UNIMOD:737;PP=N-term;MT=Variable	dithiothreitol	chloroacetamide	4	1	20210329_L1_nUT2_ES803A_TMT_U1_U937_cells_B3_F4.raw	v1.1.0	NT=ms-proteomics;VV=v1.1.0	NT=human;VV=v1.1.0	NT=cell-lines;VV=v1.1.0	manual curation	U937	6-diazo-5-oxo-L-norleucine treatment	B3
U937_P-DON_B3	Homo sapiens	cell culture	adult acute monocytic leukemia	U937	CVCL_0007	U-937	37Y	male	prostratin and 6-diazo-5-oxo-L-norleucine treatment	study sample	3	20210329_L1_nUT2_ES803A_TMT_U1_U937_cells_B3_F4_TMT129N	proteomic profiling by mass spectrometry	NT=Data-dependent acquisition;AC=PRIDE:0000627	NT=Orbitrap Fusion Lumos;AC=MS:1002732	TMT129N	NT=Trypsin;AC=MS:1001251	NT=Carbamidomethyl;AC=UNIMOD:4;TA=C;MT=Fixed	NT=Oxidation;AC=UNIMOD:35;TA=M;MT=Variable	NT=Deamidated;AC=UNIMOD:7;TA=N,Q;MT=Variable	NT=TMT6plex;AC=UNIMOD:737;TA=K;MT=Variable	NT=TMT6plex;AC=UNIMOD:737;PP=N-term;MT=Variable	dithiothreitol	chloroacetamide	4	1	20210329_L1_nUT2_ES803A_TMT_U1_U937_cells_B3_F4.raw	v1.1.0	NT=ms-proteomics;VV=v1.1.0	NT=human;VV=v1.1.0	NT=cell-lines;VV=v1.1.0	manual curation	U937	prostratin and 6-diazo-5-oxo-L-norleucine treatment	B3
U937_C_B3	Homo sapiens	cell culture	adult acute monocytic leukemia	U937	CVCL_0007	U-937	37Y	male	untreated	study sample	3	20210329_L1_nUT2_ES803A_TMT_U1_U937_cells_B3_F4_TMT129C	proteomic profiling by mass spectrometry	NT=Data-dependent acquisition;AC=PRIDE:0000627	NT=Orbitrap Fusion Lumos;AC=MS:1002732	TMT129C	NT=Trypsin;AC=MS:1001251	NT=Carbamidomethyl;AC=UNIMOD:4;TA=C;MT=Fixed	NT=Oxidation;AC=UNIMOD:35;TA=M;MT=Variable	NT=Deamidated;AC=UNIMOD:7;TA=N,Q;MT=Variable	NT=TMT6plex;AC=UNIMOD:737;TA=K;MT=Variable	NT=TMT6plex;AC=UNIMOD:737;PP=N-term;MT=Variable	dithiothreitol	chloroacetamide	4	1	20210329_L1_nUT2_ES803A_TMT_U1_U937_cells_B3_F4.raw	v1.1.0	NT=ms-proteomics;VV=v1.1.0	NT=human;VV=v1.1.0	NT=cell-lines;VV=v1.1.0	manual curation	U937	untreated	B3
U937_P_B3	Homo sapiens	cell culture	adult acute monocytic leukemia	U937	CVCL_0007	U-937	37Y	male	prostratin treatment	study sample	3	20210329_L1_nUT2_ES803A_TMT_U1_U937_cells_B3_F4_TMT130N	proteomic profiling by mass spectrometry	NT=Data-dependent acquisition;AC=PRIDE:0000627	NT=Orbitrap Fusion Lumos;AC=MS:1002732	TMT130N	NT=Trypsin;AC=MS:1001251	NT=Carbamidomethyl;AC=UNIMOD:4;TA=C;MT=Fixed	NT=Oxidation;AC=UNIMOD:35;TA=M;MT=Variable	NT=Deamidated;AC=UNIMOD:7;TA=N,Q;MT=Variable	NT=TMT6plex;AC=UNIMOD:737;TA=K;MT=Variable	NT=TMT6plex;AC=UNIMOD:737;PP=N-term;MT=Variable	dithiothreitol	chloroacetamide	4	1	20210329_L1_nUT2_ES803A_TMT_U1_U937_cells_B3_F4.raw	v1.1.0	NT=ms-proteomics;VV=v1.1.0	NT=human;VV=v1.1.0	NT=cell-lines;VV=v1.1.0	manual curation	U937	prostratin treatment	B3
Pool_Pool_B3	Homo sapiens	cell culture	not applicable	Pool	not available	not available	not available	not applicable	not applicable	pooled	3	20210329_L1_nUT2_ES803A_TMT_U1_U937_cells_B3_F4_TMT131	proteomic profiling by mass spectrometry	NT=Data-dependent acquisition;AC=PRIDE:0000627	NT=Orbitrap Fusion Lumos;AC=MS:1002732	TMT131	NT=Trypsin;AC=MS:1001251	NT=Carbamidomethyl;AC=UNIMOD:4;TA=C;MT=Fixed	NT=Oxidation;AC=UNIMOD:35;TA=M;MT=Variable	NT=Deamidated;AC=UNIMOD:7;TA=N,Q;MT=Variable	NT=TMT6plex;AC=UNIMOD:737;TA=K;MT=Variable	NT=TMT6plex;AC=UNIMOD:737;PP=N-term;MT=Variable	dithiothreitol	chloroacetamide	4	1	20210329_L1_nUT2_ES803A_TMT_U1_U937_cells_B3_F4.raw	v1.1.0	NT=ms-proteomics;VV=v1.1.0	NT=human;VV=v1.1.0	NT=cell-lines;VV=v1.1.0	manual curation	Pool	not applicable	B3
U1_C_B1	Homo sapiens	cell culture	adult acute monocytic leukemia	U1	CVCL_M769	U1/HIV-1	37Y	male	untreated	study sample	1	20210329_L1_nUT2_ES803A_TMT_U1_U937_cells_B1_F8_TMT126	proteomic profiling by mass spectrometry	NT=Data-dependent acquisition;AC=PRIDE:0000627	NT=Orbitrap Fusion Lumos;AC=MS:1002732	TMT126	NT=Trypsin;AC=MS:1001251	NT=Carbamidomethyl;AC=UNIMOD:4;TA=C;MT=Fixed	NT=Oxidation;AC=UNIMOD:35;TA=M;MT=Variable	NT=Deamidated;AC=UNIMOD:7;TA=N,Q;MT=Variable	NT=TMT6plex;AC=UNIMOD:737;TA=K;MT=Variable	NT=TMT6plex;AC=UNIMOD:737;PP=N-term;MT=Variable	dithiothreitol	chloroacetamide	8	1	20210329_L1_nUT2_ES803A_TMT_U1_U937_cells_B1_F8.raw	v1.1.0	NT=ms-proteomics;VV=v1.1.0	NT=human;VV=v1.1.0	NT=cell-lines;VV=v1.1.0	manual curation	U1	untreated	B1
U1_P_B1	Homo sapiens	cell culture	adult acute monocytic leukemia	U1	CVCL_M769	U1/HIV-1	37Y	male	prostratin treatment	study sample	1	20210329_L1_nUT2_ES803A_TMT_U1_U937_cells_B1_F8_TMT127N	proteomic profiling by mass spectrometry	NT=Data-dependent acquisition;AC=PRIDE:0000627	NT=Orbitrap Fusion Lumos;AC=MS:1002732	TMT127N	NT=Trypsin;AC=MS:1001251	NT=Carbamidomethyl;AC=UNIMOD:4;TA=C;MT=Fixed	NT=Oxidation;AC=UNIMOD:35;TA=M;MT=Variable	NT=Deamidated;AC=UNIMOD:7;TA=N,Q;MT=Variable	NT=TMT6plex;AC=UNIMOD:737;TA=K;MT=Variable	NT=TMT6plex;AC=UNIMOD:737;PP=N-term;MT=Variable	dithiothreitol	chloroacetamide	8	1	20210329_L1_nUT2_ES803A_TMT_U1_U937_cells_B1_F8.raw	v1.1.0	NT=ms-proteomics;VV=v1.1.0	NT=human;VV=v1.1.0	NT=cell-lines;VV=v1.1.0	manual curation	U1	prostratin treatment	B1
U1_C-DON_B1	Homo sapiens	cell culture	adult acute monocytic leukemia	U1	CVCL_M769	U1/HIV-1	37Y	male	6-diazo-5-oxo-L-norleucine treatment	study sample	1	20210329_L1_nUT2_ES803A_TMT_U1_U937_cells_B1_F8_TMT127C	proteomic profiling by mass spectrometry	NT=Data-dependent acquisition;AC=PRIDE:0000627	NT=Orbitrap Fusion Lumos;AC=MS:1002732	TMT127C	NT=Trypsin;AC=MS:1001251	NT=Carbamidomethyl;AC=UNIMOD:4;TA=C;MT=Fixed	NT=Oxidation;AC=UNIMOD:35;TA=M;MT=Variable	NT=Deamidated;AC=UNIMOD:7;TA=N,Q;MT=Variable	NT=TMT6plex;AC=UNIMOD:737;TA=K;MT=Variable	NT=TMT6plex;AC=UNIMOD:737;PP=N-term;MT=Variable	dithiothreitol	chloroacetamide	8	1	20210329_L1_nUT2_ES803A_TMT_U1_U937_cells_B1_F8.raw	v1.1.0	NT=ms-proteomics;VV=v1.1.0	NT=human;VV=v1.1.0	NT=cell-lines;VV=v1.1.0	manual curation	U1	6-diazo-5-oxo-L-norleucine treatment	B1
U1_P-DON_B1	Homo sapiens	cell culture	adult acute monocytic leukemia	U1	CVCL_M769	U1/HIV-1	37Y	male	prostratin and 6-diazo-5-oxo-L-norleucine treatment	study sample	1	20210329_L1_nUT2_ES803A_TMT_U1_U937_cells_B1_F8_TMT128N	proteomic profiling by mass spectrometry	NT=Data-dependent acquisition;AC=PRIDE:0000627	NT=Orbitrap Fusion Lumos;AC=MS:1002732	TMT128N	NT=Trypsin;AC=MS:1001251	NT=Carbamidomethyl;AC=UNIMOD:4;TA=C;MT=Fixed	NT=Oxidation;AC=UNIMOD:35;TA=M;MT=Variable	NT=Deamidated;AC=UNIMOD:7;TA=N,Q;MT=Variable	NT=TMT6plex;AC=UNIMOD:737;TA=K;MT=Variable	NT=TMT6plex;AC=UNIMOD:737;PP=N-term;MT=Variable	dithiothreitol	chloroacetamide	8	1	20210329_L1_nUT2_ES803A_TMT_U1_U937_cells_B1_F8.raw	v1.1.0	NT=ms-proteomics;VV=v1.1.0	NT=human;VV=v1.1.0	NT=cell-lines;VV=v1.1.0	manual curation	U1	prostratin and 6-diazo-5-oxo-L-norleucine treatment	B1
U937_C_B1	Homo sapiens	cell culture	adult acute monocytic leukemia	U937	CVCL_0007	U-937	37Y	male	untreated	study sample	1	20210329_L1_nUT2_ES803A_TMT_U1_U937_cells_B1_F8_TMT128C	proteomic profiling by mass spectrometry	NT=Data-dependent acquisition;AC=PRIDE:0000627	NT=Orbitrap Fusion Lumos;AC=MS:1002732	TMT128C	NT=Trypsin;AC=MS:1001251	NT=Carbamidomethyl;AC=UNIMOD:4;TA=C;MT=Fixed	NT=Oxidation;AC=UNIMOD:35;TA=M;MT=Variable	NT=Deamidated;AC=UNIMOD:7;TA=N,Q;MT=Variable	NT=TMT6plex;AC=UNIMOD:737;TA=K;MT=Variable	NT=TMT6plex;AC=UNIMOD:737;PP=N-term;MT=Variable	dithiothreitol	chloroacetamide	8	1	20210329_L1_nUT2_ES803A_TMT_U1_U937_cells_B1_F8.raw	v1.1.0	NT=ms-proteomics;VV=v1.1.0	NT=human;VV=v1.1.0	NT=cell-lines;VV=v1.1.0	manual curation	U937	untreated	B1
U937_P_B1	Homo sapiens	cell culture	adult acute monocytic leukemia	U937	CVCL_0007	U-937	37Y	male	prostratin treatment	study sample	1	20210329_L1_nUT2_ES803A_TMT_U1_U937_cells_B1_F8_TMT129N	proteomic profiling by mass spectrometry	NT=Data-dependent acquisition;AC=PRIDE:0000627	NT=Orbitrap Fusion Lumos;AC=MS:1002732	TMT129N	NT=Trypsin;AC=MS:1001251	NT=Carbamidomethyl;AC=UNIMOD:4;TA=C;MT=Fixed	NT=Oxidation;AC=UNIMOD:35;TA=M;MT=Variable	NT=Deamidated;AC=UNIMOD:7;TA=N,Q;MT=Variable	NT=TMT6plex;AC=UNIMOD:737;TA=K;MT=Variable	NT=TMT6plex;AC=UNIMOD:737;PP=N-term;MT=Variable	dithiothreitol	chloroacetamide	8	1	20210329_L1_nUT2_ES803A_TMT_U1_U937_cells_B1_F8.raw	v1.1.0	NT=ms-proteomics;VV=v1.1.0	NT=human;VV=v1.1.0	NT=cell-lines;VV=v1.1.0	manual curation	U937	prostratin treatment	B1
U937_C-DON_B1	Homo sapiens	cell culture	adult acute monocytic leukemia	U937	CVCL_0007	U-937	37Y	male	6-diazo-5-oxo-L-norleucine treatment	study sample	1	20210329_L1_nUT2_ES803A_TMT_U1_U937_cells_B1_F8_TMT129C	proteomic profiling by mass spectrometry	NT=Data-dependent acquisition;AC=PRIDE:0000627	NT=Orbitrap Fusion Lumos;AC=MS:1002732	TMT129C	NT=Trypsin;AC=MS:1001251	NT=Carbamidomethyl;AC=UNIMOD:4;TA=C;MT=Fixed	NT=Oxidation;AC=UNIMOD:35;TA=M;MT=Variable	NT=Deamidated;AC=UNIMOD:7;TA=N,Q;MT=Variable	NT=TMT6plex;AC=UNIMOD:737;TA=K;MT=Variable	NT=TMT6plex;AC=UNIMOD:737;PP=N-term;MT=Variable	dithiothreitol	chloroacetamide	8	1	20210329_L1_nUT2_ES803A_TMT_U1_U937_cells_B1_F8.raw	v1.1.0	NT=ms-proteomics;VV=v1.1.0	NT=human;VV=v1.1.0	NT=cell-lines;VV=v1.1.0	manual curation	U937	6-diazo-5-oxo-L-norleucine treatment	B1
U937_P-DON_B1	Homo sapiens	cell culture	adult acute monocytic leukemia	U937	CVCL_0007	U-937	37Y	male	prostratin and 6-diazo-5-oxo-L-norleucine treatment	study sample	1	20210329_L1_nUT2_ES803A_TMT_U1_U937_cells_B1_F8_TMT130N	proteomic profiling by mass spectrometry	NT=Data-dependent acquisition;AC=PRIDE:0000627	NT=Orbitrap Fusion Lumos;AC=MS:1002732	TMT130N	NT=Trypsin;AC=MS:1001251	NT=Carbamidomethyl;AC=UNIMOD:4;TA=C;MT=Fixed	NT=Oxidation;AC=UNIMOD:35;TA=M;MT=Variable	NT=Deamidated;AC=UNIMOD:7;TA=N,Q;MT=Variable	NT=TMT6plex;AC=UNIMOD:737;TA=K;MT=Variable	NT=TMT6plex;AC=UNIMOD:737;PP=N-term;MT=Variable	dithiothreitol	chloroacetamide	8	1	20210329_L1_nUT2_ES803A_TMT_U1_U937_cells_B1_F8.raw	v1.1.0	NT=ms-proteomics;VV=v1.1.0	NT=human;VV=v1.1.0	NT=cell-lines;VV=v1.1.0	manual curation	U937	prostratin and 6-diazo-5-oxo-L-norleucine treatment	B1
Pool_Pool_B1	Homo sapiens	cell culture	not applicable	Pool	not available	not available	not available	not applicable	not applicable	pooled	1	20210329_L1_nUT2_ES803A_TMT_U1_U937_cells_B1_F8_TMT131	proteomic profiling by mass spectrometry	NT=Data-dependent acquisition;AC=PRIDE:0000627	NT=Orbitrap Fusion Lumos;AC=MS:1002732	TMT131	NT=Trypsin;AC=MS:1001251	NT=Carbamidomethyl;AC=UNIMOD:4;TA=C;MT=Fixed	NT=Oxidation;AC=UNIMOD:35;TA=M;MT=Variable	NT=Deamidated;AC=UNIMOD:7;TA=N,Q;MT=Variable	NT=TMT6plex;AC=UNIMOD:737;TA=K;MT=Variable	NT=TMT6plex;AC=UNIMOD:737;PP=N-term;MT=Variable	dithiothreitol	chloroacetamide	8	1	20210329_L1_nUT2_ES803A_TMT_U1_U937_cells_B1_F8.raw	v1.1.0	NT=ms-proteomics;VV=v1.1.0	NT=human;VV=v1.1.0	NT=cell-lines;VV=v1.1.0	manual curation	Pool	not applicable	B1
U1_C_B1	Homo sapiens	cell culture	adult acute monocytic leukemia	U1	CVCL_M769	U1/HIV-1	37Y	male	untreated	study sample	1	20210329_L1_nUT2_ES803A_TMT_U1_U937_cells_B1_F9_TMT126	proteomic profiling by mass spectrometry	NT=Data-dependent acquisition;AC=PRIDE:0000627	NT=Orbitrap Fusion Lumos;AC=MS:1002732	TMT126	NT=Trypsin;AC=MS:1001251	NT=Carbamidomethyl;AC=UNIMOD:4;TA=C;MT=Fixed	NT=Oxidation;AC=UNIMOD:35;TA=M;MT=Variable	NT=Deamidated;AC=UNIMOD:7;TA=N,Q;MT=Variable	NT=TMT6plex;AC=UNIMOD:737;TA=K;MT=Variable	NT=TMT6plex;AC=UNIMOD:737;PP=N-term;MT=Variable	dithiothreitol	chloroacetamide	9	1	20210329_L1_nUT2_ES803A_TMT_U1_U937_cells_B1_F9.raw	v1.1.0	NT=ms-proteomics;VV=v1.1.0	NT=human;VV=v1.1.0	NT=cell-lines;VV=v1.1.0	manual curation	U1	untreated	B1
U1_P_B1	Homo sapiens	cell culture	adult acute monocytic leukemia	U1	CVCL_M769	U1/HIV-1	37Y	male	prostratin treatment	study sample	1	20210329_L1_nUT2_ES803A_TMT_U1_U937_cells_B1_F9_TMT127N	proteomic profiling by mass spectrometry	NT=Data-dependent acquisition;AC=PRIDE:0000627	NT=Orbitrap Fusion Lumos;AC=MS:1002732	TMT127N	NT=Trypsin;AC=MS:1001251	NT=Carbamidomethyl;AC=UNIMOD:4;TA=C;MT=Fixed	NT=Oxidation;AC=UNIMOD:35;TA=M;MT=Variable	NT=Deamidated;AC=UNIMOD:7;TA=N,Q;MT=Variable	NT=TMT6plex;AC=UNIMOD:737;TA=K;MT=Variable	NT=TMT6plex;AC=UNIMOD:737;PP=N-term;MT=Variable	dithiothreitol	chloroacetamide	9	1	20210329_L1_nUT2_ES803A_TMT_U1_U937_cells_B1_F9.raw	v1.1.0	NT=ms-proteomics;VV=v1.1.0	NT=human;VV=v1.1.0	NT=cell-lines;VV=v1.1.0	manual curation	U1	prostratin treatment	B1
U1_C-DON_B1	Homo sapiens	cell culture	adult acute monocytic leukemia	U1	CVCL_M769	U1/HIV-1	37Y	male	6-diazo-5-oxo-L-norleucine treatment	study sample	1	20210329_L1_nUT2_ES803A_TMT_U1_U937_cells_B1_F9_TMT127C	proteomic profiling by mass spectrometry	NT=Data-dependent acquisition;AC=PRIDE:0000627	NT=Orbitrap Fusion Lumos;AC=MS:1002732	TMT127C	NT=Trypsin;AC=MS:1001251	NT=Carbamidomethyl;AC=UNIMOD:4;TA=C;MT=Fixed	NT=Oxidation;AC=UNIMOD:35;TA=M;MT=Variable	NT=Deamidated;AC=UNIMOD:7;TA=N,Q;MT=Variable	NT=TMT6plex;AC=UNIMOD:737;TA=K;MT=Variable	NT=TMT6plex;AC=UNIMOD:737;PP=N-term;MT=Variable	dithiothreitol	chloroacetamide	9	1	20210329_L1_nUT2_ES803A_TMT_U1_U937_cells_B1_F9.raw	v1.1.0	NT=ms-proteomics;VV=v1.1.0	NT=human;VV=v1.1.0	NT=cell-lines;VV=v1.1.0	manual curation	U1	6-diazo-5-oxo-L-norleucine treatment	B1
U1_P-DON_B1	Homo sapiens	cell culture	adult acute monocytic leukemia	U1	CVCL_M769	U1/HIV-1	37Y	male	prostratin and 6-diazo-5-oxo-L-norleucine treatment	study sample	1	20210329_L1_nUT2_ES803A_TMT_U1_U937_cells_B1_F9_TMT128N	proteomic profiling by mass spectrometry	NT=Data-dependent acquisition;AC=PRIDE:0000627	NT=Orbitrap Fusion Lumos;AC=MS:1002732	TMT128N	NT=Trypsin;AC=MS:1001251	NT=Carbamidomethyl;AC=UNIMOD:4;TA=C;MT=Fixed	NT=Oxidation;AC=UNIMOD:35;TA=M;MT=Variable	NT=Deamidated;AC=UNIMOD:7;TA=N,Q;MT=Variable	NT=TMT6plex;AC=UNIMOD:737;TA=K;MT=Variable	NT=TMT6plex;AC=UNIMOD:737;PP=N-term;MT=Variable	dithiothreitol	chloroacetamide	9	1	20210329_L1_nUT2_ES803A_TMT_U1_U937_cells_B1_F9.raw	v1.1.0	NT=ms-proteomics;VV=v1.1.0	NT=human;VV=v1.1.0	NT=cell-lines;VV=v1.1.0	manual curation	U1	prostratin and 6-diazo-5-oxo-L-norleucine treatment	B1
U937_C_B1	Homo sapiens	cell culture	adult acute monocytic leukemia	U937	CVCL_0007	U-937	37Y	male	untreated	study sample	1	20210329_L1_nUT2_ES803A_TMT_U1_U937_cells_B1_F9_TMT128C	proteomic profiling by mass spectrometry	NT=Data-dependent acquisition;AC=PRIDE:0000627	NT=Orbitrap Fusion Lumos;AC=MS:1002732	TMT128C	NT=Trypsin;AC=MS:1001251	NT=Carbamidomethyl;AC=UNIMOD:4;TA=C;MT=Fixed	NT=Oxidation;AC=UNIMOD:35;TA=M;MT=Variable	NT=Deamidated;AC=UNIMOD:7;TA=N,Q;MT=Variable	NT=TMT6plex;AC=UNIMOD:737;TA=K;MT=Variable	NT=TMT6plex;AC=UNIMOD:737;PP=N-term;MT=Variable	dithiothreitol	chloroacetamide	9	1	20210329_L1_nUT2_ES803A_TMT_U1_U937_cells_B1_F9.raw	v1.1.0	NT=ms-proteomics;VV=v1.1.0	NT=human;VV=v1.1.0	NT=cell-lines;VV=v1.1.0	manual curation	U937	untreated	B1
U937_P_B1	Homo sapiens	cell culture	adult acute monocytic leukemia	U937	CVCL_0007	U-937	37Y	male	prostratin treatment	study sample	1	20210329_L1_nUT2_ES803A_TMT_U1_U937_cells_B1_F9_TMT129N	proteomic profiling by mass spectrometry	NT=Data-dependent acquisition;AC=PRIDE:0000627	NT=Orbitrap Fusion Lumos;AC=MS:1002732	TMT129N	NT=Trypsin;AC=MS:1001251	NT=Carbamidomethyl;AC=UNIMOD:4;TA=C;MT=Fixed	NT=Oxidation;AC=UNIMOD:35;TA=M;MT=Variable	NT=Deamidated;AC=UNIMOD:7;TA=N,Q;MT=Variable	NT=TMT6plex;AC=UNIMOD:737;TA=K;MT=Variable	NT=TMT6plex;AC=UNIMOD:737;PP=N-term;MT=Variable	dithiothreitol	chloroacetamide	9	1	20210329_L1_nUT2_ES803A_TMT_U1_U937_cells_B1_F9.raw	v1.1.0	NT=ms-proteomics;VV=v1.1.0	NT=human;VV=v1.1.0	NT=cell-lines;VV=v1.1.0	manual curation	U937	prostratin treatment	B1
U937_C-DON_B1	Homo sapiens	cell culture	adult acute monocytic leukemia	U937	CVCL_0007	U-937	37Y	male	6-diazo-5-oxo-L-norleucine treatment	study sample	1	20210329_L1_nUT2_ES803A_TMT_U1_U937_cells_B1_F9_TMT129C	proteomic profiling by mass spectrometry	NT=Data-dependent acquisition;AC=PRIDE:0000627	NT=Orbitrap Fusion Lumos;AC=MS:1002732	TMT129C	NT=Trypsin;AC=MS:1001251	NT=Carbamidomethyl;AC=UNIMOD:4;TA=C;MT=Fixed	NT=Oxidation;AC=UNIMOD:35;TA=M;MT=Variable	NT=Deamidated;AC=UNIMOD:7;TA=N,Q;MT=Variable	NT=TMT6plex;AC=UNIMOD:737;TA=K;MT=Variable	NT=TMT6plex;AC=UNIMOD:737;PP=N-term;MT=Variable	dithiothreitol	chloroacetamide	9	1	20210329_L1_nUT2_ES803A_TMT_U1_U937_cells_B1_F9.raw	v1.1.0	NT=ms-proteomics;VV=v1.1.0	NT=human;VV=v1.1.0	NT=cell-lines;VV=v1.1.0	manual curation	U937	6-diazo-5-oxo-L-norleucine treatment	B1
U937_P-DON_B1	Homo sapiens	cell culture	adult acute monocytic leukemia	U937	CVCL_0007	U-937	37Y	male	prostratin and 6-diazo-5-oxo-L-norleucine treatment	study sample	1	20210329_L1_nUT2_ES803A_TMT_U1_U937_cells_B1_F9_TMT130N	proteomic profiling by mass spectrometry	NT=Data-dependent acquisition;AC=PRIDE:0000627	NT=Orbitrap Fusion Lumos;AC=MS:1002732	TMT130N	NT=Trypsin;AC=MS:1001251	NT=Carbamidomethyl;AC=UNIMOD:4;TA=C;MT=Fixed	NT=Oxidation;AC=UNIMOD:35;TA=M;MT=Variable	NT=Deamidated;AC=UNIMOD:7;TA=N,Q;MT=Variable	NT=TMT6plex;AC=UNIMOD:737;TA=K;MT=Variable	NT=TMT6plex;AC=UNIMOD:737;PP=N-term;MT=Variable	dithiothreitol	chloroacetamide	9	1	20210329_L1_nUT2_ES803A_TMT_U1_U937_cells_B1_F9.raw	v1.1.0	NT=ms-proteomics;VV=v1.1.0	NT=human;VV=v1.1.0	NT=cell-lines;VV=v1.1.0	manual curation	U937	prostratin and 6-diazo-5-oxo-L-norleucine treatment	B1
Pool_Pool_B1	Homo sapiens	cell culture	not applicable	Pool	not available	not available	not available	not applicable	not applicable	pooled	1	20210329_L1_nUT2_ES803A_TMT_U1_U937_cells_B1_F9_TMT131	proteomic profiling by mass spectrometry	NT=Data-dependent acquisition;AC=PRIDE:0000627	NT=Orbitrap Fusion Lumos;AC=MS:1002732	TMT131	NT=Trypsin;AC=MS:1001251	NT=Carbamidomethyl;AC=UNIMOD:4;TA=C;MT=Fixed	NT=Oxidation;AC=UNIMOD:35;TA=M;MT=Variable	NT=Deamidated;AC=UNIMOD:7;TA=N,Q;MT=Variable	NT=TMT6plex;AC=UNIMOD:737;TA=K;MT=Variable	NT=TMT6plex;AC=UNIMOD:737;PP=N-term;MT=Variable	dithiothreitol	chloroacetamide	9	1	20210329_L1_nUT2_ES803A_TMT_U1_U937_cells_B1_F9.raw	v1.1.0	NT=ms-proteomics;VV=v1.1.0	NT=human;VV=v1.1.0	NT=cell-lines;VV=v1.1.0	manual curation	Pool	not applicable	B1
U1_C_B1	Homo sapiens	cell culture	adult acute monocytic leukemia	U1	CVCL_M769	U1/HIV-1	37Y	male	untreated	study sample	1	20210329_L1_nUT2_ES803A_TMT_U1_U937_cells_B1_F5_TMT126	proteomic profiling by mass spectrometry	NT=Data-dependent acquisition;AC=PRIDE:0000627	NT=Orbitrap Fusion Lumos;AC=MS:1002732	TMT126	NT=Trypsin;AC=MS:1001251	NT=Carbamidomethyl;AC=UNIMOD:4;TA=C;MT=Fixed	NT=Oxidation;AC=UNIMOD:35;TA=M;MT=Variable	NT=Deamidated;AC=UNIMOD:7;TA=N,Q;MT=Variable	NT=TMT6plex;AC=UNIMOD:737;TA=K;MT=Variable	NT=TMT6plex;AC=UNIMOD:737;PP=N-term;MT=Variable	dithiothreitol	chloroacetamide	5	1	20210329_L1_nUT2_ES803A_TMT_U1_U937_cells_B1_F5.raw	v1.1.0	NT=ms-proteomics;VV=v1.1.0	NT=human;VV=v1.1.0	NT=cell-lines;VV=v1.1.0	manual curation	U1	untreated	B1
U1_P_B1	Homo sapiens	cell culture	adult acute monocytic leukemia	U1	CVCL_M769	U1/HIV-1	37Y	male	prostratin treatment	study sample	1	20210329_L1_nUT2_ES803A_TMT_U1_U937_cells_B1_F5_TMT127N	proteomic profiling by mass spectrometry	NT=Data-dependent acquisition;AC=PRIDE:0000627	NT=Orbitrap Fusion Lumos;AC=MS:1002732	TMT127N	NT=Trypsin;AC=MS:1001251	NT=Carbamidomethyl;AC=UNIMOD:4;TA=C;MT=Fixed	NT=Oxidation;AC=UNIMOD:35;TA=M;MT=Variable	NT=Deamidated;AC=UNIMOD:7;TA=N,Q;MT=Variable	NT=TMT6plex;AC=UNIMOD:737;TA=K;MT=Variable	NT=TMT6plex;AC=UNIMOD:737;PP=N-term;MT=Variable	dithiothreitol	chloroacetamide	5	1	20210329_L1_nUT2_ES803A_TMT_U1_U937_cells_B1_F5.raw	v1.1.0	NT=ms-proteomics;VV=v1.1.0	NT=human;VV=v1.1.0	NT=cell-lines;VV=v1.1.0	manual curation	U1	prostratin treatment	B1
U1_C-DON_B1	Homo sapiens	cell culture	adult acute monocytic leukemia	U1	CVCL_M769	U1/HIV-1	37Y	male	6-diazo-5-oxo-L-norleucine treatment	study sample	1	20210329_L1_nUT2_ES803A_TMT_U1_U937_cells_B1_F5_TMT127C	proteomic profiling by mass spectrometry	NT=Data-dependent acquisition;AC=PRIDE:0000627	NT=Orbitrap Fusion Lumos;AC=MS:1002732	TMT127C	NT=Trypsin;AC=MS:1001251	NT=Carbamidomethyl;AC=UNIMOD:4;TA=C;MT=Fixed	NT=Oxidation;AC=UNIMOD:35;TA=M;MT=Variable	NT=Deamidated;AC=UNIMOD:7;TA=N,Q;MT=Variable	NT=TMT6plex;AC=UNIMOD:737;TA=K;MT=Variable	NT=TMT6plex;AC=UNIMOD:737;PP=N-term;MT=Variable	dithiothreitol	chloroacetamide	5	1	20210329_L1_nUT2_ES803A_TMT_U1_U937_cells_B1_F5.raw	v1.1.0	NT=ms-proteomics;VV=v1.1.0	NT=human;VV=v1.1.0	NT=cell-lines;VV=v1.1.0	manual curation	U1	6-diazo-5-oxo-L-norleucine treatment	B1
U1_P-DON_B1	Homo sapiens	cell culture	adult acute monocytic leukemia	U1	CVCL_M769	U1/HIV-1	37Y	male	prostratin and 6-diazo-5-oxo-L-norleucine treatment	study sample	1	20210329_L1_nUT2_ES803A_TMT_U1_U937_cells_B1_F5_TMT128N	proteomic profiling by mass spectrometry	NT=Data-dependent acquisition;AC=PRIDE:0000627	NT=Orbitrap Fusion Lumos;AC=MS:1002732	TMT128N	NT=Trypsin;AC=MS:1001251	NT=Carbamidomethyl;AC=UNIMOD:4;TA=C;MT=Fixed	NT=Oxidation;AC=UNIMOD:35;TA=M;MT=Variable	NT=Deamidated;AC=UNIMOD:7;TA=N,Q;MT=Variable	NT=TMT6plex;AC=UNIMOD:737;TA=K;MT=Variable	NT=TMT6plex;AC=UNIMOD:737;PP=N-term;MT=Variable	dithiothreitol	chloroacetamide	5	1	20210329_L1_nUT2_ES803A_TMT_U1_U937_cells_B1_F5.raw	v1.1.0	NT=ms-proteomics;VV=v1.1.0	NT=human;VV=v1.1.0	NT=cell-lines;VV=v1.1.0	manual curation	U1	prostratin and 6-diazo-5-oxo-L-norleucine treatment	B1
U937_C_B1	Homo sapiens	cell culture	adult acute monocytic leukemia	U937	CVCL_0007	U-937	37Y	male	untreated	study sample	1	20210329_L1_nUT2_ES803A_TMT_U1_U937_cells_B1_F5_TMT128C	proteomic profiling by mass spectrometry	NT=Data-dependent acquisition;AC=PRIDE:0000627	NT=Orbitrap Fusion Lumos;AC=MS:1002732	TMT128C	NT=Trypsin;AC=MS:1001251	NT=Carbamidomethyl;AC=UNIMOD:4;TA=C;MT=Fixed	NT=Oxidation;AC=UNIMOD:35;TA=M;MT=Variable	NT=Deamidated;AC=UNIMOD:7;TA=N,Q;MT=Variable	NT=TMT6plex;AC=UNIMOD:737;TA=K;MT=Variable	NT=TMT6plex;AC=UNIMOD:737;PP=N-term;MT=Variable	dithiothreitol	chloroacetamide	5	1	20210329_L1_nUT2_ES803A_TMT_U1_U937_cells_B1_F5.raw	v1.1.0	NT=ms-proteomics;VV=v1.1.0	NT=human;VV=v1.1.0	NT=cell-lines;VV=v1.1.0	manual curation	U937	untreated	B1
U937_P_B1	Homo sapiens	cell culture	adult acute monocytic leukemia	U937	CVCL_0007	U-937	37Y	male	prostratin treatment	study sample	1	20210329_L1_nUT2_ES803A_TMT_U1_U937_cells_B1_F5_TMT129N	proteomic profiling by mass spectrometry	NT=Data-dependent acquisition;AC=PRIDE:0000627	NT=Orbitrap Fusion Lumos;AC=MS:1002732	TMT129N	NT=Trypsin;AC=MS:1001251	NT=Carbamidomethyl;AC=UNIMOD:4;TA=C;MT=Fixed	NT=Oxidation;AC=UNIMOD:35;TA=M;MT=Variable	NT=Deamidated;AC=UNIMOD:7;TA=N,Q;MT=Variable	NT=TMT6plex;AC=UNIMOD:737;TA=K;MT=Variable	NT=TMT6plex;AC=UNIMOD:737;PP=N-term;MT=Variable	dithiothreitol	chloroacetamide	5	1	20210329_L1_nUT2_ES803A_TMT_U1_U937_cells_B1_F5.raw	v1.1.0	NT=ms-proteomics;VV=v1.1.0	NT=human;VV=v1.1.0	NT=cell-lines;VV=v1.1.0	manual curation	U937	prostratin treatment	B1
U937_C-DON_B1	Homo sapiens	cell culture	adult acute monocytic leukemia	U937	CVCL_0007	U-937	37Y	male	6-diazo-5-oxo-L-norleucine treatment	study sample	1	20210329_L1_nUT2_ES803A_TMT_U1_U937_cells_B1_F5_TMT129C	proteomic profiling by mass spectrometry	NT=Data-dependent acquisition;AC=PRIDE:0000627	NT=Orbitrap Fusion Lumos;AC=MS:1002732	TMT129C	NT=Trypsin;AC=MS:1001251	NT=Carbamidomethyl;AC=UNIMOD:4;TA=C;MT=Fixed	NT=Oxidation;AC=UNIMOD:35;TA=M;MT=Variable	NT=Deamidated;AC=UNIMOD:7;TA=N,Q;MT=Variable	NT=TMT6plex;AC=UNIMOD:737;TA=K;MT=Variable	NT=TMT6plex;AC=UNIMOD:737;PP=N-term;MT=Variable	dithiothreitol	chloroacetamide	5	1	20210329_L1_nUT2_ES803A_TMT_U1_U937_cells_B1_F5.raw	v1.1.0	NT=ms-proteomics;VV=v1.1.0	NT=human;VV=v1.1.0	NT=cell-lines;VV=v1.1.0	manual curation	U937	6-diazo-5-oxo-L-norleucine treatment	B1
U937_P-DON_B1	Homo sapiens	cell culture	adult acute monocytic leukemia	U937	CVCL_0007	U-937	37Y	male	prostratin and 6-diazo-5-oxo-L-norleucine treatment	study sample	1	20210329_L1_nUT2_ES803A_TMT_U1_U937_cells_B1_F5_TMT130N	proteomic profiling by mass spectrometry	NT=Data-dependent acquisition;AC=PRIDE:0000627	NT=Orbitrap Fusion Lumos;AC=MS:1002732	TMT130N	NT=Trypsin;AC=MS:1001251	NT=Carbamidomethyl;AC=UNIMOD:4;TA=C;MT=Fixed	NT=Oxidation;AC=UNIMOD:35;TA=M;MT=Variable	NT=Deamidated;AC=UNIMOD:7;TA=N,Q;MT=Variable	NT=TMT6plex;AC=UNIMOD:737;TA=K;MT=Variable	NT=TMT6plex;AC=UNIMOD:737;PP=N-term;MT=Variable	dithiothreitol	chloroacetamide	5	1	20210329_L1_nUT2_ES803A_TMT_U1_U937_cells_B1_F5.raw	v1.1.0	NT=ms-proteomics;VV=v1.1.0	NT=human;VV=v1.1.0	NT=cell-lines;VV=v1.1.0	manual curation	U937	prostratin and 6-diazo-5-oxo-L-norleucine treatment	B1
Pool_Pool_B1	Homo sapiens	cell culture	not applicable	Pool	not available	not available	not available	not applicable	not applicable	pooled	1	20210329_L1_nUT2_ES803A_TMT_U1_U937_cells_B1_F5_TMT131	proteomic profiling by mass spectrometry	NT=Data-dependent acquisition;AC=PRIDE:0000627	NT=Orbitrap Fusion Lumos;AC=MS:1002732	TMT131	NT=Trypsin;AC=MS:1001251	NT=Carbamidomethyl;AC=UNIMOD:4;TA=C;MT=Fixed	NT=Oxidation;AC=UNIMOD:35;TA=M;MT=Variable	NT=Deamidated;AC=UNIMOD:7;TA=N,Q;MT=Variable	NT=TMT6plex;AC=UNIMOD:737;TA=K;MT=Variable	NT=TMT6plex;AC=UNIMOD:737;PP=N-term;MT=Variable	dithiothreitol	chloroacetamide	5	1	20210329_L1_nUT2_ES803A_TMT_U1_U937_cells_B1_F5.raw	v1.1.0	NT=ms-proteomics;VV=v1.1.0	NT=human;VV=v1.1.0	NT=cell-lines;VV=v1.1.0	manual curation	Pool	not applicable	B1
U1_C_B1	Homo sapiens	cell culture	adult acute monocytic leukemia	U1	CVCL_M769	U1/HIV-1	37Y	male	untreated	study sample	1	20210329_L1_nUT2_ES803A_TMT_U1_U937_cells_B1_F6_TMT126	proteomic profiling by mass spectrometry	NT=Data-dependent acquisition;AC=PRIDE:0000627	NT=Orbitrap Fusion Lumos;AC=MS:1002732	TMT126	NT=Trypsin;AC=MS:1001251	NT=Carbamidomethyl;AC=UNIMOD:4;TA=C;MT=Fixed	NT=Oxidation;AC=UNIMOD:35;TA=M;MT=Variable	NT=Deamidated;AC=UNIMOD:7;TA=N,Q;MT=Variable	NT=TMT6plex;AC=UNIMOD:737;TA=K;MT=Variable	NT=TMT6plex;AC=UNIMOD:737;PP=N-term;MT=Variable	dithiothreitol	chloroacetamide	6	1	20210329_L1_nUT2_ES803A_TMT_U1_U937_cells_B1_F6.raw	v1.1.0	NT=ms-proteomics;VV=v1.1.0	NT=human;VV=v1.1.0	NT=cell-lines;VV=v1.1.0	manual curation	U1	untreated	B1
U1_P_B1	Homo sapiens	cell culture	adult acute monocytic leukemia	U1	CVCL_M769	U1/HIV-1	37Y	male	prostratin treatment	study sample	1	20210329_L1_nUT2_ES803A_TMT_U1_U937_cells_B1_F6_TMT127N	proteomic profiling by mass spectrometry	NT=Data-dependent acquisition;AC=PRIDE:0000627	NT=Orbitrap Fusion Lumos;AC=MS:1002732	TMT127N	NT=Trypsin;AC=MS:1001251	NT=Carbamidomethyl;AC=UNIMOD:4;TA=C;MT=Fixed	NT=Oxidation;AC=UNIMOD:35;TA=M;MT=Variable	NT=Deamidated;AC=UNIMOD:7;TA=N,Q;MT=Variable	NT=TMT6plex;AC=UNIMOD:737;TA=K;MT=Variable	NT=TMT6plex;AC=UNIMOD:737;PP=N-term;MT=Variable	dithiothreitol	chloroacetamide	6	1	20210329_L1_nUT2_ES803A_TMT_U1_U937_cells_B1_F6.raw	v1.1.0	NT=ms-proteomics;VV=v1.1.0	NT=human;VV=v1.1.0	NT=cell-lines;VV=v1.1.0	manual curation	U1	prostratin treatment	B1
U1_C-DON_B1	Homo sapiens	cell culture	adult acute monocytic leukemia	U1	CVCL_M769	U1/HIV-1	37Y	male	6-diazo-5-oxo-L-norleucine treatment	study sample	1	20210329_L1_nUT2_ES803A_TMT_U1_U937_cells_B1_F6_TMT127C	proteomic profiling by mass spectrometry	NT=Data-dependent acquisition;AC=PRIDE:0000627	NT=Orbitrap Fusion Lumos;AC=MS:1002732	TMT127C	NT=Trypsin;AC=MS:1001251	NT=Carbamidomethyl;AC=UNIMOD:4;TA=C;MT=Fixed	NT=Oxidation;AC=UNIMOD:35;TA=M;MT=Variable	NT=Deamidated;AC=UNIMOD:7;TA=N,Q;MT=Variable	NT=TMT6plex;AC=UNIMOD:737;TA=K;MT=Variable	NT=TMT6plex;AC=UNIMOD:737;PP=N-term;MT=Variable	dithiothreitol	chloroacetamide	6	1	20210329_L1_nUT2_ES803A_TMT_U1_U937_cells_B1_F6.raw	v1.1.0	NT=ms-proteomics;VV=v1.1.0	NT=human;VV=v1.1.0	NT=cell-lines;VV=v1.1.0	manual curation	U1	6-diazo-5-oxo-L-norleucine treatment	B1
U1_P-DON_B1	Homo sapiens	cell culture	adult acute monocytic leukemia	U1	CVCL_M769	U1/HIV-1	37Y	male	prostratin and 6-diazo-5-oxo-L-norleucine treatment	study sample	1	20210329_L1_nUT2_ES803A_TMT_U1_U937_cells_B1_F6_TMT128N	proteomic profiling by mass spectrometry	NT=Data-dependent acquisition;AC=PRIDE:0000627	NT=Orbitrap Fusion Lumos;AC=MS:1002732	TMT128N	NT=Trypsin;AC=MS:1001251	NT=Carbamidomethyl;AC=UNIMOD:4;TA=C;MT=Fixed	NT=Oxidation;AC=UNIMOD:35;TA=M;MT=Variable	NT=Deamidated;AC=UNIMOD:7;TA=N,Q;MT=Variable	NT=TMT6plex;AC=UNIMOD:737;TA=K;MT=Variable	NT=TMT6plex;AC=UNIMOD:737;PP=N-term;MT=Variable	dithiothreitol	chloroacetamide	6	1	20210329_L1_nUT2_ES803A_TMT_U1_U937_cells_B1_F6.raw	v1.1.0	NT=ms-proteomics;VV=v1.1.0	NT=human;VV=v1.1.0	NT=cell-lines;VV=v1.1.0	manual curation	U1	prostratin and 6-diazo-5-oxo-L-norleucine treatment	B1
U937_C_B1	Homo sapiens	cell culture	adult acute monocytic leukemia	U937	CVCL_0007	U-937	37Y	male	untreated	study sample	1	20210329_L1_nUT2_ES803A_TMT_U1_U937_cells_B1_F6_TMT128C	proteomic profiling by mass spectrometry	NT=Data-dependent acquisition;AC=PRIDE:0000627	NT=Orbitrap Fusion Lumos;AC=MS:1002732	TMT128C	NT=Trypsin;AC=MS:1001251	NT=Carbamidomethyl;AC=UNIMOD:4;TA=C;MT=Fixed	NT=Oxidation;AC=UNIMOD:35;TA=M;MT=Variable	NT=Deamidated;AC=UNIMOD:7;TA=N,Q;MT=Variable	NT=TMT6plex;AC=UNIMOD:737;TA=K;MT=Variable	NT=TMT6plex;AC=UNIMOD:737;PP=N-term;MT=Variable	dithiothreitol	chloroacetamide	6	1	20210329_L1_nUT2_ES803A_TMT_U1_U937_cells_B1_F6.raw	v1.1.0	NT=ms-proteomics;VV=v1.1.0	NT=human;VV=v1.1.0	NT=cell-lines;VV=v1.1.0	manual curation	U937	untreated	B1
U937_P_B1	Homo sapiens	cell culture	adult acute monocytic leukemia	U937	CVCL_0007	U-937	37Y	male	prostratin treatment	study sample	1	20210329_L1_nUT2_ES803A_TMT_U1_U937_cells_B1_F6_TMT129N	proteomic profiling by mass spectrometry	NT=Data-dependent acquisition;AC=PRIDE:0000627	NT=Orbitrap Fusion Lumos;AC=MS:1002732	TMT129N	NT=Trypsin;AC=MS:1001251	NT=Carbamidomethyl;AC=UNIMOD:4;TA=C;MT=Fixed	NT=Oxidation;AC=UNIMOD:35;TA=M;MT=Variable	NT=Deamidated;AC=UNIMOD:7;TA=N,Q;MT=Variable	NT=TMT6plex;AC=UNIMOD:737;TA=K;MT=Variable	NT=TMT6plex;AC=UNIMOD:737;PP=N-term;MT=Variable	dithiothreitol	chloroacetamide	6	1	20210329_L1_nUT2_ES803A_TMT_U1_U937_cells_B1_F6.raw	v1.1.0	NT=ms-proteomics;VV=v1.1.0	NT=human;VV=v1.1.0	NT=cell-lines;VV=v1.1.0	manual curation	U937	prostratin treatment	B1
U937_C-DON_B1	Homo sapiens	cell culture	adult acute monocytic leukemia	U937	CVCL_0007	U-937	37Y	male	6-diazo-5-oxo-L-norleucine treatment	study sample	1	20210329_L1_nUT2_ES803A_TMT_U1_U937_cells_B1_F6_TMT129C	proteomic profiling by mass spectrometry	NT=Data-dependent acquisition;AC=PRIDE:0000627	NT=Orbitrap Fusion Lumos;AC=MS:1002732	TMT129C	NT=Trypsin;AC=MS:1001251	NT=Carbamidomethyl;AC=UNIMOD:4;TA=C;MT=Fixed	NT=Oxidation;AC=UNIMOD:35;TA=M;MT=Variable	NT=Deamidated;AC=UNIMOD:7;TA=N,Q;MT=Variable	NT=TMT6plex;AC=UNIMOD:737;TA=K;MT=Variable	NT=TMT6plex;AC=UNIMOD:737;PP=N-term;MT=Variable	dithiothreitol	chloroacetamide	6	1	20210329_L1_nUT2_ES803A_TMT_U1_U937_cells_B1_F6.raw	v1.1.0	NT=ms-proteomics;VV=v1.1.0	NT=human;VV=v1.1.0	NT=cell-lines;VV=v1.1.0	manual curation	U937	6-diazo-5-oxo-L-norleucine treatment	B1
U937_P-DON_B1	Homo sapiens	cell culture	adult acute monocytic leukemia	U937	CVCL_0007	U-937	37Y	male	prostratin and 6-diazo-5-oxo-L-norleucine treatment	study sample	1	20210329_L1_nUT2_ES803A_TMT_U1_U937_cells_B1_F6_TMT130N	proteomic profiling by mass spectrometry	NT=Data-dependent acquisition;AC=PRIDE:0000627	NT=Orbitrap Fusion Lumos;AC=MS:1002732	TMT130N	NT=Trypsin;AC=MS:1001251	NT=Carbamidomethyl;AC=UNIMOD:4;TA=C;MT=Fixed	NT=Oxidation;AC=UNIMOD:35;TA=M;MT=Variable	NT=Deamidated;AC=UNIMOD:7;TA=N,Q;MT=Variable	NT=TMT6plex;AC=UNIMOD:737;TA=K;MT=Variable	NT=TMT6plex;AC=UNIMOD:737;PP=N-term;MT=Variable	dithiothreitol	chloroacetamide	6	1	20210329_L1_nUT2_ES803A_TMT_U1_U937_cells_B1_F6.raw	v1.1.0	NT=ms-proteomics;VV=v1.1.0	NT=human;VV=v1.1.0	NT=cell-lines;VV=v1.1.0	manual curation	U937	prostratin and 6-diazo-5-oxo-L-norleucine treatment	B1
Pool_Pool_B1	Homo sapiens	cell culture	not applicable	Pool	not available	not available	not available	not applicable	not applicable	pooled	1	20210329_L1_nUT2_ES803A_TMT_U1_U937_cells_B1_F6_TMT131	proteomic profiling by mass spectrometry	NT=Data-dependent acquisition;AC=PRIDE:0000627	NT=Orbitrap Fusion Lumos;AC=MS:1002732	TMT131	NT=Trypsin;AC=MS:1001251	NT=Carbamidomethyl;AC=UNIMOD:4;TA=C;MT=Fixed	NT=Oxidation;AC=UNIMOD:35;TA=M;MT=Variable	NT=Deamidated;AC=UNIMOD:7;TA=N,Q;MT=Variable	NT=TMT6plex;AC=UNIMOD:737;TA=K;MT=Variable	NT=TMT6plex;AC=UNIMOD:737;PP=N-term;MT=Variable	dithiothreitol	chloroacetamide	6	1	20210329_L1_nUT2_ES803A_TMT_U1_U937_cells_B1_F6.raw	v1.1.0	NT=ms-proteomics;VV=v1.1.0	NT=human;VV=v1.1.0	NT=cell-lines;VV=v1.1.0	manual curation	Pool	not applicable	B1
U1_C-DON_B3	Homo sapiens	cell culture	adult acute monocytic leukemia	U1	CVCL_M769	U1/HIV-1	37Y	male	6-diazo-5-oxo-L-norleucine treatment	study sample	3	20210329_L1_nUT2_ES803A_TMT_U1_U937_cells_B3_F2_TMT126	proteomic profiling by mass spectrometry	NT=Data-dependent acquisition;AC=PRIDE:0000627	NT=Orbitrap Fusion Lumos;AC=MS:1002732	TMT126	NT=Trypsin;AC=MS:1001251	NT=Carbamidomethyl;AC=UNIMOD:4;TA=C;MT=Fixed	NT=Oxidation;AC=UNIMOD:35;TA=M;MT=Variable	NT=Deamidated;AC=UNIMOD:7;TA=N,Q;MT=Variable	NT=TMT6plex;AC=UNIMOD:737;TA=K;MT=Variable	NT=TMT6plex;AC=UNIMOD:737;PP=N-term;MT=Variable	dithiothreitol	chloroacetamide	2	1	20210329_L1_nUT2_ES803A_TMT_U1_U937_cells_B3_F2.raw	v1.1.0	NT=ms-proteomics;VV=v1.1.0	NT=human;VV=v1.1.0	NT=cell-lines;VV=v1.1.0	manual curation	U1	6-diazo-5-oxo-L-norleucine treatment	B3
U1_P-DON_B3	Homo sapiens	cell culture	adult acute monocytic leukemia	U1	CVCL_M769	U1/HIV-1	37Y	male	prostratin and 6-diazo-5-oxo-L-norleucine treatment	study sample	3	20210329_L1_nUT2_ES803A_TMT_U1_U937_cells_B3_F2_TMT127N	proteomic profiling by mass spectrometry	NT=Data-dependent acquisition;AC=PRIDE:0000627	NT=Orbitrap Fusion Lumos;AC=MS:1002732	TMT127N	NT=Trypsin;AC=MS:1001251	NT=Carbamidomethyl;AC=UNIMOD:4;TA=C;MT=Fixed	NT=Oxidation;AC=UNIMOD:35;TA=M;MT=Variable	NT=Deamidated;AC=UNIMOD:7;TA=N,Q;MT=Variable	NT=TMT6plex;AC=UNIMOD:737;TA=K;MT=Variable	NT=TMT6plex;AC=UNIMOD:737;PP=N-term;MT=Variable	dithiothreitol	chloroacetamide	2	1	20210329_L1_nUT2_ES803A_TMT_U1_U937_cells_B3_F2.raw	v1.1.0	NT=ms-proteomics;VV=v1.1.0	NT=human;VV=v1.1.0	NT=cell-lines;VV=v1.1.0	manual curation	U1	prostratin and 6-diazo-5-oxo-L-norleucine treatment	B3
U1_C_B3	Homo sapiens	cell culture	adult acute monocytic leukemia	U1	CVCL_M769	U1/HIV-1	37Y	male	untreated	study sample	3	20210329_L1_nUT2_ES803A_TMT_U1_U937_cells_B3_F2_TMT127C	proteomic profiling by mass spectrometry	NT=Data-dependent acquisition;AC=PRIDE:0000627	NT=Orbitrap Fusion Lumos;AC=MS:1002732	TMT127C	NT=Trypsin;AC=MS:1001251	NT=Carbamidomethyl;AC=UNIMOD:4;TA=C;MT=Fixed	NT=Oxidation;AC=UNIMOD:35;TA=M;MT=Variable	NT=Deamidated;AC=UNIMOD:7;TA=N,Q;MT=Variable	NT=TMT6plex;AC=UNIMOD:737;TA=K;MT=Variable	NT=TMT6plex;AC=UNIMOD:737;PP=N-term;MT=Variable	dithiothreitol	chloroacetamide	2	1	20210329_L1_nUT2_ES803A_TMT_U1_U937_cells_B3_F2.raw	v1.1.0	NT=ms-proteomics;VV=v1.1.0	NT=human;VV=v1.1.0	NT=cell-lines;VV=v1.1.0	manual curation	U1	untreated	B3
U1_P_B3	Homo sapiens	cell culture	adult acute monocytic leukemia	U1	CVCL_M769	U1/HIV-1	37Y	male	prostratin treatment	study sample	3	20210329_L1_nUT2_ES803A_TMT_U1_U937_cells_B3_F2_TMT128N	proteomic profiling by mass spectrometry	NT=Data-dependent acquisition;AC=PRIDE:0000627	NT=Orbitrap Fusion Lumos;AC=MS:1002732	TMT128N	NT=Trypsin;AC=MS:1001251	NT=Carbamidomethyl;AC=UNIMOD:4;TA=C;MT=Fixed	NT=Oxidation;AC=UNIMOD:35;TA=M;MT=Variable	NT=Deamidated;AC=UNIMOD:7;TA=N,Q;MT=Variable	NT=TMT6plex;AC=UNIMOD:737;TA=K;MT=Variable	NT=TMT6plex;AC=UNIMOD:737;PP=N-term;MT=Variable	dithiothreitol	chloroacetamide	2	1	20210329_L1_nUT2_ES803A_TMT_U1_U937_cells_B3_F2.raw	v1.1.0	NT=ms-proteomics;VV=v1.1.0	NT=human;VV=v1.1.0	NT=cell-lines;VV=v1.1.0	manual curation	U1	prostratin treatment	B3
U937_C-DON_B3	Homo sapiens	cell culture	adult acute monocytic leukemia	U937	CVCL_0007	U-937	37Y	male	6-diazo-5-oxo-L-norleucine treatment	study sample	3	20210329_L1_nUT2_ES803A_TMT_U1_U937_cells_B3_F2_TMT128C	proteomic profiling by mass spectrometry	NT=Data-dependent acquisition;AC=PRIDE:0000627	NT=Orbitrap Fusion Lumos;AC=MS:1002732	TMT128C	NT=Trypsin;AC=MS:1001251	NT=Carbamidomethyl;AC=UNIMOD:4;TA=C;MT=Fixed	NT=Oxidation;AC=UNIMOD:35;TA=M;MT=Variable	NT=Deamidated;AC=UNIMOD:7;TA=N,Q;MT=Variable	NT=TMT6plex;AC=UNIMOD:737;TA=K;MT=Variable	NT=TMT6plex;AC=UNIMOD:737;PP=N-term;MT=Variable	dithiothreitol	chloroacetamide	2	1	20210329_L1_nUT2_ES803A_TMT_U1_U937_cells_B3_F2.raw	v1.1.0	NT=ms-proteomics;VV=v1.1.0	NT=human;VV=v1.1.0	NT=cell-lines;VV=v1.1.0	manual curation	U937	6-diazo-5-oxo-L-norleucine treatment	B3
U937_P-DON_B3	Homo sapiens	cell culture	adult acute monocytic leukemia	U937	CVCL_0007	U-937	37Y	male	prostratin and 6-diazo-5-oxo-L-norleucine treatment	study sample	3	20210329_L1_nUT2_ES803A_TMT_U1_U937_cells_B3_F2_TMT129N	proteomic profiling by mass spectrometry	NT=Data-dependent acquisition;AC=PRIDE:0000627	NT=Orbitrap Fusion Lumos;AC=MS:1002732	TMT129N	NT=Trypsin;AC=MS:1001251	NT=Carbamidomethyl;AC=UNIMOD:4;TA=C;MT=Fixed	NT=Oxidation;AC=UNIMOD:35;TA=M;MT=Variable	NT=Deamidated;AC=UNIMOD:7;TA=N,Q;MT=Variable	NT=TMT6plex;AC=UNIMOD:737;TA=K;MT=Variable	NT=TMT6plex;AC=UNIMOD:737;PP=N-term;MT=Variable	dithiothreitol	chloroacetamide	2	1	20210329_L1_nUT2_ES803A_TMT_U1_U937_cells_B3_F2.raw	v1.1.0	NT=ms-proteomics;VV=v1.1.0	NT=human;VV=v1.1.0	NT=cell-lines;VV=v1.1.0	manual curation	U937	prostratin and 6-diazo-5-oxo-L-norleucine treatment	B3
U937_C_B3	Homo sapiens	cell culture	adult acute monocytic leukemia	U937	CVCL_0007	U-937	37Y	male	untreated	study sample	3	20210329_L1_nUT2_ES803A_TMT_U1_U937_cells_B3_F2_TMT129C	proteomic profiling by mass spectrometry	NT=Data-dependent acquisition;AC=PRIDE:0000627	NT=Orbitrap Fusion Lumos;AC=MS:1002732	TMT129C	NT=Trypsin;AC=MS:1001251	NT=Carbamidomethyl;AC=UNIMOD:4;TA=C;MT=Fixed	NT=Oxidation;AC=UNIMOD:35;TA=M;MT=Variable	NT=Deamidated;AC=UNIMOD:7;TA=N,Q;MT=Variable	NT=TMT6plex;AC=UNIMOD:737;TA=K;MT=Variable	NT=TMT6plex;AC=UNIMOD:737;PP=N-term;MT=Variable	dithiothreitol	chloroacetamide	2	1	20210329_L1_nUT2_ES803A_TMT_U1_U937_cells_B3_F2.raw	v1.1.0	NT=ms-proteomics;VV=v1.1.0	NT=human;VV=v1.1.0	NT=cell-lines;VV=v1.1.0	manual curation	U937	untreated	B3
U937_P_B3	Homo sapiens	cell culture	adult acute monocytic leukemia	U937	CVCL_0007	U-937	37Y	male	prostratin treatment	study sample	3	20210329_L1_nUT2_ES803A_TMT_U1_U937_cells_B3_F2_TMT130N	proteomic profiling by mass spectrometry	NT=Data-dependent acquisition;AC=PRIDE:0000627	NT=Orbitrap Fusion Lumos;AC=MS:1002732	TMT130N	NT=Trypsin;AC=MS:1001251	NT=Carbamidomethyl;AC=UNIMOD:4;TA=C;MT=Fixed	NT=Oxidation;AC=UNIMOD:35;TA=M;MT=Variable	NT=Deamidated;AC=UNIMOD:7;TA=N,Q;MT=Variable	NT=TMT6plex;AC=UNIMOD:737;TA=K;MT=Variable	NT=TMT6plex;AC=UNIMOD:737;PP=N-term;MT=Variable	dithiothreitol	chloroacetamide	2	1	20210329_L1_nUT2_ES803A_TMT_U1_U937_cells_B3_F2.raw	v1.1.0	NT=ms-proteomics;VV=v1.1.0	NT=human;VV=v1.1.0	NT=cell-lines;VV=v1.1.0	manual curation	U937	prostratin treatment	B3
Pool_Pool_B3	Homo sapiens	cell culture	not applicable	Pool	not available	not available	not available	not applicable	not applicable	pooled	3	20210329_L1_nUT2_ES803A_TMT_U1_U937_cells_B3_F2_TMT131	proteomic profiling by mass spectrometry	NT=Data-dependent acquisition;AC=PRIDE:0000627	NT=Orbitrap Fusion Lumos;AC=MS:1002732	TMT131	NT=Trypsin;AC=MS:1001251	NT=Carbamidomethyl;AC=UNIMOD:4;TA=C;MT=Fixed	NT=Oxidation;AC=UNIMOD:35;TA=M;MT=Variable	NT=Deamidated;AC=UNIMOD:7;TA=N,Q;MT=Variable	NT=TMT6plex;AC=UNIMOD:737;TA=K;MT=Variable	NT=TMT6plex;AC=UNIMOD:737;PP=N-term;MT=Variable	dithiothreitol	chloroacetamide	2	1	20210329_L1_nUT2_ES803A_TMT_U1_U937_cells_B3_F2.raw	v1.1.0	NT=ms-proteomics;VV=v1.1.0	NT=human;VV=v1.1.0	NT=cell-lines;VV=v1.1.0	manual curation	Pool	not applicable	B3
U937_C_B2	Homo sapiens	cell culture	adult acute monocytic leukemia	U937	CVCL_0007	U-937	37Y	male	untreated	study sample	2	20210329_L1_nUT2_ES803A_TMT_U1_U937_cells_B2_F5_TMT126	proteomic profiling by mass spectrometry	NT=Data-dependent acquisition;AC=PRIDE:0000627	NT=Orbitrap Fusion Lumos;AC=MS:1002732	TMT126	NT=Trypsin;AC=MS:1001251	NT=Carbamidomethyl;AC=UNIMOD:4;TA=C;MT=Fixed	NT=Oxidation;AC=UNIMOD:35;TA=M;MT=Variable	NT=Deamidated;AC=UNIMOD:7;TA=N,Q;MT=Variable	NT=TMT6plex;AC=UNIMOD:737;TA=K;MT=Variable	NT=TMT6plex;AC=UNIMOD:737;PP=N-term;MT=Variable	dithiothreitol	chloroacetamide	5	1	20210329_L1_nUT2_ES803A_TMT_U1_U937_cells_B2_F5.raw	v1.1.0	NT=ms-proteomics;VV=v1.1.0	NT=human;VV=v1.1.0	NT=cell-lines;VV=v1.1.0	manual curation	U937	untreated	B2
U937_P_B2	Homo sapiens	cell culture	adult acute monocytic leukemia	U937	CVCL_0007	U-937	37Y	male	prostratin treatment	study sample	2	20210329_L1_nUT2_ES803A_TMT_U1_U937_cells_B2_F5_TMT127N	proteomic profiling by mass spectrometry	NT=Data-dependent acquisition;AC=PRIDE:0000627	NT=Orbitrap Fusion Lumos;AC=MS:1002732	TMT127N	NT=Trypsin;AC=MS:1001251	NT=Carbamidomethyl;AC=UNIMOD:4;TA=C;MT=Fixed	NT=Oxidation;AC=UNIMOD:35;TA=M;MT=Variable	NT=Deamidated;AC=UNIMOD:7;TA=N,Q;MT=Variable	NT=TMT6plex;AC=UNIMOD:737;TA=K;MT=Variable	NT=TMT6plex;AC=UNIMOD:737;PP=N-term;MT=Variable	dithiothreitol	chloroacetamide	5	1	20210329_L1_nUT2_ES803A_TMT_U1_U937_cells_B2_F5.raw	v1.1.0	NT=ms-proteomics;VV=v1.1.0	NT=human;VV=v1.1.0	NT=cell-lines;VV=v1.1.0	manual curation	U937	prostratin treatment	B2
U937_C-DON_B2	Homo sapiens	cell culture	adult acute monocytic leukemia	U937	CVCL_0007	U-937	37Y	male	6-diazo-5-oxo-L-norleucine treatment	study sample	2	20210329_L1_nUT2_ES803A_TMT_U1_U937_cells_B2_F5_TMT127C	proteomic profiling by mass spectrometry	NT=Data-dependent acquisition;AC=PRIDE:0000627	NT=Orbitrap Fusion Lumos;AC=MS:1002732	TMT127C	NT=Trypsin;AC=MS:1001251	NT=Carbamidomethyl;AC=UNIMOD:4;TA=C;MT=Fixed	NT=Oxidation;AC=UNIMOD:35;TA=M;MT=Variable	NT=Deamidated;AC=UNIMOD:7;TA=N,Q;MT=Variable	NT=TMT6plex;AC=UNIMOD:737;TA=K;MT=Variable	NT=TMT6plex;AC=UNIMOD:737;PP=N-term;MT=Variable	dithiothreitol	chloroacetamide	5	1	20210329_L1_nUT2_ES803A_TMT_U1_U937_cells_B2_F5.raw	v1.1.0	NT=ms-proteomics;VV=v1.1.0	NT=human;VV=v1.1.0	NT=cell-lines;VV=v1.1.0	manual curation	U937	6-diazo-5-oxo-L-norleucine treatment	B2
U937_P-DON_B2	Homo sapiens	cell culture	adult acute monocytic leukemia	U937	CVCL_0007	U-937	37Y	male	prostratin and 6-diazo-5-oxo-L-norleucine treatment	study sample	2	20210329_L1_nUT2_ES803A_TMT_U1_U937_cells_B2_F5_TMT128N	proteomic profiling by mass spectrometry	NT=Data-dependent acquisition;AC=PRIDE:0000627	NT=Orbitrap Fusion Lumos;AC=MS:1002732	TMT128N	NT=Trypsin;AC=MS:1001251	NT=Carbamidomethyl;AC=UNIMOD:4;TA=C;MT=Fixed	NT=Oxidation;AC=UNIMOD:35;TA=M;MT=Variable	NT=Deamidated;AC=UNIMOD:7;TA=N,Q;MT=Variable	NT=TMT6plex;AC=UNIMOD:737;TA=K;MT=Variable	NT=TMT6plex;AC=UNIMOD:737;PP=N-term;MT=Variable	dithiothreitol	chloroacetamide	5	1	20210329_L1_nUT2_ES803A_TMT_U1_U937_cells_B2_F5.raw	v1.1.0	NT=ms-proteomics;VV=v1.1.0	NT=human;VV=v1.1.0	NT=cell-lines;VV=v1.1.0	manual curation	U937	prostratin and 6-diazo-5-oxo-L-norleucine treatment	B2
U1_C_B2	Homo sapiens	cell culture	adult acute monocytic leukemia	U1	CVCL_M769	U1/HIV-1	37Y	male	untreated	study sample	2	20210329_L1_nUT2_ES803A_TMT_U1_U937_cells_B2_F5_TMT128C	proteomic profiling by mass spectrometry	NT=Data-dependent acquisition;AC=PRIDE:0000627	NT=Orbitrap Fusion Lumos;AC=MS:1002732	TMT128C	NT=Trypsin;AC=MS:1001251	NT=Carbamidomethyl;AC=UNIMOD:4;TA=C;MT=Fixed	NT=Oxidation;AC=UNIMOD:35;TA=M;MT=Variable	NT=Deamidated;AC=UNIMOD:7;TA=N,Q;MT=Variable	NT=TMT6plex;AC=UNIMOD:737;TA=K;MT=Variable	NT=TMT6plex;AC=UNIMOD:737;PP=N-term;MT=Variable	dithiothreitol	chloroacetamide	5	1	20210329_L1_nUT2_ES803A_TMT_U1_U937_cells_B2_F5.raw	v1.1.0	NT=ms-proteomics;VV=v1.1.0	NT=human;VV=v1.1.0	NT=cell-lines;VV=v1.1.0	manual curation	U1	untreated	B2
U1_P_B2	Homo sapiens	cell culture	adult acute monocytic leukemia	U1	CVCL_M769	U1/HIV-1	37Y	male	prostratin treatment	study sample	2	20210329_L1_nUT2_ES803A_TMT_U1_U937_cells_B2_F5_TMT129N	proteomic profiling by mass spectrometry	NT=Data-dependent acquisition;AC=PRIDE:0000627	NT=Orbitrap Fusion Lumos;AC=MS:1002732	TMT129N	NT=Trypsin;AC=MS:1001251	NT=Carbamidomethyl;AC=UNIMOD:4;TA=C;MT=Fixed	NT=Oxidation;AC=UNIMOD:35;TA=M;MT=Variable	NT=Deamidated;AC=UNIMOD:7;TA=N,Q;MT=Variable	NT=TMT6plex;AC=UNIMOD:737;TA=K;MT=Variable	NT=TMT6plex;AC=UNIMOD:737;PP=N-term;MT=Variable	dithiothreitol	chloroacetamide	5	1	20210329_L1_nUT2_ES803A_TMT_U1_U937_cells_B2_F5.raw	v1.1.0	NT=ms-proteomics;VV=v1.1.0	NT=human;VV=v1.1.0	NT=cell-lines;VV=v1.1.0	manual curation	U1	prostratin treatment	B2
U1_C-DON_B2	Homo sapiens	cell culture	adult acute monocytic leukemia	U1	CVCL_M769	U1/HIV-1	37Y	male	6-diazo-5-oxo-L-norleucine treatment	study sample	2	20210329_L1_nUT2_ES803A_TMT_U1_U937_cells_B2_F5_TMT129C	proteomic profiling by mass spectrometry	NT=Data-dependent acquisition;AC=PRIDE:0000627	NT=Orbitrap Fusion Lumos;AC=MS:1002732	TMT129C	NT=Trypsin;AC=MS:1001251	NT=Carbamidomethyl;AC=UNIMOD:4;TA=C;MT=Fixed	NT=Oxidation;AC=UNIMOD:35;TA=M;MT=Variable	NT=Deamidated;AC=UNIMOD:7;TA=N,Q;MT=Variable	NT=TMT6plex;AC=UNIMOD:737;TA=K;MT=Variable	NT=TMT6plex;AC=UNIMOD:737;PP=N-term;MT=Variable	dithiothreitol	chloroacetamide	5	1	20210329_L1_nUT2_ES803A_TMT_U1_U937_cells_B2_F5.raw	v1.1.0	NT=ms-proteomics;VV=v1.1.0	NT=human;VV=v1.1.0	NT=cell-lines;VV=v1.1.0	manual curation	U1	6-diazo-5-oxo-L-norleucine treatment	B2
U1_P-DON_B2	Homo sapiens	cell culture	adult acute monocytic leukemia	U1	CVCL_M769	U1/HIV-1	37Y	male	prostratin and 6-diazo-5-oxo-L-norleucine treatment	study sample	2	20210329_L1_nUT2_ES803A_TMT_U1_U937_cells_B2_F5_TMT130N	proteomic profiling by mass spectrometry	NT=Data-dependent acquisition;AC=PRIDE:0000627	NT=Orbitrap Fusion Lumos;AC=MS:1002732	TMT130N	NT=Trypsin;AC=MS:1001251	NT=Carbamidomethyl;AC=UNIMOD:4;TA=C;MT=Fixed	NT=Oxidation;AC=UNIMOD:35;TA=M;MT=Variable	NT=Deamidated;AC=UNIMOD:7;TA=N,Q;MT=Variable	NT=TMT6plex;AC=UNIMOD:737;TA=K;MT=Variable	NT=TMT6plex;AC=UNIMOD:737;PP=N-term;MT=Variable	dithiothreitol	chloroacetamide	5	1	20210329_L1_nUT2_ES803A_TMT_U1_U937_cells_B2_F5.raw	v1.1.0	NT=ms-proteomics;VV=v1.1.0	NT=human;VV=v1.1.0	NT=cell-lines;VV=v1.1.0	manual curation	U1	prostratin and 6-diazo-5-oxo-L-norleucine treatment	B2
Pool_Pool_B2	Homo sapiens	cell culture	not applicable	Pool	not available	not available	not available	not applicable	not applicable	pooled	2	20210329_L1_nUT2_ES803A_TMT_U1_U937_cells_B2_F5_TMT131	proteomic profiling by mass spectrometry	NT=Data-dependent acquisition;AC=PRIDE:0000627	NT=Orbitrap Fusion Lumos;AC=MS:1002732	TMT131	NT=Trypsin;AC=MS:1001251	NT=Carbamidomethyl;AC=UNIMOD:4;TA=C;MT=Fixed	NT=Oxidation;AC=UNIMOD:35;TA=M;MT=Variable	NT=Deamidated;AC=UNIMOD:7;TA=N,Q;MT=Variable	NT=TMT6plex;AC=UNIMOD:737;TA=K;MT=Variable	NT=TMT6plex;AC=UNIMOD:737;PP=N-term;MT=Variable	dithiothreitol	chloroacetamide	5	1	20210329_L1_nUT2_ES803A_TMT_U1_U937_cells_B2_F5.raw	v1.1.0	NT=ms-proteomics;VV=v1.1.0	NT=human;VV=v1.1.0	NT=cell-lines;VV=v1.1.0	manual curation	Pool	not applicable	B2
U937_C_B2	Homo sapiens	cell culture	adult acute monocytic leukemia	U937	CVCL_0007	U-937	37Y	male	untreated	study sample	2	20210329_L1_nUT2_ES803A_TMT_U1_U937_cells_B2_F12_TMT126	proteomic profiling by mass spectrometry	NT=Data-dependent acquisition;AC=PRIDE:0000627	NT=Orbitrap Fusion Lumos;AC=MS:1002732	TMT126	NT=Trypsin;AC=MS:1001251	NT=Carbamidomethyl;AC=UNIMOD:4;TA=C;MT=Fixed	NT=Oxidation;AC=UNIMOD:35;TA=M;MT=Variable	NT=Deamidated;AC=UNIMOD:7;TA=N,Q;MT=Variable	NT=TMT6plex;AC=UNIMOD:737;TA=K;MT=Variable	NT=TMT6plex;AC=UNIMOD:737;PP=N-term;MT=Variable	dithiothreitol	chloroacetamide	12	1	20210329_L1_nUT2_ES803A_TMT_U1_U937_cells_B2_F12.raw	v1.1.0	NT=ms-proteomics;VV=v1.1.0	NT=human;VV=v1.1.0	NT=cell-lines;VV=v1.1.0	manual curation	U937	untreated	B2
U937_P_B2	Homo sapiens	cell culture	adult acute monocytic leukemia	U937	CVCL_0007	U-937	37Y	male	prostratin treatment	study sample	2	20210329_L1_nUT2_ES803A_TMT_U1_U937_cells_B2_F12_TMT127N	proteomic profiling by mass spectrometry	NT=Data-dependent acquisition;AC=PRIDE:0000627	NT=Orbitrap Fusion Lumos;AC=MS:1002732	TMT127N	NT=Trypsin;AC=MS:1001251	NT=Carbamidomethyl;AC=UNIMOD:4;TA=C;MT=Fixed	NT=Oxidation;AC=UNIMOD:35;TA=M;MT=Variable	NT=Deamidated;AC=UNIMOD:7;TA=N,Q;MT=Variable	NT=TMT6plex;AC=UNIMOD:737;TA=K;MT=Variable	NT=TMT6plex;AC=UNIMOD:737;PP=N-term;MT=Variable	dithiothreitol	chloroacetamide	12	1	20210329_L1_nUT2_ES803A_TMT_U1_U937_cells_B2_F12.raw	v1.1.0	NT=ms-proteomics;VV=v1.1.0	NT=human;VV=v1.1.0	NT=cell-lines;VV=v1.1.0	manual curation	U937	prostratin treatment	B2
U937_C-DON_B2	Homo sapiens	cell culture	adult acute monocytic leukemia	U937	CVCL_0007	U-937	37Y	male	6-diazo-5-oxo-L-norleucine treatment	study sample	2	20210329_L1_nUT2_ES803A_TMT_U1_U937_cells_B2_F12_TMT127C	proteomic profiling by mass spectrometry	NT=Data-dependent acquisition;AC=PRIDE:0000627	NT=Orbitrap Fusion Lumos;AC=MS:1002732	TMT127C	NT=Trypsin;AC=MS:1001251	NT=Carbamidomethyl;AC=UNIMOD:4;TA=C;MT=Fixed	NT=Oxidation;AC=UNIMOD:35;TA=M;MT=Variable	NT=Deamidated;AC=UNIMOD:7;TA=N,Q;MT=Variable	NT=TMT6plex;AC=UNIMOD:737;TA=K;MT=Variable	NT=TMT6plex;AC=UNIMOD:737;PP=N-term;MT=Variable	dithiothreitol	chloroacetamide	12	1	20210329_L1_nUT2_ES803A_TMT_U1_U937_cells_B2_F12.raw	v1.1.0	NT=ms-proteomics;VV=v1.1.0	NT=human;VV=v1.1.0	NT=cell-lines;VV=v1.1.0	manual curation	U937	6-diazo-5-oxo-L-norleucine treatment	B2
U937_P-DON_B2	Homo sapiens	cell culture	adult acute monocytic leukemia	U937	CVCL_0007	U-937	37Y	male	prostratin and 6-diazo-5-oxo-L-norleucine treatment	study sample	2	20210329_L1_nUT2_ES803A_TMT_U1_U937_cells_B2_F12_TMT128N	proteomic profiling by mass spectrometry	NT=Data-dependent acquisition;AC=PRIDE:0000627	NT=Orbitrap Fusion Lumos;AC=MS:1002732	TMT128N	NT=Trypsin;AC=MS:1001251	NT=Carbamidomethyl;AC=UNIMOD:4;TA=C;MT=Fixed	NT=Oxidation;AC=UNIMOD:35;TA=M;MT=Variable	NT=Deamidated;AC=UNIMOD:7;TA=N,Q;MT=Variable	NT=TMT6plex;AC=UNIMOD:737;TA=K;MT=Variable	NT=TMT6plex;AC=UNIMOD:737;PP=N-term;MT=Variable	dithiothreitol	chloroacetamide	12	1	20210329_L1_nUT2_ES803A_TMT_U1_U937_cells_B2_F12.raw	v1.1.0	NT=ms-proteomics;VV=v1.1.0	NT=human;VV=v1.1.0	NT=cell-lines;VV=v1.1.0	manual curation	U937	prostratin and 6-diazo-5-oxo-L-norleucine treatment	B2
U1_C_B2	Homo sapiens	cell culture	adult acute monocytic leukemia	U1	CVCL_M769	U1/HIV-1	37Y	male	untreated	study sample	2	20210329_L1_nUT2_ES803A_TMT_U1_U937_cells_B2_F12_TMT128C	proteomic profiling by mass spectrometry	NT=Data-dependent acquisition;AC=PRIDE:0000627	NT=Orbitrap Fusion Lumos;AC=MS:1002732	TMT128C	NT=Trypsin;AC=MS:1001251	NT=Carbamidomethyl;AC=UNIMOD:4;TA=C;MT=Fixed	NT=Oxidation;AC=UNIMOD:35;TA=M;MT=Variable	NT=Deamidated;AC=UNIMOD:7;TA=N,Q;MT=Variable	NT=TMT6plex;AC=UNIMOD:737;TA=K;MT=Variable	NT=TMT6plex;AC=UNIMOD:737;PP=N-term;MT=Variable	dithiothreitol	chloroacetamide	12	1	20210329_L1_nUT2_ES803A_TMT_U1_U937_cells_B2_F12.raw	v1.1.0	NT=ms-proteomics;VV=v1.1.0	NT=human;VV=v1.1.0	NT=cell-lines;VV=v1.1.0	manual curation	U1	untreated	B2
U1_P_B2	Homo sapiens	cell culture	adult acute monocytic leukemia	U1	CVCL_M769	U1/HIV-1	37Y	male	prostratin treatment	study sample	2	20210329_L1_nUT2_ES803A_TMT_U1_U937_cells_B2_F12_TMT129N	proteomic profiling by mass spectrometry	NT=Data-dependent acquisition;AC=PRIDE:0000627	NT=Orbitrap Fusion Lumos;AC=MS:1002732	TMT129N	NT=Trypsin;AC=MS:1001251	NT=Carbamidomethyl;AC=UNIMOD:4;TA=C;MT=Fixed	NT=Oxidation;AC=UNIMOD:35;TA=M;MT=Variable	NT=Deamidated;AC=UNIMOD:7;TA=N,Q;MT=Variable	NT=TMT6plex;AC=UNIMOD:737;TA=K;MT=Variable	NT=TMT6plex;AC=UNIMOD:737;PP=N-term;MT=Variable	dithiothreitol	chloroacetamide	12	1	20210329_L1_nUT2_ES803A_TMT_U1_U937_cells_B2_F12.raw	v1.1.0	NT=ms-proteomics;VV=v1.1.0	NT=human;VV=v1.1.0	NT=cell-lines;VV=v1.1.0	manual curation	U1	prostratin treatment	B2
U1_C-DON_B2	Homo sapiens	cell culture	adult acute monocytic leukemia	U1	CVCL_M769	U1/HIV-1	37Y	male	6-diazo-5-oxo-L-norleucine treatment	study sample	2	20210329_L1_nUT2_ES803A_TMT_U1_U937_cells_B2_F12_TMT129C	proteomic profiling by mass spectrometry	NT=Data-dependent acquisition;AC=PRIDE:0000627	NT=Orbitrap Fusion Lumos;AC=MS:1002732	TMT129C	NT=Trypsin;AC=MS:1001251	NT=Carbamidomethyl;AC=UNIMOD:4;TA=C;MT=Fixed	NT=Oxidation;AC=UNIMOD:35;TA=M;MT=Variable	NT=Deamidated;AC=UNIMOD:7;TA=N,Q;MT=Variable	NT=TMT6plex;AC=UNIMOD:737;TA=K;MT=Variable	NT=TMT6plex;AC=UNIMOD:737;PP=N-term;MT=Variable	dithiothreitol	chloroacetamide	12	1	20210329_L1_nUT2_ES803A_TMT_U1_U937_cells_B2_F12.raw	v1.1.0	NT=ms-proteomics;VV=v1.1.0	NT=human;VV=v1.1.0	NT=cell-lines;VV=v1.1.0	manual curation	U1	6-diazo-5-oxo-L-norleucine treatment	B2
U1_P-DON_B2	Homo sapiens	cell culture	adult acute monocytic leukemia	U1	CVCL_M769	U1/HIV-1	37Y	male	prostratin and 6-diazo-5-oxo-L-norleucine treatment	study sample	2	20210329_L1_nUT2_ES803A_TMT_U1_U937_cells_B2_F12_TMT130N	proteomic profiling by mass spectrometry	NT=Data-dependent acquisition;AC=PRIDE:0000627	NT=Orbitrap Fusion Lumos;AC=MS:1002732	TMT130N	NT=Trypsin;AC=MS:1001251	NT=Carbamidomethyl;AC=UNIMOD:4;TA=C;MT=Fixed	NT=Oxidation;AC=UNIMOD:35;TA=M;MT=Variable	NT=Deamidated;AC=UNIMOD:7;TA=N,Q;MT=Variable	NT=TMT6plex;AC=UNIMOD:737;TA=K;MT=Variable	NT=TMT6plex;AC=UNIMOD:737;PP=N-term;MT=Variable	dithiothreitol	chloroacetamide	12	1	20210329_L1_nUT2_ES803A_TMT_U1_U937_cells_B2_F12.raw	v1.1.0	NT=ms-proteomics;VV=v1.1.0	NT=human;VV=v1.1.0	NT=cell-lines;VV=v1.1.0	manual curation	U1	prostratin and 6-diazo-5-oxo-L-norleucine treatment	B2
Pool_Pool_B2	Homo sapiens	cell culture	not applicable	Pool	not available	not available	not available	not applicable	not applicable	pooled	2	20210329_L1_nUT2_ES803A_TMT_U1_U937_cells_B2_F12_TMT131	proteomic profiling by mass spectrometry	NT=Data-dependent acquisition;AC=PRIDE:0000627	NT=Orbitrap Fusion Lumos;AC=MS:1002732	TMT131	NT=Trypsin;AC=MS:1001251	NT=Carbamidomethyl;AC=UNIMOD:4;TA=C;MT=Fixed	NT=Oxidation;AC=UNIMOD:35;TA=M;MT=Variable	NT=Deamidated;AC=UNIMOD:7;TA=N,Q;MT=Variable	NT=TMT6plex;AC=UNIMOD:737;TA=K;MT=Variable	NT=TMT6plex;AC=UNIMOD:737;PP=N-term;MT=Variable	dithiothreitol	chloroacetamide	12	1	20210329_L1_nUT2_ES803A_TMT_U1_U937_cells_B2_F12.raw	v1.1.0	NT=ms-proteomics;VV=v1.1.0	NT=human;VV=v1.1.0	NT=cell-lines;VV=v1.1.0	manual curation	Pool	not applicable	B2
