source name	characteristics[organism]	characteristics[organism part]	characteristics[cell type]	characteristics[material type]	characteristics[disease]	characteristics[developmental stage]	characteristics[sex]	characteristics[strain or breed]	characteristics[genotype]	characteristics[sampling time]	characteristics[biological replicate]	assay name	technology type	comment[instrument]	comment[label]	comment[modification parameters]	comment[modification parameters]	comment[modification parameters]	comment[modification parameters]	comment[cleavage agent details]	comment[proteomics data acquisition method]	comment[dissociation method]	comment[collision energy]	comment[precursor mass tolerance]	comment[fragment mass tolerance]	comment[fraction identifier]	comment[technical replicate]	comment[data file]	comment[sdrf version]	comment[sdrf template]	comment[sdrf template]	comment[sdrf template]	comment[sdrf annotation tool]	factor value[genotype]	factor value[sampling time]
D1a	Mus musculus	cerebral cortex	not applicable	tissue	amyotrophic lateral sclerosis	adult	female	B6C3F1	rNLS8 (NEFH-tTA x tetO-hTDP-43-dNLS)	1 week	1	180504_P21478_Proj2_TMT1_CTX1-10_QE2_fraction1-TMT126	proteomic profiling by mass spectrometry	NT=Q Exactive;AC=MS:1001911	TMT126	NT=TMT6plex;AC=UNIMOD:737;TA=K;MT=Fixed	NT=TMT6plex;AC=UNIMOD:737;PP=Peptide N-term;MT=Fixed	NT=Carbamidomethyl;AC=UNIMOD:4;TA=C;MT=Fixed	NT=Oxidation;AC=UNIMOD:35;TA=M;MT=Variable	NT=Trypsin;AC=MS:1001251	NT=Data-dependent acquisition;AC=PRIDE:0000627	NT=beam-type collision-induced dissociation;AC=MS:1000422	35 NCE	not available	not available	4	1	180504_P21478_Proj2_TMT1_CTX1-10_QE2_fraction1.raw	v1.1.0	NT=ms-proteomics;VV=v1.1.0	NT=vertebrates;VV=v1.1.0	NT=clinical-metadata;VV=v1.0.0	manual curation	rNLS8 (NEFH-tTA x tetO-hTDP-43-dNLS)	1 week
D2a	Mus musculus	cerebral cortex	not applicable	tissue	amyotrophic lateral sclerosis	adult	female	B6C3F1	rNLS8 (NEFH-tTA x tetO-hTDP-43-dNLS)	2 week	1	180504_P21478_Proj2_TMT1_CTX1-10_QE2_fraction1-TMT127N	proteomic profiling by mass spectrometry	NT=Q Exactive;AC=MS:1001911	TMT127N	NT=TMT6plex;AC=UNIMOD:737;TA=K;MT=Fixed	NT=TMT6plex;AC=UNIMOD:737;PP=Peptide N-term;MT=Fixed	NT=Carbamidomethyl;AC=UNIMOD:4;TA=C;MT=Fixed	NT=Oxidation;AC=UNIMOD:35;TA=M;MT=Variable	NT=Trypsin;AC=MS:1001251	NT=Data-dependent acquisition;AC=PRIDE:0000627	NT=beam-type collision-induced dissociation;AC=MS:1000422	35 NCE	not available	not available	4	1	180504_P21478_Proj2_TMT1_CTX1-10_QE2_fraction1.raw	v1.1.0	NT=ms-proteomics;VV=v1.1.0	NT=vertebrates;VV=v1.1.0	NT=clinical-metadata;VV=v1.0.0	manual curation	rNLS8 (NEFH-tTA x tetO-hTDP-43-dNLS)	2 week
D4a	Mus musculus	cerebral cortex	not applicable	tissue	amyotrophic lateral sclerosis	adult	female	B6C3F1	rNLS8 (NEFH-tTA x tetO-hTDP-43-dNLS)	4 week	1	180504_P21478_Proj2_TMT1_CTX1-10_QE2_fraction1-TMT127C	proteomic profiling by mass spectrometry	NT=Q Exactive;AC=MS:1001911	TMT127C	NT=TMT6plex;AC=UNIMOD:737;TA=K;MT=Fixed	NT=TMT6plex;AC=UNIMOD:737;PP=Peptide N-term;MT=Fixed	NT=Carbamidomethyl;AC=UNIMOD:4;TA=C;MT=Fixed	NT=Oxidation;AC=UNIMOD:35;TA=M;MT=Variable	NT=Trypsin;AC=MS:1001251	NT=Data-dependent acquisition;AC=PRIDE:0000627	NT=beam-type collision-induced dissociation;AC=MS:1000422	35 NCE	not available	not available	4	1	180504_P21478_Proj2_TMT1_CTX1-10_QE2_fraction1.raw	v1.1.0	NT=ms-proteomics;VV=v1.1.0	NT=vertebrates;VV=v1.1.0	NT=clinical-metadata;VV=v1.0.0	manual curation	rNLS8 (NEFH-tTA x tetO-hTDP-43-dNLS)	4 week
D6a	Mus musculus	cerebral cortex	not applicable	tissue	amyotrophic lateral sclerosis	adult	female	B6C3F1	rNLS8 (NEFH-tTA x tetO-hTDP-43-dNLS)	6 week	1	180504_P21478_Proj2_TMT1_CTX1-10_QE2_fraction1-TMT128N	proteomic profiling by mass spectrometry	NT=Q Exactive;AC=MS:1001911	TMT128N	NT=TMT6plex;AC=UNIMOD:737;TA=K;MT=Fixed	NT=TMT6plex;AC=UNIMOD:737;PP=Peptide N-term;MT=Fixed	NT=Carbamidomethyl;AC=UNIMOD:4;TA=C;MT=Fixed	NT=Oxidation;AC=UNIMOD:35;TA=M;MT=Variable	NT=Trypsin;AC=MS:1001251	NT=Data-dependent acquisition;AC=PRIDE:0000627	NT=beam-type collision-induced dissociation;AC=MS:1000422	35 NCE	not available	not available	4	1	180504_P21478_Proj2_TMT1_CTX1-10_QE2_fraction1.raw	v1.1.0	NT=ms-proteomics;VV=v1.1.0	NT=vertebrates;VV=v1.1.0	NT=clinical-metadata;VV=v1.0.0	manual curation	rNLS8 (NEFH-tTA x tetO-hTDP-43-dNLS)	6 week
D6+RECa	Mus musculus	cerebral cortex	not applicable	tissue	amyotrophic lateral sclerosis	adult	female	B6C3F1	rNLS8 (NEFH-tTA x tetO-hTDP-43-dNLS)	6 week + recovery	1	180504_P21478_Proj2_TMT1_CTX1-10_QE2_fraction1-TMT128C	proteomic profiling by mass spectrometry	NT=Q Exactive;AC=MS:1001911	TMT128C	NT=TMT6plex;AC=UNIMOD:737;TA=K;MT=Fixed	NT=TMT6plex;AC=UNIMOD:737;PP=Peptide N-term;MT=Fixed	NT=Carbamidomethyl;AC=UNIMOD:4;TA=C;MT=Fixed	NT=Oxidation;AC=UNIMOD:35;TA=M;MT=Variable	NT=Trypsin;AC=MS:1001251	NT=Data-dependent acquisition;AC=PRIDE:0000627	NT=beam-type collision-induced dissociation;AC=MS:1000422	35 NCE	not available	not available	4	1	180504_P21478_Proj2_TMT1_CTX1-10_QE2_fraction1.raw	v1.1.0	NT=ms-proteomics;VV=v1.1.0	NT=vertebrates;VV=v1.1.0	NT=clinical-metadata;VV=v1.0.0	manual curation	rNLS8 (NEFH-tTA x tetO-hTDP-43-dNLS)	6 week + recovery
C1a	Mus musculus	cerebral cortex	not applicable	tissue	normal	adult	female	B6C3F1	non-transgenic	1 week	1	180504_P21478_Proj2_TMT1_CTX1-10_QE2_fraction1-TMT129N	proteomic profiling by mass spectrometry	NT=Q Exactive;AC=MS:1001911	TMT129N	NT=TMT6plex;AC=UNIMOD:737;TA=K;MT=Fixed	NT=TMT6plex;AC=UNIMOD:737;PP=Peptide N-term;MT=Fixed	NT=Carbamidomethyl;AC=UNIMOD:4;TA=C;MT=Fixed	NT=Oxidation;AC=UNIMOD:35;TA=M;MT=Variable	NT=Trypsin;AC=MS:1001251	NT=Data-dependent acquisition;AC=PRIDE:0000627	NT=beam-type collision-induced dissociation;AC=MS:1000422	35 NCE	not available	not available	4	1	180504_P21478_Proj2_TMT1_CTX1-10_QE2_fraction1.raw	v1.1.0	NT=ms-proteomics;VV=v1.1.0	NT=vertebrates;VV=v1.1.0	NT=clinical-metadata;VV=v1.0.0	manual curation	non-transgenic	1 week
C4a	Mus musculus	cerebral cortex	not applicable	tissue	normal	adult	female	B6C3F1	NEFH-tTA	4 week	1	180504_P21478_Proj2_TMT1_CTX1-10_QE2_fraction1-TMT129C	proteomic profiling by mass spectrometry	NT=Q Exactive;AC=MS:1001911	TMT129C	NT=TMT6plex;AC=UNIMOD:737;TA=K;MT=Fixed	NT=TMT6plex;AC=UNIMOD:737;PP=Peptide N-term;MT=Fixed	NT=Carbamidomethyl;AC=UNIMOD:4;TA=C;MT=Fixed	NT=Oxidation;AC=UNIMOD:35;TA=M;MT=Variable	NT=Trypsin;AC=MS:1001251	NT=Data-dependent acquisition;AC=PRIDE:0000627	NT=beam-type collision-induced dissociation;AC=MS:1000422	35 NCE	not available	not available	4	1	180504_P21478_Proj2_TMT1_CTX1-10_QE2_fraction1.raw	v1.1.0	NT=ms-proteomics;VV=v1.1.0	NT=vertebrates;VV=v1.1.0	NT=clinical-metadata;VV=v1.0.0	manual curation	NEFH-tTA	4 week
C6a	Mus musculus	cerebral cortex	not applicable	tissue	normal	adult	female	B6C3F1	NEFH-tTA	6 week	1	180504_P21478_Proj2_TMT1_CTX1-10_QE2_fraction1-TMT130N	proteomic profiling by mass spectrometry	NT=Q Exactive;AC=MS:1001911	TMT130N	NT=TMT6plex;AC=UNIMOD:737;TA=K;MT=Fixed	NT=TMT6plex;AC=UNIMOD:737;PP=Peptide N-term;MT=Fixed	NT=Carbamidomethyl;AC=UNIMOD:4;TA=C;MT=Fixed	NT=Oxidation;AC=UNIMOD:35;TA=M;MT=Variable	NT=Trypsin;AC=MS:1001251	NT=Data-dependent acquisition;AC=PRIDE:0000627	NT=beam-type collision-induced dissociation;AC=MS:1000422	35 NCE	not available	not available	4	1	180504_P21478_Proj2_TMT1_CTX1-10_QE2_fraction1.raw	v1.1.0	NT=ms-proteomics;VV=v1.1.0	NT=vertebrates;VV=v1.1.0	NT=clinical-metadata;VV=v1.0.0	manual curation	NEFH-tTA	6 week
C6+RECa	Mus musculus	cerebral cortex	not applicable	tissue	normal	adult	female	B6C3F1	NEFH-tTA	6 week + recovery	1	180504_P21478_Proj2_TMT1_CTX1-10_QE2_fraction1-TMT130C	proteomic profiling by mass spectrometry	NT=Q Exactive;AC=MS:1001911	TMT130C	NT=TMT6plex;AC=UNIMOD:737;TA=K;MT=Fixed	NT=TMT6plex;AC=UNIMOD:737;PP=Peptide N-term;MT=Fixed	NT=Carbamidomethyl;AC=UNIMOD:4;TA=C;MT=Fixed	NT=Oxidation;AC=UNIMOD:35;TA=M;MT=Variable	NT=Trypsin;AC=MS:1001251	NT=Data-dependent acquisition;AC=PRIDE:0000627	NT=beam-type collision-induced dissociation;AC=MS:1000422	35 NCE	not available	not available	4	1	180504_P21478_Proj2_TMT1_CTX1-10_QE2_fraction1.raw	v1.1.0	NT=ms-proteomics;VV=v1.1.0	NT=vertebrates;VV=v1.1.0	NT=clinical-metadata;VV=v1.0.0	manual curation	NEFH-tTA	6 week + recovery
pooled_control_reference_TMT1_CTX1-10	Mus musculus	cerebral cortex	not applicable	tissue	normal	adult	female	B6C3F1	not applicable	not applicable	pooled	180504_P21478_Proj2_TMT1_CTX1-10_QE2_fraction1-TMT131	proteomic profiling by mass spectrometry	NT=Q Exactive;AC=MS:1001911	TMT131	NT=TMT6plex;AC=UNIMOD:737;TA=K;MT=Fixed	NT=TMT6plex;AC=UNIMOD:737;PP=Peptide N-term;MT=Fixed	NT=Carbamidomethyl;AC=UNIMOD:4;TA=C;MT=Fixed	NT=Oxidation;AC=UNIMOD:35;TA=M;MT=Variable	NT=Trypsin;AC=MS:1001251	NT=Data-dependent acquisition;AC=PRIDE:0000627	NT=beam-type collision-induced dissociation;AC=MS:1000422	35 NCE	not available	not available	4	1	180504_P21478_Proj2_TMT1_CTX1-10_QE2_fraction1.raw	v1.1.0	NT=ms-proteomics;VV=v1.1.0	NT=vertebrates;VV=v1.1.0	NT=clinical-metadata;VV=v1.0.0	manual curation	not applicable	not applicable
D1a	Mus musculus	cerebral cortex	not applicable	tissue	amyotrophic lateral sclerosis	adult	female	B6C3F1	rNLS8 (NEFH-tTA x tetO-hTDP-43-dNLS)	1 week	1	180504_P21478_Proj2_TMT1_CTX1-10_QE2_fraction10-TMT126	proteomic profiling by mass spectrometry	NT=Q Exactive;AC=MS:1001911	TMT126	NT=TMT6plex;AC=UNIMOD:737;TA=K;MT=Fixed	NT=TMT6plex;AC=UNIMOD:737;PP=Peptide N-term;MT=Fixed	NT=Carbamidomethyl;AC=UNIMOD:4;TA=C;MT=Fixed	NT=Oxidation;AC=UNIMOD:35;TA=M;MT=Variable	NT=Trypsin;AC=MS:1001251	NT=Data-dependent acquisition;AC=PRIDE:0000627	NT=beam-type collision-induced dissociation;AC=MS:1000422	35 NCE	not available	not available	13	1	180504_P21478_Proj2_TMT1_CTX1-10_QE2_fraction10.raw	v1.1.0	NT=ms-proteomics;VV=v1.1.0	NT=vertebrates;VV=v1.1.0	NT=clinical-metadata;VV=v1.0.0	manual curation	rNLS8 (NEFH-tTA x tetO-hTDP-43-dNLS)	1 week
D2a	Mus musculus	cerebral cortex	not applicable	tissue	amyotrophic lateral sclerosis	adult	female	B6C3F1	rNLS8 (NEFH-tTA x tetO-hTDP-43-dNLS)	2 week	1	180504_P21478_Proj2_TMT1_CTX1-10_QE2_fraction10-TMT127N	proteomic profiling by mass spectrometry	NT=Q Exactive;AC=MS:1001911	TMT127N	NT=TMT6plex;AC=UNIMOD:737;TA=K;MT=Fixed	NT=TMT6plex;AC=UNIMOD:737;PP=Peptide N-term;MT=Fixed	NT=Carbamidomethyl;AC=UNIMOD:4;TA=C;MT=Fixed	NT=Oxidation;AC=UNIMOD:35;TA=M;MT=Variable	NT=Trypsin;AC=MS:1001251	NT=Data-dependent acquisition;AC=PRIDE:0000627	NT=beam-type collision-induced dissociation;AC=MS:1000422	35 NCE	not available	not available	13	1	180504_P21478_Proj2_TMT1_CTX1-10_QE2_fraction10.raw	v1.1.0	NT=ms-proteomics;VV=v1.1.0	NT=vertebrates;VV=v1.1.0	NT=clinical-metadata;VV=v1.0.0	manual curation	rNLS8 (NEFH-tTA x tetO-hTDP-43-dNLS)	2 week
D4a	Mus musculus	cerebral cortex	not applicable	tissue	amyotrophic lateral sclerosis	adult	female	B6C3F1	rNLS8 (NEFH-tTA x tetO-hTDP-43-dNLS)	4 week	1	180504_P21478_Proj2_TMT1_CTX1-10_QE2_fraction10-TMT127C	proteomic profiling by mass spectrometry	NT=Q Exactive;AC=MS:1001911	TMT127C	NT=TMT6plex;AC=UNIMOD:737;TA=K;MT=Fixed	NT=TMT6plex;AC=UNIMOD:737;PP=Peptide N-term;MT=Fixed	NT=Carbamidomethyl;AC=UNIMOD:4;TA=C;MT=Fixed	NT=Oxidation;AC=UNIMOD:35;TA=M;MT=Variable	NT=Trypsin;AC=MS:1001251	NT=Data-dependent acquisition;AC=PRIDE:0000627	NT=beam-type collision-induced dissociation;AC=MS:1000422	35 NCE	not available	not available	13	1	180504_P21478_Proj2_TMT1_CTX1-10_QE2_fraction10.raw	v1.1.0	NT=ms-proteomics;VV=v1.1.0	NT=vertebrates;VV=v1.1.0	NT=clinical-metadata;VV=v1.0.0	manual curation	rNLS8 (NEFH-tTA x tetO-hTDP-43-dNLS)	4 week
D6a	Mus musculus	cerebral cortex	not applicable	tissue	amyotrophic lateral sclerosis	adult	female	B6C3F1	rNLS8 (NEFH-tTA x tetO-hTDP-43-dNLS)	6 week	1	180504_P21478_Proj2_TMT1_CTX1-10_QE2_fraction10-TMT128N	proteomic profiling by mass spectrometry	NT=Q Exactive;AC=MS:1001911	TMT128N	NT=TMT6plex;AC=UNIMOD:737;TA=K;MT=Fixed	NT=TMT6plex;AC=UNIMOD:737;PP=Peptide N-term;MT=Fixed	NT=Carbamidomethyl;AC=UNIMOD:4;TA=C;MT=Fixed	NT=Oxidation;AC=UNIMOD:35;TA=M;MT=Variable	NT=Trypsin;AC=MS:1001251	NT=Data-dependent acquisition;AC=PRIDE:0000627	NT=beam-type collision-induced dissociation;AC=MS:1000422	35 NCE	not available	not available	13	1	180504_P21478_Proj2_TMT1_CTX1-10_QE2_fraction10.raw	v1.1.0	NT=ms-proteomics;VV=v1.1.0	NT=vertebrates;VV=v1.1.0	NT=clinical-metadata;VV=v1.0.0	manual curation	rNLS8 (NEFH-tTA x tetO-hTDP-43-dNLS)	6 week
D6+RECa	Mus musculus	cerebral cortex	not applicable	tissue	amyotrophic lateral sclerosis	adult	female	B6C3F1	rNLS8 (NEFH-tTA x tetO-hTDP-43-dNLS)	6 week + recovery	1	180504_P21478_Proj2_TMT1_CTX1-10_QE2_fraction10-TMT128C	proteomic profiling by mass spectrometry	NT=Q Exactive;AC=MS:1001911	TMT128C	NT=TMT6plex;AC=UNIMOD:737;TA=K;MT=Fixed	NT=TMT6plex;AC=UNIMOD:737;PP=Peptide N-term;MT=Fixed	NT=Carbamidomethyl;AC=UNIMOD:4;TA=C;MT=Fixed	NT=Oxidation;AC=UNIMOD:35;TA=M;MT=Variable	NT=Trypsin;AC=MS:1001251	NT=Data-dependent acquisition;AC=PRIDE:0000627	NT=beam-type collision-induced dissociation;AC=MS:1000422	35 NCE	not available	not available	13	1	180504_P21478_Proj2_TMT1_CTX1-10_QE2_fraction10.raw	v1.1.0	NT=ms-proteomics;VV=v1.1.0	NT=vertebrates;VV=v1.1.0	NT=clinical-metadata;VV=v1.0.0	manual curation	rNLS8 (NEFH-tTA x tetO-hTDP-43-dNLS)	6 week + recovery
C1a	Mus musculus	cerebral cortex	not applicable	tissue	normal	adult	female	B6C3F1	non-transgenic	1 week	1	180504_P21478_Proj2_TMT1_CTX1-10_QE2_fraction10-TMT129N	proteomic profiling by mass spectrometry	NT=Q Exactive;AC=MS:1001911	TMT129N	NT=TMT6plex;AC=UNIMOD:737;TA=K;MT=Fixed	NT=TMT6plex;AC=UNIMOD:737;PP=Peptide N-term;MT=Fixed	NT=Carbamidomethyl;AC=UNIMOD:4;TA=C;MT=Fixed	NT=Oxidation;AC=UNIMOD:35;TA=M;MT=Variable	NT=Trypsin;AC=MS:1001251	NT=Data-dependent acquisition;AC=PRIDE:0000627	NT=beam-type collision-induced dissociation;AC=MS:1000422	35 NCE	not available	not available	13	1	180504_P21478_Proj2_TMT1_CTX1-10_QE2_fraction10.raw	v1.1.0	NT=ms-proteomics;VV=v1.1.0	NT=vertebrates;VV=v1.1.0	NT=clinical-metadata;VV=v1.0.0	manual curation	non-transgenic	1 week
C4a	Mus musculus	cerebral cortex	not applicable	tissue	normal	adult	female	B6C3F1	NEFH-tTA	4 week	1	180504_P21478_Proj2_TMT1_CTX1-10_QE2_fraction10-TMT129C	proteomic profiling by mass spectrometry	NT=Q Exactive;AC=MS:1001911	TMT129C	NT=TMT6plex;AC=UNIMOD:737;TA=K;MT=Fixed	NT=TMT6plex;AC=UNIMOD:737;PP=Peptide N-term;MT=Fixed	NT=Carbamidomethyl;AC=UNIMOD:4;TA=C;MT=Fixed	NT=Oxidation;AC=UNIMOD:35;TA=M;MT=Variable	NT=Trypsin;AC=MS:1001251	NT=Data-dependent acquisition;AC=PRIDE:0000627	NT=beam-type collision-induced dissociation;AC=MS:1000422	35 NCE	not available	not available	13	1	180504_P21478_Proj2_TMT1_CTX1-10_QE2_fraction10.raw	v1.1.0	NT=ms-proteomics;VV=v1.1.0	NT=vertebrates;VV=v1.1.0	NT=clinical-metadata;VV=v1.0.0	manual curation	NEFH-tTA	4 week
C6a	Mus musculus	cerebral cortex	not applicable	tissue	normal	adult	female	B6C3F1	NEFH-tTA	6 week	1	180504_P21478_Proj2_TMT1_CTX1-10_QE2_fraction10-TMT130N	proteomic profiling by mass spectrometry	NT=Q Exactive;AC=MS:1001911	TMT130N	NT=TMT6plex;AC=UNIMOD:737;TA=K;MT=Fixed	NT=TMT6plex;AC=UNIMOD:737;PP=Peptide N-term;MT=Fixed	NT=Carbamidomethyl;AC=UNIMOD:4;TA=C;MT=Fixed	NT=Oxidation;AC=UNIMOD:35;TA=M;MT=Variable	NT=Trypsin;AC=MS:1001251	NT=Data-dependent acquisition;AC=PRIDE:0000627	NT=beam-type collision-induced dissociation;AC=MS:1000422	35 NCE	not available	not available	13	1	180504_P21478_Proj2_TMT1_CTX1-10_QE2_fraction10.raw	v1.1.0	NT=ms-proteomics;VV=v1.1.0	NT=vertebrates;VV=v1.1.0	NT=clinical-metadata;VV=v1.0.0	manual curation	NEFH-tTA	6 week
C6+RECa	Mus musculus	cerebral cortex	not applicable	tissue	normal	adult	female	B6C3F1	NEFH-tTA	6 week + recovery	1	180504_P21478_Proj2_TMT1_CTX1-10_QE2_fraction10-TMT130C	proteomic profiling by mass spectrometry	NT=Q Exactive;AC=MS:1001911	TMT130C	NT=TMT6plex;AC=UNIMOD:737;TA=K;MT=Fixed	NT=TMT6plex;AC=UNIMOD:737;PP=Peptide N-term;MT=Fixed	NT=Carbamidomethyl;AC=UNIMOD:4;TA=C;MT=Fixed	NT=Oxidation;AC=UNIMOD:35;TA=M;MT=Variable	NT=Trypsin;AC=MS:1001251	NT=Data-dependent acquisition;AC=PRIDE:0000627	NT=beam-type collision-induced dissociation;AC=MS:1000422	35 NCE	not available	not available	13	1	180504_P21478_Proj2_TMT1_CTX1-10_QE2_fraction10.raw	v1.1.0	NT=ms-proteomics;VV=v1.1.0	NT=vertebrates;VV=v1.1.0	NT=clinical-metadata;VV=v1.0.0	manual curation	NEFH-tTA	6 week + recovery
pooled_control_reference_TMT1_CTX1-10	Mus musculus	cerebral cortex	not applicable	tissue	normal	adult	female	B6C3F1	not applicable	not applicable	pooled	180504_P21478_Proj2_TMT1_CTX1-10_QE2_fraction10-TMT131	proteomic profiling by mass spectrometry	NT=Q Exactive;AC=MS:1001911	TMT131	NT=TMT6plex;AC=UNIMOD:737;TA=K;MT=Fixed	NT=TMT6plex;AC=UNIMOD:737;PP=Peptide N-term;MT=Fixed	NT=Carbamidomethyl;AC=UNIMOD:4;TA=C;MT=Fixed	NT=Oxidation;AC=UNIMOD:35;TA=M;MT=Variable	NT=Trypsin;AC=MS:1001251	NT=Data-dependent acquisition;AC=PRIDE:0000627	NT=beam-type collision-induced dissociation;AC=MS:1000422	35 NCE	not available	not available	13	1	180504_P21478_Proj2_TMT1_CTX1-10_QE2_fraction10.raw	v1.1.0	NT=ms-proteomics;VV=v1.1.0	NT=vertebrates;VV=v1.1.0	NT=clinical-metadata;VV=v1.0.0	manual curation	not applicable	not applicable
D1a	Mus musculus	cerebral cortex	not applicable	tissue	amyotrophic lateral sclerosis	adult	female	B6C3F1	rNLS8 (NEFH-tTA x tetO-hTDP-43-dNLS)	1 week	1	180504_P21478_Proj2_TMT1_CTX1-10_QE2_fraction11-TMT126	proteomic profiling by mass spectrometry	NT=Q Exactive;AC=MS:1001911	TMT126	NT=TMT6plex;AC=UNIMOD:737;TA=K;MT=Fixed	NT=TMT6plex;AC=UNIMOD:737;PP=Peptide N-term;MT=Fixed	NT=Carbamidomethyl;AC=UNIMOD:4;TA=C;MT=Fixed	NT=Oxidation;AC=UNIMOD:35;TA=M;MT=Variable	NT=Trypsin;AC=MS:1001251	NT=Data-dependent acquisition;AC=PRIDE:0000627	NT=beam-type collision-induced dissociation;AC=MS:1000422	35 NCE	not available	not available	14	1	180504_P21478_Proj2_TMT1_CTX1-10_QE2_fraction11.raw	v1.1.0	NT=ms-proteomics;VV=v1.1.0	NT=vertebrates;VV=v1.1.0	NT=clinical-metadata;VV=v1.0.0	manual curation	rNLS8 (NEFH-tTA x tetO-hTDP-43-dNLS)	1 week
D2a	Mus musculus	cerebral cortex	not applicable	tissue	amyotrophic lateral sclerosis	adult	female	B6C3F1	rNLS8 (NEFH-tTA x tetO-hTDP-43-dNLS)	2 week	1	180504_P21478_Proj2_TMT1_CTX1-10_QE2_fraction11-TMT127N	proteomic profiling by mass spectrometry	NT=Q Exactive;AC=MS:1001911	TMT127N	NT=TMT6plex;AC=UNIMOD:737;TA=K;MT=Fixed	NT=TMT6plex;AC=UNIMOD:737;PP=Peptide N-term;MT=Fixed	NT=Carbamidomethyl;AC=UNIMOD:4;TA=C;MT=Fixed	NT=Oxidation;AC=UNIMOD:35;TA=M;MT=Variable	NT=Trypsin;AC=MS:1001251	NT=Data-dependent acquisition;AC=PRIDE:0000627	NT=beam-type collision-induced dissociation;AC=MS:1000422	35 NCE	not available	not available	14	1	180504_P21478_Proj2_TMT1_CTX1-10_QE2_fraction11.raw	v1.1.0	NT=ms-proteomics;VV=v1.1.0	NT=vertebrates;VV=v1.1.0	NT=clinical-metadata;VV=v1.0.0	manual curation	rNLS8 (NEFH-tTA x tetO-hTDP-43-dNLS)	2 week
D4a	Mus musculus	cerebral cortex	not applicable	tissue	amyotrophic lateral sclerosis	adult	female	B6C3F1	rNLS8 (NEFH-tTA x tetO-hTDP-43-dNLS)	4 week	1	180504_P21478_Proj2_TMT1_CTX1-10_QE2_fraction11-TMT127C	proteomic profiling by mass spectrometry	NT=Q Exactive;AC=MS:1001911	TMT127C	NT=TMT6plex;AC=UNIMOD:737;TA=K;MT=Fixed	NT=TMT6plex;AC=UNIMOD:737;PP=Peptide N-term;MT=Fixed	NT=Carbamidomethyl;AC=UNIMOD:4;TA=C;MT=Fixed	NT=Oxidation;AC=UNIMOD:35;TA=M;MT=Variable	NT=Trypsin;AC=MS:1001251	NT=Data-dependent acquisition;AC=PRIDE:0000627	NT=beam-type collision-induced dissociation;AC=MS:1000422	35 NCE	not available	not available	14	1	180504_P21478_Proj2_TMT1_CTX1-10_QE2_fraction11.raw	v1.1.0	NT=ms-proteomics;VV=v1.1.0	NT=vertebrates;VV=v1.1.0	NT=clinical-metadata;VV=v1.0.0	manual curation	rNLS8 (NEFH-tTA x tetO-hTDP-43-dNLS)	4 week
D6a	Mus musculus	cerebral cortex	not applicable	tissue	amyotrophic lateral sclerosis	adult	female	B6C3F1	rNLS8 (NEFH-tTA x tetO-hTDP-43-dNLS)	6 week	1	180504_P21478_Proj2_TMT1_CTX1-10_QE2_fraction11-TMT128N	proteomic profiling by mass spectrometry	NT=Q Exactive;AC=MS:1001911	TMT128N	NT=TMT6plex;AC=UNIMOD:737;TA=K;MT=Fixed	NT=TMT6plex;AC=UNIMOD:737;PP=Peptide N-term;MT=Fixed	NT=Carbamidomethyl;AC=UNIMOD:4;TA=C;MT=Fixed	NT=Oxidation;AC=UNIMOD:35;TA=M;MT=Variable	NT=Trypsin;AC=MS:1001251	NT=Data-dependent acquisition;AC=PRIDE:0000627	NT=beam-type collision-induced dissociation;AC=MS:1000422	35 NCE	not available	not available	14	1	180504_P21478_Proj2_TMT1_CTX1-10_QE2_fraction11.raw	v1.1.0	NT=ms-proteomics;VV=v1.1.0	NT=vertebrates;VV=v1.1.0	NT=clinical-metadata;VV=v1.0.0	manual curation	rNLS8 (NEFH-tTA x tetO-hTDP-43-dNLS)	6 week
D6+RECa	Mus musculus	cerebral cortex	not applicable	tissue	amyotrophic lateral sclerosis	adult	female	B6C3F1	rNLS8 (NEFH-tTA x tetO-hTDP-43-dNLS)	6 week + recovery	1	180504_P21478_Proj2_TMT1_CTX1-10_QE2_fraction11-TMT128C	proteomic profiling by mass spectrometry	NT=Q Exactive;AC=MS:1001911	TMT128C	NT=TMT6plex;AC=UNIMOD:737;TA=K;MT=Fixed	NT=TMT6plex;AC=UNIMOD:737;PP=Peptide N-term;MT=Fixed	NT=Carbamidomethyl;AC=UNIMOD:4;TA=C;MT=Fixed	NT=Oxidation;AC=UNIMOD:35;TA=M;MT=Variable	NT=Trypsin;AC=MS:1001251	NT=Data-dependent acquisition;AC=PRIDE:0000627	NT=beam-type collision-induced dissociation;AC=MS:1000422	35 NCE	not available	not available	14	1	180504_P21478_Proj2_TMT1_CTX1-10_QE2_fraction11.raw	v1.1.0	NT=ms-proteomics;VV=v1.1.0	NT=vertebrates;VV=v1.1.0	NT=clinical-metadata;VV=v1.0.0	manual curation	rNLS8 (NEFH-tTA x tetO-hTDP-43-dNLS)	6 week + recovery
C1a	Mus musculus	cerebral cortex	not applicable	tissue	normal	adult	female	B6C3F1	non-transgenic	1 week	1	180504_P21478_Proj2_TMT1_CTX1-10_QE2_fraction11-TMT129N	proteomic profiling by mass spectrometry	NT=Q Exactive;AC=MS:1001911	TMT129N	NT=TMT6plex;AC=UNIMOD:737;TA=K;MT=Fixed	NT=TMT6plex;AC=UNIMOD:737;PP=Peptide N-term;MT=Fixed	NT=Carbamidomethyl;AC=UNIMOD:4;TA=C;MT=Fixed	NT=Oxidation;AC=UNIMOD:35;TA=M;MT=Variable	NT=Trypsin;AC=MS:1001251	NT=Data-dependent acquisition;AC=PRIDE:0000627	NT=beam-type collision-induced dissociation;AC=MS:1000422	35 NCE	not available	not available	14	1	180504_P21478_Proj2_TMT1_CTX1-10_QE2_fraction11.raw	v1.1.0	NT=ms-proteomics;VV=v1.1.0	NT=vertebrates;VV=v1.1.0	NT=clinical-metadata;VV=v1.0.0	manual curation	non-transgenic	1 week
C4a	Mus musculus	cerebral cortex	not applicable	tissue	normal	adult	female	B6C3F1	NEFH-tTA	4 week	1	180504_P21478_Proj2_TMT1_CTX1-10_QE2_fraction11-TMT129C	proteomic profiling by mass spectrometry	NT=Q Exactive;AC=MS:1001911	TMT129C	NT=TMT6plex;AC=UNIMOD:737;TA=K;MT=Fixed	NT=TMT6plex;AC=UNIMOD:737;PP=Peptide N-term;MT=Fixed	NT=Carbamidomethyl;AC=UNIMOD:4;TA=C;MT=Fixed	NT=Oxidation;AC=UNIMOD:35;TA=M;MT=Variable	NT=Trypsin;AC=MS:1001251	NT=Data-dependent acquisition;AC=PRIDE:0000627	NT=beam-type collision-induced dissociation;AC=MS:1000422	35 NCE	not available	not available	14	1	180504_P21478_Proj2_TMT1_CTX1-10_QE2_fraction11.raw	v1.1.0	NT=ms-proteomics;VV=v1.1.0	NT=vertebrates;VV=v1.1.0	NT=clinical-metadata;VV=v1.0.0	manual curation	NEFH-tTA	4 week
C6a	Mus musculus	cerebral cortex	not applicable	tissue	normal	adult	female	B6C3F1	NEFH-tTA	6 week	1	180504_P21478_Proj2_TMT1_CTX1-10_QE2_fraction11-TMT130N	proteomic profiling by mass spectrometry	NT=Q Exactive;AC=MS:1001911	TMT130N	NT=TMT6plex;AC=UNIMOD:737;TA=K;MT=Fixed	NT=TMT6plex;AC=UNIMOD:737;PP=Peptide N-term;MT=Fixed	NT=Carbamidomethyl;AC=UNIMOD:4;TA=C;MT=Fixed	NT=Oxidation;AC=UNIMOD:35;TA=M;MT=Variable	NT=Trypsin;AC=MS:1001251	NT=Data-dependent acquisition;AC=PRIDE:0000627	NT=beam-type collision-induced dissociation;AC=MS:1000422	35 NCE	not available	not available	14	1	180504_P21478_Proj2_TMT1_CTX1-10_QE2_fraction11.raw	v1.1.0	NT=ms-proteomics;VV=v1.1.0	NT=vertebrates;VV=v1.1.0	NT=clinical-metadata;VV=v1.0.0	manual curation	NEFH-tTA	6 week
C6+RECa	Mus musculus	cerebral cortex	not applicable	tissue	normal	adult	female	B6C3F1	NEFH-tTA	6 week + recovery	1	180504_P21478_Proj2_TMT1_CTX1-10_QE2_fraction11-TMT130C	proteomic profiling by mass spectrometry	NT=Q Exactive;AC=MS:1001911	TMT130C	NT=TMT6plex;AC=UNIMOD:737;TA=K;MT=Fixed	NT=TMT6plex;AC=UNIMOD:737;PP=Peptide N-term;MT=Fixed	NT=Carbamidomethyl;AC=UNIMOD:4;TA=C;MT=Fixed	NT=Oxidation;AC=UNIMOD:35;TA=M;MT=Variable	NT=Trypsin;AC=MS:1001251	NT=Data-dependent acquisition;AC=PRIDE:0000627	NT=beam-type collision-induced dissociation;AC=MS:1000422	35 NCE	not available	not available	14	1	180504_P21478_Proj2_TMT1_CTX1-10_QE2_fraction11.raw	v1.1.0	NT=ms-proteomics;VV=v1.1.0	NT=vertebrates;VV=v1.1.0	NT=clinical-metadata;VV=v1.0.0	manual curation	NEFH-tTA	6 week + recovery
pooled_control_reference_TMT1_CTX1-10	Mus musculus	cerebral cortex	not applicable	tissue	normal	adult	female	B6C3F1	not applicable	not applicable	pooled	180504_P21478_Proj2_TMT1_CTX1-10_QE2_fraction11-TMT131	proteomic profiling by mass spectrometry	NT=Q Exactive;AC=MS:1001911	TMT131	NT=TMT6plex;AC=UNIMOD:737;TA=K;MT=Fixed	NT=TMT6plex;AC=UNIMOD:737;PP=Peptide N-term;MT=Fixed	NT=Carbamidomethyl;AC=UNIMOD:4;TA=C;MT=Fixed	NT=Oxidation;AC=UNIMOD:35;TA=M;MT=Variable	NT=Trypsin;AC=MS:1001251	NT=Data-dependent acquisition;AC=PRIDE:0000627	NT=beam-type collision-induced dissociation;AC=MS:1000422	35 NCE	not available	not available	14	1	180504_P21478_Proj2_TMT1_CTX1-10_QE2_fraction11.raw	v1.1.0	NT=ms-proteomics;VV=v1.1.0	NT=vertebrates;VV=v1.1.0	NT=clinical-metadata;VV=v1.0.0	manual curation	not applicable	not applicable
D1a	Mus musculus	cerebral cortex	not applicable	tissue	amyotrophic lateral sclerosis	adult	female	B6C3F1	rNLS8 (NEFH-tTA x tetO-hTDP-43-dNLS)	1 week	1	180504_P21478_Proj2_TMT1_CTX1-10_QE2_fraction12-TMT126	proteomic profiling by mass spectrometry	NT=Q Exactive;AC=MS:1001911	TMT126	NT=TMT6plex;AC=UNIMOD:737;TA=K;MT=Fixed	NT=TMT6plex;AC=UNIMOD:737;PP=Peptide N-term;MT=Fixed	NT=Carbamidomethyl;AC=UNIMOD:4;TA=C;MT=Fixed	NT=Oxidation;AC=UNIMOD:35;TA=M;MT=Variable	NT=Trypsin;AC=MS:1001251	NT=Data-dependent acquisition;AC=PRIDE:0000627	NT=beam-type collision-induced dissociation;AC=MS:1000422	35 NCE	not available	not available	15	1	180504_P21478_Proj2_TMT1_CTX1-10_QE2_fraction12.raw	v1.1.0	NT=ms-proteomics;VV=v1.1.0	NT=vertebrates;VV=v1.1.0	NT=clinical-metadata;VV=v1.0.0	manual curation	rNLS8 (NEFH-tTA x tetO-hTDP-43-dNLS)	1 week
D2a	Mus musculus	cerebral cortex	not applicable	tissue	amyotrophic lateral sclerosis	adult	female	B6C3F1	rNLS8 (NEFH-tTA x tetO-hTDP-43-dNLS)	2 week	1	180504_P21478_Proj2_TMT1_CTX1-10_QE2_fraction12-TMT127N	proteomic profiling by mass spectrometry	NT=Q Exactive;AC=MS:1001911	TMT127N	NT=TMT6plex;AC=UNIMOD:737;TA=K;MT=Fixed	NT=TMT6plex;AC=UNIMOD:737;PP=Peptide N-term;MT=Fixed	NT=Carbamidomethyl;AC=UNIMOD:4;TA=C;MT=Fixed	NT=Oxidation;AC=UNIMOD:35;TA=M;MT=Variable	NT=Trypsin;AC=MS:1001251	NT=Data-dependent acquisition;AC=PRIDE:0000627	NT=beam-type collision-induced dissociation;AC=MS:1000422	35 NCE	not available	not available	15	1	180504_P21478_Proj2_TMT1_CTX1-10_QE2_fraction12.raw	v1.1.0	NT=ms-proteomics;VV=v1.1.0	NT=vertebrates;VV=v1.1.0	NT=clinical-metadata;VV=v1.0.0	manual curation	rNLS8 (NEFH-tTA x tetO-hTDP-43-dNLS)	2 week
D4a	Mus musculus	cerebral cortex	not applicable	tissue	amyotrophic lateral sclerosis	adult	female	B6C3F1	rNLS8 (NEFH-tTA x tetO-hTDP-43-dNLS)	4 week	1	180504_P21478_Proj2_TMT1_CTX1-10_QE2_fraction12-TMT127C	proteomic profiling by mass spectrometry	NT=Q Exactive;AC=MS:1001911	TMT127C	NT=TMT6plex;AC=UNIMOD:737;TA=K;MT=Fixed	NT=TMT6plex;AC=UNIMOD:737;PP=Peptide N-term;MT=Fixed	NT=Carbamidomethyl;AC=UNIMOD:4;TA=C;MT=Fixed	NT=Oxidation;AC=UNIMOD:35;TA=M;MT=Variable	NT=Trypsin;AC=MS:1001251	NT=Data-dependent acquisition;AC=PRIDE:0000627	NT=beam-type collision-induced dissociation;AC=MS:1000422	35 NCE	not available	not available	15	1	180504_P21478_Proj2_TMT1_CTX1-10_QE2_fraction12.raw	v1.1.0	NT=ms-proteomics;VV=v1.1.0	NT=vertebrates;VV=v1.1.0	NT=clinical-metadata;VV=v1.0.0	manual curation	rNLS8 (NEFH-tTA x tetO-hTDP-43-dNLS)	4 week
D6a	Mus musculus	cerebral cortex	not applicable	tissue	amyotrophic lateral sclerosis	adult	female	B6C3F1	rNLS8 (NEFH-tTA x tetO-hTDP-43-dNLS)	6 week	1	180504_P21478_Proj2_TMT1_CTX1-10_QE2_fraction12-TMT128N	proteomic profiling by mass spectrometry	NT=Q Exactive;AC=MS:1001911	TMT128N	NT=TMT6plex;AC=UNIMOD:737;TA=K;MT=Fixed	NT=TMT6plex;AC=UNIMOD:737;PP=Peptide N-term;MT=Fixed	NT=Carbamidomethyl;AC=UNIMOD:4;TA=C;MT=Fixed	NT=Oxidation;AC=UNIMOD:35;TA=M;MT=Variable	NT=Trypsin;AC=MS:1001251	NT=Data-dependent acquisition;AC=PRIDE:0000627	NT=beam-type collision-induced dissociation;AC=MS:1000422	35 NCE	not available	not available	15	1	180504_P21478_Proj2_TMT1_CTX1-10_QE2_fraction12.raw	v1.1.0	NT=ms-proteomics;VV=v1.1.0	NT=vertebrates;VV=v1.1.0	NT=clinical-metadata;VV=v1.0.0	manual curation	rNLS8 (NEFH-tTA x tetO-hTDP-43-dNLS)	6 week
D6+RECa	Mus musculus	cerebral cortex	not applicable	tissue	amyotrophic lateral sclerosis	adult	female	B6C3F1	rNLS8 (NEFH-tTA x tetO-hTDP-43-dNLS)	6 week + recovery	1	180504_P21478_Proj2_TMT1_CTX1-10_QE2_fraction12-TMT128C	proteomic profiling by mass spectrometry	NT=Q Exactive;AC=MS:1001911	TMT128C	NT=TMT6plex;AC=UNIMOD:737;TA=K;MT=Fixed	NT=TMT6plex;AC=UNIMOD:737;PP=Peptide N-term;MT=Fixed	NT=Carbamidomethyl;AC=UNIMOD:4;TA=C;MT=Fixed	NT=Oxidation;AC=UNIMOD:35;TA=M;MT=Variable	NT=Trypsin;AC=MS:1001251	NT=Data-dependent acquisition;AC=PRIDE:0000627	NT=beam-type collision-induced dissociation;AC=MS:1000422	35 NCE	not available	not available	15	1	180504_P21478_Proj2_TMT1_CTX1-10_QE2_fraction12.raw	v1.1.0	NT=ms-proteomics;VV=v1.1.0	NT=vertebrates;VV=v1.1.0	NT=clinical-metadata;VV=v1.0.0	manual curation	rNLS8 (NEFH-tTA x tetO-hTDP-43-dNLS)	6 week + recovery
C1a	Mus musculus	cerebral cortex	not applicable	tissue	normal	adult	female	B6C3F1	non-transgenic	1 week	1	180504_P21478_Proj2_TMT1_CTX1-10_QE2_fraction12-TMT129N	proteomic profiling by mass spectrometry	NT=Q Exactive;AC=MS:1001911	TMT129N	NT=TMT6plex;AC=UNIMOD:737;TA=K;MT=Fixed	NT=TMT6plex;AC=UNIMOD:737;PP=Peptide N-term;MT=Fixed	NT=Carbamidomethyl;AC=UNIMOD:4;TA=C;MT=Fixed	NT=Oxidation;AC=UNIMOD:35;TA=M;MT=Variable	NT=Trypsin;AC=MS:1001251	NT=Data-dependent acquisition;AC=PRIDE:0000627	NT=beam-type collision-induced dissociation;AC=MS:1000422	35 NCE	not available	not available	15	1	180504_P21478_Proj2_TMT1_CTX1-10_QE2_fraction12.raw	v1.1.0	NT=ms-proteomics;VV=v1.1.0	NT=vertebrates;VV=v1.1.0	NT=clinical-metadata;VV=v1.0.0	manual curation	non-transgenic	1 week
C4a	Mus musculus	cerebral cortex	not applicable	tissue	normal	adult	female	B6C3F1	NEFH-tTA	4 week	1	180504_P21478_Proj2_TMT1_CTX1-10_QE2_fraction12-TMT129C	proteomic profiling by mass spectrometry	NT=Q Exactive;AC=MS:1001911	TMT129C	NT=TMT6plex;AC=UNIMOD:737;TA=K;MT=Fixed	NT=TMT6plex;AC=UNIMOD:737;PP=Peptide N-term;MT=Fixed	NT=Carbamidomethyl;AC=UNIMOD:4;TA=C;MT=Fixed	NT=Oxidation;AC=UNIMOD:35;TA=M;MT=Variable	NT=Trypsin;AC=MS:1001251	NT=Data-dependent acquisition;AC=PRIDE:0000627	NT=beam-type collision-induced dissociation;AC=MS:1000422	35 NCE	not available	not available	15	1	180504_P21478_Proj2_TMT1_CTX1-10_QE2_fraction12.raw	v1.1.0	NT=ms-proteomics;VV=v1.1.0	NT=vertebrates;VV=v1.1.0	NT=clinical-metadata;VV=v1.0.0	manual curation	NEFH-tTA	4 week
C6a	Mus musculus	cerebral cortex	not applicable	tissue	normal	adult	female	B6C3F1	NEFH-tTA	6 week	1	180504_P21478_Proj2_TMT1_CTX1-10_QE2_fraction12-TMT130N	proteomic profiling by mass spectrometry	NT=Q Exactive;AC=MS:1001911	TMT130N	NT=TMT6plex;AC=UNIMOD:737;TA=K;MT=Fixed	NT=TMT6plex;AC=UNIMOD:737;PP=Peptide N-term;MT=Fixed	NT=Carbamidomethyl;AC=UNIMOD:4;TA=C;MT=Fixed	NT=Oxidation;AC=UNIMOD:35;TA=M;MT=Variable	NT=Trypsin;AC=MS:1001251	NT=Data-dependent acquisition;AC=PRIDE:0000627	NT=beam-type collision-induced dissociation;AC=MS:1000422	35 NCE	not available	not available	15	1	180504_P21478_Proj2_TMT1_CTX1-10_QE2_fraction12.raw	v1.1.0	NT=ms-proteomics;VV=v1.1.0	NT=vertebrates;VV=v1.1.0	NT=clinical-metadata;VV=v1.0.0	manual curation	NEFH-tTA	6 week
C6+RECa	Mus musculus	cerebral cortex	not applicable	tissue	normal	adult	female	B6C3F1	NEFH-tTA	6 week + recovery	1	180504_P21478_Proj2_TMT1_CTX1-10_QE2_fraction12-TMT130C	proteomic profiling by mass spectrometry	NT=Q Exactive;AC=MS:1001911	TMT130C	NT=TMT6plex;AC=UNIMOD:737;TA=K;MT=Fixed	NT=TMT6plex;AC=UNIMOD:737;PP=Peptide N-term;MT=Fixed	NT=Carbamidomethyl;AC=UNIMOD:4;TA=C;MT=Fixed	NT=Oxidation;AC=UNIMOD:35;TA=M;MT=Variable	NT=Trypsin;AC=MS:1001251	NT=Data-dependent acquisition;AC=PRIDE:0000627	NT=beam-type collision-induced dissociation;AC=MS:1000422	35 NCE	not available	not available	15	1	180504_P21478_Proj2_TMT1_CTX1-10_QE2_fraction12.raw	v1.1.0	NT=ms-proteomics;VV=v1.1.0	NT=vertebrates;VV=v1.1.0	NT=clinical-metadata;VV=v1.0.0	manual curation	NEFH-tTA	6 week + recovery
pooled_control_reference_TMT1_CTX1-10	Mus musculus	cerebral cortex	not applicable	tissue	normal	adult	female	B6C3F1	not applicable	not applicable	pooled	180504_P21478_Proj2_TMT1_CTX1-10_QE2_fraction12-TMT131	proteomic profiling by mass spectrometry	NT=Q Exactive;AC=MS:1001911	TMT131	NT=TMT6plex;AC=UNIMOD:737;TA=K;MT=Fixed	NT=TMT6plex;AC=UNIMOD:737;PP=Peptide N-term;MT=Fixed	NT=Carbamidomethyl;AC=UNIMOD:4;TA=C;MT=Fixed	NT=Oxidation;AC=UNIMOD:35;TA=M;MT=Variable	NT=Trypsin;AC=MS:1001251	NT=Data-dependent acquisition;AC=PRIDE:0000627	NT=beam-type collision-induced dissociation;AC=MS:1000422	35 NCE	not available	not available	15	1	180504_P21478_Proj2_TMT1_CTX1-10_QE2_fraction12.raw	v1.1.0	NT=ms-proteomics;VV=v1.1.0	NT=vertebrates;VV=v1.1.0	NT=clinical-metadata;VV=v1.0.0	manual curation	not applicable	not applicable
D1a	Mus musculus	cerebral cortex	not applicable	tissue	amyotrophic lateral sclerosis	adult	female	B6C3F1	rNLS8 (NEFH-tTA x tetO-hTDP-43-dNLS)	1 week	1	180504_P21478_Proj2_TMT1_CTX1-10_QE2_fraction13-TMT126	proteomic profiling by mass spectrometry	NT=Q Exactive;AC=MS:1001911	TMT126	NT=TMT6plex;AC=UNIMOD:737;TA=K;MT=Fixed	NT=TMT6plex;AC=UNIMOD:737;PP=Peptide N-term;MT=Fixed	NT=Carbamidomethyl;AC=UNIMOD:4;TA=C;MT=Fixed	NT=Oxidation;AC=UNIMOD:35;TA=M;MT=Variable	NT=Trypsin;AC=MS:1001251	NT=Data-dependent acquisition;AC=PRIDE:0000627	NT=beam-type collision-induced dissociation;AC=MS:1000422	35 NCE	not available	not available	16	1	180504_P21478_Proj2_TMT1_CTX1-10_QE2_fraction13.raw	v1.1.0	NT=ms-proteomics;VV=v1.1.0	NT=vertebrates;VV=v1.1.0	NT=clinical-metadata;VV=v1.0.0	manual curation	rNLS8 (NEFH-tTA x tetO-hTDP-43-dNLS)	1 week
D2a	Mus musculus	cerebral cortex	not applicable	tissue	amyotrophic lateral sclerosis	adult	female	B6C3F1	rNLS8 (NEFH-tTA x tetO-hTDP-43-dNLS)	2 week	1	180504_P21478_Proj2_TMT1_CTX1-10_QE2_fraction13-TMT127N	proteomic profiling by mass spectrometry	NT=Q Exactive;AC=MS:1001911	TMT127N	NT=TMT6plex;AC=UNIMOD:737;TA=K;MT=Fixed	NT=TMT6plex;AC=UNIMOD:737;PP=Peptide N-term;MT=Fixed	NT=Carbamidomethyl;AC=UNIMOD:4;TA=C;MT=Fixed	NT=Oxidation;AC=UNIMOD:35;TA=M;MT=Variable	NT=Trypsin;AC=MS:1001251	NT=Data-dependent acquisition;AC=PRIDE:0000627	NT=beam-type collision-induced dissociation;AC=MS:1000422	35 NCE	not available	not available	16	1	180504_P21478_Proj2_TMT1_CTX1-10_QE2_fraction13.raw	v1.1.0	NT=ms-proteomics;VV=v1.1.0	NT=vertebrates;VV=v1.1.0	NT=clinical-metadata;VV=v1.0.0	manual curation	rNLS8 (NEFH-tTA x tetO-hTDP-43-dNLS)	2 week
D4a	Mus musculus	cerebral cortex	not applicable	tissue	amyotrophic lateral sclerosis	adult	female	B6C3F1	rNLS8 (NEFH-tTA x tetO-hTDP-43-dNLS)	4 week	1	180504_P21478_Proj2_TMT1_CTX1-10_QE2_fraction13-TMT127C	proteomic profiling by mass spectrometry	NT=Q Exactive;AC=MS:1001911	TMT127C	NT=TMT6plex;AC=UNIMOD:737;TA=K;MT=Fixed	NT=TMT6plex;AC=UNIMOD:737;PP=Peptide N-term;MT=Fixed	NT=Carbamidomethyl;AC=UNIMOD:4;TA=C;MT=Fixed	NT=Oxidation;AC=UNIMOD:35;TA=M;MT=Variable	NT=Trypsin;AC=MS:1001251	NT=Data-dependent acquisition;AC=PRIDE:0000627	NT=beam-type collision-induced dissociation;AC=MS:1000422	35 NCE	not available	not available	16	1	180504_P21478_Proj2_TMT1_CTX1-10_QE2_fraction13.raw	v1.1.0	NT=ms-proteomics;VV=v1.1.0	NT=vertebrates;VV=v1.1.0	NT=clinical-metadata;VV=v1.0.0	manual curation	rNLS8 (NEFH-tTA x tetO-hTDP-43-dNLS)	4 week
D6a	Mus musculus	cerebral cortex	not applicable	tissue	amyotrophic lateral sclerosis	adult	female	B6C3F1	rNLS8 (NEFH-tTA x tetO-hTDP-43-dNLS)	6 week	1	180504_P21478_Proj2_TMT1_CTX1-10_QE2_fraction13-TMT128N	proteomic profiling by mass spectrometry	NT=Q Exactive;AC=MS:1001911	TMT128N	NT=TMT6plex;AC=UNIMOD:737;TA=K;MT=Fixed	NT=TMT6plex;AC=UNIMOD:737;PP=Peptide N-term;MT=Fixed	NT=Carbamidomethyl;AC=UNIMOD:4;TA=C;MT=Fixed	NT=Oxidation;AC=UNIMOD:35;TA=M;MT=Variable	NT=Trypsin;AC=MS:1001251	NT=Data-dependent acquisition;AC=PRIDE:0000627	NT=beam-type collision-induced dissociation;AC=MS:1000422	35 NCE	not available	not available	16	1	180504_P21478_Proj2_TMT1_CTX1-10_QE2_fraction13.raw	v1.1.0	NT=ms-proteomics;VV=v1.1.0	NT=vertebrates;VV=v1.1.0	NT=clinical-metadata;VV=v1.0.0	manual curation	rNLS8 (NEFH-tTA x tetO-hTDP-43-dNLS)	6 week
D6+RECa	Mus musculus	cerebral cortex	not applicable	tissue	amyotrophic lateral sclerosis	adult	female	B6C3F1	rNLS8 (NEFH-tTA x tetO-hTDP-43-dNLS)	6 week + recovery	1	180504_P21478_Proj2_TMT1_CTX1-10_QE2_fraction13-TMT128C	proteomic profiling by mass spectrometry	NT=Q Exactive;AC=MS:1001911	TMT128C	NT=TMT6plex;AC=UNIMOD:737;TA=K;MT=Fixed	NT=TMT6plex;AC=UNIMOD:737;PP=Peptide N-term;MT=Fixed	NT=Carbamidomethyl;AC=UNIMOD:4;TA=C;MT=Fixed	NT=Oxidation;AC=UNIMOD:35;TA=M;MT=Variable	NT=Trypsin;AC=MS:1001251	NT=Data-dependent acquisition;AC=PRIDE:0000627	NT=beam-type collision-induced dissociation;AC=MS:1000422	35 NCE	not available	not available	16	1	180504_P21478_Proj2_TMT1_CTX1-10_QE2_fraction13.raw	v1.1.0	NT=ms-proteomics;VV=v1.1.0	NT=vertebrates;VV=v1.1.0	NT=clinical-metadata;VV=v1.0.0	manual curation	rNLS8 (NEFH-tTA x tetO-hTDP-43-dNLS)	6 week + recovery
C1a	Mus musculus	cerebral cortex	not applicable	tissue	normal	adult	female	B6C3F1	non-transgenic	1 week	1	180504_P21478_Proj2_TMT1_CTX1-10_QE2_fraction13-TMT129N	proteomic profiling by mass spectrometry	NT=Q Exactive;AC=MS:1001911	TMT129N	NT=TMT6plex;AC=UNIMOD:737;TA=K;MT=Fixed	NT=TMT6plex;AC=UNIMOD:737;PP=Peptide N-term;MT=Fixed	NT=Carbamidomethyl;AC=UNIMOD:4;TA=C;MT=Fixed	NT=Oxidation;AC=UNIMOD:35;TA=M;MT=Variable	NT=Trypsin;AC=MS:1001251	NT=Data-dependent acquisition;AC=PRIDE:0000627	NT=beam-type collision-induced dissociation;AC=MS:1000422	35 NCE	not available	not available	16	1	180504_P21478_Proj2_TMT1_CTX1-10_QE2_fraction13.raw	v1.1.0	NT=ms-proteomics;VV=v1.1.0	NT=vertebrates;VV=v1.1.0	NT=clinical-metadata;VV=v1.0.0	manual curation	non-transgenic	1 week
C4a	Mus musculus	cerebral cortex	not applicable	tissue	normal	adult	female	B6C3F1	NEFH-tTA	4 week	1	180504_P21478_Proj2_TMT1_CTX1-10_QE2_fraction13-TMT129C	proteomic profiling by mass spectrometry	NT=Q Exactive;AC=MS:1001911	TMT129C	NT=TMT6plex;AC=UNIMOD:737;TA=K;MT=Fixed	NT=TMT6plex;AC=UNIMOD:737;PP=Peptide N-term;MT=Fixed	NT=Carbamidomethyl;AC=UNIMOD:4;TA=C;MT=Fixed	NT=Oxidation;AC=UNIMOD:35;TA=M;MT=Variable	NT=Trypsin;AC=MS:1001251	NT=Data-dependent acquisition;AC=PRIDE:0000627	NT=beam-type collision-induced dissociation;AC=MS:1000422	35 NCE	not available	not available	16	1	180504_P21478_Proj2_TMT1_CTX1-10_QE2_fraction13.raw	v1.1.0	NT=ms-proteomics;VV=v1.1.0	NT=vertebrates;VV=v1.1.0	NT=clinical-metadata;VV=v1.0.0	manual curation	NEFH-tTA	4 week
C6a	Mus musculus	cerebral cortex	not applicable	tissue	normal	adult	female	B6C3F1	NEFH-tTA	6 week	1	180504_P21478_Proj2_TMT1_CTX1-10_QE2_fraction13-TMT130N	proteomic profiling by mass spectrometry	NT=Q Exactive;AC=MS:1001911	TMT130N	NT=TMT6plex;AC=UNIMOD:737;TA=K;MT=Fixed	NT=TMT6plex;AC=UNIMOD:737;PP=Peptide N-term;MT=Fixed	NT=Carbamidomethyl;AC=UNIMOD:4;TA=C;MT=Fixed	NT=Oxidation;AC=UNIMOD:35;TA=M;MT=Variable	NT=Trypsin;AC=MS:1001251	NT=Data-dependent acquisition;AC=PRIDE:0000627	NT=beam-type collision-induced dissociation;AC=MS:1000422	35 NCE	not available	not available	16	1	180504_P21478_Proj2_TMT1_CTX1-10_QE2_fraction13.raw	v1.1.0	NT=ms-proteomics;VV=v1.1.0	NT=vertebrates;VV=v1.1.0	NT=clinical-metadata;VV=v1.0.0	manual curation	NEFH-tTA	6 week
C6+RECa	Mus musculus	cerebral cortex	not applicable	tissue	normal	adult	female	B6C3F1	NEFH-tTA	6 week + recovery	1	180504_P21478_Proj2_TMT1_CTX1-10_QE2_fraction13-TMT130C	proteomic profiling by mass spectrometry	NT=Q Exactive;AC=MS:1001911	TMT130C	NT=TMT6plex;AC=UNIMOD:737;TA=K;MT=Fixed	NT=TMT6plex;AC=UNIMOD:737;PP=Peptide N-term;MT=Fixed	NT=Carbamidomethyl;AC=UNIMOD:4;TA=C;MT=Fixed	NT=Oxidation;AC=UNIMOD:35;TA=M;MT=Variable	NT=Trypsin;AC=MS:1001251	NT=Data-dependent acquisition;AC=PRIDE:0000627	NT=beam-type collision-induced dissociation;AC=MS:1000422	35 NCE	not available	not available	16	1	180504_P21478_Proj2_TMT1_CTX1-10_QE2_fraction13.raw	v1.1.0	NT=ms-proteomics;VV=v1.1.0	NT=vertebrates;VV=v1.1.0	NT=clinical-metadata;VV=v1.0.0	manual curation	NEFH-tTA	6 week + recovery
pooled_control_reference_TMT1_CTX1-10	Mus musculus	cerebral cortex	not applicable	tissue	normal	adult	female	B6C3F1	not applicable	not applicable	pooled	180504_P21478_Proj2_TMT1_CTX1-10_QE2_fraction13-TMT131	proteomic profiling by mass spectrometry	NT=Q Exactive;AC=MS:1001911	TMT131	NT=TMT6plex;AC=UNIMOD:737;TA=K;MT=Fixed	NT=TMT6plex;AC=UNIMOD:737;PP=Peptide N-term;MT=Fixed	NT=Carbamidomethyl;AC=UNIMOD:4;TA=C;MT=Fixed	NT=Oxidation;AC=UNIMOD:35;TA=M;MT=Variable	NT=Trypsin;AC=MS:1001251	NT=Data-dependent acquisition;AC=PRIDE:0000627	NT=beam-type collision-induced dissociation;AC=MS:1000422	35 NCE	not available	not available	16	1	180504_P21478_Proj2_TMT1_CTX1-10_QE2_fraction13.raw	v1.1.0	NT=ms-proteomics;VV=v1.1.0	NT=vertebrates;VV=v1.1.0	NT=clinical-metadata;VV=v1.0.0	manual curation	not applicable	not applicable
D1a	Mus musculus	cerebral cortex	not applicable	tissue	amyotrophic lateral sclerosis	adult	female	B6C3F1	rNLS8 (NEFH-tTA x tetO-hTDP-43-dNLS)	1 week	1	180504_P21478_Proj2_TMT1_CTX1-10_QE2_fraction14-TMT126	proteomic profiling by mass spectrometry	NT=Q Exactive;AC=MS:1001911	TMT126	NT=TMT6plex;AC=UNIMOD:737;TA=K;MT=Fixed	NT=TMT6plex;AC=UNIMOD:737;PP=Peptide N-term;MT=Fixed	NT=Carbamidomethyl;AC=UNIMOD:4;TA=C;MT=Fixed	NT=Oxidation;AC=UNIMOD:35;TA=M;MT=Variable	NT=Trypsin;AC=MS:1001251	NT=Data-dependent acquisition;AC=PRIDE:0000627	NT=beam-type collision-induced dissociation;AC=MS:1000422	35 NCE	not available	not available	17	1	180504_P21478_Proj2_TMT1_CTX1-10_QE2_fraction14.raw	v1.1.0	NT=ms-proteomics;VV=v1.1.0	NT=vertebrates;VV=v1.1.0	NT=clinical-metadata;VV=v1.0.0	manual curation	rNLS8 (NEFH-tTA x tetO-hTDP-43-dNLS)	1 week
D2a	Mus musculus	cerebral cortex	not applicable	tissue	amyotrophic lateral sclerosis	adult	female	B6C3F1	rNLS8 (NEFH-tTA x tetO-hTDP-43-dNLS)	2 week	1	180504_P21478_Proj2_TMT1_CTX1-10_QE2_fraction14-TMT127N	proteomic profiling by mass spectrometry	NT=Q Exactive;AC=MS:1001911	TMT127N	NT=TMT6plex;AC=UNIMOD:737;TA=K;MT=Fixed	NT=TMT6plex;AC=UNIMOD:737;PP=Peptide N-term;MT=Fixed	NT=Carbamidomethyl;AC=UNIMOD:4;TA=C;MT=Fixed	NT=Oxidation;AC=UNIMOD:35;TA=M;MT=Variable	NT=Trypsin;AC=MS:1001251	NT=Data-dependent acquisition;AC=PRIDE:0000627	NT=beam-type collision-induced dissociation;AC=MS:1000422	35 NCE	not available	not available	17	1	180504_P21478_Proj2_TMT1_CTX1-10_QE2_fraction14.raw	v1.1.0	NT=ms-proteomics;VV=v1.1.0	NT=vertebrates;VV=v1.1.0	NT=clinical-metadata;VV=v1.0.0	manual curation	rNLS8 (NEFH-tTA x tetO-hTDP-43-dNLS)	2 week
D4a	Mus musculus	cerebral cortex	not applicable	tissue	amyotrophic lateral sclerosis	adult	female	B6C3F1	rNLS8 (NEFH-tTA x tetO-hTDP-43-dNLS)	4 week	1	180504_P21478_Proj2_TMT1_CTX1-10_QE2_fraction14-TMT127C	proteomic profiling by mass spectrometry	NT=Q Exactive;AC=MS:1001911	TMT127C	NT=TMT6plex;AC=UNIMOD:737;TA=K;MT=Fixed	NT=TMT6plex;AC=UNIMOD:737;PP=Peptide N-term;MT=Fixed	NT=Carbamidomethyl;AC=UNIMOD:4;TA=C;MT=Fixed	NT=Oxidation;AC=UNIMOD:35;TA=M;MT=Variable	NT=Trypsin;AC=MS:1001251	NT=Data-dependent acquisition;AC=PRIDE:0000627	NT=beam-type collision-induced dissociation;AC=MS:1000422	35 NCE	not available	not available	17	1	180504_P21478_Proj2_TMT1_CTX1-10_QE2_fraction14.raw	v1.1.0	NT=ms-proteomics;VV=v1.1.0	NT=vertebrates;VV=v1.1.0	NT=clinical-metadata;VV=v1.0.0	manual curation	rNLS8 (NEFH-tTA x tetO-hTDP-43-dNLS)	4 week
D6a	Mus musculus	cerebral cortex	not applicable	tissue	amyotrophic lateral sclerosis	adult	female	B6C3F1	rNLS8 (NEFH-tTA x tetO-hTDP-43-dNLS)	6 week	1	180504_P21478_Proj2_TMT1_CTX1-10_QE2_fraction14-TMT128N	proteomic profiling by mass spectrometry	NT=Q Exactive;AC=MS:1001911	TMT128N	NT=TMT6plex;AC=UNIMOD:737;TA=K;MT=Fixed	NT=TMT6plex;AC=UNIMOD:737;PP=Peptide N-term;MT=Fixed	NT=Carbamidomethyl;AC=UNIMOD:4;TA=C;MT=Fixed	NT=Oxidation;AC=UNIMOD:35;TA=M;MT=Variable	NT=Trypsin;AC=MS:1001251	NT=Data-dependent acquisition;AC=PRIDE:0000627	NT=beam-type collision-induced dissociation;AC=MS:1000422	35 NCE	not available	not available	17	1	180504_P21478_Proj2_TMT1_CTX1-10_QE2_fraction14.raw	v1.1.0	NT=ms-proteomics;VV=v1.1.0	NT=vertebrates;VV=v1.1.0	NT=clinical-metadata;VV=v1.0.0	manual curation	rNLS8 (NEFH-tTA x tetO-hTDP-43-dNLS)	6 week
D6+RECa	Mus musculus	cerebral cortex	not applicable	tissue	amyotrophic lateral sclerosis	adult	female	B6C3F1	rNLS8 (NEFH-tTA x tetO-hTDP-43-dNLS)	6 week + recovery	1	180504_P21478_Proj2_TMT1_CTX1-10_QE2_fraction14-TMT128C	proteomic profiling by mass spectrometry	NT=Q Exactive;AC=MS:1001911	TMT128C	NT=TMT6plex;AC=UNIMOD:737;TA=K;MT=Fixed	NT=TMT6plex;AC=UNIMOD:737;PP=Peptide N-term;MT=Fixed	NT=Carbamidomethyl;AC=UNIMOD:4;TA=C;MT=Fixed	NT=Oxidation;AC=UNIMOD:35;TA=M;MT=Variable	NT=Trypsin;AC=MS:1001251	NT=Data-dependent acquisition;AC=PRIDE:0000627	NT=beam-type collision-induced dissociation;AC=MS:1000422	35 NCE	not available	not available	17	1	180504_P21478_Proj2_TMT1_CTX1-10_QE2_fraction14.raw	v1.1.0	NT=ms-proteomics;VV=v1.1.0	NT=vertebrates;VV=v1.1.0	NT=clinical-metadata;VV=v1.0.0	manual curation	rNLS8 (NEFH-tTA x tetO-hTDP-43-dNLS)	6 week + recovery
C1a	Mus musculus	cerebral cortex	not applicable	tissue	normal	adult	female	B6C3F1	non-transgenic	1 week	1	180504_P21478_Proj2_TMT1_CTX1-10_QE2_fraction14-TMT129N	proteomic profiling by mass spectrometry	NT=Q Exactive;AC=MS:1001911	TMT129N	NT=TMT6plex;AC=UNIMOD:737;TA=K;MT=Fixed	NT=TMT6plex;AC=UNIMOD:737;PP=Peptide N-term;MT=Fixed	NT=Carbamidomethyl;AC=UNIMOD:4;TA=C;MT=Fixed	NT=Oxidation;AC=UNIMOD:35;TA=M;MT=Variable	NT=Trypsin;AC=MS:1001251	NT=Data-dependent acquisition;AC=PRIDE:0000627	NT=beam-type collision-induced dissociation;AC=MS:1000422	35 NCE	not available	not available	17	1	180504_P21478_Proj2_TMT1_CTX1-10_QE2_fraction14.raw	v1.1.0	NT=ms-proteomics;VV=v1.1.0	NT=vertebrates;VV=v1.1.0	NT=clinical-metadata;VV=v1.0.0	manual curation	non-transgenic	1 week
C4a	Mus musculus	cerebral cortex	not applicable	tissue	normal	adult	female	B6C3F1	NEFH-tTA	4 week	1	180504_P21478_Proj2_TMT1_CTX1-10_QE2_fraction14-TMT129C	proteomic profiling by mass spectrometry	NT=Q Exactive;AC=MS:1001911	TMT129C	NT=TMT6plex;AC=UNIMOD:737;TA=K;MT=Fixed	NT=TMT6plex;AC=UNIMOD:737;PP=Peptide N-term;MT=Fixed	NT=Carbamidomethyl;AC=UNIMOD:4;TA=C;MT=Fixed	NT=Oxidation;AC=UNIMOD:35;TA=M;MT=Variable	NT=Trypsin;AC=MS:1001251	NT=Data-dependent acquisition;AC=PRIDE:0000627	NT=beam-type collision-induced dissociation;AC=MS:1000422	35 NCE	not available	not available	17	1	180504_P21478_Proj2_TMT1_CTX1-10_QE2_fraction14.raw	v1.1.0	NT=ms-proteomics;VV=v1.1.0	NT=vertebrates;VV=v1.1.0	NT=clinical-metadata;VV=v1.0.0	manual curation	NEFH-tTA	4 week
C6a	Mus musculus	cerebral cortex	not applicable	tissue	normal	adult	female	B6C3F1	NEFH-tTA	6 week	1	180504_P21478_Proj2_TMT1_CTX1-10_QE2_fraction14-TMT130N	proteomic profiling by mass spectrometry	NT=Q Exactive;AC=MS:1001911	TMT130N	NT=TMT6plex;AC=UNIMOD:737;TA=K;MT=Fixed	NT=TMT6plex;AC=UNIMOD:737;PP=Peptide N-term;MT=Fixed	NT=Carbamidomethyl;AC=UNIMOD:4;TA=C;MT=Fixed	NT=Oxidation;AC=UNIMOD:35;TA=M;MT=Variable	NT=Trypsin;AC=MS:1001251	NT=Data-dependent acquisition;AC=PRIDE:0000627	NT=beam-type collision-induced dissociation;AC=MS:1000422	35 NCE	not available	not available	17	1	180504_P21478_Proj2_TMT1_CTX1-10_QE2_fraction14.raw	v1.1.0	NT=ms-proteomics;VV=v1.1.0	NT=vertebrates;VV=v1.1.0	NT=clinical-metadata;VV=v1.0.0	manual curation	NEFH-tTA	6 week
C6+RECa	Mus musculus	cerebral cortex	not applicable	tissue	normal	adult	female	B6C3F1	NEFH-tTA	6 week + recovery	1	180504_P21478_Proj2_TMT1_CTX1-10_QE2_fraction14-TMT130C	proteomic profiling by mass spectrometry	NT=Q Exactive;AC=MS:1001911	TMT130C	NT=TMT6plex;AC=UNIMOD:737;TA=K;MT=Fixed	NT=TMT6plex;AC=UNIMOD:737;PP=Peptide N-term;MT=Fixed	NT=Carbamidomethyl;AC=UNIMOD:4;TA=C;MT=Fixed	NT=Oxidation;AC=UNIMOD:35;TA=M;MT=Variable	NT=Trypsin;AC=MS:1001251	NT=Data-dependent acquisition;AC=PRIDE:0000627	NT=beam-type collision-induced dissociation;AC=MS:1000422	35 NCE	not available	not available	17	1	180504_P21478_Proj2_TMT1_CTX1-10_QE2_fraction14.raw	v1.1.0	NT=ms-proteomics;VV=v1.1.0	NT=vertebrates;VV=v1.1.0	NT=clinical-metadata;VV=v1.0.0	manual curation	NEFH-tTA	6 week + recovery
pooled_control_reference_TMT1_CTX1-10	Mus musculus	cerebral cortex	not applicable	tissue	normal	adult	female	B6C3F1	not applicable	not applicable	pooled	180504_P21478_Proj2_TMT1_CTX1-10_QE2_fraction14-TMT131	proteomic profiling by mass spectrometry	NT=Q Exactive;AC=MS:1001911	TMT131	NT=TMT6plex;AC=UNIMOD:737;TA=K;MT=Fixed	NT=TMT6plex;AC=UNIMOD:737;PP=Peptide N-term;MT=Fixed	NT=Carbamidomethyl;AC=UNIMOD:4;TA=C;MT=Fixed	NT=Oxidation;AC=UNIMOD:35;TA=M;MT=Variable	NT=Trypsin;AC=MS:1001251	NT=Data-dependent acquisition;AC=PRIDE:0000627	NT=beam-type collision-induced dissociation;AC=MS:1000422	35 NCE	not available	not available	17	1	180504_P21478_Proj2_TMT1_CTX1-10_QE2_fraction14.raw	v1.1.0	NT=ms-proteomics;VV=v1.1.0	NT=vertebrates;VV=v1.1.0	NT=clinical-metadata;VV=v1.0.0	manual curation	not applicable	not applicable
D1a	Mus musculus	cerebral cortex	not applicable	tissue	amyotrophic lateral sclerosis	adult	female	B6C3F1	rNLS8 (NEFH-tTA x tetO-hTDP-43-dNLS)	1 week	1	180504_P21478_Proj2_TMT1_CTX1-10_QE2_fraction2-TMT126	proteomic profiling by mass spectrometry	NT=Q Exactive;AC=MS:1001911	TMT126	NT=TMT6plex;AC=UNIMOD:737;TA=K;MT=Fixed	NT=TMT6plex;AC=UNIMOD:737;PP=Peptide N-term;MT=Fixed	NT=Carbamidomethyl;AC=UNIMOD:4;TA=C;MT=Fixed	NT=Oxidation;AC=UNIMOD:35;TA=M;MT=Variable	NT=Trypsin;AC=MS:1001251	NT=Data-dependent acquisition;AC=PRIDE:0000627	NT=beam-type collision-induced dissociation;AC=MS:1000422	35 NCE	not available	not available	5	1	180504_P21478_Proj2_TMT1_CTX1-10_QE2_fraction2.raw	v1.1.0	NT=ms-proteomics;VV=v1.1.0	NT=vertebrates;VV=v1.1.0	NT=clinical-metadata;VV=v1.0.0	manual curation	rNLS8 (NEFH-tTA x tetO-hTDP-43-dNLS)	1 week
D2a	Mus musculus	cerebral cortex	not applicable	tissue	amyotrophic lateral sclerosis	adult	female	B6C3F1	rNLS8 (NEFH-tTA x tetO-hTDP-43-dNLS)	2 week	1	180504_P21478_Proj2_TMT1_CTX1-10_QE2_fraction2-TMT127N	proteomic profiling by mass spectrometry	NT=Q Exactive;AC=MS:1001911	TMT127N	NT=TMT6plex;AC=UNIMOD:737;TA=K;MT=Fixed	NT=TMT6plex;AC=UNIMOD:737;PP=Peptide N-term;MT=Fixed	NT=Carbamidomethyl;AC=UNIMOD:4;TA=C;MT=Fixed	NT=Oxidation;AC=UNIMOD:35;TA=M;MT=Variable	NT=Trypsin;AC=MS:1001251	NT=Data-dependent acquisition;AC=PRIDE:0000627	NT=beam-type collision-induced dissociation;AC=MS:1000422	35 NCE	not available	not available	5	1	180504_P21478_Proj2_TMT1_CTX1-10_QE2_fraction2.raw	v1.1.0	NT=ms-proteomics;VV=v1.1.0	NT=vertebrates;VV=v1.1.0	NT=clinical-metadata;VV=v1.0.0	manual curation	rNLS8 (NEFH-tTA x tetO-hTDP-43-dNLS)	2 week
D4a	Mus musculus	cerebral cortex	not applicable	tissue	amyotrophic lateral sclerosis	adult	female	B6C3F1	rNLS8 (NEFH-tTA x tetO-hTDP-43-dNLS)	4 week	1	180504_P21478_Proj2_TMT1_CTX1-10_QE2_fraction2-TMT127C	proteomic profiling by mass spectrometry	NT=Q Exactive;AC=MS:1001911	TMT127C	NT=TMT6plex;AC=UNIMOD:737;TA=K;MT=Fixed	NT=TMT6plex;AC=UNIMOD:737;PP=Peptide N-term;MT=Fixed	NT=Carbamidomethyl;AC=UNIMOD:4;TA=C;MT=Fixed	NT=Oxidation;AC=UNIMOD:35;TA=M;MT=Variable	NT=Trypsin;AC=MS:1001251	NT=Data-dependent acquisition;AC=PRIDE:0000627	NT=beam-type collision-induced dissociation;AC=MS:1000422	35 NCE	not available	not available	5	1	180504_P21478_Proj2_TMT1_CTX1-10_QE2_fraction2.raw	v1.1.0	NT=ms-proteomics;VV=v1.1.0	NT=vertebrates;VV=v1.1.0	NT=clinical-metadata;VV=v1.0.0	manual curation	rNLS8 (NEFH-tTA x tetO-hTDP-43-dNLS)	4 week
D6a	Mus musculus	cerebral cortex	not applicable	tissue	amyotrophic lateral sclerosis	adult	female	B6C3F1	rNLS8 (NEFH-tTA x tetO-hTDP-43-dNLS)	6 week	1	180504_P21478_Proj2_TMT1_CTX1-10_QE2_fraction2-TMT128N	proteomic profiling by mass spectrometry	NT=Q Exactive;AC=MS:1001911	TMT128N	NT=TMT6plex;AC=UNIMOD:737;TA=K;MT=Fixed	NT=TMT6plex;AC=UNIMOD:737;PP=Peptide N-term;MT=Fixed	NT=Carbamidomethyl;AC=UNIMOD:4;TA=C;MT=Fixed	NT=Oxidation;AC=UNIMOD:35;TA=M;MT=Variable	NT=Trypsin;AC=MS:1001251	NT=Data-dependent acquisition;AC=PRIDE:0000627	NT=beam-type collision-induced dissociation;AC=MS:1000422	35 NCE	not available	not available	5	1	180504_P21478_Proj2_TMT1_CTX1-10_QE2_fraction2.raw	v1.1.0	NT=ms-proteomics;VV=v1.1.0	NT=vertebrates;VV=v1.1.0	NT=clinical-metadata;VV=v1.0.0	manual curation	rNLS8 (NEFH-tTA x tetO-hTDP-43-dNLS)	6 week
D6+RECa	Mus musculus	cerebral cortex	not applicable	tissue	amyotrophic lateral sclerosis	adult	female	B6C3F1	rNLS8 (NEFH-tTA x tetO-hTDP-43-dNLS)	6 week + recovery	1	180504_P21478_Proj2_TMT1_CTX1-10_QE2_fraction2-TMT128C	proteomic profiling by mass spectrometry	NT=Q Exactive;AC=MS:1001911	TMT128C	NT=TMT6plex;AC=UNIMOD:737;TA=K;MT=Fixed	NT=TMT6plex;AC=UNIMOD:737;PP=Peptide N-term;MT=Fixed	NT=Carbamidomethyl;AC=UNIMOD:4;TA=C;MT=Fixed	NT=Oxidation;AC=UNIMOD:35;TA=M;MT=Variable	NT=Trypsin;AC=MS:1001251	NT=Data-dependent acquisition;AC=PRIDE:0000627	NT=beam-type collision-induced dissociation;AC=MS:1000422	35 NCE	not available	not available	5	1	180504_P21478_Proj2_TMT1_CTX1-10_QE2_fraction2.raw	v1.1.0	NT=ms-proteomics;VV=v1.1.0	NT=vertebrates;VV=v1.1.0	NT=clinical-metadata;VV=v1.0.0	manual curation	rNLS8 (NEFH-tTA x tetO-hTDP-43-dNLS)	6 week + recovery
C1a	Mus musculus	cerebral cortex	not applicable	tissue	normal	adult	female	B6C3F1	non-transgenic	1 week	1	180504_P21478_Proj2_TMT1_CTX1-10_QE2_fraction2-TMT129N	proteomic profiling by mass spectrometry	NT=Q Exactive;AC=MS:1001911	TMT129N	NT=TMT6plex;AC=UNIMOD:737;TA=K;MT=Fixed	NT=TMT6plex;AC=UNIMOD:737;PP=Peptide N-term;MT=Fixed	NT=Carbamidomethyl;AC=UNIMOD:4;TA=C;MT=Fixed	NT=Oxidation;AC=UNIMOD:35;TA=M;MT=Variable	NT=Trypsin;AC=MS:1001251	NT=Data-dependent acquisition;AC=PRIDE:0000627	NT=beam-type collision-induced dissociation;AC=MS:1000422	35 NCE	not available	not available	5	1	180504_P21478_Proj2_TMT1_CTX1-10_QE2_fraction2.raw	v1.1.0	NT=ms-proteomics;VV=v1.1.0	NT=vertebrates;VV=v1.1.0	NT=clinical-metadata;VV=v1.0.0	manual curation	non-transgenic	1 week
C4a	Mus musculus	cerebral cortex	not applicable	tissue	normal	adult	female	B6C3F1	NEFH-tTA	4 week	1	180504_P21478_Proj2_TMT1_CTX1-10_QE2_fraction2-TMT129C	proteomic profiling by mass spectrometry	NT=Q Exactive;AC=MS:1001911	TMT129C	NT=TMT6plex;AC=UNIMOD:737;TA=K;MT=Fixed	NT=TMT6plex;AC=UNIMOD:737;PP=Peptide N-term;MT=Fixed	NT=Carbamidomethyl;AC=UNIMOD:4;TA=C;MT=Fixed	NT=Oxidation;AC=UNIMOD:35;TA=M;MT=Variable	NT=Trypsin;AC=MS:1001251	NT=Data-dependent acquisition;AC=PRIDE:0000627	NT=beam-type collision-induced dissociation;AC=MS:1000422	35 NCE	not available	not available	5	1	180504_P21478_Proj2_TMT1_CTX1-10_QE2_fraction2.raw	v1.1.0	NT=ms-proteomics;VV=v1.1.0	NT=vertebrates;VV=v1.1.0	NT=clinical-metadata;VV=v1.0.0	manual curation	NEFH-tTA	4 week
C6a	Mus musculus	cerebral cortex	not applicable	tissue	normal	adult	female	B6C3F1	NEFH-tTA	6 week	1	180504_P21478_Proj2_TMT1_CTX1-10_QE2_fraction2-TMT130N	proteomic profiling by mass spectrometry	NT=Q Exactive;AC=MS:1001911	TMT130N	NT=TMT6plex;AC=UNIMOD:737;TA=K;MT=Fixed	NT=TMT6plex;AC=UNIMOD:737;PP=Peptide N-term;MT=Fixed	NT=Carbamidomethyl;AC=UNIMOD:4;TA=C;MT=Fixed	NT=Oxidation;AC=UNIMOD:35;TA=M;MT=Variable	NT=Trypsin;AC=MS:1001251	NT=Data-dependent acquisition;AC=PRIDE:0000627	NT=beam-type collision-induced dissociation;AC=MS:1000422	35 NCE	not available	not available	5	1	180504_P21478_Proj2_TMT1_CTX1-10_QE2_fraction2.raw	v1.1.0	NT=ms-proteomics;VV=v1.1.0	NT=vertebrates;VV=v1.1.0	NT=clinical-metadata;VV=v1.0.0	manual curation	NEFH-tTA	6 week
C6+RECa	Mus musculus	cerebral cortex	not applicable	tissue	normal	adult	female	B6C3F1	NEFH-tTA	6 week + recovery	1	180504_P21478_Proj2_TMT1_CTX1-10_QE2_fraction2-TMT130C	proteomic profiling by mass spectrometry	NT=Q Exactive;AC=MS:1001911	TMT130C	NT=TMT6plex;AC=UNIMOD:737;TA=K;MT=Fixed	NT=TMT6plex;AC=UNIMOD:737;PP=Peptide N-term;MT=Fixed	NT=Carbamidomethyl;AC=UNIMOD:4;TA=C;MT=Fixed	NT=Oxidation;AC=UNIMOD:35;TA=M;MT=Variable	NT=Trypsin;AC=MS:1001251	NT=Data-dependent acquisition;AC=PRIDE:0000627	NT=beam-type collision-induced dissociation;AC=MS:1000422	35 NCE	not available	not available	5	1	180504_P21478_Proj2_TMT1_CTX1-10_QE2_fraction2.raw	v1.1.0	NT=ms-proteomics;VV=v1.1.0	NT=vertebrates;VV=v1.1.0	NT=clinical-metadata;VV=v1.0.0	manual curation	NEFH-tTA	6 week + recovery
pooled_control_reference_TMT1_CTX1-10	Mus musculus	cerebral cortex	not applicable	tissue	normal	adult	female	B6C3F1	not applicable	not applicable	pooled	180504_P21478_Proj2_TMT1_CTX1-10_QE2_fraction2-TMT131	proteomic profiling by mass spectrometry	NT=Q Exactive;AC=MS:1001911	TMT131	NT=TMT6plex;AC=UNIMOD:737;TA=K;MT=Fixed	NT=TMT6plex;AC=UNIMOD:737;PP=Peptide N-term;MT=Fixed	NT=Carbamidomethyl;AC=UNIMOD:4;TA=C;MT=Fixed	NT=Oxidation;AC=UNIMOD:35;TA=M;MT=Variable	NT=Trypsin;AC=MS:1001251	NT=Data-dependent acquisition;AC=PRIDE:0000627	NT=beam-type collision-induced dissociation;AC=MS:1000422	35 NCE	not available	not available	5	1	180504_P21478_Proj2_TMT1_CTX1-10_QE2_fraction2.raw	v1.1.0	NT=ms-proteomics;VV=v1.1.0	NT=vertebrates;VV=v1.1.0	NT=clinical-metadata;VV=v1.0.0	manual curation	not applicable	not applicable
D1a	Mus musculus	cerebral cortex	not applicable	tissue	amyotrophic lateral sclerosis	adult	female	B6C3F1	rNLS8 (NEFH-tTA x tetO-hTDP-43-dNLS)	1 week	1	180504_P21478_Proj2_TMT1_CTX1-10_QE2_fraction3-TMT126	proteomic profiling by mass spectrometry	NT=Q Exactive;AC=MS:1001911	TMT126	NT=TMT6plex;AC=UNIMOD:737;TA=K;MT=Fixed	NT=TMT6plex;AC=UNIMOD:737;PP=Peptide N-term;MT=Fixed	NT=Carbamidomethyl;AC=UNIMOD:4;TA=C;MT=Fixed	NT=Oxidation;AC=UNIMOD:35;TA=M;MT=Variable	NT=Trypsin;AC=MS:1001251	NT=Data-dependent acquisition;AC=PRIDE:0000627	NT=beam-type collision-induced dissociation;AC=MS:1000422	35 NCE	not available	not available	6	1	180504_P21478_Proj2_TMT1_CTX1-10_QE2_fraction3.raw	v1.1.0	NT=ms-proteomics;VV=v1.1.0	NT=vertebrates;VV=v1.1.0	NT=clinical-metadata;VV=v1.0.0	manual curation	rNLS8 (NEFH-tTA x tetO-hTDP-43-dNLS)	1 week
D2a	Mus musculus	cerebral cortex	not applicable	tissue	amyotrophic lateral sclerosis	adult	female	B6C3F1	rNLS8 (NEFH-tTA x tetO-hTDP-43-dNLS)	2 week	1	180504_P21478_Proj2_TMT1_CTX1-10_QE2_fraction3-TMT127N	proteomic profiling by mass spectrometry	NT=Q Exactive;AC=MS:1001911	TMT127N	NT=TMT6plex;AC=UNIMOD:737;TA=K;MT=Fixed	NT=TMT6plex;AC=UNIMOD:737;PP=Peptide N-term;MT=Fixed	NT=Carbamidomethyl;AC=UNIMOD:4;TA=C;MT=Fixed	NT=Oxidation;AC=UNIMOD:35;TA=M;MT=Variable	NT=Trypsin;AC=MS:1001251	NT=Data-dependent acquisition;AC=PRIDE:0000627	NT=beam-type collision-induced dissociation;AC=MS:1000422	35 NCE	not available	not available	6	1	180504_P21478_Proj2_TMT1_CTX1-10_QE2_fraction3.raw	v1.1.0	NT=ms-proteomics;VV=v1.1.0	NT=vertebrates;VV=v1.1.0	NT=clinical-metadata;VV=v1.0.0	manual curation	rNLS8 (NEFH-tTA x tetO-hTDP-43-dNLS)	2 week
D4a	Mus musculus	cerebral cortex	not applicable	tissue	amyotrophic lateral sclerosis	adult	female	B6C3F1	rNLS8 (NEFH-tTA x tetO-hTDP-43-dNLS)	4 week	1	180504_P21478_Proj2_TMT1_CTX1-10_QE2_fraction3-TMT127C	proteomic profiling by mass spectrometry	NT=Q Exactive;AC=MS:1001911	TMT127C	NT=TMT6plex;AC=UNIMOD:737;TA=K;MT=Fixed	NT=TMT6plex;AC=UNIMOD:737;PP=Peptide N-term;MT=Fixed	NT=Carbamidomethyl;AC=UNIMOD:4;TA=C;MT=Fixed	NT=Oxidation;AC=UNIMOD:35;TA=M;MT=Variable	NT=Trypsin;AC=MS:1001251	NT=Data-dependent acquisition;AC=PRIDE:0000627	NT=beam-type collision-induced dissociation;AC=MS:1000422	35 NCE	not available	not available	6	1	180504_P21478_Proj2_TMT1_CTX1-10_QE2_fraction3.raw	v1.1.0	NT=ms-proteomics;VV=v1.1.0	NT=vertebrates;VV=v1.1.0	NT=clinical-metadata;VV=v1.0.0	manual curation	rNLS8 (NEFH-tTA x tetO-hTDP-43-dNLS)	4 week
D6a	Mus musculus	cerebral cortex	not applicable	tissue	amyotrophic lateral sclerosis	adult	female	B6C3F1	rNLS8 (NEFH-tTA x tetO-hTDP-43-dNLS)	6 week	1	180504_P21478_Proj2_TMT1_CTX1-10_QE2_fraction3-TMT128N	proteomic profiling by mass spectrometry	NT=Q Exactive;AC=MS:1001911	TMT128N	NT=TMT6plex;AC=UNIMOD:737;TA=K;MT=Fixed	NT=TMT6plex;AC=UNIMOD:737;PP=Peptide N-term;MT=Fixed	NT=Carbamidomethyl;AC=UNIMOD:4;TA=C;MT=Fixed	NT=Oxidation;AC=UNIMOD:35;TA=M;MT=Variable	NT=Trypsin;AC=MS:1001251	NT=Data-dependent acquisition;AC=PRIDE:0000627	NT=beam-type collision-induced dissociation;AC=MS:1000422	35 NCE	not available	not available	6	1	180504_P21478_Proj2_TMT1_CTX1-10_QE2_fraction3.raw	v1.1.0	NT=ms-proteomics;VV=v1.1.0	NT=vertebrates;VV=v1.1.0	NT=clinical-metadata;VV=v1.0.0	manual curation	rNLS8 (NEFH-tTA x tetO-hTDP-43-dNLS)	6 week
D6+RECa	Mus musculus	cerebral cortex	not applicable	tissue	amyotrophic lateral sclerosis	adult	female	B6C3F1	rNLS8 (NEFH-tTA x tetO-hTDP-43-dNLS)	6 week + recovery	1	180504_P21478_Proj2_TMT1_CTX1-10_QE2_fraction3-TMT128C	proteomic profiling by mass spectrometry	NT=Q Exactive;AC=MS:1001911	TMT128C	NT=TMT6plex;AC=UNIMOD:737;TA=K;MT=Fixed	NT=TMT6plex;AC=UNIMOD:737;PP=Peptide N-term;MT=Fixed	NT=Carbamidomethyl;AC=UNIMOD:4;TA=C;MT=Fixed	NT=Oxidation;AC=UNIMOD:35;TA=M;MT=Variable	NT=Trypsin;AC=MS:1001251	NT=Data-dependent acquisition;AC=PRIDE:0000627	NT=beam-type collision-induced dissociation;AC=MS:1000422	35 NCE	not available	not available	6	1	180504_P21478_Proj2_TMT1_CTX1-10_QE2_fraction3.raw	v1.1.0	NT=ms-proteomics;VV=v1.1.0	NT=vertebrates;VV=v1.1.0	NT=clinical-metadata;VV=v1.0.0	manual curation	rNLS8 (NEFH-tTA x tetO-hTDP-43-dNLS)	6 week + recovery
C1a	Mus musculus	cerebral cortex	not applicable	tissue	normal	adult	female	B6C3F1	non-transgenic	1 week	1	180504_P21478_Proj2_TMT1_CTX1-10_QE2_fraction3-TMT129N	proteomic profiling by mass spectrometry	NT=Q Exactive;AC=MS:1001911	TMT129N	NT=TMT6plex;AC=UNIMOD:737;TA=K;MT=Fixed	NT=TMT6plex;AC=UNIMOD:737;PP=Peptide N-term;MT=Fixed	NT=Carbamidomethyl;AC=UNIMOD:4;TA=C;MT=Fixed	NT=Oxidation;AC=UNIMOD:35;TA=M;MT=Variable	NT=Trypsin;AC=MS:1001251	NT=Data-dependent acquisition;AC=PRIDE:0000627	NT=beam-type collision-induced dissociation;AC=MS:1000422	35 NCE	not available	not available	6	1	180504_P21478_Proj2_TMT1_CTX1-10_QE2_fraction3.raw	v1.1.0	NT=ms-proteomics;VV=v1.1.0	NT=vertebrates;VV=v1.1.0	NT=clinical-metadata;VV=v1.0.0	manual curation	non-transgenic	1 week
C4a	Mus musculus	cerebral cortex	not applicable	tissue	normal	adult	female	B6C3F1	NEFH-tTA	4 week	1	180504_P21478_Proj2_TMT1_CTX1-10_QE2_fraction3-TMT129C	proteomic profiling by mass spectrometry	NT=Q Exactive;AC=MS:1001911	TMT129C	NT=TMT6plex;AC=UNIMOD:737;TA=K;MT=Fixed	NT=TMT6plex;AC=UNIMOD:737;PP=Peptide N-term;MT=Fixed	NT=Carbamidomethyl;AC=UNIMOD:4;TA=C;MT=Fixed	NT=Oxidation;AC=UNIMOD:35;TA=M;MT=Variable	NT=Trypsin;AC=MS:1001251	NT=Data-dependent acquisition;AC=PRIDE:0000627	NT=beam-type collision-induced dissociation;AC=MS:1000422	35 NCE	not available	not available	6	1	180504_P21478_Proj2_TMT1_CTX1-10_QE2_fraction3.raw	v1.1.0	NT=ms-proteomics;VV=v1.1.0	NT=vertebrates;VV=v1.1.0	NT=clinical-metadata;VV=v1.0.0	manual curation	NEFH-tTA	4 week
C6a	Mus musculus	cerebral cortex	not applicable	tissue	normal	adult	female	B6C3F1	NEFH-tTA	6 week	1	180504_P21478_Proj2_TMT1_CTX1-10_QE2_fraction3-TMT130N	proteomic profiling by mass spectrometry	NT=Q Exactive;AC=MS:1001911	TMT130N	NT=TMT6plex;AC=UNIMOD:737;TA=K;MT=Fixed	NT=TMT6plex;AC=UNIMOD:737;PP=Peptide N-term;MT=Fixed	NT=Carbamidomethyl;AC=UNIMOD:4;TA=C;MT=Fixed	NT=Oxidation;AC=UNIMOD:35;TA=M;MT=Variable	NT=Trypsin;AC=MS:1001251	NT=Data-dependent acquisition;AC=PRIDE:0000627	NT=beam-type collision-induced dissociation;AC=MS:1000422	35 NCE	not available	not available	6	1	180504_P21478_Proj2_TMT1_CTX1-10_QE2_fraction3.raw	v1.1.0	NT=ms-proteomics;VV=v1.1.0	NT=vertebrates;VV=v1.1.0	NT=clinical-metadata;VV=v1.0.0	manual curation	NEFH-tTA	6 week
C6+RECa	Mus musculus	cerebral cortex	not applicable	tissue	normal	adult	female	B6C3F1	NEFH-tTA	6 week + recovery	1	180504_P21478_Proj2_TMT1_CTX1-10_QE2_fraction3-TMT130C	proteomic profiling by mass spectrometry	NT=Q Exactive;AC=MS:1001911	TMT130C	NT=TMT6plex;AC=UNIMOD:737;TA=K;MT=Fixed	NT=TMT6plex;AC=UNIMOD:737;PP=Peptide N-term;MT=Fixed	NT=Carbamidomethyl;AC=UNIMOD:4;TA=C;MT=Fixed	NT=Oxidation;AC=UNIMOD:35;TA=M;MT=Variable	NT=Trypsin;AC=MS:1001251	NT=Data-dependent acquisition;AC=PRIDE:0000627	NT=beam-type collision-induced dissociation;AC=MS:1000422	35 NCE	not available	not available	6	1	180504_P21478_Proj2_TMT1_CTX1-10_QE2_fraction3.raw	v1.1.0	NT=ms-proteomics;VV=v1.1.0	NT=vertebrates;VV=v1.1.0	NT=clinical-metadata;VV=v1.0.0	manual curation	NEFH-tTA	6 week + recovery
pooled_control_reference_TMT1_CTX1-10	Mus musculus	cerebral cortex	not applicable	tissue	normal	adult	female	B6C3F1	not applicable	not applicable	pooled	180504_P21478_Proj2_TMT1_CTX1-10_QE2_fraction3-TMT131	proteomic profiling by mass spectrometry	NT=Q Exactive;AC=MS:1001911	TMT131	NT=TMT6plex;AC=UNIMOD:737;TA=K;MT=Fixed	NT=TMT6plex;AC=UNIMOD:737;PP=Peptide N-term;MT=Fixed	NT=Carbamidomethyl;AC=UNIMOD:4;TA=C;MT=Fixed	NT=Oxidation;AC=UNIMOD:35;TA=M;MT=Variable	NT=Trypsin;AC=MS:1001251	NT=Data-dependent acquisition;AC=PRIDE:0000627	NT=beam-type collision-induced dissociation;AC=MS:1000422	35 NCE	not available	not available	6	1	180504_P21478_Proj2_TMT1_CTX1-10_QE2_fraction3.raw	v1.1.0	NT=ms-proteomics;VV=v1.1.0	NT=vertebrates;VV=v1.1.0	NT=clinical-metadata;VV=v1.0.0	manual curation	not applicable	not applicable
D1a	Mus musculus	cerebral cortex	not applicable	tissue	amyotrophic lateral sclerosis	adult	female	B6C3F1	rNLS8 (NEFH-tTA x tetO-hTDP-43-dNLS)	1 week	1	180504_P21478_Proj2_TMT1_CTX1-10_QE2_fraction4-TMT126	proteomic profiling by mass spectrometry	NT=Q Exactive;AC=MS:1001911	TMT126	NT=TMT6plex;AC=UNIMOD:737;TA=K;MT=Fixed	NT=TMT6plex;AC=UNIMOD:737;PP=Peptide N-term;MT=Fixed	NT=Carbamidomethyl;AC=UNIMOD:4;TA=C;MT=Fixed	NT=Oxidation;AC=UNIMOD:35;TA=M;MT=Variable	NT=Trypsin;AC=MS:1001251	NT=Data-dependent acquisition;AC=PRIDE:0000627	NT=beam-type collision-induced dissociation;AC=MS:1000422	35 NCE	not available	not available	7	1	180504_P21478_Proj2_TMT1_CTX1-10_QE2_fraction4.raw	v1.1.0	NT=ms-proteomics;VV=v1.1.0	NT=vertebrates;VV=v1.1.0	NT=clinical-metadata;VV=v1.0.0	manual curation	rNLS8 (NEFH-tTA x tetO-hTDP-43-dNLS)	1 week
D2a	Mus musculus	cerebral cortex	not applicable	tissue	amyotrophic lateral sclerosis	adult	female	B6C3F1	rNLS8 (NEFH-tTA x tetO-hTDP-43-dNLS)	2 week	1	180504_P21478_Proj2_TMT1_CTX1-10_QE2_fraction4-TMT127N	proteomic profiling by mass spectrometry	NT=Q Exactive;AC=MS:1001911	TMT127N	NT=TMT6plex;AC=UNIMOD:737;TA=K;MT=Fixed	NT=TMT6plex;AC=UNIMOD:737;PP=Peptide N-term;MT=Fixed	NT=Carbamidomethyl;AC=UNIMOD:4;TA=C;MT=Fixed	NT=Oxidation;AC=UNIMOD:35;TA=M;MT=Variable	NT=Trypsin;AC=MS:1001251	NT=Data-dependent acquisition;AC=PRIDE:0000627	NT=beam-type collision-induced dissociation;AC=MS:1000422	35 NCE	not available	not available	7	1	180504_P21478_Proj2_TMT1_CTX1-10_QE2_fraction4.raw	v1.1.0	NT=ms-proteomics;VV=v1.1.0	NT=vertebrates;VV=v1.1.0	NT=clinical-metadata;VV=v1.0.0	manual curation	rNLS8 (NEFH-tTA x tetO-hTDP-43-dNLS)	2 week
D4a	Mus musculus	cerebral cortex	not applicable	tissue	amyotrophic lateral sclerosis	adult	female	B6C3F1	rNLS8 (NEFH-tTA x tetO-hTDP-43-dNLS)	4 week	1	180504_P21478_Proj2_TMT1_CTX1-10_QE2_fraction4-TMT127C	proteomic profiling by mass spectrometry	NT=Q Exactive;AC=MS:1001911	TMT127C	NT=TMT6plex;AC=UNIMOD:737;TA=K;MT=Fixed	NT=TMT6plex;AC=UNIMOD:737;PP=Peptide N-term;MT=Fixed	NT=Carbamidomethyl;AC=UNIMOD:4;TA=C;MT=Fixed	NT=Oxidation;AC=UNIMOD:35;TA=M;MT=Variable	NT=Trypsin;AC=MS:1001251	NT=Data-dependent acquisition;AC=PRIDE:0000627	NT=beam-type collision-induced dissociation;AC=MS:1000422	35 NCE	not available	not available	7	1	180504_P21478_Proj2_TMT1_CTX1-10_QE2_fraction4.raw	v1.1.0	NT=ms-proteomics;VV=v1.1.0	NT=vertebrates;VV=v1.1.0	NT=clinical-metadata;VV=v1.0.0	manual curation	rNLS8 (NEFH-tTA x tetO-hTDP-43-dNLS)	4 week
D6a	Mus musculus	cerebral cortex	not applicable	tissue	amyotrophic lateral sclerosis	adult	female	B6C3F1	rNLS8 (NEFH-tTA x tetO-hTDP-43-dNLS)	6 week	1	180504_P21478_Proj2_TMT1_CTX1-10_QE2_fraction4-TMT128N	proteomic profiling by mass spectrometry	NT=Q Exactive;AC=MS:1001911	TMT128N	NT=TMT6plex;AC=UNIMOD:737;TA=K;MT=Fixed	NT=TMT6plex;AC=UNIMOD:737;PP=Peptide N-term;MT=Fixed	NT=Carbamidomethyl;AC=UNIMOD:4;TA=C;MT=Fixed	NT=Oxidation;AC=UNIMOD:35;TA=M;MT=Variable	NT=Trypsin;AC=MS:1001251	NT=Data-dependent acquisition;AC=PRIDE:0000627	NT=beam-type collision-induced dissociation;AC=MS:1000422	35 NCE	not available	not available	7	1	180504_P21478_Proj2_TMT1_CTX1-10_QE2_fraction4.raw	v1.1.0	NT=ms-proteomics;VV=v1.1.0	NT=vertebrates;VV=v1.1.0	NT=clinical-metadata;VV=v1.0.0	manual curation	rNLS8 (NEFH-tTA x tetO-hTDP-43-dNLS)	6 week
D6+RECa	Mus musculus	cerebral cortex	not applicable	tissue	amyotrophic lateral sclerosis	adult	female	B6C3F1	rNLS8 (NEFH-tTA x tetO-hTDP-43-dNLS)	6 week + recovery	1	180504_P21478_Proj2_TMT1_CTX1-10_QE2_fraction4-TMT128C	proteomic profiling by mass spectrometry	NT=Q Exactive;AC=MS:1001911	TMT128C	NT=TMT6plex;AC=UNIMOD:737;TA=K;MT=Fixed	NT=TMT6plex;AC=UNIMOD:737;PP=Peptide N-term;MT=Fixed	NT=Carbamidomethyl;AC=UNIMOD:4;TA=C;MT=Fixed	NT=Oxidation;AC=UNIMOD:35;TA=M;MT=Variable	NT=Trypsin;AC=MS:1001251	NT=Data-dependent acquisition;AC=PRIDE:0000627	NT=beam-type collision-induced dissociation;AC=MS:1000422	35 NCE	not available	not available	7	1	180504_P21478_Proj2_TMT1_CTX1-10_QE2_fraction4.raw	v1.1.0	NT=ms-proteomics;VV=v1.1.0	NT=vertebrates;VV=v1.1.0	NT=clinical-metadata;VV=v1.0.0	manual curation	rNLS8 (NEFH-tTA x tetO-hTDP-43-dNLS)	6 week + recovery
C1a	Mus musculus	cerebral cortex	not applicable	tissue	normal	adult	female	B6C3F1	non-transgenic	1 week	1	180504_P21478_Proj2_TMT1_CTX1-10_QE2_fraction4-TMT129N	proteomic profiling by mass spectrometry	NT=Q Exactive;AC=MS:1001911	TMT129N	NT=TMT6plex;AC=UNIMOD:737;TA=K;MT=Fixed	NT=TMT6plex;AC=UNIMOD:737;PP=Peptide N-term;MT=Fixed	NT=Carbamidomethyl;AC=UNIMOD:4;TA=C;MT=Fixed	NT=Oxidation;AC=UNIMOD:35;TA=M;MT=Variable	NT=Trypsin;AC=MS:1001251	NT=Data-dependent acquisition;AC=PRIDE:0000627	NT=beam-type collision-induced dissociation;AC=MS:1000422	35 NCE	not available	not available	7	1	180504_P21478_Proj2_TMT1_CTX1-10_QE2_fraction4.raw	v1.1.0	NT=ms-proteomics;VV=v1.1.0	NT=vertebrates;VV=v1.1.0	NT=clinical-metadata;VV=v1.0.0	manual curation	non-transgenic	1 week
C4a	Mus musculus	cerebral cortex	not applicable	tissue	normal	adult	female	B6C3F1	NEFH-tTA	4 week	1	180504_P21478_Proj2_TMT1_CTX1-10_QE2_fraction4-TMT129C	proteomic profiling by mass spectrometry	NT=Q Exactive;AC=MS:1001911	TMT129C	NT=TMT6plex;AC=UNIMOD:737;TA=K;MT=Fixed	NT=TMT6plex;AC=UNIMOD:737;PP=Peptide N-term;MT=Fixed	NT=Carbamidomethyl;AC=UNIMOD:4;TA=C;MT=Fixed	NT=Oxidation;AC=UNIMOD:35;TA=M;MT=Variable	NT=Trypsin;AC=MS:1001251	NT=Data-dependent acquisition;AC=PRIDE:0000627	NT=beam-type collision-induced dissociation;AC=MS:1000422	35 NCE	not available	not available	7	1	180504_P21478_Proj2_TMT1_CTX1-10_QE2_fraction4.raw	v1.1.0	NT=ms-proteomics;VV=v1.1.0	NT=vertebrates;VV=v1.1.0	NT=clinical-metadata;VV=v1.0.0	manual curation	NEFH-tTA	4 week
C6a	Mus musculus	cerebral cortex	not applicable	tissue	normal	adult	female	B6C3F1	NEFH-tTA	6 week	1	180504_P21478_Proj2_TMT1_CTX1-10_QE2_fraction4-TMT130N	proteomic profiling by mass spectrometry	NT=Q Exactive;AC=MS:1001911	TMT130N	NT=TMT6plex;AC=UNIMOD:737;TA=K;MT=Fixed	NT=TMT6plex;AC=UNIMOD:737;PP=Peptide N-term;MT=Fixed	NT=Carbamidomethyl;AC=UNIMOD:4;TA=C;MT=Fixed	NT=Oxidation;AC=UNIMOD:35;TA=M;MT=Variable	NT=Trypsin;AC=MS:1001251	NT=Data-dependent acquisition;AC=PRIDE:0000627	NT=beam-type collision-induced dissociation;AC=MS:1000422	35 NCE	not available	not available	7	1	180504_P21478_Proj2_TMT1_CTX1-10_QE2_fraction4.raw	v1.1.0	NT=ms-proteomics;VV=v1.1.0	NT=vertebrates;VV=v1.1.0	NT=clinical-metadata;VV=v1.0.0	manual curation	NEFH-tTA	6 week
C6+RECa	Mus musculus	cerebral cortex	not applicable	tissue	normal	adult	female	B6C3F1	NEFH-tTA	6 week + recovery	1	180504_P21478_Proj2_TMT1_CTX1-10_QE2_fraction4-TMT130C	proteomic profiling by mass spectrometry	NT=Q Exactive;AC=MS:1001911	TMT130C	NT=TMT6plex;AC=UNIMOD:737;TA=K;MT=Fixed	NT=TMT6plex;AC=UNIMOD:737;PP=Peptide N-term;MT=Fixed	NT=Carbamidomethyl;AC=UNIMOD:4;TA=C;MT=Fixed	NT=Oxidation;AC=UNIMOD:35;TA=M;MT=Variable	NT=Trypsin;AC=MS:1001251	NT=Data-dependent acquisition;AC=PRIDE:0000627	NT=beam-type collision-induced dissociation;AC=MS:1000422	35 NCE	not available	not available	7	1	180504_P21478_Proj2_TMT1_CTX1-10_QE2_fraction4.raw	v1.1.0	NT=ms-proteomics;VV=v1.1.0	NT=vertebrates;VV=v1.1.0	NT=clinical-metadata;VV=v1.0.0	manual curation	NEFH-tTA	6 week + recovery
pooled_control_reference_TMT1_CTX1-10	Mus musculus	cerebral cortex	not applicable	tissue	normal	adult	female	B6C3F1	not applicable	not applicable	pooled	180504_P21478_Proj2_TMT1_CTX1-10_QE2_fraction4-TMT131	proteomic profiling by mass spectrometry	NT=Q Exactive;AC=MS:1001911	TMT131	NT=TMT6plex;AC=UNIMOD:737;TA=K;MT=Fixed	NT=TMT6plex;AC=UNIMOD:737;PP=Peptide N-term;MT=Fixed	NT=Carbamidomethyl;AC=UNIMOD:4;TA=C;MT=Fixed	NT=Oxidation;AC=UNIMOD:35;TA=M;MT=Variable	NT=Trypsin;AC=MS:1001251	NT=Data-dependent acquisition;AC=PRIDE:0000627	NT=beam-type collision-induced dissociation;AC=MS:1000422	35 NCE	not available	not available	7	1	180504_P21478_Proj2_TMT1_CTX1-10_QE2_fraction4.raw	v1.1.0	NT=ms-proteomics;VV=v1.1.0	NT=vertebrates;VV=v1.1.0	NT=clinical-metadata;VV=v1.0.0	manual curation	not applicable	not applicable
D1a	Mus musculus	cerebral cortex	not applicable	tissue	amyotrophic lateral sclerosis	adult	female	B6C3F1	rNLS8 (NEFH-tTA x tetO-hTDP-43-dNLS)	1 week	1	180504_P21478_Proj2_TMT1_CTX1-10_QE2_fraction5-TMT126	proteomic profiling by mass spectrometry	NT=Q Exactive;AC=MS:1001911	TMT126	NT=TMT6plex;AC=UNIMOD:737;TA=K;MT=Fixed	NT=TMT6plex;AC=UNIMOD:737;PP=Peptide N-term;MT=Fixed	NT=Carbamidomethyl;AC=UNIMOD:4;TA=C;MT=Fixed	NT=Oxidation;AC=UNIMOD:35;TA=M;MT=Variable	NT=Trypsin;AC=MS:1001251	NT=Data-dependent acquisition;AC=PRIDE:0000627	NT=beam-type collision-induced dissociation;AC=MS:1000422	35 NCE	not available	not available	8	1	180504_P21478_Proj2_TMT1_CTX1-10_QE2_fraction5.raw	v1.1.0	NT=ms-proteomics;VV=v1.1.0	NT=vertebrates;VV=v1.1.0	NT=clinical-metadata;VV=v1.0.0	manual curation	rNLS8 (NEFH-tTA x tetO-hTDP-43-dNLS)	1 week
D2a	Mus musculus	cerebral cortex	not applicable	tissue	amyotrophic lateral sclerosis	adult	female	B6C3F1	rNLS8 (NEFH-tTA x tetO-hTDP-43-dNLS)	2 week	1	180504_P21478_Proj2_TMT1_CTX1-10_QE2_fraction5-TMT127N	proteomic profiling by mass spectrometry	NT=Q Exactive;AC=MS:1001911	TMT127N	NT=TMT6plex;AC=UNIMOD:737;TA=K;MT=Fixed	NT=TMT6plex;AC=UNIMOD:737;PP=Peptide N-term;MT=Fixed	NT=Carbamidomethyl;AC=UNIMOD:4;TA=C;MT=Fixed	NT=Oxidation;AC=UNIMOD:35;TA=M;MT=Variable	NT=Trypsin;AC=MS:1001251	NT=Data-dependent acquisition;AC=PRIDE:0000627	NT=beam-type collision-induced dissociation;AC=MS:1000422	35 NCE	not available	not available	8	1	180504_P21478_Proj2_TMT1_CTX1-10_QE2_fraction5.raw	v1.1.0	NT=ms-proteomics;VV=v1.1.0	NT=vertebrates;VV=v1.1.0	NT=clinical-metadata;VV=v1.0.0	manual curation	rNLS8 (NEFH-tTA x tetO-hTDP-43-dNLS)	2 week
D4a	Mus musculus	cerebral cortex	not applicable	tissue	amyotrophic lateral sclerosis	adult	female	B6C3F1	rNLS8 (NEFH-tTA x tetO-hTDP-43-dNLS)	4 week	1	180504_P21478_Proj2_TMT1_CTX1-10_QE2_fraction5-TMT127C	proteomic profiling by mass spectrometry	NT=Q Exactive;AC=MS:1001911	TMT127C	NT=TMT6plex;AC=UNIMOD:737;TA=K;MT=Fixed	NT=TMT6plex;AC=UNIMOD:737;PP=Peptide N-term;MT=Fixed	NT=Carbamidomethyl;AC=UNIMOD:4;TA=C;MT=Fixed	NT=Oxidation;AC=UNIMOD:35;TA=M;MT=Variable	NT=Trypsin;AC=MS:1001251	NT=Data-dependent acquisition;AC=PRIDE:0000627	NT=beam-type collision-induced dissociation;AC=MS:1000422	35 NCE	not available	not available	8	1	180504_P21478_Proj2_TMT1_CTX1-10_QE2_fraction5.raw	v1.1.0	NT=ms-proteomics;VV=v1.1.0	NT=vertebrates;VV=v1.1.0	NT=clinical-metadata;VV=v1.0.0	manual curation	rNLS8 (NEFH-tTA x tetO-hTDP-43-dNLS)	4 week
D6a	Mus musculus	cerebral cortex	not applicable	tissue	amyotrophic lateral sclerosis	adult	female	B6C3F1	rNLS8 (NEFH-tTA x tetO-hTDP-43-dNLS)	6 week	1	180504_P21478_Proj2_TMT1_CTX1-10_QE2_fraction5-TMT128N	proteomic profiling by mass spectrometry	NT=Q Exactive;AC=MS:1001911	TMT128N	NT=TMT6plex;AC=UNIMOD:737;TA=K;MT=Fixed	NT=TMT6plex;AC=UNIMOD:737;PP=Peptide N-term;MT=Fixed	NT=Carbamidomethyl;AC=UNIMOD:4;TA=C;MT=Fixed	NT=Oxidation;AC=UNIMOD:35;TA=M;MT=Variable	NT=Trypsin;AC=MS:1001251	NT=Data-dependent acquisition;AC=PRIDE:0000627	NT=beam-type collision-induced dissociation;AC=MS:1000422	35 NCE	not available	not available	8	1	180504_P21478_Proj2_TMT1_CTX1-10_QE2_fraction5.raw	v1.1.0	NT=ms-proteomics;VV=v1.1.0	NT=vertebrates;VV=v1.1.0	NT=clinical-metadata;VV=v1.0.0	manual curation	rNLS8 (NEFH-tTA x tetO-hTDP-43-dNLS)	6 week
D6+RECa	Mus musculus	cerebral cortex	not applicable	tissue	amyotrophic lateral sclerosis	adult	female	B6C3F1	rNLS8 (NEFH-tTA x tetO-hTDP-43-dNLS)	6 week + recovery	1	180504_P21478_Proj2_TMT1_CTX1-10_QE2_fraction5-TMT128C	proteomic profiling by mass spectrometry	NT=Q Exactive;AC=MS:1001911	TMT128C	NT=TMT6plex;AC=UNIMOD:737;TA=K;MT=Fixed	NT=TMT6plex;AC=UNIMOD:737;PP=Peptide N-term;MT=Fixed	NT=Carbamidomethyl;AC=UNIMOD:4;TA=C;MT=Fixed	NT=Oxidation;AC=UNIMOD:35;TA=M;MT=Variable	NT=Trypsin;AC=MS:1001251	NT=Data-dependent acquisition;AC=PRIDE:0000627	NT=beam-type collision-induced dissociation;AC=MS:1000422	35 NCE	not available	not available	8	1	180504_P21478_Proj2_TMT1_CTX1-10_QE2_fraction5.raw	v1.1.0	NT=ms-proteomics;VV=v1.1.0	NT=vertebrates;VV=v1.1.0	NT=clinical-metadata;VV=v1.0.0	manual curation	rNLS8 (NEFH-tTA x tetO-hTDP-43-dNLS)	6 week + recovery
C1a	Mus musculus	cerebral cortex	not applicable	tissue	normal	adult	female	B6C3F1	non-transgenic	1 week	1	180504_P21478_Proj2_TMT1_CTX1-10_QE2_fraction5-TMT129N	proteomic profiling by mass spectrometry	NT=Q Exactive;AC=MS:1001911	TMT129N	NT=TMT6plex;AC=UNIMOD:737;TA=K;MT=Fixed	NT=TMT6plex;AC=UNIMOD:737;PP=Peptide N-term;MT=Fixed	NT=Carbamidomethyl;AC=UNIMOD:4;TA=C;MT=Fixed	NT=Oxidation;AC=UNIMOD:35;TA=M;MT=Variable	NT=Trypsin;AC=MS:1001251	NT=Data-dependent acquisition;AC=PRIDE:0000627	NT=beam-type collision-induced dissociation;AC=MS:1000422	35 NCE	not available	not available	8	1	180504_P21478_Proj2_TMT1_CTX1-10_QE2_fraction5.raw	v1.1.0	NT=ms-proteomics;VV=v1.1.0	NT=vertebrates;VV=v1.1.0	NT=clinical-metadata;VV=v1.0.0	manual curation	non-transgenic	1 week
C4a	Mus musculus	cerebral cortex	not applicable	tissue	normal	adult	female	B6C3F1	NEFH-tTA	4 week	1	180504_P21478_Proj2_TMT1_CTX1-10_QE2_fraction5-TMT129C	proteomic profiling by mass spectrometry	NT=Q Exactive;AC=MS:1001911	TMT129C	NT=TMT6plex;AC=UNIMOD:737;TA=K;MT=Fixed	NT=TMT6plex;AC=UNIMOD:737;PP=Peptide N-term;MT=Fixed	NT=Carbamidomethyl;AC=UNIMOD:4;TA=C;MT=Fixed	NT=Oxidation;AC=UNIMOD:35;TA=M;MT=Variable	NT=Trypsin;AC=MS:1001251	NT=Data-dependent acquisition;AC=PRIDE:0000627	NT=beam-type collision-induced dissociation;AC=MS:1000422	35 NCE	not available	not available	8	1	180504_P21478_Proj2_TMT1_CTX1-10_QE2_fraction5.raw	v1.1.0	NT=ms-proteomics;VV=v1.1.0	NT=vertebrates;VV=v1.1.0	NT=clinical-metadata;VV=v1.0.0	manual curation	NEFH-tTA	4 week
C6a	Mus musculus	cerebral cortex	not applicable	tissue	normal	adult	female	B6C3F1	NEFH-tTA	6 week	1	180504_P21478_Proj2_TMT1_CTX1-10_QE2_fraction5-TMT130N	proteomic profiling by mass spectrometry	NT=Q Exactive;AC=MS:1001911	TMT130N	NT=TMT6plex;AC=UNIMOD:737;TA=K;MT=Fixed	NT=TMT6plex;AC=UNIMOD:737;PP=Peptide N-term;MT=Fixed	NT=Carbamidomethyl;AC=UNIMOD:4;TA=C;MT=Fixed	NT=Oxidation;AC=UNIMOD:35;TA=M;MT=Variable	NT=Trypsin;AC=MS:1001251	NT=Data-dependent acquisition;AC=PRIDE:0000627	NT=beam-type collision-induced dissociation;AC=MS:1000422	35 NCE	not available	not available	8	1	180504_P21478_Proj2_TMT1_CTX1-10_QE2_fraction5.raw	v1.1.0	NT=ms-proteomics;VV=v1.1.0	NT=vertebrates;VV=v1.1.0	NT=clinical-metadata;VV=v1.0.0	manual curation	NEFH-tTA	6 week
C6+RECa	Mus musculus	cerebral cortex	not applicable	tissue	normal	adult	female	B6C3F1	NEFH-tTA	6 week + recovery	1	180504_P21478_Proj2_TMT1_CTX1-10_QE2_fraction5-TMT130C	proteomic profiling by mass spectrometry	NT=Q Exactive;AC=MS:1001911	TMT130C	NT=TMT6plex;AC=UNIMOD:737;TA=K;MT=Fixed	NT=TMT6plex;AC=UNIMOD:737;PP=Peptide N-term;MT=Fixed	NT=Carbamidomethyl;AC=UNIMOD:4;TA=C;MT=Fixed	NT=Oxidation;AC=UNIMOD:35;TA=M;MT=Variable	NT=Trypsin;AC=MS:1001251	NT=Data-dependent acquisition;AC=PRIDE:0000627	NT=beam-type collision-induced dissociation;AC=MS:1000422	35 NCE	not available	not available	8	1	180504_P21478_Proj2_TMT1_CTX1-10_QE2_fraction5.raw	v1.1.0	NT=ms-proteomics;VV=v1.1.0	NT=vertebrates;VV=v1.1.0	NT=clinical-metadata;VV=v1.0.0	manual curation	NEFH-tTA	6 week + recovery
pooled_control_reference_TMT1_CTX1-10	Mus musculus	cerebral cortex	not applicable	tissue	normal	adult	female	B6C3F1	not applicable	not applicable	pooled	180504_P21478_Proj2_TMT1_CTX1-10_QE2_fraction5-TMT131	proteomic profiling by mass spectrometry	NT=Q Exactive;AC=MS:1001911	TMT131	NT=TMT6plex;AC=UNIMOD:737;TA=K;MT=Fixed	NT=TMT6plex;AC=UNIMOD:737;PP=Peptide N-term;MT=Fixed	NT=Carbamidomethyl;AC=UNIMOD:4;TA=C;MT=Fixed	NT=Oxidation;AC=UNIMOD:35;TA=M;MT=Variable	NT=Trypsin;AC=MS:1001251	NT=Data-dependent acquisition;AC=PRIDE:0000627	NT=beam-type collision-induced dissociation;AC=MS:1000422	35 NCE	not available	not available	8	1	180504_P21478_Proj2_TMT1_CTX1-10_QE2_fraction5.raw	v1.1.0	NT=ms-proteomics;VV=v1.1.0	NT=vertebrates;VV=v1.1.0	NT=clinical-metadata;VV=v1.0.0	manual curation	not applicable	not applicable
D1a	Mus musculus	cerebral cortex	not applicable	tissue	amyotrophic lateral sclerosis	adult	female	B6C3F1	rNLS8 (NEFH-tTA x tetO-hTDP-43-dNLS)	1 week	1	180504_P21478_Proj2_TMT1_CTX1-10_QE2_fraction6-TMT126	proteomic profiling by mass spectrometry	NT=Q Exactive;AC=MS:1001911	TMT126	NT=TMT6plex;AC=UNIMOD:737;TA=K;MT=Fixed	NT=TMT6plex;AC=UNIMOD:737;PP=Peptide N-term;MT=Fixed	NT=Carbamidomethyl;AC=UNIMOD:4;TA=C;MT=Fixed	NT=Oxidation;AC=UNIMOD:35;TA=M;MT=Variable	NT=Trypsin;AC=MS:1001251	NT=Data-dependent acquisition;AC=PRIDE:0000627	NT=beam-type collision-induced dissociation;AC=MS:1000422	35 NCE	not available	not available	9	1	180504_P21478_Proj2_TMT1_CTX1-10_QE2_fraction6.raw	v1.1.0	NT=ms-proteomics;VV=v1.1.0	NT=vertebrates;VV=v1.1.0	NT=clinical-metadata;VV=v1.0.0	manual curation	rNLS8 (NEFH-tTA x tetO-hTDP-43-dNLS)	1 week
D2a	Mus musculus	cerebral cortex	not applicable	tissue	amyotrophic lateral sclerosis	adult	female	B6C3F1	rNLS8 (NEFH-tTA x tetO-hTDP-43-dNLS)	2 week	1	180504_P21478_Proj2_TMT1_CTX1-10_QE2_fraction6-TMT127N	proteomic profiling by mass spectrometry	NT=Q Exactive;AC=MS:1001911	TMT127N	NT=TMT6plex;AC=UNIMOD:737;TA=K;MT=Fixed	NT=TMT6plex;AC=UNIMOD:737;PP=Peptide N-term;MT=Fixed	NT=Carbamidomethyl;AC=UNIMOD:4;TA=C;MT=Fixed	NT=Oxidation;AC=UNIMOD:35;TA=M;MT=Variable	NT=Trypsin;AC=MS:1001251	NT=Data-dependent acquisition;AC=PRIDE:0000627	NT=beam-type collision-induced dissociation;AC=MS:1000422	35 NCE	not available	not available	9	1	180504_P21478_Proj2_TMT1_CTX1-10_QE2_fraction6.raw	v1.1.0	NT=ms-proteomics;VV=v1.1.0	NT=vertebrates;VV=v1.1.0	NT=clinical-metadata;VV=v1.0.0	manual curation	rNLS8 (NEFH-tTA x tetO-hTDP-43-dNLS)	2 week
D4a	Mus musculus	cerebral cortex	not applicable	tissue	amyotrophic lateral sclerosis	adult	female	B6C3F1	rNLS8 (NEFH-tTA x tetO-hTDP-43-dNLS)	4 week	1	180504_P21478_Proj2_TMT1_CTX1-10_QE2_fraction6-TMT127C	proteomic profiling by mass spectrometry	NT=Q Exactive;AC=MS:1001911	TMT127C	NT=TMT6plex;AC=UNIMOD:737;TA=K;MT=Fixed	NT=TMT6plex;AC=UNIMOD:737;PP=Peptide N-term;MT=Fixed	NT=Carbamidomethyl;AC=UNIMOD:4;TA=C;MT=Fixed	NT=Oxidation;AC=UNIMOD:35;TA=M;MT=Variable	NT=Trypsin;AC=MS:1001251	NT=Data-dependent acquisition;AC=PRIDE:0000627	NT=beam-type collision-induced dissociation;AC=MS:1000422	35 NCE	not available	not available	9	1	180504_P21478_Proj2_TMT1_CTX1-10_QE2_fraction6.raw	v1.1.0	NT=ms-proteomics;VV=v1.1.0	NT=vertebrates;VV=v1.1.0	NT=clinical-metadata;VV=v1.0.0	manual curation	rNLS8 (NEFH-tTA x tetO-hTDP-43-dNLS)	4 week
D6a	Mus musculus	cerebral cortex	not applicable	tissue	amyotrophic lateral sclerosis	adult	female	B6C3F1	rNLS8 (NEFH-tTA x tetO-hTDP-43-dNLS)	6 week	1	180504_P21478_Proj2_TMT1_CTX1-10_QE2_fraction6-TMT128N	proteomic profiling by mass spectrometry	NT=Q Exactive;AC=MS:1001911	TMT128N	NT=TMT6plex;AC=UNIMOD:737;TA=K;MT=Fixed	NT=TMT6plex;AC=UNIMOD:737;PP=Peptide N-term;MT=Fixed	NT=Carbamidomethyl;AC=UNIMOD:4;TA=C;MT=Fixed	NT=Oxidation;AC=UNIMOD:35;TA=M;MT=Variable	NT=Trypsin;AC=MS:1001251	NT=Data-dependent acquisition;AC=PRIDE:0000627	NT=beam-type collision-induced dissociation;AC=MS:1000422	35 NCE	not available	not available	9	1	180504_P21478_Proj2_TMT1_CTX1-10_QE2_fraction6.raw	v1.1.0	NT=ms-proteomics;VV=v1.1.0	NT=vertebrates;VV=v1.1.0	NT=clinical-metadata;VV=v1.0.0	manual curation	rNLS8 (NEFH-tTA x tetO-hTDP-43-dNLS)	6 week
D6+RECa	Mus musculus	cerebral cortex	not applicable	tissue	amyotrophic lateral sclerosis	adult	female	B6C3F1	rNLS8 (NEFH-tTA x tetO-hTDP-43-dNLS)	6 week + recovery	1	180504_P21478_Proj2_TMT1_CTX1-10_QE2_fraction6-TMT128C	proteomic profiling by mass spectrometry	NT=Q Exactive;AC=MS:1001911	TMT128C	NT=TMT6plex;AC=UNIMOD:737;TA=K;MT=Fixed	NT=TMT6plex;AC=UNIMOD:737;PP=Peptide N-term;MT=Fixed	NT=Carbamidomethyl;AC=UNIMOD:4;TA=C;MT=Fixed	NT=Oxidation;AC=UNIMOD:35;TA=M;MT=Variable	NT=Trypsin;AC=MS:1001251	NT=Data-dependent acquisition;AC=PRIDE:0000627	NT=beam-type collision-induced dissociation;AC=MS:1000422	35 NCE	not available	not available	9	1	180504_P21478_Proj2_TMT1_CTX1-10_QE2_fraction6.raw	v1.1.0	NT=ms-proteomics;VV=v1.1.0	NT=vertebrates;VV=v1.1.0	NT=clinical-metadata;VV=v1.0.0	manual curation	rNLS8 (NEFH-tTA x tetO-hTDP-43-dNLS)	6 week + recovery
C1a	Mus musculus	cerebral cortex	not applicable	tissue	normal	adult	female	B6C3F1	non-transgenic	1 week	1	180504_P21478_Proj2_TMT1_CTX1-10_QE2_fraction6-TMT129N	proteomic profiling by mass spectrometry	NT=Q Exactive;AC=MS:1001911	TMT129N	NT=TMT6plex;AC=UNIMOD:737;TA=K;MT=Fixed	NT=TMT6plex;AC=UNIMOD:737;PP=Peptide N-term;MT=Fixed	NT=Carbamidomethyl;AC=UNIMOD:4;TA=C;MT=Fixed	NT=Oxidation;AC=UNIMOD:35;TA=M;MT=Variable	NT=Trypsin;AC=MS:1001251	NT=Data-dependent acquisition;AC=PRIDE:0000627	NT=beam-type collision-induced dissociation;AC=MS:1000422	35 NCE	not available	not available	9	1	180504_P21478_Proj2_TMT1_CTX1-10_QE2_fraction6.raw	v1.1.0	NT=ms-proteomics;VV=v1.1.0	NT=vertebrates;VV=v1.1.0	NT=clinical-metadata;VV=v1.0.0	manual curation	non-transgenic	1 week
C4a	Mus musculus	cerebral cortex	not applicable	tissue	normal	adult	female	B6C3F1	NEFH-tTA	4 week	1	180504_P21478_Proj2_TMT1_CTX1-10_QE2_fraction6-TMT129C	proteomic profiling by mass spectrometry	NT=Q Exactive;AC=MS:1001911	TMT129C	NT=TMT6plex;AC=UNIMOD:737;TA=K;MT=Fixed	NT=TMT6plex;AC=UNIMOD:737;PP=Peptide N-term;MT=Fixed	NT=Carbamidomethyl;AC=UNIMOD:4;TA=C;MT=Fixed	NT=Oxidation;AC=UNIMOD:35;TA=M;MT=Variable	NT=Trypsin;AC=MS:1001251	NT=Data-dependent acquisition;AC=PRIDE:0000627	NT=beam-type collision-induced dissociation;AC=MS:1000422	35 NCE	not available	not available	9	1	180504_P21478_Proj2_TMT1_CTX1-10_QE2_fraction6.raw	v1.1.0	NT=ms-proteomics;VV=v1.1.0	NT=vertebrates;VV=v1.1.0	NT=clinical-metadata;VV=v1.0.0	manual curation	NEFH-tTA	4 week
C6a	Mus musculus	cerebral cortex	not applicable	tissue	normal	adult	female	B6C3F1	NEFH-tTA	6 week	1	180504_P21478_Proj2_TMT1_CTX1-10_QE2_fraction6-TMT130N	proteomic profiling by mass spectrometry	NT=Q Exactive;AC=MS:1001911	TMT130N	NT=TMT6plex;AC=UNIMOD:737;TA=K;MT=Fixed	NT=TMT6plex;AC=UNIMOD:737;PP=Peptide N-term;MT=Fixed	NT=Carbamidomethyl;AC=UNIMOD:4;TA=C;MT=Fixed	NT=Oxidation;AC=UNIMOD:35;TA=M;MT=Variable	NT=Trypsin;AC=MS:1001251	NT=Data-dependent acquisition;AC=PRIDE:0000627	NT=beam-type collision-induced dissociation;AC=MS:1000422	35 NCE	not available	not available	9	1	180504_P21478_Proj2_TMT1_CTX1-10_QE2_fraction6.raw	v1.1.0	NT=ms-proteomics;VV=v1.1.0	NT=vertebrates;VV=v1.1.0	NT=clinical-metadata;VV=v1.0.0	manual curation	NEFH-tTA	6 week
C6+RECa	Mus musculus	cerebral cortex	not applicable	tissue	normal	adult	female	B6C3F1	NEFH-tTA	6 week + recovery	1	180504_P21478_Proj2_TMT1_CTX1-10_QE2_fraction6-TMT130C	proteomic profiling by mass spectrometry	NT=Q Exactive;AC=MS:1001911	TMT130C	NT=TMT6plex;AC=UNIMOD:737;TA=K;MT=Fixed	NT=TMT6plex;AC=UNIMOD:737;PP=Peptide N-term;MT=Fixed	NT=Carbamidomethyl;AC=UNIMOD:4;TA=C;MT=Fixed	NT=Oxidation;AC=UNIMOD:35;TA=M;MT=Variable	NT=Trypsin;AC=MS:1001251	NT=Data-dependent acquisition;AC=PRIDE:0000627	NT=beam-type collision-induced dissociation;AC=MS:1000422	35 NCE	not available	not available	9	1	180504_P21478_Proj2_TMT1_CTX1-10_QE2_fraction6.raw	v1.1.0	NT=ms-proteomics;VV=v1.1.0	NT=vertebrates;VV=v1.1.0	NT=clinical-metadata;VV=v1.0.0	manual curation	NEFH-tTA	6 week + recovery
pooled_control_reference_TMT1_CTX1-10	Mus musculus	cerebral cortex	not applicable	tissue	normal	adult	female	B6C3F1	not applicable	not applicable	pooled	180504_P21478_Proj2_TMT1_CTX1-10_QE2_fraction6-TMT131	proteomic profiling by mass spectrometry	NT=Q Exactive;AC=MS:1001911	TMT131	NT=TMT6plex;AC=UNIMOD:737;TA=K;MT=Fixed	NT=TMT6plex;AC=UNIMOD:737;PP=Peptide N-term;MT=Fixed	NT=Carbamidomethyl;AC=UNIMOD:4;TA=C;MT=Fixed	NT=Oxidation;AC=UNIMOD:35;TA=M;MT=Variable	NT=Trypsin;AC=MS:1001251	NT=Data-dependent acquisition;AC=PRIDE:0000627	NT=beam-type collision-induced dissociation;AC=MS:1000422	35 NCE	not available	not available	9	1	180504_P21478_Proj2_TMT1_CTX1-10_QE2_fraction6.raw	v1.1.0	NT=ms-proteomics;VV=v1.1.0	NT=vertebrates;VV=v1.1.0	NT=clinical-metadata;VV=v1.0.0	manual curation	not applicable	not applicable
D1a	Mus musculus	cerebral cortex	not applicable	tissue	amyotrophic lateral sclerosis	adult	female	B6C3F1	rNLS8 (NEFH-tTA x tetO-hTDP-43-dNLS)	1 week	1	180504_P21478_Proj2_TMT1_CTX1-10_QE2_fraction7-TMT126	proteomic profiling by mass spectrometry	NT=Q Exactive;AC=MS:1001911	TMT126	NT=TMT6plex;AC=UNIMOD:737;TA=K;MT=Fixed	NT=TMT6plex;AC=UNIMOD:737;PP=Peptide N-term;MT=Fixed	NT=Carbamidomethyl;AC=UNIMOD:4;TA=C;MT=Fixed	NT=Oxidation;AC=UNIMOD:35;TA=M;MT=Variable	NT=Trypsin;AC=MS:1001251	NT=Data-dependent acquisition;AC=PRIDE:0000627	NT=beam-type collision-induced dissociation;AC=MS:1000422	35 NCE	not available	not available	10	1	180504_P21478_Proj2_TMT1_CTX1-10_QE2_fraction7.raw	v1.1.0	NT=ms-proteomics;VV=v1.1.0	NT=vertebrates;VV=v1.1.0	NT=clinical-metadata;VV=v1.0.0	manual curation	rNLS8 (NEFH-tTA x tetO-hTDP-43-dNLS)	1 week
D2a	Mus musculus	cerebral cortex	not applicable	tissue	amyotrophic lateral sclerosis	adult	female	B6C3F1	rNLS8 (NEFH-tTA x tetO-hTDP-43-dNLS)	2 week	1	180504_P21478_Proj2_TMT1_CTX1-10_QE2_fraction7-TMT127N	proteomic profiling by mass spectrometry	NT=Q Exactive;AC=MS:1001911	TMT127N	NT=TMT6plex;AC=UNIMOD:737;TA=K;MT=Fixed	NT=TMT6plex;AC=UNIMOD:737;PP=Peptide N-term;MT=Fixed	NT=Carbamidomethyl;AC=UNIMOD:4;TA=C;MT=Fixed	NT=Oxidation;AC=UNIMOD:35;TA=M;MT=Variable	NT=Trypsin;AC=MS:1001251	NT=Data-dependent acquisition;AC=PRIDE:0000627	NT=beam-type collision-induced dissociation;AC=MS:1000422	35 NCE	not available	not available	10	1	180504_P21478_Proj2_TMT1_CTX1-10_QE2_fraction7.raw	v1.1.0	NT=ms-proteomics;VV=v1.1.0	NT=vertebrates;VV=v1.1.0	NT=clinical-metadata;VV=v1.0.0	manual curation	rNLS8 (NEFH-tTA x tetO-hTDP-43-dNLS)	2 week
D4a	Mus musculus	cerebral cortex	not applicable	tissue	amyotrophic lateral sclerosis	adult	female	B6C3F1	rNLS8 (NEFH-tTA x tetO-hTDP-43-dNLS)	4 week	1	180504_P21478_Proj2_TMT1_CTX1-10_QE2_fraction7-TMT127C	proteomic profiling by mass spectrometry	NT=Q Exactive;AC=MS:1001911	TMT127C	NT=TMT6plex;AC=UNIMOD:737;TA=K;MT=Fixed	NT=TMT6plex;AC=UNIMOD:737;PP=Peptide N-term;MT=Fixed	NT=Carbamidomethyl;AC=UNIMOD:4;TA=C;MT=Fixed	NT=Oxidation;AC=UNIMOD:35;TA=M;MT=Variable	NT=Trypsin;AC=MS:1001251	NT=Data-dependent acquisition;AC=PRIDE:0000627	NT=beam-type collision-induced dissociation;AC=MS:1000422	35 NCE	not available	not available	10	1	180504_P21478_Proj2_TMT1_CTX1-10_QE2_fraction7.raw	v1.1.0	NT=ms-proteomics;VV=v1.1.0	NT=vertebrates;VV=v1.1.0	NT=clinical-metadata;VV=v1.0.0	manual curation	rNLS8 (NEFH-tTA x tetO-hTDP-43-dNLS)	4 week
D6a	Mus musculus	cerebral cortex	not applicable	tissue	amyotrophic lateral sclerosis	adult	female	B6C3F1	rNLS8 (NEFH-tTA x tetO-hTDP-43-dNLS)	6 week	1	180504_P21478_Proj2_TMT1_CTX1-10_QE2_fraction7-TMT128N	proteomic profiling by mass spectrometry	NT=Q Exactive;AC=MS:1001911	TMT128N	NT=TMT6plex;AC=UNIMOD:737;TA=K;MT=Fixed	NT=TMT6plex;AC=UNIMOD:737;PP=Peptide N-term;MT=Fixed	NT=Carbamidomethyl;AC=UNIMOD:4;TA=C;MT=Fixed	NT=Oxidation;AC=UNIMOD:35;TA=M;MT=Variable	NT=Trypsin;AC=MS:1001251	NT=Data-dependent acquisition;AC=PRIDE:0000627	NT=beam-type collision-induced dissociation;AC=MS:1000422	35 NCE	not available	not available	10	1	180504_P21478_Proj2_TMT1_CTX1-10_QE2_fraction7.raw	v1.1.0	NT=ms-proteomics;VV=v1.1.0	NT=vertebrates;VV=v1.1.0	NT=clinical-metadata;VV=v1.0.0	manual curation	rNLS8 (NEFH-tTA x tetO-hTDP-43-dNLS)	6 week
D6+RECa	Mus musculus	cerebral cortex	not applicable	tissue	amyotrophic lateral sclerosis	adult	female	B6C3F1	rNLS8 (NEFH-tTA x tetO-hTDP-43-dNLS)	6 week + recovery	1	180504_P21478_Proj2_TMT1_CTX1-10_QE2_fraction7-TMT128C	proteomic profiling by mass spectrometry	NT=Q Exactive;AC=MS:1001911	TMT128C	NT=TMT6plex;AC=UNIMOD:737;TA=K;MT=Fixed	NT=TMT6plex;AC=UNIMOD:737;PP=Peptide N-term;MT=Fixed	NT=Carbamidomethyl;AC=UNIMOD:4;TA=C;MT=Fixed	NT=Oxidation;AC=UNIMOD:35;TA=M;MT=Variable	NT=Trypsin;AC=MS:1001251	NT=Data-dependent acquisition;AC=PRIDE:0000627	NT=beam-type collision-induced dissociation;AC=MS:1000422	35 NCE	not available	not available	10	1	180504_P21478_Proj2_TMT1_CTX1-10_QE2_fraction7.raw	v1.1.0	NT=ms-proteomics;VV=v1.1.0	NT=vertebrates;VV=v1.1.0	NT=clinical-metadata;VV=v1.0.0	manual curation	rNLS8 (NEFH-tTA x tetO-hTDP-43-dNLS)	6 week + recovery
C1a	Mus musculus	cerebral cortex	not applicable	tissue	normal	adult	female	B6C3F1	non-transgenic	1 week	1	180504_P21478_Proj2_TMT1_CTX1-10_QE2_fraction7-TMT129N	proteomic profiling by mass spectrometry	NT=Q Exactive;AC=MS:1001911	TMT129N	NT=TMT6plex;AC=UNIMOD:737;TA=K;MT=Fixed	NT=TMT6plex;AC=UNIMOD:737;PP=Peptide N-term;MT=Fixed	NT=Carbamidomethyl;AC=UNIMOD:4;TA=C;MT=Fixed	NT=Oxidation;AC=UNIMOD:35;TA=M;MT=Variable	NT=Trypsin;AC=MS:1001251	NT=Data-dependent acquisition;AC=PRIDE:0000627	NT=beam-type collision-induced dissociation;AC=MS:1000422	35 NCE	not available	not available	10	1	180504_P21478_Proj2_TMT1_CTX1-10_QE2_fraction7.raw	v1.1.0	NT=ms-proteomics;VV=v1.1.0	NT=vertebrates;VV=v1.1.0	NT=clinical-metadata;VV=v1.0.0	manual curation	non-transgenic	1 week
C4a	Mus musculus	cerebral cortex	not applicable	tissue	normal	adult	female	B6C3F1	NEFH-tTA	4 week	1	180504_P21478_Proj2_TMT1_CTX1-10_QE2_fraction7-TMT129C	proteomic profiling by mass spectrometry	NT=Q Exactive;AC=MS:1001911	TMT129C	NT=TMT6plex;AC=UNIMOD:737;TA=K;MT=Fixed	NT=TMT6plex;AC=UNIMOD:737;PP=Peptide N-term;MT=Fixed	NT=Carbamidomethyl;AC=UNIMOD:4;TA=C;MT=Fixed	NT=Oxidation;AC=UNIMOD:35;TA=M;MT=Variable	NT=Trypsin;AC=MS:1001251	NT=Data-dependent acquisition;AC=PRIDE:0000627	NT=beam-type collision-induced dissociation;AC=MS:1000422	35 NCE	not available	not available	10	1	180504_P21478_Proj2_TMT1_CTX1-10_QE2_fraction7.raw	v1.1.0	NT=ms-proteomics;VV=v1.1.0	NT=vertebrates;VV=v1.1.0	NT=clinical-metadata;VV=v1.0.0	manual curation	NEFH-tTA	4 week
C6a	Mus musculus	cerebral cortex	not applicable	tissue	normal	adult	female	B6C3F1	NEFH-tTA	6 week	1	180504_P21478_Proj2_TMT1_CTX1-10_QE2_fraction7-TMT130N	proteomic profiling by mass spectrometry	NT=Q Exactive;AC=MS:1001911	TMT130N	NT=TMT6plex;AC=UNIMOD:737;TA=K;MT=Fixed	NT=TMT6plex;AC=UNIMOD:737;PP=Peptide N-term;MT=Fixed	NT=Carbamidomethyl;AC=UNIMOD:4;TA=C;MT=Fixed	NT=Oxidation;AC=UNIMOD:35;TA=M;MT=Variable	NT=Trypsin;AC=MS:1001251	NT=Data-dependent acquisition;AC=PRIDE:0000627	NT=beam-type collision-induced dissociation;AC=MS:1000422	35 NCE	not available	not available	10	1	180504_P21478_Proj2_TMT1_CTX1-10_QE2_fraction7.raw	v1.1.0	NT=ms-proteomics;VV=v1.1.0	NT=vertebrates;VV=v1.1.0	NT=clinical-metadata;VV=v1.0.0	manual curation	NEFH-tTA	6 week
C6+RECa	Mus musculus	cerebral cortex	not applicable	tissue	normal	adult	female	B6C3F1	NEFH-tTA	6 week + recovery	1	180504_P21478_Proj2_TMT1_CTX1-10_QE2_fraction7-TMT130C	proteomic profiling by mass spectrometry	NT=Q Exactive;AC=MS:1001911	TMT130C	NT=TMT6plex;AC=UNIMOD:737;TA=K;MT=Fixed	NT=TMT6plex;AC=UNIMOD:737;PP=Peptide N-term;MT=Fixed	NT=Carbamidomethyl;AC=UNIMOD:4;TA=C;MT=Fixed	NT=Oxidation;AC=UNIMOD:35;TA=M;MT=Variable	NT=Trypsin;AC=MS:1001251	NT=Data-dependent acquisition;AC=PRIDE:0000627	NT=beam-type collision-induced dissociation;AC=MS:1000422	35 NCE	not available	not available	10	1	180504_P21478_Proj2_TMT1_CTX1-10_QE2_fraction7.raw	v1.1.0	NT=ms-proteomics;VV=v1.1.0	NT=vertebrates;VV=v1.1.0	NT=clinical-metadata;VV=v1.0.0	manual curation	NEFH-tTA	6 week + recovery
pooled_control_reference_TMT1_CTX1-10	Mus musculus	cerebral cortex	not applicable	tissue	normal	adult	female	B6C3F1	not applicable	not applicable	pooled	180504_P21478_Proj2_TMT1_CTX1-10_QE2_fraction7-TMT131	proteomic profiling by mass spectrometry	NT=Q Exactive;AC=MS:1001911	TMT131	NT=TMT6plex;AC=UNIMOD:737;TA=K;MT=Fixed	NT=TMT6plex;AC=UNIMOD:737;PP=Peptide N-term;MT=Fixed	NT=Carbamidomethyl;AC=UNIMOD:4;TA=C;MT=Fixed	NT=Oxidation;AC=UNIMOD:35;TA=M;MT=Variable	NT=Trypsin;AC=MS:1001251	NT=Data-dependent acquisition;AC=PRIDE:0000627	NT=beam-type collision-induced dissociation;AC=MS:1000422	35 NCE	not available	not available	10	1	180504_P21478_Proj2_TMT1_CTX1-10_QE2_fraction7.raw	v1.1.0	NT=ms-proteomics;VV=v1.1.0	NT=vertebrates;VV=v1.1.0	NT=clinical-metadata;VV=v1.0.0	manual curation	not applicable	not applicable
D1a	Mus musculus	cerebral cortex	not applicable	tissue	amyotrophic lateral sclerosis	adult	female	B6C3F1	rNLS8 (NEFH-tTA x tetO-hTDP-43-dNLS)	1 week	1	180504_P21478_Proj2_TMT1_CTX1-10_QE2_fraction8-TMT126	proteomic profiling by mass spectrometry	NT=Q Exactive;AC=MS:1001911	TMT126	NT=TMT6plex;AC=UNIMOD:737;TA=K;MT=Fixed	NT=TMT6plex;AC=UNIMOD:737;PP=Peptide N-term;MT=Fixed	NT=Carbamidomethyl;AC=UNIMOD:4;TA=C;MT=Fixed	NT=Oxidation;AC=UNIMOD:35;TA=M;MT=Variable	NT=Trypsin;AC=MS:1001251	NT=Data-dependent acquisition;AC=PRIDE:0000627	NT=beam-type collision-induced dissociation;AC=MS:1000422	35 NCE	not available	not available	11	1	180504_P21478_Proj2_TMT1_CTX1-10_QE2_fraction8.raw	v1.1.0	NT=ms-proteomics;VV=v1.1.0	NT=vertebrates;VV=v1.1.0	NT=clinical-metadata;VV=v1.0.0	manual curation	rNLS8 (NEFH-tTA x tetO-hTDP-43-dNLS)	1 week
D2a	Mus musculus	cerebral cortex	not applicable	tissue	amyotrophic lateral sclerosis	adult	female	B6C3F1	rNLS8 (NEFH-tTA x tetO-hTDP-43-dNLS)	2 week	1	180504_P21478_Proj2_TMT1_CTX1-10_QE2_fraction8-TMT127N	proteomic profiling by mass spectrometry	NT=Q Exactive;AC=MS:1001911	TMT127N	NT=TMT6plex;AC=UNIMOD:737;TA=K;MT=Fixed	NT=TMT6plex;AC=UNIMOD:737;PP=Peptide N-term;MT=Fixed	NT=Carbamidomethyl;AC=UNIMOD:4;TA=C;MT=Fixed	NT=Oxidation;AC=UNIMOD:35;TA=M;MT=Variable	NT=Trypsin;AC=MS:1001251	NT=Data-dependent acquisition;AC=PRIDE:0000627	NT=beam-type collision-induced dissociation;AC=MS:1000422	35 NCE	not available	not available	11	1	180504_P21478_Proj2_TMT1_CTX1-10_QE2_fraction8.raw	v1.1.0	NT=ms-proteomics;VV=v1.1.0	NT=vertebrates;VV=v1.1.0	NT=clinical-metadata;VV=v1.0.0	manual curation	rNLS8 (NEFH-tTA x tetO-hTDP-43-dNLS)	2 week
D4a	Mus musculus	cerebral cortex	not applicable	tissue	amyotrophic lateral sclerosis	adult	female	B6C3F1	rNLS8 (NEFH-tTA x tetO-hTDP-43-dNLS)	4 week	1	180504_P21478_Proj2_TMT1_CTX1-10_QE2_fraction8-TMT127C	proteomic profiling by mass spectrometry	NT=Q Exactive;AC=MS:1001911	TMT127C	NT=TMT6plex;AC=UNIMOD:737;TA=K;MT=Fixed	NT=TMT6plex;AC=UNIMOD:737;PP=Peptide N-term;MT=Fixed	NT=Carbamidomethyl;AC=UNIMOD:4;TA=C;MT=Fixed	NT=Oxidation;AC=UNIMOD:35;TA=M;MT=Variable	NT=Trypsin;AC=MS:1001251	NT=Data-dependent acquisition;AC=PRIDE:0000627	NT=beam-type collision-induced dissociation;AC=MS:1000422	35 NCE	not available	not available	11	1	180504_P21478_Proj2_TMT1_CTX1-10_QE2_fraction8.raw	v1.1.0	NT=ms-proteomics;VV=v1.1.0	NT=vertebrates;VV=v1.1.0	NT=clinical-metadata;VV=v1.0.0	manual curation	rNLS8 (NEFH-tTA x tetO-hTDP-43-dNLS)	4 week
D6a	Mus musculus	cerebral cortex	not applicable	tissue	amyotrophic lateral sclerosis	adult	female	B6C3F1	rNLS8 (NEFH-tTA x tetO-hTDP-43-dNLS)	6 week	1	180504_P21478_Proj2_TMT1_CTX1-10_QE2_fraction8-TMT128N	proteomic profiling by mass spectrometry	NT=Q Exactive;AC=MS:1001911	TMT128N	NT=TMT6plex;AC=UNIMOD:737;TA=K;MT=Fixed	NT=TMT6plex;AC=UNIMOD:737;PP=Peptide N-term;MT=Fixed	NT=Carbamidomethyl;AC=UNIMOD:4;TA=C;MT=Fixed	NT=Oxidation;AC=UNIMOD:35;TA=M;MT=Variable	NT=Trypsin;AC=MS:1001251	NT=Data-dependent acquisition;AC=PRIDE:0000627	NT=beam-type collision-induced dissociation;AC=MS:1000422	35 NCE	not available	not available	11	1	180504_P21478_Proj2_TMT1_CTX1-10_QE2_fraction8.raw	v1.1.0	NT=ms-proteomics;VV=v1.1.0	NT=vertebrates;VV=v1.1.0	NT=clinical-metadata;VV=v1.0.0	manual curation	rNLS8 (NEFH-tTA x tetO-hTDP-43-dNLS)	6 week
D6+RECa	Mus musculus	cerebral cortex	not applicable	tissue	amyotrophic lateral sclerosis	adult	female	B6C3F1	rNLS8 (NEFH-tTA x tetO-hTDP-43-dNLS)	6 week + recovery	1	180504_P21478_Proj2_TMT1_CTX1-10_QE2_fraction8-TMT128C	proteomic profiling by mass spectrometry	NT=Q Exactive;AC=MS:1001911	TMT128C	NT=TMT6plex;AC=UNIMOD:737;TA=K;MT=Fixed	NT=TMT6plex;AC=UNIMOD:737;PP=Peptide N-term;MT=Fixed	NT=Carbamidomethyl;AC=UNIMOD:4;TA=C;MT=Fixed	NT=Oxidation;AC=UNIMOD:35;TA=M;MT=Variable	NT=Trypsin;AC=MS:1001251	NT=Data-dependent acquisition;AC=PRIDE:0000627	NT=beam-type collision-induced dissociation;AC=MS:1000422	35 NCE	not available	not available	11	1	180504_P21478_Proj2_TMT1_CTX1-10_QE2_fraction8.raw	v1.1.0	NT=ms-proteomics;VV=v1.1.0	NT=vertebrates;VV=v1.1.0	NT=clinical-metadata;VV=v1.0.0	manual curation	rNLS8 (NEFH-tTA x tetO-hTDP-43-dNLS)	6 week + recovery
C1a	Mus musculus	cerebral cortex	not applicable	tissue	normal	adult	female	B6C3F1	non-transgenic	1 week	1	180504_P21478_Proj2_TMT1_CTX1-10_QE2_fraction8-TMT129N	proteomic profiling by mass spectrometry	NT=Q Exactive;AC=MS:1001911	TMT129N	NT=TMT6plex;AC=UNIMOD:737;TA=K;MT=Fixed	NT=TMT6plex;AC=UNIMOD:737;PP=Peptide N-term;MT=Fixed	NT=Carbamidomethyl;AC=UNIMOD:4;TA=C;MT=Fixed	NT=Oxidation;AC=UNIMOD:35;TA=M;MT=Variable	NT=Trypsin;AC=MS:1001251	NT=Data-dependent acquisition;AC=PRIDE:0000627	NT=beam-type collision-induced dissociation;AC=MS:1000422	35 NCE	not available	not available	11	1	180504_P21478_Proj2_TMT1_CTX1-10_QE2_fraction8.raw	v1.1.0	NT=ms-proteomics;VV=v1.1.0	NT=vertebrates;VV=v1.1.0	NT=clinical-metadata;VV=v1.0.0	manual curation	non-transgenic	1 week
C4a	Mus musculus	cerebral cortex	not applicable	tissue	normal	adult	female	B6C3F1	NEFH-tTA	4 week	1	180504_P21478_Proj2_TMT1_CTX1-10_QE2_fraction8-TMT129C	proteomic profiling by mass spectrometry	NT=Q Exactive;AC=MS:1001911	TMT129C	NT=TMT6plex;AC=UNIMOD:737;TA=K;MT=Fixed	NT=TMT6plex;AC=UNIMOD:737;PP=Peptide N-term;MT=Fixed	NT=Carbamidomethyl;AC=UNIMOD:4;TA=C;MT=Fixed	NT=Oxidation;AC=UNIMOD:35;TA=M;MT=Variable	NT=Trypsin;AC=MS:1001251	NT=Data-dependent acquisition;AC=PRIDE:0000627	NT=beam-type collision-induced dissociation;AC=MS:1000422	35 NCE	not available	not available	11	1	180504_P21478_Proj2_TMT1_CTX1-10_QE2_fraction8.raw	v1.1.0	NT=ms-proteomics;VV=v1.1.0	NT=vertebrates;VV=v1.1.0	NT=clinical-metadata;VV=v1.0.0	manual curation	NEFH-tTA	4 week
C6a	Mus musculus	cerebral cortex	not applicable	tissue	normal	adult	female	B6C3F1	NEFH-tTA	6 week	1	180504_P21478_Proj2_TMT1_CTX1-10_QE2_fraction8-TMT130N	proteomic profiling by mass spectrometry	NT=Q Exactive;AC=MS:1001911	TMT130N	NT=TMT6plex;AC=UNIMOD:737;TA=K;MT=Fixed	NT=TMT6plex;AC=UNIMOD:737;PP=Peptide N-term;MT=Fixed	NT=Carbamidomethyl;AC=UNIMOD:4;TA=C;MT=Fixed	NT=Oxidation;AC=UNIMOD:35;TA=M;MT=Variable	NT=Trypsin;AC=MS:1001251	NT=Data-dependent acquisition;AC=PRIDE:0000627	NT=beam-type collision-induced dissociation;AC=MS:1000422	35 NCE	not available	not available	11	1	180504_P21478_Proj2_TMT1_CTX1-10_QE2_fraction8.raw	v1.1.0	NT=ms-proteomics;VV=v1.1.0	NT=vertebrates;VV=v1.1.0	NT=clinical-metadata;VV=v1.0.0	manual curation	NEFH-tTA	6 week
C6+RECa	Mus musculus	cerebral cortex	not applicable	tissue	normal	adult	female	B6C3F1	NEFH-tTA	6 week + recovery	1	180504_P21478_Proj2_TMT1_CTX1-10_QE2_fraction8-TMT130C	proteomic profiling by mass spectrometry	NT=Q Exactive;AC=MS:1001911	TMT130C	NT=TMT6plex;AC=UNIMOD:737;TA=K;MT=Fixed	NT=TMT6plex;AC=UNIMOD:737;PP=Peptide N-term;MT=Fixed	NT=Carbamidomethyl;AC=UNIMOD:4;TA=C;MT=Fixed	NT=Oxidation;AC=UNIMOD:35;TA=M;MT=Variable	NT=Trypsin;AC=MS:1001251	NT=Data-dependent acquisition;AC=PRIDE:0000627	NT=beam-type collision-induced dissociation;AC=MS:1000422	35 NCE	not available	not available	11	1	180504_P21478_Proj2_TMT1_CTX1-10_QE2_fraction8.raw	v1.1.0	NT=ms-proteomics;VV=v1.1.0	NT=vertebrates;VV=v1.1.0	NT=clinical-metadata;VV=v1.0.0	manual curation	NEFH-tTA	6 week + recovery
pooled_control_reference_TMT1_CTX1-10	Mus musculus	cerebral cortex	not applicable	tissue	normal	adult	female	B6C3F1	not applicable	not applicable	pooled	180504_P21478_Proj2_TMT1_CTX1-10_QE2_fraction8-TMT131	proteomic profiling by mass spectrometry	NT=Q Exactive;AC=MS:1001911	TMT131	NT=TMT6plex;AC=UNIMOD:737;TA=K;MT=Fixed	NT=TMT6plex;AC=UNIMOD:737;PP=Peptide N-term;MT=Fixed	NT=Carbamidomethyl;AC=UNIMOD:4;TA=C;MT=Fixed	NT=Oxidation;AC=UNIMOD:35;TA=M;MT=Variable	NT=Trypsin;AC=MS:1001251	NT=Data-dependent acquisition;AC=PRIDE:0000627	NT=beam-type collision-induced dissociation;AC=MS:1000422	35 NCE	not available	not available	11	1	180504_P21478_Proj2_TMT1_CTX1-10_QE2_fraction8.raw	v1.1.0	NT=ms-proteomics;VV=v1.1.0	NT=vertebrates;VV=v1.1.0	NT=clinical-metadata;VV=v1.0.0	manual curation	not applicable	not applicable
D1a	Mus musculus	cerebral cortex	not applicable	tissue	amyotrophic lateral sclerosis	adult	female	B6C3F1	rNLS8 (NEFH-tTA x tetO-hTDP-43-dNLS)	1 week	1	180504_P21478_Proj2_TMT1_CTX1-10_QE2_fraction9-TMT126	proteomic profiling by mass spectrometry	NT=Q Exactive;AC=MS:1001911	TMT126	NT=TMT6plex;AC=UNIMOD:737;TA=K;MT=Fixed	NT=TMT6plex;AC=UNIMOD:737;PP=Peptide N-term;MT=Fixed	NT=Carbamidomethyl;AC=UNIMOD:4;TA=C;MT=Fixed	NT=Oxidation;AC=UNIMOD:35;TA=M;MT=Variable	NT=Trypsin;AC=MS:1001251	NT=Data-dependent acquisition;AC=PRIDE:0000627	NT=beam-type collision-induced dissociation;AC=MS:1000422	35 NCE	not available	not available	12	1	180504_P21478_Proj2_TMT1_CTX1-10_QE2_fraction9.raw	v1.1.0	NT=ms-proteomics;VV=v1.1.0	NT=vertebrates;VV=v1.1.0	NT=clinical-metadata;VV=v1.0.0	manual curation	rNLS8 (NEFH-tTA x tetO-hTDP-43-dNLS)	1 week
D2a	Mus musculus	cerebral cortex	not applicable	tissue	amyotrophic lateral sclerosis	adult	female	B6C3F1	rNLS8 (NEFH-tTA x tetO-hTDP-43-dNLS)	2 week	1	180504_P21478_Proj2_TMT1_CTX1-10_QE2_fraction9-TMT127N	proteomic profiling by mass spectrometry	NT=Q Exactive;AC=MS:1001911	TMT127N	NT=TMT6plex;AC=UNIMOD:737;TA=K;MT=Fixed	NT=TMT6plex;AC=UNIMOD:737;PP=Peptide N-term;MT=Fixed	NT=Carbamidomethyl;AC=UNIMOD:4;TA=C;MT=Fixed	NT=Oxidation;AC=UNIMOD:35;TA=M;MT=Variable	NT=Trypsin;AC=MS:1001251	NT=Data-dependent acquisition;AC=PRIDE:0000627	NT=beam-type collision-induced dissociation;AC=MS:1000422	35 NCE	not available	not available	12	1	180504_P21478_Proj2_TMT1_CTX1-10_QE2_fraction9.raw	v1.1.0	NT=ms-proteomics;VV=v1.1.0	NT=vertebrates;VV=v1.1.0	NT=clinical-metadata;VV=v1.0.0	manual curation	rNLS8 (NEFH-tTA x tetO-hTDP-43-dNLS)	2 week
D4a	Mus musculus	cerebral cortex	not applicable	tissue	amyotrophic lateral sclerosis	adult	female	B6C3F1	rNLS8 (NEFH-tTA x tetO-hTDP-43-dNLS)	4 week	1	180504_P21478_Proj2_TMT1_CTX1-10_QE2_fraction9-TMT127C	proteomic profiling by mass spectrometry	NT=Q Exactive;AC=MS:1001911	TMT127C	NT=TMT6plex;AC=UNIMOD:737;TA=K;MT=Fixed	NT=TMT6plex;AC=UNIMOD:737;PP=Peptide N-term;MT=Fixed	NT=Carbamidomethyl;AC=UNIMOD:4;TA=C;MT=Fixed	NT=Oxidation;AC=UNIMOD:35;TA=M;MT=Variable	NT=Trypsin;AC=MS:1001251	NT=Data-dependent acquisition;AC=PRIDE:0000627	NT=beam-type collision-induced dissociation;AC=MS:1000422	35 NCE	not available	not available	12	1	180504_P21478_Proj2_TMT1_CTX1-10_QE2_fraction9.raw	v1.1.0	NT=ms-proteomics;VV=v1.1.0	NT=vertebrates;VV=v1.1.0	NT=clinical-metadata;VV=v1.0.0	manual curation	rNLS8 (NEFH-tTA x tetO-hTDP-43-dNLS)	4 week
D6a	Mus musculus	cerebral cortex	not applicable	tissue	amyotrophic lateral sclerosis	adult	female	B6C3F1	rNLS8 (NEFH-tTA x tetO-hTDP-43-dNLS)	6 week	1	180504_P21478_Proj2_TMT1_CTX1-10_QE2_fraction9-TMT128N	proteomic profiling by mass spectrometry	NT=Q Exactive;AC=MS:1001911	TMT128N	NT=TMT6plex;AC=UNIMOD:737;TA=K;MT=Fixed	NT=TMT6plex;AC=UNIMOD:737;PP=Peptide N-term;MT=Fixed	NT=Carbamidomethyl;AC=UNIMOD:4;TA=C;MT=Fixed	NT=Oxidation;AC=UNIMOD:35;TA=M;MT=Variable	NT=Trypsin;AC=MS:1001251	NT=Data-dependent acquisition;AC=PRIDE:0000627	NT=beam-type collision-induced dissociation;AC=MS:1000422	35 NCE	not available	not available	12	1	180504_P21478_Proj2_TMT1_CTX1-10_QE2_fraction9.raw	v1.1.0	NT=ms-proteomics;VV=v1.1.0	NT=vertebrates;VV=v1.1.0	NT=clinical-metadata;VV=v1.0.0	manual curation	rNLS8 (NEFH-tTA x tetO-hTDP-43-dNLS)	6 week
D6+RECa	Mus musculus	cerebral cortex	not applicable	tissue	amyotrophic lateral sclerosis	adult	female	B6C3F1	rNLS8 (NEFH-tTA x tetO-hTDP-43-dNLS)	6 week + recovery	1	180504_P21478_Proj2_TMT1_CTX1-10_QE2_fraction9-TMT128C	proteomic profiling by mass spectrometry	NT=Q Exactive;AC=MS:1001911	TMT128C	NT=TMT6plex;AC=UNIMOD:737;TA=K;MT=Fixed	NT=TMT6plex;AC=UNIMOD:737;PP=Peptide N-term;MT=Fixed	NT=Carbamidomethyl;AC=UNIMOD:4;TA=C;MT=Fixed	NT=Oxidation;AC=UNIMOD:35;TA=M;MT=Variable	NT=Trypsin;AC=MS:1001251	NT=Data-dependent acquisition;AC=PRIDE:0000627	NT=beam-type collision-induced dissociation;AC=MS:1000422	35 NCE	not available	not available	12	1	180504_P21478_Proj2_TMT1_CTX1-10_QE2_fraction9.raw	v1.1.0	NT=ms-proteomics;VV=v1.1.0	NT=vertebrates;VV=v1.1.0	NT=clinical-metadata;VV=v1.0.0	manual curation	rNLS8 (NEFH-tTA x tetO-hTDP-43-dNLS)	6 week + recovery
C1a	Mus musculus	cerebral cortex	not applicable	tissue	normal	adult	female	B6C3F1	non-transgenic	1 week	1	180504_P21478_Proj2_TMT1_CTX1-10_QE2_fraction9-TMT129N	proteomic profiling by mass spectrometry	NT=Q Exactive;AC=MS:1001911	TMT129N	NT=TMT6plex;AC=UNIMOD:737;TA=K;MT=Fixed	NT=TMT6plex;AC=UNIMOD:737;PP=Peptide N-term;MT=Fixed	NT=Carbamidomethyl;AC=UNIMOD:4;TA=C;MT=Fixed	NT=Oxidation;AC=UNIMOD:35;TA=M;MT=Variable	NT=Trypsin;AC=MS:1001251	NT=Data-dependent acquisition;AC=PRIDE:0000627	NT=beam-type collision-induced dissociation;AC=MS:1000422	35 NCE	not available	not available	12	1	180504_P21478_Proj2_TMT1_CTX1-10_QE2_fraction9.raw	v1.1.0	NT=ms-proteomics;VV=v1.1.0	NT=vertebrates;VV=v1.1.0	NT=clinical-metadata;VV=v1.0.0	manual curation	non-transgenic	1 week
C4a	Mus musculus	cerebral cortex	not applicable	tissue	normal	adult	female	B6C3F1	NEFH-tTA	4 week	1	180504_P21478_Proj2_TMT1_CTX1-10_QE2_fraction9-TMT129C	proteomic profiling by mass spectrometry	NT=Q Exactive;AC=MS:1001911	TMT129C	NT=TMT6plex;AC=UNIMOD:737;TA=K;MT=Fixed	NT=TMT6plex;AC=UNIMOD:737;PP=Peptide N-term;MT=Fixed	NT=Carbamidomethyl;AC=UNIMOD:4;TA=C;MT=Fixed	NT=Oxidation;AC=UNIMOD:35;TA=M;MT=Variable	NT=Trypsin;AC=MS:1001251	NT=Data-dependent acquisition;AC=PRIDE:0000627	NT=beam-type collision-induced dissociation;AC=MS:1000422	35 NCE	not available	not available	12	1	180504_P21478_Proj2_TMT1_CTX1-10_QE2_fraction9.raw	v1.1.0	NT=ms-proteomics;VV=v1.1.0	NT=vertebrates;VV=v1.1.0	NT=clinical-metadata;VV=v1.0.0	manual curation	NEFH-tTA	4 week
C6a	Mus musculus	cerebral cortex	not applicable	tissue	normal	adult	female	B6C3F1	NEFH-tTA	6 week	1	180504_P21478_Proj2_TMT1_CTX1-10_QE2_fraction9-TMT130N	proteomic profiling by mass spectrometry	NT=Q Exactive;AC=MS:1001911	TMT130N	NT=TMT6plex;AC=UNIMOD:737;TA=K;MT=Fixed	NT=TMT6plex;AC=UNIMOD:737;PP=Peptide N-term;MT=Fixed	NT=Carbamidomethyl;AC=UNIMOD:4;TA=C;MT=Fixed	NT=Oxidation;AC=UNIMOD:35;TA=M;MT=Variable	NT=Trypsin;AC=MS:1001251	NT=Data-dependent acquisition;AC=PRIDE:0000627	NT=beam-type collision-induced dissociation;AC=MS:1000422	35 NCE	not available	not available	12	1	180504_P21478_Proj2_TMT1_CTX1-10_QE2_fraction9.raw	v1.1.0	NT=ms-proteomics;VV=v1.1.0	NT=vertebrates;VV=v1.1.0	NT=clinical-metadata;VV=v1.0.0	manual curation	NEFH-tTA	6 week
C6+RECa	Mus musculus	cerebral cortex	not applicable	tissue	normal	adult	female	B6C3F1	NEFH-tTA	6 week + recovery	1	180504_P21478_Proj2_TMT1_CTX1-10_QE2_fraction9-TMT130C	proteomic profiling by mass spectrometry	NT=Q Exactive;AC=MS:1001911	TMT130C	NT=TMT6plex;AC=UNIMOD:737;TA=K;MT=Fixed	NT=TMT6plex;AC=UNIMOD:737;PP=Peptide N-term;MT=Fixed	NT=Carbamidomethyl;AC=UNIMOD:4;TA=C;MT=Fixed	NT=Oxidation;AC=UNIMOD:35;TA=M;MT=Variable	NT=Trypsin;AC=MS:1001251	NT=Data-dependent acquisition;AC=PRIDE:0000627	NT=beam-type collision-induced dissociation;AC=MS:1000422	35 NCE	not available	not available	12	1	180504_P21478_Proj2_TMT1_CTX1-10_QE2_fraction9.raw	v1.1.0	NT=ms-proteomics;VV=v1.1.0	NT=vertebrates;VV=v1.1.0	NT=clinical-metadata;VV=v1.0.0	manual curation	NEFH-tTA	6 week + recovery
pooled_control_reference_TMT1_CTX1-10	Mus musculus	cerebral cortex	not applicable	tissue	normal	adult	female	B6C3F1	not applicable	not applicable	pooled	180504_P21478_Proj2_TMT1_CTX1-10_QE2_fraction9-TMT131	proteomic profiling by mass spectrometry	NT=Q Exactive;AC=MS:1001911	TMT131	NT=TMT6plex;AC=UNIMOD:737;TA=K;MT=Fixed	NT=TMT6plex;AC=UNIMOD:737;PP=Peptide N-term;MT=Fixed	NT=Carbamidomethyl;AC=UNIMOD:4;TA=C;MT=Fixed	NT=Oxidation;AC=UNIMOD:35;TA=M;MT=Variable	NT=Trypsin;AC=MS:1001251	NT=Data-dependent acquisition;AC=PRIDE:0000627	NT=beam-type collision-induced dissociation;AC=MS:1000422	35 NCE	not available	not available	12	1	180504_P21478_Proj2_TMT1_CTX1-10_QE2_fraction9.raw	v1.1.0	NT=ms-proteomics;VV=v1.1.0	NT=vertebrates;VV=v1.1.0	NT=clinical-metadata;VV=v1.0.0	manual curation	not applicable	not applicable
D1a	Mus musculus	cerebral cortex	not applicable	tissue	amyotrophic lateral sclerosis	adult	female	B6C3F1	rNLS8 (NEFH-tTA x tetO-hTDP-43-dNLS)	1 week	1	180504_P21478_Proj2_TMT1_CTX1-10_QE2_fraction_-1-TMT126	proteomic profiling by mass spectrometry	NT=Q Exactive;AC=MS:1001911	TMT126	NT=TMT6plex;AC=UNIMOD:737;TA=K;MT=Fixed	NT=TMT6plex;AC=UNIMOD:737;PP=Peptide N-term;MT=Fixed	NT=Carbamidomethyl;AC=UNIMOD:4;TA=C;MT=Fixed	NT=Oxidation;AC=UNIMOD:35;TA=M;MT=Variable	NT=Trypsin;AC=MS:1001251	NT=Data-dependent acquisition;AC=PRIDE:0000627	NT=beam-type collision-induced dissociation;AC=MS:1000422	35 NCE	not available	not available	3	1	180504_P21478_Proj2_TMT1_CTX1-10_QE2_fraction_-1.raw	v1.1.0	NT=ms-proteomics;VV=v1.1.0	NT=vertebrates;VV=v1.1.0	NT=clinical-metadata;VV=v1.0.0	manual curation	rNLS8 (NEFH-tTA x tetO-hTDP-43-dNLS)	1 week
D2a	Mus musculus	cerebral cortex	not applicable	tissue	amyotrophic lateral sclerosis	adult	female	B6C3F1	rNLS8 (NEFH-tTA x tetO-hTDP-43-dNLS)	2 week	1	180504_P21478_Proj2_TMT1_CTX1-10_QE2_fraction_-1-TMT127N	proteomic profiling by mass spectrometry	NT=Q Exactive;AC=MS:1001911	TMT127N	NT=TMT6plex;AC=UNIMOD:737;TA=K;MT=Fixed	NT=TMT6plex;AC=UNIMOD:737;PP=Peptide N-term;MT=Fixed	NT=Carbamidomethyl;AC=UNIMOD:4;TA=C;MT=Fixed	NT=Oxidation;AC=UNIMOD:35;TA=M;MT=Variable	NT=Trypsin;AC=MS:1001251	NT=Data-dependent acquisition;AC=PRIDE:0000627	NT=beam-type collision-induced dissociation;AC=MS:1000422	35 NCE	not available	not available	3	1	180504_P21478_Proj2_TMT1_CTX1-10_QE2_fraction_-1.raw	v1.1.0	NT=ms-proteomics;VV=v1.1.0	NT=vertebrates;VV=v1.1.0	NT=clinical-metadata;VV=v1.0.0	manual curation	rNLS8 (NEFH-tTA x tetO-hTDP-43-dNLS)	2 week
D4a	Mus musculus	cerebral cortex	not applicable	tissue	amyotrophic lateral sclerosis	adult	female	B6C3F1	rNLS8 (NEFH-tTA x tetO-hTDP-43-dNLS)	4 week	1	180504_P21478_Proj2_TMT1_CTX1-10_QE2_fraction_-1-TMT127C	proteomic profiling by mass spectrometry	NT=Q Exactive;AC=MS:1001911	TMT127C	NT=TMT6plex;AC=UNIMOD:737;TA=K;MT=Fixed	NT=TMT6plex;AC=UNIMOD:737;PP=Peptide N-term;MT=Fixed	NT=Carbamidomethyl;AC=UNIMOD:4;TA=C;MT=Fixed	NT=Oxidation;AC=UNIMOD:35;TA=M;MT=Variable	NT=Trypsin;AC=MS:1001251	NT=Data-dependent acquisition;AC=PRIDE:0000627	NT=beam-type collision-induced dissociation;AC=MS:1000422	35 NCE	not available	not available	3	1	180504_P21478_Proj2_TMT1_CTX1-10_QE2_fraction_-1.raw	v1.1.0	NT=ms-proteomics;VV=v1.1.0	NT=vertebrates;VV=v1.1.0	NT=clinical-metadata;VV=v1.0.0	manual curation	rNLS8 (NEFH-tTA x tetO-hTDP-43-dNLS)	4 week
D6a	Mus musculus	cerebral cortex	not applicable	tissue	amyotrophic lateral sclerosis	adult	female	B6C3F1	rNLS8 (NEFH-tTA x tetO-hTDP-43-dNLS)	6 week	1	180504_P21478_Proj2_TMT1_CTX1-10_QE2_fraction_-1-TMT128N	proteomic profiling by mass spectrometry	NT=Q Exactive;AC=MS:1001911	TMT128N	NT=TMT6plex;AC=UNIMOD:737;TA=K;MT=Fixed	NT=TMT6plex;AC=UNIMOD:737;PP=Peptide N-term;MT=Fixed	NT=Carbamidomethyl;AC=UNIMOD:4;TA=C;MT=Fixed	NT=Oxidation;AC=UNIMOD:35;TA=M;MT=Variable	NT=Trypsin;AC=MS:1001251	NT=Data-dependent acquisition;AC=PRIDE:0000627	NT=beam-type collision-induced dissociation;AC=MS:1000422	35 NCE	not available	not available	3	1	180504_P21478_Proj2_TMT1_CTX1-10_QE2_fraction_-1.raw	v1.1.0	NT=ms-proteomics;VV=v1.1.0	NT=vertebrates;VV=v1.1.0	NT=clinical-metadata;VV=v1.0.0	manual curation	rNLS8 (NEFH-tTA x tetO-hTDP-43-dNLS)	6 week
D6+RECa	Mus musculus	cerebral cortex	not applicable	tissue	amyotrophic lateral sclerosis	adult	female	B6C3F1	rNLS8 (NEFH-tTA x tetO-hTDP-43-dNLS)	6 week + recovery	1	180504_P21478_Proj2_TMT1_CTX1-10_QE2_fraction_-1-TMT128C	proteomic profiling by mass spectrometry	NT=Q Exactive;AC=MS:1001911	TMT128C	NT=TMT6plex;AC=UNIMOD:737;TA=K;MT=Fixed	NT=TMT6plex;AC=UNIMOD:737;PP=Peptide N-term;MT=Fixed	NT=Carbamidomethyl;AC=UNIMOD:4;TA=C;MT=Fixed	NT=Oxidation;AC=UNIMOD:35;TA=M;MT=Variable	NT=Trypsin;AC=MS:1001251	NT=Data-dependent acquisition;AC=PRIDE:0000627	NT=beam-type collision-induced dissociation;AC=MS:1000422	35 NCE	not available	not available	3	1	180504_P21478_Proj2_TMT1_CTX1-10_QE2_fraction_-1.raw	v1.1.0	NT=ms-proteomics;VV=v1.1.0	NT=vertebrates;VV=v1.1.0	NT=clinical-metadata;VV=v1.0.0	manual curation	rNLS8 (NEFH-tTA x tetO-hTDP-43-dNLS)	6 week + recovery
C1a	Mus musculus	cerebral cortex	not applicable	tissue	normal	adult	female	B6C3F1	non-transgenic	1 week	1	180504_P21478_Proj2_TMT1_CTX1-10_QE2_fraction_-1-TMT129N	proteomic profiling by mass spectrometry	NT=Q Exactive;AC=MS:1001911	TMT129N	NT=TMT6plex;AC=UNIMOD:737;TA=K;MT=Fixed	NT=TMT6plex;AC=UNIMOD:737;PP=Peptide N-term;MT=Fixed	NT=Carbamidomethyl;AC=UNIMOD:4;TA=C;MT=Fixed	NT=Oxidation;AC=UNIMOD:35;TA=M;MT=Variable	NT=Trypsin;AC=MS:1001251	NT=Data-dependent acquisition;AC=PRIDE:0000627	NT=beam-type collision-induced dissociation;AC=MS:1000422	35 NCE	not available	not available	3	1	180504_P21478_Proj2_TMT1_CTX1-10_QE2_fraction_-1.raw	v1.1.0	NT=ms-proteomics;VV=v1.1.0	NT=vertebrates;VV=v1.1.0	NT=clinical-metadata;VV=v1.0.0	manual curation	non-transgenic	1 week
C4a	Mus musculus	cerebral cortex	not applicable	tissue	normal	adult	female	B6C3F1	NEFH-tTA	4 week	1	180504_P21478_Proj2_TMT1_CTX1-10_QE2_fraction_-1-TMT129C	proteomic profiling by mass spectrometry	NT=Q Exactive;AC=MS:1001911	TMT129C	NT=TMT6plex;AC=UNIMOD:737;TA=K;MT=Fixed	NT=TMT6plex;AC=UNIMOD:737;PP=Peptide N-term;MT=Fixed	NT=Carbamidomethyl;AC=UNIMOD:4;TA=C;MT=Fixed	NT=Oxidation;AC=UNIMOD:35;TA=M;MT=Variable	NT=Trypsin;AC=MS:1001251	NT=Data-dependent acquisition;AC=PRIDE:0000627	NT=beam-type collision-induced dissociation;AC=MS:1000422	35 NCE	not available	not available	3	1	180504_P21478_Proj2_TMT1_CTX1-10_QE2_fraction_-1.raw	v1.1.0	NT=ms-proteomics;VV=v1.1.0	NT=vertebrates;VV=v1.1.0	NT=clinical-metadata;VV=v1.0.0	manual curation	NEFH-tTA	4 week
C6a	Mus musculus	cerebral cortex	not applicable	tissue	normal	adult	female	B6C3F1	NEFH-tTA	6 week	1	180504_P21478_Proj2_TMT1_CTX1-10_QE2_fraction_-1-TMT130N	proteomic profiling by mass spectrometry	NT=Q Exactive;AC=MS:1001911	TMT130N	NT=TMT6plex;AC=UNIMOD:737;TA=K;MT=Fixed	NT=TMT6plex;AC=UNIMOD:737;PP=Peptide N-term;MT=Fixed	NT=Carbamidomethyl;AC=UNIMOD:4;TA=C;MT=Fixed	NT=Oxidation;AC=UNIMOD:35;TA=M;MT=Variable	NT=Trypsin;AC=MS:1001251	NT=Data-dependent acquisition;AC=PRIDE:0000627	NT=beam-type collision-induced dissociation;AC=MS:1000422	35 NCE	not available	not available	3	1	180504_P21478_Proj2_TMT1_CTX1-10_QE2_fraction_-1.raw	v1.1.0	NT=ms-proteomics;VV=v1.1.0	NT=vertebrates;VV=v1.1.0	NT=clinical-metadata;VV=v1.0.0	manual curation	NEFH-tTA	6 week
C6+RECa	Mus musculus	cerebral cortex	not applicable	tissue	normal	adult	female	B6C3F1	NEFH-tTA	6 week + recovery	1	180504_P21478_Proj2_TMT1_CTX1-10_QE2_fraction_-1-TMT130C	proteomic profiling by mass spectrometry	NT=Q Exactive;AC=MS:1001911	TMT130C	NT=TMT6plex;AC=UNIMOD:737;TA=K;MT=Fixed	NT=TMT6plex;AC=UNIMOD:737;PP=Peptide N-term;MT=Fixed	NT=Carbamidomethyl;AC=UNIMOD:4;TA=C;MT=Fixed	NT=Oxidation;AC=UNIMOD:35;TA=M;MT=Variable	NT=Trypsin;AC=MS:1001251	NT=Data-dependent acquisition;AC=PRIDE:0000627	NT=beam-type collision-induced dissociation;AC=MS:1000422	35 NCE	not available	not available	3	1	180504_P21478_Proj2_TMT1_CTX1-10_QE2_fraction_-1.raw	v1.1.0	NT=ms-proteomics;VV=v1.1.0	NT=vertebrates;VV=v1.1.0	NT=clinical-metadata;VV=v1.0.0	manual curation	NEFH-tTA	6 week + recovery
pooled_control_reference_TMT1_CTX1-10	Mus musculus	cerebral cortex	not applicable	tissue	normal	adult	female	B6C3F1	not applicable	not applicable	pooled	180504_P21478_Proj2_TMT1_CTX1-10_QE2_fraction_-1-TMT131	proteomic profiling by mass spectrometry	NT=Q Exactive;AC=MS:1001911	TMT131	NT=TMT6plex;AC=UNIMOD:737;TA=K;MT=Fixed	NT=TMT6plex;AC=UNIMOD:737;PP=Peptide N-term;MT=Fixed	NT=Carbamidomethyl;AC=UNIMOD:4;TA=C;MT=Fixed	NT=Oxidation;AC=UNIMOD:35;TA=M;MT=Variable	NT=Trypsin;AC=MS:1001251	NT=Data-dependent acquisition;AC=PRIDE:0000627	NT=beam-type collision-induced dissociation;AC=MS:1000422	35 NCE	not available	not available	3	1	180504_P21478_Proj2_TMT1_CTX1-10_QE2_fraction_-1.raw	v1.1.0	NT=ms-proteomics;VV=v1.1.0	NT=vertebrates;VV=v1.1.0	NT=clinical-metadata;VV=v1.0.0	manual curation	not applicable	not applicable
D1a	Mus musculus	cerebral cortex	not applicable	tissue	amyotrophic lateral sclerosis	adult	female	B6C3F1	rNLS8 (NEFH-tTA x tetO-hTDP-43-dNLS)	1 week	1	180504_P21478_Proj2_TMT1_CTX1-10_QE2_fraction_-2-TMT126	proteomic profiling by mass spectrometry	NT=Q Exactive;AC=MS:1001911	TMT126	NT=TMT6plex;AC=UNIMOD:737;TA=K;MT=Fixed	NT=TMT6plex;AC=UNIMOD:737;PP=Peptide N-term;MT=Fixed	NT=Carbamidomethyl;AC=UNIMOD:4;TA=C;MT=Fixed	NT=Oxidation;AC=UNIMOD:35;TA=M;MT=Variable	NT=Trypsin;AC=MS:1001251	NT=Data-dependent acquisition;AC=PRIDE:0000627	NT=beam-type collision-induced dissociation;AC=MS:1000422	35 NCE	not available	not available	2	1	180504_P21478_Proj2_TMT1_CTX1-10_QE2_fraction_-2.raw	v1.1.0	NT=ms-proteomics;VV=v1.1.0	NT=vertebrates;VV=v1.1.0	NT=clinical-metadata;VV=v1.0.0	manual curation	rNLS8 (NEFH-tTA x tetO-hTDP-43-dNLS)	1 week
D2a	Mus musculus	cerebral cortex	not applicable	tissue	amyotrophic lateral sclerosis	adult	female	B6C3F1	rNLS8 (NEFH-tTA x tetO-hTDP-43-dNLS)	2 week	1	180504_P21478_Proj2_TMT1_CTX1-10_QE2_fraction_-2-TMT127N	proteomic profiling by mass spectrometry	NT=Q Exactive;AC=MS:1001911	TMT127N	NT=TMT6plex;AC=UNIMOD:737;TA=K;MT=Fixed	NT=TMT6plex;AC=UNIMOD:737;PP=Peptide N-term;MT=Fixed	NT=Carbamidomethyl;AC=UNIMOD:4;TA=C;MT=Fixed	NT=Oxidation;AC=UNIMOD:35;TA=M;MT=Variable	NT=Trypsin;AC=MS:1001251	NT=Data-dependent acquisition;AC=PRIDE:0000627	NT=beam-type collision-induced dissociation;AC=MS:1000422	35 NCE	not available	not available	2	1	180504_P21478_Proj2_TMT1_CTX1-10_QE2_fraction_-2.raw	v1.1.0	NT=ms-proteomics;VV=v1.1.0	NT=vertebrates;VV=v1.1.0	NT=clinical-metadata;VV=v1.0.0	manual curation	rNLS8 (NEFH-tTA x tetO-hTDP-43-dNLS)	2 week
D4a	Mus musculus	cerebral cortex	not applicable	tissue	amyotrophic lateral sclerosis	adult	female	B6C3F1	rNLS8 (NEFH-tTA x tetO-hTDP-43-dNLS)	4 week	1	180504_P21478_Proj2_TMT1_CTX1-10_QE2_fraction_-2-TMT127C	proteomic profiling by mass spectrometry	NT=Q Exactive;AC=MS:1001911	TMT127C	NT=TMT6plex;AC=UNIMOD:737;TA=K;MT=Fixed	NT=TMT6plex;AC=UNIMOD:737;PP=Peptide N-term;MT=Fixed	NT=Carbamidomethyl;AC=UNIMOD:4;TA=C;MT=Fixed	NT=Oxidation;AC=UNIMOD:35;TA=M;MT=Variable	NT=Trypsin;AC=MS:1001251	NT=Data-dependent acquisition;AC=PRIDE:0000627	NT=beam-type collision-induced dissociation;AC=MS:1000422	35 NCE	not available	not available	2	1	180504_P21478_Proj2_TMT1_CTX1-10_QE2_fraction_-2.raw	v1.1.0	NT=ms-proteomics;VV=v1.1.0	NT=vertebrates;VV=v1.1.0	NT=clinical-metadata;VV=v1.0.0	manual curation	rNLS8 (NEFH-tTA x tetO-hTDP-43-dNLS)	4 week
D6a	Mus musculus	cerebral cortex	not applicable	tissue	amyotrophic lateral sclerosis	adult	female	B6C3F1	rNLS8 (NEFH-tTA x tetO-hTDP-43-dNLS)	6 week	1	180504_P21478_Proj2_TMT1_CTX1-10_QE2_fraction_-2-TMT128N	proteomic profiling by mass spectrometry	NT=Q Exactive;AC=MS:1001911	TMT128N	NT=TMT6plex;AC=UNIMOD:737;TA=K;MT=Fixed	NT=TMT6plex;AC=UNIMOD:737;PP=Peptide N-term;MT=Fixed	NT=Carbamidomethyl;AC=UNIMOD:4;TA=C;MT=Fixed	NT=Oxidation;AC=UNIMOD:35;TA=M;MT=Variable	NT=Trypsin;AC=MS:1001251	NT=Data-dependent acquisition;AC=PRIDE:0000627	NT=beam-type collision-induced dissociation;AC=MS:1000422	35 NCE	not available	not available	2	1	180504_P21478_Proj2_TMT1_CTX1-10_QE2_fraction_-2.raw	v1.1.0	NT=ms-proteomics;VV=v1.1.0	NT=vertebrates;VV=v1.1.0	NT=clinical-metadata;VV=v1.0.0	manual curation	rNLS8 (NEFH-tTA x tetO-hTDP-43-dNLS)	6 week
D6+RECa	Mus musculus	cerebral cortex	not applicable	tissue	amyotrophic lateral sclerosis	adult	female	B6C3F1	rNLS8 (NEFH-tTA x tetO-hTDP-43-dNLS)	6 week + recovery	1	180504_P21478_Proj2_TMT1_CTX1-10_QE2_fraction_-2-TMT128C	proteomic profiling by mass spectrometry	NT=Q Exactive;AC=MS:1001911	TMT128C	NT=TMT6plex;AC=UNIMOD:737;TA=K;MT=Fixed	NT=TMT6plex;AC=UNIMOD:737;PP=Peptide N-term;MT=Fixed	NT=Carbamidomethyl;AC=UNIMOD:4;TA=C;MT=Fixed	NT=Oxidation;AC=UNIMOD:35;TA=M;MT=Variable	NT=Trypsin;AC=MS:1001251	NT=Data-dependent acquisition;AC=PRIDE:0000627	NT=beam-type collision-induced dissociation;AC=MS:1000422	35 NCE	not available	not available	2	1	180504_P21478_Proj2_TMT1_CTX1-10_QE2_fraction_-2.raw	v1.1.0	NT=ms-proteomics;VV=v1.1.0	NT=vertebrates;VV=v1.1.0	NT=clinical-metadata;VV=v1.0.0	manual curation	rNLS8 (NEFH-tTA x tetO-hTDP-43-dNLS)	6 week + recovery
C1a	Mus musculus	cerebral cortex	not applicable	tissue	normal	adult	female	B6C3F1	non-transgenic	1 week	1	180504_P21478_Proj2_TMT1_CTX1-10_QE2_fraction_-2-TMT129N	proteomic profiling by mass spectrometry	NT=Q Exactive;AC=MS:1001911	TMT129N	NT=TMT6plex;AC=UNIMOD:737;TA=K;MT=Fixed	NT=TMT6plex;AC=UNIMOD:737;PP=Peptide N-term;MT=Fixed	NT=Carbamidomethyl;AC=UNIMOD:4;TA=C;MT=Fixed	NT=Oxidation;AC=UNIMOD:35;TA=M;MT=Variable	NT=Trypsin;AC=MS:1001251	NT=Data-dependent acquisition;AC=PRIDE:0000627	NT=beam-type collision-induced dissociation;AC=MS:1000422	35 NCE	not available	not available	2	1	180504_P21478_Proj2_TMT1_CTX1-10_QE2_fraction_-2.raw	v1.1.0	NT=ms-proteomics;VV=v1.1.0	NT=vertebrates;VV=v1.1.0	NT=clinical-metadata;VV=v1.0.0	manual curation	non-transgenic	1 week
C4a	Mus musculus	cerebral cortex	not applicable	tissue	normal	adult	female	B6C3F1	NEFH-tTA	4 week	1	180504_P21478_Proj2_TMT1_CTX1-10_QE2_fraction_-2-TMT129C	proteomic profiling by mass spectrometry	NT=Q Exactive;AC=MS:1001911	TMT129C	NT=TMT6plex;AC=UNIMOD:737;TA=K;MT=Fixed	NT=TMT6plex;AC=UNIMOD:737;PP=Peptide N-term;MT=Fixed	NT=Carbamidomethyl;AC=UNIMOD:4;TA=C;MT=Fixed	NT=Oxidation;AC=UNIMOD:35;TA=M;MT=Variable	NT=Trypsin;AC=MS:1001251	NT=Data-dependent acquisition;AC=PRIDE:0000627	NT=beam-type collision-induced dissociation;AC=MS:1000422	35 NCE	not available	not available	2	1	180504_P21478_Proj2_TMT1_CTX1-10_QE2_fraction_-2.raw	v1.1.0	NT=ms-proteomics;VV=v1.1.0	NT=vertebrates;VV=v1.1.0	NT=clinical-metadata;VV=v1.0.0	manual curation	NEFH-tTA	4 week
C6a	Mus musculus	cerebral cortex	not applicable	tissue	normal	adult	female	B6C3F1	NEFH-tTA	6 week	1	180504_P21478_Proj2_TMT1_CTX1-10_QE2_fraction_-2-TMT130N	proteomic profiling by mass spectrometry	NT=Q Exactive;AC=MS:1001911	TMT130N	NT=TMT6plex;AC=UNIMOD:737;TA=K;MT=Fixed	NT=TMT6plex;AC=UNIMOD:737;PP=Peptide N-term;MT=Fixed	NT=Carbamidomethyl;AC=UNIMOD:4;TA=C;MT=Fixed	NT=Oxidation;AC=UNIMOD:35;TA=M;MT=Variable	NT=Trypsin;AC=MS:1001251	NT=Data-dependent acquisition;AC=PRIDE:0000627	NT=beam-type collision-induced dissociation;AC=MS:1000422	35 NCE	not available	not available	2	1	180504_P21478_Proj2_TMT1_CTX1-10_QE2_fraction_-2.raw	v1.1.0	NT=ms-proteomics;VV=v1.1.0	NT=vertebrates;VV=v1.1.0	NT=clinical-metadata;VV=v1.0.0	manual curation	NEFH-tTA	6 week
C6+RECa	Mus musculus	cerebral cortex	not applicable	tissue	normal	adult	female	B6C3F1	NEFH-tTA	6 week + recovery	1	180504_P21478_Proj2_TMT1_CTX1-10_QE2_fraction_-2-TMT130C	proteomic profiling by mass spectrometry	NT=Q Exactive;AC=MS:1001911	TMT130C	NT=TMT6plex;AC=UNIMOD:737;TA=K;MT=Fixed	NT=TMT6plex;AC=UNIMOD:737;PP=Peptide N-term;MT=Fixed	NT=Carbamidomethyl;AC=UNIMOD:4;TA=C;MT=Fixed	NT=Oxidation;AC=UNIMOD:35;TA=M;MT=Variable	NT=Trypsin;AC=MS:1001251	NT=Data-dependent acquisition;AC=PRIDE:0000627	NT=beam-type collision-induced dissociation;AC=MS:1000422	35 NCE	not available	not available	2	1	180504_P21478_Proj2_TMT1_CTX1-10_QE2_fraction_-2.raw	v1.1.0	NT=ms-proteomics;VV=v1.1.0	NT=vertebrates;VV=v1.1.0	NT=clinical-metadata;VV=v1.0.0	manual curation	NEFH-tTA	6 week + recovery
pooled_control_reference_TMT1_CTX1-10	Mus musculus	cerebral cortex	not applicable	tissue	normal	adult	female	B6C3F1	not applicable	not applicable	pooled	180504_P21478_Proj2_TMT1_CTX1-10_QE2_fraction_-2-TMT131	proteomic profiling by mass spectrometry	NT=Q Exactive;AC=MS:1001911	TMT131	NT=TMT6plex;AC=UNIMOD:737;TA=K;MT=Fixed	NT=TMT6plex;AC=UNIMOD:737;PP=Peptide N-term;MT=Fixed	NT=Carbamidomethyl;AC=UNIMOD:4;TA=C;MT=Fixed	NT=Oxidation;AC=UNIMOD:35;TA=M;MT=Variable	NT=Trypsin;AC=MS:1001251	NT=Data-dependent acquisition;AC=PRIDE:0000627	NT=beam-type collision-induced dissociation;AC=MS:1000422	35 NCE	not available	not available	2	1	180504_P21478_Proj2_TMT1_CTX1-10_QE2_fraction_-2.raw	v1.1.0	NT=ms-proteomics;VV=v1.1.0	NT=vertebrates;VV=v1.1.0	NT=clinical-metadata;VV=v1.0.0	manual curation	not applicable	not applicable
D1a	Mus musculus	cerebral cortex	not applicable	tissue	amyotrophic lateral sclerosis	adult	female	B6C3F1	rNLS8 (NEFH-tTA x tetO-hTDP-43-dNLS)	1 week	1	180504_P21478_Proj2_TMT1_CTX1-10_QE2_fraction_-3-TMT126	proteomic profiling by mass spectrometry	NT=Q Exactive;AC=MS:1001911	TMT126	NT=TMT6plex;AC=UNIMOD:737;TA=K;MT=Fixed	NT=TMT6plex;AC=UNIMOD:737;PP=Peptide N-term;MT=Fixed	NT=Carbamidomethyl;AC=UNIMOD:4;TA=C;MT=Fixed	NT=Oxidation;AC=UNIMOD:35;TA=M;MT=Variable	NT=Trypsin;AC=MS:1001251	NT=Data-dependent acquisition;AC=PRIDE:0000627	NT=beam-type collision-induced dissociation;AC=MS:1000422	35 NCE	not available	not available	1	1	180504_P21478_Proj2_TMT1_CTX1-10_QE2_fraction_-3.raw	v1.1.0	NT=ms-proteomics;VV=v1.1.0	NT=vertebrates;VV=v1.1.0	NT=clinical-metadata;VV=v1.0.0	manual curation	rNLS8 (NEFH-tTA x tetO-hTDP-43-dNLS)	1 week
D2a	Mus musculus	cerebral cortex	not applicable	tissue	amyotrophic lateral sclerosis	adult	female	B6C3F1	rNLS8 (NEFH-tTA x tetO-hTDP-43-dNLS)	2 week	1	180504_P21478_Proj2_TMT1_CTX1-10_QE2_fraction_-3-TMT127N	proteomic profiling by mass spectrometry	NT=Q Exactive;AC=MS:1001911	TMT127N	NT=TMT6plex;AC=UNIMOD:737;TA=K;MT=Fixed	NT=TMT6plex;AC=UNIMOD:737;PP=Peptide N-term;MT=Fixed	NT=Carbamidomethyl;AC=UNIMOD:4;TA=C;MT=Fixed	NT=Oxidation;AC=UNIMOD:35;TA=M;MT=Variable	NT=Trypsin;AC=MS:1001251	NT=Data-dependent acquisition;AC=PRIDE:0000627	NT=beam-type collision-induced dissociation;AC=MS:1000422	35 NCE	not available	not available	1	1	180504_P21478_Proj2_TMT1_CTX1-10_QE2_fraction_-3.raw	v1.1.0	NT=ms-proteomics;VV=v1.1.0	NT=vertebrates;VV=v1.1.0	NT=clinical-metadata;VV=v1.0.0	manual curation	rNLS8 (NEFH-tTA x tetO-hTDP-43-dNLS)	2 week
D4a	Mus musculus	cerebral cortex	not applicable	tissue	amyotrophic lateral sclerosis	adult	female	B6C3F1	rNLS8 (NEFH-tTA x tetO-hTDP-43-dNLS)	4 week	1	180504_P21478_Proj2_TMT1_CTX1-10_QE2_fraction_-3-TMT127C	proteomic profiling by mass spectrometry	NT=Q Exactive;AC=MS:1001911	TMT127C	NT=TMT6plex;AC=UNIMOD:737;TA=K;MT=Fixed	NT=TMT6plex;AC=UNIMOD:737;PP=Peptide N-term;MT=Fixed	NT=Carbamidomethyl;AC=UNIMOD:4;TA=C;MT=Fixed	NT=Oxidation;AC=UNIMOD:35;TA=M;MT=Variable	NT=Trypsin;AC=MS:1001251	NT=Data-dependent acquisition;AC=PRIDE:0000627	NT=beam-type collision-induced dissociation;AC=MS:1000422	35 NCE	not available	not available	1	1	180504_P21478_Proj2_TMT1_CTX1-10_QE2_fraction_-3.raw	v1.1.0	NT=ms-proteomics;VV=v1.1.0	NT=vertebrates;VV=v1.1.0	NT=clinical-metadata;VV=v1.0.0	manual curation	rNLS8 (NEFH-tTA x tetO-hTDP-43-dNLS)	4 week
D6a	Mus musculus	cerebral cortex	not applicable	tissue	amyotrophic lateral sclerosis	adult	female	B6C3F1	rNLS8 (NEFH-tTA x tetO-hTDP-43-dNLS)	6 week	1	180504_P21478_Proj2_TMT1_CTX1-10_QE2_fraction_-3-TMT128N	proteomic profiling by mass spectrometry	NT=Q Exactive;AC=MS:1001911	TMT128N	NT=TMT6plex;AC=UNIMOD:737;TA=K;MT=Fixed	NT=TMT6plex;AC=UNIMOD:737;PP=Peptide N-term;MT=Fixed	NT=Carbamidomethyl;AC=UNIMOD:4;TA=C;MT=Fixed	NT=Oxidation;AC=UNIMOD:35;TA=M;MT=Variable	NT=Trypsin;AC=MS:1001251	NT=Data-dependent acquisition;AC=PRIDE:0000627	NT=beam-type collision-induced dissociation;AC=MS:1000422	35 NCE	not available	not available	1	1	180504_P21478_Proj2_TMT1_CTX1-10_QE2_fraction_-3.raw	v1.1.0	NT=ms-proteomics;VV=v1.1.0	NT=vertebrates;VV=v1.1.0	NT=clinical-metadata;VV=v1.0.0	manual curation	rNLS8 (NEFH-tTA x tetO-hTDP-43-dNLS)	6 week
D6+RECa	Mus musculus	cerebral cortex	not applicable	tissue	amyotrophic lateral sclerosis	adult	female	B6C3F1	rNLS8 (NEFH-tTA x tetO-hTDP-43-dNLS)	6 week + recovery	1	180504_P21478_Proj2_TMT1_CTX1-10_QE2_fraction_-3-TMT128C	proteomic profiling by mass spectrometry	NT=Q Exactive;AC=MS:1001911	TMT128C	NT=TMT6plex;AC=UNIMOD:737;TA=K;MT=Fixed	NT=TMT6plex;AC=UNIMOD:737;PP=Peptide N-term;MT=Fixed	NT=Carbamidomethyl;AC=UNIMOD:4;TA=C;MT=Fixed	NT=Oxidation;AC=UNIMOD:35;TA=M;MT=Variable	NT=Trypsin;AC=MS:1001251	NT=Data-dependent acquisition;AC=PRIDE:0000627	NT=beam-type collision-induced dissociation;AC=MS:1000422	35 NCE	not available	not available	1	1	180504_P21478_Proj2_TMT1_CTX1-10_QE2_fraction_-3.raw	v1.1.0	NT=ms-proteomics;VV=v1.1.0	NT=vertebrates;VV=v1.1.0	NT=clinical-metadata;VV=v1.0.0	manual curation	rNLS8 (NEFH-tTA x tetO-hTDP-43-dNLS)	6 week + recovery
C1a	Mus musculus	cerebral cortex	not applicable	tissue	normal	adult	female	B6C3F1	non-transgenic	1 week	1	180504_P21478_Proj2_TMT1_CTX1-10_QE2_fraction_-3-TMT129N	proteomic profiling by mass spectrometry	NT=Q Exactive;AC=MS:1001911	TMT129N	NT=TMT6plex;AC=UNIMOD:737;TA=K;MT=Fixed	NT=TMT6plex;AC=UNIMOD:737;PP=Peptide N-term;MT=Fixed	NT=Carbamidomethyl;AC=UNIMOD:4;TA=C;MT=Fixed	NT=Oxidation;AC=UNIMOD:35;TA=M;MT=Variable	NT=Trypsin;AC=MS:1001251	NT=Data-dependent acquisition;AC=PRIDE:0000627	NT=beam-type collision-induced dissociation;AC=MS:1000422	35 NCE	not available	not available	1	1	180504_P21478_Proj2_TMT1_CTX1-10_QE2_fraction_-3.raw	v1.1.0	NT=ms-proteomics;VV=v1.1.0	NT=vertebrates;VV=v1.1.0	NT=clinical-metadata;VV=v1.0.0	manual curation	non-transgenic	1 week
C4a	Mus musculus	cerebral cortex	not applicable	tissue	normal	adult	female	B6C3F1	NEFH-tTA	4 week	1	180504_P21478_Proj2_TMT1_CTX1-10_QE2_fraction_-3-TMT129C	proteomic profiling by mass spectrometry	NT=Q Exactive;AC=MS:1001911	TMT129C	NT=TMT6plex;AC=UNIMOD:737;TA=K;MT=Fixed	NT=TMT6plex;AC=UNIMOD:737;PP=Peptide N-term;MT=Fixed	NT=Carbamidomethyl;AC=UNIMOD:4;TA=C;MT=Fixed	NT=Oxidation;AC=UNIMOD:35;TA=M;MT=Variable	NT=Trypsin;AC=MS:1001251	NT=Data-dependent acquisition;AC=PRIDE:0000627	NT=beam-type collision-induced dissociation;AC=MS:1000422	35 NCE	not available	not available	1	1	180504_P21478_Proj2_TMT1_CTX1-10_QE2_fraction_-3.raw	v1.1.0	NT=ms-proteomics;VV=v1.1.0	NT=vertebrates;VV=v1.1.0	NT=clinical-metadata;VV=v1.0.0	manual curation	NEFH-tTA	4 week
C6a	Mus musculus	cerebral cortex	not applicable	tissue	normal	adult	female	B6C3F1	NEFH-tTA	6 week	1	180504_P21478_Proj2_TMT1_CTX1-10_QE2_fraction_-3-TMT130N	proteomic profiling by mass spectrometry	NT=Q Exactive;AC=MS:1001911	TMT130N	NT=TMT6plex;AC=UNIMOD:737;TA=K;MT=Fixed	NT=TMT6plex;AC=UNIMOD:737;PP=Peptide N-term;MT=Fixed	NT=Carbamidomethyl;AC=UNIMOD:4;TA=C;MT=Fixed	NT=Oxidation;AC=UNIMOD:35;TA=M;MT=Variable	NT=Trypsin;AC=MS:1001251	NT=Data-dependent acquisition;AC=PRIDE:0000627	NT=beam-type collision-induced dissociation;AC=MS:1000422	35 NCE	not available	not available	1	1	180504_P21478_Proj2_TMT1_CTX1-10_QE2_fraction_-3.raw	v1.1.0	NT=ms-proteomics;VV=v1.1.0	NT=vertebrates;VV=v1.1.0	NT=clinical-metadata;VV=v1.0.0	manual curation	NEFH-tTA	6 week
C6+RECa	Mus musculus	cerebral cortex	not applicable	tissue	normal	adult	female	B6C3F1	NEFH-tTA	6 week + recovery	1	180504_P21478_Proj2_TMT1_CTX1-10_QE2_fraction_-3-TMT130C	proteomic profiling by mass spectrometry	NT=Q Exactive;AC=MS:1001911	TMT130C	NT=TMT6plex;AC=UNIMOD:737;TA=K;MT=Fixed	NT=TMT6plex;AC=UNIMOD:737;PP=Peptide N-term;MT=Fixed	NT=Carbamidomethyl;AC=UNIMOD:4;TA=C;MT=Fixed	NT=Oxidation;AC=UNIMOD:35;TA=M;MT=Variable	NT=Trypsin;AC=MS:1001251	NT=Data-dependent acquisition;AC=PRIDE:0000627	NT=beam-type collision-induced dissociation;AC=MS:1000422	35 NCE	not available	not available	1	1	180504_P21478_Proj2_TMT1_CTX1-10_QE2_fraction_-3.raw	v1.1.0	NT=ms-proteomics;VV=v1.1.0	NT=vertebrates;VV=v1.1.0	NT=clinical-metadata;VV=v1.0.0	manual curation	NEFH-tTA	6 week + recovery
pooled_control_reference_TMT1_CTX1-10	Mus musculus	cerebral cortex	not applicable	tissue	normal	adult	female	B6C3F1	not applicable	not applicable	pooled	180504_P21478_Proj2_TMT1_CTX1-10_QE2_fraction_-3-TMT131	proteomic profiling by mass spectrometry	NT=Q Exactive;AC=MS:1001911	TMT131	NT=TMT6plex;AC=UNIMOD:737;TA=K;MT=Fixed	NT=TMT6plex;AC=UNIMOD:737;PP=Peptide N-term;MT=Fixed	NT=Carbamidomethyl;AC=UNIMOD:4;TA=C;MT=Fixed	NT=Oxidation;AC=UNIMOD:35;TA=M;MT=Variable	NT=Trypsin;AC=MS:1001251	NT=Data-dependent acquisition;AC=PRIDE:0000627	NT=beam-type collision-induced dissociation;AC=MS:1000422	35 NCE	not available	not available	1	1	180504_P21478_Proj2_TMT1_CTX1-10_QE2_fraction_-3.raw	v1.1.0	NT=ms-proteomics;VV=v1.1.0	NT=vertebrates;VV=v1.1.0	NT=clinical-metadata;VV=v1.0.0	manual curation	not applicable	not applicable
D1b	Mus musculus	cerebral cortex	not applicable	tissue	amyotrophic lateral sclerosis	adult	female	B6C3F1	rNLS8 (NEFH-tTA x tetO-hTDP-43-dNLS)	1 week	2	180508_P21478_Proj2_TMT2_CTX11-20_QE2_fraction1-TMT126	proteomic profiling by mass spectrometry	NT=Q Exactive;AC=MS:1001911	TMT126	NT=TMT6plex;AC=UNIMOD:737;TA=K;MT=Fixed	NT=TMT6plex;AC=UNIMOD:737;PP=Peptide N-term;MT=Fixed	NT=Carbamidomethyl;AC=UNIMOD:4;TA=C;MT=Fixed	NT=Oxidation;AC=UNIMOD:35;TA=M;MT=Variable	NT=Trypsin;AC=MS:1001251	NT=Data-dependent acquisition;AC=PRIDE:0000627	NT=beam-type collision-induced dissociation;AC=MS:1000422	35 NCE	not available	not available	4	1	180508_P21478_Proj2_TMT2_CTX11-20_QE2_fraction1.raw	v1.1.0	NT=ms-proteomics;VV=v1.1.0	NT=vertebrates;VV=v1.1.0	NT=clinical-metadata;VV=v1.0.0	manual curation	rNLS8 (NEFH-tTA x tetO-hTDP-43-dNLS)	1 week
D2b	Mus musculus	cerebral cortex	not applicable	tissue	amyotrophic lateral sclerosis	adult	female	B6C3F1	rNLS8 (NEFH-tTA x tetO-hTDP-43-dNLS)	2 week	2	180508_P21478_Proj2_TMT2_CTX11-20_QE2_fraction1-TMT127N	proteomic profiling by mass spectrometry	NT=Q Exactive;AC=MS:1001911	TMT127N	NT=TMT6plex;AC=UNIMOD:737;TA=K;MT=Fixed	NT=TMT6plex;AC=UNIMOD:737;PP=Peptide N-term;MT=Fixed	NT=Carbamidomethyl;AC=UNIMOD:4;TA=C;MT=Fixed	NT=Oxidation;AC=UNIMOD:35;TA=M;MT=Variable	NT=Trypsin;AC=MS:1001251	NT=Data-dependent acquisition;AC=PRIDE:0000627	NT=beam-type collision-induced dissociation;AC=MS:1000422	35 NCE	not available	not available	4	1	180508_P21478_Proj2_TMT2_CTX11-20_QE2_fraction1.raw	v1.1.0	NT=ms-proteomics;VV=v1.1.0	NT=vertebrates;VV=v1.1.0	NT=clinical-metadata;VV=v1.0.0	manual curation	rNLS8 (NEFH-tTA x tetO-hTDP-43-dNLS)	2 week
D4b	Mus musculus	cerebral cortex	not applicable	tissue	amyotrophic lateral sclerosis	adult	female	B6C3F1	rNLS8 (NEFH-tTA x tetO-hTDP-43-dNLS)	4 week	2	180508_P21478_Proj2_TMT2_CTX11-20_QE2_fraction1-TMT127C	proteomic profiling by mass spectrometry	NT=Q Exactive;AC=MS:1001911	TMT127C	NT=TMT6plex;AC=UNIMOD:737;TA=K;MT=Fixed	NT=TMT6plex;AC=UNIMOD:737;PP=Peptide N-term;MT=Fixed	NT=Carbamidomethyl;AC=UNIMOD:4;TA=C;MT=Fixed	NT=Oxidation;AC=UNIMOD:35;TA=M;MT=Variable	NT=Trypsin;AC=MS:1001251	NT=Data-dependent acquisition;AC=PRIDE:0000627	NT=beam-type collision-induced dissociation;AC=MS:1000422	35 NCE	not available	not available	4	1	180508_P21478_Proj2_TMT2_CTX11-20_QE2_fraction1.raw	v1.1.0	NT=ms-proteomics;VV=v1.1.0	NT=vertebrates;VV=v1.1.0	NT=clinical-metadata;VV=v1.0.0	manual curation	rNLS8 (NEFH-tTA x tetO-hTDP-43-dNLS)	4 week
D6b	Mus musculus	cerebral cortex	not applicable	tissue	amyotrophic lateral sclerosis	adult	female	B6C3F1	rNLS8 (NEFH-tTA x tetO-hTDP-43-dNLS)	6 week	2	180508_P21478_Proj2_TMT2_CTX11-20_QE2_fraction1-TMT128N	proteomic profiling by mass spectrometry	NT=Q Exactive;AC=MS:1001911	TMT128N	NT=TMT6plex;AC=UNIMOD:737;TA=K;MT=Fixed	NT=TMT6plex;AC=UNIMOD:737;PP=Peptide N-term;MT=Fixed	NT=Carbamidomethyl;AC=UNIMOD:4;TA=C;MT=Fixed	NT=Oxidation;AC=UNIMOD:35;TA=M;MT=Variable	NT=Trypsin;AC=MS:1001251	NT=Data-dependent acquisition;AC=PRIDE:0000627	NT=beam-type collision-induced dissociation;AC=MS:1000422	35 NCE	not available	not available	4	1	180508_P21478_Proj2_TMT2_CTX11-20_QE2_fraction1.raw	v1.1.0	NT=ms-proteomics;VV=v1.1.0	NT=vertebrates;VV=v1.1.0	NT=clinical-metadata;VV=v1.0.0	manual curation	rNLS8 (NEFH-tTA x tetO-hTDP-43-dNLS)	6 week
D6+RECb	Mus musculus	cerebral cortex	not applicable	tissue	amyotrophic lateral sclerosis	adult	female	B6C3F1	rNLS8 (NEFH-tTA x tetO-hTDP-43-dNLS)	6 week + recovery	2	180508_P21478_Proj2_TMT2_CTX11-20_QE2_fraction1-TMT128C	proteomic profiling by mass spectrometry	NT=Q Exactive;AC=MS:1001911	TMT128C	NT=TMT6plex;AC=UNIMOD:737;TA=K;MT=Fixed	NT=TMT6plex;AC=UNIMOD:737;PP=Peptide N-term;MT=Fixed	NT=Carbamidomethyl;AC=UNIMOD:4;TA=C;MT=Fixed	NT=Oxidation;AC=UNIMOD:35;TA=M;MT=Variable	NT=Trypsin;AC=MS:1001251	NT=Data-dependent acquisition;AC=PRIDE:0000627	NT=beam-type collision-induced dissociation;AC=MS:1000422	35 NCE	not available	not available	4	1	180508_P21478_Proj2_TMT2_CTX11-20_QE2_fraction1.raw	v1.1.0	NT=ms-proteomics;VV=v1.1.0	NT=vertebrates;VV=v1.1.0	NT=clinical-metadata;VV=v1.0.0	manual curation	rNLS8 (NEFH-tTA x tetO-hTDP-43-dNLS)	6 week + recovery
C1b	Mus musculus	cerebral cortex	not applicable	tissue	normal	adult	female	B6C3F1	non-transgenic	1 week	2	180508_P21478_Proj2_TMT2_CTX11-20_QE2_fraction1-TMT129N	proteomic profiling by mass spectrometry	NT=Q Exactive;AC=MS:1001911	TMT129N	NT=TMT6plex;AC=UNIMOD:737;TA=K;MT=Fixed	NT=TMT6plex;AC=UNIMOD:737;PP=Peptide N-term;MT=Fixed	NT=Carbamidomethyl;AC=UNIMOD:4;TA=C;MT=Fixed	NT=Oxidation;AC=UNIMOD:35;TA=M;MT=Variable	NT=Trypsin;AC=MS:1001251	NT=Data-dependent acquisition;AC=PRIDE:0000627	NT=beam-type collision-induced dissociation;AC=MS:1000422	35 NCE	not available	not available	4	1	180508_P21478_Proj2_TMT2_CTX11-20_QE2_fraction1.raw	v1.1.0	NT=ms-proteomics;VV=v1.1.0	NT=vertebrates;VV=v1.1.0	NT=clinical-metadata;VV=v1.0.0	manual curation	non-transgenic	1 week
C4b	Mus musculus	cerebral cortex	not applicable	tissue	normal	adult	female	B6C3F1	NEFH-tTA	4 week	2	180508_P21478_Proj2_TMT2_CTX11-20_QE2_fraction1-TMT129C	proteomic profiling by mass spectrometry	NT=Q Exactive;AC=MS:1001911	TMT129C	NT=TMT6plex;AC=UNIMOD:737;TA=K;MT=Fixed	NT=TMT6plex;AC=UNIMOD:737;PP=Peptide N-term;MT=Fixed	NT=Carbamidomethyl;AC=UNIMOD:4;TA=C;MT=Fixed	NT=Oxidation;AC=UNIMOD:35;TA=M;MT=Variable	NT=Trypsin;AC=MS:1001251	NT=Data-dependent acquisition;AC=PRIDE:0000627	NT=beam-type collision-induced dissociation;AC=MS:1000422	35 NCE	not available	not available	4	1	180508_P21478_Proj2_TMT2_CTX11-20_QE2_fraction1.raw	v1.1.0	NT=ms-proteomics;VV=v1.1.0	NT=vertebrates;VV=v1.1.0	NT=clinical-metadata;VV=v1.0.0	manual curation	NEFH-tTA	4 week
C6b	Mus musculus	cerebral cortex	not applicable	tissue	normal	adult	female	B6C3F1	non-transgenic	6 week	2	180508_P21478_Proj2_TMT2_CTX11-20_QE2_fraction1-TMT130N	proteomic profiling by mass spectrometry	NT=Q Exactive;AC=MS:1001911	TMT130N	NT=TMT6plex;AC=UNIMOD:737;TA=K;MT=Fixed	NT=TMT6plex;AC=UNIMOD:737;PP=Peptide N-term;MT=Fixed	NT=Carbamidomethyl;AC=UNIMOD:4;TA=C;MT=Fixed	NT=Oxidation;AC=UNIMOD:35;TA=M;MT=Variable	NT=Trypsin;AC=MS:1001251	NT=Data-dependent acquisition;AC=PRIDE:0000627	NT=beam-type collision-induced dissociation;AC=MS:1000422	35 NCE	not available	not available	4	1	180508_P21478_Proj2_TMT2_CTX11-20_QE2_fraction1.raw	v1.1.0	NT=ms-proteomics;VV=v1.1.0	NT=vertebrates;VV=v1.1.0	NT=clinical-metadata;VV=v1.0.0	manual curation	non-transgenic	6 week
C6+RECb	Mus musculus	cerebral cortex	not applicable	tissue	normal	adult	female	B6C3F1	NEFH-tTA	6 week + recovery	2	180508_P21478_Proj2_TMT2_CTX11-20_QE2_fraction1-TMT130C	proteomic profiling by mass spectrometry	NT=Q Exactive;AC=MS:1001911	TMT130C	NT=TMT6plex;AC=UNIMOD:737;TA=K;MT=Fixed	NT=TMT6plex;AC=UNIMOD:737;PP=Peptide N-term;MT=Fixed	NT=Carbamidomethyl;AC=UNIMOD:4;TA=C;MT=Fixed	NT=Oxidation;AC=UNIMOD:35;TA=M;MT=Variable	NT=Trypsin;AC=MS:1001251	NT=Data-dependent acquisition;AC=PRIDE:0000627	NT=beam-type collision-induced dissociation;AC=MS:1000422	35 NCE	not available	not available	4	1	180508_P21478_Proj2_TMT2_CTX11-20_QE2_fraction1.raw	v1.1.0	NT=ms-proteomics;VV=v1.1.0	NT=vertebrates;VV=v1.1.0	NT=clinical-metadata;VV=v1.0.0	manual curation	NEFH-tTA	6 week + recovery
pooled_control_reference_TMT2_CTX11-20	Mus musculus	cerebral cortex	not applicable	tissue	normal	adult	female	B6C3F1	not applicable	not applicable	pooled	180508_P21478_Proj2_TMT2_CTX11-20_QE2_fraction1-TMT131	proteomic profiling by mass spectrometry	NT=Q Exactive;AC=MS:1001911	TMT131	NT=TMT6plex;AC=UNIMOD:737;TA=K;MT=Fixed	NT=TMT6plex;AC=UNIMOD:737;PP=Peptide N-term;MT=Fixed	NT=Carbamidomethyl;AC=UNIMOD:4;TA=C;MT=Fixed	NT=Oxidation;AC=UNIMOD:35;TA=M;MT=Variable	NT=Trypsin;AC=MS:1001251	NT=Data-dependent acquisition;AC=PRIDE:0000627	NT=beam-type collision-induced dissociation;AC=MS:1000422	35 NCE	not available	not available	4	1	180508_P21478_Proj2_TMT2_CTX11-20_QE2_fraction1.raw	v1.1.0	NT=ms-proteomics;VV=v1.1.0	NT=vertebrates;VV=v1.1.0	NT=clinical-metadata;VV=v1.0.0	manual curation	not applicable	not applicable
D1b	Mus musculus	cerebral cortex	not applicable	tissue	amyotrophic lateral sclerosis	adult	female	B6C3F1	rNLS8 (NEFH-tTA x tetO-hTDP-43-dNLS)	1 week	2	180508_P21478_Proj2_TMT2_CTX11-20_QE2_fraction10-TMT126	proteomic profiling by mass spectrometry	NT=Q Exactive;AC=MS:1001911	TMT126	NT=TMT6plex;AC=UNIMOD:737;TA=K;MT=Fixed	NT=TMT6plex;AC=UNIMOD:737;PP=Peptide N-term;MT=Fixed	NT=Carbamidomethyl;AC=UNIMOD:4;TA=C;MT=Fixed	NT=Oxidation;AC=UNIMOD:35;TA=M;MT=Variable	NT=Trypsin;AC=MS:1001251	NT=Data-dependent acquisition;AC=PRIDE:0000627	NT=beam-type collision-induced dissociation;AC=MS:1000422	35 NCE	not available	not available	13	1	180508_P21478_Proj2_TMT2_CTX11-20_QE2_fraction10.raw	v1.1.0	NT=ms-proteomics;VV=v1.1.0	NT=vertebrates;VV=v1.1.0	NT=clinical-metadata;VV=v1.0.0	manual curation	rNLS8 (NEFH-tTA x tetO-hTDP-43-dNLS)	1 week
D2b	Mus musculus	cerebral cortex	not applicable	tissue	amyotrophic lateral sclerosis	adult	female	B6C3F1	rNLS8 (NEFH-tTA x tetO-hTDP-43-dNLS)	2 week	2	180508_P21478_Proj2_TMT2_CTX11-20_QE2_fraction10-TMT127N	proteomic profiling by mass spectrometry	NT=Q Exactive;AC=MS:1001911	TMT127N	NT=TMT6plex;AC=UNIMOD:737;TA=K;MT=Fixed	NT=TMT6plex;AC=UNIMOD:737;PP=Peptide N-term;MT=Fixed	NT=Carbamidomethyl;AC=UNIMOD:4;TA=C;MT=Fixed	NT=Oxidation;AC=UNIMOD:35;TA=M;MT=Variable	NT=Trypsin;AC=MS:1001251	NT=Data-dependent acquisition;AC=PRIDE:0000627	NT=beam-type collision-induced dissociation;AC=MS:1000422	35 NCE	not available	not available	13	1	180508_P21478_Proj2_TMT2_CTX11-20_QE2_fraction10.raw	v1.1.0	NT=ms-proteomics;VV=v1.1.0	NT=vertebrates;VV=v1.1.0	NT=clinical-metadata;VV=v1.0.0	manual curation	rNLS8 (NEFH-tTA x tetO-hTDP-43-dNLS)	2 week
D4b	Mus musculus	cerebral cortex	not applicable	tissue	amyotrophic lateral sclerosis	adult	female	B6C3F1	rNLS8 (NEFH-tTA x tetO-hTDP-43-dNLS)	4 week	2	180508_P21478_Proj2_TMT2_CTX11-20_QE2_fraction10-TMT127C	proteomic profiling by mass spectrometry	NT=Q Exactive;AC=MS:1001911	TMT127C	NT=TMT6plex;AC=UNIMOD:737;TA=K;MT=Fixed	NT=TMT6plex;AC=UNIMOD:737;PP=Peptide N-term;MT=Fixed	NT=Carbamidomethyl;AC=UNIMOD:4;TA=C;MT=Fixed	NT=Oxidation;AC=UNIMOD:35;TA=M;MT=Variable	NT=Trypsin;AC=MS:1001251	NT=Data-dependent acquisition;AC=PRIDE:0000627	NT=beam-type collision-induced dissociation;AC=MS:1000422	35 NCE	not available	not available	13	1	180508_P21478_Proj2_TMT2_CTX11-20_QE2_fraction10.raw	v1.1.0	NT=ms-proteomics;VV=v1.1.0	NT=vertebrates;VV=v1.1.0	NT=clinical-metadata;VV=v1.0.0	manual curation	rNLS8 (NEFH-tTA x tetO-hTDP-43-dNLS)	4 week
D6b	Mus musculus	cerebral cortex	not applicable	tissue	amyotrophic lateral sclerosis	adult	female	B6C3F1	rNLS8 (NEFH-tTA x tetO-hTDP-43-dNLS)	6 week	2	180508_P21478_Proj2_TMT2_CTX11-20_QE2_fraction10-TMT128N	proteomic profiling by mass spectrometry	NT=Q Exactive;AC=MS:1001911	TMT128N	NT=TMT6plex;AC=UNIMOD:737;TA=K;MT=Fixed	NT=TMT6plex;AC=UNIMOD:737;PP=Peptide N-term;MT=Fixed	NT=Carbamidomethyl;AC=UNIMOD:4;TA=C;MT=Fixed	NT=Oxidation;AC=UNIMOD:35;TA=M;MT=Variable	NT=Trypsin;AC=MS:1001251	NT=Data-dependent acquisition;AC=PRIDE:0000627	NT=beam-type collision-induced dissociation;AC=MS:1000422	35 NCE	not available	not available	13	1	180508_P21478_Proj2_TMT2_CTX11-20_QE2_fraction10.raw	v1.1.0	NT=ms-proteomics;VV=v1.1.0	NT=vertebrates;VV=v1.1.0	NT=clinical-metadata;VV=v1.0.0	manual curation	rNLS8 (NEFH-tTA x tetO-hTDP-43-dNLS)	6 week
D6+RECb	Mus musculus	cerebral cortex	not applicable	tissue	amyotrophic lateral sclerosis	adult	female	B6C3F1	rNLS8 (NEFH-tTA x tetO-hTDP-43-dNLS)	6 week + recovery	2	180508_P21478_Proj2_TMT2_CTX11-20_QE2_fraction10-TMT128C	proteomic profiling by mass spectrometry	NT=Q Exactive;AC=MS:1001911	TMT128C	NT=TMT6plex;AC=UNIMOD:737;TA=K;MT=Fixed	NT=TMT6plex;AC=UNIMOD:737;PP=Peptide N-term;MT=Fixed	NT=Carbamidomethyl;AC=UNIMOD:4;TA=C;MT=Fixed	NT=Oxidation;AC=UNIMOD:35;TA=M;MT=Variable	NT=Trypsin;AC=MS:1001251	NT=Data-dependent acquisition;AC=PRIDE:0000627	NT=beam-type collision-induced dissociation;AC=MS:1000422	35 NCE	not available	not available	13	1	180508_P21478_Proj2_TMT2_CTX11-20_QE2_fraction10.raw	v1.1.0	NT=ms-proteomics;VV=v1.1.0	NT=vertebrates;VV=v1.1.0	NT=clinical-metadata;VV=v1.0.0	manual curation	rNLS8 (NEFH-tTA x tetO-hTDP-43-dNLS)	6 week + recovery
C1b	Mus musculus	cerebral cortex	not applicable	tissue	normal	adult	female	B6C3F1	non-transgenic	1 week	2	180508_P21478_Proj2_TMT2_CTX11-20_QE2_fraction10-TMT129N	proteomic profiling by mass spectrometry	NT=Q Exactive;AC=MS:1001911	TMT129N	NT=TMT6plex;AC=UNIMOD:737;TA=K;MT=Fixed	NT=TMT6plex;AC=UNIMOD:737;PP=Peptide N-term;MT=Fixed	NT=Carbamidomethyl;AC=UNIMOD:4;TA=C;MT=Fixed	NT=Oxidation;AC=UNIMOD:35;TA=M;MT=Variable	NT=Trypsin;AC=MS:1001251	NT=Data-dependent acquisition;AC=PRIDE:0000627	NT=beam-type collision-induced dissociation;AC=MS:1000422	35 NCE	not available	not available	13	1	180508_P21478_Proj2_TMT2_CTX11-20_QE2_fraction10.raw	v1.1.0	NT=ms-proteomics;VV=v1.1.0	NT=vertebrates;VV=v1.1.0	NT=clinical-metadata;VV=v1.0.0	manual curation	non-transgenic	1 week
C4b	Mus musculus	cerebral cortex	not applicable	tissue	normal	adult	female	B6C3F1	NEFH-tTA	4 week	2	180508_P21478_Proj2_TMT2_CTX11-20_QE2_fraction10-TMT129C	proteomic profiling by mass spectrometry	NT=Q Exactive;AC=MS:1001911	TMT129C	NT=TMT6plex;AC=UNIMOD:737;TA=K;MT=Fixed	NT=TMT6plex;AC=UNIMOD:737;PP=Peptide N-term;MT=Fixed	NT=Carbamidomethyl;AC=UNIMOD:4;TA=C;MT=Fixed	NT=Oxidation;AC=UNIMOD:35;TA=M;MT=Variable	NT=Trypsin;AC=MS:1001251	NT=Data-dependent acquisition;AC=PRIDE:0000627	NT=beam-type collision-induced dissociation;AC=MS:1000422	35 NCE	not available	not available	13	1	180508_P21478_Proj2_TMT2_CTX11-20_QE2_fraction10.raw	v1.1.0	NT=ms-proteomics;VV=v1.1.0	NT=vertebrates;VV=v1.1.0	NT=clinical-metadata;VV=v1.0.0	manual curation	NEFH-tTA	4 week
C6b	Mus musculus	cerebral cortex	not applicable	tissue	normal	adult	female	B6C3F1	non-transgenic	6 week	2	180508_P21478_Proj2_TMT2_CTX11-20_QE2_fraction10-TMT130N	proteomic profiling by mass spectrometry	NT=Q Exactive;AC=MS:1001911	TMT130N	NT=TMT6plex;AC=UNIMOD:737;TA=K;MT=Fixed	NT=TMT6plex;AC=UNIMOD:737;PP=Peptide N-term;MT=Fixed	NT=Carbamidomethyl;AC=UNIMOD:4;TA=C;MT=Fixed	NT=Oxidation;AC=UNIMOD:35;TA=M;MT=Variable	NT=Trypsin;AC=MS:1001251	NT=Data-dependent acquisition;AC=PRIDE:0000627	NT=beam-type collision-induced dissociation;AC=MS:1000422	35 NCE	not available	not available	13	1	180508_P21478_Proj2_TMT2_CTX11-20_QE2_fraction10.raw	v1.1.0	NT=ms-proteomics;VV=v1.1.0	NT=vertebrates;VV=v1.1.0	NT=clinical-metadata;VV=v1.0.0	manual curation	non-transgenic	6 week
C6+RECb	Mus musculus	cerebral cortex	not applicable	tissue	normal	adult	female	B6C3F1	NEFH-tTA	6 week + recovery	2	180508_P21478_Proj2_TMT2_CTX11-20_QE2_fraction10-TMT130C	proteomic profiling by mass spectrometry	NT=Q Exactive;AC=MS:1001911	TMT130C	NT=TMT6plex;AC=UNIMOD:737;TA=K;MT=Fixed	NT=TMT6plex;AC=UNIMOD:737;PP=Peptide N-term;MT=Fixed	NT=Carbamidomethyl;AC=UNIMOD:4;TA=C;MT=Fixed	NT=Oxidation;AC=UNIMOD:35;TA=M;MT=Variable	NT=Trypsin;AC=MS:1001251	NT=Data-dependent acquisition;AC=PRIDE:0000627	NT=beam-type collision-induced dissociation;AC=MS:1000422	35 NCE	not available	not available	13	1	180508_P21478_Proj2_TMT2_CTX11-20_QE2_fraction10.raw	v1.1.0	NT=ms-proteomics;VV=v1.1.0	NT=vertebrates;VV=v1.1.0	NT=clinical-metadata;VV=v1.0.0	manual curation	NEFH-tTA	6 week + recovery
pooled_control_reference_TMT2_CTX11-20	Mus musculus	cerebral cortex	not applicable	tissue	normal	adult	female	B6C3F1	not applicable	not applicable	pooled	180508_P21478_Proj2_TMT2_CTX11-20_QE2_fraction10-TMT131	proteomic profiling by mass spectrometry	NT=Q Exactive;AC=MS:1001911	TMT131	NT=TMT6plex;AC=UNIMOD:737;TA=K;MT=Fixed	NT=TMT6plex;AC=UNIMOD:737;PP=Peptide N-term;MT=Fixed	NT=Carbamidomethyl;AC=UNIMOD:4;TA=C;MT=Fixed	NT=Oxidation;AC=UNIMOD:35;TA=M;MT=Variable	NT=Trypsin;AC=MS:1001251	NT=Data-dependent acquisition;AC=PRIDE:0000627	NT=beam-type collision-induced dissociation;AC=MS:1000422	35 NCE	not available	not available	13	1	180508_P21478_Proj2_TMT2_CTX11-20_QE2_fraction10.raw	v1.1.0	NT=ms-proteomics;VV=v1.1.0	NT=vertebrates;VV=v1.1.0	NT=clinical-metadata;VV=v1.0.0	manual curation	not applicable	not applicable
D1b	Mus musculus	cerebral cortex	not applicable	tissue	amyotrophic lateral sclerosis	adult	female	B6C3F1	rNLS8 (NEFH-tTA x tetO-hTDP-43-dNLS)	1 week	2	180508_P21478_Proj2_TMT2_CTX11-20_QE2_fraction11-TMT126	proteomic profiling by mass spectrometry	NT=Q Exactive;AC=MS:1001911	TMT126	NT=TMT6plex;AC=UNIMOD:737;TA=K;MT=Fixed	NT=TMT6plex;AC=UNIMOD:737;PP=Peptide N-term;MT=Fixed	NT=Carbamidomethyl;AC=UNIMOD:4;TA=C;MT=Fixed	NT=Oxidation;AC=UNIMOD:35;TA=M;MT=Variable	NT=Trypsin;AC=MS:1001251	NT=Data-dependent acquisition;AC=PRIDE:0000627	NT=beam-type collision-induced dissociation;AC=MS:1000422	35 NCE	not available	not available	14	1	180508_P21478_Proj2_TMT2_CTX11-20_QE2_fraction11.raw	v1.1.0	NT=ms-proteomics;VV=v1.1.0	NT=vertebrates;VV=v1.1.0	NT=clinical-metadata;VV=v1.0.0	manual curation	rNLS8 (NEFH-tTA x tetO-hTDP-43-dNLS)	1 week
D2b	Mus musculus	cerebral cortex	not applicable	tissue	amyotrophic lateral sclerosis	adult	female	B6C3F1	rNLS8 (NEFH-tTA x tetO-hTDP-43-dNLS)	2 week	2	180508_P21478_Proj2_TMT2_CTX11-20_QE2_fraction11-TMT127N	proteomic profiling by mass spectrometry	NT=Q Exactive;AC=MS:1001911	TMT127N	NT=TMT6plex;AC=UNIMOD:737;TA=K;MT=Fixed	NT=TMT6plex;AC=UNIMOD:737;PP=Peptide N-term;MT=Fixed	NT=Carbamidomethyl;AC=UNIMOD:4;TA=C;MT=Fixed	NT=Oxidation;AC=UNIMOD:35;TA=M;MT=Variable	NT=Trypsin;AC=MS:1001251	NT=Data-dependent acquisition;AC=PRIDE:0000627	NT=beam-type collision-induced dissociation;AC=MS:1000422	35 NCE	not available	not available	14	1	180508_P21478_Proj2_TMT2_CTX11-20_QE2_fraction11.raw	v1.1.0	NT=ms-proteomics;VV=v1.1.0	NT=vertebrates;VV=v1.1.0	NT=clinical-metadata;VV=v1.0.0	manual curation	rNLS8 (NEFH-tTA x tetO-hTDP-43-dNLS)	2 week
D4b	Mus musculus	cerebral cortex	not applicable	tissue	amyotrophic lateral sclerosis	adult	female	B6C3F1	rNLS8 (NEFH-tTA x tetO-hTDP-43-dNLS)	4 week	2	180508_P21478_Proj2_TMT2_CTX11-20_QE2_fraction11-TMT127C	proteomic profiling by mass spectrometry	NT=Q Exactive;AC=MS:1001911	TMT127C	NT=TMT6plex;AC=UNIMOD:737;TA=K;MT=Fixed	NT=TMT6plex;AC=UNIMOD:737;PP=Peptide N-term;MT=Fixed	NT=Carbamidomethyl;AC=UNIMOD:4;TA=C;MT=Fixed	NT=Oxidation;AC=UNIMOD:35;TA=M;MT=Variable	NT=Trypsin;AC=MS:1001251	NT=Data-dependent acquisition;AC=PRIDE:0000627	NT=beam-type collision-induced dissociation;AC=MS:1000422	35 NCE	not available	not available	14	1	180508_P21478_Proj2_TMT2_CTX11-20_QE2_fraction11.raw	v1.1.0	NT=ms-proteomics;VV=v1.1.0	NT=vertebrates;VV=v1.1.0	NT=clinical-metadata;VV=v1.0.0	manual curation	rNLS8 (NEFH-tTA x tetO-hTDP-43-dNLS)	4 week
D6b	Mus musculus	cerebral cortex	not applicable	tissue	amyotrophic lateral sclerosis	adult	female	B6C3F1	rNLS8 (NEFH-tTA x tetO-hTDP-43-dNLS)	6 week	2	180508_P21478_Proj2_TMT2_CTX11-20_QE2_fraction11-TMT128N	proteomic profiling by mass spectrometry	NT=Q Exactive;AC=MS:1001911	TMT128N	NT=TMT6plex;AC=UNIMOD:737;TA=K;MT=Fixed	NT=TMT6plex;AC=UNIMOD:737;PP=Peptide N-term;MT=Fixed	NT=Carbamidomethyl;AC=UNIMOD:4;TA=C;MT=Fixed	NT=Oxidation;AC=UNIMOD:35;TA=M;MT=Variable	NT=Trypsin;AC=MS:1001251	NT=Data-dependent acquisition;AC=PRIDE:0000627	NT=beam-type collision-induced dissociation;AC=MS:1000422	35 NCE	not available	not available	14	1	180508_P21478_Proj2_TMT2_CTX11-20_QE2_fraction11.raw	v1.1.0	NT=ms-proteomics;VV=v1.1.0	NT=vertebrates;VV=v1.1.0	NT=clinical-metadata;VV=v1.0.0	manual curation	rNLS8 (NEFH-tTA x tetO-hTDP-43-dNLS)	6 week
D6+RECb	Mus musculus	cerebral cortex	not applicable	tissue	amyotrophic lateral sclerosis	adult	female	B6C3F1	rNLS8 (NEFH-tTA x tetO-hTDP-43-dNLS)	6 week + recovery	2	180508_P21478_Proj2_TMT2_CTX11-20_QE2_fraction11-TMT128C	proteomic profiling by mass spectrometry	NT=Q Exactive;AC=MS:1001911	TMT128C	NT=TMT6plex;AC=UNIMOD:737;TA=K;MT=Fixed	NT=TMT6plex;AC=UNIMOD:737;PP=Peptide N-term;MT=Fixed	NT=Carbamidomethyl;AC=UNIMOD:4;TA=C;MT=Fixed	NT=Oxidation;AC=UNIMOD:35;TA=M;MT=Variable	NT=Trypsin;AC=MS:1001251	NT=Data-dependent acquisition;AC=PRIDE:0000627	NT=beam-type collision-induced dissociation;AC=MS:1000422	35 NCE	not available	not available	14	1	180508_P21478_Proj2_TMT2_CTX11-20_QE2_fraction11.raw	v1.1.0	NT=ms-proteomics;VV=v1.1.0	NT=vertebrates;VV=v1.1.0	NT=clinical-metadata;VV=v1.0.0	manual curation	rNLS8 (NEFH-tTA x tetO-hTDP-43-dNLS)	6 week + recovery
C1b	Mus musculus	cerebral cortex	not applicable	tissue	normal	adult	female	B6C3F1	non-transgenic	1 week	2	180508_P21478_Proj2_TMT2_CTX11-20_QE2_fraction11-TMT129N	proteomic profiling by mass spectrometry	NT=Q Exactive;AC=MS:1001911	TMT129N	NT=TMT6plex;AC=UNIMOD:737;TA=K;MT=Fixed	NT=TMT6plex;AC=UNIMOD:737;PP=Peptide N-term;MT=Fixed	NT=Carbamidomethyl;AC=UNIMOD:4;TA=C;MT=Fixed	NT=Oxidation;AC=UNIMOD:35;TA=M;MT=Variable	NT=Trypsin;AC=MS:1001251	NT=Data-dependent acquisition;AC=PRIDE:0000627	NT=beam-type collision-induced dissociation;AC=MS:1000422	35 NCE	not available	not available	14	1	180508_P21478_Proj2_TMT2_CTX11-20_QE2_fraction11.raw	v1.1.0	NT=ms-proteomics;VV=v1.1.0	NT=vertebrates;VV=v1.1.0	NT=clinical-metadata;VV=v1.0.0	manual curation	non-transgenic	1 week
C4b	Mus musculus	cerebral cortex	not applicable	tissue	normal	adult	female	B6C3F1	NEFH-tTA	4 week	2	180508_P21478_Proj2_TMT2_CTX11-20_QE2_fraction11-TMT129C	proteomic profiling by mass spectrometry	NT=Q Exactive;AC=MS:1001911	TMT129C	NT=TMT6plex;AC=UNIMOD:737;TA=K;MT=Fixed	NT=TMT6plex;AC=UNIMOD:737;PP=Peptide N-term;MT=Fixed	NT=Carbamidomethyl;AC=UNIMOD:4;TA=C;MT=Fixed	NT=Oxidation;AC=UNIMOD:35;TA=M;MT=Variable	NT=Trypsin;AC=MS:1001251	NT=Data-dependent acquisition;AC=PRIDE:0000627	NT=beam-type collision-induced dissociation;AC=MS:1000422	35 NCE	not available	not available	14	1	180508_P21478_Proj2_TMT2_CTX11-20_QE2_fraction11.raw	v1.1.0	NT=ms-proteomics;VV=v1.1.0	NT=vertebrates;VV=v1.1.0	NT=clinical-metadata;VV=v1.0.0	manual curation	NEFH-tTA	4 week
C6b	Mus musculus	cerebral cortex	not applicable	tissue	normal	adult	female	B6C3F1	non-transgenic	6 week	2	180508_P21478_Proj2_TMT2_CTX11-20_QE2_fraction11-TMT130N	proteomic profiling by mass spectrometry	NT=Q Exactive;AC=MS:1001911	TMT130N	NT=TMT6plex;AC=UNIMOD:737;TA=K;MT=Fixed	NT=TMT6plex;AC=UNIMOD:737;PP=Peptide N-term;MT=Fixed	NT=Carbamidomethyl;AC=UNIMOD:4;TA=C;MT=Fixed	NT=Oxidation;AC=UNIMOD:35;TA=M;MT=Variable	NT=Trypsin;AC=MS:1001251	NT=Data-dependent acquisition;AC=PRIDE:0000627	NT=beam-type collision-induced dissociation;AC=MS:1000422	35 NCE	not available	not available	14	1	180508_P21478_Proj2_TMT2_CTX11-20_QE2_fraction11.raw	v1.1.0	NT=ms-proteomics;VV=v1.1.0	NT=vertebrates;VV=v1.1.0	NT=clinical-metadata;VV=v1.0.0	manual curation	non-transgenic	6 week
C6+RECb	Mus musculus	cerebral cortex	not applicable	tissue	normal	adult	female	B6C3F1	NEFH-tTA	6 week + recovery	2	180508_P21478_Proj2_TMT2_CTX11-20_QE2_fraction11-TMT130C	proteomic profiling by mass spectrometry	NT=Q Exactive;AC=MS:1001911	TMT130C	NT=TMT6plex;AC=UNIMOD:737;TA=K;MT=Fixed	NT=TMT6plex;AC=UNIMOD:737;PP=Peptide N-term;MT=Fixed	NT=Carbamidomethyl;AC=UNIMOD:4;TA=C;MT=Fixed	NT=Oxidation;AC=UNIMOD:35;TA=M;MT=Variable	NT=Trypsin;AC=MS:1001251	NT=Data-dependent acquisition;AC=PRIDE:0000627	NT=beam-type collision-induced dissociation;AC=MS:1000422	35 NCE	not available	not available	14	1	180508_P21478_Proj2_TMT2_CTX11-20_QE2_fraction11.raw	v1.1.0	NT=ms-proteomics;VV=v1.1.0	NT=vertebrates;VV=v1.1.0	NT=clinical-metadata;VV=v1.0.0	manual curation	NEFH-tTA	6 week + recovery
pooled_control_reference_TMT2_CTX11-20	Mus musculus	cerebral cortex	not applicable	tissue	normal	adult	female	B6C3F1	not applicable	not applicable	pooled	180508_P21478_Proj2_TMT2_CTX11-20_QE2_fraction11-TMT131	proteomic profiling by mass spectrometry	NT=Q Exactive;AC=MS:1001911	TMT131	NT=TMT6plex;AC=UNIMOD:737;TA=K;MT=Fixed	NT=TMT6plex;AC=UNIMOD:737;PP=Peptide N-term;MT=Fixed	NT=Carbamidomethyl;AC=UNIMOD:4;TA=C;MT=Fixed	NT=Oxidation;AC=UNIMOD:35;TA=M;MT=Variable	NT=Trypsin;AC=MS:1001251	NT=Data-dependent acquisition;AC=PRIDE:0000627	NT=beam-type collision-induced dissociation;AC=MS:1000422	35 NCE	not available	not available	14	1	180508_P21478_Proj2_TMT2_CTX11-20_QE2_fraction11.raw	v1.1.0	NT=ms-proteomics;VV=v1.1.0	NT=vertebrates;VV=v1.1.0	NT=clinical-metadata;VV=v1.0.0	manual curation	not applicable	not applicable
D1b	Mus musculus	cerebral cortex	not applicable	tissue	amyotrophic lateral sclerosis	adult	female	B6C3F1	rNLS8 (NEFH-tTA x tetO-hTDP-43-dNLS)	1 week	2	180508_P21478_Proj2_TMT2_CTX11-20_QE2_fraction12-TMT126	proteomic profiling by mass spectrometry	NT=Q Exactive;AC=MS:1001911	TMT126	NT=TMT6plex;AC=UNIMOD:737;TA=K;MT=Fixed	NT=TMT6plex;AC=UNIMOD:737;PP=Peptide N-term;MT=Fixed	NT=Carbamidomethyl;AC=UNIMOD:4;TA=C;MT=Fixed	NT=Oxidation;AC=UNIMOD:35;TA=M;MT=Variable	NT=Trypsin;AC=MS:1001251	NT=Data-dependent acquisition;AC=PRIDE:0000627	NT=beam-type collision-induced dissociation;AC=MS:1000422	35 NCE	not available	not available	15	1	180508_P21478_Proj2_TMT2_CTX11-20_QE2_fraction12.raw	v1.1.0	NT=ms-proteomics;VV=v1.1.0	NT=vertebrates;VV=v1.1.0	NT=clinical-metadata;VV=v1.0.0	manual curation	rNLS8 (NEFH-tTA x tetO-hTDP-43-dNLS)	1 week
D2b	Mus musculus	cerebral cortex	not applicable	tissue	amyotrophic lateral sclerosis	adult	female	B6C3F1	rNLS8 (NEFH-tTA x tetO-hTDP-43-dNLS)	2 week	2	180508_P21478_Proj2_TMT2_CTX11-20_QE2_fraction12-TMT127N	proteomic profiling by mass spectrometry	NT=Q Exactive;AC=MS:1001911	TMT127N	NT=TMT6plex;AC=UNIMOD:737;TA=K;MT=Fixed	NT=TMT6plex;AC=UNIMOD:737;PP=Peptide N-term;MT=Fixed	NT=Carbamidomethyl;AC=UNIMOD:4;TA=C;MT=Fixed	NT=Oxidation;AC=UNIMOD:35;TA=M;MT=Variable	NT=Trypsin;AC=MS:1001251	NT=Data-dependent acquisition;AC=PRIDE:0000627	NT=beam-type collision-induced dissociation;AC=MS:1000422	35 NCE	not available	not available	15	1	180508_P21478_Proj2_TMT2_CTX11-20_QE2_fraction12.raw	v1.1.0	NT=ms-proteomics;VV=v1.1.0	NT=vertebrates;VV=v1.1.0	NT=clinical-metadata;VV=v1.0.0	manual curation	rNLS8 (NEFH-tTA x tetO-hTDP-43-dNLS)	2 week
D4b	Mus musculus	cerebral cortex	not applicable	tissue	amyotrophic lateral sclerosis	adult	female	B6C3F1	rNLS8 (NEFH-tTA x tetO-hTDP-43-dNLS)	4 week	2	180508_P21478_Proj2_TMT2_CTX11-20_QE2_fraction12-TMT127C	proteomic profiling by mass spectrometry	NT=Q Exactive;AC=MS:1001911	TMT127C	NT=TMT6plex;AC=UNIMOD:737;TA=K;MT=Fixed	NT=TMT6plex;AC=UNIMOD:737;PP=Peptide N-term;MT=Fixed	NT=Carbamidomethyl;AC=UNIMOD:4;TA=C;MT=Fixed	NT=Oxidation;AC=UNIMOD:35;TA=M;MT=Variable	NT=Trypsin;AC=MS:1001251	NT=Data-dependent acquisition;AC=PRIDE:0000627	NT=beam-type collision-induced dissociation;AC=MS:1000422	35 NCE	not available	not available	15	1	180508_P21478_Proj2_TMT2_CTX11-20_QE2_fraction12.raw	v1.1.0	NT=ms-proteomics;VV=v1.1.0	NT=vertebrates;VV=v1.1.0	NT=clinical-metadata;VV=v1.0.0	manual curation	rNLS8 (NEFH-tTA x tetO-hTDP-43-dNLS)	4 week
D6b	Mus musculus	cerebral cortex	not applicable	tissue	amyotrophic lateral sclerosis	adult	female	B6C3F1	rNLS8 (NEFH-tTA x tetO-hTDP-43-dNLS)	6 week	2	180508_P21478_Proj2_TMT2_CTX11-20_QE2_fraction12-TMT128N	proteomic profiling by mass spectrometry	NT=Q Exactive;AC=MS:1001911	TMT128N	NT=TMT6plex;AC=UNIMOD:737;TA=K;MT=Fixed	NT=TMT6plex;AC=UNIMOD:737;PP=Peptide N-term;MT=Fixed	NT=Carbamidomethyl;AC=UNIMOD:4;TA=C;MT=Fixed	NT=Oxidation;AC=UNIMOD:35;TA=M;MT=Variable	NT=Trypsin;AC=MS:1001251	NT=Data-dependent acquisition;AC=PRIDE:0000627	NT=beam-type collision-induced dissociation;AC=MS:1000422	35 NCE	not available	not available	15	1	180508_P21478_Proj2_TMT2_CTX11-20_QE2_fraction12.raw	v1.1.0	NT=ms-proteomics;VV=v1.1.0	NT=vertebrates;VV=v1.1.0	NT=clinical-metadata;VV=v1.0.0	manual curation	rNLS8 (NEFH-tTA x tetO-hTDP-43-dNLS)	6 week
D6+RECb	Mus musculus	cerebral cortex	not applicable	tissue	amyotrophic lateral sclerosis	adult	female	B6C3F1	rNLS8 (NEFH-tTA x tetO-hTDP-43-dNLS)	6 week + recovery	2	180508_P21478_Proj2_TMT2_CTX11-20_QE2_fraction12-TMT128C	proteomic profiling by mass spectrometry	NT=Q Exactive;AC=MS:1001911	TMT128C	NT=TMT6plex;AC=UNIMOD:737;TA=K;MT=Fixed	NT=TMT6plex;AC=UNIMOD:737;PP=Peptide N-term;MT=Fixed	NT=Carbamidomethyl;AC=UNIMOD:4;TA=C;MT=Fixed	NT=Oxidation;AC=UNIMOD:35;TA=M;MT=Variable	NT=Trypsin;AC=MS:1001251	NT=Data-dependent acquisition;AC=PRIDE:0000627	NT=beam-type collision-induced dissociation;AC=MS:1000422	35 NCE	not available	not available	15	1	180508_P21478_Proj2_TMT2_CTX11-20_QE2_fraction12.raw	v1.1.0	NT=ms-proteomics;VV=v1.1.0	NT=vertebrates;VV=v1.1.0	NT=clinical-metadata;VV=v1.0.0	manual curation	rNLS8 (NEFH-tTA x tetO-hTDP-43-dNLS)	6 week + recovery
C1b	Mus musculus	cerebral cortex	not applicable	tissue	normal	adult	female	B6C3F1	non-transgenic	1 week	2	180508_P21478_Proj2_TMT2_CTX11-20_QE2_fraction12-TMT129N	proteomic profiling by mass spectrometry	NT=Q Exactive;AC=MS:1001911	TMT129N	NT=TMT6plex;AC=UNIMOD:737;TA=K;MT=Fixed	NT=TMT6plex;AC=UNIMOD:737;PP=Peptide N-term;MT=Fixed	NT=Carbamidomethyl;AC=UNIMOD:4;TA=C;MT=Fixed	NT=Oxidation;AC=UNIMOD:35;TA=M;MT=Variable	NT=Trypsin;AC=MS:1001251	NT=Data-dependent acquisition;AC=PRIDE:0000627	NT=beam-type collision-induced dissociation;AC=MS:1000422	35 NCE	not available	not available	15	1	180508_P21478_Proj2_TMT2_CTX11-20_QE2_fraction12.raw	v1.1.0	NT=ms-proteomics;VV=v1.1.0	NT=vertebrates;VV=v1.1.0	NT=clinical-metadata;VV=v1.0.0	manual curation	non-transgenic	1 week
C4b	Mus musculus	cerebral cortex	not applicable	tissue	normal	adult	female	B6C3F1	NEFH-tTA	4 week	2	180508_P21478_Proj2_TMT2_CTX11-20_QE2_fraction12-TMT129C	proteomic profiling by mass spectrometry	NT=Q Exactive;AC=MS:1001911	TMT129C	NT=TMT6plex;AC=UNIMOD:737;TA=K;MT=Fixed	NT=TMT6plex;AC=UNIMOD:737;PP=Peptide N-term;MT=Fixed	NT=Carbamidomethyl;AC=UNIMOD:4;TA=C;MT=Fixed	NT=Oxidation;AC=UNIMOD:35;TA=M;MT=Variable	NT=Trypsin;AC=MS:1001251	NT=Data-dependent acquisition;AC=PRIDE:0000627	NT=beam-type collision-induced dissociation;AC=MS:1000422	35 NCE	not available	not available	15	1	180508_P21478_Proj2_TMT2_CTX11-20_QE2_fraction12.raw	v1.1.0	NT=ms-proteomics;VV=v1.1.0	NT=vertebrates;VV=v1.1.0	NT=clinical-metadata;VV=v1.0.0	manual curation	NEFH-tTA	4 week
C6b	Mus musculus	cerebral cortex	not applicable	tissue	normal	adult	female	B6C3F1	non-transgenic	6 week	2	180508_P21478_Proj2_TMT2_CTX11-20_QE2_fraction12-TMT130N	proteomic profiling by mass spectrometry	NT=Q Exactive;AC=MS:1001911	TMT130N	NT=TMT6plex;AC=UNIMOD:737;TA=K;MT=Fixed	NT=TMT6plex;AC=UNIMOD:737;PP=Peptide N-term;MT=Fixed	NT=Carbamidomethyl;AC=UNIMOD:4;TA=C;MT=Fixed	NT=Oxidation;AC=UNIMOD:35;TA=M;MT=Variable	NT=Trypsin;AC=MS:1001251	NT=Data-dependent acquisition;AC=PRIDE:0000627	NT=beam-type collision-induced dissociation;AC=MS:1000422	35 NCE	not available	not available	15	1	180508_P21478_Proj2_TMT2_CTX11-20_QE2_fraction12.raw	v1.1.0	NT=ms-proteomics;VV=v1.1.0	NT=vertebrates;VV=v1.1.0	NT=clinical-metadata;VV=v1.0.0	manual curation	non-transgenic	6 week
C6+RECb	Mus musculus	cerebral cortex	not applicable	tissue	normal	adult	female	B6C3F1	NEFH-tTA	6 week + recovery	2	180508_P21478_Proj2_TMT2_CTX11-20_QE2_fraction12-TMT130C	proteomic profiling by mass spectrometry	NT=Q Exactive;AC=MS:1001911	TMT130C	NT=TMT6plex;AC=UNIMOD:737;TA=K;MT=Fixed	NT=TMT6plex;AC=UNIMOD:737;PP=Peptide N-term;MT=Fixed	NT=Carbamidomethyl;AC=UNIMOD:4;TA=C;MT=Fixed	NT=Oxidation;AC=UNIMOD:35;TA=M;MT=Variable	NT=Trypsin;AC=MS:1001251	NT=Data-dependent acquisition;AC=PRIDE:0000627	NT=beam-type collision-induced dissociation;AC=MS:1000422	35 NCE	not available	not available	15	1	180508_P21478_Proj2_TMT2_CTX11-20_QE2_fraction12.raw	v1.1.0	NT=ms-proteomics;VV=v1.1.0	NT=vertebrates;VV=v1.1.0	NT=clinical-metadata;VV=v1.0.0	manual curation	NEFH-tTA	6 week + recovery
pooled_control_reference_TMT2_CTX11-20	Mus musculus	cerebral cortex	not applicable	tissue	normal	adult	female	B6C3F1	not applicable	not applicable	pooled	180508_P21478_Proj2_TMT2_CTX11-20_QE2_fraction12-TMT131	proteomic profiling by mass spectrometry	NT=Q Exactive;AC=MS:1001911	TMT131	NT=TMT6plex;AC=UNIMOD:737;TA=K;MT=Fixed	NT=TMT6plex;AC=UNIMOD:737;PP=Peptide N-term;MT=Fixed	NT=Carbamidomethyl;AC=UNIMOD:4;TA=C;MT=Fixed	NT=Oxidation;AC=UNIMOD:35;TA=M;MT=Variable	NT=Trypsin;AC=MS:1001251	NT=Data-dependent acquisition;AC=PRIDE:0000627	NT=beam-type collision-induced dissociation;AC=MS:1000422	35 NCE	not available	not available	15	1	180508_P21478_Proj2_TMT2_CTX11-20_QE2_fraction12.raw	v1.1.0	NT=ms-proteomics;VV=v1.1.0	NT=vertebrates;VV=v1.1.0	NT=clinical-metadata;VV=v1.0.0	manual curation	not applicable	not applicable
D1b	Mus musculus	cerebral cortex	not applicable	tissue	amyotrophic lateral sclerosis	adult	female	B6C3F1	rNLS8 (NEFH-tTA x tetO-hTDP-43-dNLS)	1 week	2	180508_P21478_Proj2_TMT2_CTX11-20_QE2_fraction13-TMT126	proteomic profiling by mass spectrometry	NT=Q Exactive;AC=MS:1001911	TMT126	NT=TMT6plex;AC=UNIMOD:737;TA=K;MT=Fixed	NT=TMT6plex;AC=UNIMOD:737;PP=Peptide N-term;MT=Fixed	NT=Carbamidomethyl;AC=UNIMOD:4;TA=C;MT=Fixed	NT=Oxidation;AC=UNIMOD:35;TA=M;MT=Variable	NT=Trypsin;AC=MS:1001251	NT=Data-dependent acquisition;AC=PRIDE:0000627	NT=beam-type collision-induced dissociation;AC=MS:1000422	35 NCE	not available	not available	16	1	180508_P21478_Proj2_TMT2_CTX11-20_QE2_fraction13.raw	v1.1.0	NT=ms-proteomics;VV=v1.1.0	NT=vertebrates;VV=v1.1.0	NT=clinical-metadata;VV=v1.0.0	manual curation	rNLS8 (NEFH-tTA x tetO-hTDP-43-dNLS)	1 week
D2b	Mus musculus	cerebral cortex	not applicable	tissue	amyotrophic lateral sclerosis	adult	female	B6C3F1	rNLS8 (NEFH-tTA x tetO-hTDP-43-dNLS)	2 week	2	180508_P21478_Proj2_TMT2_CTX11-20_QE2_fraction13-TMT127N	proteomic profiling by mass spectrometry	NT=Q Exactive;AC=MS:1001911	TMT127N	NT=TMT6plex;AC=UNIMOD:737;TA=K;MT=Fixed	NT=TMT6plex;AC=UNIMOD:737;PP=Peptide N-term;MT=Fixed	NT=Carbamidomethyl;AC=UNIMOD:4;TA=C;MT=Fixed	NT=Oxidation;AC=UNIMOD:35;TA=M;MT=Variable	NT=Trypsin;AC=MS:1001251	NT=Data-dependent acquisition;AC=PRIDE:0000627	NT=beam-type collision-induced dissociation;AC=MS:1000422	35 NCE	not available	not available	16	1	180508_P21478_Proj2_TMT2_CTX11-20_QE2_fraction13.raw	v1.1.0	NT=ms-proteomics;VV=v1.1.0	NT=vertebrates;VV=v1.1.0	NT=clinical-metadata;VV=v1.0.0	manual curation	rNLS8 (NEFH-tTA x tetO-hTDP-43-dNLS)	2 week
D4b	Mus musculus	cerebral cortex	not applicable	tissue	amyotrophic lateral sclerosis	adult	female	B6C3F1	rNLS8 (NEFH-tTA x tetO-hTDP-43-dNLS)	4 week	2	180508_P21478_Proj2_TMT2_CTX11-20_QE2_fraction13-TMT127C	proteomic profiling by mass spectrometry	NT=Q Exactive;AC=MS:1001911	TMT127C	NT=TMT6plex;AC=UNIMOD:737;TA=K;MT=Fixed	NT=TMT6plex;AC=UNIMOD:737;PP=Peptide N-term;MT=Fixed	NT=Carbamidomethyl;AC=UNIMOD:4;TA=C;MT=Fixed	NT=Oxidation;AC=UNIMOD:35;TA=M;MT=Variable	NT=Trypsin;AC=MS:1001251	NT=Data-dependent acquisition;AC=PRIDE:0000627	NT=beam-type collision-induced dissociation;AC=MS:1000422	35 NCE	not available	not available	16	1	180508_P21478_Proj2_TMT2_CTX11-20_QE2_fraction13.raw	v1.1.0	NT=ms-proteomics;VV=v1.1.0	NT=vertebrates;VV=v1.1.0	NT=clinical-metadata;VV=v1.0.0	manual curation	rNLS8 (NEFH-tTA x tetO-hTDP-43-dNLS)	4 week
D6b	Mus musculus	cerebral cortex	not applicable	tissue	amyotrophic lateral sclerosis	adult	female	B6C3F1	rNLS8 (NEFH-tTA x tetO-hTDP-43-dNLS)	6 week	2	180508_P21478_Proj2_TMT2_CTX11-20_QE2_fraction13-TMT128N	proteomic profiling by mass spectrometry	NT=Q Exactive;AC=MS:1001911	TMT128N	NT=TMT6plex;AC=UNIMOD:737;TA=K;MT=Fixed	NT=TMT6plex;AC=UNIMOD:737;PP=Peptide N-term;MT=Fixed	NT=Carbamidomethyl;AC=UNIMOD:4;TA=C;MT=Fixed	NT=Oxidation;AC=UNIMOD:35;TA=M;MT=Variable	NT=Trypsin;AC=MS:1001251	NT=Data-dependent acquisition;AC=PRIDE:0000627	NT=beam-type collision-induced dissociation;AC=MS:1000422	35 NCE	not available	not available	16	1	180508_P21478_Proj2_TMT2_CTX11-20_QE2_fraction13.raw	v1.1.0	NT=ms-proteomics;VV=v1.1.0	NT=vertebrates;VV=v1.1.0	NT=clinical-metadata;VV=v1.0.0	manual curation	rNLS8 (NEFH-tTA x tetO-hTDP-43-dNLS)	6 week
D6+RECb	Mus musculus	cerebral cortex	not applicable	tissue	amyotrophic lateral sclerosis	adult	female	B6C3F1	rNLS8 (NEFH-tTA x tetO-hTDP-43-dNLS)	6 week + recovery	2	180508_P21478_Proj2_TMT2_CTX11-20_QE2_fraction13-TMT128C	proteomic profiling by mass spectrometry	NT=Q Exactive;AC=MS:1001911	TMT128C	NT=TMT6plex;AC=UNIMOD:737;TA=K;MT=Fixed	NT=TMT6plex;AC=UNIMOD:737;PP=Peptide N-term;MT=Fixed	NT=Carbamidomethyl;AC=UNIMOD:4;TA=C;MT=Fixed	NT=Oxidation;AC=UNIMOD:35;TA=M;MT=Variable	NT=Trypsin;AC=MS:1001251	NT=Data-dependent acquisition;AC=PRIDE:0000627	NT=beam-type collision-induced dissociation;AC=MS:1000422	35 NCE	not available	not available	16	1	180508_P21478_Proj2_TMT2_CTX11-20_QE2_fraction13.raw	v1.1.0	NT=ms-proteomics;VV=v1.1.0	NT=vertebrates;VV=v1.1.0	NT=clinical-metadata;VV=v1.0.0	manual curation	rNLS8 (NEFH-tTA x tetO-hTDP-43-dNLS)	6 week + recovery
C1b	Mus musculus	cerebral cortex	not applicable	tissue	normal	adult	female	B6C3F1	non-transgenic	1 week	2	180508_P21478_Proj2_TMT2_CTX11-20_QE2_fraction13-TMT129N	proteomic profiling by mass spectrometry	NT=Q Exactive;AC=MS:1001911	TMT129N	NT=TMT6plex;AC=UNIMOD:737;TA=K;MT=Fixed	NT=TMT6plex;AC=UNIMOD:737;PP=Peptide N-term;MT=Fixed	NT=Carbamidomethyl;AC=UNIMOD:4;TA=C;MT=Fixed	NT=Oxidation;AC=UNIMOD:35;TA=M;MT=Variable	NT=Trypsin;AC=MS:1001251	NT=Data-dependent acquisition;AC=PRIDE:0000627	NT=beam-type collision-induced dissociation;AC=MS:1000422	35 NCE	not available	not available	16	1	180508_P21478_Proj2_TMT2_CTX11-20_QE2_fraction13.raw	v1.1.0	NT=ms-proteomics;VV=v1.1.0	NT=vertebrates;VV=v1.1.0	NT=clinical-metadata;VV=v1.0.0	manual curation	non-transgenic	1 week
C4b	Mus musculus	cerebral cortex	not applicable	tissue	normal	adult	female	B6C3F1	NEFH-tTA	4 week	2	180508_P21478_Proj2_TMT2_CTX11-20_QE2_fraction13-TMT129C	proteomic profiling by mass spectrometry	NT=Q Exactive;AC=MS:1001911	TMT129C	NT=TMT6plex;AC=UNIMOD:737;TA=K;MT=Fixed	NT=TMT6plex;AC=UNIMOD:737;PP=Peptide N-term;MT=Fixed	NT=Carbamidomethyl;AC=UNIMOD:4;TA=C;MT=Fixed	NT=Oxidation;AC=UNIMOD:35;TA=M;MT=Variable	NT=Trypsin;AC=MS:1001251	NT=Data-dependent acquisition;AC=PRIDE:0000627	NT=beam-type collision-induced dissociation;AC=MS:1000422	35 NCE	not available	not available	16	1	180508_P21478_Proj2_TMT2_CTX11-20_QE2_fraction13.raw	v1.1.0	NT=ms-proteomics;VV=v1.1.0	NT=vertebrates;VV=v1.1.0	NT=clinical-metadata;VV=v1.0.0	manual curation	NEFH-tTA	4 week
C6b	Mus musculus	cerebral cortex	not applicable	tissue	normal	adult	female	B6C3F1	non-transgenic	6 week	2	180508_P21478_Proj2_TMT2_CTX11-20_QE2_fraction13-TMT130N	proteomic profiling by mass spectrometry	NT=Q Exactive;AC=MS:1001911	TMT130N	NT=TMT6plex;AC=UNIMOD:737;TA=K;MT=Fixed	NT=TMT6plex;AC=UNIMOD:737;PP=Peptide N-term;MT=Fixed	NT=Carbamidomethyl;AC=UNIMOD:4;TA=C;MT=Fixed	NT=Oxidation;AC=UNIMOD:35;TA=M;MT=Variable	NT=Trypsin;AC=MS:1001251	NT=Data-dependent acquisition;AC=PRIDE:0000627	NT=beam-type collision-induced dissociation;AC=MS:1000422	35 NCE	not available	not available	16	1	180508_P21478_Proj2_TMT2_CTX11-20_QE2_fraction13.raw	v1.1.0	NT=ms-proteomics;VV=v1.1.0	NT=vertebrates;VV=v1.1.0	NT=clinical-metadata;VV=v1.0.0	manual curation	non-transgenic	6 week
C6+RECb	Mus musculus	cerebral cortex	not applicable	tissue	normal	adult	female	B6C3F1	NEFH-tTA	6 week + recovery	2	180508_P21478_Proj2_TMT2_CTX11-20_QE2_fraction13-TMT130C	proteomic profiling by mass spectrometry	NT=Q Exactive;AC=MS:1001911	TMT130C	NT=TMT6plex;AC=UNIMOD:737;TA=K;MT=Fixed	NT=TMT6plex;AC=UNIMOD:737;PP=Peptide N-term;MT=Fixed	NT=Carbamidomethyl;AC=UNIMOD:4;TA=C;MT=Fixed	NT=Oxidation;AC=UNIMOD:35;TA=M;MT=Variable	NT=Trypsin;AC=MS:1001251	NT=Data-dependent acquisition;AC=PRIDE:0000627	NT=beam-type collision-induced dissociation;AC=MS:1000422	35 NCE	not available	not available	16	1	180508_P21478_Proj2_TMT2_CTX11-20_QE2_fraction13.raw	v1.1.0	NT=ms-proteomics;VV=v1.1.0	NT=vertebrates;VV=v1.1.0	NT=clinical-metadata;VV=v1.0.0	manual curation	NEFH-tTA	6 week + recovery
pooled_control_reference_TMT2_CTX11-20	Mus musculus	cerebral cortex	not applicable	tissue	normal	adult	female	B6C3F1	not applicable	not applicable	pooled	180508_P21478_Proj2_TMT2_CTX11-20_QE2_fraction13-TMT131	proteomic profiling by mass spectrometry	NT=Q Exactive;AC=MS:1001911	TMT131	NT=TMT6plex;AC=UNIMOD:737;TA=K;MT=Fixed	NT=TMT6plex;AC=UNIMOD:737;PP=Peptide N-term;MT=Fixed	NT=Carbamidomethyl;AC=UNIMOD:4;TA=C;MT=Fixed	NT=Oxidation;AC=UNIMOD:35;TA=M;MT=Variable	NT=Trypsin;AC=MS:1001251	NT=Data-dependent acquisition;AC=PRIDE:0000627	NT=beam-type collision-induced dissociation;AC=MS:1000422	35 NCE	not available	not available	16	1	180508_P21478_Proj2_TMT2_CTX11-20_QE2_fraction13.raw	v1.1.0	NT=ms-proteomics;VV=v1.1.0	NT=vertebrates;VV=v1.1.0	NT=clinical-metadata;VV=v1.0.0	manual curation	not applicable	not applicable
D1b	Mus musculus	cerebral cortex	not applicable	tissue	amyotrophic lateral sclerosis	adult	female	B6C3F1	rNLS8 (NEFH-tTA x tetO-hTDP-43-dNLS)	1 week	2	180508_P21478_Proj2_TMT2_CTX11-20_QE2_fraction14-TMT126	proteomic profiling by mass spectrometry	NT=Q Exactive;AC=MS:1001911	TMT126	NT=TMT6plex;AC=UNIMOD:737;TA=K;MT=Fixed	NT=TMT6plex;AC=UNIMOD:737;PP=Peptide N-term;MT=Fixed	NT=Carbamidomethyl;AC=UNIMOD:4;TA=C;MT=Fixed	NT=Oxidation;AC=UNIMOD:35;TA=M;MT=Variable	NT=Trypsin;AC=MS:1001251	NT=Data-dependent acquisition;AC=PRIDE:0000627	NT=beam-type collision-induced dissociation;AC=MS:1000422	35 NCE	not available	not available	17	1	180508_P21478_Proj2_TMT2_CTX11-20_QE2_fraction14.raw	v1.1.0	NT=ms-proteomics;VV=v1.1.0	NT=vertebrates;VV=v1.1.0	NT=clinical-metadata;VV=v1.0.0	manual curation	rNLS8 (NEFH-tTA x tetO-hTDP-43-dNLS)	1 week
D2b	Mus musculus	cerebral cortex	not applicable	tissue	amyotrophic lateral sclerosis	adult	female	B6C3F1	rNLS8 (NEFH-tTA x tetO-hTDP-43-dNLS)	2 week	2	180508_P21478_Proj2_TMT2_CTX11-20_QE2_fraction14-TMT127N	proteomic profiling by mass spectrometry	NT=Q Exactive;AC=MS:1001911	TMT127N	NT=TMT6plex;AC=UNIMOD:737;TA=K;MT=Fixed	NT=TMT6plex;AC=UNIMOD:737;PP=Peptide N-term;MT=Fixed	NT=Carbamidomethyl;AC=UNIMOD:4;TA=C;MT=Fixed	NT=Oxidation;AC=UNIMOD:35;TA=M;MT=Variable	NT=Trypsin;AC=MS:1001251	NT=Data-dependent acquisition;AC=PRIDE:0000627	NT=beam-type collision-induced dissociation;AC=MS:1000422	35 NCE	not available	not available	17	1	180508_P21478_Proj2_TMT2_CTX11-20_QE2_fraction14.raw	v1.1.0	NT=ms-proteomics;VV=v1.1.0	NT=vertebrates;VV=v1.1.0	NT=clinical-metadata;VV=v1.0.0	manual curation	rNLS8 (NEFH-tTA x tetO-hTDP-43-dNLS)	2 week
D4b	Mus musculus	cerebral cortex	not applicable	tissue	amyotrophic lateral sclerosis	adult	female	B6C3F1	rNLS8 (NEFH-tTA x tetO-hTDP-43-dNLS)	4 week	2	180508_P21478_Proj2_TMT2_CTX11-20_QE2_fraction14-TMT127C	proteomic profiling by mass spectrometry	NT=Q Exactive;AC=MS:1001911	TMT127C	NT=TMT6plex;AC=UNIMOD:737;TA=K;MT=Fixed	NT=TMT6plex;AC=UNIMOD:737;PP=Peptide N-term;MT=Fixed	NT=Carbamidomethyl;AC=UNIMOD:4;TA=C;MT=Fixed	NT=Oxidation;AC=UNIMOD:35;TA=M;MT=Variable	NT=Trypsin;AC=MS:1001251	NT=Data-dependent acquisition;AC=PRIDE:0000627	NT=beam-type collision-induced dissociation;AC=MS:1000422	35 NCE	not available	not available	17	1	180508_P21478_Proj2_TMT2_CTX11-20_QE2_fraction14.raw	v1.1.0	NT=ms-proteomics;VV=v1.1.0	NT=vertebrates;VV=v1.1.0	NT=clinical-metadata;VV=v1.0.0	manual curation	rNLS8 (NEFH-tTA x tetO-hTDP-43-dNLS)	4 week
D6b	Mus musculus	cerebral cortex	not applicable	tissue	amyotrophic lateral sclerosis	adult	female	B6C3F1	rNLS8 (NEFH-tTA x tetO-hTDP-43-dNLS)	6 week	2	180508_P21478_Proj2_TMT2_CTX11-20_QE2_fraction14-TMT128N	proteomic profiling by mass spectrometry	NT=Q Exactive;AC=MS:1001911	TMT128N	NT=TMT6plex;AC=UNIMOD:737;TA=K;MT=Fixed	NT=TMT6plex;AC=UNIMOD:737;PP=Peptide N-term;MT=Fixed	NT=Carbamidomethyl;AC=UNIMOD:4;TA=C;MT=Fixed	NT=Oxidation;AC=UNIMOD:35;TA=M;MT=Variable	NT=Trypsin;AC=MS:1001251	NT=Data-dependent acquisition;AC=PRIDE:0000627	NT=beam-type collision-induced dissociation;AC=MS:1000422	35 NCE	not available	not available	17	1	180508_P21478_Proj2_TMT2_CTX11-20_QE2_fraction14.raw	v1.1.0	NT=ms-proteomics;VV=v1.1.0	NT=vertebrates;VV=v1.1.0	NT=clinical-metadata;VV=v1.0.0	manual curation	rNLS8 (NEFH-tTA x tetO-hTDP-43-dNLS)	6 week
D6+RECb	Mus musculus	cerebral cortex	not applicable	tissue	amyotrophic lateral sclerosis	adult	female	B6C3F1	rNLS8 (NEFH-tTA x tetO-hTDP-43-dNLS)	6 week + recovery	2	180508_P21478_Proj2_TMT2_CTX11-20_QE2_fraction14-TMT128C	proteomic profiling by mass spectrometry	NT=Q Exactive;AC=MS:1001911	TMT128C	NT=TMT6plex;AC=UNIMOD:737;TA=K;MT=Fixed	NT=TMT6plex;AC=UNIMOD:737;PP=Peptide N-term;MT=Fixed	NT=Carbamidomethyl;AC=UNIMOD:4;TA=C;MT=Fixed	NT=Oxidation;AC=UNIMOD:35;TA=M;MT=Variable	NT=Trypsin;AC=MS:1001251	NT=Data-dependent acquisition;AC=PRIDE:0000627	NT=beam-type collision-induced dissociation;AC=MS:1000422	35 NCE	not available	not available	17	1	180508_P21478_Proj2_TMT2_CTX11-20_QE2_fraction14.raw	v1.1.0	NT=ms-proteomics;VV=v1.1.0	NT=vertebrates;VV=v1.1.0	NT=clinical-metadata;VV=v1.0.0	manual curation	rNLS8 (NEFH-tTA x tetO-hTDP-43-dNLS)	6 week + recovery
C1b	Mus musculus	cerebral cortex	not applicable	tissue	normal	adult	female	B6C3F1	non-transgenic	1 week	2	180508_P21478_Proj2_TMT2_CTX11-20_QE2_fraction14-TMT129N	proteomic profiling by mass spectrometry	NT=Q Exactive;AC=MS:1001911	TMT129N	NT=TMT6plex;AC=UNIMOD:737;TA=K;MT=Fixed	NT=TMT6plex;AC=UNIMOD:737;PP=Peptide N-term;MT=Fixed	NT=Carbamidomethyl;AC=UNIMOD:4;TA=C;MT=Fixed	NT=Oxidation;AC=UNIMOD:35;TA=M;MT=Variable	NT=Trypsin;AC=MS:1001251	NT=Data-dependent acquisition;AC=PRIDE:0000627	NT=beam-type collision-induced dissociation;AC=MS:1000422	35 NCE	not available	not available	17	1	180508_P21478_Proj2_TMT2_CTX11-20_QE2_fraction14.raw	v1.1.0	NT=ms-proteomics;VV=v1.1.0	NT=vertebrates;VV=v1.1.0	NT=clinical-metadata;VV=v1.0.0	manual curation	non-transgenic	1 week
C4b	Mus musculus	cerebral cortex	not applicable	tissue	normal	adult	female	B6C3F1	NEFH-tTA	4 week	2	180508_P21478_Proj2_TMT2_CTX11-20_QE2_fraction14-TMT129C	proteomic profiling by mass spectrometry	NT=Q Exactive;AC=MS:1001911	TMT129C	NT=TMT6plex;AC=UNIMOD:737;TA=K;MT=Fixed	NT=TMT6plex;AC=UNIMOD:737;PP=Peptide N-term;MT=Fixed	NT=Carbamidomethyl;AC=UNIMOD:4;TA=C;MT=Fixed	NT=Oxidation;AC=UNIMOD:35;TA=M;MT=Variable	NT=Trypsin;AC=MS:1001251	NT=Data-dependent acquisition;AC=PRIDE:0000627	NT=beam-type collision-induced dissociation;AC=MS:1000422	35 NCE	not available	not available	17	1	180508_P21478_Proj2_TMT2_CTX11-20_QE2_fraction14.raw	v1.1.0	NT=ms-proteomics;VV=v1.1.0	NT=vertebrates;VV=v1.1.0	NT=clinical-metadata;VV=v1.0.0	manual curation	NEFH-tTA	4 week
C6b	Mus musculus	cerebral cortex	not applicable	tissue	normal	adult	female	B6C3F1	non-transgenic	6 week	2	180508_P21478_Proj2_TMT2_CTX11-20_QE2_fraction14-TMT130N	proteomic profiling by mass spectrometry	NT=Q Exactive;AC=MS:1001911	TMT130N	NT=TMT6plex;AC=UNIMOD:737;TA=K;MT=Fixed	NT=TMT6plex;AC=UNIMOD:737;PP=Peptide N-term;MT=Fixed	NT=Carbamidomethyl;AC=UNIMOD:4;TA=C;MT=Fixed	NT=Oxidation;AC=UNIMOD:35;TA=M;MT=Variable	NT=Trypsin;AC=MS:1001251	NT=Data-dependent acquisition;AC=PRIDE:0000627	NT=beam-type collision-induced dissociation;AC=MS:1000422	35 NCE	not available	not available	17	1	180508_P21478_Proj2_TMT2_CTX11-20_QE2_fraction14.raw	v1.1.0	NT=ms-proteomics;VV=v1.1.0	NT=vertebrates;VV=v1.1.0	NT=clinical-metadata;VV=v1.0.0	manual curation	non-transgenic	6 week
C6+RECb	Mus musculus	cerebral cortex	not applicable	tissue	normal	adult	female	B6C3F1	NEFH-tTA	6 week + recovery	2	180508_P21478_Proj2_TMT2_CTX11-20_QE2_fraction14-TMT130C	proteomic profiling by mass spectrometry	NT=Q Exactive;AC=MS:1001911	TMT130C	NT=TMT6plex;AC=UNIMOD:737;TA=K;MT=Fixed	NT=TMT6plex;AC=UNIMOD:737;PP=Peptide N-term;MT=Fixed	NT=Carbamidomethyl;AC=UNIMOD:4;TA=C;MT=Fixed	NT=Oxidation;AC=UNIMOD:35;TA=M;MT=Variable	NT=Trypsin;AC=MS:1001251	NT=Data-dependent acquisition;AC=PRIDE:0000627	NT=beam-type collision-induced dissociation;AC=MS:1000422	35 NCE	not available	not available	17	1	180508_P21478_Proj2_TMT2_CTX11-20_QE2_fraction14.raw	v1.1.0	NT=ms-proteomics;VV=v1.1.0	NT=vertebrates;VV=v1.1.0	NT=clinical-metadata;VV=v1.0.0	manual curation	NEFH-tTA	6 week + recovery
pooled_control_reference_TMT2_CTX11-20	Mus musculus	cerebral cortex	not applicable	tissue	normal	adult	female	B6C3F1	not applicable	not applicable	pooled	180508_P21478_Proj2_TMT2_CTX11-20_QE2_fraction14-TMT131	proteomic profiling by mass spectrometry	NT=Q Exactive;AC=MS:1001911	TMT131	NT=TMT6plex;AC=UNIMOD:737;TA=K;MT=Fixed	NT=TMT6plex;AC=UNIMOD:737;PP=Peptide N-term;MT=Fixed	NT=Carbamidomethyl;AC=UNIMOD:4;TA=C;MT=Fixed	NT=Oxidation;AC=UNIMOD:35;TA=M;MT=Variable	NT=Trypsin;AC=MS:1001251	NT=Data-dependent acquisition;AC=PRIDE:0000627	NT=beam-type collision-induced dissociation;AC=MS:1000422	35 NCE	not available	not available	17	1	180508_P21478_Proj2_TMT2_CTX11-20_QE2_fraction14.raw	v1.1.0	NT=ms-proteomics;VV=v1.1.0	NT=vertebrates;VV=v1.1.0	NT=clinical-metadata;VV=v1.0.0	manual curation	not applicable	not applicable
D1b	Mus musculus	cerebral cortex	not applicable	tissue	amyotrophic lateral sclerosis	adult	female	B6C3F1	rNLS8 (NEFH-tTA x tetO-hTDP-43-dNLS)	1 week	2	180508_P21478_Proj2_TMT2_CTX11-20_QE2_fraction2-TMT126	proteomic profiling by mass spectrometry	NT=Q Exactive;AC=MS:1001911	TMT126	NT=TMT6plex;AC=UNIMOD:737;TA=K;MT=Fixed	NT=TMT6plex;AC=UNIMOD:737;PP=Peptide N-term;MT=Fixed	NT=Carbamidomethyl;AC=UNIMOD:4;TA=C;MT=Fixed	NT=Oxidation;AC=UNIMOD:35;TA=M;MT=Variable	NT=Trypsin;AC=MS:1001251	NT=Data-dependent acquisition;AC=PRIDE:0000627	NT=beam-type collision-induced dissociation;AC=MS:1000422	35 NCE	not available	not available	5	1	180508_P21478_Proj2_TMT2_CTX11-20_QE2_fraction2.raw	v1.1.0	NT=ms-proteomics;VV=v1.1.0	NT=vertebrates;VV=v1.1.0	NT=clinical-metadata;VV=v1.0.0	manual curation	rNLS8 (NEFH-tTA x tetO-hTDP-43-dNLS)	1 week
D2b	Mus musculus	cerebral cortex	not applicable	tissue	amyotrophic lateral sclerosis	adult	female	B6C3F1	rNLS8 (NEFH-tTA x tetO-hTDP-43-dNLS)	2 week	2	180508_P21478_Proj2_TMT2_CTX11-20_QE2_fraction2-TMT127N	proteomic profiling by mass spectrometry	NT=Q Exactive;AC=MS:1001911	TMT127N	NT=TMT6plex;AC=UNIMOD:737;TA=K;MT=Fixed	NT=TMT6plex;AC=UNIMOD:737;PP=Peptide N-term;MT=Fixed	NT=Carbamidomethyl;AC=UNIMOD:4;TA=C;MT=Fixed	NT=Oxidation;AC=UNIMOD:35;TA=M;MT=Variable	NT=Trypsin;AC=MS:1001251	NT=Data-dependent acquisition;AC=PRIDE:0000627	NT=beam-type collision-induced dissociation;AC=MS:1000422	35 NCE	not available	not available	5	1	180508_P21478_Proj2_TMT2_CTX11-20_QE2_fraction2.raw	v1.1.0	NT=ms-proteomics;VV=v1.1.0	NT=vertebrates;VV=v1.1.0	NT=clinical-metadata;VV=v1.0.0	manual curation	rNLS8 (NEFH-tTA x tetO-hTDP-43-dNLS)	2 week
D4b	Mus musculus	cerebral cortex	not applicable	tissue	amyotrophic lateral sclerosis	adult	female	B6C3F1	rNLS8 (NEFH-tTA x tetO-hTDP-43-dNLS)	4 week	2	180508_P21478_Proj2_TMT2_CTX11-20_QE2_fraction2-TMT127C	proteomic profiling by mass spectrometry	NT=Q Exactive;AC=MS:1001911	TMT127C	NT=TMT6plex;AC=UNIMOD:737;TA=K;MT=Fixed	NT=TMT6plex;AC=UNIMOD:737;PP=Peptide N-term;MT=Fixed	NT=Carbamidomethyl;AC=UNIMOD:4;TA=C;MT=Fixed	NT=Oxidation;AC=UNIMOD:35;TA=M;MT=Variable	NT=Trypsin;AC=MS:1001251	NT=Data-dependent acquisition;AC=PRIDE:0000627	NT=beam-type collision-induced dissociation;AC=MS:1000422	35 NCE	not available	not available	5	1	180508_P21478_Proj2_TMT2_CTX11-20_QE2_fraction2.raw	v1.1.0	NT=ms-proteomics;VV=v1.1.0	NT=vertebrates;VV=v1.1.0	NT=clinical-metadata;VV=v1.0.0	manual curation	rNLS8 (NEFH-tTA x tetO-hTDP-43-dNLS)	4 week
D6b	Mus musculus	cerebral cortex	not applicable	tissue	amyotrophic lateral sclerosis	adult	female	B6C3F1	rNLS8 (NEFH-tTA x tetO-hTDP-43-dNLS)	6 week	2	180508_P21478_Proj2_TMT2_CTX11-20_QE2_fraction2-TMT128N	proteomic profiling by mass spectrometry	NT=Q Exactive;AC=MS:1001911	TMT128N	NT=TMT6plex;AC=UNIMOD:737;TA=K;MT=Fixed	NT=TMT6plex;AC=UNIMOD:737;PP=Peptide N-term;MT=Fixed	NT=Carbamidomethyl;AC=UNIMOD:4;TA=C;MT=Fixed	NT=Oxidation;AC=UNIMOD:35;TA=M;MT=Variable	NT=Trypsin;AC=MS:1001251	NT=Data-dependent acquisition;AC=PRIDE:0000627	NT=beam-type collision-induced dissociation;AC=MS:1000422	35 NCE	not available	not available	5	1	180508_P21478_Proj2_TMT2_CTX11-20_QE2_fraction2.raw	v1.1.0	NT=ms-proteomics;VV=v1.1.0	NT=vertebrates;VV=v1.1.0	NT=clinical-metadata;VV=v1.0.0	manual curation	rNLS8 (NEFH-tTA x tetO-hTDP-43-dNLS)	6 week
D6+RECb	Mus musculus	cerebral cortex	not applicable	tissue	amyotrophic lateral sclerosis	adult	female	B6C3F1	rNLS8 (NEFH-tTA x tetO-hTDP-43-dNLS)	6 week + recovery	2	180508_P21478_Proj2_TMT2_CTX11-20_QE2_fraction2-TMT128C	proteomic profiling by mass spectrometry	NT=Q Exactive;AC=MS:1001911	TMT128C	NT=TMT6plex;AC=UNIMOD:737;TA=K;MT=Fixed	NT=TMT6plex;AC=UNIMOD:737;PP=Peptide N-term;MT=Fixed	NT=Carbamidomethyl;AC=UNIMOD:4;TA=C;MT=Fixed	NT=Oxidation;AC=UNIMOD:35;TA=M;MT=Variable	NT=Trypsin;AC=MS:1001251	NT=Data-dependent acquisition;AC=PRIDE:0000627	NT=beam-type collision-induced dissociation;AC=MS:1000422	35 NCE	not available	not available	5	1	180508_P21478_Proj2_TMT2_CTX11-20_QE2_fraction2.raw	v1.1.0	NT=ms-proteomics;VV=v1.1.0	NT=vertebrates;VV=v1.1.0	NT=clinical-metadata;VV=v1.0.0	manual curation	rNLS8 (NEFH-tTA x tetO-hTDP-43-dNLS)	6 week + recovery
C1b	Mus musculus	cerebral cortex	not applicable	tissue	normal	adult	female	B6C3F1	non-transgenic	1 week	2	180508_P21478_Proj2_TMT2_CTX11-20_QE2_fraction2-TMT129N	proteomic profiling by mass spectrometry	NT=Q Exactive;AC=MS:1001911	TMT129N	NT=TMT6plex;AC=UNIMOD:737;TA=K;MT=Fixed	NT=TMT6plex;AC=UNIMOD:737;PP=Peptide N-term;MT=Fixed	NT=Carbamidomethyl;AC=UNIMOD:4;TA=C;MT=Fixed	NT=Oxidation;AC=UNIMOD:35;TA=M;MT=Variable	NT=Trypsin;AC=MS:1001251	NT=Data-dependent acquisition;AC=PRIDE:0000627	NT=beam-type collision-induced dissociation;AC=MS:1000422	35 NCE	not available	not available	5	1	180508_P21478_Proj2_TMT2_CTX11-20_QE2_fraction2.raw	v1.1.0	NT=ms-proteomics;VV=v1.1.0	NT=vertebrates;VV=v1.1.0	NT=clinical-metadata;VV=v1.0.0	manual curation	non-transgenic	1 week
C4b	Mus musculus	cerebral cortex	not applicable	tissue	normal	adult	female	B6C3F1	NEFH-tTA	4 week	2	180508_P21478_Proj2_TMT2_CTX11-20_QE2_fraction2-TMT129C	proteomic profiling by mass spectrometry	NT=Q Exactive;AC=MS:1001911	TMT129C	NT=TMT6plex;AC=UNIMOD:737;TA=K;MT=Fixed	NT=TMT6plex;AC=UNIMOD:737;PP=Peptide N-term;MT=Fixed	NT=Carbamidomethyl;AC=UNIMOD:4;TA=C;MT=Fixed	NT=Oxidation;AC=UNIMOD:35;TA=M;MT=Variable	NT=Trypsin;AC=MS:1001251	NT=Data-dependent acquisition;AC=PRIDE:0000627	NT=beam-type collision-induced dissociation;AC=MS:1000422	35 NCE	not available	not available	5	1	180508_P21478_Proj2_TMT2_CTX11-20_QE2_fraction2.raw	v1.1.0	NT=ms-proteomics;VV=v1.1.0	NT=vertebrates;VV=v1.1.0	NT=clinical-metadata;VV=v1.0.0	manual curation	NEFH-tTA	4 week
C6b	Mus musculus	cerebral cortex	not applicable	tissue	normal	adult	female	B6C3F1	non-transgenic	6 week	2	180508_P21478_Proj2_TMT2_CTX11-20_QE2_fraction2-TMT130N	proteomic profiling by mass spectrometry	NT=Q Exactive;AC=MS:1001911	TMT130N	NT=TMT6plex;AC=UNIMOD:737;TA=K;MT=Fixed	NT=TMT6plex;AC=UNIMOD:737;PP=Peptide N-term;MT=Fixed	NT=Carbamidomethyl;AC=UNIMOD:4;TA=C;MT=Fixed	NT=Oxidation;AC=UNIMOD:35;TA=M;MT=Variable	NT=Trypsin;AC=MS:1001251	NT=Data-dependent acquisition;AC=PRIDE:0000627	NT=beam-type collision-induced dissociation;AC=MS:1000422	35 NCE	not available	not available	5	1	180508_P21478_Proj2_TMT2_CTX11-20_QE2_fraction2.raw	v1.1.0	NT=ms-proteomics;VV=v1.1.0	NT=vertebrates;VV=v1.1.0	NT=clinical-metadata;VV=v1.0.0	manual curation	non-transgenic	6 week
C6+RECb	Mus musculus	cerebral cortex	not applicable	tissue	normal	adult	female	B6C3F1	NEFH-tTA	6 week + recovery	2	180508_P21478_Proj2_TMT2_CTX11-20_QE2_fraction2-TMT130C	proteomic profiling by mass spectrometry	NT=Q Exactive;AC=MS:1001911	TMT130C	NT=TMT6plex;AC=UNIMOD:737;TA=K;MT=Fixed	NT=TMT6plex;AC=UNIMOD:737;PP=Peptide N-term;MT=Fixed	NT=Carbamidomethyl;AC=UNIMOD:4;TA=C;MT=Fixed	NT=Oxidation;AC=UNIMOD:35;TA=M;MT=Variable	NT=Trypsin;AC=MS:1001251	NT=Data-dependent acquisition;AC=PRIDE:0000627	NT=beam-type collision-induced dissociation;AC=MS:1000422	35 NCE	not available	not available	5	1	180508_P21478_Proj2_TMT2_CTX11-20_QE2_fraction2.raw	v1.1.0	NT=ms-proteomics;VV=v1.1.0	NT=vertebrates;VV=v1.1.0	NT=clinical-metadata;VV=v1.0.0	manual curation	NEFH-tTA	6 week + recovery
pooled_control_reference_TMT2_CTX11-20	Mus musculus	cerebral cortex	not applicable	tissue	normal	adult	female	B6C3F1	not applicable	not applicable	pooled	180508_P21478_Proj2_TMT2_CTX11-20_QE2_fraction2-TMT131	proteomic profiling by mass spectrometry	NT=Q Exactive;AC=MS:1001911	TMT131	NT=TMT6plex;AC=UNIMOD:737;TA=K;MT=Fixed	NT=TMT6plex;AC=UNIMOD:737;PP=Peptide N-term;MT=Fixed	NT=Carbamidomethyl;AC=UNIMOD:4;TA=C;MT=Fixed	NT=Oxidation;AC=UNIMOD:35;TA=M;MT=Variable	NT=Trypsin;AC=MS:1001251	NT=Data-dependent acquisition;AC=PRIDE:0000627	NT=beam-type collision-induced dissociation;AC=MS:1000422	35 NCE	not available	not available	5	1	180508_P21478_Proj2_TMT2_CTX11-20_QE2_fraction2.raw	v1.1.0	NT=ms-proteomics;VV=v1.1.0	NT=vertebrates;VV=v1.1.0	NT=clinical-metadata;VV=v1.0.0	manual curation	not applicable	not applicable
D1b	Mus musculus	cerebral cortex	not applicable	tissue	amyotrophic lateral sclerosis	adult	female	B6C3F1	rNLS8 (NEFH-tTA x tetO-hTDP-43-dNLS)	1 week	2	180508_P21478_Proj2_TMT2_CTX11-20_QE2_fraction3-TMT126	proteomic profiling by mass spectrometry	NT=Q Exactive;AC=MS:1001911	TMT126	NT=TMT6plex;AC=UNIMOD:737;TA=K;MT=Fixed	NT=TMT6plex;AC=UNIMOD:737;PP=Peptide N-term;MT=Fixed	NT=Carbamidomethyl;AC=UNIMOD:4;TA=C;MT=Fixed	NT=Oxidation;AC=UNIMOD:35;TA=M;MT=Variable	NT=Trypsin;AC=MS:1001251	NT=Data-dependent acquisition;AC=PRIDE:0000627	NT=beam-type collision-induced dissociation;AC=MS:1000422	35 NCE	not available	not available	6	1	180508_P21478_Proj2_TMT2_CTX11-20_QE2_fraction3.raw	v1.1.0	NT=ms-proteomics;VV=v1.1.0	NT=vertebrates;VV=v1.1.0	NT=clinical-metadata;VV=v1.0.0	manual curation	rNLS8 (NEFH-tTA x tetO-hTDP-43-dNLS)	1 week
D2b	Mus musculus	cerebral cortex	not applicable	tissue	amyotrophic lateral sclerosis	adult	female	B6C3F1	rNLS8 (NEFH-tTA x tetO-hTDP-43-dNLS)	2 week	2	180508_P21478_Proj2_TMT2_CTX11-20_QE2_fraction3-TMT127N	proteomic profiling by mass spectrometry	NT=Q Exactive;AC=MS:1001911	TMT127N	NT=TMT6plex;AC=UNIMOD:737;TA=K;MT=Fixed	NT=TMT6plex;AC=UNIMOD:737;PP=Peptide N-term;MT=Fixed	NT=Carbamidomethyl;AC=UNIMOD:4;TA=C;MT=Fixed	NT=Oxidation;AC=UNIMOD:35;TA=M;MT=Variable	NT=Trypsin;AC=MS:1001251	NT=Data-dependent acquisition;AC=PRIDE:0000627	NT=beam-type collision-induced dissociation;AC=MS:1000422	35 NCE	not available	not available	6	1	180508_P21478_Proj2_TMT2_CTX11-20_QE2_fraction3.raw	v1.1.0	NT=ms-proteomics;VV=v1.1.0	NT=vertebrates;VV=v1.1.0	NT=clinical-metadata;VV=v1.0.0	manual curation	rNLS8 (NEFH-tTA x tetO-hTDP-43-dNLS)	2 week
D4b	Mus musculus	cerebral cortex	not applicable	tissue	amyotrophic lateral sclerosis	adult	female	B6C3F1	rNLS8 (NEFH-tTA x tetO-hTDP-43-dNLS)	4 week	2	180508_P21478_Proj2_TMT2_CTX11-20_QE2_fraction3-TMT127C	proteomic profiling by mass spectrometry	NT=Q Exactive;AC=MS:1001911	TMT127C	NT=TMT6plex;AC=UNIMOD:737;TA=K;MT=Fixed	NT=TMT6plex;AC=UNIMOD:737;PP=Peptide N-term;MT=Fixed	NT=Carbamidomethyl;AC=UNIMOD:4;TA=C;MT=Fixed	NT=Oxidation;AC=UNIMOD:35;TA=M;MT=Variable	NT=Trypsin;AC=MS:1001251	NT=Data-dependent acquisition;AC=PRIDE:0000627	NT=beam-type collision-induced dissociation;AC=MS:1000422	35 NCE	not available	not available	6	1	180508_P21478_Proj2_TMT2_CTX11-20_QE2_fraction3.raw	v1.1.0	NT=ms-proteomics;VV=v1.1.0	NT=vertebrates;VV=v1.1.0	NT=clinical-metadata;VV=v1.0.0	manual curation	rNLS8 (NEFH-tTA x tetO-hTDP-43-dNLS)	4 week
D6b	Mus musculus	cerebral cortex	not applicable	tissue	amyotrophic lateral sclerosis	adult	female	B6C3F1	rNLS8 (NEFH-tTA x tetO-hTDP-43-dNLS)	6 week	2	180508_P21478_Proj2_TMT2_CTX11-20_QE2_fraction3-TMT128N	proteomic profiling by mass spectrometry	NT=Q Exactive;AC=MS:1001911	TMT128N	NT=TMT6plex;AC=UNIMOD:737;TA=K;MT=Fixed	NT=TMT6plex;AC=UNIMOD:737;PP=Peptide N-term;MT=Fixed	NT=Carbamidomethyl;AC=UNIMOD:4;TA=C;MT=Fixed	NT=Oxidation;AC=UNIMOD:35;TA=M;MT=Variable	NT=Trypsin;AC=MS:1001251	NT=Data-dependent acquisition;AC=PRIDE:0000627	NT=beam-type collision-induced dissociation;AC=MS:1000422	35 NCE	not available	not available	6	1	180508_P21478_Proj2_TMT2_CTX11-20_QE2_fraction3.raw	v1.1.0	NT=ms-proteomics;VV=v1.1.0	NT=vertebrates;VV=v1.1.0	NT=clinical-metadata;VV=v1.0.0	manual curation	rNLS8 (NEFH-tTA x tetO-hTDP-43-dNLS)	6 week
D6+RECb	Mus musculus	cerebral cortex	not applicable	tissue	amyotrophic lateral sclerosis	adult	female	B6C3F1	rNLS8 (NEFH-tTA x tetO-hTDP-43-dNLS)	6 week + recovery	2	180508_P21478_Proj2_TMT2_CTX11-20_QE2_fraction3-TMT128C	proteomic profiling by mass spectrometry	NT=Q Exactive;AC=MS:1001911	TMT128C	NT=TMT6plex;AC=UNIMOD:737;TA=K;MT=Fixed	NT=TMT6plex;AC=UNIMOD:737;PP=Peptide N-term;MT=Fixed	NT=Carbamidomethyl;AC=UNIMOD:4;TA=C;MT=Fixed	NT=Oxidation;AC=UNIMOD:35;TA=M;MT=Variable	NT=Trypsin;AC=MS:1001251	NT=Data-dependent acquisition;AC=PRIDE:0000627	NT=beam-type collision-induced dissociation;AC=MS:1000422	35 NCE	not available	not available	6	1	180508_P21478_Proj2_TMT2_CTX11-20_QE2_fraction3.raw	v1.1.0	NT=ms-proteomics;VV=v1.1.0	NT=vertebrates;VV=v1.1.0	NT=clinical-metadata;VV=v1.0.0	manual curation	rNLS8 (NEFH-tTA x tetO-hTDP-43-dNLS)	6 week + recovery
C1b	Mus musculus	cerebral cortex	not applicable	tissue	normal	adult	female	B6C3F1	non-transgenic	1 week	2	180508_P21478_Proj2_TMT2_CTX11-20_QE2_fraction3-TMT129N	proteomic profiling by mass spectrometry	NT=Q Exactive;AC=MS:1001911	TMT129N	NT=TMT6plex;AC=UNIMOD:737;TA=K;MT=Fixed	NT=TMT6plex;AC=UNIMOD:737;PP=Peptide N-term;MT=Fixed	NT=Carbamidomethyl;AC=UNIMOD:4;TA=C;MT=Fixed	NT=Oxidation;AC=UNIMOD:35;TA=M;MT=Variable	NT=Trypsin;AC=MS:1001251	NT=Data-dependent acquisition;AC=PRIDE:0000627	NT=beam-type collision-induced dissociation;AC=MS:1000422	35 NCE	not available	not available	6	1	180508_P21478_Proj2_TMT2_CTX11-20_QE2_fraction3.raw	v1.1.0	NT=ms-proteomics;VV=v1.1.0	NT=vertebrates;VV=v1.1.0	NT=clinical-metadata;VV=v1.0.0	manual curation	non-transgenic	1 week
C4b	Mus musculus	cerebral cortex	not applicable	tissue	normal	adult	female	B6C3F1	NEFH-tTA	4 week	2	180508_P21478_Proj2_TMT2_CTX11-20_QE2_fraction3-TMT129C	proteomic profiling by mass spectrometry	NT=Q Exactive;AC=MS:1001911	TMT129C	NT=TMT6plex;AC=UNIMOD:737;TA=K;MT=Fixed	NT=TMT6plex;AC=UNIMOD:737;PP=Peptide N-term;MT=Fixed	NT=Carbamidomethyl;AC=UNIMOD:4;TA=C;MT=Fixed	NT=Oxidation;AC=UNIMOD:35;TA=M;MT=Variable	NT=Trypsin;AC=MS:1001251	NT=Data-dependent acquisition;AC=PRIDE:0000627	NT=beam-type collision-induced dissociation;AC=MS:1000422	35 NCE	not available	not available	6	1	180508_P21478_Proj2_TMT2_CTX11-20_QE2_fraction3.raw	v1.1.0	NT=ms-proteomics;VV=v1.1.0	NT=vertebrates;VV=v1.1.0	NT=clinical-metadata;VV=v1.0.0	manual curation	NEFH-tTA	4 week
C6b	Mus musculus	cerebral cortex	not applicable	tissue	normal	adult	female	B6C3F1	non-transgenic	6 week	2	180508_P21478_Proj2_TMT2_CTX11-20_QE2_fraction3-TMT130N	proteomic profiling by mass spectrometry	NT=Q Exactive;AC=MS:1001911	TMT130N	NT=TMT6plex;AC=UNIMOD:737;TA=K;MT=Fixed	NT=TMT6plex;AC=UNIMOD:737;PP=Peptide N-term;MT=Fixed	NT=Carbamidomethyl;AC=UNIMOD:4;TA=C;MT=Fixed	NT=Oxidation;AC=UNIMOD:35;TA=M;MT=Variable	NT=Trypsin;AC=MS:1001251	NT=Data-dependent acquisition;AC=PRIDE:0000627	NT=beam-type collision-induced dissociation;AC=MS:1000422	35 NCE	not available	not available	6	1	180508_P21478_Proj2_TMT2_CTX11-20_QE2_fraction3.raw	v1.1.0	NT=ms-proteomics;VV=v1.1.0	NT=vertebrates;VV=v1.1.0	NT=clinical-metadata;VV=v1.0.0	manual curation	non-transgenic	6 week
C6+RECb	Mus musculus	cerebral cortex	not applicable	tissue	normal	adult	female	B6C3F1	NEFH-tTA	6 week + recovery	2	180508_P21478_Proj2_TMT2_CTX11-20_QE2_fraction3-TMT130C	proteomic profiling by mass spectrometry	NT=Q Exactive;AC=MS:1001911	TMT130C	NT=TMT6plex;AC=UNIMOD:737;TA=K;MT=Fixed	NT=TMT6plex;AC=UNIMOD:737;PP=Peptide N-term;MT=Fixed	NT=Carbamidomethyl;AC=UNIMOD:4;TA=C;MT=Fixed	NT=Oxidation;AC=UNIMOD:35;TA=M;MT=Variable	NT=Trypsin;AC=MS:1001251	NT=Data-dependent acquisition;AC=PRIDE:0000627	NT=beam-type collision-induced dissociation;AC=MS:1000422	35 NCE	not available	not available	6	1	180508_P21478_Proj2_TMT2_CTX11-20_QE2_fraction3.raw	v1.1.0	NT=ms-proteomics;VV=v1.1.0	NT=vertebrates;VV=v1.1.0	NT=clinical-metadata;VV=v1.0.0	manual curation	NEFH-tTA	6 week + recovery
pooled_control_reference_TMT2_CTX11-20	Mus musculus	cerebral cortex	not applicable	tissue	normal	adult	female	B6C3F1	not applicable	not applicable	pooled	180508_P21478_Proj2_TMT2_CTX11-20_QE2_fraction3-TMT131	proteomic profiling by mass spectrometry	NT=Q Exactive;AC=MS:1001911	TMT131	NT=TMT6plex;AC=UNIMOD:737;TA=K;MT=Fixed	NT=TMT6plex;AC=UNIMOD:737;PP=Peptide N-term;MT=Fixed	NT=Carbamidomethyl;AC=UNIMOD:4;TA=C;MT=Fixed	NT=Oxidation;AC=UNIMOD:35;TA=M;MT=Variable	NT=Trypsin;AC=MS:1001251	NT=Data-dependent acquisition;AC=PRIDE:0000627	NT=beam-type collision-induced dissociation;AC=MS:1000422	35 NCE	not available	not available	6	1	180508_P21478_Proj2_TMT2_CTX11-20_QE2_fraction3.raw	v1.1.0	NT=ms-proteomics;VV=v1.1.0	NT=vertebrates;VV=v1.1.0	NT=clinical-metadata;VV=v1.0.0	manual curation	not applicable	not applicable
D1b	Mus musculus	cerebral cortex	not applicable	tissue	amyotrophic lateral sclerosis	adult	female	B6C3F1	rNLS8 (NEFH-tTA x tetO-hTDP-43-dNLS)	1 week	2	180508_P21478_Proj2_TMT2_CTX11-20_QE2_fraction4-TMT126	proteomic profiling by mass spectrometry	NT=Q Exactive;AC=MS:1001911	TMT126	NT=TMT6plex;AC=UNIMOD:737;TA=K;MT=Fixed	NT=TMT6plex;AC=UNIMOD:737;PP=Peptide N-term;MT=Fixed	NT=Carbamidomethyl;AC=UNIMOD:4;TA=C;MT=Fixed	NT=Oxidation;AC=UNIMOD:35;TA=M;MT=Variable	NT=Trypsin;AC=MS:1001251	NT=Data-dependent acquisition;AC=PRIDE:0000627	NT=beam-type collision-induced dissociation;AC=MS:1000422	35 NCE	not available	not available	7	1	180508_P21478_Proj2_TMT2_CTX11-20_QE2_fraction4.raw	v1.1.0	NT=ms-proteomics;VV=v1.1.0	NT=vertebrates;VV=v1.1.0	NT=clinical-metadata;VV=v1.0.0	manual curation	rNLS8 (NEFH-tTA x tetO-hTDP-43-dNLS)	1 week
D2b	Mus musculus	cerebral cortex	not applicable	tissue	amyotrophic lateral sclerosis	adult	female	B6C3F1	rNLS8 (NEFH-tTA x tetO-hTDP-43-dNLS)	2 week	2	180508_P21478_Proj2_TMT2_CTX11-20_QE2_fraction4-TMT127N	proteomic profiling by mass spectrometry	NT=Q Exactive;AC=MS:1001911	TMT127N	NT=TMT6plex;AC=UNIMOD:737;TA=K;MT=Fixed	NT=TMT6plex;AC=UNIMOD:737;PP=Peptide N-term;MT=Fixed	NT=Carbamidomethyl;AC=UNIMOD:4;TA=C;MT=Fixed	NT=Oxidation;AC=UNIMOD:35;TA=M;MT=Variable	NT=Trypsin;AC=MS:1001251	NT=Data-dependent acquisition;AC=PRIDE:0000627	NT=beam-type collision-induced dissociation;AC=MS:1000422	35 NCE	not available	not available	7	1	180508_P21478_Proj2_TMT2_CTX11-20_QE2_fraction4.raw	v1.1.0	NT=ms-proteomics;VV=v1.1.0	NT=vertebrates;VV=v1.1.0	NT=clinical-metadata;VV=v1.0.0	manual curation	rNLS8 (NEFH-tTA x tetO-hTDP-43-dNLS)	2 week
D4b	Mus musculus	cerebral cortex	not applicable	tissue	amyotrophic lateral sclerosis	adult	female	B6C3F1	rNLS8 (NEFH-tTA x tetO-hTDP-43-dNLS)	4 week	2	180508_P21478_Proj2_TMT2_CTX11-20_QE2_fraction4-TMT127C	proteomic profiling by mass spectrometry	NT=Q Exactive;AC=MS:1001911	TMT127C	NT=TMT6plex;AC=UNIMOD:737;TA=K;MT=Fixed	NT=TMT6plex;AC=UNIMOD:737;PP=Peptide N-term;MT=Fixed	NT=Carbamidomethyl;AC=UNIMOD:4;TA=C;MT=Fixed	NT=Oxidation;AC=UNIMOD:35;TA=M;MT=Variable	NT=Trypsin;AC=MS:1001251	NT=Data-dependent acquisition;AC=PRIDE:0000627	NT=beam-type collision-induced dissociation;AC=MS:1000422	35 NCE	not available	not available	7	1	180508_P21478_Proj2_TMT2_CTX11-20_QE2_fraction4.raw	v1.1.0	NT=ms-proteomics;VV=v1.1.0	NT=vertebrates;VV=v1.1.0	NT=clinical-metadata;VV=v1.0.0	manual curation	rNLS8 (NEFH-tTA x tetO-hTDP-43-dNLS)	4 week
D6b	Mus musculus	cerebral cortex	not applicable	tissue	amyotrophic lateral sclerosis	adult	female	B6C3F1	rNLS8 (NEFH-tTA x tetO-hTDP-43-dNLS)	6 week	2	180508_P21478_Proj2_TMT2_CTX11-20_QE2_fraction4-TMT128N	proteomic profiling by mass spectrometry	NT=Q Exactive;AC=MS:1001911	TMT128N	NT=TMT6plex;AC=UNIMOD:737;TA=K;MT=Fixed	NT=TMT6plex;AC=UNIMOD:737;PP=Peptide N-term;MT=Fixed	NT=Carbamidomethyl;AC=UNIMOD:4;TA=C;MT=Fixed	NT=Oxidation;AC=UNIMOD:35;TA=M;MT=Variable	NT=Trypsin;AC=MS:1001251	NT=Data-dependent acquisition;AC=PRIDE:0000627	NT=beam-type collision-induced dissociation;AC=MS:1000422	35 NCE	not available	not available	7	1	180508_P21478_Proj2_TMT2_CTX11-20_QE2_fraction4.raw	v1.1.0	NT=ms-proteomics;VV=v1.1.0	NT=vertebrates;VV=v1.1.0	NT=clinical-metadata;VV=v1.0.0	manual curation	rNLS8 (NEFH-tTA x tetO-hTDP-43-dNLS)	6 week
D6+RECb	Mus musculus	cerebral cortex	not applicable	tissue	amyotrophic lateral sclerosis	adult	female	B6C3F1	rNLS8 (NEFH-tTA x tetO-hTDP-43-dNLS)	6 week + recovery	2	180508_P21478_Proj2_TMT2_CTX11-20_QE2_fraction4-TMT128C	proteomic profiling by mass spectrometry	NT=Q Exactive;AC=MS:1001911	TMT128C	NT=TMT6plex;AC=UNIMOD:737;TA=K;MT=Fixed	NT=TMT6plex;AC=UNIMOD:737;PP=Peptide N-term;MT=Fixed	NT=Carbamidomethyl;AC=UNIMOD:4;TA=C;MT=Fixed	NT=Oxidation;AC=UNIMOD:35;TA=M;MT=Variable	NT=Trypsin;AC=MS:1001251	NT=Data-dependent acquisition;AC=PRIDE:0000627	NT=beam-type collision-induced dissociation;AC=MS:1000422	35 NCE	not available	not available	7	1	180508_P21478_Proj2_TMT2_CTX11-20_QE2_fraction4.raw	v1.1.0	NT=ms-proteomics;VV=v1.1.0	NT=vertebrates;VV=v1.1.0	NT=clinical-metadata;VV=v1.0.0	manual curation	rNLS8 (NEFH-tTA x tetO-hTDP-43-dNLS)	6 week + recovery
C1b	Mus musculus	cerebral cortex	not applicable	tissue	normal	adult	female	B6C3F1	non-transgenic	1 week	2	180508_P21478_Proj2_TMT2_CTX11-20_QE2_fraction4-TMT129N	proteomic profiling by mass spectrometry	NT=Q Exactive;AC=MS:1001911	TMT129N	NT=TMT6plex;AC=UNIMOD:737;TA=K;MT=Fixed	NT=TMT6plex;AC=UNIMOD:737;PP=Peptide N-term;MT=Fixed	NT=Carbamidomethyl;AC=UNIMOD:4;TA=C;MT=Fixed	NT=Oxidation;AC=UNIMOD:35;TA=M;MT=Variable	NT=Trypsin;AC=MS:1001251	NT=Data-dependent acquisition;AC=PRIDE:0000627	NT=beam-type collision-induced dissociation;AC=MS:1000422	35 NCE	not available	not available	7	1	180508_P21478_Proj2_TMT2_CTX11-20_QE2_fraction4.raw	v1.1.0	NT=ms-proteomics;VV=v1.1.0	NT=vertebrates;VV=v1.1.0	NT=clinical-metadata;VV=v1.0.0	manual curation	non-transgenic	1 week
C4b	Mus musculus	cerebral cortex	not applicable	tissue	normal	adult	female	B6C3F1	NEFH-tTA	4 week	2	180508_P21478_Proj2_TMT2_CTX11-20_QE2_fraction4-TMT129C	proteomic profiling by mass spectrometry	NT=Q Exactive;AC=MS:1001911	TMT129C	NT=TMT6plex;AC=UNIMOD:737;TA=K;MT=Fixed	NT=TMT6plex;AC=UNIMOD:737;PP=Peptide N-term;MT=Fixed	NT=Carbamidomethyl;AC=UNIMOD:4;TA=C;MT=Fixed	NT=Oxidation;AC=UNIMOD:35;TA=M;MT=Variable	NT=Trypsin;AC=MS:1001251	NT=Data-dependent acquisition;AC=PRIDE:0000627	NT=beam-type collision-induced dissociation;AC=MS:1000422	35 NCE	not available	not available	7	1	180508_P21478_Proj2_TMT2_CTX11-20_QE2_fraction4.raw	v1.1.0	NT=ms-proteomics;VV=v1.1.0	NT=vertebrates;VV=v1.1.0	NT=clinical-metadata;VV=v1.0.0	manual curation	NEFH-tTA	4 week
C6b	Mus musculus	cerebral cortex	not applicable	tissue	normal	adult	female	B6C3F1	non-transgenic	6 week	2	180508_P21478_Proj2_TMT2_CTX11-20_QE2_fraction4-TMT130N	proteomic profiling by mass spectrometry	NT=Q Exactive;AC=MS:1001911	TMT130N	NT=TMT6plex;AC=UNIMOD:737;TA=K;MT=Fixed	NT=TMT6plex;AC=UNIMOD:737;PP=Peptide N-term;MT=Fixed	NT=Carbamidomethyl;AC=UNIMOD:4;TA=C;MT=Fixed	NT=Oxidation;AC=UNIMOD:35;TA=M;MT=Variable	NT=Trypsin;AC=MS:1001251	NT=Data-dependent acquisition;AC=PRIDE:0000627	NT=beam-type collision-induced dissociation;AC=MS:1000422	35 NCE	not available	not available	7	1	180508_P21478_Proj2_TMT2_CTX11-20_QE2_fraction4.raw	v1.1.0	NT=ms-proteomics;VV=v1.1.0	NT=vertebrates;VV=v1.1.0	NT=clinical-metadata;VV=v1.0.0	manual curation	non-transgenic	6 week
C6+RECb	Mus musculus	cerebral cortex	not applicable	tissue	normal	adult	female	B6C3F1	NEFH-tTA	6 week + recovery	2	180508_P21478_Proj2_TMT2_CTX11-20_QE2_fraction4-TMT130C	proteomic profiling by mass spectrometry	NT=Q Exactive;AC=MS:1001911	TMT130C	NT=TMT6plex;AC=UNIMOD:737;TA=K;MT=Fixed	NT=TMT6plex;AC=UNIMOD:737;PP=Peptide N-term;MT=Fixed	NT=Carbamidomethyl;AC=UNIMOD:4;TA=C;MT=Fixed	NT=Oxidation;AC=UNIMOD:35;TA=M;MT=Variable	NT=Trypsin;AC=MS:1001251	NT=Data-dependent acquisition;AC=PRIDE:0000627	NT=beam-type collision-induced dissociation;AC=MS:1000422	35 NCE	not available	not available	7	1	180508_P21478_Proj2_TMT2_CTX11-20_QE2_fraction4.raw	v1.1.0	NT=ms-proteomics;VV=v1.1.0	NT=vertebrates;VV=v1.1.0	NT=clinical-metadata;VV=v1.0.0	manual curation	NEFH-tTA	6 week + recovery
pooled_control_reference_TMT2_CTX11-20	Mus musculus	cerebral cortex	not applicable	tissue	normal	adult	female	B6C3F1	not applicable	not applicable	pooled	180508_P21478_Proj2_TMT2_CTX11-20_QE2_fraction4-TMT131	proteomic profiling by mass spectrometry	NT=Q Exactive;AC=MS:1001911	TMT131	NT=TMT6plex;AC=UNIMOD:737;TA=K;MT=Fixed	NT=TMT6plex;AC=UNIMOD:737;PP=Peptide N-term;MT=Fixed	NT=Carbamidomethyl;AC=UNIMOD:4;TA=C;MT=Fixed	NT=Oxidation;AC=UNIMOD:35;TA=M;MT=Variable	NT=Trypsin;AC=MS:1001251	NT=Data-dependent acquisition;AC=PRIDE:0000627	NT=beam-type collision-induced dissociation;AC=MS:1000422	35 NCE	not available	not available	7	1	180508_P21478_Proj2_TMT2_CTX11-20_QE2_fraction4.raw	v1.1.0	NT=ms-proteomics;VV=v1.1.0	NT=vertebrates;VV=v1.1.0	NT=clinical-metadata;VV=v1.0.0	manual curation	not applicable	not applicable
D1b	Mus musculus	cerebral cortex	not applicable	tissue	amyotrophic lateral sclerosis	adult	female	B6C3F1	rNLS8 (NEFH-tTA x tetO-hTDP-43-dNLS)	1 week	2	180508_P21478_Proj2_TMT2_CTX11-20_QE2_fraction5-TMT126	proteomic profiling by mass spectrometry	NT=Q Exactive;AC=MS:1001911	TMT126	NT=TMT6plex;AC=UNIMOD:737;TA=K;MT=Fixed	NT=TMT6plex;AC=UNIMOD:737;PP=Peptide N-term;MT=Fixed	NT=Carbamidomethyl;AC=UNIMOD:4;TA=C;MT=Fixed	NT=Oxidation;AC=UNIMOD:35;TA=M;MT=Variable	NT=Trypsin;AC=MS:1001251	NT=Data-dependent acquisition;AC=PRIDE:0000627	NT=beam-type collision-induced dissociation;AC=MS:1000422	35 NCE	not available	not available	8	1	180508_P21478_Proj2_TMT2_CTX11-20_QE2_fraction5.raw	v1.1.0	NT=ms-proteomics;VV=v1.1.0	NT=vertebrates;VV=v1.1.0	NT=clinical-metadata;VV=v1.0.0	manual curation	rNLS8 (NEFH-tTA x tetO-hTDP-43-dNLS)	1 week
D2b	Mus musculus	cerebral cortex	not applicable	tissue	amyotrophic lateral sclerosis	adult	female	B6C3F1	rNLS8 (NEFH-tTA x tetO-hTDP-43-dNLS)	2 week	2	180508_P21478_Proj2_TMT2_CTX11-20_QE2_fraction5-TMT127N	proteomic profiling by mass spectrometry	NT=Q Exactive;AC=MS:1001911	TMT127N	NT=TMT6plex;AC=UNIMOD:737;TA=K;MT=Fixed	NT=TMT6plex;AC=UNIMOD:737;PP=Peptide N-term;MT=Fixed	NT=Carbamidomethyl;AC=UNIMOD:4;TA=C;MT=Fixed	NT=Oxidation;AC=UNIMOD:35;TA=M;MT=Variable	NT=Trypsin;AC=MS:1001251	NT=Data-dependent acquisition;AC=PRIDE:0000627	NT=beam-type collision-induced dissociation;AC=MS:1000422	35 NCE	not available	not available	8	1	180508_P21478_Proj2_TMT2_CTX11-20_QE2_fraction5.raw	v1.1.0	NT=ms-proteomics;VV=v1.1.0	NT=vertebrates;VV=v1.1.0	NT=clinical-metadata;VV=v1.0.0	manual curation	rNLS8 (NEFH-tTA x tetO-hTDP-43-dNLS)	2 week
D4b	Mus musculus	cerebral cortex	not applicable	tissue	amyotrophic lateral sclerosis	adult	female	B6C3F1	rNLS8 (NEFH-tTA x tetO-hTDP-43-dNLS)	4 week	2	180508_P21478_Proj2_TMT2_CTX11-20_QE2_fraction5-TMT127C	proteomic profiling by mass spectrometry	NT=Q Exactive;AC=MS:1001911	TMT127C	NT=TMT6plex;AC=UNIMOD:737;TA=K;MT=Fixed	NT=TMT6plex;AC=UNIMOD:737;PP=Peptide N-term;MT=Fixed	NT=Carbamidomethyl;AC=UNIMOD:4;TA=C;MT=Fixed	NT=Oxidation;AC=UNIMOD:35;TA=M;MT=Variable	NT=Trypsin;AC=MS:1001251	NT=Data-dependent acquisition;AC=PRIDE:0000627	NT=beam-type collision-induced dissociation;AC=MS:1000422	35 NCE	not available	not available	8	1	180508_P21478_Proj2_TMT2_CTX11-20_QE2_fraction5.raw	v1.1.0	NT=ms-proteomics;VV=v1.1.0	NT=vertebrates;VV=v1.1.0	NT=clinical-metadata;VV=v1.0.0	manual curation	rNLS8 (NEFH-tTA x tetO-hTDP-43-dNLS)	4 week
D6b	Mus musculus	cerebral cortex	not applicable	tissue	amyotrophic lateral sclerosis	adult	female	B6C3F1	rNLS8 (NEFH-tTA x tetO-hTDP-43-dNLS)	6 week	2	180508_P21478_Proj2_TMT2_CTX11-20_QE2_fraction5-TMT128N	proteomic profiling by mass spectrometry	NT=Q Exactive;AC=MS:1001911	TMT128N	NT=TMT6plex;AC=UNIMOD:737;TA=K;MT=Fixed	NT=TMT6plex;AC=UNIMOD:737;PP=Peptide N-term;MT=Fixed	NT=Carbamidomethyl;AC=UNIMOD:4;TA=C;MT=Fixed	NT=Oxidation;AC=UNIMOD:35;TA=M;MT=Variable	NT=Trypsin;AC=MS:1001251	NT=Data-dependent acquisition;AC=PRIDE:0000627	NT=beam-type collision-induced dissociation;AC=MS:1000422	35 NCE	not available	not available	8	1	180508_P21478_Proj2_TMT2_CTX11-20_QE2_fraction5.raw	v1.1.0	NT=ms-proteomics;VV=v1.1.0	NT=vertebrates;VV=v1.1.0	NT=clinical-metadata;VV=v1.0.0	manual curation	rNLS8 (NEFH-tTA x tetO-hTDP-43-dNLS)	6 week
D6+RECb	Mus musculus	cerebral cortex	not applicable	tissue	amyotrophic lateral sclerosis	adult	female	B6C3F1	rNLS8 (NEFH-tTA x tetO-hTDP-43-dNLS)	6 week + recovery	2	180508_P21478_Proj2_TMT2_CTX11-20_QE2_fraction5-TMT128C	proteomic profiling by mass spectrometry	NT=Q Exactive;AC=MS:1001911	TMT128C	NT=TMT6plex;AC=UNIMOD:737;TA=K;MT=Fixed	NT=TMT6plex;AC=UNIMOD:737;PP=Peptide N-term;MT=Fixed	NT=Carbamidomethyl;AC=UNIMOD:4;TA=C;MT=Fixed	NT=Oxidation;AC=UNIMOD:35;TA=M;MT=Variable	NT=Trypsin;AC=MS:1001251	NT=Data-dependent acquisition;AC=PRIDE:0000627	NT=beam-type collision-induced dissociation;AC=MS:1000422	35 NCE	not available	not available	8	1	180508_P21478_Proj2_TMT2_CTX11-20_QE2_fraction5.raw	v1.1.0	NT=ms-proteomics;VV=v1.1.0	NT=vertebrates;VV=v1.1.0	NT=clinical-metadata;VV=v1.0.0	manual curation	rNLS8 (NEFH-tTA x tetO-hTDP-43-dNLS)	6 week + recovery
C1b	Mus musculus	cerebral cortex	not applicable	tissue	normal	adult	female	B6C3F1	non-transgenic	1 week	2	180508_P21478_Proj2_TMT2_CTX11-20_QE2_fraction5-TMT129N	proteomic profiling by mass spectrometry	NT=Q Exactive;AC=MS:1001911	TMT129N	NT=TMT6plex;AC=UNIMOD:737;TA=K;MT=Fixed	NT=TMT6plex;AC=UNIMOD:737;PP=Peptide N-term;MT=Fixed	NT=Carbamidomethyl;AC=UNIMOD:4;TA=C;MT=Fixed	NT=Oxidation;AC=UNIMOD:35;TA=M;MT=Variable	NT=Trypsin;AC=MS:1001251	NT=Data-dependent acquisition;AC=PRIDE:0000627	NT=beam-type collision-induced dissociation;AC=MS:1000422	35 NCE	not available	not available	8	1	180508_P21478_Proj2_TMT2_CTX11-20_QE2_fraction5.raw	v1.1.0	NT=ms-proteomics;VV=v1.1.0	NT=vertebrates;VV=v1.1.0	NT=clinical-metadata;VV=v1.0.0	manual curation	non-transgenic	1 week
C4b	Mus musculus	cerebral cortex	not applicable	tissue	normal	adult	female	B6C3F1	NEFH-tTA	4 week	2	180508_P21478_Proj2_TMT2_CTX11-20_QE2_fraction5-TMT129C	proteomic profiling by mass spectrometry	NT=Q Exactive;AC=MS:1001911	TMT129C	NT=TMT6plex;AC=UNIMOD:737;TA=K;MT=Fixed	NT=TMT6plex;AC=UNIMOD:737;PP=Peptide N-term;MT=Fixed	NT=Carbamidomethyl;AC=UNIMOD:4;TA=C;MT=Fixed	NT=Oxidation;AC=UNIMOD:35;TA=M;MT=Variable	NT=Trypsin;AC=MS:1001251	NT=Data-dependent acquisition;AC=PRIDE:0000627	NT=beam-type collision-induced dissociation;AC=MS:1000422	35 NCE	not available	not available	8	1	180508_P21478_Proj2_TMT2_CTX11-20_QE2_fraction5.raw	v1.1.0	NT=ms-proteomics;VV=v1.1.0	NT=vertebrates;VV=v1.1.0	NT=clinical-metadata;VV=v1.0.0	manual curation	NEFH-tTA	4 week
C6b	Mus musculus	cerebral cortex	not applicable	tissue	normal	adult	female	B6C3F1	non-transgenic	6 week	2	180508_P21478_Proj2_TMT2_CTX11-20_QE2_fraction5-TMT130N	proteomic profiling by mass spectrometry	NT=Q Exactive;AC=MS:1001911	TMT130N	NT=TMT6plex;AC=UNIMOD:737;TA=K;MT=Fixed	NT=TMT6plex;AC=UNIMOD:737;PP=Peptide N-term;MT=Fixed	NT=Carbamidomethyl;AC=UNIMOD:4;TA=C;MT=Fixed	NT=Oxidation;AC=UNIMOD:35;TA=M;MT=Variable	NT=Trypsin;AC=MS:1001251	NT=Data-dependent acquisition;AC=PRIDE:0000627	NT=beam-type collision-induced dissociation;AC=MS:1000422	35 NCE	not available	not available	8	1	180508_P21478_Proj2_TMT2_CTX11-20_QE2_fraction5.raw	v1.1.0	NT=ms-proteomics;VV=v1.1.0	NT=vertebrates;VV=v1.1.0	NT=clinical-metadata;VV=v1.0.0	manual curation	non-transgenic	6 week
C6+RECb	Mus musculus	cerebral cortex	not applicable	tissue	normal	adult	female	B6C3F1	NEFH-tTA	6 week + recovery	2	180508_P21478_Proj2_TMT2_CTX11-20_QE2_fraction5-TMT130C	proteomic profiling by mass spectrometry	NT=Q Exactive;AC=MS:1001911	TMT130C	NT=TMT6plex;AC=UNIMOD:737;TA=K;MT=Fixed	NT=TMT6plex;AC=UNIMOD:737;PP=Peptide N-term;MT=Fixed	NT=Carbamidomethyl;AC=UNIMOD:4;TA=C;MT=Fixed	NT=Oxidation;AC=UNIMOD:35;TA=M;MT=Variable	NT=Trypsin;AC=MS:1001251	NT=Data-dependent acquisition;AC=PRIDE:0000627	NT=beam-type collision-induced dissociation;AC=MS:1000422	35 NCE	not available	not available	8	1	180508_P21478_Proj2_TMT2_CTX11-20_QE2_fraction5.raw	v1.1.0	NT=ms-proteomics;VV=v1.1.0	NT=vertebrates;VV=v1.1.0	NT=clinical-metadata;VV=v1.0.0	manual curation	NEFH-tTA	6 week + recovery
pooled_control_reference_TMT2_CTX11-20	Mus musculus	cerebral cortex	not applicable	tissue	normal	adult	female	B6C3F1	not applicable	not applicable	pooled	180508_P21478_Proj2_TMT2_CTX11-20_QE2_fraction5-TMT131	proteomic profiling by mass spectrometry	NT=Q Exactive;AC=MS:1001911	TMT131	NT=TMT6plex;AC=UNIMOD:737;TA=K;MT=Fixed	NT=TMT6plex;AC=UNIMOD:737;PP=Peptide N-term;MT=Fixed	NT=Carbamidomethyl;AC=UNIMOD:4;TA=C;MT=Fixed	NT=Oxidation;AC=UNIMOD:35;TA=M;MT=Variable	NT=Trypsin;AC=MS:1001251	NT=Data-dependent acquisition;AC=PRIDE:0000627	NT=beam-type collision-induced dissociation;AC=MS:1000422	35 NCE	not available	not available	8	1	180508_P21478_Proj2_TMT2_CTX11-20_QE2_fraction5.raw	v1.1.0	NT=ms-proteomics;VV=v1.1.0	NT=vertebrates;VV=v1.1.0	NT=clinical-metadata;VV=v1.0.0	manual curation	not applicable	not applicable
D1b	Mus musculus	cerebral cortex	not applicable	tissue	amyotrophic lateral sclerosis	adult	female	B6C3F1	rNLS8 (NEFH-tTA x tetO-hTDP-43-dNLS)	1 week	2	180508_P21478_Proj2_TMT2_CTX11-20_QE2_fraction6-TMT126	proteomic profiling by mass spectrometry	NT=Q Exactive;AC=MS:1001911	TMT126	NT=TMT6plex;AC=UNIMOD:737;TA=K;MT=Fixed	NT=TMT6plex;AC=UNIMOD:737;PP=Peptide N-term;MT=Fixed	NT=Carbamidomethyl;AC=UNIMOD:4;TA=C;MT=Fixed	NT=Oxidation;AC=UNIMOD:35;TA=M;MT=Variable	NT=Trypsin;AC=MS:1001251	NT=Data-dependent acquisition;AC=PRIDE:0000627	NT=beam-type collision-induced dissociation;AC=MS:1000422	35 NCE	not available	not available	9	1	180508_P21478_Proj2_TMT2_CTX11-20_QE2_fraction6.raw	v1.1.0	NT=ms-proteomics;VV=v1.1.0	NT=vertebrates;VV=v1.1.0	NT=clinical-metadata;VV=v1.0.0	manual curation	rNLS8 (NEFH-tTA x tetO-hTDP-43-dNLS)	1 week
D2b	Mus musculus	cerebral cortex	not applicable	tissue	amyotrophic lateral sclerosis	adult	female	B6C3F1	rNLS8 (NEFH-tTA x tetO-hTDP-43-dNLS)	2 week	2	180508_P21478_Proj2_TMT2_CTX11-20_QE2_fraction6-TMT127N	proteomic profiling by mass spectrometry	NT=Q Exactive;AC=MS:1001911	TMT127N	NT=TMT6plex;AC=UNIMOD:737;TA=K;MT=Fixed	NT=TMT6plex;AC=UNIMOD:737;PP=Peptide N-term;MT=Fixed	NT=Carbamidomethyl;AC=UNIMOD:4;TA=C;MT=Fixed	NT=Oxidation;AC=UNIMOD:35;TA=M;MT=Variable	NT=Trypsin;AC=MS:1001251	NT=Data-dependent acquisition;AC=PRIDE:0000627	NT=beam-type collision-induced dissociation;AC=MS:1000422	35 NCE	not available	not available	9	1	180508_P21478_Proj2_TMT2_CTX11-20_QE2_fraction6.raw	v1.1.0	NT=ms-proteomics;VV=v1.1.0	NT=vertebrates;VV=v1.1.0	NT=clinical-metadata;VV=v1.0.0	manual curation	rNLS8 (NEFH-tTA x tetO-hTDP-43-dNLS)	2 week
D4b	Mus musculus	cerebral cortex	not applicable	tissue	amyotrophic lateral sclerosis	adult	female	B6C3F1	rNLS8 (NEFH-tTA x tetO-hTDP-43-dNLS)	4 week	2	180508_P21478_Proj2_TMT2_CTX11-20_QE2_fraction6-TMT127C	proteomic profiling by mass spectrometry	NT=Q Exactive;AC=MS:1001911	TMT127C	NT=TMT6plex;AC=UNIMOD:737;TA=K;MT=Fixed	NT=TMT6plex;AC=UNIMOD:737;PP=Peptide N-term;MT=Fixed	NT=Carbamidomethyl;AC=UNIMOD:4;TA=C;MT=Fixed	NT=Oxidation;AC=UNIMOD:35;TA=M;MT=Variable	NT=Trypsin;AC=MS:1001251	NT=Data-dependent acquisition;AC=PRIDE:0000627	NT=beam-type collision-induced dissociation;AC=MS:1000422	35 NCE	not available	not available	9	1	180508_P21478_Proj2_TMT2_CTX11-20_QE2_fraction6.raw	v1.1.0	NT=ms-proteomics;VV=v1.1.0	NT=vertebrates;VV=v1.1.0	NT=clinical-metadata;VV=v1.0.0	manual curation	rNLS8 (NEFH-tTA x tetO-hTDP-43-dNLS)	4 week
D6b	Mus musculus	cerebral cortex	not applicable	tissue	amyotrophic lateral sclerosis	adult	female	B6C3F1	rNLS8 (NEFH-tTA x tetO-hTDP-43-dNLS)	6 week	2	180508_P21478_Proj2_TMT2_CTX11-20_QE2_fraction6-TMT128N	proteomic profiling by mass spectrometry	NT=Q Exactive;AC=MS:1001911	TMT128N	NT=TMT6plex;AC=UNIMOD:737;TA=K;MT=Fixed	NT=TMT6plex;AC=UNIMOD:737;PP=Peptide N-term;MT=Fixed	NT=Carbamidomethyl;AC=UNIMOD:4;TA=C;MT=Fixed	NT=Oxidation;AC=UNIMOD:35;TA=M;MT=Variable	NT=Trypsin;AC=MS:1001251	NT=Data-dependent acquisition;AC=PRIDE:0000627	NT=beam-type collision-induced dissociation;AC=MS:1000422	35 NCE	not available	not available	9	1	180508_P21478_Proj2_TMT2_CTX11-20_QE2_fraction6.raw	v1.1.0	NT=ms-proteomics;VV=v1.1.0	NT=vertebrates;VV=v1.1.0	NT=clinical-metadata;VV=v1.0.0	manual curation	rNLS8 (NEFH-tTA x tetO-hTDP-43-dNLS)	6 week
D6+RECb	Mus musculus	cerebral cortex	not applicable	tissue	amyotrophic lateral sclerosis	adult	female	B6C3F1	rNLS8 (NEFH-tTA x tetO-hTDP-43-dNLS)	6 week + recovery	2	180508_P21478_Proj2_TMT2_CTX11-20_QE2_fraction6-TMT128C	proteomic profiling by mass spectrometry	NT=Q Exactive;AC=MS:1001911	TMT128C	NT=TMT6plex;AC=UNIMOD:737;TA=K;MT=Fixed	NT=TMT6plex;AC=UNIMOD:737;PP=Peptide N-term;MT=Fixed	NT=Carbamidomethyl;AC=UNIMOD:4;TA=C;MT=Fixed	NT=Oxidation;AC=UNIMOD:35;TA=M;MT=Variable	NT=Trypsin;AC=MS:1001251	NT=Data-dependent acquisition;AC=PRIDE:0000627	NT=beam-type collision-induced dissociation;AC=MS:1000422	35 NCE	not available	not available	9	1	180508_P21478_Proj2_TMT2_CTX11-20_QE2_fraction6.raw	v1.1.0	NT=ms-proteomics;VV=v1.1.0	NT=vertebrates;VV=v1.1.0	NT=clinical-metadata;VV=v1.0.0	manual curation	rNLS8 (NEFH-tTA x tetO-hTDP-43-dNLS)	6 week + recovery
C1b	Mus musculus	cerebral cortex	not applicable	tissue	normal	adult	female	B6C3F1	non-transgenic	1 week	2	180508_P21478_Proj2_TMT2_CTX11-20_QE2_fraction6-TMT129N	proteomic profiling by mass spectrometry	NT=Q Exactive;AC=MS:1001911	TMT129N	NT=TMT6plex;AC=UNIMOD:737;TA=K;MT=Fixed	NT=TMT6plex;AC=UNIMOD:737;PP=Peptide N-term;MT=Fixed	NT=Carbamidomethyl;AC=UNIMOD:4;TA=C;MT=Fixed	NT=Oxidation;AC=UNIMOD:35;TA=M;MT=Variable	NT=Trypsin;AC=MS:1001251	NT=Data-dependent acquisition;AC=PRIDE:0000627	NT=beam-type collision-induced dissociation;AC=MS:1000422	35 NCE	not available	not available	9	1	180508_P21478_Proj2_TMT2_CTX11-20_QE2_fraction6.raw	v1.1.0	NT=ms-proteomics;VV=v1.1.0	NT=vertebrates;VV=v1.1.0	NT=clinical-metadata;VV=v1.0.0	manual curation	non-transgenic	1 week
C4b	Mus musculus	cerebral cortex	not applicable	tissue	normal	adult	female	B6C3F1	NEFH-tTA	4 week	2	180508_P21478_Proj2_TMT2_CTX11-20_QE2_fraction6-TMT129C	proteomic profiling by mass spectrometry	NT=Q Exactive;AC=MS:1001911	TMT129C	NT=TMT6plex;AC=UNIMOD:737;TA=K;MT=Fixed	NT=TMT6plex;AC=UNIMOD:737;PP=Peptide N-term;MT=Fixed	NT=Carbamidomethyl;AC=UNIMOD:4;TA=C;MT=Fixed	NT=Oxidation;AC=UNIMOD:35;TA=M;MT=Variable	NT=Trypsin;AC=MS:1001251	NT=Data-dependent acquisition;AC=PRIDE:0000627	NT=beam-type collision-induced dissociation;AC=MS:1000422	35 NCE	not available	not available	9	1	180508_P21478_Proj2_TMT2_CTX11-20_QE2_fraction6.raw	v1.1.0	NT=ms-proteomics;VV=v1.1.0	NT=vertebrates;VV=v1.1.0	NT=clinical-metadata;VV=v1.0.0	manual curation	NEFH-tTA	4 week
C6b	Mus musculus	cerebral cortex	not applicable	tissue	normal	adult	female	B6C3F1	non-transgenic	6 week	2	180508_P21478_Proj2_TMT2_CTX11-20_QE2_fraction6-TMT130N	proteomic profiling by mass spectrometry	NT=Q Exactive;AC=MS:1001911	TMT130N	NT=TMT6plex;AC=UNIMOD:737;TA=K;MT=Fixed	NT=TMT6plex;AC=UNIMOD:737;PP=Peptide N-term;MT=Fixed	NT=Carbamidomethyl;AC=UNIMOD:4;TA=C;MT=Fixed	NT=Oxidation;AC=UNIMOD:35;TA=M;MT=Variable	NT=Trypsin;AC=MS:1001251	NT=Data-dependent acquisition;AC=PRIDE:0000627	NT=beam-type collision-induced dissociation;AC=MS:1000422	35 NCE	not available	not available	9	1	180508_P21478_Proj2_TMT2_CTX11-20_QE2_fraction6.raw	v1.1.0	NT=ms-proteomics;VV=v1.1.0	NT=vertebrates;VV=v1.1.0	NT=clinical-metadata;VV=v1.0.0	manual curation	non-transgenic	6 week
C6+RECb	Mus musculus	cerebral cortex	not applicable	tissue	normal	adult	female	B6C3F1	NEFH-tTA	6 week + recovery	2	180508_P21478_Proj2_TMT2_CTX11-20_QE2_fraction6-TMT130C	proteomic profiling by mass spectrometry	NT=Q Exactive;AC=MS:1001911	TMT130C	NT=TMT6plex;AC=UNIMOD:737;TA=K;MT=Fixed	NT=TMT6plex;AC=UNIMOD:737;PP=Peptide N-term;MT=Fixed	NT=Carbamidomethyl;AC=UNIMOD:4;TA=C;MT=Fixed	NT=Oxidation;AC=UNIMOD:35;TA=M;MT=Variable	NT=Trypsin;AC=MS:1001251	NT=Data-dependent acquisition;AC=PRIDE:0000627	NT=beam-type collision-induced dissociation;AC=MS:1000422	35 NCE	not available	not available	9	1	180508_P21478_Proj2_TMT2_CTX11-20_QE2_fraction6.raw	v1.1.0	NT=ms-proteomics;VV=v1.1.0	NT=vertebrates;VV=v1.1.0	NT=clinical-metadata;VV=v1.0.0	manual curation	NEFH-tTA	6 week + recovery
pooled_control_reference_TMT2_CTX11-20	Mus musculus	cerebral cortex	not applicable	tissue	normal	adult	female	B6C3F1	not applicable	not applicable	pooled	180508_P21478_Proj2_TMT2_CTX11-20_QE2_fraction6-TMT131	proteomic profiling by mass spectrometry	NT=Q Exactive;AC=MS:1001911	TMT131	NT=TMT6plex;AC=UNIMOD:737;TA=K;MT=Fixed	NT=TMT6plex;AC=UNIMOD:737;PP=Peptide N-term;MT=Fixed	NT=Carbamidomethyl;AC=UNIMOD:4;TA=C;MT=Fixed	NT=Oxidation;AC=UNIMOD:35;TA=M;MT=Variable	NT=Trypsin;AC=MS:1001251	NT=Data-dependent acquisition;AC=PRIDE:0000627	NT=beam-type collision-induced dissociation;AC=MS:1000422	35 NCE	not available	not available	9	1	180508_P21478_Proj2_TMT2_CTX11-20_QE2_fraction6.raw	v1.1.0	NT=ms-proteomics;VV=v1.1.0	NT=vertebrates;VV=v1.1.0	NT=clinical-metadata;VV=v1.0.0	manual curation	not applicable	not applicable
D1b	Mus musculus	cerebral cortex	not applicable	tissue	amyotrophic lateral sclerosis	adult	female	B6C3F1	rNLS8 (NEFH-tTA x tetO-hTDP-43-dNLS)	1 week	2	180508_P21478_Proj2_TMT2_CTX11-20_QE2_fraction7-TMT126	proteomic profiling by mass spectrometry	NT=Q Exactive;AC=MS:1001911	TMT126	NT=TMT6plex;AC=UNIMOD:737;TA=K;MT=Fixed	NT=TMT6plex;AC=UNIMOD:737;PP=Peptide N-term;MT=Fixed	NT=Carbamidomethyl;AC=UNIMOD:4;TA=C;MT=Fixed	NT=Oxidation;AC=UNIMOD:35;TA=M;MT=Variable	NT=Trypsin;AC=MS:1001251	NT=Data-dependent acquisition;AC=PRIDE:0000627	NT=beam-type collision-induced dissociation;AC=MS:1000422	35 NCE	not available	not available	10	1	180508_P21478_Proj2_TMT2_CTX11-20_QE2_fraction7.raw	v1.1.0	NT=ms-proteomics;VV=v1.1.0	NT=vertebrates;VV=v1.1.0	NT=clinical-metadata;VV=v1.0.0	manual curation	rNLS8 (NEFH-tTA x tetO-hTDP-43-dNLS)	1 week
D2b	Mus musculus	cerebral cortex	not applicable	tissue	amyotrophic lateral sclerosis	adult	female	B6C3F1	rNLS8 (NEFH-tTA x tetO-hTDP-43-dNLS)	2 week	2	180508_P21478_Proj2_TMT2_CTX11-20_QE2_fraction7-TMT127N	proteomic profiling by mass spectrometry	NT=Q Exactive;AC=MS:1001911	TMT127N	NT=TMT6plex;AC=UNIMOD:737;TA=K;MT=Fixed	NT=TMT6plex;AC=UNIMOD:737;PP=Peptide N-term;MT=Fixed	NT=Carbamidomethyl;AC=UNIMOD:4;TA=C;MT=Fixed	NT=Oxidation;AC=UNIMOD:35;TA=M;MT=Variable	NT=Trypsin;AC=MS:1001251	NT=Data-dependent acquisition;AC=PRIDE:0000627	NT=beam-type collision-induced dissociation;AC=MS:1000422	35 NCE	not available	not available	10	1	180508_P21478_Proj2_TMT2_CTX11-20_QE2_fraction7.raw	v1.1.0	NT=ms-proteomics;VV=v1.1.0	NT=vertebrates;VV=v1.1.0	NT=clinical-metadata;VV=v1.0.0	manual curation	rNLS8 (NEFH-tTA x tetO-hTDP-43-dNLS)	2 week
D4b	Mus musculus	cerebral cortex	not applicable	tissue	amyotrophic lateral sclerosis	adult	female	B6C3F1	rNLS8 (NEFH-tTA x tetO-hTDP-43-dNLS)	4 week	2	180508_P21478_Proj2_TMT2_CTX11-20_QE2_fraction7-TMT127C	proteomic profiling by mass spectrometry	NT=Q Exactive;AC=MS:1001911	TMT127C	NT=TMT6plex;AC=UNIMOD:737;TA=K;MT=Fixed	NT=TMT6plex;AC=UNIMOD:737;PP=Peptide N-term;MT=Fixed	NT=Carbamidomethyl;AC=UNIMOD:4;TA=C;MT=Fixed	NT=Oxidation;AC=UNIMOD:35;TA=M;MT=Variable	NT=Trypsin;AC=MS:1001251	NT=Data-dependent acquisition;AC=PRIDE:0000627	NT=beam-type collision-induced dissociation;AC=MS:1000422	35 NCE	not available	not available	10	1	180508_P21478_Proj2_TMT2_CTX11-20_QE2_fraction7.raw	v1.1.0	NT=ms-proteomics;VV=v1.1.0	NT=vertebrates;VV=v1.1.0	NT=clinical-metadata;VV=v1.0.0	manual curation	rNLS8 (NEFH-tTA x tetO-hTDP-43-dNLS)	4 week
D6b	Mus musculus	cerebral cortex	not applicable	tissue	amyotrophic lateral sclerosis	adult	female	B6C3F1	rNLS8 (NEFH-tTA x tetO-hTDP-43-dNLS)	6 week	2	180508_P21478_Proj2_TMT2_CTX11-20_QE2_fraction7-TMT128N	proteomic profiling by mass spectrometry	NT=Q Exactive;AC=MS:1001911	TMT128N	NT=TMT6plex;AC=UNIMOD:737;TA=K;MT=Fixed	NT=TMT6plex;AC=UNIMOD:737;PP=Peptide N-term;MT=Fixed	NT=Carbamidomethyl;AC=UNIMOD:4;TA=C;MT=Fixed	NT=Oxidation;AC=UNIMOD:35;TA=M;MT=Variable	NT=Trypsin;AC=MS:1001251	NT=Data-dependent acquisition;AC=PRIDE:0000627	NT=beam-type collision-induced dissociation;AC=MS:1000422	35 NCE	not available	not available	10	1	180508_P21478_Proj2_TMT2_CTX11-20_QE2_fraction7.raw	v1.1.0	NT=ms-proteomics;VV=v1.1.0	NT=vertebrates;VV=v1.1.0	NT=clinical-metadata;VV=v1.0.0	manual curation	rNLS8 (NEFH-tTA x tetO-hTDP-43-dNLS)	6 week
D6+RECb	Mus musculus	cerebral cortex	not applicable	tissue	amyotrophic lateral sclerosis	adult	female	B6C3F1	rNLS8 (NEFH-tTA x tetO-hTDP-43-dNLS)	6 week + recovery	2	180508_P21478_Proj2_TMT2_CTX11-20_QE2_fraction7-TMT128C	proteomic profiling by mass spectrometry	NT=Q Exactive;AC=MS:1001911	TMT128C	NT=TMT6plex;AC=UNIMOD:737;TA=K;MT=Fixed	NT=TMT6plex;AC=UNIMOD:737;PP=Peptide N-term;MT=Fixed	NT=Carbamidomethyl;AC=UNIMOD:4;TA=C;MT=Fixed	NT=Oxidation;AC=UNIMOD:35;TA=M;MT=Variable	NT=Trypsin;AC=MS:1001251	NT=Data-dependent acquisition;AC=PRIDE:0000627	NT=beam-type collision-induced dissociation;AC=MS:1000422	35 NCE	not available	not available	10	1	180508_P21478_Proj2_TMT2_CTX11-20_QE2_fraction7.raw	v1.1.0	NT=ms-proteomics;VV=v1.1.0	NT=vertebrates;VV=v1.1.0	NT=clinical-metadata;VV=v1.0.0	manual curation	rNLS8 (NEFH-tTA x tetO-hTDP-43-dNLS)	6 week + recovery
C1b	Mus musculus	cerebral cortex	not applicable	tissue	normal	adult	female	B6C3F1	non-transgenic	1 week	2	180508_P21478_Proj2_TMT2_CTX11-20_QE2_fraction7-TMT129N	proteomic profiling by mass spectrometry	NT=Q Exactive;AC=MS:1001911	TMT129N	NT=TMT6plex;AC=UNIMOD:737;TA=K;MT=Fixed	NT=TMT6plex;AC=UNIMOD:737;PP=Peptide N-term;MT=Fixed	NT=Carbamidomethyl;AC=UNIMOD:4;TA=C;MT=Fixed	NT=Oxidation;AC=UNIMOD:35;TA=M;MT=Variable	NT=Trypsin;AC=MS:1001251	NT=Data-dependent acquisition;AC=PRIDE:0000627	NT=beam-type collision-induced dissociation;AC=MS:1000422	35 NCE	not available	not available	10	1	180508_P21478_Proj2_TMT2_CTX11-20_QE2_fraction7.raw	v1.1.0	NT=ms-proteomics;VV=v1.1.0	NT=vertebrates;VV=v1.1.0	NT=clinical-metadata;VV=v1.0.0	manual curation	non-transgenic	1 week
C4b	Mus musculus	cerebral cortex	not applicable	tissue	normal	adult	female	B6C3F1	NEFH-tTA	4 week	2	180508_P21478_Proj2_TMT2_CTX11-20_QE2_fraction7-TMT129C	proteomic profiling by mass spectrometry	NT=Q Exactive;AC=MS:1001911	TMT129C	NT=TMT6plex;AC=UNIMOD:737;TA=K;MT=Fixed	NT=TMT6plex;AC=UNIMOD:737;PP=Peptide N-term;MT=Fixed	NT=Carbamidomethyl;AC=UNIMOD:4;TA=C;MT=Fixed	NT=Oxidation;AC=UNIMOD:35;TA=M;MT=Variable	NT=Trypsin;AC=MS:1001251	NT=Data-dependent acquisition;AC=PRIDE:0000627	NT=beam-type collision-induced dissociation;AC=MS:1000422	35 NCE	not available	not available	10	1	180508_P21478_Proj2_TMT2_CTX11-20_QE2_fraction7.raw	v1.1.0	NT=ms-proteomics;VV=v1.1.0	NT=vertebrates;VV=v1.1.0	NT=clinical-metadata;VV=v1.0.0	manual curation	NEFH-tTA	4 week
C6b	Mus musculus	cerebral cortex	not applicable	tissue	normal	adult	female	B6C3F1	non-transgenic	6 week	2	180508_P21478_Proj2_TMT2_CTX11-20_QE2_fraction7-TMT130N	proteomic profiling by mass spectrometry	NT=Q Exactive;AC=MS:1001911	TMT130N	NT=TMT6plex;AC=UNIMOD:737;TA=K;MT=Fixed	NT=TMT6plex;AC=UNIMOD:737;PP=Peptide N-term;MT=Fixed	NT=Carbamidomethyl;AC=UNIMOD:4;TA=C;MT=Fixed	NT=Oxidation;AC=UNIMOD:35;TA=M;MT=Variable	NT=Trypsin;AC=MS:1001251	NT=Data-dependent acquisition;AC=PRIDE:0000627	NT=beam-type collision-induced dissociation;AC=MS:1000422	35 NCE	not available	not available	10	1	180508_P21478_Proj2_TMT2_CTX11-20_QE2_fraction7.raw	v1.1.0	NT=ms-proteomics;VV=v1.1.0	NT=vertebrates;VV=v1.1.0	NT=clinical-metadata;VV=v1.0.0	manual curation	non-transgenic	6 week
C6+RECb	Mus musculus	cerebral cortex	not applicable	tissue	normal	adult	female	B6C3F1	NEFH-tTA	6 week + recovery	2	180508_P21478_Proj2_TMT2_CTX11-20_QE2_fraction7-TMT130C	proteomic profiling by mass spectrometry	NT=Q Exactive;AC=MS:1001911	TMT130C	NT=TMT6plex;AC=UNIMOD:737;TA=K;MT=Fixed	NT=TMT6plex;AC=UNIMOD:737;PP=Peptide N-term;MT=Fixed	NT=Carbamidomethyl;AC=UNIMOD:4;TA=C;MT=Fixed	NT=Oxidation;AC=UNIMOD:35;TA=M;MT=Variable	NT=Trypsin;AC=MS:1001251	NT=Data-dependent acquisition;AC=PRIDE:0000627	NT=beam-type collision-induced dissociation;AC=MS:1000422	35 NCE	not available	not available	10	1	180508_P21478_Proj2_TMT2_CTX11-20_QE2_fraction7.raw	v1.1.0	NT=ms-proteomics;VV=v1.1.0	NT=vertebrates;VV=v1.1.0	NT=clinical-metadata;VV=v1.0.0	manual curation	NEFH-tTA	6 week + recovery
pooled_control_reference_TMT2_CTX11-20	Mus musculus	cerebral cortex	not applicable	tissue	normal	adult	female	B6C3F1	not applicable	not applicable	pooled	180508_P21478_Proj2_TMT2_CTX11-20_QE2_fraction7-TMT131	proteomic profiling by mass spectrometry	NT=Q Exactive;AC=MS:1001911	TMT131	NT=TMT6plex;AC=UNIMOD:737;TA=K;MT=Fixed	NT=TMT6plex;AC=UNIMOD:737;PP=Peptide N-term;MT=Fixed	NT=Carbamidomethyl;AC=UNIMOD:4;TA=C;MT=Fixed	NT=Oxidation;AC=UNIMOD:35;TA=M;MT=Variable	NT=Trypsin;AC=MS:1001251	NT=Data-dependent acquisition;AC=PRIDE:0000627	NT=beam-type collision-induced dissociation;AC=MS:1000422	35 NCE	not available	not available	10	1	180508_P21478_Proj2_TMT2_CTX11-20_QE2_fraction7.raw	v1.1.0	NT=ms-proteomics;VV=v1.1.0	NT=vertebrates;VV=v1.1.0	NT=clinical-metadata;VV=v1.0.0	manual curation	not applicable	not applicable
D1b	Mus musculus	cerebral cortex	not applicable	tissue	amyotrophic lateral sclerosis	adult	female	B6C3F1	rNLS8 (NEFH-tTA x tetO-hTDP-43-dNLS)	1 week	2	180508_P21478_Proj2_TMT2_CTX11-20_QE2_fraction8-TMT126	proteomic profiling by mass spectrometry	NT=Q Exactive;AC=MS:1001911	TMT126	NT=TMT6plex;AC=UNIMOD:737;TA=K;MT=Fixed	NT=TMT6plex;AC=UNIMOD:737;PP=Peptide N-term;MT=Fixed	NT=Carbamidomethyl;AC=UNIMOD:4;TA=C;MT=Fixed	NT=Oxidation;AC=UNIMOD:35;TA=M;MT=Variable	NT=Trypsin;AC=MS:1001251	NT=Data-dependent acquisition;AC=PRIDE:0000627	NT=beam-type collision-induced dissociation;AC=MS:1000422	35 NCE	not available	not available	11	1	180508_P21478_Proj2_TMT2_CTX11-20_QE2_fraction8.raw	v1.1.0	NT=ms-proteomics;VV=v1.1.0	NT=vertebrates;VV=v1.1.0	NT=clinical-metadata;VV=v1.0.0	manual curation	rNLS8 (NEFH-tTA x tetO-hTDP-43-dNLS)	1 week
D2b	Mus musculus	cerebral cortex	not applicable	tissue	amyotrophic lateral sclerosis	adult	female	B6C3F1	rNLS8 (NEFH-tTA x tetO-hTDP-43-dNLS)	2 week	2	180508_P21478_Proj2_TMT2_CTX11-20_QE2_fraction8-TMT127N	proteomic profiling by mass spectrometry	NT=Q Exactive;AC=MS:1001911	TMT127N	NT=TMT6plex;AC=UNIMOD:737;TA=K;MT=Fixed	NT=TMT6plex;AC=UNIMOD:737;PP=Peptide N-term;MT=Fixed	NT=Carbamidomethyl;AC=UNIMOD:4;TA=C;MT=Fixed	NT=Oxidation;AC=UNIMOD:35;TA=M;MT=Variable	NT=Trypsin;AC=MS:1001251	NT=Data-dependent acquisition;AC=PRIDE:0000627	NT=beam-type collision-induced dissociation;AC=MS:1000422	35 NCE	not available	not available	11	1	180508_P21478_Proj2_TMT2_CTX11-20_QE2_fraction8.raw	v1.1.0	NT=ms-proteomics;VV=v1.1.0	NT=vertebrates;VV=v1.1.0	NT=clinical-metadata;VV=v1.0.0	manual curation	rNLS8 (NEFH-tTA x tetO-hTDP-43-dNLS)	2 week
D4b	Mus musculus	cerebral cortex	not applicable	tissue	amyotrophic lateral sclerosis	adult	female	B6C3F1	rNLS8 (NEFH-tTA x tetO-hTDP-43-dNLS)	4 week	2	180508_P21478_Proj2_TMT2_CTX11-20_QE2_fraction8-TMT127C	proteomic profiling by mass spectrometry	NT=Q Exactive;AC=MS:1001911	TMT127C	NT=TMT6plex;AC=UNIMOD:737;TA=K;MT=Fixed	NT=TMT6plex;AC=UNIMOD:737;PP=Peptide N-term;MT=Fixed	NT=Carbamidomethyl;AC=UNIMOD:4;TA=C;MT=Fixed	NT=Oxidation;AC=UNIMOD:35;TA=M;MT=Variable	NT=Trypsin;AC=MS:1001251	NT=Data-dependent acquisition;AC=PRIDE:0000627	NT=beam-type collision-induced dissociation;AC=MS:1000422	35 NCE	not available	not available	11	1	180508_P21478_Proj2_TMT2_CTX11-20_QE2_fraction8.raw	v1.1.0	NT=ms-proteomics;VV=v1.1.0	NT=vertebrates;VV=v1.1.0	NT=clinical-metadata;VV=v1.0.0	manual curation	rNLS8 (NEFH-tTA x tetO-hTDP-43-dNLS)	4 week
D6b	Mus musculus	cerebral cortex	not applicable	tissue	amyotrophic lateral sclerosis	adult	female	B6C3F1	rNLS8 (NEFH-tTA x tetO-hTDP-43-dNLS)	6 week	2	180508_P21478_Proj2_TMT2_CTX11-20_QE2_fraction8-TMT128N	proteomic profiling by mass spectrometry	NT=Q Exactive;AC=MS:1001911	TMT128N	NT=TMT6plex;AC=UNIMOD:737;TA=K;MT=Fixed	NT=TMT6plex;AC=UNIMOD:737;PP=Peptide N-term;MT=Fixed	NT=Carbamidomethyl;AC=UNIMOD:4;TA=C;MT=Fixed	NT=Oxidation;AC=UNIMOD:35;TA=M;MT=Variable	NT=Trypsin;AC=MS:1001251	NT=Data-dependent acquisition;AC=PRIDE:0000627	NT=beam-type collision-induced dissociation;AC=MS:1000422	35 NCE	not available	not available	11	1	180508_P21478_Proj2_TMT2_CTX11-20_QE2_fraction8.raw	v1.1.0	NT=ms-proteomics;VV=v1.1.0	NT=vertebrates;VV=v1.1.0	NT=clinical-metadata;VV=v1.0.0	manual curation	rNLS8 (NEFH-tTA x tetO-hTDP-43-dNLS)	6 week
D6+RECb	Mus musculus	cerebral cortex	not applicable	tissue	amyotrophic lateral sclerosis	adult	female	B6C3F1	rNLS8 (NEFH-tTA x tetO-hTDP-43-dNLS)	6 week + recovery	2	180508_P21478_Proj2_TMT2_CTX11-20_QE2_fraction8-TMT128C	proteomic profiling by mass spectrometry	NT=Q Exactive;AC=MS:1001911	TMT128C	NT=TMT6plex;AC=UNIMOD:737;TA=K;MT=Fixed	NT=TMT6plex;AC=UNIMOD:737;PP=Peptide N-term;MT=Fixed	NT=Carbamidomethyl;AC=UNIMOD:4;TA=C;MT=Fixed	NT=Oxidation;AC=UNIMOD:35;TA=M;MT=Variable	NT=Trypsin;AC=MS:1001251	NT=Data-dependent acquisition;AC=PRIDE:0000627	NT=beam-type collision-induced dissociation;AC=MS:1000422	35 NCE	not available	not available	11	1	180508_P21478_Proj2_TMT2_CTX11-20_QE2_fraction8.raw	v1.1.0	NT=ms-proteomics;VV=v1.1.0	NT=vertebrates;VV=v1.1.0	NT=clinical-metadata;VV=v1.0.0	manual curation	rNLS8 (NEFH-tTA x tetO-hTDP-43-dNLS)	6 week + recovery
C1b	Mus musculus	cerebral cortex	not applicable	tissue	normal	adult	female	B6C3F1	non-transgenic	1 week	2	180508_P21478_Proj2_TMT2_CTX11-20_QE2_fraction8-TMT129N	proteomic profiling by mass spectrometry	NT=Q Exactive;AC=MS:1001911	TMT129N	NT=TMT6plex;AC=UNIMOD:737;TA=K;MT=Fixed	NT=TMT6plex;AC=UNIMOD:737;PP=Peptide N-term;MT=Fixed	NT=Carbamidomethyl;AC=UNIMOD:4;TA=C;MT=Fixed	NT=Oxidation;AC=UNIMOD:35;TA=M;MT=Variable	NT=Trypsin;AC=MS:1001251	NT=Data-dependent acquisition;AC=PRIDE:0000627	NT=beam-type collision-induced dissociation;AC=MS:1000422	35 NCE	not available	not available	11	1	180508_P21478_Proj2_TMT2_CTX11-20_QE2_fraction8.raw	v1.1.0	NT=ms-proteomics;VV=v1.1.0	NT=vertebrates;VV=v1.1.0	NT=clinical-metadata;VV=v1.0.0	manual curation	non-transgenic	1 week
C4b	Mus musculus	cerebral cortex	not applicable	tissue	normal	adult	female	B6C3F1	NEFH-tTA	4 week	2	180508_P21478_Proj2_TMT2_CTX11-20_QE2_fraction8-TMT129C	proteomic profiling by mass spectrometry	NT=Q Exactive;AC=MS:1001911	TMT129C	NT=TMT6plex;AC=UNIMOD:737;TA=K;MT=Fixed	NT=TMT6plex;AC=UNIMOD:737;PP=Peptide N-term;MT=Fixed	NT=Carbamidomethyl;AC=UNIMOD:4;TA=C;MT=Fixed	NT=Oxidation;AC=UNIMOD:35;TA=M;MT=Variable	NT=Trypsin;AC=MS:1001251	NT=Data-dependent acquisition;AC=PRIDE:0000627	NT=beam-type collision-induced dissociation;AC=MS:1000422	35 NCE	not available	not available	11	1	180508_P21478_Proj2_TMT2_CTX11-20_QE2_fraction8.raw	v1.1.0	NT=ms-proteomics;VV=v1.1.0	NT=vertebrates;VV=v1.1.0	NT=clinical-metadata;VV=v1.0.0	manual curation	NEFH-tTA	4 week
C6b	Mus musculus	cerebral cortex	not applicable	tissue	normal	adult	female	B6C3F1	non-transgenic	6 week	2	180508_P21478_Proj2_TMT2_CTX11-20_QE2_fraction8-TMT130N	proteomic profiling by mass spectrometry	NT=Q Exactive;AC=MS:1001911	TMT130N	NT=TMT6plex;AC=UNIMOD:737;TA=K;MT=Fixed	NT=TMT6plex;AC=UNIMOD:737;PP=Peptide N-term;MT=Fixed	NT=Carbamidomethyl;AC=UNIMOD:4;TA=C;MT=Fixed	NT=Oxidation;AC=UNIMOD:35;TA=M;MT=Variable	NT=Trypsin;AC=MS:1001251	NT=Data-dependent acquisition;AC=PRIDE:0000627	NT=beam-type collision-induced dissociation;AC=MS:1000422	35 NCE	not available	not available	11	1	180508_P21478_Proj2_TMT2_CTX11-20_QE2_fraction8.raw	v1.1.0	NT=ms-proteomics;VV=v1.1.0	NT=vertebrates;VV=v1.1.0	NT=clinical-metadata;VV=v1.0.0	manual curation	non-transgenic	6 week
C6+RECb	Mus musculus	cerebral cortex	not applicable	tissue	normal	adult	female	B6C3F1	NEFH-tTA	6 week + recovery	2	180508_P21478_Proj2_TMT2_CTX11-20_QE2_fraction8-TMT130C	proteomic profiling by mass spectrometry	NT=Q Exactive;AC=MS:1001911	TMT130C	NT=TMT6plex;AC=UNIMOD:737;TA=K;MT=Fixed	NT=TMT6plex;AC=UNIMOD:737;PP=Peptide N-term;MT=Fixed	NT=Carbamidomethyl;AC=UNIMOD:4;TA=C;MT=Fixed	NT=Oxidation;AC=UNIMOD:35;TA=M;MT=Variable	NT=Trypsin;AC=MS:1001251	NT=Data-dependent acquisition;AC=PRIDE:0000627	NT=beam-type collision-induced dissociation;AC=MS:1000422	35 NCE	not available	not available	11	1	180508_P21478_Proj2_TMT2_CTX11-20_QE2_fraction8.raw	v1.1.0	NT=ms-proteomics;VV=v1.1.0	NT=vertebrates;VV=v1.1.0	NT=clinical-metadata;VV=v1.0.0	manual curation	NEFH-tTA	6 week + recovery
pooled_control_reference_TMT2_CTX11-20	Mus musculus	cerebral cortex	not applicable	tissue	normal	adult	female	B6C3F1	not applicable	not applicable	pooled	180508_P21478_Proj2_TMT2_CTX11-20_QE2_fraction8-TMT131	proteomic profiling by mass spectrometry	NT=Q Exactive;AC=MS:1001911	TMT131	NT=TMT6plex;AC=UNIMOD:737;TA=K;MT=Fixed	NT=TMT6plex;AC=UNIMOD:737;PP=Peptide N-term;MT=Fixed	NT=Carbamidomethyl;AC=UNIMOD:4;TA=C;MT=Fixed	NT=Oxidation;AC=UNIMOD:35;TA=M;MT=Variable	NT=Trypsin;AC=MS:1001251	NT=Data-dependent acquisition;AC=PRIDE:0000627	NT=beam-type collision-induced dissociation;AC=MS:1000422	35 NCE	not available	not available	11	1	180508_P21478_Proj2_TMT2_CTX11-20_QE2_fraction8.raw	v1.1.0	NT=ms-proteomics;VV=v1.1.0	NT=vertebrates;VV=v1.1.0	NT=clinical-metadata;VV=v1.0.0	manual curation	not applicable	not applicable
D1b	Mus musculus	cerebral cortex	not applicable	tissue	amyotrophic lateral sclerosis	adult	female	B6C3F1	rNLS8 (NEFH-tTA x tetO-hTDP-43-dNLS)	1 week	2	180508_P21478_Proj2_TMT2_CTX11-20_QE2_fraction9-TMT126	proteomic profiling by mass spectrometry	NT=Q Exactive;AC=MS:1001911	TMT126	NT=TMT6plex;AC=UNIMOD:737;TA=K;MT=Fixed	NT=TMT6plex;AC=UNIMOD:737;PP=Peptide N-term;MT=Fixed	NT=Carbamidomethyl;AC=UNIMOD:4;TA=C;MT=Fixed	NT=Oxidation;AC=UNIMOD:35;TA=M;MT=Variable	NT=Trypsin;AC=MS:1001251	NT=Data-dependent acquisition;AC=PRIDE:0000627	NT=beam-type collision-induced dissociation;AC=MS:1000422	35 NCE	not available	not available	12	1	180508_P21478_Proj2_TMT2_CTX11-20_QE2_fraction9.raw	v1.1.0	NT=ms-proteomics;VV=v1.1.0	NT=vertebrates;VV=v1.1.0	NT=clinical-metadata;VV=v1.0.0	manual curation	rNLS8 (NEFH-tTA x tetO-hTDP-43-dNLS)	1 week
D2b	Mus musculus	cerebral cortex	not applicable	tissue	amyotrophic lateral sclerosis	adult	female	B6C3F1	rNLS8 (NEFH-tTA x tetO-hTDP-43-dNLS)	2 week	2	180508_P21478_Proj2_TMT2_CTX11-20_QE2_fraction9-TMT127N	proteomic profiling by mass spectrometry	NT=Q Exactive;AC=MS:1001911	TMT127N	NT=TMT6plex;AC=UNIMOD:737;TA=K;MT=Fixed	NT=TMT6plex;AC=UNIMOD:737;PP=Peptide N-term;MT=Fixed	NT=Carbamidomethyl;AC=UNIMOD:4;TA=C;MT=Fixed	NT=Oxidation;AC=UNIMOD:35;TA=M;MT=Variable	NT=Trypsin;AC=MS:1001251	NT=Data-dependent acquisition;AC=PRIDE:0000627	NT=beam-type collision-induced dissociation;AC=MS:1000422	35 NCE	not available	not available	12	1	180508_P21478_Proj2_TMT2_CTX11-20_QE2_fraction9.raw	v1.1.0	NT=ms-proteomics;VV=v1.1.0	NT=vertebrates;VV=v1.1.0	NT=clinical-metadata;VV=v1.0.0	manual curation	rNLS8 (NEFH-tTA x tetO-hTDP-43-dNLS)	2 week
D4b	Mus musculus	cerebral cortex	not applicable	tissue	amyotrophic lateral sclerosis	adult	female	B6C3F1	rNLS8 (NEFH-tTA x tetO-hTDP-43-dNLS)	4 week	2	180508_P21478_Proj2_TMT2_CTX11-20_QE2_fraction9-TMT127C	proteomic profiling by mass spectrometry	NT=Q Exactive;AC=MS:1001911	TMT127C	NT=TMT6plex;AC=UNIMOD:737;TA=K;MT=Fixed	NT=TMT6plex;AC=UNIMOD:737;PP=Peptide N-term;MT=Fixed	NT=Carbamidomethyl;AC=UNIMOD:4;TA=C;MT=Fixed	NT=Oxidation;AC=UNIMOD:35;TA=M;MT=Variable	NT=Trypsin;AC=MS:1001251	NT=Data-dependent acquisition;AC=PRIDE:0000627	NT=beam-type collision-induced dissociation;AC=MS:1000422	35 NCE	not available	not available	12	1	180508_P21478_Proj2_TMT2_CTX11-20_QE2_fraction9.raw	v1.1.0	NT=ms-proteomics;VV=v1.1.0	NT=vertebrates;VV=v1.1.0	NT=clinical-metadata;VV=v1.0.0	manual curation	rNLS8 (NEFH-tTA x tetO-hTDP-43-dNLS)	4 week
D6b	Mus musculus	cerebral cortex	not applicable	tissue	amyotrophic lateral sclerosis	adult	female	B6C3F1	rNLS8 (NEFH-tTA x tetO-hTDP-43-dNLS)	6 week	2	180508_P21478_Proj2_TMT2_CTX11-20_QE2_fraction9-TMT128N	proteomic profiling by mass spectrometry	NT=Q Exactive;AC=MS:1001911	TMT128N	NT=TMT6plex;AC=UNIMOD:737;TA=K;MT=Fixed	NT=TMT6plex;AC=UNIMOD:737;PP=Peptide N-term;MT=Fixed	NT=Carbamidomethyl;AC=UNIMOD:4;TA=C;MT=Fixed	NT=Oxidation;AC=UNIMOD:35;TA=M;MT=Variable	NT=Trypsin;AC=MS:1001251	NT=Data-dependent acquisition;AC=PRIDE:0000627	NT=beam-type collision-induced dissociation;AC=MS:1000422	35 NCE	not available	not available	12	1	180508_P21478_Proj2_TMT2_CTX11-20_QE2_fraction9.raw	v1.1.0	NT=ms-proteomics;VV=v1.1.0	NT=vertebrates;VV=v1.1.0	NT=clinical-metadata;VV=v1.0.0	manual curation	rNLS8 (NEFH-tTA x tetO-hTDP-43-dNLS)	6 week
D6+RECb	Mus musculus	cerebral cortex	not applicable	tissue	amyotrophic lateral sclerosis	adult	female	B6C3F1	rNLS8 (NEFH-tTA x tetO-hTDP-43-dNLS)	6 week + recovery	2	180508_P21478_Proj2_TMT2_CTX11-20_QE2_fraction9-TMT128C	proteomic profiling by mass spectrometry	NT=Q Exactive;AC=MS:1001911	TMT128C	NT=TMT6plex;AC=UNIMOD:737;TA=K;MT=Fixed	NT=TMT6plex;AC=UNIMOD:737;PP=Peptide N-term;MT=Fixed	NT=Carbamidomethyl;AC=UNIMOD:4;TA=C;MT=Fixed	NT=Oxidation;AC=UNIMOD:35;TA=M;MT=Variable	NT=Trypsin;AC=MS:1001251	NT=Data-dependent acquisition;AC=PRIDE:0000627	NT=beam-type collision-induced dissociation;AC=MS:1000422	35 NCE	not available	not available	12	1	180508_P21478_Proj2_TMT2_CTX11-20_QE2_fraction9.raw	v1.1.0	NT=ms-proteomics;VV=v1.1.0	NT=vertebrates;VV=v1.1.0	NT=clinical-metadata;VV=v1.0.0	manual curation	rNLS8 (NEFH-tTA x tetO-hTDP-43-dNLS)	6 week + recovery
C1b	Mus musculus	cerebral cortex	not applicable	tissue	normal	adult	female	B6C3F1	non-transgenic	1 week	2	180508_P21478_Proj2_TMT2_CTX11-20_QE2_fraction9-TMT129N	proteomic profiling by mass spectrometry	NT=Q Exactive;AC=MS:1001911	TMT129N	NT=TMT6plex;AC=UNIMOD:737;TA=K;MT=Fixed	NT=TMT6plex;AC=UNIMOD:737;PP=Peptide N-term;MT=Fixed	NT=Carbamidomethyl;AC=UNIMOD:4;TA=C;MT=Fixed	NT=Oxidation;AC=UNIMOD:35;TA=M;MT=Variable	NT=Trypsin;AC=MS:1001251	NT=Data-dependent acquisition;AC=PRIDE:0000627	NT=beam-type collision-induced dissociation;AC=MS:1000422	35 NCE	not available	not available	12	1	180508_P21478_Proj2_TMT2_CTX11-20_QE2_fraction9.raw	v1.1.0	NT=ms-proteomics;VV=v1.1.0	NT=vertebrates;VV=v1.1.0	NT=clinical-metadata;VV=v1.0.0	manual curation	non-transgenic	1 week
C4b	Mus musculus	cerebral cortex	not applicable	tissue	normal	adult	female	B6C3F1	NEFH-tTA	4 week	2	180508_P21478_Proj2_TMT2_CTX11-20_QE2_fraction9-TMT129C	proteomic profiling by mass spectrometry	NT=Q Exactive;AC=MS:1001911	TMT129C	NT=TMT6plex;AC=UNIMOD:737;TA=K;MT=Fixed	NT=TMT6plex;AC=UNIMOD:737;PP=Peptide N-term;MT=Fixed	NT=Carbamidomethyl;AC=UNIMOD:4;TA=C;MT=Fixed	NT=Oxidation;AC=UNIMOD:35;TA=M;MT=Variable	NT=Trypsin;AC=MS:1001251	NT=Data-dependent acquisition;AC=PRIDE:0000627	NT=beam-type collision-induced dissociation;AC=MS:1000422	35 NCE	not available	not available	12	1	180508_P21478_Proj2_TMT2_CTX11-20_QE2_fraction9.raw	v1.1.0	NT=ms-proteomics;VV=v1.1.0	NT=vertebrates;VV=v1.1.0	NT=clinical-metadata;VV=v1.0.0	manual curation	NEFH-tTA	4 week
C6b	Mus musculus	cerebral cortex	not applicable	tissue	normal	adult	female	B6C3F1	non-transgenic	6 week	2	180508_P21478_Proj2_TMT2_CTX11-20_QE2_fraction9-TMT130N	proteomic profiling by mass spectrometry	NT=Q Exactive;AC=MS:1001911	TMT130N	NT=TMT6plex;AC=UNIMOD:737;TA=K;MT=Fixed	NT=TMT6plex;AC=UNIMOD:737;PP=Peptide N-term;MT=Fixed	NT=Carbamidomethyl;AC=UNIMOD:4;TA=C;MT=Fixed	NT=Oxidation;AC=UNIMOD:35;TA=M;MT=Variable	NT=Trypsin;AC=MS:1001251	NT=Data-dependent acquisition;AC=PRIDE:0000627	NT=beam-type collision-induced dissociation;AC=MS:1000422	35 NCE	not available	not available	12	1	180508_P21478_Proj2_TMT2_CTX11-20_QE2_fraction9.raw	v1.1.0	NT=ms-proteomics;VV=v1.1.0	NT=vertebrates;VV=v1.1.0	NT=clinical-metadata;VV=v1.0.0	manual curation	non-transgenic	6 week
C6+RECb	Mus musculus	cerebral cortex	not applicable	tissue	normal	adult	female	B6C3F1	NEFH-tTA	6 week + recovery	2	180508_P21478_Proj2_TMT2_CTX11-20_QE2_fraction9-TMT130C	proteomic profiling by mass spectrometry	NT=Q Exactive;AC=MS:1001911	TMT130C	NT=TMT6plex;AC=UNIMOD:737;TA=K;MT=Fixed	NT=TMT6plex;AC=UNIMOD:737;PP=Peptide N-term;MT=Fixed	NT=Carbamidomethyl;AC=UNIMOD:4;TA=C;MT=Fixed	NT=Oxidation;AC=UNIMOD:35;TA=M;MT=Variable	NT=Trypsin;AC=MS:1001251	NT=Data-dependent acquisition;AC=PRIDE:0000627	NT=beam-type collision-induced dissociation;AC=MS:1000422	35 NCE	not available	not available	12	1	180508_P21478_Proj2_TMT2_CTX11-20_QE2_fraction9.raw	v1.1.0	NT=ms-proteomics;VV=v1.1.0	NT=vertebrates;VV=v1.1.0	NT=clinical-metadata;VV=v1.0.0	manual curation	NEFH-tTA	6 week + recovery
pooled_control_reference_TMT2_CTX11-20	Mus musculus	cerebral cortex	not applicable	tissue	normal	adult	female	B6C3F1	not applicable	not applicable	pooled	180508_P21478_Proj2_TMT2_CTX11-20_QE2_fraction9-TMT131	proteomic profiling by mass spectrometry	NT=Q Exactive;AC=MS:1001911	TMT131	NT=TMT6plex;AC=UNIMOD:737;TA=K;MT=Fixed	NT=TMT6plex;AC=UNIMOD:737;PP=Peptide N-term;MT=Fixed	NT=Carbamidomethyl;AC=UNIMOD:4;TA=C;MT=Fixed	NT=Oxidation;AC=UNIMOD:35;TA=M;MT=Variable	NT=Trypsin;AC=MS:1001251	NT=Data-dependent acquisition;AC=PRIDE:0000627	NT=beam-type collision-induced dissociation;AC=MS:1000422	35 NCE	not available	not available	12	1	180508_P21478_Proj2_TMT2_CTX11-20_QE2_fraction9.raw	v1.1.0	NT=ms-proteomics;VV=v1.1.0	NT=vertebrates;VV=v1.1.0	NT=clinical-metadata;VV=v1.0.0	manual curation	not applicable	not applicable
D1b	Mus musculus	cerebral cortex	not applicable	tissue	amyotrophic lateral sclerosis	adult	female	B6C3F1	rNLS8 (NEFH-tTA x tetO-hTDP-43-dNLS)	1 week	2	180508_P21478_Proj2_TMT2_CTX11-20_QE2_fraction_-1-TMT126	proteomic profiling by mass spectrometry	NT=Q Exactive;AC=MS:1001911	TMT126	NT=TMT6plex;AC=UNIMOD:737;TA=K;MT=Fixed	NT=TMT6plex;AC=UNIMOD:737;PP=Peptide N-term;MT=Fixed	NT=Carbamidomethyl;AC=UNIMOD:4;TA=C;MT=Fixed	NT=Oxidation;AC=UNIMOD:35;TA=M;MT=Variable	NT=Trypsin;AC=MS:1001251	NT=Data-dependent acquisition;AC=PRIDE:0000627	NT=beam-type collision-induced dissociation;AC=MS:1000422	35 NCE	not available	not available	3	1	180508_P21478_Proj2_TMT2_CTX11-20_QE2_fraction_-1.raw	v1.1.0	NT=ms-proteomics;VV=v1.1.0	NT=vertebrates;VV=v1.1.0	NT=clinical-metadata;VV=v1.0.0	manual curation	rNLS8 (NEFH-tTA x tetO-hTDP-43-dNLS)	1 week
D2b	Mus musculus	cerebral cortex	not applicable	tissue	amyotrophic lateral sclerosis	adult	female	B6C3F1	rNLS8 (NEFH-tTA x tetO-hTDP-43-dNLS)	2 week	2	180508_P21478_Proj2_TMT2_CTX11-20_QE2_fraction_-1-TMT127N	proteomic profiling by mass spectrometry	NT=Q Exactive;AC=MS:1001911	TMT127N	NT=TMT6plex;AC=UNIMOD:737;TA=K;MT=Fixed	NT=TMT6plex;AC=UNIMOD:737;PP=Peptide N-term;MT=Fixed	NT=Carbamidomethyl;AC=UNIMOD:4;TA=C;MT=Fixed	NT=Oxidation;AC=UNIMOD:35;TA=M;MT=Variable	NT=Trypsin;AC=MS:1001251	NT=Data-dependent acquisition;AC=PRIDE:0000627	NT=beam-type collision-induced dissociation;AC=MS:1000422	35 NCE	not available	not available	3	1	180508_P21478_Proj2_TMT2_CTX11-20_QE2_fraction_-1.raw	v1.1.0	NT=ms-proteomics;VV=v1.1.0	NT=vertebrates;VV=v1.1.0	NT=clinical-metadata;VV=v1.0.0	manual curation	rNLS8 (NEFH-tTA x tetO-hTDP-43-dNLS)	2 week
D4b	Mus musculus	cerebral cortex	not applicable	tissue	amyotrophic lateral sclerosis	adult	female	B6C3F1	rNLS8 (NEFH-tTA x tetO-hTDP-43-dNLS)	4 week	2	180508_P21478_Proj2_TMT2_CTX11-20_QE2_fraction_-1-TMT127C	proteomic profiling by mass spectrometry	NT=Q Exactive;AC=MS:1001911	TMT127C	NT=TMT6plex;AC=UNIMOD:737;TA=K;MT=Fixed	NT=TMT6plex;AC=UNIMOD:737;PP=Peptide N-term;MT=Fixed	NT=Carbamidomethyl;AC=UNIMOD:4;TA=C;MT=Fixed	NT=Oxidation;AC=UNIMOD:35;TA=M;MT=Variable	NT=Trypsin;AC=MS:1001251	NT=Data-dependent acquisition;AC=PRIDE:0000627	NT=beam-type collision-induced dissociation;AC=MS:1000422	35 NCE	not available	not available	3	1	180508_P21478_Proj2_TMT2_CTX11-20_QE2_fraction_-1.raw	v1.1.0	NT=ms-proteomics;VV=v1.1.0	NT=vertebrates;VV=v1.1.0	NT=clinical-metadata;VV=v1.0.0	manual curation	rNLS8 (NEFH-tTA x tetO-hTDP-43-dNLS)	4 week
D6b	Mus musculus	cerebral cortex	not applicable	tissue	amyotrophic lateral sclerosis	adult	female	B6C3F1	rNLS8 (NEFH-tTA x tetO-hTDP-43-dNLS)	6 week	2	180508_P21478_Proj2_TMT2_CTX11-20_QE2_fraction_-1-TMT128N	proteomic profiling by mass spectrometry	NT=Q Exactive;AC=MS:1001911	TMT128N	NT=TMT6plex;AC=UNIMOD:737;TA=K;MT=Fixed	NT=TMT6plex;AC=UNIMOD:737;PP=Peptide N-term;MT=Fixed	NT=Carbamidomethyl;AC=UNIMOD:4;TA=C;MT=Fixed	NT=Oxidation;AC=UNIMOD:35;TA=M;MT=Variable	NT=Trypsin;AC=MS:1001251	NT=Data-dependent acquisition;AC=PRIDE:0000627	NT=beam-type collision-induced dissociation;AC=MS:1000422	35 NCE	not available	not available	3	1	180508_P21478_Proj2_TMT2_CTX11-20_QE2_fraction_-1.raw	v1.1.0	NT=ms-proteomics;VV=v1.1.0	NT=vertebrates;VV=v1.1.0	NT=clinical-metadata;VV=v1.0.0	manual curation	rNLS8 (NEFH-tTA x tetO-hTDP-43-dNLS)	6 week
D6+RECb	Mus musculus	cerebral cortex	not applicable	tissue	amyotrophic lateral sclerosis	adult	female	B6C3F1	rNLS8 (NEFH-tTA x tetO-hTDP-43-dNLS)	6 week + recovery	2	180508_P21478_Proj2_TMT2_CTX11-20_QE2_fraction_-1-TMT128C	proteomic profiling by mass spectrometry	NT=Q Exactive;AC=MS:1001911	TMT128C	NT=TMT6plex;AC=UNIMOD:737;TA=K;MT=Fixed	NT=TMT6plex;AC=UNIMOD:737;PP=Peptide N-term;MT=Fixed	NT=Carbamidomethyl;AC=UNIMOD:4;TA=C;MT=Fixed	NT=Oxidation;AC=UNIMOD:35;TA=M;MT=Variable	NT=Trypsin;AC=MS:1001251	NT=Data-dependent acquisition;AC=PRIDE:0000627	NT=beam-type collision-induced dissociation;AC=MS:1000422	35 NCE	not available	not available	3	1	180508_P21478_Proj2_TMT2_CTX11-20_QE2_fraction_-1.raw	v1.1.0	NT=ms-proteomics;VV=v1.1.0	NT=vertebrates;VV=v1.1.0	NT=clinical-metadata;VV=v1.0.0	manual curation	rNLS8 (NEFH-tTA x tetO-hTDP-43-dNLS)	6 week + recovery
C1b	Mus musculus	cerebral cortex	not applicable	tissue	normal	adult	female	B6C3F1	non-transgenic	1 week	2	180508_P21478_Proj2_TMT2_CTX11-20_QE2_fraction_-1-TMT129N	proteomic profiling by mass spectrometry	NT=Q Exactive;AC=MS:1001911	TMT129N	NT=TMT6plex;AC=UNIMOD:737;TA=K;MT=Fixed	NT=TMT6plex;AC=UNIMOD:737;PP=Peptide N-term;MT=Fixed	NT=Carbamidomethyl;AC=UNIMOD:4;TA=C;MT=Fixed	NT=Oxidation;AC=UNIMOD:35;TA=M;MT=Variable	NT=Trypsin;AC=MS:1001251	NT=Data-dependent acquisition;AC=PRIDE:0000627	NT=beam-type collision-induced dissociation;AC=MS:1000422	35 NCE	not available	not available	3	1	180508_P21478_Proj2_TMT2_CTX11-20_QE2_fraction_-1.raw	v1.1.0	NT=ms-proteomics;VV=v1.1.0	NT=vertebrates;VV=v1.1.0	NT=clinical-metadata;VV=v1.0.0	manual curation	non-transgenic	1 week
C4b	Mus musculus	cerebral cortex	not applicable	tissue	normal	adult	female	B6C3F1	NEFH-tTA	4 week	2	180508_P21478_Proj2_TMT2_CTX11-20_QE2_fraction_-1-TMT129C	proteomic profiling by mass spectrometry	NT=Q Exactive;AC=MS:1001911	TMT129C	NT=TMT6plex;AC=UNIMOD:737;TA=K;MT=Fixed	NT=TMT6plex;AC=UNIMOD:737;PP=Peptide N-term;MT=Fixed	NT=Carbamidomethyl;AC=UNIMOD:4;TA=C;MT=Fixed	NT=Oxidation;AC=UNIMOD:35;TA=M;MT=Variable	NT=Trypsin;AC=MS:1001251	NT=Data-dependent acquisition;AC=PRIDE:0000627	NT=beam-type collision-induced dissociation;AC=MS:1000422	35 NCE	not available	not available	3	1	180508_P21478_Proj2_TMT2_CTX11-20_QE2_fraction_-1.raw	v1.1.0	NT=ms-proteomics;VV=v1.1.0	NT=vertebrates;VV=v1.1.0	NT=clinical-metadata;VV=v1.0.0	manual curation	NEFH-tTA	4 week
C6b	Mus musculus	cerebral cortex	not applicable	tissue	normal	adult	female	B6C3F1	non-transgenic	6 week	2	180508_P21478_Proj2_TMT2_CTX11-20_QE2_fraction_-1-TMT130N	proteomic profiling by mass spectrometry	NT=Q Exactive;AC=MS:1001911	TMT130N	NT=TMT6plex;AC=UNIMOD:737;TA=K;MT=Fixed	NT=TMT6plex;AC=UNIMOD:737;PP=Peptide N-term;MT=Fixed	NT=Carbamidomethyl;AC=UNIMOD:4;TA=C;MT=Fixed	NT=Oxidation;AC=UNIMOD:35;TA=M;MT=Variable	NT=Trypsin;AC=MS:1001251	NT=Data-dependent acquisition;AC=PRIDE:0000627	NT=beam-type collision-induced dissociation;AC=MS:1000422	35 NCE	not available	not available	3	1	180508_P21478_Proj2_TMT2_CTX11-20_QE2_fraction_-1.raw	v1.1.0	NT=ms-proteomics;VV=v1.1.0	NT=vertebrates;VV=v1.1.0	NT=clinical-metadata;VV=v1.0.0	manual curation	non-transgenic	6 week
C6+RECb	Mus musculus	cerebral cortex	not applicable	tissue	normal	adult	female	B6C3F1	NEFH-tTA	6 week + recovery	2	180508_P21478_Proj2_TMT2_CTX11-20_QE2_fraction_-1-TMT130C	proteomic profiling by mass spectrometry	NT=Q Exactive;AC=MS:1001911	TMT130C	NT=TMT6plex;AC=UNIMOD:737;TA=K;MT=Fixed	NT=TMT6plex;AC=UNIMOD:737;PP=Peptide N-term;MT=Fixed	NT=Carbamidomethyl;AC=UNIMOD:4;TA=C;MT=Fixed	NT=Oxidation;AC=UNIMOD:35;TA=M;MT=Variable	NT=Trypsin;AC=MS:1001251	NT=Data-dependent acquisition;AC=PRIDE:0000627	NT=beam-type collision-induced dissociation;AC=MS:1000422	35 NCE	not available	not available	3	1	180508_P21478_Proj2_TMT2_CTX11-20_QE2_fraction_-1.raw	v1.1.0	NT=ms-proteomics;VV=v1.1.0	NT=vertebrates;VV=v1.1.0	NT=clinical-metadata;VV=v1.0.0	manual curation	NEFH-tTA	6 week + recovery
pooled_control_reference_TMT2_CTX11-20	Mus musculus	cerebral cortex	not applicable	tissue	normal	adult	female	B6C3F1	not applicable	not applicable	pooled	180508_P21478_Proj2_TMT2_CTX11-20_QE2_fraction_-1-TMT131	proteomic profiling by mass spectrometry	NT=Q Exactive;AC=MS:1001911	TMT131	NT=TMT6plex;AC=UNIMOD:737;TA=K;MT=Fixed	NT=TMT6plex;AC=UNIMOD:737;PP=Peptide N-term;MT=Fixed	NT=Carbamidomethyl;AC=UNIMOD:4;TA=C;MT=Fixed	NT=Oxidation;AC=UNIMOD:35;TA=M;MT=Variable	NT=Trypsin;AC=MS:1001251	NT=Data-dependent acquisition;AC=PRIDE:0000627	NT=beam-type collision-induced dissociation;AC=MS:1000422	35 NCE	not available	not available	3	1	180508_P21478_Proj2_TMT2_CTX11-20_QE2_fraction_-1.raw	v1.1.0	NT=ms-proteomics;VV=v1.1.0	NT=vertebrates;VV=v1.1.0	NT=clinical-metadata;VV=v1.0.0	manual curation	not applicable	not applicable
D1b	Mus musculus	cerebral cortex	not applicable	tissue	amyotrophic lateral sclerosis	adult	female	B6C3F1	rNLS8 (NEFH-tTA x tetO-hTDP-43-dNLS)	1 week	2	180508_P21478_Proj2_TMT2_CTX11-20_QE2_fraction_-2-TMT126	proteomic profiling by mass spectrometry	NT=Q Exactive;AC=MS:1001911	TMT126	NT=TMT6plex;AC=UNIMOD:737;TA=K;MT=Fixed	NT=TMT6plex;AC=UNIMOD:737;PP=Peptide N-term;MT=Fixed	NT=Carbamidomethyl;AC=UNIMOD:4;TA=C;MT=Fixed	NT=Oxidation;AC=UNIMOD:35;TA=M;MT=Variable	NT=Trypsin;AC=MS:1001251	NT=Data-dependent acquisition;AC=PRIDE:0000627	NT=beam-type collision-induced dissociation;AC=MS:1000422	35 NCE	not available	not available	2	1	180508_P21478_Proj2_TMT2_CTX11-20_QE2_fraction_-2.raw	v1.1.0	NT=ms-proteomics;VV=v1.1.0	NT=vertebrates;VV=v1.1.0	NT=clinical-metadata;VV=v1.0.0	manual curation	rNLS8 (NEFH-tTA x tetO-hTDP-43-dNLS)	1 week
D2b	Mus musculus	cerebral cortex	not applicable	tissue	amyotrophic lateral sclerosis	adult	female	B6C3F1	rNLS8 (NEFH-tTA x tetO-hTDP-43-dNLS)	2 week	2	180508_P21478_Proj2_TMT2_CTX11-20_QE2_fraction_-2-TMT127N	proteomic profiling by mass spectrometry	NT=Q Exactive;AC=MS:1001911	TMT127N	NT=TMT6plex;AC=UNIMOD:737;TA=K;MT=Fixed	NT=TMT6plex;AC=UNIMOD:737;PP=Peptide N-term;MT=Fixed	NT=Carbamidomethyl;AC=UNIMOD:4;TA=C;MT=Fixed	NT=Oxidation;AC=UNIMOD:35;TA=M;MT=Variable	NT=Trypsin;AC=MS:1001251	NT=Data-dependent acquisition;AC=PRIDE:0000627	NT=beam-type collision-induced dissociation;AC=MS:1000422	35 NCE	not available	not available	2	1	180508_P21478_Proj2_TMT2_CTX11-20_QE2_fraction_-2.raw	v1.1.0	NT=ms-proteomics;VV=v1.1.0	NT=vertebrates;VV=v1.1.0	NT=clinical-metadata;VV=v1.0.0	manual curation	rNLS8 (NEFH-tTA x tetO-hTDP-43-dNLS)	2 week
D4b	Mus musculus	cerebral cortex	not applicable	tissue	amyotrophic lateral sclerosis	adult	female	B6C3F1	rNLS8 (NEFH-tTA x tetO-hTDP-43-dNLS)	4 week	2	180508_P21478_Proj2_TMT2_CTX11-20_QE2_fraction_-2-TMT127C	proteomic profiling by mass spectrometry	NT=Q Exactive;AC=MS:1001911	TMT127C	NT=TMT6plex;AC=UNIMOD:737;TA=K;MT=Fixed	NT=TMT6plex;AC=UNIMOD:737;PP=Peptide N-term;MT=Fixed	NT=Carbamidomethyl;AC=UNIMOD:4;TA=C;MT=Fixed	NT=Oxidation;AC=UNIMOD:35;TA=M;MT=Variable	NT=Trypsin;AC=MS:1001251	NT=Data-dependent acquisition;AC=PRIDE:0000627	NT=beam-type collision-induced dissociation;AC=MS:1000422	35 NCE	not available	not available	2	1	180508_P21478_Proj2_TMT2_CTX11-20_QE2_fraction_-2.raw	v1.1.0	NT=ms-proteomics;VV=v1.1.0	NT=vertebrates;VV=v1.1.0	NT=clinical-metadata;VV=v1.0.0	manual curation	rNLS8 (NEFH-tTA x tetO-hTDP-43-dNLS)	4 week
D6b	Mus musculus	cerebral cortex	not applicable	tissue	amyotrophic lateral sclerosis	adult	female	B6C3F1	rNLS8 (NEFH-tTA x tetO-hTDP-43-dNLS)	6 week	2	180508_P21478_Proj2_TMT2_CTX11-20_QE2_fraction_-2-TMT128N	proteomic profiling by mass spectrometry	NT=Q Exactive;AC=MS:1001911	TMT128N	NT=TMT6plex;AC=UNIMOD:737;TA=K;MT=Fixed	NT=TMT6plex;AC=UNIMOD:737;PP=Peptide N-term;MT=Fixed	NT=Carbamidomethyl;AC=UNIMOD:4;TA=C;MT=Fixed	NT=Oxidation;AC=UNIMOD:35;TA=M;MT=Variable	NT=Trypsin;AC=MS:1001251	NT=Data-dependent acquisition;AC=PRIDE:0000627	NT=beam-type collision-induced dissociation;AC=MS:1000422	35 NCE	not available	not available	2	1	180508_P21478_Proj2_TMT2_CTX11-20_QE2_fraction_-2.raw	v1.1.0	NT=ms-proteomics;VV=v1.1.0	NT=vertebrates;VV=v1.1.0	NT=clinical-metadata;VV=v1.0.0	manual curation	rNLS8 (NEFH-tTA x tetO-hTDP-43-dNLS)	6 week
D6+RECb	Mus musculus	cerebral cortex	not applicable	tissue	amyotrophic lateral sclerosis	adult	female	B6C3F1	rNLS8 (NEFH-tTA x tetO-hTDP-43-dNLS)	6 week + recovery	2	180508_P21478_Proj2_TMT2_CTX11-20_QE2_fraction_-2-TMT128C	proteomic profiling by mass spectrometry	NT=Q Exactive;AC=MS:1001911	TMT128C	NT=TMT6plex;AC=UNIMOD:737;TA=K;MT=Fixed	NT=TMT6plex;AC=UNIMOD:737;PP=Peptide N-term;MT=Fixed	NT=Carbamidomethyl;AC=UNIMOD:4;TA=C;MT=Fixed	NT=Oxidation;AC=UNIMOD:35;TA=M;MT=Variable	NT=Trypsin;AC=MS:1001251	NT=Data-dependent acquisition;AC=PRIDE:0000627	NT=beam-type collision-induced dissociation;AC=MS:1000422	35 NCE	not available	not available	2	1	180508_P21478_Proj2_TMT2_CTX11-20_QE2_fraction_-2.raw	v1.1.0	NT=ms-proteomics;VV=v1.1.0	NT=vertebrates;VV=v1.1.0	NT=clinical-metadata;VV=v1.0.0	manual curation	rNLS8 (NEFH-tTA x tetO-hTDP-43-dNLS)	6 week + recovery
C1b	Mus musculus	cerebral cortex	not applicable	tissue	normal	adult	female	B6C3F1	non-transgenic	1 week	2	180508_P21478_Proj2_TMT2_CTX11-20_QE2_fraction_-2-TMT129N	proteomic profiling by mass spectrometry	NT=Q Exactive;AC=MS:1001911	TMT129N	NT=TMT6plex;AC=UNIMOD:737;TA=K;MT=Fixed	NT=TMT6plex;AC=UNIMOD:737;PP=Peptide N-term;MT=Fixed	NT=Carbamidomethyl;AC=UNIMOD:4;TA=C;MT=Fixed	NT=Oxidation;AC=UNIMOD:35;TA=M;MT=Variable	NT=Trypsin;AC=MS:1001251	NT=Data-dependent acquisition;AC=PRIDE:0000627	NT=beam-type collision-induced dissociation;AC=MS:1000422	35 NCE	not available	not available	2	1	180508_P21478_Proj2_TMT2_CTX11-20_QE2_fraction_-2.raw	v1.1.0	NT=ms-proteomics;VV=v1.1.0	NT=vertebrates;VV=v1.1.0	NT=clinical-metadata;VV=v1.0.0	manual curation	non-transgenic	1 week
C4b	Mus musculus	cerebral cortex	not applicable	tissue	normal	adult	female	B6C3F1	NEFH-tTA	4 week	2	180508_P21478_Proj2_TMT2_CTX11-20_QE2_fraction_-2-TMT129C	proteomic profiling by mass spectrometry	NT=Q Exactive;AC=MS:1001911	TMT129C	NT=TMT6plex;AC=UNIMOD:737;TA=K;MT=Fixed	NT=TMT6plex;AC=UNIMOD:737;PP=Peptide N-term;MT=Fixed	NT=Carbamidomethyl;AC=UNIMOD:4;TA=C;MT=Fixed	NT=Oxidation;AC=UNIMOD:35;TA=M;MT=Variable	NT=Trypsin;AC=MS:1001251	NT=Data-dependent acquisition;AC=PRIDE:0000627	NT=beam-type collision-induced dissociation;AC=MS:1000422	35 NCE	not available	not available	2	1	180508_P21478_Proj2_TMT2_CTX11-20_QE2_fraction_-2.raw	v1.1.0	NT=ms-proteomics;VV=v1.1.0	NT=vertebrates;VV=v1.1.0	NT=clinical-metadata;VV=v1.0.0	manual curation	NEFH-tTA	4 week
C6b	Mus musculus	cerebral cortex	not applicable	tissue	normal	adult	female	B6C3F1	non-transgenic	6 week	2	180508_P21478_Proj2_TMT2_CTX11-20_QE2_fraction_-2-TMT130N	proteomic profiling by mass spectrometry	NT=Q Exactive;AC=MS:1001911	TMT130N	NT=TMT6plex;AC=UNIMOD:737;TA=K;MT=Fixed	NT=TMT6plex;AC=UNIMOD:737;PP=Peptide N-term;MT=Fixed	NT=Carbamidomethyl;AC=UNIMOD:4;TA=C;MT=Fixed	NT=Oxidation;AC=UNIMOD:35;TA=M;MT=Variable	NT=Trypsin;AC=MS:1001251	NT=Data-dependent acquisition;AC=PRIDE:0000627	NT=beam-type collision-induced dissociation;AC=MS:1000422	35 NCE	not available	not available	2	1	180508_P21478_Proj2_TMT2_CTX11-20_QE2_fraction_-2.raw	v1.1.0	NT=ms-proteomics;VV=v1.1.0	NT=vertebrates;VV=v1.1.0	NT=clinical-metadata;VV=v1.0.0	manual curation	non-transgenic	6 week
C6+RECb	Mus musculus	cerebral cortex	not applicable	tissue	normal	adult	female	B6C3F1	NEFH-tTA	6 week + recovery	2	180508_P21478_Proj2_TMT2_CTX11-20_QE2_fraction_-2-TMT130C	proteomic profiling by mass spectrometry	NT=Q Exactive;AC=MS:1001911	TMT130C	NT=TMT6plex;AC=UNIMOD:737;TA=K;MT=Fixed	NT=TMT6plex;AC=UNIMOD:737;PP=Peptide N-term;MT=Fixed	NT=Carbamidomethyl;AC=UNIMOD:4;TA=C;MT=Fixed	NT=Oxidation;AC=UNIMOD:35;TA=M;MT=Variable	NT=Trypsin;AC=MS:1001251	NT=Data-dependent acquisition;AC=PRIDE:0000627	NT=beam-type collision-induced dissociation;AC=MS:1000422	35 NCE	not available	not available	2	1	180508_P21478_Proj2_TMT2_CTX11-20_QE2_fraction_-2.raw	v1.1.0	NT=ms-proteomics;VV=v1.1.0	NT=vertebrates;VV=v1.1.0	NT=clinical-metadata;VV=v1.0.0	manual curation	NEFH-tTA	6 week + recovery
pooled_control_reference_TMT2_CTX11-20	Mus musculus	cerebral cortex	not applicable	tissue	normal	adult	female	B6C3F1	not applicable	not applicable	pooled	180508_P21478_Proj2_TMT2_CTX11-20_QE2_fraction_-2-TMT131	proteomic profiling by mass spectrometry	NT=Q Exactive;AC=MS:1001911	TMT131	NT=TMT6plex;AC=UNIMOD:737;TA=K;MT=Fixed	NT=TMT6plex;AC=UNIMOD:737;PP=Peptide N-term;MT=Fixed	NT=Carbamidomethyl;AC=UNIMOD:4;TA=C;MT=Fixed	NT=Oxidation;AC=UNIMOD:35;TA=M;MT=Variable	NT=Trypsin;AC=MS:1001251	NT=Data-dependent acquisition;AC=PRIDE:0000627	NT=beam-type collision-induced dissociation;AC=MS:1000422	35 NCE	not available	not available	2	1	180508_P21478_Proj2_TMT2_CTX11-20_QE2_fraction_-2.raw	v1.1.0	NT=ms-proteomics;VV=v1.1.0	NT=vertebrates;VV=v1.1.0	NT=clinical-metadata;VV=v1.0.0	manual curation	not applicable	not applicable
D1b	Mus musculus	cerebral cortex	not applicable	tissue	amyotrophic lateral sclerosis	adult	female	B6C3F1	rNLS8 (NEFH-tTA x tetO-hTDP-43-dNLS)	1 week	2	180508_P21478_Proj2_TMT2_CTX11-20_QE2_fraction_-3-TMT126	proteomic profiling by mass spectrometry	NT=Q Exactive;AC=MS:1001911	TMT126	NT=TMT6plex;AC=UNIMOD:737;TA=K;MT=Fixed	NT=TMT6plex;AC=UNIMOD:737;PP=Peptide N-term;MT=Fixed	NT=Carbamidomethyl;AC=UNIMOD:4;TA=C;MT=Fixed	NT=Oxidation;AC=UNIMOD:35;TA=M;MT=Variable	NT=Trypsin;AC=MS:1001251	NT=Data-dependent acquisition;AC=PRIDE:0000627	NT=beam-type collision-induced dissociation;AC=MS:1000422	35 NCE	not available	not available	1	1	180508_P21478_Proj2_TMT2_CTX11-20_QE2_fraction_-3.raw	v1.1.0	NT=ms-proteomics;VV=v1.1.0	NT=vertebrates;VV=v1.1.0	NT=clinical-metadata;VV=v1.0.0	manual curation	rNLS8 (NEFH-tTA x tetO-hTDP-43-dNLS)	1 week
D2b	Mus musculus	cerebral cortex	not applicable	tissue	amyotrophic lateral sclerosis	adult	female	B6C3F1	rNLS8 (NEFH-tTA x tetO-hTDP-43-dNLS)	2 week	2	180508_P21478_Proj2_TMT2_CTX11-20_QE2_fraction_-3-TMT127N	proteomic profiling by mass spectrometry	NT=Q Exactive;AC=MS:1001911	TMT127N	NT=TMT6plex;AC=UNIMOD:737;TA=K;MT=Fixed	NT=TMT6plex;AC=UNIMOD:737;PP=Peptide N-term;MT=Fixed	NT=Carbamidomethyl;AC=UNIMOD:4;TA=C;MT=Fixed	NT=Oxidation;AC=UNIMOD:35;TA=M;MT=Variable	NT=Trypsin;AC=MS:1001251	NT=Data-dependent acquisition;AC=PRIDE:0000627	NT=beam-type collision-induced dissociation;AC=MS:1000422	35 NCE	not available	not available	1	1	180508_P21478_Proj2_TMT2_CTX11-20_QE2_fraction_-3.raw	v1.1.0	NT=ms-proteomics;VV=v1.1.0	NT=vertebrates;VV=v1.1.0	NT=clinical-metadata;VV=v1.0.0	manual curation	rNLS8 (NEFH-tTA x tetO-hTDP-43-dNLS)	2 week
D4b	Mus musculus	cerebral cortex	not applicable	tissue	amyotrophic lateral sclerosis	adult	female	B6C3F1	rNLS8 (NEFH-tTA x tetO-hTDP-43-dNLS)	4 week	2	180508_P21478_Proj2_TMT2_CTX11-20_QE2_fraction_-3-TMT127C	proteomic profiling by mass spectrometry	NT=Q Exactive;AC=MS:1001911	TMT127C	NT=TMT6plex;AC=UNIMOD:737;TA=K;MT=Fixed	NT=TMT6plex;AC=UNIMOD:737;PP=Peptide N-term;MT=Fixed	NT=Carbamidomethyl;AC=UNIMOD:4;TA=C;MT=Fixed	NT=Oxidation;AC=UNIMOD:35;TA=M;MT=Variable	NT=Trypsin;AC=MS:1001251	NT=Data-dependent acquisition;AC=PRIDE:0000627	NT=beam-type collision-induced dissociation;AC=MS:1000422	35 NCE	not available	not available	1	1	180508_P21478_Proj2_TMT2_CTX11-20_QE2_fraction_-3.raw	v1.1.0	NT=ms-proteomics;VV=v1.1.0	NT=vertebrates;VV=v1.1.0	NT=clinical-metadata;VV=v1.0.0	manual curation	rNLS8 (NEFH-tTA x tetO-hTDP-43-dNLS)	4 week
D6b	Mus musculus	cerebral cortex	not applicable	tissue	amyotrophic lateral sclerosis	adult	female	B6C3F1	rNLS8 (NEFH-tTA x tetO-hTDP-43-dNLS)	6 week	2	180508_P21478_Proj2_TMT2_CTX11-20_QE2_fraction_-3-TMT128N	proteomic profiling by mass spectrometry	NT=Q Exactive;AC=MS:1001911	TMT128N	NT=TMT6plex;AC=UNIMOD:737;TA=K;MT=Fixed	NT=TMT6plex;AC=UNIMOD:737;PP=Peptide N-term;MT=Fixed	NT=Carbamidomethyl;AC=UNIMOD:4;TA=C;MT=Fixed	NT=Oxidation;AC=UNIMOD:35;TA=M;MT=Variable	NT=Trypsin;AC=MS:1001251	NT=Data-dependent acquisition;AC=PRIDE:0000627	NT=beam-type collision-induced dissociation;AC=MS:1000422	35 NCE	not available	not available	1	1	180508_P21478_Proj2_TMT2_CTX11-20_QE2_fraction_-3.raw	v1.1.0	NT=ms-proteomics;VV=v1.1.0	NT=vertebrates;VV=v1.1.0	NT=clinical-metadata;VV=v1.0.0	manual curation	rNLS8 (NEFH-tTA x tetO-hTDP-43-dNLS)	6 week
D6+RECb	Mus musculus	cerebral cortex	not applicable	tissue	amyotrophic lateral sclerosis	adult	female	B6C3F1	rNLS8 (NEFH-tTA x tetO-hTDP-43-dNLS)	6 week + recovery	2	180508_P21478_Proj2_TMT2_CTX11-20_QE2_fraction_-3-TMT128C	proteomic profiling by mass spectrometry	NT=Q Exactive;AC=MS:1001911	TMT128C	NT=TMT6plex;AC=UNIMOD:737;TA=K;MT=Fixed	NT=TMT6plex;AC=UNIMOD:737;PP=Peptide N-term;MT=Fixed	NT=Carbamidomethyl;AC=UNIMOD:4;TA=C;MT=Fixed	NT=Oxidation;AC=UNIMOD:35;TA=M;MT=Variable	NT=Trypsin;AC=MS:1001251	NT=Data-dependent acquisition;AC=PRIDE:0000627	NT=beam-type collision-induced dissociation;AC=MS:1000422	35 NCE	not available	not available	1	1	180508_P21478_Proj2_TMT2_CTX11-20_QE2_fraction_-3.raw	v1.1.0	NT=ms-proteomics;VV=v1.1.0	NT=vertebrates;VV=v1.1.0	NT=clinical-metadata;VV=v1.0.0	manual curation	rNLS8 (NEFH-tTA x tetO-hTDP-43-dNLS)	6 week + recovery
C1b	Mus musculus	cerebral cortex	not applicable	tissue	normal	adult	female	B6C3F1	non-transgenic	1 week	2	180508_P21478_Proj2_TMT2_CTX11-20_QE2_fraction_-3-TMT129N	proteomic profiling by mass spectrometry	NT=Q Exactive;AC=MS:1001911	TMT129N	NT=TMT6plex;AC=UNIMOD:737;TA=K;MT=Fixed	NT=TMT6plex;AC=UNIMOD:737;PP=Peptide N-term;MT=Fixed	NT=Carbamidomethyl;AC=UNIMOD:4;TA=C;MT=Fixed	NT=Oxidation;AC=UNIMOD:35;TA=M;MT=Variable	NT=Trypsin;AC=MS:1001251	NT=Data-dependent acquisition;AC=PRIDE:0000627	NT=beam-type collision-induced dissociation;AC=MS:1000422	35 NCE	not available	not available	1	1	180508_P21478_Proj2_TMT2_CTX11-20_QE2_fraction_-3.raw	v1.1.0	NT=ms-proteomics;VV=v1.1.0	NT=vertebrates;VV=v1.1.0	NT=clinical-metadata;VV=v1.0.0	manual curation	non-transgenic	1 week
C4b	Mus musculus	cerebral cortex	not applicable	tissue	normal	adult	female	B6C3F1	NEFH-tTA	4 week	2	180508_P21478_Proj2_TMT2_CTX11-20_QE2_fraction_-3-TMT129C	proteomic profiling by mass spectrometry	NT=Q Exactive;AC=MS:1001911	TMT129C	NT=TMT6plex;AC=UNIMOD:737;TA=K;MT=Fixed	NT=TMT6plex;AC=UNIMOD:737;PP=Peptide N-term;MT=Fixed	NT=Carbamidomethyl;AC=UNIMOD:4;TA=C;MT=Fixed	NT=Oxidation;AC=UNIMOD:35;TA=M;MT=Variable	NT=Trypsin;AC=MS:1001251	NT=Data-dependent acquisition;AC=PRIDE:0000627	NT=beam-type collision-induced dissociation;AC=MS:1000422	35 NCE	not available	not available	1	1	180508_P21478_Proj2_TMT2_CTX11-20_QE2_fraction_-3.raw	v1.1.0	NT=ms-proteomics;VV=v1.1.0	NT=vertebrates;VV=v1.1.0	NT=clinical-metadata;VV=v1.0.0	manual curation	NEFH-tTA	4 week
C6b	Mus musculus	cerebral cortex	not applicable	tissue	normal	adult	female	B6C3F1	non-transgenic	6 week	2	180508_P21478_Proj2_TMT2_CTX11-20_QE2_fraction_-3-TMT130N	proteomic profiling by mass spectrometry	NT=Q Exactive;AC=MS:1001911	TMT130N	NT=TMT6plex;AC=UNIMOD:737;TA=K;MT=Fixed	NT=TMT6plex;AC=UNIMOD:737;PP=Peptide N-term;MT=Fixed	NT=Carbamidomethyl;AC=UNIMOD:4;TA=C;MT=Fixed	NT=Oxidation;AC=UNIMOD:35;TA=M;MT=Variable	NT=Trypsin;AC=MS:1001251	NT=Data-dependent acquisition;AC=PRIDE:0000627	NT=beam-type collision-induced dissociation;AC=MS:1000422	35 NCE	not available	not available	1	1	180508_P21478_Proj2_TMT2_CTX11-20_QE2_fraction_-3.raw	v1.1.0	NT=ms-proteomics;VV=v1.1.0	NT=vertebrates;VV=v1.1.0	NT=clinical-metadata;VV=v1.0.0	manual curation	non-transgenic	6 week
C6+RECb	Mus musculus	cerebral cortex	not applicable	tissue	normal	adult	female	B6C3F1	NEFH-tTA	6 week + recovery	2	180508_P21478_Proj2_TMT2_CTX11-20_QE2_fraction_-3-TMT130C	proteomic profiling by mass spectrometry	NT=Q Exactive;AC=MS:1001911	TMT130C	NT=TMT6plex;AC=UNIMOD:737;TA=K;MT=Fixed	NT=TMT6plex;AC=UNIMOD:737;PP=Peptide N-term;MT=Fixed	NT=Carbamidomethyl;AC=UNIMOD:4;TA=C;MT=Fixed	NT=Oxidation;AC=UNIMOD:35;TA=M;MT=Variable	NT=Trypsin;AC=MS:1001251	NT=Data-dependent acquisition;AC=PRIDE:0000627	NT=beam-type collision-induced dissociation;AC=MS:1000422	35 NCE	not available	not available	1	1	180508_P21478_Proj2_TMT2_CTX11-20_QE2_fraction_-3.raw	v1.1.0	NT=ms-proteomics;VV=v1.1.0	NT=vertebrates;VV=v1.1.0	NT=clinical-metadata;VV=v1.0.0	manual curation	NEFH-tTA	6 week + recovery
pooled_control_reference_TMT2_CTX11-20	Mus musculus	cerebral cortex	not applicable	tissue	normal	adult	female	B6C3F1	not applicable	not applicable	pooled	180508_P21478_Proj2_TMT2_CTX11-20_QE2_fraction_-3-TMT131	proteomic profiling by mass spectrometry	NT=Q Exactive;AC=MS:1001911	TMT131	NT=TMT6plex;AC=UNIMOD:737;TA=K;MT=Fixed	NT=TMT6plex;AC=UNIMOD:737;PP=Peptide N-term;MT=Fixed	NT=Carbamidomethyl;AC=UNIMOD:4;TA=C;MT=Fixed	NT=Oxidation;AC=UNIMOD:35;TA=M;MT=Variable	NT=Trypsin;AC=MS:1001251	NT=Data-dependent acquisition;AC=PRIDE:0000627	NT=beam-type collision-induced dissociation;AC=MS:1000422	35 NCE	not available	not available	1	1	180508_P21478_Proj2_TMT2_CTX11-20_QE2_fraction_-3.raw	v1.1.0	NT=ms-proteomics;VV=v1.1.0	NT=vertebrates;VV=v1.1.0	NT=clinical-metadata;VV=v1.0.0	manual curation	not applicable	not applicable
D1c	Mus musculus	cerebral cortex	not applicable	tissue	amyotrophic lateral sclerosis	adult	female	B6C3F1	rNLS8 (NEFH-tTA x tetO-hTDP-43-dNLS)	1 week	3	180514_P21478_Proj2_TMT3_CTX21-30_QE2_fraction1-TMT126	proteomic profiling by mass spectrometry	NT=Q Exactive;AC=MS:1001911	TMT126	NT=TMT6plex;AC=UNIMOD:737;TA=K;MT=Fixed	NT=TMT6plex;AC=UNIMOD:737;PP=Peptide N-term;MT=Fixed	NT=Carbamidomethyl;AC=UNIMOD:4;TA=C;MT=Fixed	NT=Oxidation;AC=UNIMOD:35;TA=M;MT=Variable	NT=Trypsin;AC=MS:1001251	NT=Data-dependent acquisition;AC=PRIDE:0000627	NT=beam-type collision-induced dissociation;AC=MS:1000422	35 NCE	not available	not available	4	1	180514_P21478_Proj2_TMT3_CTX21-30_QE2_fraction1.raw	v1.1.0	NT=ms-proteomics;VV=v1.1.0	NT=vertebrates;VV=v1.1.0	NT=clinical-metadata;VV=v1.0.0	manual curation	rNLS8 (NEFH-tTA x tetO-hTDP-43-dNLS)	1 week
D2c	Mus musculus	cerebral cortex	not applicable	tissue	amyotrophic lateral sclerosis	adult	female	B6C3F1	rNLS8 (NEFH-tTA x tetO-hTDP-43-dNLS)	2 week	3	180514_P21478_Proj2_TMT3_CTX21-30_QE2_fraction1-TMT127N	proteomic profiling by mass spectrometry	NT=Q Exactive;AC=MS:1001911	TMT127N	NT=TMT6plex;AC=UNIMOD:737;TA=K;MT=Fixed	NT=TMT6plex;AC=UNIMOD:737;PP=Peptide N-term;MT=Fixed	NT=Carbamidomethyl;AC=UNIMOD:4;TA=C;MT=Fixed	NT=Oxidation;AC=UNIMOD:35;TA=M;MT=Variable	NT=Trypsin;AC=MS:1001251	NT=Data-dependent acquisition;AC=PRIDE:0000627	NT=beam-type collision-induced dissociation;AC=MS:1000422	35 NCE	not available	not available	4	1	180514_P21478_Proj2_TMT3_CTX21-30_QE2_fraction1.raw	v1.1.0	NT=ms-proteomics;VV=v1.1.0	NT=vertebrates;VV=v1.1.0	NT=clinical-metadata;VV=v1.0.0	manual curation	rNLS8 (NEFH-tTA x tetO-hTDP-43-dNLS)	2 week
D4c	Mus musculus	cerebral cortex	not applicable	tissue	amyotrophic lateral sclerosis	adult	female	B6C3F1	rNLS8 (NEFH-tTA x tetO-hTDP-43-dNLS)	4 week	3	180514_P21478_Proj2_TMT3_CTX21-30_QE2_fraction1-TMT127C	proteomic profiling by mass spectrometry	NT=Q Exactive;AC=MS:1001911	TMT127C	NT=TMT6plex;AC=UNIMOD:737;TA=K;MT=Fixed	NT=TMT6plex;AC=UNIMOD:737;PP=Peptide N-term;MT=Fixed	NT=Carbamidomethyl;AC=UNIMOD:4;TA=C;MT=Fixed	NT=Oxidation;AC=UNIMOD:35;TA=M;MT=Variable	NT=Trypsin;AC=MS:1001251	NT=Data-dependent acquisition;AC=PRIDE:0000627	NT=beam-type collision-induced dissociation;AC=MS:1000422	35 NCE	not available	not available	4	1	180514_P21478_Proj2_TMT3_CTX21-30_QE2_fraction1.raw	v1.1.0	NT=ms-proteomics;VV=v1.1.0	NT=vertebrates;VV=v1.1.0	NT=clinical-metadata;VV=v1.0.0	manual curation	rNLS8 (NEFH-tTA x tetO-hTDP-43-dNLS)	4 week
D6c	Mus musculus	cerebral cortex	not applicable	tissue	amyotrophic lateral sclerosis	adult	female	B6C3F1	rNLS8 (NEFH-tTA x tetO-hTDP-43-dNLS)	6 week	3	180514_P21478_Proj2_TMT3_CTX21-30_QE2_fraction1-TMT128N	proteomic profiling by mass spectrometry	NT=Q Exactive;AC=MS:1001911	TMT128N	NT=TMT6plex;AC=UNIMOD:737;TA=K;MT=Fixed	NT=TMT6plex;AC=UNIMOD:737;PP=Peptide N-term;MT=Fixed	NT=Carbamidomethyl;AC=UNIMOD:4;TA=C;MT=Fixed	NT=Oxidation;AC=UNIMOD:35;TA=M;MT=Variable	NT=Trypsin;AC=MS:1001251	NT=Data-dependent acquisition;AC=PRIDE:0000627	NT=beam-type collision-induced dissociation;AC=MS:1000422	35 NCE	not available	not available	4	1	180514_P21478_Proj2_TMT3_CTX21-30_QE2_fraction1.raw	v1.1.0	NT=ms-proteomics;VV=v1.1.0	NT=vertebrates;VV=v1.1.0	NT=clinical-metadata;VV=v1.0.0	manual curation	rNLS8 (NEFH-tTA x tetO-hTDP-43-dNLS)	6 week
D6+RECc	Mus musculus	cerebral cortex	not applicable	tissue	amyotrophic lateral sclerosis	adult	female	B6C3F1	rNLS8 (NEFH-tTA x tetO-hTDP-43-dNLS)	6 week + recovery	3	180514_P21478_Proj2_TMT3_CTX21-30_QE2_fraction1-TMT128C	proteomic profiling by mass spectrometry	NT=Q Exactive;AC=MS:1001911	TMT128C	NT=TMT6plex;AC=UNIMOD:737;TA=K;MT=Fixed	NT=TMT6plex;AC=UNIMOD:737;PP=Peptide N-term;MT=Fixed	NT=Carbamidomethyl;AC=UNIMOD:4;TA=C;MT=Fixed	NT=Oxidation;AC=UNIMOD:35;TA=M;MT=Variable	NT=Trypsin;AC=MS:1001251	NT=Data-dependent acquisition;AC=PRIDE:0000627	NT=beam-type collision-induced dissociation;AC=MS:1000422	35 NCE	not available	not available	4	1	180514_P21478_Proj2_TMT3_CTX21-30_QE2_fraction1.raw	v1.1.0	NT=ms-proteomics;VV=v1.1.0	NT=vertebrates;VV=v1.1.0	NT=clinical-metadata;VV=v1.0.0	manual curation	rNLS8 (NEFH-tTA x tetO-hTDP-43-dNLS)	6 week + recovery
C1c	Mus musculus	cerebral cortex	not applicable	tissue	normal	adult	female	B6C3F1	tetO-hTDP-43-dNLS	1 week	3	180514_P21478_Proj2_TMT3_CTX21-30_QE2_fraction1-TMT129N	proteomic profiling by mass spectrometry	NT=Q Exactive;AC=MS:1001911	TMT129N	NT=TMT6plex;AC=UNIMOD:737;TA=K;MT=Fixed	NT=TMT6plex;AC=UNIMOD:737;PP=Peptide N-term;MT=Fixed	NT=Carbamidomethyl;AC=UNIMOD:4;TA=C;MT=Fixed	NT=Oxidation;AC=UNIMOD:35;TA=M;MT=Variable	NT=Trypsin;AC=MS:1001251	NT=Data-dependent acquisition;AC=PRIDE:0000627	NT=beam-type collision-induced dissociation;AC=MS:1000422	35 NCE	not available	not available	4	1	180514_P21478_Proj2_TMT3_CTX21-30_QE2_fraction1.raw	v1.1.0	NT=ms-proteomics;VV=v1.1.0	NT=vertebrates;VV=v1.1.0	NT=clinical-metadata;VV=v1.0.0	manual curation	tetO-hTDP-43-dNLS	1 week
C4c	Mus musculus	cerebral cortex	not applicable	tissue	normal	adult	female	B6C3F1	non-transgenic	4 week	3	180514_P21478_Proj2_TMT3_CTX21-30_QE2_fraction1-TMT129C	proteomic profiling by mass spectrometry	NT=Q Exactive;AC=MS:1001911	TMT129C	NT=TMT6plex;AC=UNIMOD:737;TA=K;MT=Fixed	NT=TMT6plex;AC=UNIMOD:737;PP=Peptide N-term;MT=Fixed	NT=Carbamidomethyl;AC=UNIMOD:4;TA=C;MT=Fixed	NT=Oxidation;AC=UNIMOD:35;TA=M;MT=Variable	NT=Trypsin;AC=MS:1001251	NT=Data-dependent acquisition;AC=PRIDE:0000627	NT=beam-type collision-induced dissociation;AC=MS:1000422	35 NCE	not available	not available	4	1	180514_P21478_Proj2_TMT3_CTX21-30_QE2_fraction1.raw	v1.1.0	NT=ms-proteomics;VV=v1.1.0	NT=vertebrates;VV=v1.1.0	NT=clinical-metadata;VV=v1.0.0	manual curation	non-transgenic	4 week
C6c	Mus musculus	cerebral cortex	not applicable	tissue	normal	adult	female	B6C3F1	non-transgenic	6 week	3	180514_P21478_Proj2_TMT3_CTX21-30_QE2_fraction1-TMT130N	proteomic profiling by mass spectrometry	NT=Q Exactive;AC=MS:1001911	TMT130N	NT=TMT6plex;AC=UNIMOD:737;TA=K;MT=Fixed	NT=TMT6plex;AC=UNIMOD:737;PP=Peptide N-term;MT=Fixed	NT=Carbamidomethyl;AC=UNIMOD:4;TA=C;MT=Fixed	NT=Oxidation;AC=UNIMOD:35;TA=M;MT=Variable	NT=Trypsin;AC=MS:1001251	NT=Data-dependent acquisition;AC=PRIDE:0000627	NT=beam-type collision-induced dissociation;AC=MS:1000422	35 NCE	not available	not available	4	1	180514_P21478_Proj2_TMT3_CTX21-30_QE2_fraction1.raw	v1.1.0	NT=ms-proteomics;VV=v1.1.0	NT=vertebrates;VV=v1.1.0	NT=clinical-metadata;VV=v1.0.0	manual curation	non-transgenic	6 week
C6+RECc	Mus musculus	cerebral cortex	not applicable	tissue	normal	adult	female	B6C3F1	NEFH-tTA	6 week + recovery	3	180514_P21478_Proj2_TMT3_CTX21-30_QE2_fraction1-TMT130C	proteomic profiling by mass spectrometry	NT=Q Exactive;AC=MS:1001911	TMT130C	NT=TMT6plex;AC=UNIMOD:737;TA=K;MT=Fixed	NT=TMT6plex;AC=UNIMOD:737;PP=Peptide N-term;MT=Fixed	NT=Carbamidomethyl;AC=UNIMOD:4;TA=C;MT=Fixed	NT=Oxidation;AC=UNIMOD:35;TA=M;MT=Variable	NT=Trypsin;AC=MS:1001251	NT=Data-dependent acquisition;AC=PRIDE:0000627	NT=beam-type collision-induced dissociation;AC=MS:1000422	35 NCE	not available	not available	4	1	180514_P21478_Proj2_TMT3_CTX21-30_QE2_fraction1.raw	v1.1.0	NT=ms-proteomics;VV=v1.1.0	NT=vertebrates;VV=v1.1.0	NT=clinical-metadata;VV=v1.0.0	manual curation	NEFH-tTA	6 week + recovery
pooled_control_reference_TMT3_CTX21-30	Mus musculus	cerebral cortex	not applicable	tissue	normal	adult	female	B6C3F1	not applicable	not applicable	pooled	180514_P21478_Proj2_TMT3_CTX21-30_QE2_fraction1-TMT131	proteomic profiling by mass spectrometry	NT=Q Exactive;AC=MS:1001911	TMT131	NT=TMT6plex;AC=UNIMOD:737;TA=K;MT=Fixed	NT=TMT6plex;AC=UNIMOD:737;PP=Peptide N-term;MT=Fixed	NT=Carbamidomethyl;AC=UNIMOD:4;TA=C;MT=Fixed	NT=Oxidation;AC=UNIMOD:35;TA=M;MT=Variable	NT=Trypsin;AC=MS:1001251	NT=Data-dependent acquisition;AC=PRIDE:0000627	NT=beam-type collision-induced dissociation;AC=MS:1000422	35 NCE	not available	not available	4	1	180514_P21478_Proj2_TMT3_CTX21-30_QE2_fraction1.raw	v1.1.0	NT=ms-proteomics;VV=v1.1.0	NT=vertebrates;VV=v1.1.0	NT=clinical-metadata;VV=v1.0.0	manual curation	not applicable	not applicable
D1c	Mus musculus	cerebral cortex	not applicable	tissue	amyotrophic lateral sclerosis	adult	female	B6C3F1	rNLS8 (NEFH-tTA x tetO-hTDP-43-dNLS)	1 week	3	180514_P21478_Proj2_TMT3_CTX21-30_QE2_fraction10-TMT126	proteomic profiling by mass spectrometry	NT=Q Exactive;AC=MS:1001911	TMT126	NT=TMT6plex;AC=UNIMOD:737;TA=K;MT=Fixed	NT=TMT6plex;AC=UNIMOD:737;PP=Peptide N-term;MT=Fixed	NT=Carbamidomethyl;AC=UNIMOD:4;TA=C;MT=Fixed	NT=Oxidation;AC=UNIMOD:35;TA=M;MT=Variable	NT=Trypsin;AC=MS:1001251	NT=Data-dependent acquisition;AC=PRIDE:0000627	NT=beam-type collision-induced dissociation;AC=MS:1000422	35 NCE	not available	not available	13	1	180514_P21478_Proj2_TMT3_CTX21-30_QE2_fraction10.raw	v1.1.0	NT=ms-proteomics;VV=v1.1.0	NT=vertebrates;VV=v1.1.0	NT=clinical-metadata;VV=v1.0.0	manual curation	rNLS8 (NEFH-tTA x tetO-hTDP-43-dNLS)	1 week
D2c	Mus musculus	cerebral cortex	not applicable	tissue	amyotrophic lateral sclerosis	adult	female	B6C3F1	rNLS8 (NEFH-tTA x tetO-hTDP-43-dNLS)	2 week	3	180514_P21478_Proj2_TMT3_CTX21-30_QE2_fraction10-TMT127N	proteomic profiling by mass spectrometry	NT=Q Exactive;AC=MS:1001911	TMT127N	NT=TMT6plex;AC=UNIMOD:737;TA=K;MT=Fixed	NT=TMT6plex;AC=UNIMOD:737;PP=Peptide N-term;MT=Fixed	NT=Carbamidomethyl;AC=UNIMOD:4;TA=C;MT=Fixed	NT=Oxidation;AC=UNIMOD:35;TA=M;MT=Variable	NT=Trypsin;AC=MS:1001251	NT=Data-dependent acquisition;AC=PRIDE:0000627	NT=beam-type collision-induced dissociation;AC=MS:1000422	35 NCE	not available	not available	13	1	180514_P21478_Proj2_TMT3_CTX21-30_QE2_fraction10.raw	v1.1.0	NT=ms-proteomics;VV=v1.1.0	NT=vertebrates;VV=v1.1.0	NT=clinical-metadata;VV=v1.0.0	manual curation	rNLS8 (NEFH-tTA x tetO-hTDP-43-dNLS)	2 week
D4c	Mus musculus	cerebral cortex	not applicable	tissue	amyotrophic lateral sclerosis	adult	female	B6C3F1	rNLS8 (NEFH-tTA x tetO-hTDP-43-dNLS)	4 week	3	180514_P21478_Proj2_TMT3_CTX21-30_QE2_fraction10-TMT127C	proteomic profiling by mass spectrometry	NT=Q Exactive;AC=MS:1001911	TMT127C	NT=TMT6plex;AC=UNIMOD:737;TA=K;MT=Fixed	NT=TMT6plex;AC=UNIMOD:737;PP=Peptide N-term;MT=Fixed	NT=Carbamidomethyl;AC=UNIMOD:4;TA=C;MT=Fixed	NT=Oxidation;AC=UNIMOD:35;TA=M;MT=Variable	NT=Trypsin;AC=MS:1001251	NT=Data-dependent acquisition;AC=PRIDE:0000627	NT=beam-type collision-induced dissociation;AC=MS:1000422	35 NCE	not available	not available	13	1	180514_P21478_Proj2_TMT3_CTX21-30_QE2_fraction10.raw	v1.1.0	NT=ms-proteomics;VV=v1.1.0	NT=vertebrates;VV=v1.1.0	NT=clinical-metadata;VV=v1.0.0	manual curation	rNLS8 (NEFH-tTA x tetO-hTDP-43-dNLS)	4 week
D6c	Mus musculus	cerebral cortex	not applicable	tissue	amyotrophic lateral sclerosis	adult	female	B6C3F1	rNLS8 (NEFH-tTA x tetO-hTDP-43-dNLS)	6 week	3	180514_P21478_Proj2_TMT3_CTX21-30_QE2_fraction10-TMT128N	proteomic profiling by mass spectrometry	NT=Q Exactive;AC=MS:1001911	TMT128N	NT=TMT6plex;AC=UNIMOD:737;TA=K;MT=Fixed	NT=TMT6plex;AC=UNIMOD:737;PP=Peptide N-term;MT=Fixed	NT=Carbamidomethyl;AC=UNIMOD:4;TA=C;MT=Fixed	NT=Oxidation;AC=UNIMOD:35;TA=M;MT=Variable	NT=Trypsin;AC=MS:1001251	NT=Data-dependent acquisition;AC=PRIDE:0000627	NT=beam-type collision-induced dissociation;AC=MS:1000422	35 NCE	not available	not available	13	1	180514_P21478_Proj2_TMT3_CTX21-30_QE2_fraction10.raw	v1.1.0	NT=ms-proteomics;VV=v1.1.0	NT=vertebrates;VV=v1.1.0	NT=clinical-metadata;VV=v1.0.0	manual curation	rNLS8 (NEFH-tTA x tetO-hTDP-43-dNLS)	6 week
D6+RECc	Mus musculus	cerebral cortex	not applicable	tissue	amyotrophic lateral sclerosis	adult	female	B6C3F1	rNLS8 (NEFH-tTA x tetO-hTDP-43-dNLS)	6 week + recovery	3	180514_P21478_Proj2_TMT3_CTX21-30_QE2_fraction10-TMT128C	proteomic profiling by mass spectrometry	NT=Q Exactive;AC=MS:1001911	TMT128C	NT=TMT6plex;AC=UNIMOD:737;TA=K;MT=Fixed	NT=TMT6plex;AC=UNIMOD:737;PP=Peptide N-term;MT=Fixed	NT=Carbamidomethyl;AC=UNIMOD:4;TA=C;MT=Fixed	NT=Oxidation;AC=UNIMOD:35;TA=M;MT=Variable	NT=Trypsin;AC=MS:1001251	NT=Data-dependent acquisition;AC=PRIDE:0000627	NT=beam-type collision-induced dissociation;AC=MS:1000422	35 NCE	not available	not available	13	1	180514_P21478_Proj2_TMT3_CTX21-30_QE2_fraction10.raw	v1.1.0	NT=ms-proteomics;VV=v1.1.0	NT=vertebrates;VV=v1.1.0	NT=clinical-metadata;VV=v1.0.0	manual curation	rNLS8 (NEFH-tTA x tetO-hTDP-43-dNLS)	6 week + recovery
C1c	Mus musculus	cerebral cortex	not applicable	tissue	normal	adult	female	B6C3F1	tetO-hTDP-43-dNLS	1 week	3	180514_P21478_Proj2_TMT3_CTX21-30_QE2_fraction10-TMT129N	proteomic profiling by mass spectrometry	NT=Q Exactive;AC=MS:1001911	TMT129N	NT=TMT6plex;AC=UNIMOD:737;TA=K;MT=Fixed	NT=TMT6plex;AC=UNIMOD:737;PP=Peptide N-term;MT=Fixed	NT=Carbamidomethyl;AC=UNIMOD:4;TA=C;MT=Fixed	NT=Oxidation;AC=UNIMOD:35;TA=M;MT=Variable	NT=Trypsin;AC=MS:1001251	NT=Data-dependent acquisition;AC=PRIDE:0000627	NT=beam-type collision-induced dissociation;AC=MS:1000422	35 NCE	not available	not available	13	1	180514_P21478_Proj2_TMT3_CTX21-30_QE2_fraction10.raw	v1.1.0	NT=ms-proteomics;VV=v1.1.0	NT=vertebrates;VV=v1.1.0	NT=clinical-metadata;VV=v1.0.0	manual curation	tetO-hTDP-43-dNLS	1 week
C4c	Mus musculus	cerebral cortex	not applicable	tissue	normal	adult	female	B6C3F1	non-transgenic	4 week	3	180514_P21478_Proj2_TMT3_CTX21-30_QE2_fraction10-TMT129C	proteomic profiling by mass spectrometry	NT=Q Exactive;AC=MS:1001911	TMT129C	NT=TMT6plex;AC=UNIMOD:737;TA=K;MT=Fixed	NT=TMT6plex;AC=UNIMOD:737;PP=Peptide N-term;MT=Fixed	NT=Carbamidomethyl;AC=UNIMOD:4;TA=C;MT=Fixed	NT=Oxidation;AC=UNIMOD:35;TA=M;MT=Variable	NT=Trypsin;AC=MS:1001251	NT=Data-dependent acquisition;AC=PRIDE:0000627	NT=beam-type collision-induced dissociation;AC=MS:1000422	35 NCE	not available	not available	13	1	180514_P21478_Proj2_TMT3_CTX21-30_QE2_fraction10.raw	v1.1.0	NT=ms-proteomics;VV=v1.1.0	NT=vertebrates;VV=v1.1.0	NT=clinical-metadata;VV=v1.0.0	manual curation	non-transgenic	4 week
C6c	Mus musculus	cerebral cortex	not applicable	tissue	normal	adult	female	B6C3F1	non-transgenic	6 week	3	180514_P21478_Proj2_TMT3_CTX21-30_QE2_fraction10-TMT130N	proteomic profiling by mass spectrometry	NT=Q Exactive;AC=MS:1001911	TMT130N	NT=TMT6plex;AC=UNIMOD:737;TA=K;MT=Fixed	NT=TMT6plex;AC=UNIMOD:737;PP=Peptide N-term;MT=Fixed	NT=Carbamidomethyl;AC=UNIMOD:4;TA=C;MT=Fixed	NT=Oxidation;AC=UNIMOD:35;TA=M;MT=Variable	NT=Trypsin;AC=MS:1001251	NT=Data-dependent acquisition;AC=PRIDE:0000627	NT=beam-type collision-induced dissociation;AC=MS:1000422	35 NCE	not available	not available	13	1	180514_P21478_Proj2_TMT3_CTX21-30_QE2_fraction10.raw	v1.1.0	NT=ms-proteomics;VV=v1.1.0	NT=vertebrates;VV=v1.1.0	NT=clinical-metadata;VV=v1.0.0	manual curation	non-transgenic	6 week
C6+RECc	Mus musculus	cerebral cortex	not applicable	tissue	normal	adult	female	B6C3F1	NEFH-tTA	6 week + recovery	3	180514_P21478_Proj2_TMT3_CTX21-30_QE2_fraction10-TMT130C	proteomic profiling by mass spectrometry	NT=Q Exactive;AC=MS:1001911	TMT130C	NT=TMT6plex;AC=UNIMOD:737;TA=K;MT=Fixed	NT=TMT6plex;AC=UNIMOD:737;PP=Peptide N-term;MT=Fixed	NT=Carbamidomethyl;AC=UNIMOD:4;TA=C;MT=Fixed	NT=Oxidation;AC=UNIMOD:35;TA=M;MT=Variable	NT=Trypsin;AC=MS:1001251	NT=Data-dependent acquisition;AC=PRIDE:0000627	NT=beam-type collision-induced dissociation;AC=MS:1000422	35 NCE	not available	not available	13	1	180514_P21478_Proj2_TMT3_CTX21-30_QE2_fraction10.raw	v1.1.0	NT=ms-proteomics;VV=v1.1.0	NT=vertebrates;VV=v1.1.0	NT=clinical-metadata;VV=v1.0.0	manual curation	NEFH-tTA	6 week + recovery
pooled_control_reference_TMT3_CTX21-30	Mus musculus	cerebral cortex	not applicable	tissue	normal	adult	female	B6C3F1	not applicable	not applicable	pooled	180514_P21478_Proj2_TMT3_CTX21-30_QE2_fraction10-TMT131	proteomic profiling by mass spectrometry	NT=Q Exactive;AC=MS:1001911	TMT131	NT=TMT6plex;AC=UNIMOD:737;TA=K;MT=Fixed	NT=TMT6plex;AC=UNIMOD:737;PP=Peptide N-term;MT=Fixed	NT=Carbamidomethyl;AC=UNIMOD:4;TA=C;MT=Fixed	NT=Oxidation;AC=UNIMOD:35;TA=M;MT=Variable	NT=Trypsin;AC=MS:1001251	NT=Data-dependent acquisition;AC=PRIDE:0000627	NT=beam-type collision-induced dissociation;AC=MS:1000422	35 NCE	not available	not available	13	1	180514_P21478_Proj2_TMT3_CTX21-30_QE2_fraction10.raw	v1.1.0	NT=ms-proteomics;VV=v1.1.0	NT=vertebrates;VV=v1.1.0	NT=clinical-metadata;VV=v1.0.0	manual curation	not applicable	not applicable
D1c	Mus musculus	cerebral cortex	not applicable	tissue	amyotrophic lateral sclerosis	adult	female	B6C3F1	rNLS8 (NEFH-tTA x tetO-hTDP-43-dNLS)	1 week	3	180514_P21478_Proj2_TMT3_CTX21-30_QE2_fraction11-TMT126	proteomic profiling by mass spectrometry	NT=Q Exactive;AC=MS:1001911	TMT126	NT=TMT6plex;AC=UNIMOD:737;TA=K;MT=Fixed	NT=TMT6plex;AC=UNIMOD:737;PP=Peptide N-term;MT=Fixed	NT=Carbamidomethyl;AC=UNIMOD:4;TA=C;MT=Fixed	NT=Oxidation;AC=UNIMOD:35;TA=M;MT=Variable	NT=Trypsin;AC=MS:1001251	NT=Data-dependent acquisition;AC=PRIDE:0000627	NT=beam-type collision-induced dissociation;AC=MS:1000422	35 NCE	not available	not available	14	1	180514_P21478_Proj2_TMT3_CTX21-30_QE2_fraction11.raw	v1.1.0	NT=ms-proteomics;VV=v1.1.0	NT=vertebrates;VV=v1.1.0	NT=clinical-metadata;VV=v1.0.0	manual curation	rNLS8 (NEFH-tTA x tetO-hTDP-43-dNLS)	1 week
D2c	Mus musculus	cerebral cortex	not applicable	tissue	amyotrophic lateral sclerosis	adult	female	B6C3F1	rNLS8 (NEFH-tTA x tetO-hTDP-43-dNLS)	2 week	3	180514_P21478_Proj2_TMT3_CTX21-30_QE2_fraction11-TMT127N	proteomic profiling by mass spectrometry	NT=Q Exactive;AC=MS:1001911	TMT127N	NT=TMT6plex;AC=UNIMOD:737;TA=K;MT=Fixed	NT=TMT6plex;AC=UNIMOD:737;PP=Peptide N-term;MT=Fixed	NT=Carbamidomethyl;AC=UNIMOD:4;TA=C;MT=Fixed	NT=Oxidation;AC=UNIMOD:35;TA=M;MT=Variable	NT=Trypsin;AC=MS:1001251	NT=Data-dependent acquisition;AC=PRIDE:0000627	NT=beam-type collision-induced dissociation;AC=MS:1000422	35 NCE	not available	not available	14	1	180514_P21478_Proj2_TMT3_CTX21-30_QE2_fraction11.raw	v1.1.0	NT=ms-proteomics;VV=v1.1.0	NT=vertebrates;VV=v1.1.0	NT=clinical-metadata;VV=v1.0.0	manual curation	rNLS8 (NEFH-tTA x tetO-hTDP-43-dNLS)	2 week
D4c	Mus musculus	cerebral cortex	not applicable	tissue	amyotrophic lateral sclerosis	adult	female	B6C3F1	rNLS8 (NEFH-tTA x tetO-hTDP-43-dNLS)	4 week	3	180514_P21478_Proj2_TMT3_CTX21-30_QE2_fraction11-TMT127C	proteomic profiling by mass spectrometry	NT=Q Exactive;AC=MS:1001911	TMT127C	NT=TMT6plex;AC=UNIMOD:737;TA=K;MT=Fixed	NT=TMT6plex;AC=UNIMOD:737;PP=Peptide N-term;MT=Fixed	NT=Carbamidomethyl;AC=UNIMOD:4;TA=C;MT=Fixed	NT=Oxidation;AC=UNIMOD:35;TA=M;MT=Variable	NT=Trypsin;AC=MS:1001251	NT=Data-dependent acquisition;AC=PRIDE:0000627	NT=beam-type collision-induced dissociation;AC=MS:1000422	35 NCE	not available	not available	14	1	180514_P21478_Proj2_TMT3_CTX21-30_QE2_fraction11.raw	v1.1.0	NT=ms-proteomics;VV=v1.1.0	NT=vertebrates;VV=v1.1.0	NT=clinical-metadata;VV=v1.0.0	manual curation	rNLS8 (NEFH-tTA x tetO-hTDP-43-dNLS)	4 week
D6c	Mus musculus	cerebral cortex	not applicable	tissue	amyotrophic lateral sclerosis	adult	female	B6C3F1	rNLS8 (NEFH-tTA x tetO-hTDP-43-dNLS)	6 week	3	180514_P21478_Proj2_TMT3_CTX21-30_QE2_fraction11-TMT128N	proteomic profiling by mass spectrometry	NT=Q Exactive;AC=MS:1001911	TMT128N	NT=TMT6plex;AC=UNIMOD:737;TA=K;MT=Fixed	NT=TMT6plex;AC=UNIMOD:737;PP=Peptide N-term;MT=Fixed	NT=Carbamidomethyl;AC=UNIMOD:4;TA=C;MT=Fixed	NT=Oxidation;AC=UNIMOD:35;TA=M;MT=Variable	NT=Trypsin;AC=MS:1001251	NT=Data-dependent acquisition;AC=PRIDE:0000627	NT=beam-type collision-induced dissociation;AC=MS:1000422	35 NCE	not available	not available	14	1	180514_P21478_Proj2_TMT3_CTX21-30_QE2_fraction11.raw	v1.1.0	NT=ms-proteomics;VV=v1.1.0	NT=vertebrates;VV=v1.1.0	NT=clinical-metadata;VV=v1.0.0	manual curation	rNLS8 (NEFH-tTA x tetO-hTDP-43-dNLS)	6 week
D6+RECc	Mus musculus	cerebral cortex	not applicable	tissue	amyotrophic lateral sclerosis	adult	female	B6C3F1	rNLS8 (NEFH-tTA x tetO-hTDP-43-dNLS)	6 week + recovery	3	180514_P21478_Proj2_TMT3_CTX21-30_QE2_fraction11-TMT128C	proteomic profiling by mass spectrometry	NT=Q Exactive;AC=MS:1001911	TMT128C	NT=TMT6plex;AC=UNIMOD:737;TA=K;MT=Fixed	NT=TMT6plex;AC=UNIMOD:737;PP=Peptide N-term;MT=Fixed	NT=Carbamidomethyl;AC=UNIMOD:4;TA=C;MT=Fixed	NT=Oxidation;AC=UNIMOD:35;TA=M;MT=Variable	NT=Trypsin;AC=MS:1001251	NT=Data-dependent acquisition;AC=PRIDE:0000627	NT=beam-type collision-induced dissociation;AC=MS:1000422	35 NCE	not available	not available	14	1	180514_P21478_Proj2_TMT3_CTX21-30_QE2_fraction11.raw	v1.1.0	NT=ms-proteomics;VV=v1.1.0	NT=vertebrates;VV=v1.1.0	NT=clinical-metadata;VV=v1.0.0	manual curation	rNLS8 (NEFH-tTA x tetO-hTDP-43-dNLS)	6 week + recovery
C1c	Mus musculus	cerebral cortex	not applicable	tissue	normal	adult	female	B6C3F1	tetO-hTDP-43-dNLS	1 week	3	180514_P21478_Proj2_TMT3_CTX21-30_QE2_fraction11-TMT129N	proteomic profiling by mass spectrometry	NT=Q Exactive;AC=MS:1001911	TMT129N	NT=TMT6plex;AC=UNIMOD:737;TA=K;MT=Fixed	NT=TMT6plex;AC=UNIMOD:737;PP=Peptide N-term;MT=Fixed	NT=Carbamidomethyl;AC=UNIMOD:4;TA=C;MT=Fixed	NT=Oxidation;AC=UNIMOD:35;TA=M;MT=Variable	NT=Trypsin;AC=MS:1001251	NT=Data-dependent acquisition;AC=PRIDE:0000627	NT=beam-type collision-induced dissociation;AC=MS:1000422	35 NCE	not available	not available	14	1	180514_P21478_Proj2_TMT3_CTX21-30_QE2_fraction11.raw	v1.1.0	NT=ms-proteomics;VV=v1.1.0	NT=vertebrates;VV=v1.1.0	NT=clinical-metadata;VV=v1.0.0	manual curation	tetO-hTDP-43-dNLS	1 week
C4c	Mus musculus	cerebral cortex	not applicable	tissue	normal	adult	female	B6C3F1	non-transgenic	4 week	3	180514_P21478_Proj2_TMT3_CTX21-30_QE2_fraction11-TMT129C	proteomic profiling by mass spectrometry	NT=Q Exactive;AC=MS:1001911	TMT129C	NT=TMT6plex;AC=UNIMOD:737;TA=K;MT=Fixed	NT=TMT6plex;AC=UNIMOD:737;PP=Peptide N-term;MT=Fixed	NT=Carbamidomethyl;AC=UNIMOD:4;TA=C;MT=Fixed	NT=Oxidation;AC=UNIMOD:35;TA=M;MT=Variable	NT=Trypsin;AC=MS:1001251	NT=Data-dependent acquisition;AC=PRIDE:0000627	NT=beam-type collision-induced dissociation;AC=MS:1000422	35 NCE	not available	not available	14	1	180514_P21478_Proj2_TMT3_CTX21-30_QE2_fraction11.raw	v1.1.0	NT=ms-proteomics;VV=v1.1.0	NT=vertebrates;VV=v1.1.0	NT=clinical-metadata;VV=v1.0.0	manual curation	non-transgenic	4 week
C6c	Mus musculus	cerebral cortex	not applicable	tissue	normal	adult	female	B6C3F1	non-transgenic	6 week	3	180514_P21478_Proj2_TMT3_CTX21-30_QE2_fraction11-TMT130N	proteomic profiling by mass spectrometry	NT=Q Exactive;AC=MS:1001911	TMT130N	NT=TMT6plex;AC=UNIMOD:737;TA=K;MT=Fixed	NT=TMT6plex;AC=UNIMOD:737;PP=Peptide N-term;MT=Fixed	NT=Carbamidomethyl;AC=UNIMOD:4;TA=C;MT=Fixed	NT=Oxidation;AC=UNIMOD:35;TA=M;MT=Variable	NT=Trypsin;AC=MS:1001251	NT=Data-dependent acquisition;AC=PRIDE:0000627	NT=beam-type collision-induced dissociation;AC=MS:1000422	35 NCE	not available	not available	14	1	180514_P21478_Proj2_TMT3_CTX21-30_QE2_fraction11.raw	v1.1.0	NT=ms-proteomics;VV=v1.1.0	NT=vertebrates;VV=v1.1.0	NT=clinical-metadata;VV=v1.0.0	manual curation	non-transgenic	6 week
C6+RECc	Mus musculus	cerebral cortex	not applicable	tissue	normal	adult	female	B6C3F1	NEFH-tTA	6 week + recovery	3	180514_P21478_Proj2_TMT3_CTX21-30_QE2_fraction11-TMT130C	proteomic profiling by mass spectrometry	NT=Q Exactive;AC=MS:1001911	TMT130C	NT=TMT6plex;AC=UNIMOD:737;TA=K;MT=Fixed	NT=TMT6plex;AC=UNIMOD:737;PP=Peptide N-term;MT=Fixed	NT=Carbamidomethyl;AC=UNIMOD:4;TA=C;MT=Fixed	NT=Oxidation;AC=UNIMOD:35;TA=M;MT=Variable	NT=Trypsin;AC=MS:1001251	NT=Data-dependent acquisition;AC=PRIDE:0000627	NT=beam-type collision-induced dissociation;AC=MS:1000422	35 NCE	not available	not available	14	1	180514_P21478_Proj2_TMT3_CTX21-30_QE2_fraction11.raw	v1.1.0	NT=ms-proteomics;VV=v1.1.0	NT=vertebrates;VV=v1.1.0	NT=clinical-metadata;VV=v1.0.0	manual curation	NEFH-tTA	6 week + recovery
pooled_control_reference_TMT3_CTX21-30	Mus musculus	cerebral cortex	not applicable	tissue	normal	adult	female	B6C3F1	not applicable	not applicable	pooled	180514_P21478_Proj2_TMT3_CTX21-30_QE2_fraction11-TMT131	proteomic profiling by mass spectrometry	NT=Q Exactive;AC=MS:1001911	TMT131	NT=TMT6plex;AC=UNIMOD:737;TA=K;MT=Fixed	NT=TMT6plex;AC=UNIMOD:737;PP=Peptide N-term;MT=Fixed	NT=Carbamidomethyl;AC=UNIMOD:4;TA=C;MT=Fixed	NT=Oxidation;AC=UNIMOD:35;TA=M;MT=Variable	NT=Trypsin;AC=MS:1001251	NT=Data-dependent acquisition;AC=PRIDE:0000627	NT=beam-type collision-induced dissociation;AC=MS:1000422	35 NCE	not available	not available	14	1	180514_P21478_Proj2_TMT3_CTX21-30_QE2_fraction11.raw	v1.1.0	NT=ms-proteomics;VV=v1.1.0	NT=vertebrates;VV=v1.1.0	NT=clinical-metadata;VV=v1.0.0	manual curation	not applicable	not applicable
D1c	Mus musculus	cerebral cortex	not applicable	tissue	amyotrophic lateral sclerosis	adult	female	B6C3F1	rNLS8 (NEFH-tTA x tetO-hTDP-43-dNLS)	1 week	3	180514_P21478_Proj2_TMT3_CTX21-30_QE2_fraction12-TMT126	proteomic profiling by mass spectrometry	NT=Q Exactive;AC=MS:1001911	TMT126	NT=TMT6plex;AC=UNIMOD:737;TA=K;MT=Fixed	NT=TMT6plex;AC=UNIMOD:737;PP=Peptide N-term;MT=Fixed	NT=Carbamidomethyl;AC=UNIMOD:4;TA=C;MT=Fixed	NT=Oxidation;AC=UNIMOD:35;TA=M;MT=Variable	NT=Trypsin;AC=MS:1001251	NT=Data-dependent acquisition;AC=PRIDE:0000627	NT=beam-type collision-induced dissociation;AC=MS:1000422	35 NCE	not available	not available	15	1	180514_P21478_Proj2_TMT3_CTX21-30_QE2_fraction12.raw	v1.1.0	NT=ms-proteomics;VV=v1.1.0	NT=vertebrates;VV=v1.1.0	NT=clinical-metadata;VV=v1.0.0	manual curation	rNLS8 (NEFH-tTA x tetO-hTDP-43-dNLS)	1 week
D2c	Mus musculus	cerebral cortex	not applicable	tissue	amyotrophic lateral sclerosis	adult	female	B6C3F1	rNLS8 (NEFH-tTA x tetO-hTDP-43-dNLS)	2 week	3	180514_P21478_Proj2_TMT3_CTX21-30_QE2_fraction12-TMT127N	proteomic profiling by mass spectrometry	NT=Q Exactive;AC=MS:1001911	TMT127N	NT=TMT6plex;AC=UNIMOD:737;TA=K;MT=Fixed	NT=TMT6plex;AC=UNIMOD:737;PP=Peptide N-term;MT=Fixed	NT=Carbamidomethyl;AC=UNIMOD:4;TA=C;MT=Fixed	NT=Oxidation;AC=UNIMOD:35;TA=M;MT=Variable	NT=Trypsin;AC=MS:1001251	NT=Data-dependent acquisition;AC=PRIDE:0000627	NT=beam-type collision-induced dissociation;AC=MS:1000422	35 NCE	not available	not available	15	1	180514_P21478_Proj2_TMT3_CTX21-30_QE2_fraction12.raw	v1.1.0	NT=ms-proteomics;VV=v1.1.0	NT=vertebrates;VV=v1.1.0	NT=clinical-metadata;VV=v1.0.0	manual curation	rNLS8 (NEFH-tTA x tetO-hTDP-43-dNLS)	2 week
D4c	Mus musculus	cerebral cortex	not applicable	tissue	amyotrophic lateral sclerosis	adult	female	B6C3F1	rNLS8 (NEFH-tTA x tetO-hTDP-43-dNLS)	4 week	3	180514_P21478_Proj2_TMT3_CTX21-30_QE2_fraction12-TMT127C	proteomic profiling by mass spectrometry	NT=Q Exactive;AC=MS:1001911	TMT127C	NT=TMT6plex;AC=UNIMOD:737;TA=K;MT=Fixed	NT=TMT6plex;AC=UNIMOD:737;PP=Peptide N-term;MT=Fixed	NT=Carbamidomethyl;AC=UNIMOD:4;TA=C;MT=Fixed	NT=Oxidation;AC=UNIMOD:35;TA=M;MT=Variable	NT=Trypsin;AC=MS:1001251	NT=Data-dependent acquisition;AC=PRIDE:0000627	NT=beam-type collision-induced dissociation;AC=MS:1000422	35 NCE	not available	not available	15	1	180514_P21478_Proj2_TMT3_CTX21-30_QE2_fraction12.raw	v1.1.0	NT=ms-proteomics;VV=v1.1.0	NT=vertebrates;VV=v1.1.0	NT=clinical-metadata;VV=v1.0.0	manual curation	rNLS8 (NEFH-tTA x tetO-hTDP-43-dNLS)	4 week
D6c	Mus musculus	cerebral cortex	not applicable	tissue	amyotrophic lateral sclerosis	adult	female	B6C3F1	rNLS8 (NEFH-tTA x tetO-hTDP-43-dNLS)	6 week	3	180514_P21478_Proj2_TMT3_CTX21-30_QE2_fraction12-TMT128N	proteomic profiling by mass spectrometry	NT=Q Exactive;AC=MS:1001911	TMT128N	NT=TMT6plex;AC=UNIMOD:737;TA=K;MT=Fixed	NT=TMT6plex;AC=UNIMOD:737;PP=Peptide N-term;MT=Fixed	NT=Carbamidomethyl;AC=UNIMOD:4;TA=C;MT=Fixed	NT=Oxidation;AC=UNIMOD:35;TA=M;MT=Variable	NT=Trypsin;AC=MS:1001251	NT=Data-dependent acquisition;AC=PRIDE:0000627	NT=beam-type collision-induced dissociation;AC=MS:1000422	35 NCE	not available	not available	15	1	180514_P21478_Proj2_TMT3_CTX21-30_QE2_fraction12.raw	v1.1.0	NT=ms-proteomics;VV=v1.1.0	NT=vertebrates;VV=v1.1.0	NT=clinical-metadata;VV=v1.0.0	manual curation	rNLS8 (NEFH-tTA x tetO-hTDP-43-dNLS)	6 week
D6+RECc	Mus musculus	cerebral cortex	not applicable	tissue	amyotrophic lateral sclerosis	adult	female	B6C3F1	rNLS8 (NEFH-tTA x tetO-hTDP-43-dNLS)	6 week + recovery	3	180514_P21478_Proj2_TMT3_CTX21-30_QE2_fraction12-TMT128C	proteomic profiling by mass spectrometry	NT=Q Exactive;AC=MS:1001911	TMT128C	NT=TMT6plex;AC=UNIMOD:737;TA=K;MT=Fixed	NT=TMT6plex;AC=UNIMOD:737;PP=Peptide N-term;MT=Fixed	NT=Carbamidomethyl;AC=UNIMOD:4;TA=C;MT=Fixed	NT=Oxidation;AC=UNIMOD:35;TA=M;MT=Variable	NT=Trypsin;AC=MS:1001251	NT=Data-dependent acquisition;AC=PRIDE:0000627	NT=beam-type collision-induced dissociation;AC=MS:1000422	35 NCE	not available	not available	15	1	180514_P21478_Proj2_TMT3_CTX21-30_QE2_fraction12.raw	v1.1.0	NT=ms-proteomics;VV=v1.1.0	NT=vertebrates;VV=v1.1.0	NT=clinical-metadata;VV=v1.0.0	manual curation	rNLS8 (NEFH-tTA x tetO-hTDP-43-dNLS)	6 week + recovery
C1c	Mus musculus	cerebral cortex	not applicable	tissue	normal	adult	female	B6C3F1	tetO-hTDP-43-dNLS	1 week	3	180514_P21478_Proj2_TMT3_CTX21-30_QE2_fraction12-TMT129N	proteomic profiling by mass spectrometry	NT=Q Exactive;AC=MS:1001911	TMT129N	NT=TMT6plex;AC=UNIMOD:737;TA=K;MT=Fixed	NT=TMT6plex;AC=UNIMOD:737;PP=Peptide N-term;MT=Fixed	NT=Carbamidomethyl;AC=UNIMOD:4;TA=C;MT=Fixed	NT=Oxidation;AC=UNIMOD:35;TA=M;MT=Variable	NT=Trypsin;AC=MS:1001251	NT=Data-dependent acquisition;AC=PRIDE:0000627	NT=beam-type collision-induced dissociation;AC=MS:1000422	35 NCE	not available	not available	15	1	180514_P21478_Proj2_TMT3_CTX21-30_QE2_fraction12.raw	v1.1.0	NT=ms-proteomics;VV=v1.1.0	NT=vertebrates;VV=v1.1.0	NT=clinical-metadata;VV=v1.0.0	manual curation	tetO-hTDP-43-dNLS	1 week
C4c	Mus musculus	cerebral cortex	not applicable	tissue	normal	adult	female	B6C3F1	non-transgenic	4 week	3	180514_P21478_Proj2_TMT3_CTX21-30_QE2_fraction12-TMT129C	proteomic profiling by mass spectrometry	NT=Q Exactive;AC=MS:1001911	TMT129C	NT=TMT6plex;AC=UNIMOD:737;TA=K;MT=Fixed	NT=TMT6plex;AC=UNIMOD:737;PP=Peptide N-term;MT=Fixed	NT=Carbamidomethyl;AC=UNIMOD:4;TA=C;MT=Fixed	NT=Oxidation;AC=UNIMOD:35;TA=M;MT=Variable	NT=Trypsin;AC=MS:1001251	NT=Data-dependent acquisition;AC=PRIDE:0000627	NT=beam-type collision-induced dissociation;AC=MS:1000422	35 NCE	not available	not available	15	1	180514_P21478_Proj2_TMT3_CTX21-30_QE2_fraction12.raw	v1.1.0	NT=ms-proteomics;VV=v1.1.0	NT=vertebrates;VV=v1.1.0	NT=clinical-metadata;VV=v1.0.0	manual curation	non-transgenic	4 week
C6c	Mus musculus	cerebral cortex	not applicable	tissue	normal	adult	female	B6C3F1	non-transgenic	6 week	3	180514_P21478_Proj2_TMT3_CTX21-30_QE2_fraction12-TMT130N	proteomic profiling by mass spectrometry	NT=Q Exactive;AC=MS:1001911	TMT130N	NT=TMT6plex;AC=UNIMOD:737;TA=K;MT=Fixed	NT=TMT6plex;AC=UNIMOD:737;PP=Peptide N-term;MT=Fixed	NT=Carbamidomethyl;AC=UNIMOD:4;TA=C;MT=Fixed	NT=Oxidation;AC=UNIMOD:35;TA=M;MT=Variable	NT=Trypsin;AC=MS:1001251	NT=Data-dependent acquisition;AC=PRIDE:0000627	NT=beam-type collision-induced dissociation;AC=MS:1000422	35 NCE	not available	not available	15	1	180514_P21478_Proj2_TMT3_CTX21-30_QE2_fraction12.raw	v1.1.0	NT=ms-proteomics;VV=v1.1.0	NT=vertebrates;VV=v1.1.0	NT=clinical-metadata;VV=v1.0.0	manual curation	non-transgenic	6 week
C6+RECc	Mus musculus	cerebral cortex	not applicable	tissue	normal	adult	female	B6C3F1	NEFH-tTA	6 week + recovery	3	180514_P21478_Proj2_TMT3_CTX21-30_QE2_fraction12-TMT130C	proteomic profiling by mass spectrometry	NT=Q Exactive;AC=MS:1001911	TMT130C	NT=TMT6plex;AC=UNIMOD:737;TA=K;MT=Fixed	NT=TMT6plex;AC=UNIMOD:737;PP=Peptide N-term;MT=Fixed	NT=Carbamidomethyl;AC=UNIMOD:4;TA=C;MT=Fixed	NT=Oxidation;AC=UNIMOD:35;TA=M;MT=Variable	NT=Trypsin;AC=MS:1001251	NT=Data-dependent acquisition;AC=PRIDE:0000627	NT=beam-type collision-induced dissociation;AC=MS:1000422	35 NCE	not available	not available	15	1	180514_P21478_Proj2_TMT3_CTX21-30_QE2_fraction12.raw	v1.1.0	NT=ms-proteomics;VV=v1.1.0	NT=vertebrates;VV=v1.1.0	NT=clinical-metadata;VV=v1.0.0	manual curation	NEFH-tTA	6 week + recovery
pooled_control_reference_TMT3_CTX21-30	Mus musculus	cerebral cortex	not applicable	tissue	normal	adult	female	B6C3F1	not applicable	not applicable	pooled	180514_P21478_Proj2_TMT3_CTX21-30_QE2_fraction12-TMT131	proteomic profiling by mass spectrometry	NT=Q Exactive;AC=MS:1001911	TMT131	NT=TMT6plex;AC=UNIMOD:737;TA=K;MT=Fixed	NT=TMT6plex;AC=UNIMOD:737;PP=Peptide N-term;MT=Fixed	NT=Carbamidomethyl;AC=UNIMOD:4;TA=C;MT=Fixed	NT=Oxidation;AC=UNIMOD:35;TA=M;MT=Variable	NT=Trypsin;AC=MS:1001251	NT=Data-dependent acquisition;AC=PRIDE:0000627	NT=beam-type collision-induced dissociation;AC=MS:1000422	35 NCE	not available	not available	15	1	180514_P21478_Proj2_TMT3_CTX21-30_QE2_fraction12.raw	v1.1.0	NT=ms-proteomics;VV=v1.1.0	NT=vertebrates;VV=v1.1.0	NT=clinical-metadata;VV=v1.0.0	manual curation	not applicable	not applicable
D1c	Mus musculus	cerebral cortex	not applicable	tissue	amyotrophic lateral sclerosis	adult	female	B6C3F1	rNLS8 (NEFH-tTA x tetO-hTDP-43-dNLS)	1 week	3	180514_P21478_Proj2_TMT3_CTX21-30_QE2_fraction13-TMT126	proteomic profiling by mass spectrometry	NT=Q Exactive;AC=MS:1001911	TMT126	NT=TMT6plex;AC=UNIMOD:737;TA=K;MT=Fixed	NT=TMT6plex;AC=UNIMOD:737;PP=Peptide N-term;MT=Fixed	NT=Carbamidomethyl;AC=UNIMOD:4;TA=C;MT=Fixed	NT=Oxidation;AC=UNIMOD:35;TA=M;MT=Variable	NT=Trypsin;AC=MS:1001251	NT=Data-dependent acquisition;AC=PRIDE:0000627	NT=beam-type collision-induced dissociation;AC=MS:1000422	35 NCE	not available	not available	16	1	180514_P21478_Proj2_TMT3_CTX21-30_QE2_fraction13.raw	v1.1.0	NT=ms-proteomics;VV=v1.1.0	NT=vertebrates;VV=v1.1.0	NT=clinical-metadata;VV=v1.0.0	manual curation	rNLS8 (NEFH-tTA x tetO-hTDP-43-dNLS)	1 week
D2c	Mus musculus	cerebral cortex	not applicable	tissue	amyotrophic lateral sclerosis	adult	female	B6C3F1	rNLS8 (NEFH-tTA x tetO-hTDP-43-dNLS)	2 week	3	180514_P21478_Proj2_TMT3_CTX21-30_QE2_fraction13-TMT127N	proteomic profiling by mass spectrometry	NT=Q Exactive;AC=MS:1001911	TMT127N	NT=TMT6plex;AC=UNIMOD:737;TA=K;MT=Fixed	NT=TMT6plex;AC=UNIMOD:737;PP=Peptide N-term;MT=Fixed	NT=Carbamidomethyl;AC=UNIMOD:4;TA=C;MT=Fixed	NT=Oxidation;AC=UNIMOD:35;TA=M;MT=Variable	NT=Trypsin;AC=MS:1001251	NT=Data-dependent acquisition;AC=PRIDE:0000627	NT=beam-type collision-induced dissociation;AC=MS:1000422	35 NCE	not available	not available	16	1	180514_P21478_Proj2_TMT3_CTX21-30_QE2_fraction13.raw	v1.1.0	NT=ms-proteomics;VV=v1.1.0	NT=vertebrates;VV=v1.1.0	NT=clinical-metadata;VV=v1.0.0	manual curation	rNLS8 (NEFH-tTA x tetO-hTDP-43-dNLS)	2 week
D4c	Mus musculus	cerebral cortex	not applicable	tissue	amyotrophic lateral sclerosis	adult	female	B6C3F1	rNLS8 (NEFH-tTA x tetO-hTDP-43-dNLS)	4 week	3	180514_P21478_Proj2_TMT3_CTX21-30_QE2_fraction13-TMT127C	proteomic profiling by mass spectrometry	NT=Q Exactive;AC=MS:1001911	TMT127C	NT=TMT6plex;AC=UNIMOD:737;TA=K;MT=Fixed	NT=TMT6plex;AC=UNIMOD:737;PP=Peptide N-term;MT=Fixed	NT=Carbamidomethyl;AC=UNIMOD:4;TA=C;MT=Fixed	NT=Oxidation;AC=UNIMOD:35;TA=M;MT=Variable	NT=Trypsin;AC=MS:1001251	NT=Data-dependent acquisition;AC=PRIDE:0000627	NT=beam-type collision-induced dissociation;AC=MS:1000422	35 NCE	not available	not available	16	1	180514_P21478_Proj2_TMT3_CTX21-30_QE2_fraction13.raw	v1.1.0	NT=ms-proteomics;VV=v1.1.0	NT=vertebrates;VV=v1.1.0	NT=clinical-metadata;VV=v1.0.0	manual curation	rNLS8 (NEFH-tTA x tetO-hTDP-43-dNLS)	4 week
D6c	Mus musculus	cerebral cortex	not applicable	tissue	amyotrophic lateral sclerosis	adult	female	B6C3F1	rNLS8 (NEFH-tTA x tetO-hTDP-43-dNLS)	6 week	3	180514_P21478_Proj2_TMT3_CTX21-30_QE2_fraction13-TMT128N	proteomic profiling by mass spectrometry	NT=Q Exactive;AC=MS:1001911	TMT128N	NT=TMT6plex;AC=UNIMOD:737;TA=K;MT=Fixed	NT=TMT6plex;AC=UNIMOD:737;PP=Peptide N-term;MT=Fixed	NT=Carbamidomethyl;AC=UNIMOD:4;TA=C;MT=Fixed	NT=Oxidation;AC=UNIMOD:35;TA=M;MT=Variable	NT=Trypsin;AC=MS:1001251	NT=Data-dependent acquisition;AC=PRIDE:0000627	NT=beam-type collision-induced dissociation;AC=MS:1000422	35 NCE	not available	not available	16	1	180514_P21478_Proj2_TMT3_CTX21-30_QE2_fraction13.raw	v1.1.0	NT=ms-proteomics;VV=v1.1.0	NT=vertebrates;VV=v1.1.0	NT=clinical-metadata;VV=v1.0.0	manual curation	rNLS8 (NEFH-tTA x tetO-hTDP-43-dNLS)	6 week
D6+RECc	Mus musculus	cerebral cortex	not applicable	tissue	amyotrophic lateral sclerosis	adult	female	B6C3F1	rNLS8 (NEFH-tTA x tetO-hTDP-43-dNLS)	6 week + recovery	3	180514_P21478_Proj2_TMT3_CTX21-30_QE2_fraction13-TMT128C	proteomic profiling by mass spectrometry	NT=Q Exactive;AC=MS:1001911	TMT128C	NT=TMT6plex;AC=UNIMOD:737;TA=K;MT=Fixed	NT=TMT6plex;AC=UNIMOD:737;PP=Peptide N-term;MT=Fixed	NT=Carbamidomethyl;AC=UNIMOD:4;TA=C;MT=Fixed	NT=Oxidation;AC=UNIMOD:35;TA=M;MT=Variable	NT=Trypsin;AC=MS:1001251	NT=Data-dependent acquisition;AC=PRIDE:0000627	NT=beam-type collision-induced dissociation;AC=MS:1000422	35 NCE	not available	not available	16	1	180514_P21478_Proj2_TMT3_CTX21-30_QE2_fraction13.raw	v1.1.0	NT=ms-proteomics;VV=v1.1.0	NT=vertebrates;VV=v1.1.0	NT=clinical-metadata;VV=v1.0.0	manual curation	rNLS8 (NEFH-tTA x tetO-hTDP-43-dNLS)	6 week + recovery
C1c	Mus musculus	cerebral cortex	not applicable	tissue	normal	adult	female	B6C3F1	tetO-hTDP-43-dNLS	1 week	3	180514_P21478_Proj2_TMT3_CTX21-30_QE2_fraction13-TMT129N	proteomic profiling by mass spectrometry	NT=Q Exactive;AC=MS:1001911	TMT129N	NT=TMT6plex;AC=UNIMOD:737;TA=K;MT=Fixed	NT=TMT6plex;AC=UNIMOD:737;PP=Peptide N-term;MT=Fixed	NT=Carbamidomethyl;AC=UNIMOD:4;TA=C;MT=Fixed	NT=Oxidation;AC=UNIMOD:35;TA=M;MT=Variable	NT=Trypsin;AC=MS:1001251	NT=Data-dependent acquisition;AC=PRIDE:0000627	NT=beam-type collision-induced dissociation;AC=MS:1000422	35 NCE	not available	not available	16	1	180514_P21478_Proj2_TMT3_CTX21-30_QE2_fraction13.raw	v1.1.0	NT=ms-proteomics;VV=v1.1.0	NT=vertebrates;VV=v1.1.0	NT=clinical-metadata;VV=v1.0.0	manual curation	tetO-hTDP-43-dNLS	1 week
C4c	Mus musculus	cerebral cortex	not applicable	tissue	normal	adult	female	B6C3F1	non-transgenic	4 week	3	180514_P21478_Proj2_TMT3_CTX21-30_QE2_fraction13-TMT129C	proteomic profiling by mass spectrometry	NT=Q Exactive;AC=MS:1001911	TMT129C	NT=TMT6plex;AC=UNIMOD:737;TA=K;MT=Fixed	NT=TMT6plex;AC=UNIMOD:737;PP=Peptide N-term;MT=Fixed	NT=Carbamidomethyl;AC=UNIMOD:4;TA=C;MT=Fixed	NT=Oxidation;AC=UNIMOD:35;TA=M;MT=Variable	NT=Trypsin;AC=MS:1001251	NT=Data-dependent acquisition;AC=PRIDE:0000627	NT=beam-type collision-induced dissociation;AC=MS:1000422	35 NCE	not available	not available	16	1	180514_P21478_Proj2_TMT3_CTX21-30_QE2_fraction13.raw	v1.1.0	NT=ms-proteomics;VV=v1.1.0	NT=vertebrates;VV=v1.1.0	NT=clinical-metadata;VV=v1.0.0	manual curation	non-transgenic	4 week
C6c	Mus musculus	cerebral cortex	not applicable	tissue	normal	adult	female	B6C3F1	non-transgenic	6 week	3	180514_P21478_Proj2_TMT3_CTX21-30_QE2_fraction13-TMT130N	proteomic profiling by mass spectrometry	NT=Q Exactive;AC=MS:1001911	TMT130N	NT=TMT6plex;AC=UNIMOD:737;TA=K;MT=Fixed	NT=TMT6plex;AC=UNIMOD:737;PP=Peptide N-term;MT=Fixed	NT=Carbamidomethyl;AC=UNIMOD:4;TA=C;MT=Fixed	NT=Oxidation;AC=UNIMOD:35;TA=M;MT=Variable	NT=Trypsin;AC=MS:1001251	NT=Data-dependent acquisition;AC=PRIDE:0000627	NT=beam-type collision-induced dissociation;AC=MS:1000422	35 NCE	not available	not available	16	1	180514_P21478_Proj2_TMT3_CTX21-30_QE2_fraction13.raw	v1.1.0	NT=ms-proteomics;VV=v1.1.0	NT=vertebrates;VV=v1.1.0	NT=clinical-metadata;VV=v1.0.0	manual curation	non-transgenic	6 week
C6+RECc	Mus musculus	cerebral cortex	not applicable	tissue	normal	adult	female	B6C3F1	NEFH-tTA	6 week + recovery	3	180514_P21478_Proj2_TMT3_CTX21-30_QE2_fraction13-TMT130C	proteomic profiling by mass spectrometry	NT=Q Exactive;AC=MS:1001911	TMT130C	NT=TMT6plex;AC=UNIMOD:737;TA=K;MT=Fixed	NT=TMT6plex;AC=UNIMOD:737;PP=Peptide N-term;MT=Fixed	NT=Carbamidomethyl;AC=UNIMOD:4;TA=C;MT=Fixed	NT=Oxidation;AC=UNIMOD:35;TA=M;MT=Variable	NT=Trypsin;AC=MS:1001251	NT=Data-dependent acquisition;AC=PRIDE:0000627	NT=beam-type collision-induced dissociation;AC=MS:1000422	35 NCE	not available	not available	16	1	180514_P21478_Proj2_TMT3_CTX21-30_QE2_fraction13.raw	v1.1.0	NT=ms-proteomics;VV=v1.1.0	NT=vertebrates;VV=v1.1.0	NT=clinical-metadata;VV=v1.0.0	manual curation	NEFH-tTA	6 week + recovery
pooled_control_reference_TMT3_CTX21-30	Mus musculus	cerebral cortex	not applicable	tissue	normal	adult	female	B6C3F1	not applicable	not applicable	pooled	180514_P21478_Proj2_TMT3_CTX21-30_QE2_fraction13-TMT131	proteomic profiling by mass spectrometry	NT=Q Exactive;AC=MS:1001911	TMT131	NT=TMT6plex;AC=UNIMOD:737;TA=K;MT=Fixed	NT=TMT6plex;AC=UNIMOD:737;PP=Peptide N-term;MT=Fixed	NT=Carbamidomethyl;AC=UNIMOD:4;TA=C;MT=Fixed	NT=Oxidation;AC=UNIMOD:35;TA=M;MT=Variable	NT=Trypsin;AC=MS:1001251	NT=Data-dependent acquisition;AC=PRIDE:0000627	NT=beam-type collision-induced dissociation;AC=MS:1000422	35 NCE	not available	not available	16	1	180514_P21478_Proj2_TMT3_CTX21-30_QE2_fraction13.raw	v1.1.0	NT=ms-proteomics;VV=v1.1.0	NT=vertebrates;VV=v1.1.0	NT=clinical-metadata;VV=v1.0.0	manual curation	not applicable	not applicable
D1c	Mus musculus	cerebral cortex	not applicable	tissue	amyotrophic lateral sclerosis	adult	female	B6C3F1	rNLS8 (NEFH-tTA x tetO-hTDP-43-dNLS)	1 week	3	180514_P21478_Proj2_TMT3_CTX21-30_QE2_fraction14-TMT126	proteomic profiling by mass spectrometry	NT=Q Exactive;AC=MS:1001911	TMT126	NT=TMT6plex;AC=UNIMOD:737;TA=K;MT=Fixed	NT=TMT6plex;AC=UNIMOD:737;PP=Peptide N-term;MT=Fixed	NT=Carbamidomethyl;AC=UNIMOD:4;TA=C;MT=Fixed	NT=Oxidation;AC=UNIMOD:35;TA=M;MT=Variable	NT=Trypsin;AC=MS:1001251	NT=Data-dependent acquisition;AC=PRIDE:0000627	NT=beam-type collision-induced dissociation;AC=MS:1000422	35 NCE	not available	not available	17	1	180514_P21478_Proj2_TMT3_CTX21-30_QE2_fraction14.raw	v1.1.0	NT=ms-proteomics;VV=v1.1.0	NT=vertebrates;VV=v1.1.0	NT=clinical-metadata;VV=v1.0.0	manual curation	rNLS8 (NEFH-tTA x tetO-hTDP-43-dNLS)	1 week
D2c	Mus musculus	cerebral cortex	not applicable	tissue	amyotrophic lateral sclerosis	adult	female	B6C3F1	rNLS8 (NEFH-tTA x tetO-hTDP-43-dNLS)	2 week	3	180514_P21478_Proj2_TMT3_CTX21-30_QE2_fraction14-TMT127N	proteomic profiling by mass spectrometry	NT=Q Exactive;AC=MS:1001911	TMT127N	NT=TMT6plex;AC=UNIMOD:737;TA=K;MT=Fixed	NT=TMT6plex;AC=UNIMOD:737;PP=Peptide N-term;MT=Fixed	NT=Carbamidomethyl;AC=UNIMOD:4;TA=C;MT=Fixed	NT=Oxidation;AC=UNIMOD:35;TA=M;MT=Variable	NT=Trypsin;AC=MS:1001251	NT=Data-dependent acquisition;AC=PRIDE:0000627	NT=beam-type collision-induced dissociation;AC=MS:1000422	35 NCE	not available	not available	17	1	180514_P21478_Proj2_TMT3_CTX21-30_QE2_fraction14.raw	v1.1.0	NT=ms-proteomics;VV=v1.1.0	NT=vertebrates;VV=v1.1.0	NT=clinical-metadata;VV=v1.0.0	manual curation	rNLS8 (NEFH-tTA x tetO-hTDP-43-dNLS)	2 week
D4c	Mus musculus	cerebral cortex	not applicable	tissue	amyotrophic lateral sclerosis	adult	female	B6C3F1	rNLS8 (NEFH-tTA x tetO-hTDP-43-dNLS)	4 week	3	180514_P21478_Proj2_TMT3_CTX21-30_QE2_fraction14-TMT127C	proteomic profiling by mass spectrometry	NT=Q Exactive;AC=MS:1001911	TMT127C	NT=TMT6plex;AC=UNIMOD:737;TA=K;MT=Fixed	NT=TMT6plex;AC=UNIMOD:737;PP=Peptide N-term;MT=Fixed	NT=Carbamidomethyl;AC=UNIMOD:4;TA=C;MT=Fixed	NT=Oxidation;AC=UNIMOD:35;TA=M;MT=Variable	NT=Trypsin;AC=MS:1001251	NT=Data-dependent acquisition;AC=PRIDE:0000627	NT=beam-type collision-induced dissociation;AC=MS:1000422	35 NCE	not available	not available	17	1	180514_P21478_Proj2_TMT3_CTX21-30_QE2_fraction14.raw	v1.1.0	NT=ms-proteomics;VV=v1.1.0	NT=vertebrates;VV=v1.1.0	NT=clinical-metadata;VV=v1.0.0	manual curation	rNLS8 (NEFH-tTA x tetO-hTDP-43-dNLS)	4 week
D6c	Mus musculus	cerebral cortex	not applicable	tissue	amyotrophic lateral sclerosis	adult	female	B6C3F1	rNLS8 (NEFH-tTA x tetO-hTDP-43-dNLS)	6 week	3	180514_P21478_Proj2_TMT3_CTX21-30_QE2_fraction14-TMT128N	proteomic profiling by mass spectrometry	NT=Q Exactive;AC=MS:1001911	TMT128N	NT=TMT6plex;AC=UNIMOD:737;TA=K;MT=Fixed	NT=TMT6plex;AC=UNIMOD:737;PP=Peptide N-term;MT=Fixed	NT=Carbamidomethyl;AC=UNIMOD:4;TA=C;MT=Fixed	NT=Oxidation;AC=UNIMOD:35;TA=M;MT=Variable	NT=Trypsin;AC=MS:1001251	NT=Data-dependent acquisition;AC=PRIDE:0000627	NT=beam-type collision-induced dissociation;AC=MS:1000422	35 NCE	not available	not available	17	1	180514_P21478_Proj2_TMT3_CTX21-30_QE2_fraction14.raw	v1.1.0	NT=ms-proteomics;VV=v1.1.0	NT=vertebrates;VV=v1.1.0	NT=clinical-metadata;VV=v1.0.0	manual curation	rNLS8 (NEFH-tTA x tetO-hTDP-43-dNLS)	6 week
D6+RECc	Mus musculus	cerebral cortex	not applicable	tissue	amyotrophic lateral sclerosis	adult	female	B6C3F1	rNLS8 (NEFH-tTA x tetO-hTDP-43-dNLS)	6 week + recovery	3	180514_P21478_Proj2_TMT3_CTX21-30_QE2_fraction14-TMT128C	proteomic profiling by mass spectrometry	NT=Q Exactive;AC=MS:1001911	TMT128C	NT=TMT6plex;AC=UNIMOD:737;TA=K;MT=Fixed	NT=TMT6plex;AC=UNIMOD:737;PP=Peptide N-term;MT=Fixed	NT=Carbamidomethyl;AC=UNIMOD:4;TA=C;MT=Fixed	NT=Oxidation;AC=UNIMOD:35;TA=M;MT=Variable	NT=Trypsin;AC=MS:1001251	NT=Data-dependent acquisition;AC=PRIDE:0000627	NT=beam-type collision-induced dissociation;AC=MS:1000422	35 NCE	not available	not available	17	1	180514_P21478_Proj2_TMT3_CTX21-30_QE2_fraction14.raw	v1.1.0	NT=ms-proteomics;VV=v1.1.0	NT=vertebrates;VV=v1.1.0	NT=clinical-metadata;VV=v1.0.0	manual curation	rNLS8 (NEFH-tTA x tetO-hTDP-43-dNLS)	6 week + recovery
C1c	Mus musculus	cerebral cortex	not applicable	tissue	normal	adult	female	B6C3F1	tetO-hTDP-43-dNLS	1 week	3	180514_P21478_Proj2_TMT3_CTX21-30_QE2_fraction14-TMT129N	proteomic profiling by mass spectrometry	NT=Q Exactive;AC=MS:1001911	TMT129N	NT=TMT6plex;AC=UNIMOD:737;TA=K;MT=Fixed	NT=TMT6plex;AC=UNIMOD:737;PP=Peptide N-term;MT=Fixed	NT=Carbamidomethyl;AC=UNIMOD:4;TA=C;MT=Fixed	NT=Oxidation;AC=UNIMOD:35;TA=M;MT=Variable	NT=Trypsin;AC=MS:1001251	NT=Data-dependent acquisition;AC=PRIDE:0000627	NT=beam-type collision-induced dissociation;AC=MS:1000422	35 NCE	not available	not available	17	1	180514_P21478_Proj2_TMT3_CTX21-30_QE2_fraction14.raw	v1.1.0	NT=ms-proteomics;VV=v1.1.0	NT=vertebrates;VV=v1.1.0	NT=clinical-metadata;VV=v1.0.0	manual curation	tetO-hTDP-43-dNLS	1 week
C4c	Mus musculus	cerebral cortex	not applicable	tissue	normal	adult	female	B6C3F1	non-transgenic	4 week	3	180514_P21478_Proj2_TMT3_CTX21-30_QE2_fraction14-TMT129C	proteomic profiling by mass spectrometry	NT=Q Exactive;AC=MS:1001911	TMT129C	NT=TMT6plex;AC=UNIMOD:737;TA=K;MT=Fixed	NT=TMT6plex;AC=UNIMOD:737;PP=Peptide N-term;MT=Fixed	NT=Carbamidomethyl;AC=UNIMOD:4;TA=C;MT=Fixed	NT=Oxidation;AC=UNIMOD:35;TA=M;MT=Variable	NT=Trypsin;AC=MS:1001251	NT=Data-dependent acquisition;AC=PRIDE:0000627	NT=beam-type collision-induced dissociation;AC=MS:1000422	35 NCE	not available	not available	17	1	180514_P21478_Proj2_TMT3_CTX21-30_QE2_fraction14.raw	v1.1.0	NT=ms-proteomics;VV=v1.1.0	NT=vertebrates;VV=v1.1.0	NT=clinical-metadata;VV=v1.0.0	manual curation	non-transgenic	4 week
C6c	Mus musculus	cerebral cortex	not applicable	tissue	normal	adult	female	B6C3F1	non-transgenic	6 week	3	180514_P21478_Proj2_TMT3_CTX21-30_QE2_fraction14-TMT130N	proteomic profiling by mass spectrometry	NT=Q Exactive;AC=MS:1001911	TMT130N	NT=TMT6plex;AC=UNIMOD:737;TA=K;MT=Fixed	NT=TMT6plex;AC=UNIMOD:737;PP=Peptide N-term;MT=Fixed	NT=Carbamidomethyl;AC=UNIMOD:4;TA=C;MT=Fixed	NT=Oxidation;AC=UNIMOD:35;TA=M;MT=Variable	NT=Trypsin;AC=MS:1001251	NT=Data-dependent acquisition;AC=PRIDE:0000627	NT=beam-type collision-induced dissociation;AC=MS:1000422	35 NCE	not available	not available	17	1	180514_P21478_Proj2_TMT3_CTX21-30_QE2_fraction14.raw	v1.1.0	NT=ms-proteomics;VV=v1.1.0	NT=vertebrates;VV=v1.1.0	NT=clinical-metadata;VV=v1.0.0	manual curation	non-transgenic	6 week
C6+RECc	Mus musculus	cerebral cortex	not applicable	tissue	normal	adult	female	B6C3F1	NEFH-tTA	6 week + recovery	3	180514_P21478_Proj2_TMT3_CTX21-30_QE2_fraction14-TMT130C	proteomic profiling by mass spectrometry	NT=Q Exactive;AC=MS:1001911	TMT130C	NT=TMT6plex;AC=UNIMOD:737;TA=K;MT=Fixed	NT=TMT6plex;AC=UNIMOD:737;PP=Peptide N-term;MT=Fixed	NT=Carbamidomethyl;AC=UNIMOD:4;TA=C;MT=Fixed	NT=Oxidation;AC=UNIMOD:35;TA=M;MT=Variable	NT=Trypsin;AC=MS:1001251	NT=Data-dependent acquisition;AC=PRIDE:0000627	NT=beam-type collision-induced dissociation;AC=MS:1000422	35 NCE	not available	not available	17	1	180514_P21478_Proj2_TMT3_CTX21-30_QE2_fraction14.raw	v1.1.0	NT=ms-proteomics;VV=v1.1.0	NT=vertebrates;VV=v1.1.0	NT=clinical-metadata;VV=v1.0.0	manual curation	NEFH-tTA	6 week + recovery
pooled_control_reference_TMT3_CTX21-30	Mus musculus	cerebral cortex	not applicable	tissue	normal	adult	female	B6C3F1	not applicable	not applicable	pooled	180514_P21478_Proj2_TMT3_CTX21-30_QE2_fraction14-TMT131	proteomic profiling by mass spectrometry	NT=Q Exactive;AC=MS:1001911	TMT131	NT=TMT6plex;AC=UNIMOD:737;TA=K;MT=Fixed	NT=TMT6plex;AC=UNIMOD:737;PP=Peptide N-term;MT=Fixed	NT=Carbamidomethyl;AC=UNIMOD:4;TA=C;MT=Fixed	NT=Oxidation;AC=UNIMOD:35;TA=M;MT=Variable	NT=Trypsin;AC=MS:1001251	NT=Data-dependent acquisition;AC=PRIDE:0000627	NT=beam-type collision-induced dissociation;AC=MS:1000422	35 NCE	not available	not available	17	1	180514_P21478_Proj2_TMT3_CTX21-30_QE2_fraction14.raw	v1.1.0	NT=ms-proteomics;VV=v1.1.0	NT=vertebrates;VV=v1.1.0	NT=clinical-metadata;VV=v1.0.0	manual curation	not applicable	not applicable
D1c	Mus musculus	cerebral cortex	not applicable	tissue	amyotrophic lateral sclerosis	adult	female	B6C3F1	rNLS8 (NEFH-tTA x tetO-hTDP-43-dNLS)	1 week	3	180514_P21478_Proj2_TMT3_CTX21-30_QE2_fraction2-TMT126	proteomic profiling by mass spectrometry	NT=Q Exactive;AC=MS:1001911	TMT126	NT=TMT6plex;AC=UNIMOD:737;TA=K;MT=Fixed	NT=TMT6plex;AC=UNIMOD:737;PP=Peptide N-term;MT=Fixed	NT=Carbamidomethyl;AC=UNIMOD:4;TA=C;MT=Fixed	NT=Oxidation;AC=UNIMOD:35;TA=M;MT=Variable	NT=Trypsin;AC=MS:1001251	NT=Data-dependent acquisition;AC=PRIDE:0000627	NT=beam-type collision-induced dissociation;AC=MS:1000422	35 NCE	not available	not available	5	1	180514_P21478_Proj2_TMT3_CTX21-30_QE2_fraction2.raw	v1.1.0	NT=ms-proteomics;VV=v1.1.0	NT=vertebrates;VV=v1.1.0	NT=clinical-metadata;VV=v1.0.0	manual curation	rNLS8 (NEFH-tTA x tetO-hTDP-43-dNLS)	1 week
D2c	Mus musculus	cerebral cortex	not applicable	tissue	amyotrophic lateral sclerosis	adult	female	B6C3F1	rNLS8 (NEFH-tTA x tetO-hTDP-43-dNLS)	2 week	3	180514_P21478_Proj2_TMT3_CTX21-30_QE2_fraction2-TMT127N	proteomic profiling by mass spectrometry	NT=Q Exactive;AC=MS:1001911	TMT127N	NT=TMT6plex;AC=UNIMOD:737;TA=K;MT=Fixed	NT=TMT6plex;AC=UNIMOD:737;PP=Peptide N-term;MT=Fixed	NT=Carbamidomethyl;AC=UNIMOD:4;TA=C;MT=Fixed	NT=Oxidation;AC=UNIMOD:35;TA=M;MT=Variable	NT=Trypsin;AC=MS:1001251	NT=Data-dependent acquisition;AC=PRIDE:0000627	NT=beam-type collision-induced dissociation;AC=MS:1000422	35 NCE	not available	not available	5	1	180514_P21478_Proj2_TMT3_CTX21-30_QE2_fraction2.raw	v1.1.0	NT=ms-proteomics;VV=v1.1.0	NT=vertebrates;VV=v1.1.0	NT=clinical-metadata;VV=v1.0.0	manual curation	rNLS8 (NEFH-tTA x tetO-hTDP-43-dNLS)	2 week
D4c	Mus musculus	cerebral cortex	not applicable	tissue	amyotrophic lateral sclerosis	adult	female	B6C3F1	rNLS8 (NEFH-tTA x tetO-hTDP-43-dNLS)	4 week	3	180514_P21478_Proj2_TMT3_CTX21-30_QE2_fraction2-TMT127C	proteomic profiling by mass spectrometry	NT=Q Exactive;AC=MS:1001911	TMT127C	NT=TMT6plex;AC=UNIMOD:737;TA=K;MT=Fixed	NT=TMT6plex;AC=UNIMOD:737;PP=Peptide N-term;MT=Fixed	NT=Carbamidomethyl;AC=UNIMOD:4;TA=C;MT=Fixed	NT=Oxidation;AC=UNIMOD:35;TA=M;MT=Variable	NT=Trypsin;AC=MS:1001251	NT=Data-dependent acquisition;AC=PRIDE:0000627	NT=beam-type collision-induced dissociation;AC=MS:1000422	35 NCE	not available	not available	5	1	180514_P21478_Proj2_TMT3_CTX21-30_QE2_fraction2.raw	v1.1.0	NT=ms-proteomics;VV=v1.1.0	NT=vertebrates;VV=v1.1.0	NT=clinical-metadata;VV=v1.0.0	manual curation	rNLS8 (NEFH-tTA x tetO-hTDP-43-dNLS)	4 week
D6c	Mus musculus	cerebral cortex	not applicable	tissue	amyotrophic lateral sclerosis	adult	female	B6C3F1	rNLS8 (NEFH-tTA x tetO-hTDP-43-dNLS)	6 week	3	180514_P21478_Proj2_TMT3_CTX21-30_QE2_fraction2-TMT128N	proteomic profiling by mass spectrometry	NT=Q Exactive;AC=MS:1001911	TMT128N	NT=TMT6plex;AC=UNIMOD:737;TA=K;MT=Fixed	NT=TMT6plex;AC=UNIMOD:737;PP=Peptide N-term;MT=Fixed	NT=Carbamidomethyl;AC=UNIMOD:4;TA=C;MT=Fixed	NT=Oxidation;AC=UNIMOD:35;TA=M;MT=Variable	NT=Trypsin;AC=MS:1001251	NT=Data-dependent acquisition;AC=PRIDE:0000627	NT=beam-type collision-induced dissociation;AC=MS:1000422	35 NCE	not available	not available	5	1	180514_P21478_Proj2_TMT3_CTX21-30_QE2_fraction2.raw	v1.1.0	NT=ms-proteomics;VV=v1.1.0	NT=vertebrates;VV=v1.1.0	NT=clinical-metadata;VV=v1.0.0	manual curation	rNLS8 (NEFH-tTA x tetO-hTDP-43-dNLS)	6 week
D6+RECc	Mus musculus	cerebral cortex	not applicable	tissue	amyotrophic lateral sclerosis	adult	female	B6C3F1	rNLS8 (NEFH-tTA x tetO-hTDP-43-dNLS)	6 week + recovery	3	180514_P21478_Proj2_TMT3_CTX21-30_QE2_fraction2-TMT128C	proteomic profiling by mass spectrometry	NT=Q Exactive;AC=MS:1001911	TMT128C	NT=TMT6plex;AC=UNIMOD:737;TA=K;MT=Fixed	NT=TMT6plex;AC=UNIMOD:737;PP=Peptide N-term;MT=Fixed	NT=Carbamidomethyl;AC=UNIMOD:4;TA=C;MT=Fixed	NT=Oxidation;AC=UNIMOD:35;TA=M;MT=Variable	NT=Trypsin;AC=MS:1001251	NT=Data-dependent acquisition;AC=PRIDE:0000627	NT=beam-type collision-induced dissociation;AC=MS:1000422	35 NCE	not available	not available	5	1	180514_P21478_Proj2_TMT3_CTX21-30_QE2_fraction2.raw	v1.1.0	NT=ms-proteomics;VV=v1.1.0	NT=vertebrates;VV=v1.1.0	NT=clinical-metadata;VV=v1.0.0	manual curation	rNLS8 (NEFH-tTA x tetO-hTDP-43-dNLS)	6 week + recovery
C1c	Mus musculus	cerebral cortex	not applicable	tissue	normal	adult	female	B6C3F1	tetO-hTDP-43-dNLS	1 week	3	180514_P21478_Proj2_TMT3_CTX21-30_QE2_fraction2-TMT129N	proteomic profiling by mass spectrometry	NT=Q Exactive;AC=MS:1001911	TMT129N	NT=TMT6plex;AC=UNIMOD:737;TA=K;MT=Fixed	NT=TMT6plex;AC=UNIMOD:737;PP=Peptide N-term;MT=Fixed	NT=Carbamidomethyl;AC=UNIMOD:4;TA=C;MT=Fixed	NT=Oxidation;AC=UNIMOD:35;TA=M;MT=Variable	NT=Trypsin;AC=MS:1001251	NT=Data-dependent acquisition;AC=PRIDE:0000627	NT=beam-type collision-induced dissociation;AC=MS:1000422	35 NCE	not available	not available	5	1	180514_P21478_Proj2_TMT3_CTX21-30_QE2_fraction2.raw	v1.1.0	NT=ms-proteomics;VV=v1.1.0	NT=vertebrates;VV=v1.1.0	NT=clinical-metadata;VV=v1.0.0	manual curation	tetO-hTDP-43-dNLS	1 week
C4c	Mus musculus	cerebral cortex	not applicable	tissue	normal	adult	female	B6C3F1	non-transgenic	4 week	3	180514_P21478_Proj2_TMT3_CTX21-30_QE2_fraction2-TMT129C	proteomic profiling by mass spectrometry	NT=Q Exactive;AC=MS:1001911	TMT129C	NT=TMT6plex;AC=UNIMOD:737;TA=K;MT=Fixed	NT=TMT6plex;AC=UNIMOD:737;PP=Peptide N-term;MT=Fixed	NT=Carbamidomethyl;AC=UNIMOD:4;TA=C;MT=Fixed	NT=Oxidation;AC=UNIMOD:35;TA=M;MT=Variable	NT=Trypsin;AC=MS:1001251	NT=Data-dependent acquisition;AC=PRIDE:0000627	NT=beam-type collision-induced dissociation;AC=MS:1000422	35 NCE	not available	not available	5	1	180514_P21478_Proj2_TMT3_CTX21-30_QE2_fraction2.raw	v1.1.0	NT=ms-proteomics;VV=v1.1.0	NT=vertebrates;VV=v1.1.0	NT=clinical-metadata;VV=v1.0.0	manual curation	non-transgenic	4 week
C6c	Mus musculus	cerebral cortex	not applicable	tissue	normal	adult	female	B6C3F1	non-transgenic	6 week	3	180514_P21478_Proj2_TMT3_CTX21-30_QE2_fraction2-TMT130N	proteomic profiling by mass spectrometry	NT=Q Exactive;AC=MS:1001911	TMT130N	NT=TMT6plex;AC=UNIMOD:737;TA=K;MT=Fixed	NT=TMT6plex;AC=UNIMOD:737;PP=Peptide N-term;MT=Fixed	NT=Carbamidomethyl;AC=UNIMOD:4;TA=C;MT=Fixed	NT=Oxidation;AC=UNIMOD:35;TA=M;MT=Variable	NT=Trypsin;AC=MS:1001251	NT=Data-dependent acquisition;AC=PRIDE:0000627	NT=beam-type collision-induced dissociation;AC=MS:1000422	35 NCE	not available	not available	5	1	180514_P21478_Proj2_TMT3_CTX21-30_QE2_fraction2.raw	v1.1.0	NT=ms-proteomics;VV=v1.1.0	NT=vertebrates;VV=v1.1.0	NT=clinical-metadata;VV=v1.0.0	manual curation	non-transgenic	6 week
C6+RECc	Mus musculus	cerebral cortex	not applicable	tissue	normal	adult	female	B6C3F1	NEFH-tTA	6 week + recovery	3	180514_P21478_Proj2_TMT3_CTX21-30_QE2_fraction2-TMT130C	proteomic profiling by mass spectrometry	NT=Q Exactive;AC=MS:1001911	TMT130C	NT=TMT6plex;AC=UNIMOD:737;TA=K;MT=Fixed	NT=TMT6plex;AC=UNIMOD:737;PP=Peptide N-term;MT=Fixed	NT=Carbamidomethyl;AC=UNIMOD:4;TA=C;MT=Fixed	NT=Oxidation;AC=UNIMOD:35;TA=M;MT=Variable	NT=Trypsin;AC=MS:1001251	NT=Data-dependent acquisition;AC=PRIDE:0000627	NT=beam-type collision-induced dissociation;AC=MS:1000422	35 NCE	not available	not available	5	1	180514_P21478_Proj2_TMT3_CTX21-30_QE2_fraction2.raw	v1.1.0	NT=ms-proteomics;VV=v1.1.0	NT=vertebrates;VV=v1.1.0	NT=clinical-metadata;VV=v1.0.0	manual curation	NEFH-tTA	6 week + recovery
pooled_control_reference_TMT3_CTX21-30	Mus musculus	cerebral cortex	not applicable	tissue	normal	adult	female	B6C3F1	not applicable	not applicable	pooled	180514_P21478_Proj2_TMT3_CTX21-30_QE2_fraction2-TMT131	proteomic profiling by mass spectrometry	NT=Q Exactive;AC=MS:1001911	TMT131	NT=TMT6plex;AC=UNIMOD:737;TA=K;MT=Fixed	NT=TMT6plex;AC=UNIMOD:737;PP=Peptide N-term;MT=Fixed	NT=Carbamidomethyl;AC=UNIMOD:4;TA=C;MT=Fixed	NT=Oxidation;AC=UNIMOD:35;TA=M;MT=Variable	NT=Trypsin;AC=MS:1001251	NT=Data-dependent acquisition;AC=PRIDE:0000627	NT=beam-type collision-induced dissociation;AC=MS:1000422	35 NCE	not available	not available	5	1	180514_P21478_Proj2_TMT3_CTX21-30_QE2_fraction2.raw	v1.1.0	NT=ms-proteomics;VV=v1.1.0	NT=vertebrates;VV=v1.1.0	NT=clinical-metadata;VV=v1.0.0	manual curation	not applicable	not applicable
D1c	Mus musculus	cerebral cortex	not applicable	tissue	amyotrophic lateral sclerosis	adult	female	B6C3F1	rNLS8 (NEFH-tTA x tetO-hTDP-43-dNLS)	1 week	3	180514_P21478_Proj2_TMT3_CTX21-30_QE2_fraction3-TMT126	proteomic profiling by mass spectrometry	NT=Q Exactive;AC=MS:1001911	TMT126	NT=TMT6plex;AC=UNIMOD:737;TA=K;MT=Fixed	NT=TMT6plex;AC=UNIMOD:737;PP=Peptide N-term;MT=Fixed	NT=Carbamidomethyl;AC=UNIMOD:4;TA=C;MT=Fixed	NT=Oxidation;AC=UNIMOD:35;TA=M;MT=Variable	NT=Trypsin;AC=MS:1001251	NT=Data-dependent acquisition;AC=PRIDE:0000627	NT=beam-type collision-induced dissociation;AC=MS:1000422	35 NCE	not available	not available	6	1	180514_P21478_Proj2_TMT3_CTX21-30_QE2_fraction3.raw	v1.1.0	NT=ms-proteomics;VV=v1.1.0	NT=vertebrates;VV=v1.1.0	NT=clinical-metadata;VV=v1.0.0	manual curation	rNLS8 (NEFH-tTA x tetO-hTDP-43-dNLS)	1 week
D2c	Mus musculus	cerebral cortex	not applicable	tissue	amyotrophic lateral sclerosis	adult	female	B6C3F1	rNLS8 (NEFH-tTA x tetO-hTDP-43-dNLS)	2 week	3	180514_P21478_Proj2_TMT3_CTX21-30_QE2_fraction3-TMT127N	proteomic profiling by mass spectrometry	NT=Q Exactive;AC=MS:1001911	TMT127N	NT=TMT6plex;AC=UNIMOD:737;TA=K;MT=Fixed	NT=TMT6plex;AC=UNIMOD:737;PP=Peptide N-term;MT=Fixed	NT=Carbamidomethyl;AC=UNIMOD:4;TA=C;MT=Fixed	NT=Oxidation;AC=UNIMOD:35;TA=M;MT=Variable	NT=Trypsin;AC=MS:1001251	NT=Data-dependent acquisition;AC=PRIDE:0000627	NT=beam-type collision-induced dissociation;AC=MS:1000422	35 NCE	not available	not available	6	1	180514_P21478_Proj2_TMT3_CTX21-30_QE2_fraction3.raw	v1.1.0	NT=ms-proteomics;VV=v1.1.0	NT=vertebrates;VV=v1.1.0	NT=clinical-metadata;VV=v1.0.0	manual curation	rNLS8 (NEFH-tTA x tetO-hTDP-43-dNLS)	2 week
D4c	Mus musculus	cerebral cortex	not applicable	tissue	amyotrophic lateral sclerosis	adult	female	B6C3F1	rNLS8 (NEFH-tTA x tetO-hTDP-43-dNLS)	4 week	3	180514_P21478_Proj2_TMT3_CTX21-30_QE2_fraction3-TMT127C	proteomic profiling by mass spectrometry	NT=Q Exactive;AC=MS:1001911	TMT127C	NT=TMT6plex;AC=UNIMOD:737;TA=K;MT=Fixed	NT=TMT6plex;AC=UNIMOD:737;PP=Peptide N-term;MT=Fixed	NT=Carbamidomethyl;AC=UNIMOD:4;TA=C;MT=Fixed	NT=Oxidation;AC=UNIMOD:35;TA=M;MT=Variable	NT=Trypsin;AC=MS:1001251	NT=Data-dependent acquisition;AC=PRIDE:0000627	NT=beam-type collision-induced dissociation;AC=MS:1000422	35 NCE	not available	not available	6	1	180514_P21478_Proj2_TMT3_CTX21-30_QE2_fraction3.raw	v1.1.0	NT=ms-proteomics;VV=v1.1.0	NT=vertebrates;VV=v1.1.0	NT=clinical-metadata;VV=v1.0.0	manual curation	rNLS8 (NEFH-tTA x tetO-hTDP-43-dNLS)	4 week
D6c	Mus musculus	cerebral cortex	not applicable	tissue	amyotrophic lateral sclerosis	adult	female	B6C3F1	rNLS8 (NEFH-tTA x tetO-hTDP-43-dNLS)	6 week	3	180514_P21478_Proj2_TMT3_CTX21-30_QE2_fraction3-TMT128N	proteomic profiling by mass spectrometry	NT=Q Exactive;AC=MS:1001911	TMT128N	NT=TMT6plex;AC=UNIMOD:737;TA=K;MT=Fixed	NT=TMT6plex;AC=UNIMOD:737;PP=Peptide N-term;MT=Fixed	NT=Carbamidomethyl;AC=UNIMOD:4;TA=C;MT=Fixed	NT=Oxidation;AC=UNIMOD:35;TA=M;MT=Variable	NT=Trypsin;AC=MS:1001251	NT=Data-dependent acquisition;AC=PRIDE:0000627	NT=beam-type collision-induced dissociation;AC=MS:1000422	35 NCE	not available	not available	6	1	180514_P21478_Proj2_TMT3_CTX21-30_QE2_fraction3.raw	v1.1.0	NT=ms-proteomics;VV=v1.1.0	NT=vertebrates;VV=v1.1.0	NT=clinical-metadata;VV=v1.0.0	manual curation	rNLS8 (NEFH-tTA x tetO-hTDP-43-dNLS)	6 week
D6+RECc	Mus musculus	cerebral cortex	not applicable	tissue	amyotrophic lateral sclerosis	adult	female	B6C3F1	rNLS8 (NEFH-tTA x tetO-hTDP-43-dNLS)	6 week + recovery	3	180514_P21478_Proj2_TMT3_CTX21-30_QE2_fraction3-TMT128C	proteomic profiling by mass spectrometry	NT=Q Exactive;AC=MS:1001911	TMT128C	NT=TMT6plex;AC=UNIMOD:737;TA=K;MT=Fixed	NT=TMT6plex;AC=UNIMOD:737;PP=Peptide N-term;MT=Fixed	NT=Carbamidomethyl;AC=UNIMOD:4;TA=C;MT=Fixed	NT=Oxidation;AC=UNIMOD:35;TA=M;MT=Variable	NT=Trypsin;AC=MS:1001251	NT=Data-dependent acquisition;AC=PRIDE:0000627	NT=beam-type collision-induced dissociation;AC=MS:1000422	35 NCE	not available	not available	6	1	180514_P21478_Proj2_TMT3_CTX21-30_QE2_fraction3.raw	v1.1.0	NT=ms-proteomics;VV=v1.1.0	NT=vertebrates;VV=v1.1.0	NT=clinical-metadata;VV=v1.0.0	manual curation	rNLS8 (NEFH-tTA x tetO-hTDP-43-dNLS)	6 week + recovery
C1c	Mus musculus	cerebral cortex	not applicable	tissue	normal	adult	female	B6C3F1	tetO-hTDP-43-dNLS	1 week	3	180514_P21478_Proj2_TMT3_CTX21-30_QE2_fraction3-TMT129N	proteomic profiling by mass spectrometry	NT=Q Exactive;AC=MS:1001911	TMT129N	NT=TMT6plex;AC=UNIMOD:737;TA=K;MT=Fixed	NT=TMT6plex;AC=UNIMOD:737;PP=Peptide N-term;MT=Fixed	NT=Carbamidomethyl;AC=UNIMOD:4;TA=C;MT=Fixed	NT=Oxidation;AC=UNIMOD:35;TA=M;MT=Variable	NT=Trypsin;AC=MS:1001251	NT=Data-dependent acquisition;AC=PRIDE:0000627	NT=beam-type collision-induced dissociation;AC=MS:1000422	35 NCE	not available	not available	6	1	180514_P21478_Proj2_TMT3_CTX21-30_QE2_fraction3.raw	v1.1.0	NT=ms-proteomics;VV=v1.1.0	NT=vertebrates;VV=v1.1.0	NT=clinical-metadata;VV=v1.0.0	manual curation	tetO-hTDP-43-dNLS	1 week
C4c	Mus musculus	cerebral cortex	not applicable	tissue	normal	adult	female	B6C3F1	non-transgenic	4 week	3	180514_P21478_Proj2_TMT3_CTX21-30_QE2_fraction3-TMT129C	proteomic profiling by mass spectrometry	NT=Q Exactive;AC=MS:1001911	TMT129C	NT=TMT6plex;AC=UNIMOD:737;TA=K;MT=Fixed	NT=TMT6plex;AC=UNIMOD:737;PP=Peptide N-term;MT=Fixed	NT=Carbamidomethyl;AC=UNIMOD:4;TA=C;MT=Fixed	NT=Oxidation;AC=UNIMOD:35;TA=M;MT=Variable	NT=Trypsin;AC=MS:1001251	NT=Data-dependent acquisition;AC=PRIDE:0000627	NT=beam-type collision-induced dissociation;AC=MS:1000422	35 NCE	not available	not available	6	1	180514_P21478_Proj2_TMT3_CTX21-30_QE2_fraction3.raw	v1.1.0	NT=ms-proteomics;VV=v1.1.0	NT=vertebrates;VV=v1.1.0	NT=clinical-metadata;VV=v1.0.0	manual curation	non-transgenic	4 week
C6c	Mus musculus	cerebral cortex	not applicable	tissue	normal	adult	female	B6C3F1	non-transgenic	6 week	3	180514_P21478_Proj2_TMT3_CTX21-30_QE2_fraction3-TMT130N	proteomic profiling by mass spectrometry	NT=Q Exactive;AC=MS:1001911	TMT130N	NT=TMT6plex;AC=UNIMOD:737;TA=K;MT=Fixed	NT=TMT6plex;AC=UNIMOD:737;PP=Peptide N-term;MT=Fixed	NT=Carbamidomethyl;AC=UNIMOD:4;TA=C;MT=Fixed	NT=Oxidation;AC=UNIMOD:35;TA=M;MT=Variable	NT=Trypsin;AC=MS:1001251	NT=Data-dependent acquisition;AC=PRIDE:0000627	NT=beam-type collision-induced dissociation;AC=MS:1000422	35 NCE	not available	not available	6	1	180514_P21478_Proj2_TMT3_CTX21-30_QE2_fraction3.raw	v1.1.0	NT=ms-proteomics;VV=v1.1.0	NT=vertebrates;VV=v1.1.0	NT=clinical-metadata;VV=v1.0.0	manual curation	non-transgenic	6 week
C6+RECc	Mus musculus	cerebral cortex	not applicable	tissue	normal	adult	female	B6C3F1	NEFH-tTA	6 week + recovery	3	180514_P21478_Proj2_TMT3_CTX21-30_QE2_fraction3-TMT130C	proteomic profiling by mass spectrometry	NT=Q Exactive;AC=MS:1001911	TMT130C	NT=TMT6plex;AC=UNIMOD:737;TA=K;MT=Fixed	NT=TMT6plex;AC=UNIMOD:737;PP=Peptide N-term;MT=Fixed	NT=Carbamidomethyl;AC=UNIMOD:4;TA=C;MT=Fixed	NT=Oxidation;AC=UNIMOD:35;TA=M;MT=Variable	NT=Trypsin;AC=MS:1001251	NT=Data-dependent acquisition;AC=PRIDE:0000627	NT=beam-type collision-induced dissociation;AC=MS:1000422	35 NCE	not available	not available	6	1	180514_P21478_Proj2_TMT3_CTX21-30_QE2_fraction3.raw	v1.1.0	NT=ms-proteomics;VV=v1.1.0	NT=vertebrates;VV=v1.1.0	NT=clinical-metadata;VV=v1.0.0	manual curation	NEFH-tTA	6 week + recovery
pooled_control_reference_TMT3_CTX21-30	Mus musculus	cerebral cortex	not applicable	tissue	normal	adult	female	B6C3F1	not applicable	not applicable	pooled	180514_P21478_Proj2_TMT3_CTX21-30_QE2_fraction3-TMT131	proteomic profiling by mass spectrometry	NT=Q Exactive;AC=MS:1001911	TMT131	NT=TMT6plex;AC=UNIMOD:737;TA=K;MT=Fixed	NT=TMT6plex;AC=UNIMOD:737;PP=Peptide N-term;MT=Fixed	NT=Carbamidomethyl;AC=UNIMOD:4;TA=C;MT=Fixed	NT=Oxidation;AC=UNIMOD:35;TA=M;MT=Variable	NT=Trypsin;AC=MS:1001251	NT=Data-dependent acquisition;AC=PRIDE:0000627	NT=beam-type collision-induced dissociation;AC=MS:1000422	35 NCE	not available	not available	6	1	180514_P21478_Proj2_TMT3_CTX21-30_QE2_fraction3.raw	v1.1.0	NT=ms-proteomics;VV=v1.1.0	NT=vertebrates;VV=v1.1.0	NT=clinical-metadata;VV=v1.0.0	manual curation	not applicable	not applicable
D1c	Mus musculus	cerebral cortex	not applicable	tissue	amyotrophic lateral sclerosis	adult	female	B6C3F1	rNLS8 (NEFH-tTA x tetO-hTDP-43-dNLS)	1 week	3	180514_P21478_Proj2_TMT3_CTX21-30_QE2_fraction4-TMT126	proteomic profiling by mass spectrometry	NT=Q Exactive;AC=MS:1001911	TMT126	NT=TMT6plex;AC=UNIMOD:737;TA=K;MT=Fixed	NT=TMT6plex;AC=UNIMOD:737;PP=Peptide N-term;MT=Fixed	NT=Carbamidomethyl;AC=UNIMOD:4;TA=C;MT=Fixed	NT=Oxidation;AC=UNIMOD:35;TA=M;MT=Variable	NT=Trypsin;AC=MS:1001251	NT=Data-dependent acquisition;AC=PRIDE:0000627	NT=beam-type collision-induced dissociation;AC=MS:1000422	35 NCE	not available	not available	7	1	180514_P21478_Proj2_TMT3_CTX21-30_QE2_fraction4.raw	v1.1.0	NT=ms-proteomics;VV=v1.1.0	NT=vertebrates;VV=v1.1.0	NT=clinical-metadata;VV=v1.0.0	manual curation	rNLS8 (NEFH-tTA x tetO-hTDP-43-dNLS)	1 week
D2c	Mus musculus	cerebral cortex	not applicable	tissue	amyotrophic lateral sclerosis	adult	female	B6C3F1	rNLS8 (NEFH-tTA x tetO-hTDP-43-dNLS)	2 week	3	180514_P21478_Proj2_TMT3_CTX21-30_QE2_fraction4-TMT127N	proteomic profiling by mass spectrometry	NT=Q Exactive;AC=MS:1001911	TMT127N	NT=TMT6plex;AC=UNIMOD:737;TA=K;MT=Fixed	NT=TMT6plex;AC=UNIMOD:737;PP=Peptide N-term;MT=Fixed	NT=Carbamidomethyl;AC=UNIMOD:4;TA=C;MT=Fixed	NT=Oxidation;AC=UNIMOD:35;TA=M;MT=Variable	NT=Trypsin;AC=MS:1001251	NT=Data-dependent acquisition;AC=PRIDE:0000627	NT=beam-type collision-induced dissociation;AC=MS:1000422	35 NCE	not available	not available	7	1	180514_P21478_Proj2_TMT3_CTX21-30_QE2_fraction4.raw	v1.1.0	NT=ms-proteomics;VV=v1.1.0	NT=vertebrates;VV=v1.1.0	NT=clinical-metadata;VV=v1.0.0	manual curation	rNLS8 (NEFH-tTA x tetO-hTDP-43-dNLS)	2 week
D4c	Mus musculus	cerebral cortex	not applicable	tissue	amyotrophic lateral sclerosis	adult	female	B6C3F1	rNLS8 (NEFH-tTA x tetO-hTDP-43-dNLS)	4 week	3	180514_P21478_Proj2_TMT3_CTX21-30_QE2_fraction4-TMT127C	proteomic profiling by mass spectrometry	NT=Q Exactive;AC=MS:1001911	TMT127C	NT=TMT6plex;AC=UNIMOD:737;TA=K;MT=Fixed	NT=TMT6plex;AC=UNIMOD:737;PP=Peptide N-term;MT=Fixed	NT=Carbamidomethyl;AC=UNIMOD:4;TA=C;MT=Fixed	NT=Oxidation;AC=UNIMOD:35;TA=M;MT=Variable	NT=Trypsin;AC=MS:1001251	NT=Data-dependent acquisition;AC=PRIDE:0000627	NT=beam-type collision-induced dissociation;AC=MS:1000422	35 NCE	not available	not available	7	1	180514_P21478_Proj2_TMT3_CTX21-30_QE2_fraction4.raw	v1.1.0	NT=ms-proteomics;VV=v1.1.0	NT=vertebrates;VV=v1.1.0	NT=clinical-metadata;VV=v1.0.0	manual curation	rNLS8 (NEFH-tTA x tetO-hTDP-43-dNLS)	4 week
D6c	Mus musculus	cerebral cortex	not applicable	tissue	amyotrophic lateral sclerosis	adult	female	B6C3F1	rNLS8 (NEFH-tTA x tetO-hTDP-43-dNLS)	6 week	3	180514_P21478_Proj2_TMT3_CTX21-30_QE2_fraction4-TMT128N	proteomic profiling by mass spectrometry	NT=Q Exactive;AC=MS:1001911	TMT128N	NT=TMT6plex;AC=UNIMOD:737;TA=K;MT=Fixed	NT=TMT6plex;AC=UNIMOD:737;PP=Peptide N-term;MT=Fixed	NT=Carbamidomethyl;AC=UNIMOD:4;TA=C;MT=Fixed	NT=Oxidation;AC=UNIMOD:35;TA=M;MT=Variable	NT=Trypsin;AC=MS:1001251	NT=Data-dependent acquisition;AC=PRIDE:0000627	NT=beam-type collision-induced dissociation;AC=MS:1000422	35 NCE	not available	not available	7	1	180514_P21478_Proj2_TMT3_CTX21-30_QE2_fraction4.raw	v1.1.0	NT=ms-proteomics;VV=v1.1.0	NT=vertebrates;VV=v1.1.0	NT=clinical-metadata;VV=v1.0.0	manual curation	rNLS8 (NEFH-tTA x tetO-hTDP-43-dNLS)	6 week
D6+RECc	Mus musculus	cerebral cortex	not applicable	tissue	amyotrophic lateral sclerosis	adult	female	B6C3F1	rNLS8 (NEFH-tTA x tetO-hTDP-43-dNLS)	6 week + recovery	3	180514_P21478_Proj2_TMT3_CTX21-30_QE2_fraction4-TMT128C	proteomic profiling by mass spectrometry	NT=Q Exactive;AC=MS:1001911	TMT128C	NT=TMT6plex;AC=UNIMOD:737;TA=K;MT=Fixed	NT=TMT6plex;AC=UNIMOD:737;PP=Peptide N-term;MT=Fixed	NT=Carbamidomethyl;AC=UNIMOD:4;TA=C;MT=Fixed	NT=Oxidation;AC=UNIMOD:35;TA=M;MT=Variable	NT=Trypsin;AC=MS:1001251	NT=Data-dependent acquisition;AC=PRIDE:0000627	NT=beam-type collision-induced dissociation;AC=MS:1000422	35 NCE	not available	not available	7	1	180514_P21478_Proj2_TMT3_CTX21-30_QE2_fraction4.raw	v1.1.0	NT=ms-proteomics;VV=v1.1.0	NT=vertebrates;VV=v1.1.0	NT=clinical-metadata;VV=v1.0.0	manual curation	rNLS8 (NEFH-tTA x tetO-hTDP-43-dNLS)	6 week + recovery
C1c	Mus musculus	cerebral cortex	not applicable	tissue	normal	adult	female	B6C3F1	tetO-hTDP-43-dNLS	1 week	3	180514_P21478_Proj2_TMT3_CTX21-30_QE2_fraction4-TMT129N	proteomic profiling by mass spectrometry	NT=Q Exactive;AC=MS:1001911	TMT129N	NT=TMT6plex;AC=UNIMOD:737;TA=K;MT=Fixed	NT=TMT6plex;AC=UNIMOD:737;PP=Peptide N-term;MT=Fixed	NT=Carbamidomethyl;AC=UNIMOD:4;TA=C;MT=Fixed	NT=Oxidation;AC=UNIMOD:35;TA=M;MT=Variable	NT=Trypsin;AC=MS:1001251	NT=Data-dependent acquisition;AC=PRIDE:0000627	NT=beam-type collision-induced dissociation;AC=MS:1000422	35 NCE	not available	not available	7	1	180514_P21478_Proj2_TMT3_CTX21-30_QE2_fraction4.raw	v1.1.0	NT=ms-proteomics;VV=v1.1.0	NT=vertebrates;VV=v1.1.0	NT=clinical-metadata;VV=v1.0.0	manual curation	tetO-hTDP-43-dNLS	1 week
C4c	Mus musculus	cerebral cortex	not applicable	tissue	normal	adult	female	B6C3F1	non-transgenic	4 week	3	180514_P21478_Proj2_TMT3_CTX21-30_QE2_fraction4-TMT129C	proteomic profiling by mass spectrometry	NT=Q Exactive;AC=MS:1001911	TMT129C	NT=TMT6plex;AC=UNIMOD:737;TA=K;MT=Fixed	NT=TMT6plex;AC=UNIMOD:737;PP=Peptide N-term;MT=Fixed	NT=Carbamidomethyl;AC=UNIMOD:4;TA=C;MT=Fixed	NT=Oxidation;AC=UNIMOD:35;TA=M;MT=Variable	NT=Trypsin;AC=MS:1001251	NT=Data-dependent acquisition;AC=PRIDE:0000627	NT=beam-type collision-induced dissociation;AC=MS:1000422	35 NCE	not available	not available	7	1	180514_P21478_Proj2_TMT3_CTX21-30_QE2_fraction4.raw	v1.1.0	NT=ms-proteomics;VV=v1.1.0	NT=vertebrates;VV=v1.1.0	NT=clinical-metadata;VV=v1.0.0	manual curation	non-transgenic	4 week
C6c	Mus musculus	cerebral cortex	not applicable	tissue	normal	adult	female	B6C3F1	non-transgenic	6 week	3	180514_P21478_Proj2_TMT3_CTX21-30_QE2_fraction4-TMT130N	proteomic profiling by mass spectrometry	NT=Q Exactive;AC=MS:1001911	TMT130N	NT=TMT6plex;AC=UNIMOD:737;TA=K;MT=Fixed	NT=TMT6plex;AC=UNIMOD:737;PP=Peptide N-term;MT=Fixed	NT=Carbamidomethyl;AC=UNIMOD:4;TA=C;MT=Fixed	NT=Oxidation;AC=UNIMOD:35;TA=M;MT=Variable	NT=Trypsin;AC=MS:1001251	NT=Data-dependent acquisition;AC=PRIDE:0000627	NT=beam-type collision-induced dissociation;AC=MS:1000422	35 NCE	not available	not available	7	1	180514_P21478_Proj2_TMT3_CTX21-30_QE2_fraction4.raw	v1.1.0	NT=ms-proteomics;VV=v1.1.0	NT=vertebrates;VV=v1.1.0	NT=clinical-metadata;VV=v1.0.0	manual curation	non-transgenic	6 week
C6+RECc	Mus musculus	cerebral cortex	not applicable	tissue	normal	adult	female	B6C3F1	NEFH-tTA	6 week + recovery	3	180514_P21478_Proj2_TMT3_CTX21-30_QE2_fraction4-TMT130C	proteomic profiling by mass spectrometry	NT=Q Exactive;AC=MS:1001911	TMT130C	NT=TMT6plex;AC=UNIMOD:737;TA=K;MT=Fixed	NT=TMT6plex;AC=UNIMOD:737;PP=Peptide N-term;MT=Fixed	NT=Carbamidomethyl;AC=UNIMOD:4;TA=C;MT=Fixed	NT=Oxidation;AC=UNIMOD:35;TA=M;MT=Variable	NT=Trypsin;AC=MS:1001251	NT=Data-dependent acquisition;AC=PRIDE:0000627	NT=beam-type collision-induced dissociation;AC=MS:1000422	35 NCE	not available	not available	7	1	180514_P21478_Proj2_TMT3_CTX21-30_QE2_fraction4.raw	v1.1.0	NT=ms-proteomics;VV=v1.1.0	NT=vertebrates;VV=v1.1.0	NT=clinical-metadata;VV=v1.0.0	manual curation	NEFH-tTA	6 week + recovery
pooled_control_reference_TMT3_CTX21-30	Mus musculus	cerebral cortex	not applicable	tissue	normal	adult	female	B6C3F1	not applicable	not applicable	pooled	180514_P21478_Proj2_TMT3_CTX21-30_QE2_fraction4-TMT131	proteomic profiling by mass spectrometry	NT=Q Exactive;AC=MS:1001911	TMT131	NT=TMT6plex;AC=UNIMOD:737;TA=K;MT=Fixed	NT=TMT6plex;AC=UNIMOD:737;PP=Peptide N-term;MT=Fixed	NT=Carbamidomethyl;AC=UNIMOD:4;TA=C;MT=Fixed	NT=Oxidation;AC=UNIMOD:35;TA=M;MT=Variable	NT=Trypsin;AC=MS:1001251	NT=Data-dependent acquisition;AC=PRIDE:0000627	NT=beam-type collision-induced dissociation;AC=MS:1000422	35 NCE	not available	not available	7	1	180514_P21478_Proj2_TMT3_CTX21-30_QE2_fraction4.raw	v1.1.0	NT=ms-proteomics;VV=v1.1.0	NT=vertebrates;VV=v1.1.0	NT=clinical-metadata;VV=v1.0.0	manual curation	not applicable	not applicable
D1c	Mus musculus	cerebral cortex	not applicable	tissue	amyotrophic lateral sclerosis	adult	female	B6C3F1	rNLS8 (NEFH-tTA x tetO-hTDP-43-dNLS)	1 week	3	180514_P21478_Proj2_TMT3_CTX21-30_QE2_fraction5-TMT126	proteomic profiling by mass spectrometry	NT=Q Exactive;AC=MS:1001911	TMT126	NT=TMT6plex;AC=UNIMOD:737;TA=K;MT=Fixed	NT=TMT6plex;AC=UNIMOD:737;PP=Peptide N-term;MT=Fixed	NT=Carbamidomethyl;AC=UNIMOD:4;TA=C;MT=Fixed	NT=Oxidation;AC=UNIMOD:35;TA=M;MT=Variable	NT=Trypsin;AC=MS:1001251	NT=Data-dependent acquisition;AC=PRIDE:0000627	NT=beam-type collision-induced dissociation;AC=MS:1000422	35 NCE	not available	not available	8	1	180514_P21478_Proj2_TMT3_CTX21-30_QE2_fraction5.raw	v1.1.0	NT=ms-proteomics;VV=v1.1.0	NT=vertebrates;VV=v1.1.0	NT=clinical-metadata;VV=v1.0.0	manual curation	rNLS8 (NEFH-tTA x tetO-hTDP-43-dNLS)	1 week
D2c	Mus musculus	cerebral cortex	not applicable	tissue	amyotrophic lateral sclerosis	adult	female	B6C3F1	rNLS8 (NEFH-tTA x tetO-hTDP-43-dNLS)	2 week	3	180514_P21478_Proj2_TMT3_CTX21-30_QE2_fraction5-TMT127N	proteomic profiling by mass spectrometry	NT=Q Exactive;AC=MS:1001911	TMT127N	NT=TMT6plex;AC=UNIMOD:737;TA=K;MT=Fixed	NT=TMT6plex;AC=UNIMOD:737;PP=Peptide N-term;MT=Fixed	NT=Carbamidomethyl;AC=UNIMOD:4;TA=C;MT=Fixed	NT=Oxidation;AC=UNIMOD:35;TA=M;MT=Variable	NT=Trypsin;AC=MS:1001251	NT=Data-dependent acquisition;AC=PRIDE:0000627	NT=beam-type collision-induced dissociation;AC=MS:1000422	35 NCE	not available	not available	8	1	180514_P21478_Proj2_TMT3_CTX21-30_QE2_fraction5.raw	v1.1.0	NT=ms-proteomics;VV=v1.1.0	NT=vertebrates;VV=v1.1.0	NT=clinical-metadata;VV=v1.0.0	manual curation	rNLS8 (NEFH-tTA x tetO-hTDP-43-dNLS)	2 week
D4c	Mus musculus	cerebral cortex	not applicable	tissue	amyotrophic lateral sclerosis	adult	female	B6C3F1	rNLS8 (NEFH-tTA x tetO-hTDP-43-dNLS)	4 week	3	180514_P21478_Proj2_TMT3_CTX21-30_QE2_fraction5-TMT127C	proteomic profiling by mass spectrometry	NT=Q Exactive;AC=MS:1001911	TMT127C	NT=TMT6plex;AC=UNIMOD:737;TA=K;MT=Fixed	NT=TMT6plex;AC=UNIMOD:737;PP=Peptide N-term;MT=Fixed	NT=Carbamidomethyl;AC=UNIMOD:4;TA=C;MT=Fixed	NT=Oxidation;AC=UNIMOD:35;TA=M;MT=Variable	NT=Trypsin;AC=MS:1001251	NT=Data-dependent acquisition;AC=PRIDE:0000627	NT=beam-type collision-induced dissociation;AC=MS:1000422	35 NCE	not available	not available	8	1	180514_P21478_Proj2_TMT3_CTX21-30_QE2_fraction5.raw	v1.1.0	NT=ms-proteomics;VV=v1.1.0	NT=vertebrates;VV=v1.1.0	NT=clinical-metadata;VV=v1.0.0	manual curation	rNLS8 (NEFH-tTA x tetO-hTDP-43-dNLS)	4 week
D6c	Mus musculus	cerebral cortex	not applicable	tissue	amyotrophic lateral sclerosis	adult	female	B6C3F1	rNLS8 (NEFH-tTA x tetO-hTDP-43-dNLS)	6 week	3	180514_P21478_Proj2_TMT3_CTX21-30_QE2_fraction5-TMT128N	proteomic profiling by mass spectrometry	NT=Q Exactive;AC=MS:1001911	TMT128N	NT=TMT6plex;AC=UNIMOD:737;TA=K;MT=Fixed	NT=TMT6plex;AC=UNIMOD:737;PP=Peptide N-term;MT=Fixed	NT=Carbamidomethyl;AC=UNIMOD:4;TA=C;MT=Fixed	NT=Oxidation;AC=UNIMOD:35;TA=M;MT=Variable	NT=Trypsin;AC=MS:1001251	NT=Data-dependent acquisition;AC=PRIDE:0000627	NT=beam-type collision-induced dissociation;AC=MS:1000422	35 NCE	not available	not available	8	1	180514_P21478_Proj2_TMT3_CTX21-30_QE2_fraction5.raw	v1.1.0	NT=ms-proteomics;VV=v1.1.0	NT=vertebrates;VV=v1.1.0	NT=clinical-metadata;VV=v1.0.0	manual curation	rNLS8 (NEFH-tTA x tetO-hTDP-43-dNLS)	6 week
D6+RECc	Mus musculus	cerebral cortex	not applicable	tissue	amyotrophic lateral sclerosis	adult	female	B6C3F1	rNLS8 (NEFH-tTA x tetO-hTDP-43-dNLS)	6 week + recovery	3	180514_P21478_Proj2_TMT3_CTX21-30_QE2_fraction5-TMT128C	proteomic profiling by mass spectrometry	NT=Q Exactive;AC=MS:1001911	TMT128C	NT=TMT6plex;AC=UNIMOD:737;TA=K;MT=Fixed	NT=TMT6plex;AC=UNIMOD:737;PP=Peptide N-term;MT=Fixed	NT=Carbamidomethyl;AC=UNIMOD:4;TA=C;MT=Fixed	NT=Oxidation;AC=UNIMOD:35;TA=M;MT=Variable	NT=Trypsin;AC=MS:1001251	NT=Data-dependent acquisition;AC=PRIDE:0000627	NT=beam-type collision-induced dissociation;AC=MS:1000422	35 NCE	not available	not available	8	1	180514_P21478_Proj2_TMT3_CTX21-30_QE2_fraction5.raw	v1.1.0	NT=ms-proteomics;VV=v1.1.0	NT=vertebrates;VV=v1.1.0	NT=clinical-metadata;VV=v1.0.0	manual curation	rNLS8 (NEFH-tTA x tetO-hTDP-43-dNLS)	6 week + recovery
C1c	Mus musculus	cerebral cortex	not applicable	tissue	normal	adult	female	B6C3F1	tetO-hTDP-43-dNLS	1 week	3	180514_P21478_Proj2_TMT3_CTX21-30_QE2_fraction5-TMT129N	proteomic profiling by mass spectrometry	NT=Q Exactive;AC=MS:1001911	TMT129N	NT=TMT6plex;AC=UNIMOD:737;TA=K;MT=Fixed	NT=TMT6plex;AC=UNIMOD:737;PP=Peptide N-term;MT=Fixed	NT=Carbamidomethyl;AC=UNIMOD:4;TA=C;MT=Fixed	NT=Oxidation;AC=UNIMOD:35;TA=M;MT=Variable	NT=Trypsin;AC=MS:1001251	NT=Data-dependent acquisition;AC=PRIDE:0000627	NT=beam-type collision-induced dissociation;AC=MS:1000422	35 NCE	not available	not available	8	1	180514_P21478_Proj2_TMT3_CTX21-30_QE2_fraction5.raw	v1.1.0	NT=ms-proteomics;VV=v1.1.0	NT=vertebrates;VV=v1.1.0	NT=clinical-metadata;VV=v1.0.0	manual curation	tetO-hTDP-43-dNLS	1 week
C4c	Mus musculus	cerebral cortex	not applicable	tissue	normal	adult	female	B6C3F1	non-transgenic	4 week	3	180514_P21478_Proj2_TMT3_CTX21-30_QE2_fraction5-TMT129C	proteomic profiling by mass spectrometry	NT=Q Exactive;AC=MS:1001911	TMT129C	NT=TMT6plex;AC=UNIMOD:737;TA=K;MT=Fixed	NT=TMT6plex;AC=UNIMOD:737;PP=Peptide N-term;MT=Fixed	NT=Carbamidomethyl;AC=UNIMOD:4;TA=C;MT=Fixed	NT=Oxidation;AC=UNIMOD:35;TA=M;MT=Variable	NT=Trypsin;AC=MS:1001251	NT=Data-dependent acquisition;AC=PRIDE:0000627	NT=beam-type collision-induced dissociation;AC=MS:1000422	35 NCE	not available	not available	8	1	180514_P21478_Proj2_TMT3_CTX21-30_QE2_fraction5.raw	v1.1.0	NT=ms-proteomics;VV=v1.1.0	NT=vertebrates;VV=v1.1.0	NT=clinical-metadata;VV=v1.0.0	manual curation	non-transgenic	4 week
C6c	Mus musculus	cerebral cortex	not applicable	tissue	normal	adult	female	B6C3F1	non-transgenic	6 week	3	180514_P21478_Proj2_TMT3_CTX21-30_QE2_fraction5-TMT130N	proteomic profiling by mass spectrometry	NT=Q Exactive;AC=MS:1001911	TMT130N	NT=TMT6plex;AC=UNIMOD:737;TA=K;MT=Fixed	NT=TMT6plex;AC=UNIMOD:737;PP=Peptide N-term;MT=Fixed	NT=Carbamidomethyl;AC=UNIMOD:4;TA=C;MT=Fixed	NT=Oxidation;AC=UNIMOD:35;TA=M;MT=Variable	NT=Trypsin;AC=MS:1001251	NT=Data-dependent acquisition;AC=PRIDE:0000627	NT=beam-type collision-induced dissociation;AC=MS:1000422	35 NCE	not available	not available	8	1	180514_P21478_Proj2_TMT3_CTX21-30_QE2_fraction5.raw	v1.1.0	NT=ms-proteomics;VV=v1.1.0	NT=vertebrates;VV=v1.1.0	NT=clinical-metadata;VV=v1.0.0	manual curation	non-transgenic	6 week
C6+RECc	Mus musculus	cerebral cortex	not applicable	tissue	normal	adult	female	B6C3F1	NEFH-tTA	6 week + recovery	3	180514_P21478_Proj2_TMT3_CTX21-30_QE2_fraction5-TMT130C	proteomic profiling by mass spectrometry	NT=Q Exactive;AC=MS:1001911	TMT130C	NT=TMT6plex;AC=UNIMOD:737;TA=K;MT=Fixed	NT=TMT6plex;AC=UNIMOD:737;PP=Peptide N-term;MT=Fixed	NT=Carbamidomethyl;AC=UNIMOD:4;TA=C;MT=Fixed	NT=Oxidation;AC=UNIMOD:35;TA=M;MT=Variable	NT=Trypsin;AC=MS:1001251	NT=Data-dependent acquisition;AC=PRIDE:0000627	NT=beam-type collision-induced dissociation;AC=MS:1000422	35 NCE	not available	not available	8	1	180514_P21478_Proj2_TMT3_CTX21-30_QE2_fraction5.raw	v1.1.0	NT=ms-proteomics;VV=v1.1.0	NT=vertebrates;VV=v1.1.0	NT=clinical-metadata;VV=v1.0.0	manual curation	NEFH-tTA	6 week + recovery
pooled_control_reference_TMT3_CTX21-30	Mus musculus	cerebral cortex	not applicable	tissue	normal	adult	female	B6C3F1	not applicable	not applicable	pooled	180514_P21478_Proj2_TMT3_CTX21-30_QE2_fraction5-TMT131	proteomic profiling by mass spectrometry	NT=Q Exactive;AC=MS:1001911	TMT131	NT=TMT6plex;AC=UNIMOD:737;TA=K;MT=Fixed	NT=TMT6plex;AC=UNIMOD:737;PP=Peptide N-term;MT=Fixed	NT=Carbamidomethyl;AC=UNIMOD:4;TA=C;MT=Fixed	NT=Oxidation;AC=UNIMOD:35;TA=M;MT=Variable	NT=Trypsin;AC=MS:1001251	NT=Data-dependent acquisition;AC=PRIDE:0000627	NT=beam-type collision-induced dissociation;AC=MS:1000422	35 NCE	not available	not available	8	1	180514_P21478_Proj2_TMT3_CTX21-30_QE2_fraction5.raw	v1.1.0	NT=ms-proteomics;VV=v1.1.0	NT=vertebrates;VV=v1.1.0	NT=clinical-metadata;VV=v1.0.0	manual curation	not applicable	not applicable
D1c	Mus musculus	cerebral cortex	not applicable	tissue	amyotrophic lateral sclerosis	adult	female	B6C3F1	rNLS8 (NEFH-tTA x tetO-hTDP-43-dNLS)	1 week	3	180514_P21478_Proj2_TMT3_CTX21-30_QE2_fraction6-TMT126	proteomic profiling by mass spectrometry	NT=Q Exactive;AC=MS:1001911	TMT126	NT=TMT6plex;AC=UNIMOD:737;TA=K;MT=Fixed	NT=TMT6plex;AC=UNIMOD:737;PP=Peptide N-term;MT=Fixed	NT=Carbamidomethyl;AC=UNIMOD:4;TA=C;MT=Fixed	NT=Oxidation;AC=UNIMOD:35;TA=M;MT=Variable	NT=Trypsin;AC=MS:1001251	NT=Data-dependent acquisition;AC=PRIDE:0000627	NT=beam-type collision-induced dissociation;AC=MS:1000422	35 NCE	not available	not available	9	1	180514_P21478_Proj2_TMT3_CTX21-30_QE2_fraction6.raw	v1.1.0	NT=ms-proteomics;VV=v1.1.0	NT=vertebrates;VV=v1.1.0	NT=clinical-metadata;VV=v1.0.0	manual curation	rNLS8 (NEFH-tTA x tetO-hTDP-43-dNLS)	1 week
D2c	Mus musculus	cerebral cortex	not applicable	tissue	amyotrophic lateral sclerosis	adult	female	B6C3F1	rNLS8 (NEFH-tTA x tetO-hTDP-43-dNLS)	2 week	3	180514_P21478_Proj2_TMT3_CTX21-30_QE2_fraction6-TMT127N	proteomic profiling by mass spectrometry	NT=Q Exactive;AC=MS:1001911	TMT127N	NT=TMT6plex;AC=UNIMOD:737;TA=K;MT=Fixed	NT=TMT6plex;AC=UNIMOD:737;PP=Peptide N-term;MT=Fixed	NT=Carbamidomethyl;AC=UNIMOD:4;TA=C;MT=Fixed	NT=Oxidation;AC=UNIMOD:35;TA=M;MT=Variable	NT=Trypsin;AC=MS:1001251	NT=Data-dependent acquisition;AC=PRIDE:0000627	NT=beam-type collision-induced dissociation;AC=MS:1000422	35 NCE	not available	not available	9	1	180514_P21478_Proj2_TMT3_CTX21-30_QE2_fraction6.raw	v1.1.0	NT=ms-proteomics;VV=v1.1.0	NT=vertebrates;VV=v1.1.0	NT=clinical-metadata;VV=v1.0.0	manual curation	rNLS8 (NEFH-tTA x tetO-hTDP-43-dNLS)	2 week
D4c	Mus musculus	cerebral cortex	not applicable	tissue	amyotrophic lateral sclerosis	adult	female	B6C3F1	rNLS8 (NEFH-tTA x tetO-hTDP-43-dNLS)	4 week	3	180514_P21478_Proj2_TMT3_CTX21-30_QE2_fraction6-TMT127C	proteomic profiling by mass spectrometry	NT=Q Exactive;AC=MS:1001911	TMT127C	NT=TMT6plex;AC=UNIMOD:737;TA=K;MT=Fixed	NT=TMT6plex;AC=UNIMOD:737;PP=Peptide N-term;MT=Fixed	NT=Carbamidomethyl;AC=UNIMOD:4;TA=C;MT=Fixed	NT=Oxidation;AC=UNIMOD:35;TA=M;MT=Variable	NT=Trypsin;AC=MS:1001251	NT=Data-dependent acquisition;AC=PRIDE:0000627	NT=beam-type collision-induced dissociation;AC=MS:1000422	35 NCE	not available	not available	9	1	180514_P21478_Proj2_TMT3_CTX21-30_QE2_fraction6.raw	v1.1.0	NT=ms-proteomics;VV=v1.1.0	NT=vertebrates;VV=v1.1.0	NT=clinical-metadata;VV=v1.0.0	manual curation	rNLS8 (NEFH-tTA x tetO-hTDP-43-dNLS)	4 week
D6c	Mus musculus	cerebral cortex	not applicable	tissue	amyotrophic lateral sclerosis	adult	female	B6C3F1	rNLS8 (NEFH-tTA x tetO-hTDP-43-dNLS)	6 week	3	180514_P21478_Proj2_TMT3_CTX21-30_QE2_fraction6-TMT128N	proteomic profiling by mass spectrometry	NT=Q Exactive;AC=MS:1001911	TMT128N	NT=TMT6plex;AC=UNIMOD:737;TA=K;MT=Fixed	NT=TMT6plex;AC=UNIMOD:737;PP=Peptide N-term;MT=Fixed	NT=Carbamidomethyl;AC=UNIMOD:4;TA=C;MT=Fixed	NT=Oxidation;AC=UNIMOD:35;TA=M;MT=Variable	NT=Trypsin;AC=MS:1001251	NT=Data-dependent acquisition;AC=PRIDE:0000627	NT=beam-type collision-induced dissociation;AC=MS:1000422	35 NCE	not available	not available	9	1	180514_P21478_Proj2_TMT3_CTX21-30_QE2_fraction6.raw	v1.1.0	NT=ms-proteomics;VV=v1.1.0	NT=vertebrates;VV=v1.1.0	NT=clinical-metadata;VV=v1.0.0	manual curation	rNLS8 (NEFH-tTA x tetO-hTDP-43-dNLS)	6 week
D6+RECc	Mus musculus	cerebral cortex	not applicable	tissue	amyotrophic lateral sclerosis	adult	female	B6C3F1	rNLS8 (NEFH-tTA x tetO-hTDP-43-dNLS)	6 week + recovery	3	180514_P21478_Proj2_TMT3_CTX21-30_QE2_fraction6-TMT128C	proteomic profiling by mass spectrometry	NT=Q Exactive;AC=MS:1001911	TMT128C	NT=TMT6plex;AC=UNIMOD:737;TA=K;MT=Fixed	NT=TMT6plex;AC=UNIMOD:737;PP=Peptide N-term;MT=Fixed	NT=Carbamidomethyl;AC=UNIMOD:4;TA=C;MT=Fixed	NT=Oxidation;AC=UNIMOD:35;TA=M;MT=Variable	NT=Trypsin;AC=MS:1001251	NT=Data-dependent acquisition;AC=PRIDE:0000627	NT=beam-type collision-induced dissociation;AC=MS:1000422	35 NCE	not available	not available	9	1	180514_P21478_Proj2_TMT3_CTX21-30_QE2_fraction6.raw	v1.1.0	NT=ms-proteomics;VV=v1.1.0	NT=vertebrates;VV=v1.1.0	NT=clinical-metadata;VV=v1.0.0	manual curation	rNLS8 (NEFH-tTA x tetO-hTDP-43-dNLS)	6 week + recovery
C1c	Mus musculus	cerebral cortex	not applicable	tissue	normal	adult	female	B6C3F1	tetO-hTDP-43-dNLS	1 week	3	180514_P21478_Proj2_TMT3_CTX21-30_QE2_fraction6-TMT129N	proteomic profiling by mass spectrometry	NT=Q Exactive;AC=MS:1001911	TMT129N	NT=TMT6plex;AC=UNIMOD:737;TA=K;MT=Fixed	NT=TMT6plex;AC=UNIMOD:737;PP=Peptide N-term;MT=Fixed	NT=Carbamidomethyl;AC=UNIMOD:4;TA=C;MT=Fixed	NT=Oxidation;AC=UNIMOD:35;TA=M;MT=Variable	NT=Trypsin;AC=MS:1001251	NT=Data-dependent acquisition;AC=PRIDE:0000627	NT=beam-type collision-induced dissociation;AC=MS:1000422	35 NCE	not available	not available	9	1	180514_P21478_Proj2_TMT3_CTX21-30_QE2_fraction6.raw	v1.1.0	NT=ms-proteomics;VV=v1.1.0	NT=vertebrates;VV=v1.1.0	NT=clinical-metadata;VV=v1.0.0	manual curation	tetO-hTDP-43-dNLS	1 week
C4c	Mus musculus	cerebral cortex	not applicable	tissue	normal	adult	female	B6C3F1	non-transgenic	4 week	3	180514_P21478_Proj2_TMT3_CTX21-30_QE2_fraction6-TMT129C	proteomic profiling by mass spectrometry	NT=Q Exactive;AC=MS:1001911	TMT129C	NT=TMT6plex;AC=UNIMOD:737;TA=K;MT=Fixed	NT=TMT6plex;AC=UNIMOD:737;PP=Peptide N-term;MT=Fixed	NT=Carbamidomethyl;AC=UNIMOD:4;TA=C;MT=Fixed	NT=Oxidation;AC=UNIMOD:35;TA=M;MT=Variable	NT=Trypsin;AC=MS:1001251	NT=Data-dependent acquisition;AC=PRIDE:0000627	NT=beam-type collision-induced dissociation;AC=MS:1000422	35 NCE	not available	not available	9	1	180514_P21478_Proj2_TMT3_CTX21-30_QE2_fraction6.raw	v1.1.0	NT=ms-proteomics;VV=v1.1.0	NT=vertebrates;VV=v1.1.0	NT=clinical-metadata;VV=v1.0.0	manual curation	non-transgenic	4 week
C6c	Mus musculus	cerebral cortex	not applicable	tissue	normal	adult	female	B6C3F1	non-transgenic	6 week	3	180514_P21478_Proj2_TMT3_CTX21-30_QE2_fraction6-TMT130N	proteomic profiling by mass spectrometry	NT=Q Exactive;AC=MS:1001911	TMT130N	NT=TMT6plex;AC=UNIMOD:737;TA=K;MT=Fixed	NT=TMT6plex;AC=UNIMOD:737;PP=Peptide N-term;MT=Fixed	NT=Carbamidomethyl;AC=UNIMOD:4;TA=C;MT=Fixed	NT=Oxidation;AC=UNIMOD:35;TA=M;MT=Variable	NT=Trypsin;AC=MS:1001251	NT=Data-dependent acquisition;AC=PRIDE:0000627	NT=beam-type collision-induced dissociation;AC=MS:1000422	35 NCE	not available	not available	9	1	180514_P21478_Proj2_TMT3_CTX21-30_QE2_fraction6.raw	v1.1.0	NT=ms-proteomics;VV=v1.1.0	NT=vertebrates;VV=v1.1.0	NT=clinical-metadata;VV=v1.0.0	manual curation	non-transgenic	6 week
C6+RECc	Mus musculus	cerebral cortex	not applicable	tissue	normal	adult	female	B6C3F1	NEFH-tTA	6 week + recovery	3	180514_P21478_Proj2_TMT3_CTX21-30_QE2_fraction6-TMT130C	proteomic profiling by mass spectrometry	NT=Q Exactive;AC=MS:1001911	TMT130C	NT=TMT6plex;AC=UNIMOD:737;TA=K;MT=Fixed	NT=TMT6plex;AC=UNIMOD:737;PP=Peptide N-term;MT=Fixed	NT=Carbamidomethyl;AC=UNIMOD:4;TA=C;MT=Fixed	NT=Oxidation;AC=UNIMOD:35;TA=M;MT=Variable	NT=Trypsin;AC=MS:1001251	NT=Data-dependent acquisition;AC=PRIDE:0000627	NT=beam-type collision-induced dissociation;AC=MS:1000422	35 NCE	not available	not available	9	1	180514_P21478_Proj2_TMT3_CTX21-30_QE2_fraction6.raw	v1.1.0	NT=ms-proteomics;VV=v1.1.0	NT=vertebrates;VV=v1.1.0	NT=clinical-metadata;VV=v1.0.0	manual curation	NEFH-tTA	6 week + recovery
pooled_control_reference_TMT3_CTX21-30	Mus musculus	cerebral cortex	not applicable	tissue	normal	adult	female	B6C3F1	not applicable	not applicable	pooled	180514_P21478_Proj2_TMT3_CTX21-30_QE2_fraction6-TMT131	proteomic profiling by mass spectrometry	NT=Q Exactive;AC=MS:1001911	TMT131	NT=TMT6plex;AC=UNIMOD:737;TA=K;MT=Fixed	NT=TMT6plex;AC=UNIMOD:737;PP=Peptide N-term;MT=Fixed	NT=Carbamidomethyl;AC=UNIMOD:4;TA=C;MT=Fixed	NT=Oxidation;AC=UNIMOD:35;TA=M;MT=Variable	NT=Trypsin;AC=MS:1001251	NT=Data-dependent acquisition;AC=PRIDE:0000627	NT=beam-type collision-induced dissociation;AC=MS:1000422	35 NCE	not available	not available	9	1	180514_P21478_Proj2_TMT3_CTX21-30_QE2_fraction6.raw	v1.1.0	NT=ms-proteomics;VV=v1.1.0	NT=vertebrates;VV=v1.1.0	NT=clinical-metadata;VV=v1.0.0	manual curation	not applicable	not applicable
D1c	Mus musculus	cerebral cortex	not applicable	tissue	amyotrophic lateral sclerosis	adult	female	B6C3F1	rNLS8 (NEFH-tTA x tetO-hTDP-43-dNLS)	1 week	3	180514_P21478_Proj2_TMT3_CTX21-30_QE2_fraction7-TMT126	proteomic profiling by mass spectrometry	NT=Q Exactive;AC=MS:1001911	TMT126	NT=TMT6plex;AC=UNIMOD:737;TA=K;MT=Fixed	NT=TMT6plex;AC=UNIMOD:737;PP=Peptide N-term;MT=Fixed	NT=Carbamidomethyl;AC=UNIMOD:4;TA=C;MT=Fixed	NT=Oxidation;AC=UNIMOD:35;TA=M;MT=Variable	NT=Trypsin;AC=MS:1001251	NT=Data-dependent acquisition;AC=PRIDE:0000627	NT=beam-type collision-induced dissociation;AC=MS:1000422	35 NCE	not available	not available	10	1	180514_P21478_Proj2_TMT3_CTX21-30_QE2_fraction7.raw	v1.1.0	NT=ms-proteomics;VV=v1.1.0	NT=vertebrates;VV=v1.1.0	NT=clinical-metadata;VV=v1.0.0	manual curation	rNLS8 (NEFH-tTA x tetO-hTDP-43-dNLS)	1 week
D2c	Mus musculus	cerebral cortex	not applicable	tissue	amyotrophic lateral sclerosis	adult	female	B6C3F1	rNLS8 (NEFH-tTA x tetO-hTDP-43-dNLS)	2 week	3	180514_P21478_Proj2_TMT3_CTX21-30_QE2_fraction7-TMT127N	proteomic profiling by mass spectrometry	NT=Q Exactive;AC=MS:1001911	TMT127N	NT=TMT6plex;AC=UNIMOD:737;TA=K;MT=Fixed	NT=TMT6plex;AC=UNIMOD:737;PP=Peptide N-term;MT=Fixed	NT=Carbamidomethyl;AC=UNIMOD:4;TA=C;MT=Fixed	NT=Oxidation;AC=UNIMOD:35;TA=M;MT=Variable	NT=Trypsin;AC=MS:1001251	NT=Data-dependent acquisition;AC=PRIDE:0000627	NT=beam-type collision-induced dissociation;AC=MS:1000422	35 NCE	not available	not available	10	1	180514_P21478_Proj2_TMT3_CTX21-30_QE2_fraction7.raw	v1.1.0	NT=ms-proteomics;VV=v1.1.0	NT=vertebrates;VV=v1.1.0	NT=clinical-metadata;VV=v1.0.0	manual curation	rNLS8 (NEFH-tTA x tetO-hTDP-43-dNLS)	2 week
D4c	Mus musculus	cerebral cortex	not applicable	tissue	amyotrophic lateral sclerosis	adult	female	B6C3F1	rNLS8 (NEFH-tTA x tetO-hTDP-43-dNLS)	4 week	3	180514_P21478_Proj2_TMT3_CTX21-30_QE2_fraction7-TMT127C	proteomic profiling by mass spectrometry	NT=Q Exactive;AC=MS:1001911	TMT127C	NT=TMT6plex;AC=UNIMOD:737;TA=K;MT=Fixed	NT=TMT6plex;AC=UNIMOD:737;PP=Peptide N-term;MT=Fixed	NT=Carbamidomethyl;AC=UNIMOD:4;TA=C;MT=Fixed	NT=Oxidation;AC=UNIMOD:35;TA=M;MT=Variable	NT=Trypsin;AC=MS:1001251	NT=Data-dependent acquisition;AC=PRIDE:0000627	NT=beam-type collision-induced dissociation;AC=MS:1000422	35 NCE	not available	not available	10	1	180514_P21478_Proj2_TMT3_CTX21-30_QE2_fraction7.raw	v1.1.0	NT=ms-proteomics;VV=v1.1.0	NT=vertebrates;VV=v1.1.0	NT=clinical-metadata;VV=v1.0.0	manual curation	rNLS8 (NEFH-tTA x tetO-hTDP-43-dNLS)	4 week
D6c	Mus musculus	cerebral cortex	not applicable	tissue	amyotrophic lateral sclerosis	adult	female	B6C3F1	rNLS8 (NEFH-tTA x tetO-hTDP-43-dNLS)	6 week	3	180514_P21478_Proj2_TMT3_CTX21-30_QE2_fraction7-TMT128N	proteomic profiling by mass spectrometry	NT=Q Exactive;AC=MS:1001911	TMT128N	NT=TMT6plex;AC=UNIMOD:737;TA=K;MT=Fixed	NT=TMT6plex;AC=UNIMOD:737;PP=Peptide N-term;MT=Fixed	NT=Carbamidomethyl;AC=UNIMOD:4;TA=C;MT=Fixed	NT=Oxidation;AC=UNIMOD:35;TA=M;MT=Variable	NT=Trypsin;AC=MS:1001251	NT=Data-dependent acquisition;AC=PRIDE:0000627	NT=beam-type collision-induced dissociation;AC=MS:1000422	35 NCE	not available	not available	10	1	180514_P21478_Proj2_TMT3_CTX21-30_QE2_fraction7.raw	v1.1.0	NT=ms-proteomics;VV=v1.1.0	NT=vertebrates;VV=v1.1.0	NT=clinical-metadata;VV=v1.0.0	manual curation	rNLS8 (NEFH-tTA x tetO-hTDP-43-dNLS)	6 week
D6+RECc	Mus musculus	cerebral cortex	not applicable	tissue	amyotrophic lateral sclerosis	adult	female	B6C3F1	rNLS8 (NEFH-tTA x tetO-hTDP-43-dNLS)	6 week + recovery	3	180514_P21478_Proj2_TMT3_CTX21-30_QE2_fraction7-TMT128C	proteomic profiling by mass spectrometry	NT=Q Exactive;AC=MS:1001911	TMT128C	NT=TMT6plex;AC=UNIMOD:737;TA=K;MT=Fixed	NT=TMT6plex;AC=UNIMOD:737;PP=Peptide N-term;MT=Fixed	NT=Carbamidomethyl;AC=UNIMOD:4;TA=C;MT=Fixed	NT=Oxidation;AC=UNIMOD:35;TA=M;MT=Variable	NT=Trypsin;AC=MS:1001251	NT=Data-dependent acquisition;AC=PRIDE:0000627	NT=beam-type collision-induced dissociation;AC=MS:1000422	35 NCE	not available	not available	10	1	180514_P21478_Proj2_TMT3_CTX21-30_QE2_fraction7.raw	v1.1.0	NT=ms-proteomics;VV=v1.1.0	NT=vertebrates;VV=v1.1.0	NT=clinical-metadata;VV=v1.0.0	manual curation	rNLS8 (NEFH-tTA x tetO-hTDP-43-dNLS)	6 week + recovery
C1c	Mus musculus	cerebral cortex	not applicable	tissue	normal	adult	female	B6C3F1	tetO-hTDP-43-dNLS	1 week	3	180514_P21478_Proj2_TMT3_CTX21-30_QE2_fraction7-TMT129N	proteomic profiling by mass spectrometry	NT=Q Exactive;AC=MS:1001911	TMT129N	NT=TMT6plex;AC=UNIMOD:737;TA=K;MT=Fixed	NT=TMT6plex;AC=UNIMOD:737;PP=Peptide N-term;MT=Fixed	NT=Carbamidomethyl;AC=UNIMOD:4;TA=C;MT=Fixed	NT=Oxidation;AC=UNIMOD:35;TA=M;MT=Variable	NT=Trypsin;AC=MS:1001251	NT=Data-dependent acquisition;AC=PRIDE:0000627	NT=beam-type collision-induced dissociation;AC=MS:1000422	35 NCE	not available	not available	10	1	180514_P21478_Proj2_TMT3_CTX21-30_QE2_fraction7.raw	v1.1.0	NT=ms-proteomics;VV=v1.1.0	NT=vertebrates;VV=v1.1.0	NT=clinical-metadata;VV=v1.0.0	manual curation	tetO-hTDP-43-dNLS	1 week
C4c	Mus musculus	cerebral cortex	not applicable	tissue	normal	adult	female	B6C3F1	non-transgenic	4 week	3	180514_P21478_Proj2_TMT3_CTX21-30_QE2_fraction7-TMT129C	proteomic profiling by mass spectrometry	NT=Q Exactive;AC=MS:1001911	TMT129C	NT=TMT6plex;AC=UNIMOD:737;TA=K;MT=Fixed	NT=TMT6plex;AC=UNIMOD:737;PP=Peptide N-term;MT=Fixed	NT=Carbamidomethyl;AC=UNIMOD:4;TA=C;MT=Fixed	NT=Oxidation;AC=UNIMOD:35;TA=M;MT=Variable	NT=Trypsin;AC=MS:1001251	NT=Data-dependent acquisition;AC=PRIDE:0000627	NT=beam-type collision-induced dissociation;AC=MS:1000422	35 NCE	not available	not available	10	1	180514_P21478_Proj2_TMT3_CTX21-30_QE2_fraction7.raw	v1.1.0	NT=ms-proteomics;VV=v1.1.0	NT=vertebrates;VV=v1.1.0	NT=clinical-metadata;VV=v1.0.0	manual curation	non-transgenic	4 week
C6c	Mus musculus	cerebral cortex	not applicable	tissue	normal	adult	female	B6C3F1	non-transgenic	6 week	3	180514_P21478_Proj2_TMT3_CTX21-30_QE2_fraction7-TMT130N	proteomic profiling by mass spectrometry	NT=Q Exactive;AC=MS:1001911	TMT130N	NT=TMT6plex;AC=UNIMOD:737;TA=K;MT=Fixed	NT=TMT6plex;AC=UNIMOD:737;PP=Peptide N-term;MT=Fixed	NT=Carbamidomethyl;AC=UNIMOD:4;TA=C;MT=Fixed	NT=Oxidation;AC=UNIMOD:35;TA=M;MT=Variable	NT=Trypsin;AC=MS:1001251	NT=Data-dependent acquisition;AC=PRIDE:0000627	NT=beam-type collision-induced dissociation;AC=MS:1000422	35 NCE	not available	not available	10	1	180514_P21478_Proj2_TMT3_CTX21-30_QE2_fraction7.raw	v1.1.0	NT=ms-proteomics;VV=v1.1.0	NT=vertebrates;VV=v1.1.0	NT=clinical-metadata;VV=v1.0.0	manual curation	non-transgenic	6 week
C6+RECc	Mus musculus	cerebral cortex	not applicable	tissue	normal	adult	female	B6C3F1	NEFH-tTA	6 week + recovery	3	180514_P21478_Proj2_TMT3_CTX21-30_QE2_fraction7-TMT130C	proteomic profiling by mass spectrometry	NT=Q Exactive;AC=MS:1001911	TMT130C	NT=TMT6plex;AC=UNIMOD:737;TA=K;MT=Fixed	NT=TMT6plex;AC=UNIMOD:737;PP=Peptide N-term;MT=Fixed	NT=Carbamidomethyl;AC=UNIMOD:4;TA=C;MT=Fixed	NT=Oxidation;AC=UNIMOD:35;TA=M;MT=Variable	NT=Trypsin;AC=MS:1001251	NT=Data-dependent acquisition;AC=PRIDE:0000627	NT=beam-type collision-induced dissociation;AC=MS:1000422	35 NCE	not available	not available	10	1	180514_P21478_Proj2_TMT3_CTX21-30_QE2_fraction7.raw	v1.1.0	NT=ms-proteomics;VV=v1.1.0	NT=vertebrates;VV=v1.1.0	NT=clinical-metadata;VV=v1.0.0	manual curation	NEFH-tTA	6 week + recovery
pooled_control_reference_TMT3_CTX21-30	Mus musculus	cerebral cortex	not applicable	tissue	normal	adult	female	B6C3F1	not applicable	not applicable	pooled	180514_P21478_Proj2_TMT3_CTX21-30_QE2_fraction7-TMT131	proteomic profiling by mass spectrometry	NT=Q Exactive;AC=MS:1001911	TMT131	NT=TMT6plex;AC=UNIMOD:737;TA=K;MT=Fixed	NT=TMT6plex;AC=UNIMOD:737;PP=Peptide N-term;MT=Fixed	NT=Carbamidomethyl;AC=UNIMOD:4;TA=C;MT=Fixed	NT=Oxidation;AC=UNIMOD:35;TA=M;MT=Variable	NT=Trypsin;AC=MS:1001251	NT=Data-dependent acquisition;AC=PRIDE:0000627	NT=beam-type collision-induced dissociation;AC=MS:1000422	35 NCE	not available	not available	10	1	180514_P21478_Proj2_TMT3_CTX21-30_QE2_fraction7.raw	v1.1.0	NT=ms-proteomics;VV=v1.1.0	NT=vertebrates;VV=v1.1.0	NT=clinical-metadata;VV=v1.0.0	manual curation	not applicable	not applicable
D1c	Mus musculus	cerebral cortex	not applicable	tissue	amyotrophic lateral sclerosis	adult	female	B6C3F1	rNLS8 (NEFH-tTA x tetO-hTDP-43-dNLS)	1 week	3	180514_P21478_Proj2_TMT3_CTX21-30_QE2_fraction8-TMT126	proteomic profiling by mass spectrometry	NT=Q Exactive;AC=MS:1001911	TMT126	NT=TMT6plex;AC=UNIMOD:737;TA=K;MT=Fixed	NT=TMT6plex;AC=UNIMOD:737;PP=Peptide N-term;MT=Fixed	NT=Carbamidomethyl;AC=UNIMOD:4;TA=C;MT=Fixed	NT=Oxidation;AC=UNIMOD:35;TA=M;MT=Variable	NT=Trypsin;AC=MS:1001251	NT=Data-dependent acquisition;AC=PRIDE:0000627	NT=beam-type collision-induced dissociation;AC=MS:1000422	35 NCE	not available	not available	11	1	180514_P21478_Proj2_TMT3_CTX21-30_QE2_fraction8.raw	v1.1.0	NT=ms-proteomics;VV=v1.1.0	NT=vertebrates;VV=v1.1.0	NT=clinical-metadata;VV=v1.0.0	manual curation	rNLS8 (NEFH-tTA x tetO-hTDP-43-dNLS)	1 week
D2c	Mus musculus	cerebral cortex	not applicable	tissue	amyotrophic lateral sclerosis	adult	female	B6C3F1	rNLS8 (NEFH-tTA x tetO-hTDP-43-dNLS)	2 week	3	180514_P21478_Proj2_TMT3_CTX21-30_QE2_fraction8-TMT127N	proteomic profiling by mass spectrometry	NT=Q Exactive;AC=MS:1001911	TMT127N	NT=TMT6plex;AC=UNIMOD:737;TA=K;MT=Fixed	NT=TMT6plex;AC=UNIMOD:737;PP=Peptide N-term;MT=Fixed	NT=Carbamidomethyl;AC=UNIMOD:4;TA=C;MT=Fixed	NT=Oxidation;AC=UNIMOD:35;TA=M;MT=Variable	NT=Trypsin;AC=MS:1001251	NT=Data-dependent acquisition;AC=PRIDE:0000627	NT=beam-type collision-induced dissociation;AC=MS:1000422	35 NCE	not available	not available	11	1	180514_P21478_Proj2_TMT3_CTX21-30_QE2_fraction8.raw	v1.1.0	NT=ms-proteomics;VV=v1.1.0	NT=vertebrates;VV=v1.1.0	NT=clinical-metadata;VV=v1.0.0	manual curation	rNLS8 (NEFH-tTA x tetO-hTDP-43-dNLS)	2 week
D4c	Mus musculus	cerebral cortex	not applicable	tissue	amyotrophic lateral sclerosis	adult	female	B6C3F1	rNLS8 (NEFH-tTA x tetO-hTDP-43-dNLS)	4 week	3	180514_P21478_Proj2_TMT3_CTX21-30_QE2_fraction8-TMT127C	proteomic profiling by mass spectrometry	NT=Q Exactive;AC=MS:1001911	TMT127C	NT=TMT6plex;AC=UNIMOD:737;TA=K;MT=Fixed	NT=TMT6plex;AC=UNIMOD:737;PP=Peptide N-term;MT=Fixed	NT=Carbamidomethyl;AC=UNIMOD:4;TA=C;MT=Fixed	NT=Oxidation;AC=UNIMOD:35;TA=M;MT=Variable	NT=Trypsin;AC=MS:1001251	NT=Data-dependent acquisition;AC=PRIDE:0000627	NT=beam-type collision-induced dissociation;AC=MS:1000422	35 NCE	not available	not available	11	1	180514_P21478_Proj2_TMT3_CTX21-30_QE2_fraction8.raw	v1.1.0	NT=ms-proteomics;VV=v1.1.0	NT=vertebrates;VV=v1.1.0	NT=clinical-metadata;VV=v1.0.0	manual curation	rNLS8 (NEFH-tTA x tetO-hTDP-43-dNLS)	4 week
D6c	Mus musculus	cerebral cortex	not applicable	tissue	amyotrophic lateral sclerosis	adult	female	B6C3F1	rNLS8 (NEFH-tTA x tetO-hTDP-43-dNLS)	6 week	3	180514_P21478_Proj2_TMT3_CTX21-30_QE2_fraction8-TMT128N	proteomic profiling by mass spectrometry	NT=Q Exactive;AC=MS:1001911	TMT128N	NT=TMT6plex;AC=UNIMOD:737;TA=K;MT=Fixed	NT=TMT6plex;AC=UNIMOD:737;PP=Peptide N-term;MT=Fixed	NT=Carbamidomethyl;AC=UNIMOD:4;TA=C;MT=Fixed	NT=Oxidation;AC=UNIMOD:35;TA=M;MT=Variable	NT=Trypsin;AC=MS:1001251	NT=Data-dependent acquisition;AC=PRIDE:0000627	NT=beam-type collision-induced dissociation;AC=MS:1000422	35 NCE	not available	not available	11	1	180514_P21478_Proj2_TMT3_CTX21-30_QE2_fraction8.raw	v1.1.0	NT=ms-proteomics;VV=v1.1.0	NT=vertebrates;VV=v1.1.0	NT=clinical-metadata;VV=v1.0.0	manual curation	rNLS8 (NEFH-tTA x tetO-hTDP-43-dNLS)	6 week
D6+RECc	Mus musculus	cerebral cortex	not applicable	tissue	amyotrophic lateral sclerosis	adult	female	B6C3F1	rNLS8 (NEFH-tTA x tetO-hTDP-43-dNLS)	6 week + recovery	3	180514_P21478_Proj2_TMT3_CTX21-30_QE2_fraction8-TMT128C	proteomic profiling by mass spectrometry	NT=Q Exactive;AC=MS:1001911	TMT128C	NT=TMT6plex;AC=UNIMOD:737;TA=K;MT=Fixed	NT=TMT6plex;AC=UNIMOD:737;PP=Peptide N-term;MT=Fixed	NT=Carbamidomethyl;AC=UNIMOD:4;TA=C;MT=Fixed	NT=Oxidation;AC=UNIMOD:35;TA=M;MT=Variable	NT=Trypsin;AC=MS:1001251	NT=Data-dependent acquisition;AC=PRIDE:0000627	NT=beam-type collision-induced dissociation;AC=MS:1000422	35 NCE	not available	not available	11	1	180514_P21478_Proj2_TMT3_CTX21-30_QE2_fraction8.raw	v1.1.0	NT=ms-proteomics;VV=v1.1.0	NT=vertebrates;VV=v1.1.0	NT=clinical-metadata;VV=v1.0.0	manual curation	rNLS8 (NEFH-tTA x tetO-hTDP-43-dNLS)	6 week + recovery
C1c	Mus musculus	cerebral cortex	not applicable	tissue	normal	adult	female	B6C3F1	tetO-hTDP-43-dNLS	1 week	3	180514_P21478_Proj2_TMT3_CTX21-30_QE2_fraction8-TMT129N	proteomic profiling by mass spectrometry	NT=Q Exactive;AC=MS:1001911	TMT129N	NT=TMT6plex;AC=UNIMOD:737;TA=K;MT=Fixed	NT=TMT6plex;AC=UNIMOD:737;PP=Peptide N-term;MT=Fixed	NT=Carbamidomethyl;AC=UNIMOD:4;TA=C;MT=Fixed	NT=Oxidation;AC=UNIMOD:35;TA=M;MT=Variable	NT=Trypsin;AC=MS:1001251	NT=Data-dependent acquisition;AC=PRIDE:0000627	NT=beam-type collision-induced dissociation;AC=MS:1000422	35 NCE	not available	not available	11	1	180514_P21478_Proj2_TMT3_CTX21-30_QE2_fraction8.raw	v1.1.0	NT=ms-proteomics;VV=v1.1.0	NT=vertebrates;VV=v1.1.0	NT=clinical-metadata;VV=v1.0.0	manual curation	tetO-hTDP-43-dNLS	1 week
C4c	Mus musculus	cerebral cortex	not applicable	tissue	normal	adult	female	B6C3F1	non-transgenic	4 week	3	180514_P21478_Proj2_TMT3_CTX21-30_QE2_fraction8-TMT129C	proteomic profiling by mass spectrometry	NT=Q Exactive;AC=MS:1001911	TMT129C	NT=TMT6plex;AC=UNIMOD:737;TA=K;MT=Fixed	NT=TMT6plex;AC=UNIMOD:737;PP=Peptide N-term;MT=Fixed	NT=Carbamidomethyl;AC=UNIMOD:4;TA=C;MT=Fixed	NT=Oxidation;AC=UNIMOD:35;TA=M;MT=Variable	NT=Trypsin;AC=MS:1001251	NT=Data-dependent acquisition;AC=PRIDE:0000627	NT=beam-type collision-induced dissociation;AC=MS:1000422	35 NCE	not available	not available	11	1	180514_P21478_Proj2_TMT3_CTX21-30_QE2_fraction8.raw	v1.1.0	NT=ms-proteomics;VV=v1.1.0	NT=vertebrates;VV=v1.1.0	NT=clinical-metadata;VV=v1.0.0	manual curation	non-transgenic	4 week
C6c	Mus musculus	cerebral cortex	not applicable	tissue	normal	adult	female	B6C3F1	non-transgenic	6 week	3	180514_P21478_Proj2_TMT3_CTX21-30_QE2_fraction8-TMT130N	proteomic profiling by mass spectrometry	NT=Q Exactive;AC=MS:1001911	TMT130N	NT=TMT6plex;AC=UNIMOD:737;TA=K;MT=Fixed	NT=TMT6plex;AC=UNIMOD:737;PP=Peptide N-term;MT=Fixed	NT=Carbamidomethyl;AC=UNIMOD:4;TA=C;MT=Fixed	NT=Oxidation;AC=UNIMOD:35;TA=M;MT=Variable	NT=Trypsin;AC=MS:1001251	NT=Data-dependent acquisition;AC=PRIDE:0000627	NT=beam-type collision-induced dissociation;AC=MS:1000422	35 NCE	not available	not available	11	1	180514_P21478_Proj2_TMT3_CTX21-30_QE2_fraction8.raw	v1.1.0	NT=ms-proteomics;VV=v1.1.0	NT=vertebrates;VV=v1.1.0	NT=clinical-metadata;VV=v1.0.0	manual curation	non-transgenic	6 week
C6+RECc	Mus musculus	cerebral cortex	not applicable	tissue	normal	adult	female	B6C3F1	NEFH-tTA	6 week + recovery	3	180514_P21478_Proj2_TMT3_CTX21-30_QE2_fraction8-TMT130C	proteomic profiling by mass spectrometry	NT=Q Exactive;AC=MS:1001911	TMT130C	NT=TMT6plex;AC=UNIMOD:737;TA=K;MT=Fixed	NT=TMT6plex;AC=UNIMOD:737;PP=Peptide N-term;MT=Fixed	NT=Carbamidomethyl;AC=UNIMOD:4;TA=C;MT=Fixed	NT=Oxidation;AC=UNIMOD:35;TA=M;MT=Variable	NT=Trypsin;AC=MS:1001251	NT=Data-dependent acquisition;AC=PRIDE:0000627	NT=beam-type collision-induced dissociation;AC=MS:1000422	35 NCE	not available	not available	11	1	180514_P21478_Proj2_TMT3_CTX21-30_QE2_fraction8.raw	v1.1.0	NT=ms-proteomics;VV=v1.1.0	NT=vertebrates;VV=v1.1.0	NT=clinical-metadata;VV=v1.0.0	manual curation	NEFH-tTA	6 week + recovery
pooled_control_reference_TMT3_CTX21-30	Mus musculus	cerebral cortex	not applicable	tissue	normal	adult	female	B6C3F1	not applicable	not applicable	pooled	180514_P21478_Proj2_TMT3_CTX21-30_QE2_fraction8-TMT131	proteomic profiling by mass spectrometry	NT=Q Exactive;AC=MS:1001911	TMT131	NT=TMT6plex;AC=UNIMOD:737;TA=K;MT=Fixed	NT=TMT6plex;AC=UNIMOD:737;PP=Peptide N-term;MT=Fixed	NT=Carbamidomethyl;AC=UNIMOD:4;TA=C;MT=Fixed	NT=Oxidation;AC=UNIMOD:35;TA=M;MT=Variable	NT=Trypsin;AC=MS:1001251	NT=Data-dependent acquisition;AC=PRIDE:0000627	NT=beam-type collision-induced dissociation;AC=MS:1000422	35 NCE	not available	not available	11	1	180514_P21478_Proj2_TMT3_CTX21-30_QE2_fraction8.raw	v1.1.0	NT=ms-proteomics;VV=v1.1.0	NT=vertebrates;VV=v1.1.0	NT=clinical-metadata;VV=v1.0.0	manual curation	not applicable	not applicable
D1c	Mus musculus	cerebral cortex	not applicable	tissue	amyotrophic lateral sclerosis	adult	female	B6C3F1	rNLS8 (NEFH-tTA x tetO-hTDP-43-dNLS)	1 week	3	180514_P21478_Proj2_TMT3_CTX21-30_QE2_fraction9-TMT126	proteomic profiling by mass spectrometry	NT=Q Exactive;AC=MS:1001911	TMT126	NT=TMT6plex;AC=UNIMOD:737;TA=K;MT=Fixed	NT=TMT6plex;AC=UNIMOD:737;PP=Peptide N-term;MT=Fixed	NT=Carbamidomethyl;AC=UNIMOD:4;TA=C;MT=Fixed	NT=Oxidation;AC=UNIMOD:35;TA=M;MT=Variable	NT=Trypsin;AC=MS:1001251	NT=Data-dependent acquisition;AC=PRIDE:0000627	NT=beam-type collision-induced dissociation;AC=MS:1000422	35 NCE	not available	not available	12	1	180514_P21478_Proj2_TMT3_CTX21-30_QE2_fraction9.raw	v1.1.0	NT=ms-proteomics;VV=v1.1.0	NT=vertebrates;VV=v1.1.0	NT=clinical-metadata;VV=v1.0.0	manual curation	rNLS8 (NEFH-tTA x tetO-hTDP-43-dNLS)	1 week
D2c	Mus musculus	cerebral cortex	not applicable	tissue	amyotrophic lateral sclerosis	adult	female	B6C3F1	rNLS8 (NEFH-tTA x tetO-hTDP-43-dNLS)	2 week	3	180514_P21478_Proj2_TMT3_CTX21-30_QE2_fraction9-TMT127N	proteomic profiling by mass spectrometry	NT=Q Exactive;AC=MS:1001911	TMT127N	NT=TMT6plex;AC=UNIMOD:737;TA=K;MT=Fixed	NT=TMT6plex;AC=UNIMOD:737;PP=Peptide N-term;MT=Fixed	NT=Carbamidomethyl;AC=UNIMOD:4;TA=C;MT=Fixed	NT=Oxidation;AC=UNIMOD:35;TA=M;MT=Variable	NT=Trypsin;AC=MS:1001251	NT=Data-dependent acquisition;AC=PRIDE:0000627	NT=beam-type collision-induced dissociation;AC=MS:1000422	35 NCE	not available	not available	12	1	180514_P21478_Proj2_TMT3_CTX21-30_QE2_fraction9.raw	v1.1.0	NT=ms-proteomics;VV=v1.1.0	NT=vertebrates;VV=v1.1.0	NT=clinical-metadata;VV=v1.0.0	manual curation	rNLS8 (NEFH-tTA x tetO-hTDP-43-dNLS)	2 week
D4c	Mus musculus	cerebral cortex	not applicable	tissue	amyotrophic lateral sclerosis	adult	female	B6C3F1	rNLS8 (NEFH-tTA x tetO-hTDP-43-dNLS)	4 week	3	180514_P21478_Proj2_TMT3_CTX21-30_QE2_fraction9-TMT127C	proteomic profiling by mass spectrometry	NT=Q Exactive;AC=MS:1001911	TMT127C	NT=TMT6plex;AC=UNIMOD:737;TA=K;MT=Fixed	NT=TMT6plex;AC=UNIMOD:737;PP=Peptide N-term;MT=Fixed	NT=Carbamidomethyl;AC=UNIMOD:4;TA=C;MT=Fixed	NT=Oxidation;AC=UNIMOD:35;TA=M;MT=Variable	NT=Trypsin;AC=MS:1001251	NT=Data-dependent acquisition;AC=PRIDE:0000627	NT=beam-type collision-induced dissociation;AC=MS:1000422	35 NCE	not available	not available	12	1	180514_P21478_Proj2_TMT3_CTX21-30_QE2_fraction9.raw	v1.1.0	NT=ms-proteomics;VV=v1.1.0	NT=vertebrates;VV=v1.1.0	NT=clinical-metadata;VV=v1.0.0	manual curation	rNLS8 (NEFH-tTA x tetO-hTDP-43-dNLS)	4 week
D6c	Mus musculus	cerebral cortex	not applicable	tissue	amyotrophic lateral sclerosis	adult	female	B6C3F1	rNLS8 (NEFH-tTA x tetO-hTDP-43-dNLS)	6 week	3	180514_P21478_Proj2_TMT3_CTX21-30_QE2_fraction9-TMT128N	proteomic profiling by mass spectrometry	NT=Q Exactive;AC=MS:1001911	TMT128N	NT=TMT6plex;AC=UNIMOD:737;TA=K;MT=Fixed	NT=TMT6plex;AC=UNIMOD:737;PP=Peptide N-term;MT=Fixed	NT=Carbamidomethyl;AC=UNIMOD:4;TA=C;MT=Fixed	NT=Oxidation;AC=UNIMOD:35;TA=M;MT=Variable	NT=Trypsin;AC=MS:1001251	NT=Data-dependent acquisition;AC=PRIDE:0000627	NT=beam-type collision-induced dissociation;AC=MS:1000422	35 NCE	not available	not available	12	1	180514_P21478_Proj2_TMT3_CTX21-30_QE2_fraction9.raw	v1.1.0	NT=ms-proteomics;VV=v1.1.0	NT=vertebrates;VV=v1.1.0	NT=clinical-metadata;VV=v1.0.0	manual curation	rNLS8 (NEFH-tTA x tetO-hTDP-43-dNLS)	6 week
D6+RECc	Mus musculus	cerebral cortex	not applicable	tissue	amyotrophic lateral sclerosis	adult	female	B6C3F1	rNLS8 (NEFH-tTA x tetO-hTDP-43-dNLS)	6 week + recovery	3	180514_P21478_Proj2_TMT3_CTX21-30_QE2_fraction9-TMT128C	proteomic profiling by mass spectrometry	NT=Q Exactive;AC=MS:1001911	TMT128C	NT=TMT6plex;AC=UNIMOD:737;TA=K;MT=Fixed	NT=TMT6plex;AC=UNIMOD:737;PP=Peptide N-term;MT=Fixed	NT=Carbamidomethyl;AC=UNIMOD:4;TA=C;MT=Fixed	NT=Oxidation;AC=UNIMOD:35;TA=M;MT=Variable	NT=Trypsin;AC=MS:1001251	NT=Data-dependent acquisition;AC=PRIDE:0000627	NT=beam-type collision-induced dissociation;AC=MS:1000422	35 NCE	not available	not available	12	1	180514_P21478_Proj2_TMT3_CTX21-30_QE2_fraction9.raw	v1.1.0	NT=ms-proteomics;VV=v1.1.0	NT=vertebrates;VV=v1.1.0	NT=clinical-metadata;VV=v1.0.0	manual curation	rNLS8 (NEFH-tTA x tetO-hTDP-43-dNLS)	6 week + recovery
C1c	Mus musculus	cerebral cortex	not applicable	tissue	normal	adult	female	B6C3F1	tetO-hTDP-43-dNLS	1 week	3	180514_P21478_Proj2_TMT3_CTX21-30_QE2_fraction9-TMT129N	proteomic profiling by mass spectrometry	NT=Q Exactive;AC=MS:1001911	TMT129N	NT=TMT6plex;AC=UNIMOD:737;TA=K;MT=Fixed	NT=TMT6plex;AC=UNIMOD:737;PP=Peptide N-term;MT=Fixed	NT=Carbamidomethyl;AC=UNIMOD:4;TA=C;MT=Fixed	NT=Oxidation;AC=UNIMOD:35;TA=M;MT=Variable	NT=Trypsin;AC=MS:1001251	NT=Data-dependent acquisition;AC=PRIDE:0000627	NT=beam-type collision-induced dissociation;AC=MS:1000422	35 NCE	not available	not available	12	1	180514_P21478_Proj2_TMT3_CTX21-30_QE2_fraction9.raw	v1.1.0	NT=ms-proteomics;VV=v1.1.0	NT=vertebrates;VV=v1.1.0	NT=clinical-metadata;VV=v1.0.0	manual curation	tetO-hTDP-43-dNLS	1 week
C4c	Mus musculus	cerebral cortex	not applicable	tissue	normal	adult	female	B6C3F1	non-transgenic	4 week	3	180514_P21478_Proj2_TMT3_CTX21-30_QE2_fraction9-TMT129C	proteomic profiling by mass spectrometry	NT=Q Exactive;AC=MS:1001911	TMT129C	NT=TMT6plex;AC=UNIMOD:737;TA=K;MT=Fixed	NT=TMT6plex;AC=UNIMOD:737;PP=Peptide N-term;MT=Fixed	NT=Carbamidomethyl;AC=UNIMOD:4;TA=C;MT=Fixed	NT=Oxidation;AC=UNIMOD:35;TA=M;MT=Variable	NT=Trypsin;AC=MS:1001251	NT=Data-dependent acquisition;AC=PRIDE:0000627	NT=beam-type collision-induced dissociation;AC=MS:1000422	35 NCE	not available	not available	12	1	180514_P21478_Proj2_TMT3_CTX21-30_QE2_fraction9.raw	v1.1.0	NT=ms-proteomics;VV=v1.1.0	NT=vertebrates;VV=v1.1.0	NT=clinical-metadata;VV=v1.0.0	manual curation	non-transgenic	4 week
C6c	Mus musculus	cerebral cortex	not applicable	tissue	normal	adult	female	B6C3F1	non-transgenic	6 week	3	180514_P21478_Proj2_TMT3_CTX21-30_QE2_fraction9-TMT130N	proteomic profiling by mass spectrometry	NT=Q Exactive;AC=MS:1001911	TMT130N	NT=TMT6plex;AC=UNIMOD:737;TA=K;MT=Fixed	NT=TMT6plex;AC=UNIMOD:737;PP=Peptide N-term;MT=Fixed	NT=Carbamidomethyl;AC=UNIMOD:4;TA=C;MT=Fixed	NT=Oxidation;AC=UNIMOD:35;TA=M;MT=Variable	NT=Trypsin;AC=MS:1001251	NT=Data-dependent acquisition;AC=PRIDE:0000627	NT=beam-type collision-induced dissociation;AC=MS:1000422	35 NCE	not available	not available	12	1	180514_P21478_Proj2_TMT3_CTX21-30_QE2_fraction9.raw	v1.1.0	NT=ms-proteomics;VV=v1.1.0	NT=vertebrates;VV=v1.1.0	NT=clinical-metadata;VV=v1.0.0	manual curation	non-transgenic	6 week
C6+RECc	Mus musculus	cerebral cortex	not applicable	tissue	normal	adult	female	B6C3F1	NEFH-tTA	6 week + recovery	3	180514_P21478_Proj2_TMT3_CTX21-30_QE2_fraction9-TMT130C	proteomic profiling by mass spectrometry	NT=Q Exactive;AC=MS:1001911	TMT130C	NT=TMT6plex;AC=UNIMOD:737;TA=K;MT=Fixed	NT=TMT6plex;AC=UNIMOD:737;PP=Peptide N-term;MT=Fixed	NT=Carbamidomethyl;AC=UNIMOD:4;TA=C;MT=Fixed	NT=Oxidation;AC=UNIMOD:35;TA=M;MT=Variable	NT=Trypsin;AC=MS:1001251	NT=Data-dependent acquisition;AC=PRIDE:0000627	NT=beam-type collision-induced dissociation;AC=MS:1000422	35 NCE	not available	not available	12	1	180514_P21478_Proj2_TMT3_CTX21-30_QE2_fraction9.raw	v1.1.0	NT=ms-proteomics;VV=v1.1.0	NT=vertebrates;VV=v1.1.0	NT=clinical-metadata;VV=v1.0.0	manual curation	NEFH-tTA	6 week + recovery
pooled_control_reference_TMT3_CTX21-30	Mus musculus	cerebral cortex	not applicable	tissue	normal	adult	female	B6C3F1	not applicable	not applicable	pooled	180514_P21478_Proj2_TMT3_CTX21-30_QE2_fraction9-TMT131	proteomic profiling by mass spectrometry	NT=Q Exactive;AC=MS:1001911	TMT131	NT=TMT6plex;AC=UNIMOD:737;TA=K;MT=Fixed	NT=TMT6plex;AC=UNIMOD:737;PP=Peptide N-term;MT=Fixed	NT=Carbamidomethyl;AC=UNIMOD:4;TA=C;MT=Fixed	NT=Oxidation;AC=UNIMOD:35;TA=M;MT=Variable	NT=Trypsin;AC=MS:1001251	NT=Data-dependent acquisition;AC=PRIDE:0000627	NT=beam-type collision-induced dissociation;AC=MS:1000422	35 NCE	not available	not available	12	1	180514_P21478_Proj2_TMT3_CTX21-30_QE2_fraction9.raw	v1.1.0	NT=ms-proteomics;VV=v1.1.0	NT=vertebrates;VV=v1.1.0	NT=clinical-metadata;VV=v1.0.0	manual curation	not applicable	not applicable
D1c	Mus musculus	cerebral cortex	not applicable	tissue	amyotrophic lateral sclerosis	adult	female	B6C3F1	rNLS8 (NEFH-tTA x tetO-hTDP-43-dNLS)	1 week	3	180514_P21478_Proj2_TMT4_CTX21-30_QE2_fraction_-1-TMT126	proteomic profiling by mass spectrometry	NT=Q Exactive;AC=MS:1001911	TMT126	NT=TMT6plex;AC=UNIMOD:737;TA=K;MT=Fixed	NT=TMT6plex;AC=UNIMOD:737;PP=Peptide N-term;MT=Fixed	NT=Carbamidomethyl;AC=UNIMOD:4;TA=C;MT=Fixed	NT=Oxidation;AC=UNIMOD:35;TA=M;MT=Variable	NT=Trypsin;AC=MS:1001251	NT=Data-dependent acquisition;AC=PRIDE:0000627	NT=beam-type collision-induced dissociation;AC=MS:1000422	35 NCE	not available	not available	3	1	180514_P21478_Proj2_TMT4_CTX21-30_QE2_fraction_-1.raw	v1.1.0	NT=ms-proteomics;VV=v1.1.0	NT=vertebrates;VV=v1.1.0	NT=clinical-metadata;VV=v1.0.0	manual curation	rNLS8 (NEFH-tTA x tetO-hTDP-43-dNLS)	1 week
D2c	Mus musculus	cerebral cortex	not applicable	tissue	amyotrophic lateral sclerosis	adult	female	B6C3F1	rNLS8 (NEFH-tTA x tetO-hTDP-43-dNLS)	2 week	3	180514_P21478_Proj2_TMT4_CTX21-30_QE2_fraction_-1-TMT127N	proteomic profiling by mass spectrometry	NT=Q Exactive;AC=MS:1001911	TMT127N	NT=TMT6plex;AC=UNIMOD:737;TA=K;MT=Fixed	NT=TMT6plex;AC=UNIMOD:737;PP=Peptide N-term;MT=Fixed	NT=Carbamidomethyl;AC=UNIMOD:4;TA=C;MT=Fixed	NT=Oxidation;AC=UNIMOD:35;TA=M;MT=Variable	NT=Trypsin;AC=MS:1001251	NT=Data-dependent acquisition;AC=PRIDE:0000627	NT=beam-type collision-induced dissociation;AC=MS:1000422	35 NCE	not available	not available	3	1	180514_P21478_Proj2_TMT4_CTX21-30_QE2_fraction_-1.raw	v1.1.0	NT=ms-proteomics;VV=v1.1.0	NT=vertebrates;VV=v1.1.0	NT=clinical-metadata;VV=v1.0.0	manual curation	rNLS8 (NEFH-tTA x tetO-hTDP-43-dNLS)	2 week
D4c	Mus musculus	cerebral cortex	not applicable	tissue	amyotrophic lateral sclerosis	adult	female	B6C3F1	rNLS8 (NEFH-tTA x tetO-hTDP-43-dNLS)	4 week	3	180514_P21478_Proj2_TMT4_CTX21-30_QE2_fraction_-1-TMT127C	proteomic profiling by mass spectrometry	NT=Q Exactive;AC=MS:1001911	TMT127C	NT=TMT6plex;AC=UNIMOD:737;TA=K;MT=Fixed	NT=TMT6plex;AC=UNIMOD:737;PP=Peptide N-term;MT=Fixed	NT=Carbamidomethyl;AC=UNIMOD:4;TA=C;MT=Fixed	NT=Oxidation;AC=UNIMOD:35;TA=M;MT=Variable	NT=Trypsin;AC=MS:1001251	NT=Data-dependent acquisition;AC=PRIDE:0000627	NT=beam-type collision-induced dissociation;AC=MS:1000422	35 NCE	not available	not available	3	1	180514_P21478_Proj2_TMT4_CTX21-30_QE2_fraction_-1.raw	v1.1.0	NT=ms-proteomics;VV=v1.1.0	NT=vertebrates;VV=v1.1.0	NT=clinical-metadata;VV=v1.0.0	manual curation	rNLS8 (NEFH-tTA x tetO-hTDP-43-dNLS)	4 week
D6c	Mus musculus	cerebral cortex	not applicable	tissue	amyotrophic lateral sclerosis	adult	female	B6C3F1	rNLS8 (NEFH-tTA x tetO-hTDP-43-dNLS)	6 week	3	180514_P21478_Proj2_TMT4_CTX21-30_QE2_fraction_-1-TMT128N	proteomic profiling by mass spectrometry	NT=Q Exactive;AC=MS:1001911	TMT128N	NT=TMT6plex;AC=UNIMOD:737;TA=K;MT=Fixed	NT=TMT6plex;AC=UNIMOD:737;PP=Peptide N-term;MT=Fixed	NT=Carbamidomethyl;AC=UNIMOD:4;TA=C;MT=Fixed	NT=Oxidation;AC=UNIMOD:35;TA=M;MT=Variable	NT=Trypsin;AC=MS:1001251	NT=Data-dependent acquisition;AC=PRIDE:0000627	NT=beam-type collision-induced dissociation;AC=MS:1000422	35 NCE	not available	not available	3	1	180514_P21478_Proj2_TMT4_CTX21-30_QE2_fraction_-1.raw	v1.1.0	NT=ms-proteomics;VV=v1.1.0	NT=vertebrates;VV=v1.1.0	NT=clinical-metadata;VV=v1.0.0	manual curation	rNLS8 (NEFH-tTA x tetO-hTDP-43-dNLS)	6 week
D6+RECc	Mus musculus	cerebral cortex	not applicable	tissue	amyotrophic lateral sclerosis	adult	female	B6C3F1	rNLS8 (NEFH-tTA x tetO-hTDP-43-dNLS)	6 week + recovery	3	180514_P21478_Proj2_TMT4_CTX21-30_QE2_fraction_-1-TMT128C	proteomic profiling by mass spectrometry	NT=Q Exactive;AC=MS:1001911	TMT128C	NT=TMT6plex;AC=UNIMOD:737;TA=K;MT=Fixed	NT=TMT6plex;AC=UNIMOD:737;PP=Peptide N-term;MT=Fixed	NT=Carbamidomethyl;AC=UNIMOD:4;TA=C;MT=Fixed	NT=Oxidation;AC=UNIMOD:35;TA=M;MT=Variable	NT=Trypsin;AC=MS:1001251	NT=Data-dependent acquisition;AC=PRIDE:0000627	NT=beam-type collision-induced dissociation;AC=MS:1000422	35 NCE	not available	not available	3	1	180514_P21478_Proj2_TMT4_CTX21-30_QE2_fraction_-1.raw	v1.1.0	NT=ms-proteomics;VV=v1.1.0	NT=vertebrates;VV=v1.1.0	NT=clinical-metadata;VV=v1.0.0	manual curation	rNLS8 (NEFH-tTA x tetO-hTDP-43-dNLS)	6 week + recovery
C1c	Mus musculus	cerebral cortex	not applicable	tissue	normal	adult	female	B6C3F1	tetO-hTDP-43-dNLS	1 week	3	180514_P21478_Proj2_TMT4_CTX21-30_QE2_fraction_-1-TMT129N	proteomic profiling by mass spectrometry	NT=Q Exactive;AC=MS:1001911	TMT129N	NT=TMT6plex;AC=UNIMOD:737;TA=K;MT=Fixed	NT=TMT6plex;AC=UNIMOD:737;PP=Peptide N-term;MT=Fixed	NT=Carbamidomethyl;AC=UNIMOD:4;TA=C;MT=Fixed	NT=Oxidation;AC=UNIMOD:35;TA=M;MT=Variable	NT=Trypsin;AC=MS:1001251	NT=Data-dependent acquisition;AC=PRIDE:0000627	NT=beam-type collision-induced dissociation;AC=MS:1000422	35 NCE	not available	not available	3	1	180514_P21478_Proj2_TMT4_CTX21-30_QE2_fraction_-1.raw	v1.1.0	NT=ms-proteomics;VV=v1.1.0	NT=vertebrates;VV=v1.1.0	NT=clinical-metadata;VV=v1.0.0	manual curation	tetO-hTDP-43-dNLS	1 week
C4c	Mus musculus	cerebral cortex	not applicable	tissue	normal	adult	female	B6C3F1	non-transgenic	4 week	3	180514_P21478_Proj2_TMT4_CTX21-30_QE2_fraction_-1-TMT129C	proteomic profiling by mass spectrometry	NT=Q Exactive;AC=MS:1001911	TMT129C	NT=TMT6plex;AC=UNIMOD:737;TA=K;MT=Fixed	NT=TMT6plex;AC=UNIMOD:737;PP=Peptide N-term;MT=Fixed	NT=Carbamidomethyl;AC=UNIMOD:4;TA=C;MT=Fixed	NT=Oxidation;AC=UNIMOD:35;TA=M;MT=Variable	NT=Trypsin;AC=MS:1001251	NT=Data-dependent acquisition;AC=PRIDE:0000627	NT=beam-type collision-induced dissociation;AC=MS:1000422	35 NCE	not available	not available	3	1	180514_P21478_Proj2_TMT4_CTX21-30_QE2_fraction_-1.raw	v1.1.0	NT=ms-proteomics;VV=v1.1.0	NT=vertebrates;VV=v1.1.0	NT=clinical-metadata;VV=v1.0.0	manual curation	non-transgenic	4 week
C6c	Mus musculus	cerebral cortex	not applicable	tissue	normal	adult	female	B6C3F1	non-transgenic	6 week	3	180514_P21478_Proj2_TMT4_CTX21-30_QE2_fraction_-1-TMT130N	proteomic profiling by mass spectrometry	NT=Q Exactive;AC=MS:1001911	TMT130N	NT=TMT6plex;AC=UNIMOD:737;TA=K;MT=Fixed	NT=TMT6plex;AC=UNIMOD:737;PP=Peptide N-term;MT=Fixed	NT=Carbamidomethyl;AC=UNIMOD:4;TA=C;MT=Fixed	NT=Oxidation;AC=UNIMOD:35;TA=M;MT=Variable	NT=Trypsin;AC=MS:1001251	NT=Data-dependent acquisition;AC=PRIDE:0000627	NT=beam-type collision-induced dissociation;AC=MS:1000422	35 NCE	not available	not available	3	1	180514_P21478_Proj2_TMT4_CTX21-30_QE2_fraction_-1.raw	v1.1.0	NT=ms-proteomics;VV=v1.1.0	NT=vertebrates;VV=v1.1.0	NT=clinical-metadata;VV=v1.0.0	manual curation	non-transgenic	6 week
C6+RECc	Mus musculus	cerebral cortex	not applicable	tissue	normal	adult	female	B6C3F1	NEFH-tTA	6 week + recovery	3	180514_P21478_Proj2_TMT4_CTX21-30_QE2_fraction_-1-TMT130C	proteomic profiling by mass spectrometry	NT=Q Exactive;AC=MS:1001911	TMT130C	NT=TMT6plex;AC=UNIMOD:737;TA=K;MT=Fixed	NT=TMT6plex;AC=UNIMOD:737;PP=Peptide N-term;MT=Fixed	NT=Carbamidomethyl;AC=UNIMOD:4;TA=C;MT=Fixed	NT=Oxidation;AC=UNIMOD:35;TA=M;MT=Variable	NT=Trypsin;AC=MS:1001251	NT=Data-dependent acquisition;AC=PRIDE:0000627	NT=beam-type collision-induced dissociation;AC=MS:1000422	35 NCE	not available	not available	3	1	180514_P21478_Proj2_TMT4_CTX21-30_QE2_fraction_-1.raw	v1.1.0	NT=ms-proteomics;VV=v1.1.0	NT=vertebrates;VV=v1.1.0	NT=clinical-metadata;VV=v1.0.0	manual curation	NEFH-tTA	6 week + recovery
pooled_control_reference_TMT4_CTX21-30	Mus musculus	cerebral cortex	not applicable	tissue	normal	adult	female	B6C3F1	not applicable	not applicable	pooled	180514_P21478_Proj2_TMT4_CTX21-30_QE2_fraction_-1-TMT131	proteomic profiling by mass spectrometry	NT=Q Exactive;AC=MS:1001911	TMT131	NT=TMT6plex;AC=UNIMOD:737;TA=K;MT=Fixed	NT=TMT6plex;AC=UNIMOD:737;PP=Peptide N-term;MT=Fixed	NT=Carbamidomethyl;AC=UNIMOD:4;TA=C;MT=Fixed	NT=Oxidation;AC=UNIMOD:35;TA=M;MT=Variable	NT=Trypsin;AC=MS:1001251	NT=Data-dependent acquisition;AC=PRIDE:0000627	NT=beam-type collision-induced dissociation;AC=MS:1000422	35 NCE	not available	not available	3	1	180514_P21478_Proj2_TMT4_CTX21-30_QE2_fraction_-1.raw	v1.1.0	NT=ms-proteomics;VV=v1.1.0	NT=vertebrates;VV=v1.1.0	NT=clinical-metadata;VV=v1.0.0	manual curation	not applicable	not applicable
D1c	Mus musculus	cerebral cortex	not applicable	tissue	amyotrophic lateral sclerosis	adult	female	B6C3F1	rNLS8 (NEFH-tTA x tetO-hTDP-43-dNLS)	1 week	3	180514_P21478_Proj2_TMT4_CTX21-30_QE2_fraction_-2-TMT126	proteomic profiling by mass spectrometry	NT=Q Exactive;AC=MS:1001911	TMT126	NT=TMT6plex;AC=UNIMOD:737;TA=K;MT=Fixed	NT=TMT6plex;AC=UNIMOD:737;PP=Peptide N-term;MT=Fixed	NT=Carbamidomethyl;AC=UNIMOD:4;TA=C;MT=Fixed	NT=Oxidation;AC=UNIMOD:35;TA=M;MT=Variable	NT=Trypsin;AC=MS:1001251	NT=Data-dependent acquisition;AC=PRIDE:0000627	NT=beam-type collision-induced dissociation;AC=MS:1000422	35 NCE	not available	not available	2	1	180514_P21478_Proj2_TMT4_CTX21-30_QE2_fraction_-2.raw	v1.1.0	NT=ms-proteomics;VV=v1.1.0	NT=vertebrates;VV=v1.1.0	NT=clinical-metadata;VV=v1.0.0	manual curation	rNLS8 (NEFH-tTA x tetO-hTDP-43-dNLS)	1 week
D2c	Mus musculus	cerebral cortex	not applicable	tissue	amyotrophic lateral sclerosis	adult	female	B6C3F1	rNLS8 (NEFH-tTA x tetO-hTDP-43-dNLS)	2 week	3	180514_P21478_Proj2_TMT4_CTX21-30_QE2_fraction_-2-TMT127N	proteomic profiling by mass spectrometry	NT=Q Exactive;AC=MS:1001911	TMT127N	NT=TMT6plex;AC=UNIMOD:737;TA=K;MT=Fixed	NT=TMT6plex;AC=UNIMOD:737;PP=Peptide N-term;MT=Fixed	NT=Carbamidomethyl;AC=UNIMOD:4;TA=C;MT=Fixed	NT=Oxidation;AC=UNIMOD:35;TA=M;MT=Variable	NT=Trypsin;AC=MS:1001251	NT=Data-dependent acquisition;AC=PRIDE:0000627	NT=beam-type collision-induced dissociation;AC=MS:1000422	35 NCE	not available	not available	2	1	180514_P21478_Proj2_TMT4_CTX21-30_QE2_fraction_-2.raw	v1.1.0	NT=ms-proteomics;VV=v1.1.0	NT=vertebrates;VV=v1.1.0	NT=clinical-metadata;VV=v1.0.0	manual curation	rNLS8 (NEFH-tTA x tetO-hTDP-43-dNLS)	2 week
D4c	Mus musculus	cerebral cortex	not applicable	tissue	amyotrophic lateral sclerosis	adult	female	B6C3F1	rNLS8 (NEFH-tTA x tetO-hTDP-43-dNLS)	4 week	3	180514_P21478_Proj2_TMT4_CTX21-30_QE2_fraction_-2-TMT127C	proteomic profiling by mass spectrometry	NT=Q Exactive;AC=MS:1001911	TMT127C	NT=TMT6plex;AC=UNIMOD:737;TA=K;MT=Fixed	NT=TMT6plex;AC=UNIMOD:737;PP=Peptide N-term;MT=Fixed	NT=Carbamidomethyl;AC=UNIMOD:4;TA=C;MT=Fixed	NT=Oxidation;AC=UNIMOD:35;TA=M;MT=Variable	NT=Trypsin;AC=MS:1001251	NT=Data-dependent acquisition;AC=PRIDE:0000627	NT=beam-type collision-induced dissociation;AC=MS:1000422	35 NCE	not available	not available	2	1	180514_P21478_Proj2_TMT4_CTX21-30_QE2_fraction_-2.raw	v1.1.0	NT=ms-proteomics;VV=v1.1.0	NT=vertebrates;VV=v1.1.0	NT=clinical-metadata;VV=v1.0.0	manual curation	rNLS8 (NEFH-tTA x tetO-hTDP-43-dNLS)	4 week
D6c	Mus musculus	cerebral cortex	not applicable	tissue	amyotrophic lateral sclerosis	adult	female	B6C3F1	rNLS8 (NEFH-tTA x tetO-hTDP-43-dNLS)	6 week	3	180514_P21478_Proj2_TMT4_CTX21-30_QE2_fraction_-2-TMT128N	proteomic profiling by mass spectrometry	NT=Q Exactive;AC=MS:1001911	TMT128N	NT=TMT6plex;AC=UNIMOD:737;TA=K;MT=Fixed	NT=TMT6plex;AC=UNIMOD:737;PP=Peptide N-term;MT=Fixed	NT=Carbamidomethyl;AC=UNIMOD:4;TA=C;MT=Fixed	NT=Oxidation;AC=UNIMOD:35;TA=M;MT=Variable	NT=Trypsin;AC=MS:1001251	NT=Data-dependent acquisition;AC=PRIDE:0000627	NT=beam-type collision-induced dissociation;AC=MS:1000422	35 NCE	not available	not available	2	1	180514_P21478_Proj2_TMT4_CTX21-30_QE2_fraction_-2.raw	v1.1.0	NT=ms-proteomics;VV=v1.1.0	NT=vertebrates;VV=v1.1.0	NT=clinical-metadata;VV=v1.0.0	manual curation	rNLS8 (NEFH-tTA x tetO-hTDP-43-dNLS)	6 week
D6+RECc	Mus musculus	cerebral cortex	not applicable	tissue	amyotrophic lateral sclerosis	adult	female	B6C3F1	rNLS8 (NEFH-tTA x tetO-hTDP-43-dNLS)	6 week + recovery	3	180514_P21478_Proj2_TMT4_CTX21-30_QE2_fraction_-2-TMT128C	proteomic profiling by mass spectrometry	NT=Q Exactive;AC=MS:1001911	TMT128C	NT=TMT6plex;AC=UNIMOD:737;TA=K;MT=Fixed	NT=TMT6plex;AC=UNIMOD:737;PP=Peptide N-term;MT=Fixed	NT=Carbamidomethyl;AC=UNIMOD:4;TA=C;MT=Fixed	NT=Oxidation;AC=UNIMOD:35;TA=M;MT=Variable	NT=Trypsin;AC=MS:1001251	NT=Data-dependent acquisition;AC=PRIDE:0000627	NT=beam-type collision-induced dissociation;AC=MS:1000422	35 NCE	not available	not available	2	1	180514_P21478_Proj2_TMT4_CTX21-30_QE2_fraction_-2.raw	v1.1.0	NT=ms-proteomics;VV=v1.1.0	NT=vertebrates;VV=v1.1.0	NT=clinical-metadata;VV=v1.0.0	manual curation	rNLS8 (NEFH-tTA x tetO-hTDP-43-dNLS)	6 week + recovery
C1c	Mus musculus	cerebral cortex	not applicable	tissue	normal	adult	female	B6C3F1	tetO-hTDP-43-dNLS	1 week	3	180514_P21478_Proj2_TMT4_CTX21-30_QE2_fraction_-2-TMT129N	proteomic profiling by mass spectrometry	NT=Q Exactive;AC=MS:1001911	TMT129N	NT=TMT6plex;AC=UNIMOD:737;TA=K;MT=Fixed	NT=TMT6plex;AC=UNIMOD:737;PP=Peptide N-term;MT=Fixed	NT=Carbamidomethyl;AC=UNIMOD:4;TA=C;MT=Fixed	NT=Oxidation;AC=UNIMOD:35;TA=M;MT=Variable	NT=Trypsin;AC=MS:1001251	NT=Data-dependent acquisition;AC=PRIDE:0000627	NT=beam-type collision-induced dissociation;AC=MS:1000422	35 NCE	not available	not available	2	1	180514_P21478_Proj2_TMT4_CTX21-30_QE2_fraction_-2.raw	v1.1.0	NT=ms-proteomics;VV=v1.1.0	NT=vertebrates;VV=v1.1.0	NT=clinical-metadata;VV=v1.0.0	manual curation	tetO-hTDP-43-dNLS	1 week
C4c	Mus musculus	cerebral cortex	not applicable	tissue	normal	adult	female	B6C3F1	non-transgenic	4 week	3	180514_P21478_Proj2_TMT4_CTX21-30_QE2_fraction_-2-TMT129C	proteomic profiling by mass spectrometry	NT=Q Exactive;AC=MS:1001911	TMT129C	NT=TMT6plex;AC=UNIMOD:737;TA=K;MT=Fixed	NT=TMT6plex;AC=UNIMOD:737;PP=Peptide N-term;MT=Fixed	NT=Carbamidomethyl;AC=UNIMOD:4;TA=C;MT=Fixed	NT=Oxidation;AC=UNIMOD:35;TA=M;MT=Variable	NT=Trypsin;AC=MS:1001251	NT=Data-dependent acquisition;AC=PRIDE:0000627	NT=beam-type collision-induced dissociation;AC=MS:1000422	35 NCE	not available	not available	2	1	180514_P21478_Proj2_TMT4_CTX21-30_QE2_fraction_-2.raw	v1.1.0	NT=ms-proteomics;VV=v1.1.0	NT=vertebrates;VV=v1.1.0	NT=clinical-metadata;VV=v1.0.0	manual curation	non-transgenic	4 week
C6c	Mus musculus	cerebral cortex	not applicable	tissue	normal	adult	female	B6C3F1	non-transgenic	6 week	3	180514_P21478_Proj2_TMT4_CTX21-30_QE2_fraction_-2-TMT130N	proteomic profiling by mass spectrometry	NT=Q Exactive;AC=MS:1001911	TMT130N	NT=TMT6plex;AC=UNIMOD:737;TA=K;MT=Fixed	NT=TMT6plex;AC=UNIMOD:737;PP=Peptide N-term;MT=Fixed	NT=Carbamidomethyl;AC=UNIMOD:4;TA=C;MT=Fixed	NT=Oxidation;AC=UNIMOD:35;TA=M;MT=Variable	NT=Trypsin;AC=MS:1001251	NT=Data-dependent acquisition;AC=PRIDE:0000627	NT=beam-type collision-induced dissociation;AC=MS:1000422	35 NCE	not available	not available	2	1	180514_P21478_Proj2_TMT4_CTX21-30_QE2_fraction_-2.raw	v1.1.0	NT=ms-proteomics;VV=v1.1.0	NT=vertebrates;VV=v1.1.0	NT=clinical-metadata;VV=v1.0.0	manual curation	non-transgenic	6 week
C6+RECc	Mus musculus	cerebral cortex	not applicable	tissue	normal	adult	female	B6C3F1	NEFH-tTA	6 week + recovery	3	180514_P21478_Proj2_TMT4_CTX21-30_QE2_fraction_-2-TMT130C	proteomic profiling by mass spectrometry	NT=Q Exactive;AC=MS:1001911	TMT130C	NT=TMT6plex;AC=UNIMOD:737;TA=K;MT=Fixed	NT=TMT6plex;AC=UNIMOD:737;PP=Peptide N-term;MT=Fixed	NT=Carbamidomethyl;AC=UNIMOD:4;TA=C;MT=Fixed	NT=Oxidation;AC=UNIMOD:35;TA=M;MT=Variable	NT=Trypsin;AC=MS:1001251	NT=Data-dependent acquisition;AC=PRIDE:0000627	NT=beam-type collision-induced dissociation;AC=MS:1000422	35 NCE	not available	not available	2	1	180514_P21478_Proj2_TMT4_CTX21-30_QE2_fraction_-2.raw	v1.1.0	NT=ms-proteomics;VV=v1.1.0	NT=vertebrates;VV=v1.1.0	NT=clinical-metadata;VV=v1.0.0	manual curation	NEFH-tTA	6 week + recovery
pooled_control_reference_TMT4_CTX21-30	Mus musculus	cerebral cortex	not applicable	tissue	normal	adult	female	B6C3F1	not applicable	not applicable	pooled	180514_P21478_Proj2_TMT4_CTX21-30_QE2_fraction_-2-TMT131	proteomic profiling by mass spectrometry	NT=Q Exactive;AC=MS:1001911	TMT131	NT=TMT6plex;AC=UNIMOD:737;TA=K;MT=Fixed	NT=TMT6plex;AC=UNIMOD:737;PP=Peptide N-term;MT=Fixed	NT=Carbamidomethyl;AC=UNIMOD:4;TA=C;MT=Fixed	NT=Oxidation;AC=UNIMOD:35;TA=M;MT=Variable	NT=Trypsin;AC=MS:1001251	NT=Data-dependent acquisition;AC=PRIDE:0000627	NT=beam-type collision-induced dissociation;AC=MS:1000422	35 NCE	not available	not available	2	1	180514_P21478_Proj2_TMT4_CTX21-30_QE2_fraction_-2.raw	v1.1.0	NT=ms-proteomics;VV=v1.1.0	NT=vertebrates;VV=v1.1.0	NT=clinical-metadata;VV=v1.0.0	manual curation	not applicable	not applicable
D1c	Mus musculus	cerebral cortex	not applicable	tissue	amyotrophic lateral sclerosis	adult	female	B6C3F1	rNLS8 (NEFH-tTA x tetO-hTDP-43-dNLS)	1 week	3	180514_P21478_Proj2_TMT4_CTX21-30_QE2_fraction_-3-TMT126	proteomic profiling by mass spectrometry	NT=Q Exactive;AC=MS:1001911	TMT126	NT=TMT6plex;AC=UNIMOD:737;TA=K;MT=Fixed	NT=TMT6plex;AC=UNIMOD:737;PP=Peptide N-term;MT=Fixed	NT=Carbamidomethyl;AC=UNIMOD:4;TA=C;MT=Fixed	NT=Oxidation;AC=UNIMOD:35;TA=M;MT=Variable	NT=Trypsin;AC=MS:1001251	NT=Data-dependent acquisition;AC=PRIDE:0000627	NT=beam-type collision-induced dissociation;AC=MS:1000422	35 NCE	not available	not available	1	1	180514_P21478_Proj2_TMT4_CTX21-30_QE2_fraction_-3.raw	v1.1.0	NT=ms-proteomics;VV=v1.1.0	NT=vertebrates;VV=v1.1.0	NT=clinical-metadata;VV=v1.0.0	manual curation	rNLS8 (NEFH-tTA x tetO-hTDP-43-dNLS)	1 week
D2c	Mus musculus	cerebral cortex	not applicable	tissue	amyotrophic lateral sclerosis	adult	female	B6C3F1	rNLS8 (NEFH-tTA x tetO-hTDP-43-dNLS)	2 week	3	180514_P21478_Proj2_TMT4_CTX21-30_QE2_fraction_-3-TMT127N	proteomic profiling by mass spectrometry	NT=Q Exactive;AC=MS:1001911	TMT127N	NT=TMT6plex;AC=UNIMOD:737;TA=K;MT=Fixed	NT=TMT6plex;AC=UNIMOD:737;PP=Peptide N-term;MT=Fixed	NT=Carbamidomethyl;AC=UNIMOD:4;TA=C;MT=Fixed	NT=Oxidation;AC=UNIMOD:35;TA=M;MT=Variable	NT=Trypsin;AC=MS:1001251	NT=Data-dependent acquisition;AC=PRIDE:0000627	NT=beam-type collision-induced dissociation;AC=MS:1000422	35 NCE	not available	not available	1	1	180514_P21478_Proj2_TMT4_CTX21-30_QE2_fraction_-3.raw	v1.1.0	NT=ms-proteomics;VV=v1.1.0	NT=vertebrates;VV=v1.1.0	NT=clinical-metadata;VV=v1.0.0	manual curation	rNLS8 (NEFH-tTA x tetO-hTDP-43-dNLS)	2 week
D4c	Mus musculus	cerebral cortex	not applicable	tissue	amyotrophic lateral sclerosis	adult	female	B6C3F1	rNLS8 (NEFH-tTA x tetO-hTDP-43-dNLS)	4 week	3	180514_P21478_Proj2_TMT4_CTX21-30_QE2_fraction_-3-TMT127C	proteomic profiling by mass spectrometry	NT=Q Exactive;AC=MS:1001911	TMT127C	NT=TMT6plex;AC=UNIMOD:737;TA=K;MT=Fixed	NT=TMT6plex;AC=UNIMOD:737;PP=Peptide N-term;MT=Fixed	NT=Carbamidomethyl;AC=UNIMOD:4;TA=C;MT=Fixed	NT=Oxidation;AC=UNIMOD:35;TA=M;MT=Variable	NT=Trypsin;AC=MS:1001251	NT=Data-dependent acquisition;AC=PRIDE:0000627	NT=beam-type collision-induced dissociation;AC=MS:1000422	35 NCE	not available	not available	1	1	180514_P21478_Proj2_TMT4_CTX21-30_QE2_fraction_-3.raw	v1.1.0	NT=ms-proteomics;VV=v1.1.0	NT=vertebrates;VV=v1.1.0	NT=clinical-metadata;VV=v1.0.0	manual curation	rNLS8 (NEFH-tTA x tetO-hTDP-43-dNLS)	4 week
D6c	Mus musculus	cerebral cortex	not applicable	tissue	amyotrophic lateral sclerosis	adult	female	B6C3F1	rNLS8 (NEFH-tTA x tetO-hTDP-43-dNLS)	6 week	3	180514_P21478_Proj2_TMT4_CTX21-30_QE2_fraction_-3-TMT128N	proteomic profiling by mass spectrometry	NT=Q Exactive;AC=MS:1001911	TMT128N	NT=TMT6plex;AC=UNIMOD:737;TA=K;MT=Fixed	NT=TMT6plex;AC=UNIMOD:737;PP=Peptide N-term;MT=Fixed	NT=Carbamidomethyl;AC=UNIMOD:4;TA=C;MT=Fixed	NT=Oxidation;AC=UNIMOD:35;TA=M;MT=Variable	NT=Trypsin;AC=MS:1001251	NT=Data-dependent acquisition;AC=PRIDE:0000627	NT=beam-type collision-induced dissociation;AC=MS:1000422	35 NCE	not available	not available	1	1	180514_P21478_Proj2_TMT4_CTX21-30_QE2_fraction_-3.raw	v1.1.0	NT=ms-proteomics;VV=v1.1.0	NT=vertebrates;VV=v1.1.0	NT=clinical-metadata;VV=v1.0.0	manual curation	rNLS8 (NEFH-tTA x tetO-hTDP-43-dNLS)	6 week
D6+RECc	Mus musculus	cerebral cortex	not applicable	tissue	amyotrophic lateral sclerosis	adult	female	B6C3F1	rNLS8 (NEFH-tTA x tetO-hTDP-43-dNLS)	6 week + recovery	3	180514_P21478_Proj2_TMT4_CTX21-30_QE2_fraction_-3-TMT128C	proteomic profiling by mass spectrometry	NT=Q Exactive;AC=MS:1001911	TMT128C	NT=TMT6plex;AC=UNIMOD:737;TA=K;MT=Fixed	NT=TMT6plex;AC=UNIMOD:737;PP=Peptide N-term;MT=Fixed	NT=Carbamidomethyl;AC=UNIMOD:4;TA=C;MT=Fixed	NT=Oxidation;AC=UNIMOD:35;TA=M;MT=Variable	NT=Trypsin;AC=MS:1001251	NT=Data-dependent acquisition;AC=PRIDE:0000627	NT=beam-type collision-induced dissociation;AC=MS:1000422	35 NCE	not available	not available	1	1	180514_P21478_Proj2_TMT4_CTX21-30_QE2_fraction_-3.raw	v1.1.0	NT=ms-proteomics;VV=v1.1.0	NT=vertebrates;VV=v1.1.0	NT=clinical-metadata;VV=v1.0.0	manual curation	rNLS8 (NEFH-tTA x tetO-hTDP-43-dNLS)	6 week + recovery
C1c	Mus musculus	cerebral cortex	not applicable	tissue	normal	adult	female	B6C3F1	tetO-hTDP-43-dNLS	1 week	3	180514_P21478_Proj2_TMT4_CTX21-30_QE2_fraction_-3-TMT129N	proteomic profiling by mass spectrometry	NT=Q Exactive;AC=MS:1001911	TMT129N	NT=TMT6plex;AC=UNIMOD:737;TA=K;MT=Fixed	NT=TMT6plex;AC=UNIMOD:737;PP=Peptide N-term;MT=Fixed	NT=Carbamidomethyl;AC=UNIMOD:4;TA=C;MT=Fixed	NT=Oxidation;AC=UNIMOD:35;TA=M;MT=Variable	NT=Trypsin;AC=MS:1001251	NT=Data-dependent acquisition;AC=PRIDE:0000627	NT=beam-type collision-induced dissociation;AC=MS:1000422	35 NCE	not available	not available	1	1	180514_P21478_Proj2_TMT4_CTX21-30_QE2_fraction_-3.raw	v1.1.0	NT=ms-proteomics;VV=v1.1.0	NT=vertebrates;VV=v1.1.0	NT=clinical-metadata;VV=v1.0.0	manual curation	tetO-hTDP-43-dNLS	1 week
C4c	Mus musculus	cerebral cortex	not applicable	tissue	normal	adult	female	B6C3F1	non-transgenic	4 week	3	180514_P21478_Proj2_TMT4_CTX21-30_QE2_fraction_-3-TMT129C	proteomic profiling by mass spectrometry	NT=Q Exactive;AC=MS:1001911	TMT129C	NT=TMT6plex;AC=UNIMOD:737;TA=K;MT=Fixed	NT=TMT6plex;AC=UNIMOD:737;PP=Peptide N-term;MT=Fixed	NT=Carbamidomethyl;AC=UNIMOD:4;TA=C;MT=Fixed	NT=Oxidation;AC=UNIMOD:35;TA=M;MT=Variable	NT=Trypsin;AC=MS:1001251	NT=Data-dependent acquisition;AC=PRIDE:0000627	NT=beam-type collision-induced dissociation;AC=MS:1000422	35 NCE	not available	not available	1	1	180514_P21478_Proj2_TMT4_CTX21-30_QE2_fraction_-3.raw	v1.1.0	NT=ms-proteomics;VV=v1.1.0	NT=vertebrates;VV=v1.1.0	NT=clinical-metadata;VV=v1.0.0	manual curation	non-transgenic	4 week
C6c	Mus musculus	cerebral cortex	not applicable	tissue	normal	adult	female	B6C3F1	non-transgenic	6 week	3	180514_P21478_Proj2_TMT4_CTX21-30_QE2_fraction_-3-TMT130N	proteomic profiling by mass spectrometry	NT=Q Exactive;AC=MS:1001911	TMT130N	NT=TMT6plex;AC=UNIMOD:737;TA=K;MT=Fixed	NT=TMT6plex;AC=UNIMOD:737;PP=Peptide N-term;MT=Fixed	NT=Carbamidomethyl;AC=UNIMOD:4;TA=C;MT=Fixed	NT=Oxidation;AC=UNIMOD:35;TA=M;MT=Variable	NT=Trypsin;AC=MS:1001251	NT=Data-dependent acquisition;AC=PRIDE:0000627	NT=beam-type collision-induced dissociation;AC=MS:1000422	35 NCE	not available	not available	1	1	180514_P21478_Proj2_TMT4_CTX21-30_QE2_fraction_-3.raw	v1.1.0	NT=ms-proteomics;VV=v1.1.0	NT=vertebrates;VV=v1.1.0	NT=clinical-metadata;VV=v1.0.0	manual curation	non-transgenic	6 week
C6+RECc	Mus musculus	cerebral cortex	not applicable	tissue	normal	adult	female	B6C3F1	NEFH-tTA	6 week + recovery	3	180514_P21478_Proj2_TMT4_CTX21-30_QE2_fraction_-3-TMT130C	proteomic profiling by mass spectrometry	NT=Q Exactive;AC=MS:1001911	TMT130C	NT=TMT6plex;AC=UNIMOD:737;TA=K;MT=Fixed	NT=TMT6plex;AC=UNIMOD:737;PP=Peptide N-term;MT=Fixed	NT=Carbamidomethyl;AC=UNIMOD:4;TA=C;MT=Fixed	NT=Oxidation;AC=UNIMOD:35;TA=M;MT=Variable	NT=Trypsin;AC=MS:1001251	NT=Data-dependent acquisition;AC=PRIDE:0000627	NT=beam-type collision-induced dissociation;AC=MS:1000422	35 NCE	not available	not available	1	1	180514_P21478_Proj2_TMT4_CTX21-30_QE2_fraction_-3.raw	v1.1.0	NT=ms-proteomics;VV=v1.1.0	NT=vertebrates;VV=v1.1.0	NT=clinical-metadata;VV=v1.0.0	manual curation	NEFH-tTA	6 week + recovery
pooled_control_reference_TMT4_CTX21-30	Mus musculus	cerebral cortex	not applicable	tissue	normal	adult	female	B6C3F1	not applicable	not applicable	pooled	180514_P21478_Proj2_TMT4_CTX21-30_QE2_fraction_-3-TMT131	proteomic profiling by mass spectrometry	NT=Q Exactive;AC=MS:1001911	TMT131	NT=TMT6plex;AC=UNIMOD:737;TA=K;MT=Fixed	NT=TMT6plex;AC=UNIMOD:737;PP=Peptide N-term;MT=Fixed	NT=Carbamidomethyl;AC=UNIMOD:4;TA=C;MT=Fixed	NT=Oxidation;AC=UNIMOD:35;TA=M;MT=Variable	NT=Trypsin;AC=MS:1001251	NT=Data-dependent acquisition;AC=PRIDE:0000627	NT=beam-type collision-induced dissociation;AC=MS:1000422	35 NCE	not available	not available	1	1	180514_P21478_Proj2_TMT4_CTX21-30_QE2_fraction_-3.raw	v1.1.0	NT=ms-proteomics;VV=v1.1.0	NT=vertebrates;VV=v1.1.0	NT=clinical-metadata;VV=v1.0.0	manual curation	not applicable	not applicable
D1e	Mus musculus	cerebral cortex	not applicable	tissue	amyotrophic lateral sclerosis	adult	female	B6C3F1	rNLS8 (NEFH-tTA x tetO-hTDP-43-dNLS)	1 week	5	180516_P21478_Proj2_TMT5_CTX41-50_QE2_fraction1-TMT126	proteomic profiling by mass spectrometry	NT=Q Exactive;AC=MS:1001911	TMT126	NT=TMT6plex;AC=UNIMOD:737;TA=K;MT=Fixed	NT=TMT6plex;AC=UNIMOD:737;PP=Peptide N-term;MT=Fixed	NT=Carbamidomethyl;AC=UNIMOD:4;TA=C;MT=Fixed	NT=Oxidation;AC=UNIMOD:35;TA=M;MT=Variable	NT=Trypsin;AC=MS:1001251	NT=Data-dependent acquisition;AC=PRIDE:0000627	NT=beam-type collision-induced dissociation;AC=MS:1000422	35 NCE	not available	not available	4	1	180516_P21478_Proj2_TMT5_CTX41-50_QE2_fraction1.raw	v1.1.0	NT=ms-proteomics;VV=v1.1.0	NT=vertebrates;VV=v1.1.0	NT=clinical-metadata;VV=v1.0.0	manual curation	rNLS8 (NEFH-tTA x tetO-hTDP-43-dNLS)	1 week
D2e	Mus musculus	cerebral cortex	not applicable	tissue	amyotrophic lateral sclerosis	adult	female	B6C3F1	rNLS8 (NEFH-tTA x tetO-hTDP-43-dNLS)	2 week	5	180516_P21478_Proj2_TMT5_CTX41-50_QE2_fraction1-TMT127N	proteomic profiling by mass spectrometry	NT=Q Exactive;AC=MS:1001911	TMT127N	NT=TMT6plex;AC=UNIMOD:737;TA=K;MT=Fixed	NT=TMT6plex;AC=UNIMOD:737;PP=Peptide N-term;MT=Fixed	NT=Carbamidomethyl;AC=UNIMOD:4;TA=C;MT=Fixed	NT=Oxidation;AC=UNIMOD:35;TA=M;MT=Variable	NT=Trypsin;AC=MS:1001251	NT=Data-dependent acquisition;AC=PRIDE:0000627	NT=beam-type collision-induced dissociation;AC=MS:1000422	35 NCE	not available	not available	4	1	180516_P21478_Proj2_TMT5_CTX41-50_QE2_fraction1.raw	v1.1.0	NT=ms-proteomics;VV=v1.1.0	NT=vertebrates;VV=v1.1.0	NT=clinical-metadata;VV=v1.0.0	manual curation	rNLS8 (NEFH-tTA x tetO-hTDP-43-dNLS)	2 week
D4e	Mus musculus	cerebral cortex	not applicable	tissue	amyotrophic lateral sclerosis	adult	female	B6C3F1	rNLS8 (NEFH-tTA x tetO-hTDP-43-dNLS)	4 week	5	180516_P21478_Proj2_TMT5_CTX41-50_QE2_fraction1-TMT127C	proteomic profiling by mass spectrometry	NT=Q Exactive;AC=MS:1001911	TMT127C	NT=TMT6plex;AC=UNIMOD:737;TA=K;MT=Fixed	NT=TMT6plex;AC=UNIMOD:737;PP=Peptide N-term;MT=Fixed	NT=Carbamidomethyl;AC=UNIMOD:4;TA=C;MT=Fixed	NT=Oxidation;AC=UNIMOD:35;TA=M;MT=Variable	NT=Trypsin;AC=MS:1001251	NT=Data-dependent acquisition;AC=PRIDE:0000627	NT=beam-type collision-induced dissociation;AC=MS:1000422	35 NCE	not available	not available	4	1	180516_P21478_Proj2_TMT5_CTX41-50_QE2_fraction1.raw	v1.1.0	NT=ms-proteomics;VV=v1.1.0	NT=vertebrates;VV=v1.1.0	NT=clinical-metadata;VV=v1.0.0	manual curation	rNLS8 (NEFH-tTA x tetO-hTDP-43-dNLS)	4 week
D6e	Mus musculus	cerebral cortex	not applicable	tissue	amyotrophic lateral sclerosis	adult	female	B6C3F1	rNLS8 (NEFH-tTA x tetO-hTDP-43-dNLS)	6 week	5	180516_P21478_Proj2_TMT5_CTX41-50_QE2_fraction1-TMT128N	proteomic profiling by mass spectrometry	NT=Q Exactive;AC=MS:1001911	TMT128N	NT=TMT6plex;AC=UNIMOD:737;TA=K;MT=Fixed	NT=TMT6plex;AC=UNIMOD:737;PP=Peptide N-term;MT=Fixed	NT=Carbamidomethyl;AC=UNIMOD:4;TA=C;MT=Fixed	NT=Oxidation;AC=UNIMOD:35;TA=M;MT=Variable	NT=Trypsin;AC=MS:1001251	NT=Data-dependent acquisition;AC=PRIDE:0000627	NT=beam-type collision-induced dissociation;AC=MS:1000422	35 NCE	not available	not available	4	1	180516_P21478_Proj2_TMT5_CTX41-50_QE2_fraction1.raw	v1.1.0	NT=ms-proteomics;VV=v1.1.0	NT=vertebrates;VV=v1.1.0	NT=clinical-metadata;VV=v1.0.0	manual curation	rNLS8 (NEFH-tTA x tetO-hTDP-43-dNLS)	6 week
D6+RECe	Mus musculus	cerebral cortex	not applicable	tissue	amyotrophic lateral sclerosis	adult	female	B6C3F1	rNLS8 (NEFH-tTA x tetO-hTDP-43-dNLS)	6 week + recovery	5	180516_P21478_Proj2_TMT5_CTX41-50_QE2_fraction1-TMT128C	proteomic profiling by mass spectrometry	NT=Q Exactive;AC=MS:1001911	TMT128C	NT=TMT6plex;AC=UNIMOD:737;TA=K;MT=Fixed	NT=TMT6plex;AC=UNIMOD:737;PP=Peptide N-term;MT=Fixed	NT=Carbamidomethyl;AC=UNIMOD:4;TA=C;MT=Fixed	NT=Oxidation;AC=UNIMOD:35;TA=M;MT=Variable	NT=Trypsin;AC=MS:1001251	NT=Data-dependent acquisition;AC=PRIDE:0000627	NT=beam-type collision-induced dissociation;AC=MS:1000422	35 NCE	not available	not available	4	1	180516_P21478_Proj2_TMT5_CTX41-50_QE2_fraction1.raw	v1.1.0	NT=ms-proteomics;VV=v1.1.0	NT=vertebrates;VV=v1.1.0	NT=clinical-metadata;VV=v1.0.0	manual curation	rNLS8 (NEFH-tTA x tetO-hTDP-43-dNLS)	6 week + recovery
C1e	Mus musculus	cerebral cortex	not applicable	tissue	normal	adult	female	B6C3F1	non-transgenic	1 week	5	180516_P21478_Proj2_TMT5_CTX41-50_QE2_fraction1-TMT129N	proteomic profiling by mass spectrometry	NT=Q Exactive;AC=MS:1001911	TMT129N	NT=TMT6plex;AC=UNIMOD:737;TA=K;MT=Fixed	NT=TMT6plex;AC=UNIMOD:737;PP=Peptide N-term;MT=Fixed	NT=Carbamidomethyl;AC=UNIMOD:4;TA=C;MT=Fixed	NT=Oxidation;AC=UNIMOD:35;TA=M;MT=Variable	NT=Trypsin;AC=MS:1001251	NT=Data-dependent acquisition;AC=PRIDE:0000627	NT=beam-type collision-induced dissociation;AC=MS:1000422	35 NCE	not available	not available	4	1	180516_P21478_Proj2_TMT5_CTX41-50_QE2_fraction1.raw	v1.1.0	NT=ms-proteomics;VV=v1.1.0	NT=vertebrates;VV=v1.1.0	NT=clinical-metadata;VV=v1.0.0	manual curation	non-transgenic	1 week
C4e	Mus musculus	cerebral cortex	not applicable	tissue	normal	adult	female	B6C3F1	non-transgenic	4 week	5	180516_P21478_Proj2_TMT5_CTX41-50_QE2_fraction1-TMT129C	proteomic profiling by mass spectrometry	NT=Q Exactive;AC=MS:1001911	TMT129C	NT=TMT6plex;AC=UNIMOD:737;TA=K;MT=Fixed	NT=TMT6plex;AC=UNIMOD:737;PP=Peptide N-term;MT=Fixed	NT=Carbamidomethyl;AC=UNIMOD:4;TA=C;MT=Fixed	NT=Oxidation;AC=UNIMOD:35;TA=M;MT=Variable	NT=Trypsin;AC=MS:1001251	NT=Data-dependent acquisition;AC=PRIDE:0000627	NT=beam-type collision-induced dissociation;AC=MS:1000422	35 NCE	not available	not available	4	1	180516_P21478_Proj2_TMT5_CTX41-50_QE2_fraction1.raw	v1.1.0	NT=ms-proteomics;VV=v1.1.0	NT=vertebrates;VV=v1.1.0	NT=clinical-metadata;VV=v1.0.0	manual curation	non-transgenic	4 week
C6e	Mus musculus	cerebral cortex	not applicable	tissue	normal	adult	female	B6C3F1	tetO-hTDP-43-dNLS	6 week	5	180516_P21478_Proj2_TMT5_CTX41-50_QE2_fraction1-TMT130N	proteomic profiling by mass spectrometry	NT=Q Exactive;AC=MS:1001911	TMT130N	NT=TMT6plex;AC=UNIMOD:737;TA=K;MT=Fixed	NT=TMT6plex;AC=UNIMOD:737;PP=Peptide N-term;MT=Fixed	NT=Carbamidomethyl;AC=UNIMOD:4;TA=C;MT=Fixed	NT=Oxidation;AC=UNIMOD:35;TA=M;MT=Variable	NT=Trypsin;AC=MS:1001251	NT=Data-dependent acquisition;AC=PRIDE:0000627	NT=beam-type collision-induced dissociation;AC=MS:1000422	35 NCE	not available	not available	4	1	180516_P21478_Proj2_TMT5_CTX41-50_QE2_fraction1.raw	v1.1.0	NT=ms-proteomics;VV=v1.1.0	NT=vertebrates;VV=v1.1.0	NT=clinical-metadata;VV=v1.0.0	manual curation	tetO-hTDP-43-dNLS	6 week
C6+RECe	Mus musculus	cerebral cortex	not applicable	tissue	normal	adult	female	B6C3F1	non-transgenic	6 week + recovery	5	180516_P21478_Proj2_TMT5_CTX41-50_QE2_fraction1-TMT130C	proteomic profiling by mass spectrometry	NT=Q Exactive;AC=MS:1001911	TMT130C	NT=TMT6plex;AC=UNIMOD:737;TA=K;MT=Fixed	NT=TMT6plex;AC=UNIMOD:737;PP=Peptide N-term;MT=Fixed	NT=Carbamidomethyl;AC=UNIMOD:4;TA=C;MT=Fixed	NT=Oxidation;AC=UNIMOD:35;TA=M;MT=Variable	NT=Trypsin;AC=MS:1001251	NT=Data-dependent acquisition;AC=PRIDE:0000627	NT=beam-type collision-induced dissociation;AC=MS:1000422	35 NCE	not available	not available	4	1	180516_P21478_Proj2_TMT5_CTX41-50_QE2_fraction1.raw	v1.1.0	NT=ms-proteomics;VV=v1.1.0	NT=vertebrates;VV=v1.1.0	NT=clinical-metadata;VV=v1.0.0	manual curation	non-transgenic	6 week + recovery
pooled_control_reference_TMT5_CTX41-50	Mus musculus	cerebral cortex	not applicable	tissue	normal	adult	female	B6C3F1	not applicable	not applicable	pooled	180516_P21478_Proj2_TMT5_CTX41-50_QE2_fraction1-TMT131	proteomic profiling by mass spectrometry	NT=Q Exactive;AC=MS:1001911	TMT131	NT=TMT6plex;AC=UNIMOD:737;TA=K;MT=Fixed	NT=TMT6plex;AC=UNIMOD:737;PP=Peptide N-term;MT=Fixed	NT=Carbamidomethyl;AC=UNIMOD:4;TA=C;MT=Fixed	NT=Oxidation;AC=UNIMOD:35;TA=M;MT=Variable	NT=Trypsin;AC=MS:1001251	NT=Data-dependent acquisition;AC=PRIDE:0000627	NT=beam-type collision-induced dissociation;AC=MS:1000422	35 NCE	not available	not available	4	1	180516_P21478_Proj2_TMT5_CTX41-50_QE2_fraction1.raw	v1.1.0	NT=ms-proteomics;VV=v1.1.0	NT=vertebrates;VV=v1.1.0	NT=clinical-metadata;VV=v1.0.0	manual curation	not applicable	not applicable
D1e	Mus musculus	cerebral cortex	not applicable	tissue	amyotrophic lateral sclerosis	adult	female	B6C3F1	rNLS8 (NEFH-tTA x tetO-hTDP-43-dNLS)	1 week	5	180516_P21478_Proj2_TMT5_CTX41-50_QE2_fraction10-TMT126	proteomic profiling by mass spectrometry	NT=Q Exactive;AC=MS:1001911	TMT126	NT=TMT6plex;AC=UNIMOD:737;TA=K;MT=Fixed	NT=TMT6plex;AC=UNIMOD:737;PP=Peptide N-term;MT=Fixed	NT=Carbamidomethyl;AC=UNIMOD:4;TA=C;MT=Fixed	NT=Oxidation;AC=UNIMOD:35;TA=M;MT=Variable	NT=Trypsin;AC=MS:1001251	NT=Data-dependent acquisition;AC=PRIDE:0000627	NT=beam-type collision-induced dissociation;AC=MS:1000422	35 NCE	not available	not available	13	1	180516_P21478_Proj2_TMT5_CTX41-50_QE2_fraction10.raw	v1.1.0	NT=ms-proteomics;VV=v1.1.0	NT=vertebrates;VV=v1.1.0	NT=clinical-metadata;VV=v1.0.0	manual curation	rNLS8 (NEFH-tTA x tetO-hTDP-43-dNLS)	1 week
D2e	Mus musculus	cerebral cortex	not applicable	tissue	amyotrophic lateral sclerosis	adult	female	B6C3F1	rNLS8 (NEFH-tTA x tetO-hTDP-43-dNLS)	2 week	5	180516_P21478_Proj2_TMT5_CTX41-50_QE2_fraction10-TMT127N	proteomic profiling by mass spectrometry	NT=Q Exactive;AC=MS:1001911	TMT127N	NT=TMT6plex;AC=UNIMOD:737;TA=K;MT=Fixed	NT=TMT6plex;AC=UNIMOD:737;PP=Peptide N-term;MT=Fixed	NT=Carbamidomethyl;AC=UNIMOD:4;TA=C;MT=Fixed	NT=Oxidation;AC=UNIMOD:35;TA=M;MT=Variable	NT=Trypsin;AC=MS:1001251	NT=Data-dependent acquisition;AC=PRIDE:0000627	NT=beam-type collision-induced dissociation;AC=MS:1000422	35 NCE	not available	not available	13	1	180516_P21478_Proj2_TMT5_CTX41-50_QE2_fraction10.raw	v1.1.0	NT=ms-proteomics;VV=v1.1.0	NT=vertebrates;VV=v1.1.0	NT=clinical-metadata;VV=v1.0.0	manual curation	rNLS8 (NEFH-tTA x tetO-hTDP-43-dNLS)	2 week
D4e	Mus musculus	cerebral cortex	not applicable	tissue	amyotrophic lateral sclerosis	adult	female	B6C3F1	rNLS8 (NEFH-tTA x tetO-hTDP-43-dNLS)	4 week	5	180516_P21478_Proj2_TMT5_CTX41-50_QE2_fraction10-TMT127C	proteomic profiling by mass spectrometry	NT=Q Exactive;AC=MS:1001911	TMT127C	NT=TMT6plex;AC=UNIMOD:737;TA=K;MT=Fixed	NT=TMT6plex;AC=UNIMOD:737;PP=Peptide N-term;MT=Fixed	NT=Carbamidomethyl;AC=UNIMOD:4;TA=C;MT=Fixed	NT=Oxidation;AC=UNIMOD:35;TA=M;MT=Variable	NT=Trypsin;AC=MS:1001251	NT=Data-dependent acquisition;AC=PRIDE:0000627	NT=beam-type collision-induced dissociation;AC=MS:1000422	35 NCE	not available	not available	13	1	180516_P21478_Proj2_TMT5_CTX41-50_QE2_fraction10.raw	v1.1.0	NT=ms-proteomics;VV=v1.1.0	NT=vertebrates;VV=v1.1.0	NT=clinical-metadata;VV=v1.0.0	manual curation	rNLS8 (NEFH-tTA x tetO-hTDP-43-dNLS)	4 week
D6e	Mus musculus	cerebral cortex	not applicable	tissue	amyotrophic lateral sclerosis	adult	female	B6C3F1	rNLS8 (NEFH-tTA x tetO-hTDP-43-dNLS)	6 week	5	180516_P21478_Proj2_TMT5_CTX41-50_QE2_fraction10-TMT128N	proteomic profiling by mass spectrometry	NT=Q Exactive;AC=MS:1001911	TMT128N	NT=TMT6plex;AC=UNIMOD:737;TA=K;MT=Fixed	NT=TMT6plex;AC=UNIMOD:737;PP=Peptide N-term;MT=Fixed	NT=Carbamidomethyl;AC=UNIMOD:4;TA=C;MT=Fixed	NT=Oxidation;AC=UNIMOD:35;TA=M;MT=Variable	NT=Trypsin;AC=MS:1001251	NT=Data-dependent acquisition;AC=PRIDE:0000627	NT=beam-type collision-induced dissociation;AC=MS:1000422	35 NCE	not available	not available	13	1	180516_P21478_Proj2_TMT5_CTX41-50_QE2_fraction10.raw	v1.1.0	NT=ms-proteomics;VV=v1.1.0	NT=vertebrates;VV=v1.1.0	NT=clinical-metadata;VV=v1.0.0	manual curation	rNLS8 (NEFH-tTA x tetO-hTDP-43-dNLS)	6 week
D6+RECe	Mus musculus	cerebral cortex	not applicable	tissue	amyotrophic lateral sclerosis	adult	female	B6C3F1	rNLS8 (NEFH-tTA x tetO-hTDP-43-dNLS)	6 week + recovery	5	180516_P21478_Proj2_TMT5_CTX41-50_QE2_fraction10-TMT128C	proteomic profiling by mass spectrometry	NT=Q Exactive;AC=MS:1001911	TMT128C	NT=TMT6plex;AC=UNIMOD:737;TA=K;MT=Fixed	NT=TMT6plex;AC=UNIMOD:737;PP=Peptide N-term;MT=Fixed	NT=Carbamidomethyl;AC=UNIMOD:4;TA=C;MT=Fixed	NT=Oxidation;AC=UNIMOD:35;TA=M;MT=Variable	NT=Trypsin;AC=MS:1001251	NT=Data-dependent acquisition;AC=PRIDE:0000627	NT=beam-type collision-induced dissociation;AC=MS:1000422	35 NCE	not available	not available	13	1	180516_P21478_Proj2_TMT5_CTX41-50_QE2_fraction10.raw	v1.1.0	NT=ms-proteomics;VV=v1.1.0	NT=vertebrates;VV=v1.1.0	NT=clinical-metadata;VV=v1.0.0	manual curation	rNLS8 (NEFH-tTA x tetO-hTDP-43-dNLS)	6 week + recovery
C1e	Mus musculus	cerebral cortex	not applicable	tissue	normal	adult	female	B6C3F1	non-transgenic	1 week	5	180516_P21478_Proj2_TMT5_CTX41-50_QE2_fraction10-TMT129N	proteomic profiling by mass spectrometry	NT=Q Exactive;AC=MS:1001911	TMT129N	NT=TMT6plex;AC=UNIMOD:737;TA=K;MT=Fixed	NT=TMT6plex;AC=UNIMOD:737;PP=Peptide N-term;MT=Fixed	NT=Carbamidomethyl;AC=UNIMOD:4;TA=C;MT=Fixed	NT=Oxidation;AC=UNIMOD:35;TA=M;MT=Variable	NT=Trypsin;AC=MS:1001251	NT=Data-dependent acquisition;AC=PRIDE:0000627	NT=beam-type collision-induced dissociation;AC=MS:1000422	35 NCE	not available	not available	13	1	180516_P21478_Proj2_TMT5_CTX41-50_QE2_fraction10.raw	v1.1.0	NT=ms-proteomics;VV=v1.1.0	NT=vertebrates;VV=v1.1.0	NT=clinical-metadata;VV=v1.0.0	manual curation	non-transgenic	1 week
C4e	Mus musculus	cerebral cortex	not applicable	tissue	normal	adult	female	B6C3F1	non-transgenic	4 week	5	180516_P21478_Proj2_TMT5_CTX41-50_QE2_fraction10-TMT129C	proteomic profiling by mass spectrometry	NT=Q Exactive;AC=MS:1001911	TMT129C	NT=TMT6plex;AC=UNIMOD:737;TA=K;MT=Fixed	NT=TMT6plex;AC=UNIMOD:737;PP=Peptide N-term;MT=Fixed	NT=Carbamidomethyl;AC=UNIMOD:4;TA=C;MT=Fixed	NT=Oxidation;AC=UNIMOD:35;TA=M;MT=Variable	NT=Trypsin;AC=MS:1001251	NT=Data-dependent acquisition;AC=PRIDE:0000627	NT=beam-type collision-induced dissociation;AC=MS:1000422	35 NCE	not available	not available	13	1	180516_P21478_Proj2_TMT5_CTX41-50_QE2_fraction10.raw	v1.1.0	NT=ms-proteomics;VV=v1.1.0	NT=vertebrates;VV=v1.1.0	NT=clinical-metadata;VV=v1.0.0	manual curation	non-transgenic	4 week
C6e	Mus musculus	cerebral cortex	not applicable	tissue	normal	adult	female	B6C3F1	tetO-hTDP-43-dNLS	6 week	5	180516_P21478_Proj2_TMT5_CTX41-50_QE2_fraction10-TMT130N	proteomic profiling by mass spectrometry	NT=Q Exactive;AC=MS:1001911	TMT130N	NT=TMT6plex;AC=UNIMOD:737;TA=K;MT=Fixed	NT=TMT6plex;AC=UNIMOD:737;PP=Peptide N-term;MT=Fixed	NT=Carbamidomethyl;AC=UNIMOD:4;TA=C;MT=Fixed	NT=Oxidation;AC=UNIMOD:35;TA=M;MT=Variable	NT=Trypsin;AC=MS:1001251	NT=Data-dependent acquisition;AC=PRIDE:0000627	NT=beam-type collision-induced dissociation;AC=MS:1000422	35 NCE	not available	not available	13	1	180516_P21478_Proj2_TMT5_CTX41-50_QE2_fraction10.raw	v1.1.0	NT=ms-proteomics;VV=v1.1.0	NT=vertebrates;VV=v1.1.0	NT=clinical-metadata;VV=v1.0.0	manual curation	tetO-hTDP-43-dNLS	6 week
C6+RECe	Mus musculus	cerebral cortex	not applicable	tissue	normal	adult	female	B6C3F1	non-transgenic	6 week + recovery	5	180516_P21478_Proj2_TMT5_CTX41-50_QE2_fraction10-TMT130C	proteomic profiling by mass spectrometry	NT=Q Exactive;AC=MS:1001911	TMT130C	NT=TMT6plex;AC=UNIMOD:737;TA=K;MT=Fixed	NT=TMT6plex;AC=UNIMOD:737;PP=Peptide N-term;MT=Fixed	NT=Carbamidomethyl;AC=UNIMOD:4;TA=C;MT=Fixed	NT=Oxidation;AC=UNIMOD:35;TA=M;MT=Variable	NT=Trypsin;AC=MS:1001251	NT=Data-dependent acquisition;AC=PRIDE:0000627	NT=beam-type collision-induced dissociation;AC=MS:1000422	35 NCE	not available	not available	13	1	180516_P21478_Proj2_TMT5_CTX41-50_QE2_fraction10.raw	v1.1.0	NT=ms-proteomics;VV=v1.1.0	NT=vertebrates;VV=v1.1.0	NT=clinical-metadata;VV=v1.0.0	manual curation	non-transgenic	6 week + recovery
pooled_control_reference_TMT5_CTX41-50	Mus musculus	cerebral cortex	not applicable	tissue	normal	adult	female	B6C3F1	not applicable	not applicable	pooled	180516_P21478_Proj2_TMT5_CTX41-50_QE2_fraction10-TMT131	proteomic profiling by mass spectrometry	NT=Q Exactive;AC=MS:1001911	TMT131	NT=TMT6plex;AC=UNIMOD:737;TA=K;MT=Fixed	NT=TMT6plex;AC=UNIMOD:737;PP=Peptide N-term;MT=Fixed	NT=Carbamidomethyl;AC=UNIMOD:4;TA=C;MT=Fixed	NT=Oxidation;AC=UNIMOD:35;TA=M;MT=Variable	NT=Trypsin;AC=MS:1001251	NT=Data-dependent acquisition;AC=PRIDE:0000627	NT=beam-type collision-induced dissociation;AC=MS:1000422	35 NCE	not available	not available	13	1	180516_P21478_Proj2_TMT5_CTX41-50_QE2_fraction10.raw	v1.1.0	NT=ms-proteomics;VV=v1.1.0	NT=vertebrates;VV=v1.1.0	NT=clinical-metadata;VV=v1.0.0	manual curation	not applicable	not applicable
D1e	Mus musculus	cerebral cortex	not applicable	tissue	amyotrophic lateral sclerosis	adult	female	B6C3F1	rNLS8 (NEFH-tTA x tetO-hTDP-43-dNLS)	1 week	5	180516_P21478_Proj2_TMT5_CTX41-50_QE2_fraction11-TMT126	proteomic profiling by mass spectrometry	NT=Q Exactive;AC=MS:1001911	TMT126	NT=TMT6plex;AC=UNIMOD:737;TA=K;MT=Fixed	NT=TMT6plex;AC=UNIMOD:737;PP=Peptide N-term;MT=Fixed	NT=Carbamidomethyl;AC=UNIMOD:4;TA=C;MT=Fixed	NT=Oxidation;AC=UNIMOD:35;TA=M;MT=Variable	NT=Trypsin;AC=MS:1001251	NT=Data-dependent acquisition;AC=PRIDE:0000627	NT=beam-type collision-induced dissociation;AC=MS:1000422	35 NCE	not available	not available	14	1	180516_P21478_Proj2_TMT5_CTX41-50_QE2_fraction11.raw	v1.1.0	NT=ms-proteomics;VV=v1.1.0	NT=vertebrates;VV=v1.1.0	NT=clinical-metadata;VV=v1.0.0	manual curation	rNLS8 (NEFH-tTA x tetO-hTDP-43-dNLS)	1 week
D2e	Mus musculus	cerebral cortex	not applicable	tissue	amyotrophic lateral sclerosis	adult	female	B6C3F1	rNLS8 (NEFH-tTA x tetO-hTDP-43-dNLS)	2 week	5	180516_P21478_Proj2_TMT5_CTX41-50_QE2_fraction11-TMT127N	proteomic profiling by mass spectrometry	NT=Q Exactive;AC=MS:1001911	TMT127N	NT=TMT6plex;AC=UNIMOD:737;TA=K;MT=Fixed	NT=TMT6plex;AC=UNIMOD:737;PP=Peptide N-term;MT=Fixed	NT=Carbamidomethyl;AC=UNIMOD:4;TA=C;MT=Fixed	NT=Oxidation;AC=UNIMOD:35;TA=M;MT=Variable	NT=Trypsin;AC=MS:1001251	NT=Data-dependent acquisition;AC=PRIDE:0000627	NT=beam-type collision-induced dissociation;AC=MS:1000422	35 NCE	not available	not available	14	1	180516_P21478_Proj2_TMT5_CTX41-50_QE2_fraction11.raw	v1.1.0	NT=ms-proteomics;VV=v1.1.0	NT=vertebrates;VV=v1.1.0	NT=clinical-metadata;VV=v1.0.0	manual curation	rNLS8 (NEFH-tTA x tetO-hTDP-43-dNLS)	2 week
D4e	Mus musculus	cerebral cortex	not applicable	tissue	amyotrophic lateral sclerosis	adult	female	B6C3F1	rNLS8 (NEFH-tTA x tetO-hTDP-43-dNLS)	4 week	5	180516_P21478_Proj2_TMT5_CTX41-50_QE2_fraction11-TMT127C	proteomic profiling by mass spectrometry	NT=Q Exactive;AC=MS:1001911	TMT127C	NT=TMT6plex;AC=UNIMOD:737;TA=K;MT=Fixed	NT=TMT6plex;AC=UNIMOD:737;PP=Peptide N-term;MT=Fixed	NT=Carbamidomethyl;AC=UNIMOD:4;TA=C;MT=Fixed	NT=Oxidation;AC=UNIMOD:35;TA=M;MT=Variable	NT=Trypsin;AC=MS:1001251	NT=Data-dependent acquisition;AC=PRIDE:0000627	NT=beam-type collision-induced dissociation;AC=MS:1000422	35 NCE	not available	not available	14	1	180516_P21478_Proj2_TMT5_CTX41-50_QE2_fraction11.raw	v1.1.0	NT=ms-proteomics;VV=v1.1.0	NT=vertebrates;VV=v1.1.0	NT=clinical-metadata;VV=v1.0.0	manual curation	rNLS8 (NEFH-tTA x tetO-hTDP-43-dNLS)	4 week
D6e	Mus musculus	cerebral cortex	not applicable	tissue	amyotrophic lateral sclerosis	adult	female	B6C3F1	rNLS8 (NEFH-tTA x tetO-hTDP-43-dNLS)	6 week	5	180516_P21478_Proj2_TMT5_CTX41-50_QE2_fraction11-TMT128N	proteomic profiling by mass spectrometry	NT=Q Exactive;AC=MS:1001911	TMT128N	NT=TMT6plex;AC=UNIMOD:737;TA=K;MT=Fixed	NT=TMT6plex;AC=UNIMOD:737;PP=Peptide N-term;MT=Fixed	NT=Carbamidomethyl;AC=UNIMOD:4;TA=C;MT=Fixed	NT=Oxidation;AC=UNIMOD:35;TA=M;MT=Variable	NT=Trypsin;AC=MS:1001251	NT=Data-dependent acquisition;AC=PRIDE:0000627	NT=beam-type collision-induced dissociation;AC=MS:1000422	35 NCE	not available	not available	14	1	180516_P21478_Proj2_TMT5_CTX41-50_QE2_fraction11.raw	v1.1.0	NT=ms-proteomics;VV=v1.1.0	NT=vertebrates;VV=v1.1.0	NT=clinical-metadata;VV=v1.0.0	manual curation	rNLS8 (NEFH-tTA x tetO-hTDP-43-dNLS)	6 week
D6+RECe	Mus musculus	cerebral cortex	not applicable	tissue	amyotrophic lateral sclerosis	adult	female	B6C3F1	rNLS8 (NEFH-tTA x tetO-hTDP-43-dNLS)	6 week + recovery	5	180516_P21478_Proj2_TMT5_CTX41-50_QE2_fraction11-TMT128C	proteomic profiling by mass spectrometry	NT=Q Exactive;AC=MS:1001911	TMT128C	NT=TMT6plex;AC=UNIMOD:737;TA=K;MT=Fixed	NT=TMT6plex;AC=UNIMOD:737;PP=Peptide N-term;MT=Fixed	NT=Carbamidomethyl;AC=UNIMOD:4;TA=C;MT=Fixed	NT=Oxidation;AC=UNIMOD:35;TA=M;MT=Variable	NT=Trypsin;AC=MS:1001251	NT=Data-dependent acquisition;AC=PRIDE:0000627	NT=beam-type collision-induced dissociation;AC=MS:1000422	35 NCE	not available	not available	14	1	180516_P21478_Proj2_TMT5_CTX41-50_QE2_fraction11.raw	v1.1.0	NT=ms-proteomics;VV=v1.1.0	NT=vertebrates;VV=v1.1.0	NT=clinical-metadata;VV=v1.0.0	manual curation	rNLS8 (NEFH-tTA x tetO-hTDP-43-dNLS)	6 week + recovery
C1e	Mus musculus	cerebral cortex	not applicable	tissue	normal	adult	female	B6C3F1	non-transgenic	1 week	5	180516_P21478_Proj2_TMT5_CTX41-50_QE2_fraction11-TMT129N	proteomic profiling by mass spectrometry	NT=Q Exactive;AC=MS:1001911	TMT129N	NT=TMT6plex;AC=UNIMOD:737;TA=K;MT=Fixed	NT=TMT6plex;AC=UNIMOD:737;PP=Peptide N-term;MT=Fixed	NT=Carbamidomethyl;AC=UNIMOD:4;TA=C;MT=Fixed	NT=Oxidation;AC=UNIMOD:35;TA=M;MT=Variable	NT=Trypsin;AC=MS:1001251	NT=Data-dependent acquisition;AC=PRIDE:0000627	NT=beam-type collision-induced dissociation;AC=MS:1000422	35 NCE	not available	not available	14	1	180516_P21478_Proj2_TMT5_CTX41-50_QE2_fraction11.raw	v1.1.0	NT=ms-proteomics;VV=v1.1.0	NT=vertebrates;VV=v1.1.0	NT=clinical-metadata;VV=v1.0.0	manual curation	non-transgenic	1 week
C4e	Mus musculus	cerebral cortex	not applicable	tissue	normal	adult	female	B6C3F1	non-transgenic	4 week	5	180516_P21478_Proj2_TMT5_CTX41-50_QE2_fraction11-TMT129C	proteomic profiling by mass spectrometry	NT=Q Exactive;AC=MS:1001911	TMT129C	NT=TMT6plex;AC=UNIMOD:737;TA=K;MT=Fixed	NT=TMT6plex;AC=UNIMOD:737;PP=Peptide N-term;MT=Fixed	NT=Carbamidomethyl;AC=UNIMOD:4;TA=C;MT=Fixed	NT=Oxidation;AC=UNIMOD:35;TA=M;MT=Variable	NT=Trypsin;AC=MS:1001251	NT=Data-dependent acquisition;AC=PRIDE:0000627	NT=beam-type collision-induced dissociation;AC=MS:1000422	35 NCE	not available	not available	14	1	180516_P21478_Proj2_TMT5_CTX41-50_QE2_fraction11.raw	v1.1.0	NT=ms-proteomics;VV=v1.1.0	NT=vertebrates;VV=v1.1.0	NT=clinical-metadata;VV=v1.0.0	manual curation	non-transgenic	4 week
C6e	Mus musculus	cerebral cortex	not applicable	tissue	normal	adult	female	B6C3F1	tetO-hTDP-43-dNLS	6 week	5	180516_P21478_Proj2_TMT5_CTX41-50_QE2_fraction11-TMT130N	proteomic profiling by mass spectrometry	NT=Q Exactive;AC=MS:1001911	TMT130N	NT=TMT6plex;AC=UNIMOD:737;TA=K;MT=Fixed	NT=TMT6plex;AC=UNIMOD:737;PP=Peptide N-term;MT=Fixed	NT=Carbamidomethyl;AC=UNIMOD:4;TA=C;MT=Fixed	NT=Oxidation;AC=UNIMOD:35;TA=M;MT=Variable	NT=Trypsin;AC=MS:1001251	NT=Data-dependent acquisition;AC=PRIDE:0000627	NT=beam-type collision-induced dissociation;AC=MS:1000422	35 NCE	not available	not available	14	1	180516_P21478_Proj2_TMT5_CTX41-50_QE2_fraction11.raw	v1.1.0	NT=ms-proteomics;VV=v1.1.0	NT=vertebrates;VV=v1.1.0	NT=clinical-metadata;VV=v1.0.0	manual curation	tetO-hTDP-43-dNLS	6 week
C6+RECe	Mus musculus	cerebral cortex	not applicable	tissue	normal	adult	female	B6C3F1	non-transgenic	6 week + recovery	5	180516_P21478_Proj2_TMT5_CTX41-50_QE2_fraction11-TMT130C	proteomic profiling by mass spectrometry	NT=Q Exactive;AC=MS:1001911	TMT130C	NT=TMT6plex;AC=UNIMOD:737;TA=K;MT=Fixed	NT=TMT6plex;AC=UNIMOD:737;PP=Peptide N-term;MT=Fixed	NT=Carbamidomethyl;AC=UNIMOD:4;TA=C;MT=Fixed	NT=Oxidation;AC=UNIMOD:35;TA=M;MT=Variable	NT=Trypsin;AC=MS:1001251	NT=Data-dependent acquisition;AC=PRIDE:0000627	NT=beam-type collision-induced dissociation;AC=MS:1000422	35 NCE	not available	not available	14	1	180516_P21478_Proj2_TMT5_CTX41-50_QE2_fraction11.raw	v1.1.0	NT=ms-proteomics;VV=v1.1.0	NT=vertebrates;VV=v1.1.0	NT=clinical-metadata;VV=v1.0.0	manual curation	non-transgenic	6 week + recovery
pooled_control_reference_TMT5_CTX41-50	Mus musculus	cerebral cortex	not applicable	tissue	normal	adult	female	B6C3F1	not applicable	not applicable	pooled	180516_P21478_Proj2_TMT5_CTX41-50_QE2_fraction11-TMT131	proteomic profiling by mass spectrometry	NT=Q Exactive;AC=MS:1001911	TMT131	NT=TMT6plex;AC=UNIMOD:737;TA=K;MT=Fixed	NT=TMT6plex;AC=UNIMOD:737;PP=Peptide N-term;MT=Fixed	NT=Carbamidomethyl;AC=UNIMOD:4;TA=C;MT=Fixed	NT=Oxidation;AC=UNIMOD:35;TA=M;MT=Variable	NT=Trypsin;AC=MS:1001251	NT=Data-dependent acquisition;AC=PRIDE:0000627	NT=beam-type collision-induced dissociation;AC=MS:1000422	35 NCE	not available	not available	14	1	180516_P21478_Proj2_TMT5_CTX41-50_QE2_fraction11.raw	v1.1.0	NT=ms-proteomics;VV=v1.1.0	NT=vertebrates;VV=v1.1.0	NT=clinical-metadata;VV=v1.0.0	manual curation	not applicable	not applicable
D1e	Mus musculus	cerebral cortex	not applicable	tissue	amyotrophic lateral sclerosis	adult	female	B6C3F1	rNLS8 (NEFH-tTA x tetO-hTDP-43-dNLS)	1 week	5	180516_P21478_Proj2_TMT5_CTX41-50_QE2_fraction12-TMT126	proteomic profiling by mass spectrometry	NT=Q Exactive;AC=MS:1001911	TMT126	NT=TMT6plex;AC=UNIMOD:737;TA=K;MT=Fixed	NT=TMT6plex;AC=UNIMOD:737;PP=Peptide N-term;MT=Fixed	NT=Carbamidomethyl;AC=UNIMOD:4;TA=C;MT=Fixed	NT=Oxidation;AC=UNIMOD:35;TA=M;MT=Variable	NT=Trypsin;AC=MS:1001251	NT=Data-dependent acquisition;AC=PRIDE:0000627	NT=beam-type collision-induced dissociation;AC=MS:1000422	35 NCE	not available	not available	15	1	180516_P21478_Proj2_TMT5_CTX41-50_QE2_fraction12.raw	v1.1.0	NT=ms-proteomics;VV=v1.1.0	NT=vertebrates;VV=v1.1.0	NT=clinical-metadata;VV=v1.0.0	manual curation	rNLS8 (NEFH-tTA x tetO-hTDP-43-dNLS)	1 week
D2e	Mus musculus	cerebral cortex	not applicable	tissue	amyotrophic lateral sclerosis	adult	female	B6C3F1	rNLS8 (NEFH-tTA x tetO-hTDP-43-dNLS)	2 week	5	180516_P21478_Proj2_TMT5_CTX41-50_QE2_fraction12-TMT127N	proteomic profiling by mass spectrometry	NT=Q Exactive;AC=MS:1001911	TMT127N	NT=TMT6plex;AC=UNIMOD:737;TA=K;MT=Fixed	NT=TMT6plex;AC=UNIMOD:737;PP=Peptide N-term;MT=Fixed	NT=Carbamidomethyl;AC=UNIMOD:4;TA=C;MT=Fixed	NT=Oxidation;AC=UNIMOD:35;TA=M;MT=Variable	NT=Trypsin;AC=MS:1001251	NT=Data-dependent acquisition;AC=PRIDE:0000627	NT=beam-type collision-induced dissociation;AC=MS:1000422	35 NCE	not available	not available	15	1	180516_P21478_Proj2_TMT5_CTX41-50_QE2_fraction12.raw	v1.1.0	NT=ms-proteomics;VV=v1.1.0	NT=vertebrates;VV=v1.1.0	NT=clinical-metadata;VV=v1.0.0	manual curation	rNLS8 (NEFH-tTA x tetO-hTDP-43-dNLS)	2 week
D4e	Mus musculus	cerebral cortex	not applicable	tissue	amyotrophic lateral sclerosis	adult	female	B6C3F1	rNLS8 (NEFH-tTA x tetO-hTDP-43-dNLS)	4 week	5	180516_P21478_Proj2_TMT5_CTX41-50_QE2_fraction12-TMT127C	proteomic profiling by mass spectrometry	NT=Q Exactive;AC=MS:1001911	TMT127C	NT=TMT6plex;AC=UNIMOD:737;TA=K;MT=Fixed	NT=TMT6plex;AC=UNIMOD:737;PP=Peptide N-term;MT=Fixed	NT=Carbamidomethyl;AC=UNIMOD:4;TA=C;MT=Fixed	NT=Oxidation;AC=UNIMOD:35;TA=M;MT=Variable	NT=Trypsin;AC=MS:1001251	NT=Data-dependent acquisition;AC=PRIDE:0000627	NT=beam-type collision-induced dissociation;AC=MS:1000422	35 NCE	not available	not available	15	1	180516_P21478_Proj2_TMT5_CTX41-50_QE2_fraction12.raw	v1.1.0	NT=ms-proteomics;VV=v1.1.0	NT=vertebrates;VV=v1.1.0	NT=clinical-metadata;VV=v1.0.0	manual curation	rNLS8 (NEFH-tTA x tetO-hTDP-43-dNLS)	4 week
D6e	Mus musculus	cerebral cortex	not applicable	tissue	amyotrophic lateral sclerosis	adult	female	B6C3F1	rNLS8 (NEFH-tTA x tetO-hTDP-43-dNLS)	6 week	5	180516_P21478_Proj2_TMT5_CTX41-50_QE2_fraction12-TMT128N	proteomic profiling by mass spectrometry	NT=Q Exactive;AC=MS:1001911	TMT128N	NT=TMT6plex;AC=UNIMOD:737;TA=K;MT=Fixed	NT=TMT6plex;AC=UNIMOD:737;PP=Peptide N-term;MT=Fixed	NT=Carbamidomethyl;AC=UNIMOD:4;TA=C;MT=Fixed	NT=Oxidation;AC=UNIMOD:35;TA=M;MT=Variable	NT=Trypsin;AC=MS:1001251	NT=Data-dependent acquisition;AC=PRIDE:0000627	NT=beam-type collision-induced dissociation;AC=MS:1000422	35 NCE	not available	not available	15	1	180516_P21478_Proj2_TMT5_CTX41-50_QE2_fraction12.raw	v1.1.0	NT=ms-proteomics;VV=v1.1.0	NT=vertebrates;VV=v1.1.0	NT=clinical-metadata;VV=v1.0.0	manual curation	rNLS8 (NEFH-tTA x tetO-hTDP-43-dNLS)	6 week
D6+RECe	Mus musculus	cerebral cortex	not applicable	tissue	amyotrophic lateral sclerosis	adult	female	B6C3F1	rNLS8 (NEFH-tTA x tetO-hTDP-43-dNLS)	6 week + recovery	5	180516_P21478_Proj2_TMT5_CTX41-50_QE2_fraction12-TMT128C	proteomic profiling by mass spectrometry	NT=Q Exactive;AC=MS:1001911	TMT128C	NT=TMT6plex;AC=UNIMOD:737;TA=K;MT=Fixed	NT=TMT6plex;AC=UNIMOD:737;PP=Peptide N-term;MT=Fixed	NT=Carbamidomethyl;AC=UNIMOD:4;TA=C;MT=Fixed	NT=Oxidation;AC=UNIMOD:35;TA=M;MT=Variable	NT=Trypsin;AC=MS:1001251	NT=Data-dependent acquisition;AC=PRIDE:0000627	NT=beam-type collision-induced dissociation;AC=MS:1000422	35 NCE	not available	not available	15	1	180516_P21478_Proj2_TMT5_CTX41-50_QE2_fraction12.raw	v1.1.0	NT=ms-proteomics;VV=v1.1.0	NT=vertebrates;VV=v1.1.0	NT=clinical-metadata;VV=v1.0.0	manual curation	rNLS8 (NEFH-tTA x tetO-hTDP-43-dNLS)	6 week + recovery
C1e	Mus musculus	cerebral cortex	not applicable	tissue	normal	adult	female	B6C3F1	non-transgenic	1 week	5	180516_P21478_Proj2_TMT5_CTX41-50_QE2_fraction12-TMT129N	proteomic profiling by mass spectrometry	NT=Q Exactive;AC=MS:1001911	TMT129N	NT=TMT6plex;AC=UNIMOD:737;TA=K;MT=Fixed	NT=TMT6plex;AC=UNIMOD:737;PP=Peptide N-term;MT=Fixed	NT=Carbamidomethyl;AC=UNIMOD:4;TA=C;MT=Fixed	NT=Oxidation;AC=UNIMOD:35;TA=M;MT=Variable	NT=Trypsin;AC=MS:1001251	NT=Data-dependent acquisition;AC=PRIDE:0000627	NT=beam-type collision-induced dissociation;AC=MS:1000422	35 NCE	not available	not available	15	1	180516_P21478_Proj2_TMT5_CTX41-50_QE2_fraction12.raw	v1.1.0	NT=ms-proteomics;VV=v1.1.0	NT=vertebrates;VV=v1.1.0	NT=clinical-metadata;VV=v1.0.0	manual curation	non-transgenic	1 week
C4e	Mus musculus	cerebral cortex	not applicable	tissue	normal	adult	female	B6C3F1	non-transgenic	4 week	5	180516_P21478_Proj2_TMT5_CTX41-50_QE2_fraction12-TMT129C	proteomic profiling by mass spectrometry	NT=Q Exactive;AC=MS:1001911	TMT129C	NT=TMT6plex;AC=UNIMOD:737;TA=K;MT=Fixed	NT=TMT6plex;AC=UNIMOD:737;PP=Peptide N-term;MT=Fixed	NT=Carbamidomethyl;AC=UNIMOD:4;TA=C;MT=Fixed	NT=Oxidation;AC=UNIMOD:35;TA=M;MT=Variable	NT=Trypsin;AC=MS:1001251	NT=Data-dependent acquisition;AC=PRIDE:0000627	NT=beam-type collision-induced dissociation;AC=MS:1000422	35 NCE	not available	not available	15	1	180516_P21478_Proj2_TMT5_CTX41-50_QE2_fraction12.raw	v1.1.0	NT=ms-proteomics;VV=v1.1.0	NT=vertebrates;VV=v1.1.0	NT=clinical-metadata;VV=v1.0.0	manual curation	non-transgenic	4 week
C6e	Mus musculus	cerebral cortex	not applicable	tissue	normal	adult	female	B6C3F1	tetO-hTDP-43-dNLS	6 week	5	180516_P21478_Proj2_TMT5_CTX41-50_QE2_fraction12-TMT130N	proteomic profiling by mass spectrometry	NT=Q Exactive;AC=MS:1001911	TMT130N	NT=TMT6plex;AC=UNIMOD:737;TA=K;MT=Fixed	NT=TMT6plex;AC=UNIMOD:737;PP=Peptide N-term;MT=Fixed	NT=Carbamidomethyl;AC=UNIMOD:4;TA=C;MT=Fixed	NT=Oxidation;AC=UNIMOD:35;TA=M;MT=Variable	NT=Trypsin;AC=MS:1001251	NT=Data-dependent acquisition;AC=PRIDE:0000627	NT=beam-type collision-induced dissociation;AC=MS:1000422	35 NCE	not available	not available	15	1	180516_P21478_Proj2_TMT5_CTX41-50_QE2_fraction12.raw	v1.1.0	NT=ms-proteomics;VV=v1.1.0	NT=vertebrates;VV=v1.1.0	NT=clinical-metadata;VV=v1.0.0	manual curation	tetO-hTDP-43-dNLS	6 week
C6+RECe	Mus musculus	cerebral cortex	not applicable	tissue	normal	adult	female	B6C3F1	non-transgenic	6 week + recovery	5	180516_P21478_Proj2_TMT5_CTX41-50_QE2_fraction12-TMT130C	proteomic profiling by mass spectrometry	NT=Q Exactive;AC=MS:1001911	TMT130C	NT=TMT6plex;AC=UNIMOD:737;TA=K;MT=Fixed	NT=TMT6plex;AC=UNIMOD:737;PP=Peptide N-term;MT=Fixed	NT=Carbamidomethyl;AC=UNIMOD:4;TA=C;MT=Fixed	NT=Oxidation;AC=UNIMOD:35;TA=M;MT=Variable	NT=Trypsin;AC=MS:1001251	NT=Data-dependent acquisition;AC=PRIDE:0000627	NT=beam-type collision-induced dissociation;AC=MS:1000422	35 NCE	not available	not available	15	1	180516_P21478_Proj2_TMT5_CTX41-50_QE2_fraction12.raw	v1.1.0	NT=ms-proteomics;VV=v1.1.0	NT=vertebrates;VV=v1.1.0	NT=clinical-metadata;VV=v1.0.0	manual curation	non-transgenic	6 week + recovery
pooled_control_reference_TMT5_CTX41-50	Mus musculus	cerebral cortex	not applicable	tissue	normal	adult	female	B6C3F1	not applicable	not applicable	pooled	180516_P21478_Proj2_TMT5_CTX41-50_QE2_fraction12-TMT131	proteomic profiling by mass spectrometry	NT=Q Exactive;AC=MS:1001911	TMT131	NT=TMT6plex;AC=UNIMOD:737;TA=K;MT=Fixed	NT=TMT6plex;AC=UNIMOD:737;PP=Peptide N-term;MT=Fixed	NT=Carbamidomethyl;AC=UNIMOD:4;TA=C;MT=Fixed	NT=Oxidation;AC=UNIMOD:35;TA=M;MT=Variable	NT=Trypsin;AC=MS:1001251	NT=Data-dependent acquisition;AC=PRIDE:0000627	NT=beam-type collision-induced dissociation;AC=MS:1000422	35 NCE	not available	not available	15	1	180516_P21478_Proj2_TMT5_CTX41-50_QE2_fraction12.raw	v1.1.0	NT=ms-proteomics;VV=v1.1.0	NT=vertebrates;VV=v1.1.0	NT=clinical-metadata;VV=v1.0.0	manual curation	not applicable	not applicable
D1e	Mus musculus	cerebral cortex	not applicable	tissue	amyotrophic lateral sclerosis	adult	female	B6C3F1	rNLS8 (NEFH-tTA x tetO-hTDP-43-dNLS)	1 week	5	180516_P21478_Proj2_TMT5_CTX41-50_QE2_fraction13-TMT126	proteomic profiling by mass spectrometry	NT=Q Exactive;AC=MS:1001911	TMT126	NT=TMT6plex;AC=UNIMOD:737;TA=K;MT=Fixed	NT=TMT6plex;AC=UNIMOD:737;PP=Peptide N-term;MT=Fixed	NT=Carbamidomethyl;AC=UNIMOD:4;TA=C;MT=Fixed	NT=Oxidation;AC=UNIMOD:35;TA=M;MT=Variable	NT=Trypsin;AC=MS:1001251	NT=Data-dependent acquisition;AC=PRIDE:0000627	NT=beam-type collision-induced dissociation;AC=MS:1000422	35 NCE	not available	not available	16	1	180516_P21478_Proj2_TMT5_CTX41-50_QE2_fraction13.raw	v1.1.0	NT=ms-proteomics;VV=v1.1.0	NT=vertebrates;VV=v1.1.0	NT=clinical-metadata;VV=v1.0.0	manual curation	rNLS8 (NEFH-tTA x tetO-hTDP-43-dNLS)	1 week
D2e	Mus musculus	cerebral cortex	not applicable	tissue	amyotrophic lateral sclerosis	adult	female	B6C3F1	rNLS8 (NEFH-tTA x tetO-hTDP-43-dNLS)	2 week	5	180516_P21478_Proj2_TMT5_CTX41-50_QE2_fraction13-TMT127N	proteomic profiling by mass spectrometry	NT=Q Exactive;AC=MS:1001911	TMT127N	NT=TMT6plex;AC=UNIMOD:737;TA=K;MT=Fixed	NT=TMT6plex;AC=UNIMOD:737;PP=Peptide N-term;MT=Fixed	NT=Carbamidomethyl;AC=UNIMOD:4;TA=C;MT=Fixed	NT=Oxidation;AC=UNIMOD:35;TA=M;MT=Variable	NT=Trypsin;AC=MS:1001251	NT=Data-dependent acquisition;AC=PRIDE:0000627	NT=beam-type collision-induced dissociation;AC=MS:1000422	35 NCE	not available	not available	16	1	180516_P21478_Proj2_TMT5_CTX41-50_QE2_fraction13.raw	v1.1.0	NT=ms-proteomics;VV=v1.1.0	NT=vertebrates;VV=v1.1.0	NT=clinical-metadata;VV=v1.0.0	manual curation	rNLS8 (NEFH-tTA x tetO-hTDP-43-dNLS)	2 week
D4e	Mus musculus	cerebral cortex	not applicable	tissue	amyotrophic lateral sclerosis	adult	female	B6C3F1	rNLS8 (NEFH-tTA x tetO-hTDP-43-dNLS)	4 week	5	180516_P21478_Proj2_TMT5_CTX41-50_QE2_fraction13-TMT127C	proteomic profiling by mass spectrometry	NT=Q Exactive;AC=MS:1001911	TMT127C	NT=TMT6plex;AC=UNIMOD:737;TA=K;MT=Fixed	NT=TMT6plex;AC=UNIMOD:737;PP=Peptide N-term;MT=Fixed	NT=Carbamidomethyl;AC=UNIMOD:4;TA=C;MT=Fixed	NT=Oxidation;AC=UNIMOD:35;TA=M;MT=Variable	NT=Trypsin;AC=MS:1001251	NT=Data-dependent acquisition;AC=PRIDE:0000627	NT=beam-type collision-induced dissociation;AC=MS:1000422	35 NCE	not available	not available	16	1	180516_P21478_Proj2_TMT5_CTX41-50_QE2_fraction13.raw	v1.1.0	NT=ms-proteomics;VV=v1.1.0	NT=vertebrates;VV=v1.1.0	NT=clinical-metadata;VV=v1.0.0	manual curation	rNLS8 (NEFH-tTA x tetO-hTDP-43-dNLS)	4 week
D6e	Mus musculus	cerebral cortex	not applicable	tissue	amyotrophic lateral sclerosis	adult	female	B6C3F1	rNLS8 (NEFH-tTA x tetO-hTDP-43-dNLS)	6 week	5	180516_P21478_Proj2_TMT5_CTX41-50_QE2_fraction13-TMT128N	proteomic profiling by mass spectrometry	NT=Q Exactive;AC=MS:1001911	TMT128N	NT=TMT6plex;AC=UNIMOD:737;TA=K;MT=Fixed	NT=TMT6plex;AC=UNIMOD:737;PP=Peptide N-term;MT=Fixed	NT=Carbamidomethyl;AC=UNIMOD:4;TA=C;MT=Fixed	NT=Oxidation;AC=UNIMOD:35;TA=M;MT=Variable	NT=Trypsin;AC=MS:1001251	NT=Data-dependent acquisition;AC=PRIDE:0000627	NT=beam-type collision-induced dissociation;AC=MS:1000422	35 NCE	not available	not available	16	1	180516_P21478_Proj2_TMT5_CTX41-50_QE2_fraction13.raw	v1.1.0	NT=ms-proteomics;VV=v1.1.0	NT=vertebrates;VV=v1.1.0	NT=clinical-metadata;VV=v1.0.0	manual curation	rNLS8 (NEFH-tTA x tetO-hTDP-43-dNLS)	6 week
D6+RECe	Mus musculus	cerebral cortex	not applicable	tissue	amyotrophic lateral sclerosis	adult	female	B6C3F1	rNLS8 (NEFH-tTA x tetO-hTDP-43-dNLS)	6 week + recovery	5	180516_P21478_Proj2_TMT5_CTX41-50_QE2_fraction13-TMT128C	proteomic profiling by mass spectrometry	NT=Q Exactive;AC=MS:1001911	TMT128C	NT=TMT6plex;AC=UNIMOD:737;TA=K;MT=Fixed	NT=TMT6plex;AC=UNIMOD:737;PP=Peptide N-term;MT=Fixed	NT=Carbamidomethyl;AC=UNIMOD:4;TA=C;MT=Fixed	NT=Oxidation;AC=UNIMOD:35;TA=M;MT=Variable	NT=Trypsin;AC=MS:1001251	NT=Data-dependent acquisition;AC=PRIDE:0000627	NT=beam-type collision-induced dissociation;AC=MS:1000422	35 NCE	not available	not available	16	1	180516_P21478_Proj2_TMT5_CTX41-50_QE2_fraction13.raw	v1.1.0	NT=ms-proteomics;VV=v1.1.0	NT=vertebrates;VV=v1.1.0	NT=clinical-metadata;VV=v1.0.0	manual curation	rNLS8 (NEFH-tTA x tetO-hTDP-43-dNLS)	6 week + recovery
C1e	Mus musculus	cerebral cortex	not applicable	tissue	normal	adult	female	B6C3F1	non-transgenic	1 week	5	180516_P21478_Proj2_TMT5_CTX41-50_QE2_fraction13-TMT129N	proteomic profiling by mass spectrometry	NT=Q Exactive;AC=MS:1001911	TMT129N	NT=TMT6plex;AC=UNIMOD:737;TA=K;MT=Fixed	NT=TMT6plex;AC=UNIMOD:737;PP=Peptide N-term;MT=Fixed	NT=Carbamidomethyl;AC=UNIMOD:4;TA=C;MT=Fixed	NT=Oxidation;AC=UNIMOD:35;TA=M;MT=Variable	NT=Trypsin;AC=MS:1001251	NT=Data-dependent acquisition;AC=PRIDE:0000627	NT=beam-type collision-induced dissociation;AC=MS:1000422	35 NCE	not available	not available	16	1	180516_P21478_Proj2_TMT5_CTX41-50_QE2_fraction13.raw	v1.1.0	NT=ms-proteomics;VV=v1.1.0	NT=vertebrates;VV=v1.1.0	NT=clinical-metadata;VV=v1.0.0	manual curation	non-transgenic	1 week
C4e	Mus musculus	cerebral cortex	not applicable	tissue	normal	adult	female	B6C3F1	non-transgenic	4 week	5	180516_P21478_Proj2_TMT5_CTX41-50_QE2_fraction13-TMT129C	proteomic profiling by mass spectrometry	NT=Q Exactive;AC=MS:1001911	TMT129C	NT=TMT6plex;AC=UNIMOD:737;TA=K;MT=Fixed	NT=TMT6plex;AC=UNIMOD:737;PP=Peptide N-term;MT=Fixed	NT=Carbamidomethyl;AC=UNIMOD:4;TA=C;MT=Fixed	NT=Oxidation;AC=UNIMOD:35;TA=M;MT=Variable	NT=Trypsin;AC=MS:1001251	NT=Data-dependent acquisition;AC=PRIDE:0000627	NT=beam-type collision-induced dissociation;AC=MS:1000422	35 NCE	not available	not available	16	1	180516_P21478_Proj2_TMT5_CTX41-50_QE2_fraction13.raw	v1.1.0	NT=ms-proteomics;VV=v1.1.0	NT=vertebrates;VV=v1.1.0	NT=clinical-metadata;VV=v1.0.0	manual curation	non-transgenic	4 week
C6e	Mus musculus	cerebral cortex	not applicable	tissue	normal	adult	female	B6C3F1	tetO-hTDP-43-dNLS	6 week	5	180516_P21478_Proj2_TMT5_CTX41-50_QE2_fraction13-TMT130N	proteomic profiling by mass spectrometry	NT=Q Exactive;AC=MS:1001911	TMT130N	NT=TMT6plex;AC=UNIMOD:737;TA=K;MT=Fixed	NT=TMT6plex;AC=UNIMOD:737;PP=Peptide N-term;MT=Fixed	NT=Carbamidomethyl;AC=UNIMOD:4;TA=C;MT=Fixed	NT=Oxidation;AC=UNIMOD:35;TA=M;MT=Variable	NT=Trypsin;AC=MS:1001251	NT=Data-dependent acquisition;AC=PRIDE:0000627	NT=beam-type collision-induced dissociation;AC=MS:1000422	35 NCE	not available	not available	16	1	180516_P21478_Proj2_TMT5_CTX41-50_QE2_fraction13.raw	v1.1.0	NT=ms-proteomics;VV=v1.1.0	NT=vertebrates;VV=v1.1.0	NT=clinical-metadata;VV=v1.0.0	manual curation	tetO-hTDP-43-dNLS	6 week
C6+RECe	Mus musculus	cerebral cortex	not applicable	tissue	normal	adult	female	B6C3F1	non-transgenic	6 week + recovery	5	180516_P21478_Proj2_TMT5_CTX41-50_QE2_fraction13-TMT130C	proteomic profiling by mass spectrometry	NT=Q Exactive;AC=MS:1001911	TMT130C	NT=TMT6plex;AC=UNIMOD:737;TA=K;MT=Fixed	NT=TMT6plex;AC=UNIMOD:737;PP=Peptide N-term;MT=Fixed	NT=Carbamidomethyl;AC=UNIMOD:4;TA=C;MT=Fixed	NT=Oxidation;AC=UNIMOD:35;TA=M;MT=Variable	NT=Trypsin;AC=MS:1001251	NT=Data-dependent acquisition;AC=PRIDE:0000627	NT=beam-type collision-induced dissociation;AC=MS:1000422	35 NCE	not available	not available	16	1	180516_P21478_Proj2_TMT5_CTX41-50_QE2_fraction13.raw	v1.1.0	NT=ms-proteomics;VV=v1.1.0	NT=vertebrates;VV=v1.1.0	NT=clinical-metadata;VV=v1.0.0	manual curation	non-transgenic	6 week + recovery
pooled_control_reference_TMT5_CTX41-50	Mus musculus	cerebral cortex	not applicable	tissue	normal	adult	female	B6C3F1	not applicable	not applicable	pooled	180516_P21478_Proj2_TMT5_CTX41-50_QE2_fraction13-TMT131	proteomic profiling by mass spectrometry	NT=Q Exactive;AC=MS:1001911	TMT131	NT=TMT6plex;AC=UNIMOD:737;TA=K;MT=Fixed	NT=TMT6plex;AC=UNIMOD:737;PP=Peptide N-term;MT=Fixed	NT=Carbamidomethyl;AC=UNIMOD:4;TA=C;MT=Fixed	NT=Oxidation;AC=UNIMOD:35;TA=M;MT=Variable	NT=Trypsin;AC=MS:1001251	NT=Data-dependent acquisition;AC=PRIDE:0000627	NT=beam-type collision-induced dissociation;AC=MS:1000422	35 NCE	not available	not available	16	1	180516_P21478_Proj2_TMT5_CTX41-50_QE2_fraction13.raw	v1.1.0	NT=ms-proteomics;VV=v1.1.0	NT=vertebrates;VV=v1.1.0	NT=clinical-metadata;VV=v1.0.0	manual curation	not applicable	not applicable
D1e	Mus musculus	cerebral cortex	not applicable	tissue	amyotrophic lateral sclerosis	adult	female	B6C3F1	rNLS8 (NEFH-tTA x tetO-hTDP-43-dNLS)	1 week	5	180516_P21478_Proj2_TMT5_CTX41-50_QE2_fraction14-TMT126	proteomic profiling by mass spectrometry	NT=Q Exactive;AC=MS:1001911	TMT126	NT=TMT6plex;AC=UNIMOD:737;TA=K;MT=Fixed	NT=TMT6plex;AC=UNIMOD:737;PP=Peptide N-term;MT=Fixed	NT=Carbamidomethyl;AC=UNIMOD:4;TA=C;MT=Fixed	NT=Oxidation;AC=UNIMOD:35;TA=M;MT=Variable	NT=Trypsin;AC=MS:1001251	NT=Data-dependent acquisition;AC=PRIDE:0000627	NT=beam-type collision-induced dissociation;AC=MS:1000422	35 NCE	not available	not available	17	1	180516_P21478_Proj2_TMT5_CTX41-50_QE2_fraction14.raw	v1.1.0	NT=ms-proteomics;VV=v1.1.0	NT=vertebrates;VV=v1.1.0	NT=clinical-metadata;VV=v1.0.0	manual curation	rNLS8 (NEFH-tTA x tetO-hTDP-43-dNLS)	1 week
D2e	Mus musculus	cerebral cortex	not applicable	tissue	amyotrophic lateral sclerosis	adult	female	B6C3F1	rNLS8 (NEFH-tTA x tetO-hTDP-43-dNLS)	2 week	5	180516_P21478_Proj2_TMT5_CTX41-50_QE2_fraction14-TMT127N	proteomic profiling by mass spectrometry	NT=Q Exactive;AC=MS:1001911	TMT127N	NT=TMT6plex;AC=UNIMOD:737;TA=K;MT=Fixed	NT=TMT6plex;AC=UNIMOD:737;PP=Peptide N-term;MT=Fixed	NT=Carbamidomethyl;AC=UNIMOD:4;TA=C;MT=Fixed	NT=Oxidation;AC=UNIMOD:35;TA=M;MT=Variable	NT=Trypsin;AC=MS:1001251	NT=Data-dependent acquisition;AC=PRIDE:0000627	NT=beam-type collision-induced dissociation;AC=MS:1000422	35 NCE	not available	not available	17	1	180516_P21478_Proj2_TMT5_CTX41-50_QE2_fraction14.raw	v1.1.0	NT=ms-proteomics;VV=v1.1.0	NT=vertebrates;VV=v1.1.0	NT=clinical-metadata;VV=v1.0.0	manual curation	rNLS8 (NEFH-tTA x tetO-hTDP-43-dNLS)	2 week
D4e	Mus musculus	cerebral cortex	not applicable	tissue	amyotrophic lateral sclerosis	adult	female	B6C3F1	rNLS8 (NEFH-tTA x tetO-hTDP-43-dNLS)	4 week	5	180516_P21478_Proj2_TMT5_CTX41-50_QE2_fraction14-TMT127C	proteomic profiling by mass spectrometry	NT=Q Exactive;AC=MS:1001911	TMT127C	NT=TMT6plex;AC=UNIMOD:737;TA=K;MT=Fixed	NT=TMT6plex;AC=UNIMOD:737;PP=Peptide N-term;MT=Fixed	NT=Carbamidomethyl;AC=UNIMOD:4;TA=C;MT=Fixed	NT=Oxidation;AC=UNIMOD:35;TA=M;MT=Variable	NT=Trypsin;AC=MS:1001251	NT=Data-dependent acquisition;AC=PRIDE:0000627	NT=beam-type collision-induced dissociation;AC=MS:1000422	35 NCE	not available	not available	17	1	180516_P21478_Proj2_TMT5_CTX41-50_QE2_fraction14.raw	v1.1.0	NT=ms-proteomics;VV=v1.1.0	NT=vertebrates;VV=v1.1.0	NT=clinical-metadata;VV=v1.0.0	manual curation	rNLS8 (NEFH-tTA x tetO-hTDP-43-dNLS)	4 week
D6e	Mus musculus	cerebral cortex	not applicable	tissue	amyotrophic lateral sclerosis	adult	female	B6C3F1	rNLS8 (NEFH-tTA x tetO-hTDP-43-dNLS)	6 week	5	180516_P21478_Proj2_TMT5_CTX41-50_QE2_fraction14-TMT128N	proteomic profiling by mass spectrometry	NT=Q Exactive;AC=MS:1001911	TMT128N	NT=TMT6plex;AC=UNIMOD:737;TA=K;MT=Fixed	NT=TMT6plex;AC=UNIMOD:737;PP=Peptide N-term;MT=Fixed	NT=Carbamidomethyl;AC=UNIMOD:4;TA=C;MT=Fixed	NT=Oxidation;AC=UNIMOD:35;TA=M;MT=Variable	NT=Trypsin;AC=MS:1001251	NT=Data-dependent acquisition;AC=PRIDE:0000627	NT=beam-type collision-induced dissociation;AC=MS:1000422	35 NCE	not available	not available	17	1	180516_P21478_Proj2_TMT5_CTX41-50_QE2_fraction14.raw	v1.1.0	NT=ms-proteomics;VV=v1.1.0	NT=vertebrates;VV=v1.1.0	NT=clinical-metadata;VV=v1.0.0	manual curation	rNLS8 (NEFH-tTA x tetO-hTDP-43-dNLS)	6 week
D6+RECe	Mus musculus	cerebral cortex	not applicable	tissue	amyotrophic lateral sclerosis	adult	female	B6C3F1	rNLS8 (NEFH-tTA x tetO-hTDP-43-dNLS)	6 week + recovery	5	180516_P21478_Proj2_TMT5_CTX41-50_QE2_fraction14-TMT128C	proteomic profiling by mass spectrometry	NT=Q Exactive;AC=MS:1001911	TMT128C	NT=TMT6plex;AC=UNIMOD:737;TA=K;MT=Fixed	NT=TMT6plex;AC=UNIMOD:737;PP=Peptide N-term;MT=Fixed	NT=Carbamidomethyl;AC=UNIMOD:4;TA=C;MT=Fixed	NT=Oxidation;AC=UNIMOD:35;TA=M;MT=Variable	NT=Trypsin;AC=MS:1001251	NT=Data-dependent acquisition;AC=PRIDE:0000627	NT=beam-type collision-induced dissociation;AC=MS:1000422	35 NCE	not available	not available	17	1	180516_P21478_Proj2_TMT5_CTX41-50_QE2_fraction14.raw	v1.1.0	NT=ms-proteomics;VV=v1.1.0	NT=vertebrates;VV=v1.1.0	NT=clinical-metadata;VV=v1.0.0	manual curation	rNLS8 (NEFH-tTA x tetO-hTDP-43-dNLS)	6 week + recovery
C1e	Mus musculus	cerebral cortex	not applicable	tissue	normal	adult	female	B6C3F1	non-transgenic	1 week	5	180516_P21478_Proj2_TMT5_CTX41-50_QE2_fraction14-TMT129N	proteomic profiling by mass spectrometry	NT=Q Exactive;AC=MS:1001911	TMT129N	NT=TMT6plex;AC=UNIMOD:737;TA=K;MT=Fixed	NT=TMT6plex;AC=UNIMOD:737;PP=Peptide N-term;MT=Fixed	NT=Carbamidomethyl;AC=UNIMOD:4;TA=C;MT=Fixed	NT=Oxidation;AC=UNIMOD:35;TA=M;MT=Variable	NT=Trypsin;AC=MS:1001251	NT=Data-dependent acquisition;AC=PRIDE:0000627	NT=beam-type collision-induced dissociation;AC=MS:1000422	35 NCE	not available	not available	17	1	180516_P21478_Proj2_TMT5_CTX41-50_QE2_fraction14.raw	v1.1.0	NT=ms-proteomics;VV=v1.1.0	NT=vertebrates;VV=v1.1.0	NT=clinical-metadata;VV=v1.0.0	manual curation	non-transgenic	1 week
C4e	Mus musculus	cerebral cortex	not applicable	tissue	normal	adult	female	B6C3F1	non-transgenic	4 week	5	180516_P21478_Proj2_TMT5_CTX41-50_QE2_fraction14-TMT129C	proteomic profiling by mass spectrometry	NT=Q Exactive;AC=MS:1001911	TMT129C	NT=TMT6plex;AC=UNIMOD:737;TA=K;MT=Fixed	NT=TMT6plex;AC=UNIMOD:737;PP=Peptide N-term;MT=Fixed	NT=Carbamidomethyl;AC=UNIMOD:4;TA=C;MT=Fixed	NT=Oxidation;AC=UNIMOD:35;TA=M;MT=Variable	NT=Trypsin;AC=MS:1001251	NT=Data-dependent acquisition;AC=PRIDE:0000627	NT=beam-type collision-induced dissociation;AC=MS:1000422	35 NCE	not available	not available	17	1	180516_P21478_Proj2_TMT5_CTX41-50_QE2_fraction14.raw	v1.1.0	NT=ms-proteomics;VV=v1.1.0	NT=vertebrates;VV=v1.1.0	NT=clinical-metadata;VV=v1.0.0	manual curation	non-transgenic	4 week
C6e	Mus musculus	cerebral cortex	not applicable	tissue	normal	adult	female	B6C3F1	tetO-hTDP-43-dNLS	6 week	5	180516_P21478_Proj2_TMT5_CTX41-50_QE2_fraction14-TMT130N	proteomic profiling by mass spectrometry	NT=Q Exactive;AC=MS:1001911	TMT130N	NT=TMT6plex;AC=UNIMOD:737;TA=K;MT=Fixed	NT=TMT6plex;AC=UNIMOD:737;PP=Peptide N-term;MT=Fixed	NT=Carbamidomethyl;AC=UNIMOD:4;TA=C;MT=Fixed	NT=Oxidation;AC=UNIMOD:35;TA=M;MT=Variable	NT=Trypsin;AC=MS:1001251	NT=Data-dependent acquisition;AC=PRIDE:0000627	NT=beam-type collision-induced dissociation;AC=MS:1000422	35 NCE	not available	not available	17	1	180516_P21478_Proj2_TMT5_CTX41-50_QE2_fraction14.raw	v1.1.0	NT=ms-proteomics;VV=v1.1.0	NT=vertebrates;VV=v1.1.0	NT=clinical-metadata;VV=v1.0.0	manual curation	tetO-hTDP-43-dNLS	6 week
C6+RECe	Mus musculus	cerebral cortex	not applicable	tissue	normal	adult	female	B6C3F1	non-transgenic	6 week + recovery	5	180516_P21478_Proj2_TMT5_CTX41-50_QE2_fraction14-TMT130C	proteomic profiling by mass spectrometry	NT=Q Exactive;AC=MS:1001911	TMT130C	NT=TMT6plex;AC=UNIMOD:737;TA=K;MT=Fixed	NT=TMT6plex;AC=UNIMOD:737;PP=Peptide N-term;MT=Fixed	NT=Carbamidomethyl;AC=UNIMOD:4;TA=C;MT=Fixed	NT=Oxidation;AC=UNIMOD:35;TA=M;MT=Variable	NT=Trypsin;AC=MS:1001251	NT=Data-dependent acquisition;AC=PRIDE:0000627	NT=beam-type collision-induced dissociation;AC=MS:1000422	35 NCE	not available	not available	17	1	180516_P21478_Proj2_TMT5_CTX41-50_QE2_fraction14.raw	v1.1.0	NT=ms-proteomics;VV=v1.1.0	NT=vertebrates;VV=v1.1.0	NT=clinical-metadata;VV=v1.0.0	manual curation	non-transgenic	6 week + recovery
pooled_control_reference_TMT5_CTX41-50	Mus musculus	cerebral cortex	not applicable	tissue	normal	adult	female	B6C3F1	not applicable	not applicable	pooled	180516_P21478_Proj2_TMT5_CTX41-50_QE2_fraction14-TMT131	proteomic profiling by mass spectrometry	NT=Q Exactive;AC=MS:1001911	TMT131	NT=TMT6plex;AC=UNIMOD:737;TA=K;MT=Fixed	NT=TMT6plex;AC=UNIMOD:737;PP=Peptide N-term;MT=Fixed	NT=Carbamidomethyl;AC=UNIMOD:4;TA=C;MT=Fixed	NT=Oxidation;AC=UNIMOD:35;TA=M;MT=Variable	NT=Trypsin;AC=MS:1001251	NT=Data-dependent acquisition;AC=PRIDE:0000627	NT=beam-type collision-induced dissociation;AC=MS:1000422	35 NCE	not available	not available	17	1	180516_P21478_Proj2_TMT5_CTX41-50_QE2_fraction14.raw	v1.1.0	NT=ms-proteomics;VV=v1.1.0	NT=vertebrates;VV=v1.1.0	NT=clinical-metadata;VV=v1.0.0	manual curation	not applicable	not applicable
D1e	Mus musculus	cerebral cortex	not applicable	tissue	amyotrophic lateral sclerosis	adult	female	B6C3F1	rNLS8 (NEFH-tTA x tetO-hTDP-43-dNLS)	1 week	5	180516_P21478_Proj2_TMT5_CTX41-50_QE2_fraction2-TMT126	proteomic profiling by mass spectrometry	NT=Q Exactive;AC=MS:1001911	TMT126	NT=TMT6plex;AC=UNIMOD:737;TA=K;MT=Fixed	NT=TMT6plex;AC=UNIMOD:737;PP=Peptide N-term;MT=Fixed	NT=Carbamidomethyl;AC=UNIMOD:4;TA=C;MT=Fixed	NT=Oxidation;AC=UNIMOD:35;TA=M;MT=Variable	NT=Trypsin;AC=MS:1001251	NT=Data-dependent acquisition;AC=PRIDE:0000627	NT=beam-type collision-induced dissociation;AC=MS:1000422	35 NCE	not available	not available	5	1	180516_P21478_Proj2_TMT5_CTX41-50_QE2_fraction2.raw	v1.1.0	NT=ms-proteomics;VV=v1.1.0	NT=vertebrates;VV=v1.1.0	NT=clinical-metadata;VV=v1.0.0	manual curation	rNLS8 (NEFH-tTA x tetO-hTDP-43-dNLS)	1 week
D2e	Mus musculus	cerebral cortex	not applicable	tissue	amyotrophic lateral sclerosis	adult	female	B6C3F1	rNLS8 (NEFH-tTA x tetO-hTDP-43-dNLS)	2 week	5	180516_P21478_Proj2_TMT5_CTX41-50_QE2_fraction2-TMT127N	proteomic profiling by mass spectrometry	NT=Q Exactive;AC=MS:1001911	TMT127N	NT=TMT6plex;AC=UNIMOD:737;TA=K;MT=Fixed	NT=TMT6plex;AC=UNIMOD:737;PP=Peptide N-term;MT=Fixed	NT=Carbamidomethyl;AC=UNIMOD:4;TA=C;MT=Fixed	NT=Oxidation;AC=UNIMOD:35;TA=M;MT=Variable	NT=Trypsin;AC=MS:1001251	NT=Data-dependent acquisition;AC=PRIDE:0000627	NT=beam-type collision-induced dissociation;AC=MS:1000422	35 NCE	not available	not available	5	1	180516_P21478_Proj2_TMT5_CTX41-50_QE2_fraction2.raw	v1.1.0	NT=ms-proteomics;VV=v1.1.0	NT=vertebrates;VV=v1.1.0	NT=clinical-metadata;VV=v1.0.0	manual curation	rNLS8 (NEFH-tTA x tetO-hTDP-43-dNLS)	2 week
D4e	Mus musculus	cerebral cortex	not applicable	tissue	amyotrophic lateral sclerosis	adult	female	B6C3F1	rNLS8 (NEFH-tTA x tetO-hTDP-43-dNLS)	4 week	5	180516_P21478_Proj2_TMT5_CTX41-50_QE2_fraction2-TMT127C	proteomic profiling by mass spectrometry	NT=Q Exactive;AC=MS:1001911	TMT127C	NT=TMT6plex;AC=UNIMOD:737;TA=K;MT=Fixed	NT=TMT6plex;AC=UNIMOD:737;PP=Peptide N-term;MT=Fixed	NT=Carbamidomethyl;AC=UNIMOD:4;TA=C;MT=Fixed	NT=Oxidation;AC=UNIMOD:35;TA=M;MT=Variable	NT=Trypsin;AC=MS:1001251	NT=Data-dependent acquisition;AC=PRIDE:0000627	NT=beam-type collision-induced dissociation;AC=MS:1000422	35 NCE	not available	not available	5	1	180516_P21478_Proj2_TMT5_CTX41-50_QE2_fraction2.raw	v1.1.0	NT=ms-proteomics;VV=v1.1.0	NT=vertebrates;VV=v1.1.0	NT=clinical-metadata;VV=v1.0.0	manual curation	rNLS8 (NEFH-tTA x tetO-hTDP-43-dNLS)	4 week
D6e	Mus musculus	cerebral cortex	not applicable	tissue	amyotrophic lateral sclerosis	adult	female	B6C3F1	rNLS8 (NEFH-tTA x tetO-hTDP-43-dNLS)	6 week	5	180516_P21478_Proj2_TMT5_CTX41-50_QE2_fraction2-TMT128N	proteomic profiling by mass spectrometry	NT=Q Exactive;AC=MS:1001911	TMT128N	NT=TMT6plex;AC=UNIMOD:737;TA=K;MT=Fixed	NT=TMT6plex;AC=UNIMOD:737;PP=Peptide N-term;MT=Fixed	NT=Carbamidomethyl;AC=UNIMOD:4;TA=C;MT=Fixed	NT=Oxidation;AC=UNIMOD:35;TA=M;MT=Variable	NT=Trypsin;AC=MS:1001251	NT=Data-dependent acquisition;AC=PRIDE:0000627	NT=beam-type collision-induced dissociation;AC=MS:1000422	35 NCE	not available	not available	5	1	180516_P21478_Proj2_TMT5_CTX41-50_QE2_fraction2.raw	v1.1.0	NT=ms-proteomics;VV=v1.1.0	NT=vertebrates;VV=v1.1.0	NT=clinical-metadata;VV=v1.0.0	manual curation	rNLS8 (NEFH-tTA x tetO-hTDP-43-dNLS)	6 week
D6+RECe	Mus musculus	cerebral cortex	not applicable	tissue	amyotrophic lateral sclerosis	adult	female	B6C3F1	rNLS8 (NEFH-tTA x tetO-hTDP-43-dNLS)	6 week + recovery	5	180516_P21478_Proj2_TMT5_CTX41-50_QE2_fraction2-TMT128C	proteomic profiling by mass spectrometry	NT=Q Exactive;AC=MS:1001911	TMT128C	NT=TMT6plex;AC=UNIMOD:737;TA=K;MT=Fixed	NT=TMT6plex;AC=UNIMOD:737;PP=Peptide N-term;MT=Fixed	NT=Carbamidomethyl;AC=UNIMOD:4;TA=C;MT=Fixed	NT=Oxidation;AC=UNIMOD:35;TA=M;MT=Variable	NT=Trypsin;AC=MS:1001251	NT=Data-dependent acquisition;AC=PRIDE:0000627	NT=beam-type collision-induced dissociation;AC=MS:1000422	35 NCE	not available	not available	5	1	180516_P21478_Proj2_TMT5_CTX41-50_QE2_fraction2.raw	v1.1.0	NT=ms-proteomics;VV=v1.1.0	NT=vertebrates;VV=v1.1.0	NT=clinical-metadata;VV=v1.0.0	manual curation	rNLS8 (NEFH-tTA x tetO-hTDP-43-dNLS)	6 week + recovery
C1e	Mus musculus	cerebral cortex	not applicable	tissue	normal	adult	female	B6C3F1	non-transgenic	1 week	5	180516_P21478_Proj2_TMT5_CTX41-50_QE2_fraction2-TMT129N	proteomic profiling by mass spectrometry	NT=Q Exactive;AC=MS:1001911	TMT129N	NT=TMT6plex;AC=UNIMOD:737;TA=K;MT=Fixed	NT=TMT6plex;AC=UNIMOD:737;PP=Peptide N-term;MT=Fixed	NT=Carbamidomethyl;AC=UNIMOD:4;TA=C;MT=Fixed	NT=Oxidation;AC=UNIMOD:35;TA=M;MT=Variable	NT=Trypsin;AC=MS:1001251	NT=Data-dependent acquisition;AC=PRIDE:0000627	NT=beam-type collision-induced dissociation;AC=MS:1000422	35 NCE	not available	not available	5	1	180516_P21478_Proj2_TMT5_CTX41-50_QE2_fraction2.raw	v1.1.0	NT=ms-proteomics;VV=v1.1.0	NT=vertebrates;VV=v1.1.0	NT=clinical-metadata;VV=v1.0.0	manual curation	non-transgenic	1 week
C4e	Mus musculus	cerebral cortex	not applicable	tissue	normal	adult	female	B6C3F1	non-transgenic	4 week	5	180516_P21478_Proj2_TMT5_CTX41-50_QE2_fraction2-TMT129C	proteomic profiling by mass spectrometry	NT=Q Exactive;AC=MS:1001911	TMT129C	NT=TMT6plex;AC=UNIMOD:737;TA=K;MT=Fixed	NT=TMT6plex;AC=UNIMOD:737;PP=Peptide N-term;MT=Fixed	NT=Carbamidomethyl;AC=UNIMOD:4;TA=C;MT=Fixed	NT=Oxidation;AC=UNIMOD:35;TA=M;MT=Variable	NT=Trypsin;AC=MS:1001251	NT=Data-dependent acquisition;AC=PRIDE:0000627	NT=beam-type collision-induced dissociation;AC=MS:1000422	35 NCE	not available	not available	5	1	180516_P21478_Proj2_TMT5_CTX41-50_QE2_fraction2.raw	v1.1.0	NT=ms-proteomics;VV=v1.1.0	NT=vertebrates;VV=v1.1.0	NT=clinical-metadata;VV=v1.0.0	manual curation	non-transgenic	4 week
C6e	Mus musculus	cerebral cortex	not applicable	tissue	normal	adult	female	B6C3F1	tetO-hTDP-43-dNLS	6 week	5	180516_P21478_Proj2_TMT5_CTX41-50_QE2_fraction2-TMT130N	proteomic profiling by mass spectrometry	NT=Q Exactive;AC=MS:1001911	TMT130N	NT=TMT6plex;AC=UNIMOD:737;TA=K;MT=Fixed	NT=TMT6plex;AC=UNIMOD:737;PP=Peptide N-term;MT=Fixed	NT=Carbamidomethyl;AC=UNIMOD:4;TA=C;MT=Fixed	NT=Oxidation;AC=UNIMOD:35;TA=M;MT=Variable	NT=Trypsin;AC=MS:1001251	NT=Data-dependent acquisition;AC=PRIDE:0000627	NT=beam-type collision-induced dissociation;AC=MS:1000422	35 NCE	not available	not available	5	1	180516_P21478_Proj2_TMT5_CTX41-50_QE2_fraction2.raw	v1.1.0	NT=ms-proteomics;VV=v1.1.0	NT=vertebrates;VV=v1.1.0	NT=clinical-metadata;VV=v1.0.0	manual curation	tetO-hTDP-43-dNLS	6 week
C6+RECe	Mus musculus	cerebral cortex	not applicable	tissue	normal	adult	female	B6C3F1	non-transgenic	6 week + recovery	5	180516_P21478_Proj2_TMT5_CTX41-50_QE2_fraction2-TMT130C	proteomic profiling by mass spectrometry	NT=Q Exactive;AC=MS:1001911	TMT130C	NT=TMT6plex;AC=UNIMOD:737;TA=K;MT=Fixed	NT=TMT6plex;AC=UNIMOD:737;PP=Peptide N-term;MT=Fixed	NT=Carbamidomethyl;AC=UNIMOD:4;TA=C;MT=Fixed	NT=Oxidation;AC=UNIMOD:35;TA=M;MT=Variable	NT=Trypsin;AC=MS:1001251	NT=Data-dependent acquisition;AC=PRIDE:0000627	NT=beam-type collision-induced dissociation;AC=MS:1000422	35 NCE	not available	not available	5	1	180516_P21478_Proj2_TMT5_CTX41-50_QE2_fraction2.raw	v1.1.0	NT=ms-proteomics;VV=v1.1.0	NT=vertebrates;VV=v1.1.0	NT=clinical-metadata;VV=v1.0.0	manual curation	non-transgenic	6 week + recovery
pooled_control_reference_TMT5_CTX41-50	Mus musculus	cerebral cortex	not applicable	tissue	normal	adult	female	B6C3F1	not applicable	not applicable	pooled	180516_P21478_Proj2_TMT5_CTX41-50_QE2_fraction2-TMT131	proteomic profiling by mass spectrometry	NT=Q Exactive;AC=MS:1001911	TMT131	NT=TMT6plex;AC=UNIMOD:737;TA=K;MT=Fixed	NT=TMT6plex;AC=UNIMOD:737;PP=Peptide N-term;MT=Fixed	NT=Carbamidomethyl;AC=UNIMOD:4;TA=C;MT=Fixed	NT=Oxidation;AC=UNIMOD:35;TA=M;MT=Variable	NT=Trypsin;AC=MS:1001251	NT=Data-dependent acquisition;AC=PRIDE:0000627	NT=beam-type collision-induced dissociation;AC=MS:1000422	35 NCE	not available	not available	5	1	180516_P21478_Proj2_TMT5_CTX41-50_QE2_fraction2.raw	v1.1.0	NT=ms-proteomics;VV=v1.1.0	NT=vertebrates;VV=v1.1.0	NT=clinical-metadata;VV=v1.0.0	manual curation	not applicable	not applicable
D1e	Mus musculus	cerebral cortex	not applicable	tissue	amyotrophic lateral sclerosis	adult	female	B6C3F1	rNLS8 (NEFH-tTA x tetO-hTDP-43-dNLS)	1 week	5	180516_P21478_Proj2_TMT5_CTX41-50_QE2_fraction3-TMT126	proteomic profiling by mass spectrometry	NT=Q Exactive;AC=MS:1001911	TMT126	NT=TMT6plex;AC=UNIMOD:737;TA=K;MT=Fixed	NT=TMT6plex;AC=UNIMOD:737;PP=Peptide N-term;MT=Fixed	NT=Carbamidomethyl;AC=UNIMOD:4;TA=C;MT=Fixed	NT=Oxidation;AC=UNIMOD:35;TA=M;MT=Variable	NT=Trypsin;AC=MS:1001251	NT=Data-dependent acquisition;AC=PRIDE:0000627	NT=beam-type collision-induced dissociation;AC=MS:1000422	35 NCE	not available	not available	6	1	180516_P21478_Proj2_TMT5_CTX41-50_QE2_fraction3.raw	v1.1.0	NT=ms-proteomics;VV=v1.1.0	NT=vertebrates;VV=v1.1.0	NT=clinical-metadata;VV=v1.0.0	manual curation	rNLS8 (NEFH-tTA x tetO-hTDP-43-dNLS)	1 week
D2e	Mus musculus	cerebral cortex	not applicable	tissue	amyotrophic lateral sclerosis	adult	female	B6C3F1	rNLS8 (NEFH-tTA x tetO-hTDP-43-dNLS)	2 week	5	180516_P21478_Proj2_TMT5_CTX41-50_QE2_fraction3-TMT127N	proteomic profiling by mass spectrometry	NT=Q Exactive;AC=MS:1001911	TMT127N	NT=TMT6plex;AC=UNIMOD:737;TA=K;MT=Fixed	NT=TMT6plex;AC=UNIMOD:737;PP=Peptide N-term;MT=Fixed	NT=Carbamidomethyl;AC=UNIMOD:4;TA=C;MT=Fixed	NT=Oxidation;AC=UNIMOD:35;TA=M;MT=Variable	NT=Trypsin;AC=MS:1001251	NT=Data-dependent acquisition;AC=PRIDE:0000627	NT=beam-type collision-induced dissociation;AC=MS:1000422	35 NCE	not available	not available	6	1	180516_P21478_Proj2_TMT5_CTX41-50_QE2_fraction3.raw	v1.1.0	NT=ms-proteomics;VV=v1.1.0	NT=vertebrates;VV=v1.1.0	NT=clinical-metadata;VV=v1.0.0	manual curation	rNLS8 (NEFH-tTA x tetO-hTDP-43-dNLS)	2 week
D4e	Mus musculus	cerebral cortex	not applicable	tissue	amyotrophic lateral sclerosis	adult	female	B6C3F1	rNLS8 (NEFH-tTA x tetO-hTDP-43-dNLS)	4 week	5	180516_P21478_Proj2_TMT5_CTX41-50_QE2_fraction3-TMT127C	proteomic profiling by mass spectrometry	NT=Q Exactive;AC=MS:1001911	TMT127C	NT=TMT6plex;AC=UNIMOD:737;TA=K;MT=Fixed	NT=TMT6plex;AC=UNIMOD:737;PP=Peptide N-term;MT=Fixed	NT=Carbamidomethyl;AC=UNIMOD:4;TA=C;MT=Fixed	NT=Oxidation;AC=UNIMOD:35;TA=M;MT=Variable	NT=Trypsin;AC=MS:1001251	NT=Data-dependent acquisition;AC=PRIDE:0000627	NT=beam-type collision-induced dissociation;AC=MS:1000422	35 NCE	not available	not available	6	1	180516_P21478_Proj2_TMT5_CTX41-50_QE2_fraction3.raw	v1.1.0	NT=ms-proteomics;VV=v1.1.0	NT=vertebrates;VV=v1.1.0	NT=clinical-metadata;VV=v1.0.0	manual curation	rNLS8 (NEFH-tTA x tetO-hTDP-43-dNLS)	4 week
D6e	Mus musculus	cerebral cortex	not applicable	tissue	amyotrophic lateral sclerosis	adult	female	B6C3F1	rNLS8 (NEFH-tTA x tetO-hTDP-43-dNLS)	6 week	5	180516_P21478_Proj2_TMT5_CTX41-50_QE2_fraction3-TMT128N	proteomic profiling by mass spectrometry	NT=Q Exactive;AC=MS:1001911	TMT128N	NT=TMT6plex;AC=UNIMOD:737;TA=K;MT=Fixed	NT=TMT6plex;AC=UNIMOD:737;PP=Peptide N-term;MT=Fixed	NT=Carbamidomethyl;AC=UNIMOD:4;TA=C;MT=Fixed	NT=Oxidation;AC=UNIMOD:35;TA=M;MT=Variable	NT=Trypsin;AC=MS:1001251	NT=Data-dependent acquisition;AC=PRIDE:0000627	NT=beam-type collision-induced dissociation;AC=MS:1000422	35 NCE	not available	not available	6	1	180516_P21478_Proj2_TMT5_CTX41-50_QE2_fraction3.raw	v1.1.0	NT=ms-proteomics;VV=v1.1.0	NT=vertebrates;VV=v1.1.0	NT=clinical-metadata;VV=v1.0.0	manual curation	rNLS8 (NEFH-tTA x tetO-hTDP-43-dNLS)	6 week
D6+RECe	Mus musculus	cerebral cortex	not applicable	tissue	amyotrophic lateral sclerosis	adult	female	B6C3F1	rNLS8 (NEFH-tTA x tetO-hTDP-43-dNLS)	6 week + recovery	5	180516_P21478_Proj2_TMT5_CTX41-50_QE2_fraction3-TMT128C	proteomic profiling by mass spectrometry	NT=Q Exactive;AC=MS:1001911	TMT128C	NT=TMT6plex;AC=UNIMOD:737;TA=K;MT=Fixed	NT=TMT6plex;AC=UNIMOD:737;PP=Peptide N-term;MT=Fixed	NT=Carbamidomethyl;AC=UNIMOD:4;TA=C;MT=Fixed	NT=Oxidation;AC=UNIMOD:35;TA=M;MT=Variable	NT=Trypsin;AC=MS:1001251	NT=Data-dependent acquisition;AC=PRIDE:0000627	NT=beam-type collision-induced dissociation;AC=MS:1000422	35 NCE	not available	not available	6	1	180516_P21478_Proj2_TMT5_CTX41-50_QE2_fraction3.raw	v1.1.0	NT=ms-proteomics;VV=v1.1.0	NT=vertebrates;VV=v1.1.0	NT=clinical-metadata;VV=v1.0.0	manual curation	rNLS8 (NEFH-tTA x tetO-hTDP-43-dNLS)	6 week + recovery
C1e	Mus musculus	cerebral cortex	not applicable	tissue	normal	adult	female	B6C3F1	non-transgenic	1 week	5	180516_P21478_Proj2_TMT5_CTX41-50_QE2_fraction3-TMT129N	proteomic profiling by mass spectrometry	NT=Q Exactive;AC=MS:1001911	TMT129N	NT=TMT6plex;AC=UNIMOD:737;TA=K;MT=Fixed	NT=TMT6plex;AC=UNIMOD:737;PP=Peptide N-term;MT=Fixed	NT=Carbamidomethyl;AC=UNIMOD:4;TA=C;MT=Fixed	NT=Oxidation;AC=UNIMOD:35;TA=M;MT=Variable	NT=Trypsin;AC=MS:1001251	NT=Data-dependent acquisition;AC=PRIDE:0000627	NT=beam-type collision-induced dissociation;AC=MS:1000422	35 NCE	not available	not available	6	1	180516_P21478_Proj2_TMT5_CTX41-50_QE2_fraction3.raw	v1.1.0	NT=ms-proteomics;VV=v1.1.0	NT=vertebrates;VV=v1.1.0	NT=clinical-metadata;VV=v1.0.0	manual curation	non-transgenic	1 week
C4e	Mus musculus	cerebral cortex	not applicable	tissue	normal	adult	female	B6C3F1	non-transgenic	4 week	5	180516_P21478_Proj2_TMT5_CTX41-50_QE2_fraction3-TMT129C	proteomic profiling by mass spectrometry	NT=Q Exactive;AC=MS:1001911	TMT129C	NT=TMT6plex;AC=UNIMOD:737;TA=K;MT=Fixed	NT=TMT6plex;AC=UNIMOD:737;PP=Peptide N-term;MT=Fixed	NT=Carbamidomethyl;AC=UNIMOD:4;TA=C;MT=Fixed	NT=Oxidation;AC=UNIMOD:35;TA=M;MT=Variable	NT=Trypsin;AC=MS:1001251	NT=Data-dependent acquisition;AC=PRIDE:0000627	NT=beam-type collision-induced dissociation;AC=MS:1000422	35 NCE	not available	not available	6	1	180516_P21478_Proj2_TMT5_CTX41-50_QE2_fraction3.raw	v1.1.0	NT=ms-proteomics;VV=v1.1.0	NT=vertebrates;VV=v1.1.0	NT=clinical-metadata;VV=v1.0.0	manual curation	non-transgenic	4 week
C6e	Mus musculus	cerebral cortex	not applicable	tissue	normal	adult	female	B6C3F1	tetO-hTDP-43-dNLS	6 week	5	180516_P21478_Proj2_TMT5_CTX41-50_QE2_fraction3-TMT130N	proteomic profiling by mass spectrometry	NT=Q Exactive;AC=MS:1001911	TMT130N	NT=TMT6plex;AC=UNIMOD:737;TA=K;MT=Fixed	NT=TMT6plex;AC=UNIMOD:737;PP=Peptide N-term;MT=Fixed	NT=Carbamidomethyl;AC=UNIMOD:4;TA=C;MT=Fixed	NT=Oxidation;AC=UNIMOD:35;TA=M;MT=Variable	NT=Trypsin;AC=MS:1001251	NT=Data-dependent acquisition;AC=PRIDE:0000627	NT=beam-type collision-induced dissociation;AC=MS:1000422	35 NCE	not available	not available	6	1	180516_P21478_Proj2_TMT5_CTX41-50_QE2_fraction3.raw	v1.1.0	NT=ms-proteomics;VV=v1.1.0	NT=vertebrates;VV=v1.1.0	NT=clinical-metadata;VV=v1.0.0	manual curation	tetO-hTDP-43-dNLS	6 week
C6+RECe	Mus musculus	cerebral cortex	not applicable	tissue	normal	adult	female	B6C3F1	non-transgenic	6 week + recovery	5	180516_P21478_Proj2_TMT5_CTX41-50_QE2_fraction3-TMT130C	proteomic profiling by mass spectrometry	NT=Q Exactive;AC=MS:1001911	TMT130C	NT=TMT6plex;AC=UNIMOD:737;TA=K;MT=Fixed	NT=TMT6plex;AC=UNIMOD:737;PP=Peptide N-term;MT=Fixed	NT=Carbamidomethyl;AC=UNIMOD:4;TA=C;MT=Fixed	NT=Oxidation;AC=UNIMOD:35;TA=M;MT=Variable	NT=Trypsin;AC=MS:1001251	NT=Data-dependent acquisition;AC=PRIDE:0000627	NT=beam-type collision-induced dissociation;AC=MS:1000422	35 NCE	not available	not available	6	1	180516_P21478_Proj2_TMT5_CTX41-50_QE2_fraction3.raw	v1.1.0	NT=ms-proteomics;VV=v1.1.0	NT=vertebrates;VV=v1.1.0	NT=clinical-metadata;VV=v1.0.0	manual curation	non-transgenic	6 week + recovery
pooled_control_reference_TMT5_CTX41-50	Mus musculus	cerebral cortex	not applicable	tissue	normal	adult	female	B6C3F1	not applicable	not applicable	pooled	180516_P21478_Proj2_TMT5_CTX41-50_QE2_fraction3-TMT131	proteomic profiling by mass spectrometry	NT=Q Exactive;AC=MS:1001911	TMT131	NT=TMT6plex;AC=UNIMOD:737;TA=K;MT=Fixed	NT=TMT6plex;AC=UNIMOD:737;PP=Peptide N-term;MT=Fixed	NT=Carbamidomethyl;AC=UNIMOD:4;TA=C;MT=Fixed	NT=Oxidation;AC=UNIMOD:35;TA=M;MT=Variable	NT=Trypsin;AC=MS:1001251	NT=Data-dependent acquisition;AC=PRIDE:0000627	NT=beam-type collision-induced dissociation;AC=MS:1000422	35 NCE	not available	not available	6	1	180516_P21478_Proj2_TMT5_CTX41-50_QE2_fraction3.raw	v1.1.0	NT=ms-proteomics;VV=v1.1.0	NT=vertebrates;VV=v1.1.0	NT=clinical-metadata;VV=v1.0.0	manual curation	not applicable	not applicable
D1e	Mus musculus	cerebral cortex	not applicable	tissue	amyotrophic lateral sclerosis	adult	female	B6C3F1	rNLS8 (NEFH-tTA x tetO-hTDP-43-dNLS)	1 week	5	180516_P21478_Proj2_TMT5_CTX41-50_QE2_fraction4-TMT126	proteomic profiling by mass spectrometry	NT=Q Exactive;AC=MS:1001911	TMT126	NT=TMT6plex;AC=UNIMOD:737;TA=K;MT=Fixed	NT=TMT6plex;AC=UNIMOD:737;PP=Peptide N-term;MT=Fixed	NT=Carbamidomethyl;AC=UNIMOD:4;TA=C;MT=Fixed	NT=Oxidation;AC=UNIMOD:35;TA=M;MT=Variable	NT=Trypsin;AC=MS:1001251	NT=Data-dependent acquisition;AC=PRIDE:0000627	NT=beam-type collision-induced dissociation;AC=MS:1000422	35 NCE	not available	not available	7	1	180516_P21478_Proj2_TMT5_CTX41-50_QE2_fraction4.raw	v1.1.0	NT=ms-proteomics;VV=v1.1.0	NT=vertebrates;VV=v1.1.0	NT=clinical-metadata;VV=v1.0.0	manual curation	rNLS8 (NEFH-tTA x tetO-hTDP-43-dNLS)	1 week
D2e	Mus musculus	cerebral cortex	not applicable	tissue	amyotrophic lateral sclerosis	adult	female	B6C3F1	rNLS8 (NEFH-tTA x tetO-hTDP-43-dNLS)	2 week	5	180516_P21478_Proj2_TMT5_CTX41-50_QE2_fraction4-TMT127N	proteomic profiling by mass spectrometry	NT=Q Exactive;AC=MS:1001911	TMT127N	NT=TMT6plex;AC=UNIMOD:737;TA=K;MT=Fixed	NT=TMT6plex;AC=UNIMOD:737;PP=Peptide N-term;MT=Fixed	NT=Carbamidomethyl;AC=UNIMOD:4;TA=C;MT=Fixed	NT=Oxidation;AC=UNIMOD:35;TA=M;MT=Variable	NT=Trypsin;AC=MS:1001251	NT=Data-dependent acquisition;AC=PRIDE:0000627	NT=beam-type collision-induced dissociation;AC=MS:1000422	35 NCE	not available	not available	7	1	180516_P21478_Proj2_TMT5_CTX41-50_QE2_fraction4.raw	v1.1.0	NT=ms-proteomics;VV=v1.1.0	NT=vertebrates;VV=v1.1.0	NT=clinical-metadata;VV=v1.0.0	manual curation	rNLS8 (NEFH-tTA x tetO-hTDP-43-dNLS)	2 week
D4e	Mus musculus	cerebral cortex	not applicable	tissue	amyotrophic lateral sclerosis	adult	female	B6C3F1	rNLS8 (NEFH-tTA x tetO-hTDP-43-dNLS)	4 week	5	180516_P21478_Proj2_TMT5_CTX41-50_QE2_fraction4-TMT127C	proteomic profiling by mass spectrometry	NT=Q Exactive;AC=MS:1001911	TMT127C	NT=TMT6plex;AC=UNIMOD:737;TA=K;MT=Fixed	NT=TMT6plex;AC=UNIMOD:737;PP=Peptide N-term;MT=Fixed	NT=Carbamidomethyl;AC=UNIMOD:4;TA=C;MT=Fixed	NT=Oxidation;AC=UNIMOD:35;TA=M;MT=Variable	NT=Trypsin;AC=MS:1001251	NT=Data-dependent acquisition;AC=PRIDE:0000627	NT=beam-type collision-induced dissociation;AC=MS:1000422	35 NCE	not available	not available	7	1	180516_P21478_Proj2_TMT5_CTX41-50_QE2_fraction4.raw	v1.1.0	NT=ms-proteomics;VV=v1.1.0	NT=vertebrates;VV=v1.1.0	NT=clinical-metadata;VV=v1.0.0	manual curation	rNLS8 (NEFH-tTA x tetO-hTDP-43-dNLS)	4 week
D6e	Mus musculus	cerebral cortex	not applicable	tissue	amyotrophic lateral sclerosis	adult	female	B6C3F1	rNLS8 (NEFH-tTA x tetO-hTDP-43-dNLS)	6 week	5	180516_P21478_Proj2_TMT5_CTX41-50_QE2_fraction4-TMT128N	proteomic profiling by mass spectrometry	NT=Q Exactive;AC=MS:1001911	TMT128N	NT=TMT6plex;AC=UNIMOD:737;TA=K;MT=Fixed	NT=TMT6plex;AC=UNIMOD:737;PP=Peptide N-term;MT=Fixed	NT=Carbamidomethyl;AC=UNIMOD:4;TA=C;MT=Fixed	NT=Oxidation;AC=UNIMOD:35;TA=M;MT=Variable	NT=Trypsin;AC=MS:1001251	NT=Data-dependent acquisition;AC=PRIDE:0000627	NT=beam-type collision-induced dissociation;AC=MS:1000422	35 NCE	not available	not available	7	1	180516_P21478_Proj2_TMT5_CTX41-50_QE2_fraction4.raw	v1.1.0	NT=ms-proteomics;VV=v1.1.0	NT=vertebrates;VV=v1.1.0	NT=clinical-metadata;VV=v1.0.0	manual curation	rNLS8 (NEFH-tTA x tetO-hTDP-43-dNLS)	6 week
D6+RECe	Mus musculus	cerebral cortex	not applicable	tissue	amyotrophic lateral sclerosis	adult	female	B6C3F1	rNLS8 (NEFH-tTA x tetO-hTDP-43-dNLS)	6 week + recovery	5	180516_P21478_Proj2_TMT5_CTX41-50_QE2_fraction4-TMT128C	proteomic profiling by mass spectrometry	NT=Q Exactive;AC=MS:1001911	TMT128C	NT=TMT6plex;AC=UNIMOD:737;TA=K;MT=Fixed	NT=TMT6plex;AC=UNIMOD:737;PP=Peptide N-term;MT=Fixed	NT=Carbamidomethyl;AC=UNIMOD:4;TA=C;MT=Fixed	NT=Oxidation;AC=UNIMOD:35;TA=M;MT=Variable	NT=Trypsin;AC=MS:1001251	NT=Data-dependent acquisition;AC=PRIDE:0000627	NT=beam-type collision-induced dissociation;AC=MS:1000422	35 NCE	not available	not available	7	1	180516_P21478_Proj2_TMT5_CTX41-50_QE2_fraction4.raw	v1.1.0	NT=ms-proteomics;VV=v1.1.0	NT=vertebrates;VV=v1.1.0	NT=clinical-metadata;VV=v1.0.0	manual curation	rNLS8 (NEFH-tTA x tetO-hTDP-43-dNLS)	6 week + recovery
C1e	Mus musculus	cerebral cortex	not applicable	tissue	normal	adult	female	B6C3F1	non-transgenic	1 week	5	180516_P21478_Proj2_TMT5_CTX41-50_QE2_fraction4-TMT129N	proteomic profiling by mass spectrometry	NT=Q Exactive;AC=MS:1001911	TMT129N	NT=TMT6plex;AC=UNIMOD:737;TA=K;MT=Fixed	NT=TMT6plex;AC=UNIMOD:737;PP=Peptide N-term;MT=Fixed	NT=Carbamidomethyl;AC=UNIMOD:4;TA=C;MT=Fixed	NT=Oxidation;AC=UNIMOD:35;TA=M;MT=Variable	NT=Trypsin;AC=MS:1001251	NT=Data-dependent acquisition;AC=PRIDE:0000627	NT=beam-type collision-induced dissociation;AC=MS:1000422	35 NCE	not available	not available	7	1	180516_P21478_Proj2_TMT5_CTX41-50_QE2_fraction4.raw	v1.1.0	NT=ms-proteomics;VV=v1.1.0	NT=vertebrates;VV=v1.1.0	NT=clinical-metadata;VV=v1.0.0	manual curation	non-transgenic	1 week
C4e	Mus musculus	cerebral cortex	not applicable	tissue	normal	adult	female	B6C3F1	non-transgenic	4 week	5	180516_P21478_Proj2_TMT5_CTX41-50_QE2_fraction4-TMT129C	proteomic profiling by mass spectrometry	NT=Q Exactive;AC=MS:1001911	TMT129C	NT=TMT6plex;AC=UNIMOD:737;TA=K;MT=Fixed	NT=TMT6plex;AC=UNIMOD:737;PP=Peptide N-term;MT=Fixed	NT=Carbamidomethyl;AC=UNIMOD:4;TA=C;MT=Fixed	NT=Oxidation;AC=UNIMOD:35;TA=M;MT=Variable	NT=Trypsin;AC=MS:1001251	NT=Data-dependent acquisition;AC=PRIDE:0000627	NT=beam-type collision-induced dissociation;AC=MS:1000422	35 NCE	not available	not available	7	1	180516_P21478_Proj2_TMT5_CTX41-50_QE2_fraction4.raw	v1.1.0	NT=ms-proteomics;VV=v1.1.0	NT=vertebrates;VV=v1.1.0	NT=clinical-metadata;VV=v1.0.0	manual curation	non-transgenic	4 week
C6e	Mus musculus	cerebral cortex	not applicable	tissue	normal	adult	female	B6C3F1	tetO-hTDP-43-dNLS	6 week	5	180516_P21478_Proj2_TMT5_CTX41-50_QE2_fraction4-TMT130N	proteomic profiling by mass spectrometry	NT=Q Exactive;AC=MS:1001911	TMT130N	NT=TMT6plex;AC=UNIMOD:737;TA=K;MT=Fixed	NT=TMT6plex;AC=UNIMOD:737;PP=Peptide N-term;MT=Fixed	NT=Carbamidomethyl;AC=UNIMOD:4;TA=C;MT=Fixed	NT=Oxidation;AC=UNIMOD:35;TA=M;MT=Variable	NT=Trypsin;AC=MS:1001251	NT=Data-dependent acquisition;AC=PRIDE:0000627	NT=beam-type collision-induced dissociation;AC=MS:1000422	35 NCE	not available	not available	7	1	180516_P21478_Proj2_TMT5_CTX41-50_QE2_fraction4.raw	v1.1.0	NT=ms-proteomics;VV=v1.1.0	NT=vertebrates;VV=v1.1.0	NT=clinical-metadata;VV=v1.0.0	manual curation	tetO-hTDP-43-dNLS	6 week
C6+RECe	Mus musculus	cerebral cortex	not applicable	tissue	normal	adult	female	B6C3F1	non-transgenic	6 week + recovery	5	180516_P21478_Proj2_TMT5_CTX41-50_QE2_fraction4-TMT130C	proteomic profiling by mass spectrometry	NT=Q Exactive;AC=MS:1001911	TMT130C	NT=TMT6plex;AC=UNIMOD:737;TA=K;MT=Fixed	NT=TMT6plex;AC=UNIMOD:737;PP=Peptide N-term;MT=Fixed	NT=Carbamidomethyl;AC=UNIMOD:4;TA=C;MT=Fixed	NT=Oxidation;AC=UNIMOD:35;TA=M;MT=Variable	NT=Trypsin;AC=MS:1001251	NT=Data-dependent acquisition;AC=PRIDE:0000627	NT=beam-type collision-induced dissociation;AC=MS:1000422	35 NCE	not available	not available	7	1	180516_P21478_Proj2_TMT5_CTX41-50_QE2_fraction4.raw	v1.1.0	NT=ms-proteomics;VV=v1.1.0	NT=vertebrates;VV=v1.1.0	NT=clinical-metadata;VV=v1.0.0	manual curation	non-transgenic	6 week + recovery
pooled_control_reference_TMT5_CTX41-50	Mus musculus	cerebral cortex	not applicable	tissue	normal	adult	female	B6C3F1	not applicable	not applicable	pooled	180516_P21478_Proj2_TMT5_CTX41-50_QE2_fraction4-TMT131	proteomic profiling by mass spectrometry	NT=Q Exactive;AC=MS:1001911	TMT131	NT=TMT6plex;AC=UNIMOD:737;TA=K;MT=Fixed	NT=TMT6plex;AC=UNIMOD:737;PP=Peptide N-term;MT=Fixed	NT=Carbamidomethyl;AC=UNIMOD:4;TA=C;MT=Fixed	NT=Oxidation;AC=UNIMOD:35;TA=M;MT=Variable	NT=Trypsin;AC=MS:1001251	NT=Data-dependent acquisition;AC=PRIDE:0000627	NT=beam-type collision-induced dissociation;AC=MS:1000422	35 NCE	not available	not available	7	1	180516_P21478_Proj2_TMT5_CTX41-50_QE2_fraction4.raw	v1.1.0	NT=ms-proteomics;VV=v1.1.0	NT=vertebrates;VV=v1.1.0	NT=clinical-metadata;VV=v1.0.0	manual curation	not applicable	not applicable
D1e	Mus musculus	cerebral cortex	not applicable	tissue	amyotrophic lateral sclerosis	adult	female	B6C3F1	rNLS8 (NEFH-tTA x tetO-hTDP-43-dNLS)	1 week	5	180516_P21478_Proj2_TMT5_CTX41-50_QE2_fraction5-TMT126	proteomic profiling by mass spectrometry	NT=Q Exactive;AC=MS:1001911	TMT126	NT=TMT6plex;AC=UNIMOD:737;TA=K;MT=Fixed	NT=TMT6plex;AC=UNIMOD:737;PP=Peptide N-term;MT=Fixed	NT=Carbamidomethyl;AC=UNIMOD:4;TA=C;MT=Fixed	NT=Oxidation;AC=UNIMOD:35;TA=M;MT=Variable	NT=Trypsin;AC=MS:1001251	NT=Data-dependent acquisition;AC=PRIDE:0000627	NT=beam-type collision-induced dissociation;AC=MS:1000422	35 NCE	not available	not available	8	1	180516_P21478_Proj2_TMT5_CTX41-50_QE2_fraction5.raw	v1.1.0	NT=ms-proteomics;VV=v1.1.0	NT=vertebrates;VV=v1.1.0	NT=clinical-metadata;VV=v1.0.0	manual curation	rNLS8 (NEFH-tTA x tetO-hTDP-43-dNLS)	1 week
D2e	Mus musculus	cerebral cortex	not applicable	tissue	amyotrophic lateral sclerosis	adult	female	B6C3F1	rNLS8 (NEFH-tTA x tetO-hTDP-43-dNLS)	2 week	5	180516_P21478_Proj2_TMT5_CTX41-50_QE2_fraction5-TMT127N	proteomic profiling by mass spectrometry	NT=Q Exactive;AC=MS:1001911	TMT127N	NT=TMT6plex;AC=UNIMOD:737;TA=K;MT=Fixed	NT=TMT6plex;AC=UNIMOD:737;PP=Peptide N-term;MT=Fixed	NT=Carbamidomethyl;AC=UNIMOD:4;TA=C;MT=Fixed	NT=Oxidation;AC=UNIMOD:35;TA=M;MT=Variable	NT=Trypsin;AC=MS:1001251	NT=Data-dependent acquisition;AC=PRIDE:0000627	NT=beam-type collision-induced dissociation;AC=MS:1000422	35 NCE	not available	not available	8	1	180516_P21478_Proj2_TMT5_CTX41-50_QE2_fraction5.raw	v1.1.0	NT=ms-proteomics;VV=v1.1.0	NT=vertebrates;VV=v1.1.0	NT=clinical-metadata;VV=v1.0.0	manual curation	rNLS8 (NEFH-tTA x tetO-hTDP-43-dNLS)	2 week
D4e	Mus musculus	cerebral cortex	not applicable	tissue	amyotrophic lateral sclerosis	adult	female	B6C3F1	rNLS8 (NEFH-tTA x tetO-hTDP-43-dNLS)	4 week	5	180516_P21478_Proj2_TMT5_CTX41-50_QE2_fraction5-TMT127C	proteomic profiling by mass spectrometry	NT=Q Exactive;AC=MS:1001911	TMT127C	NT=TMT6plex;AC=UNIMOD:737;TA=K;MT=Fixed	NT=TMT6plex;AC=UNIMOD:737;PP=Peptide N-term;MT=Fixed	NT=Carbamidomethyl;AC=UNIMOD:4;TA=C;MT=Fixed	NT=Oxidation;AC=UNIMOD:35;TA=M;MT=Variable	NT=Trypsin;AC=MS:1001251	NT=Data-dependent acquisition;AC=PRIDE:0000627	NT=beam-type collision-induced dissociation;AC=MS:1000422	35 NCE	not available	not available	8	1	180516_P21478_Proj2_TMT5_CTX41-50_QE2_fraction5.raw	v1.1.0	NT=ms-proteomics;VV=v1.1.0	NT=vertebrates;VV=v1.1.0	NT=clinical-metadata;VV=v1.0.0	manual curation	rNLS8 (NEFH-tTA x tetO-hTDP-43-dNLS)	4 week
D6e	Mus musculus	cerebral cortex	not applicable	tissue	amyotrophic lateral sclerosis	adult	female	B6C3F1	rNLS8 (NEFH-tTA x tetO-hTDP-43-dNLS)	6 week	5	180516_P21478_Proj2_TMT5_CTX41-50_QE2_fraction5-TMT128N	proteomic profiling by mass spectrometry	NT=Q Exactive;AC=MS:1001911	TMT128N	NT=TMT6plex;AC=UNIMOD:737;TA=K;MT=Fixed	NT=TMT6plex;AC=UNIMOD:737;PP=Peptide N-term;MT=Fixed	NT=Carbamidomethyl;AC=UNIMOD:4;TA=C;MT=Fixed	NT=Oxidation;AC=UNIMOD:35;TA=M;MT=Variable	NT=Trypsin;AC=MS:1001251	NT=Data-dependent acquisition;AC=PRIDE:0000627	NT=beam-type collision-induced dissociation;AC=MS:1000422	35 NCE	not available	not available	8	1	180516_P21478_Proj2_TMT5_CTX41-50_QE2_fraction5.raw	v1.1.0	NT=ms-proteomics;VV=v1.1.0	NT=vertebrates;VV=v1.1.0	NT=clinical-metadata;VV=v1.0.0	manual curation	rNLS8 (NEFH-tTA x tetO-hTDP-43-dNLS)	6 week
D6+RECe	Mus musculus	cerebral cortex	not applicable	tissue	amyotrophic lateral sclerosis	adult	female	B6C3F1	rNLS8 (NEFH-tTA x tetO-hTDP-43-dNLS)	6 week + recovery	5	180516_P21478_Proj2_TMT5_CTX41-50_QE2_fraction5-TMT128C	proteomic profiling by mass spectrometry	NT=Q Exactive;AC=MS:1001911	TMT128C	NT=TMT6plex;AC=UNIMOD:737;TA=K;MT=Fixed	NT=TMT6plex;AC=UNIMOD:737;PP=Peptide N-term;MT=Fixed	NT=Carbamidomethyl;AC=UNIMOD:4;TA=C;MT=Fixed	NT=Oxidation;AC=UNIMOD:35;TA=M;MT=Variable	NT=Trypsin;AC=MS:1001251	NT=Data-dependent acquisition;AC=PRIDE:0000627	NT=beam-type collision-induced dissociation;AC=MS:1000422	35 NCE	not available	not available	8	1	180516_P21478_Proj2_TMT5_CTX41-50_QE2_fraction5.raw	v1.1.0	NT=ms-proteomics;VV=v1.1.0	NT=vertebrates;VV=v1.1.0	NT=clinical-metadata;VV=v1.0.0	manual curation	rNLS8 (NEFH-tTA x tetO-hTDP-43-dNLS)	6 week + recovery
C1e	Mus musculus	cerebral cortex	not applicable	tissue	normal	adult	female	B6C3F1	non-transgenic	1 week	5	180516_P21478_Proj2_TMT5_CTX41-50_QE2_fraction5-TMT129N	proteomic profiling by mass spectrometry	NT=Q Exactive;AC=MS:1001911	TMT129N	NT=TMT6plex;AC=UNIMOD:737;TA=K;MT=Fixed	NT=TMT6plex;AC=UNIMOD:737;PP=Peptide N-term;MT=Fixed	NT=Carbamidomethyl;AC=UNIMOD:4;TA=C;MT=Fixed	NT=Oxidation;AC=UNIMOD:35;TA=M;MT=Variable	NT=Trypsin;AC=MS:1001251	NT=Data-dependent acquisition;AC=PRIDE:0000627	NT=beam-type collision-induced dissociation;AC=MS:1000422	35 NCE	not available	not available	8	1	180516_P21478_Proj2_TMT5_CTX41-50_QE2_fraction5.raw	v1.1.0	NT=ms-proteomics;VV=v1.1.0	NT=vertebrates;VV=v1.1.0	NT=clinical-metadata;VV=v1.0.0	manual curation	non-transgenic	1 week
C4e	Mus musculus	cerebral cortex	not applicable	tissue	normal	adult	female	B6C3F1	non-transgenic	4 week	5	180516_P21478_Proj2_TMT5_CTX41-50_QE2_fraction5-TMT129C	proteomic profiling by mass spectrometry	NT=Q Exactive;AC=MS:1001911	TMT129C	NT=TMT6plex;AC=UNIMOD:737;TA=K;MT=Fixed	NT=TMT6plex;AC=UNIMOD:737;PP=Peptide N-term;MT=Fixed	NT=Carbamidomethyl;AC=UNIMOD:4;TA=C;MT=Fixed	NT=Oxidation;AC=UNIMOD:35;TA=M;MT=Variable	NT=Trypsin;AC=MS:1001251	NT=Data-dependent acquisition;AC=PRIDE:0000627	NT=beam-type collision-induced dissociation;AC=MS:1000422	35 NCE	not available	not available	8	1	180516_P21478_Proj2_TMT5_CTX41-50_QE2_fraction5.raw	v1.1.0	NT=ms-proteomics;VV=v1.1.0	NT=vertebrates;VV=v1.1.0	NT=clinical-metadata;VV=v1.0.0	manual curation	non-transgenic	4 week
C6e	Mus musculus	cerebral cortex	not applicable	tissue	normal	adult	female	B6C3F1	tetO-hTDP-43-dNLS	6 week	5	180516_P21478_Proj2_TMT5_CTX41-50_QE2_fraction5-TMT130N	proteomic profiling by mass spectrometry	NT=Q Exactive;AC=MS:1001911	TMT130N	NT=TMT6plex;AC=UNIMOD:737;TA=K;MT=Fixed	NT=TMT6plex;AC=UNIMOD:737;PP=Peptide N-term;MT=Fixed	NT=Carbamidomethyl;AC=UNIMOD:4;TA=C;MT=Fixed	NT=Oxidation;AC=UNIMOD:35;TA=M;MT=Variable	NT=Trypsin;AC=MS:1001251	NT=Data-dependent acquisition;AC=PRIDE:0000627	NT=beam-type collision-induced dissociation;AC=MS:1000422	35 NCE	not available	not available	8	1	180516_P21478_Proj2_TMT5_CTX41-50_QE2_fraction5.raw	v1.1.0	NT=ms-proteomics;VV=v1.1.0	NT=vertebrates;VV=v1.1.0	NT=clinical-metadata;VV=v1.0.0	manual curation	tetO-hTDP-43-dNLS	6 week
C6+RECe	Mus musculus	cerebral cortex	not applicable	tissue	normal	adult	female	B6C3F1	non-transgenic	6 week + recovery	5	180516_P21478_Proj2_TMT5_CTX41-50_QE2_fraction5-TMT130C	proteomic profiling by mass spectrometry	NT=Q Exactive;AC=MS:1001911	TMT130C	NT=TMT6plex;AC=UNIMOD:737;TA=K;MT=Fixed	NT=TMT6plex;AC=UNIMOD:737;PP=Peptide N-term;MT=Fixed	NT=Carbamidomethyl;AC=UNIMOD:4;TA=C;MT=Fixed	NT=Oxidation;AC=UNIMOD:35;TA=M;MT=Variable	NT=Trypsin;AC=MS:1001251	NT=Data-dependent acquisition;AC=PRIDE:0000627	NT=beam-type collision-induced dissociation;AC=MS:1000422	35 NCE	not available	not available	8	1	180516_P21478_Proj2_TMT5_CTX41-50_QE2_fraction5.raw	v1.1.0	NT=ms-proteomics;VV=v1.1.0	NT=vertebrates;VV=v1.1.0	NT=clinical-metadata;VV=v1.0.0	manual curation	non-transgenic	6 week + recovery
pooled_control_reference_TMT5_CTX41-50	Mus musculus	cerebral cortex	not applicable	tissue	normal	adult	female	B6C3F1	not applicable	not applicable	pooled	180516_P21478_Proj2_TMT5_CTX41-50_QE2_fraction5-TMT131	proteomic profiling by mass spectrometry	NT=Q Exactive;AC=MS:1001911	TMT131	NT=TMT6plex;AC=UNIMOD:737;TA=K;MT=Fixed	NT=TMT6plex;AC=UNIMOD:737;PP=Peptide N-term;MT=Fixed	NT=Carbamidomethyl;AC=UNIMOD:4;TA=C;MT=Fixed	NT=Oxidation;AC=UNIMOD:35;TA=M;MT=Variable	NT=Trypsin;AC=MS:1001251	NT=Data-dependent acquisition;AC=PRIDE:0000627	NT=beam-type collision-induced dissociation;AC=MS:1000422	35 NCE	not available	not available	8	1	180516_P21478_Proj2_TMT5_CTX41-50_QE2_fraction5.raw	v1.1.0	NT=ms-proteomics;VV=v1.1.0	NT=vertebrates;VV=v1.1.0	NT=clinical-metadata;VV=v1.0.0	manual curation	not applicable	not applicable
D1e	Mus musculus	cerebral cortex	not applicable	tissue	amyotrophic lateral sclerosis	adult	female	B6C3F1	rNLS8 (NEFH-tTA x tetO-hTDP-43-dNLS)	1 week	5	180516_P21478_Proj2_TMT5_CTX41-50_QE2_fraction6-TMT126	proteomic profiling by mass spectrometry	NT=Q Exactive;AC=MS:1001911	TMT126	NT=TMT6plex;AC=UNIMOD:737;TA=K;MT=Fixed	NT=TMT6plex;AC=UNIMOD:737;PP=Peptide N-term;MT=Fixed	NT=Carbamidomethyl;AC=UNIMOD:4;TA=C;MT=Fixed	NT=Oxidation;AC=UNIMOD:35;TA=M;MT=Variable	NT=Trypsin;AC=MS:1001251	NT=Data-dependent acquisition;AC=PRIDE:0000627	NT=beam-type collision-induced dissociation;AC=MS:1000422	35 NCE	not available	not available	9	1	180516_P21478_Proj2_TMT5_CTX41-50_QE2_fraction6.raw	v1.1.0	NT=ms-proteomics;VV=v1.1.0	NT=vertebrates;VV=v1.1.0	NT=clinical-metadata;VV=v1.0.0	manual curation	rNLS8 (NEFH-tTA x tetO-hTDP-43-dNLS)	1 week
D2e	Mus musculus	cerebral cortex	not applicable	tissue	amyotrophic lateral sclerosis	adult	female	B6C3F1	rNLS8 (NEFH-tTA x tetO-hTDP-43-dNLS)	2 week	5	180516_P21478_Proj2_TMT5_CTX41-50_QE2_fraction6-TMT127N	proteomic profiling by mass spectrometry	NT=Q Exactive;AC=MS:1001911	TMT127N	NT=TMT6plex;AC=UNIMOD:737;TA=K;MT=Fixed	NT=TMT6plex;AC=UNIMOD:737;PP=Peptide N-term;MT=Fixed	NT=Carbamidomethyl;AC=UNIMOD:4;TA=C;MT=Fixed	NT=Oxidation;AC=UNIMOD:35;TA=M;MT=Variable	NT=Trypsin;AC=MS:1001251	NT=Data-dependent acquisition;AC=PRIDE:0000627	NT=beam-type collision-induced dissociation;AC=MS:1000422	35 NCE	not available	not available	9	1	180516_P21478_Proj2_TMT5_CTX41-50_QE2_fraction6.raw	v1.1.0	NT=ms-proteomics;VV=v1.1.0	NT=vertebrates;VV=v1.1.0	NT=clinical-metadata;VV=v1.0.0	manual curation	rNLS8 (NEFH-tTA x tetO-hTDP-43-dNLS)	2 week
D4e	Mus musculus	cerebral cortex	not applicable	tissue	amyotrophic lateral sclerosis	adult	female	B6C3F1	rNLS8 (NEFH-tTA x tetO-hTDP-43-dNLS)	4 week	5	180516_P21478_Proj2_TMT5_CTX41-50_QE2_fraction6-TMT127C	proteomic profiling by mass spectrometry	NT=Q Exactive;AC=MS:1001911	TMT127C	NT=TMT6plex;AC=UNIMOD:737;TA=K;MT=Fixed	NT=TMT6plex;AC=UNIMOD:737;PP=Peptide N-term;MT=Fixed	NT=Carbamidomethyl;AC=UNIMOD:4;TA=C;MT=Fixed	NT=Oxidation;AC=UNIMOD:35;TA=M;MT=Variable	NT=Trypsin;AC=MS:1001251	NT=Data-dependent acquisition;AC=PRIDE:0000627	NT=beam-type collision-induced dissociation;AC=MS:1000422	35 NCE	not available	not available	9	1	180516_P21478_Proj2_TMT5_CTX41-50_QE2_fraction6.raw	v1.1.0	NT=ms-proteomics;VV=v1.1.0	NT=vertebrates;VV=v1.1.0	NT=clinical-metadata;VV=v1.0.0	manual curation	rNLS8 (NEFH-tTA x tetO-hTDP-43-dNLS)	4 week
D6e	Mus musculus	cerebral cortex	not applicable	tissue	amyotrophic lateral sclerosis	adult	female	B6C3F1	rNLS8 (NEFH-tTA x tetO-hTDP-43-dNLS)	6 week	5	180516_P21478_Proj2_TMT5_CTX41-50_QE2_fraction6-TMT128N	proteomic profiling by mass spectrometry	NT=Q Exactive;AC=MS:1001911	TMT128N	NT=TMT6plex;AC=UNIMOD:737;TA=K;MT=Fixed	NT=TMT6plex;AC=UNIMOD:737;PP=Peptide N-term;MT=Fixed	NT=Carbamidomethyl;AC=UNIMOD:4;TA=C;MT=Fixed	NT=Oxidation;AC=UNIMOD:35;TA=M;MT=Variable	NT=Trypsin;AC=MS:1001251	NT=Data-dependent acquisition;AC=PRIDE:0000627	NT=beam-type collision-induced dissociation;AC=MS:1000422	35 NCE	not available	not available	9	1	180516_P21478_Proj2_TMT5_CTX41-50_QE2_fraction6.raw	v1.1.0	NT=ms-proteomics;VV=v1.1.0	NT=vertebrates;VV=v1.1.0	NT=clinical-metadata;VV=v1.0.0	manual curation	rNLS8 (NEFH-tTA x tetO-hTDP-43-dNLS)	6 week
D6+RECe	Mus musculus	cerebral cortex	not applicable	tissue	amyotrophic lateral sclerosis	adult	female	B6C3F1	rNLS8 (NEFH-tTA x tetO-hTDP-43-dNLS)	6 week + recovery	5	180516_P21478_Proj2_TMT5_CTX41-50_QE2_fraction6-TMT128C	proteomic profiling by mass spectrometry	NT=Q Exactive;AC=MS:1001911	TMT128C	NT=TMT6plex;AC=UNIMOD:737;TA=K;MT=Fixed	NT=TMT6plex;AC=UNIMOD:737;PP=Peptide N-term;MT=Fixed	NT=Carbamidomethyl;AC=UNIMOD:4;TA=C;MT=Fixed	NT=Oxidation;AC=UNIMOD:35;TA=M;MT=Variable	NT=Trypsin;AC=MS:1001251	NT=Data-dependent acquisition;AC=PRIDE:0000627	NT=beam-type collision-induced dissociation;AC=MS:1000422	35 NCE	not available	not available	9	1	180516_P21478_Proj2_TMT5_CTX41-50_QE2_fraction6.raw	v1.1.0	NT=ms-proteomics;VV=v1.1.0	NT=vertebrates;VV=v1.1.0	NT=clinical-metadata;VV=v1.0.0	manual curation	rNLS8 (NEFH-tTA x tetO-hTDP-43-dNLS)	6 week + recovery
C1e	Mus musculus	cerebral cortex	not applicable	tissue	normal	adult	female	B6C3F1	non-transgenic	1 week	5	180516_P21478_Proj2_TMT5_CTX41-50_QE2_fraction6-TMT129N	proteomic profiling by mass spectrometry	NT=Q Exactive;AC=MS:1001911	TMT129N	NT=TMT6plex;AC=UNIMOD:737;TA=K;MT=Fixed	NT=TMT6plex;AC=UNIMOD:737;PP=Peptide N-term;MT=Fixed	NT=Carbamidomethyl;AC=UNIMOD:4;TA=C;MT=Fixed	NT=Oxidation;AC=UNIMOD:35;TA=M;MT=Variable	NT=Trypsin;AC=MS:1001251	NT=Data-dependent acquisition;AC=PRIDE:0000627	NT=beam-type collision-induced dissociation;AC=MS:1000422	35 NCE	not available	not available	9	1	180516_P21478_Proj2_TMT5_CTX41-50_QE2_fraction6.raw	v1.1.0	NT=ms-proteomics;VV=v1.1.0	NT=vertebrates;VV=v1.1.0	NT=clinical-metadata;VV=v1.0.0	manual curation	non-transgenic	1 week
C4e	Mus musculus	cerebral cortex	not applicable	tissue	normal	adult	female	B6C3F1	non-transgenic	4 week	5	180516_P21478_Proj2_TMT5_CTX41-50_QE2_fraction6-TMT129C	proteomic profiling by mass spectrometry	NT=Q Exactive;AC=MS:1001911	TMT129C	NT=TMT6plex;AC=UNIMOD:737;TA=K;MT=Fixed	NT=TMT6plex;AC=UNIMOD:737;PP=Peptide N-term;MT=Fixed	NT=Carbamidomethyl;AC=UNIMOD:4;TA=C;MT=Fixed	NT=Oxidation;AC=UNIMOD:35;TA=M;MT=Variable	NT=Trypsin;AC=MS:1001251	NT=Data-dependent acquisition;AC=PRIDE:0000627	NT=beam-type collision-induced dissociation;AC=MS:1000422	35 NCE	not available	not available	9	1	180516_P21478_Proj2_TMT5_CTX41-50_QE2_fraction6.raw	v1.1.0	NT=ms-proteomics;VV=v1.1.0	NT=vertebrates;VV=v1.1.0	NT=clinical-metadata;VV=v1.0.0	manual curation	non-transgenic	4 week
C6e	Mus musculus	cerebral cortex	not applicable	tissue	normal	adult	female	B6C3F1	tetO-hTDP-43-dNLS	6 week	5	180516_P21478_Proj2_TMT5_CTX41-50_QE2_fraction6-TMT130N	proteomic profiling by mass spectrometry	NT=Q Exactive;AC=MS:1001911	TMT130N	NT=TMT6plex;AC=UNIMOD:737;TA=K;MT=Fixed	NT=TMT6plex;AC=UNIMOD:737;PP=Peptide N-term;MT=Fixed	NT=Carbamidomethyl;AC=UNIMOD:4;TA=C;MT=Fixed	NT=Oxidation;AC=UNIMOD:35;TA=M;MT=Variable	NT=Trypsin;AC=MS:1001251	NT=Data-dependent acquisition;AC=PRIDE:0000627	NT=beam-type collision-induced dissociation;AC=MS:1000422	35 NCE	not available	not available	9	1	180516_P21478_Proj2_TMT5_CTX41-50_QE2_fraction6.raw	v1.1.0	NT=ms-proteomics;VV=v1.1.0	NT=vertebrates;VV=v1.1.0	NT=clinical-metadata;VV=v1.0.0	manual curation	tetO-hTDP-43-dNLS	6 week
C6+RECe	Mus musculus	cerebral cortex	not applicable	tissue	normal	adult	female	B6C3F1	non-transgenic	6 week + recovery	5	180516_P21478_Proj2_TMT5_CTX41-50_QE2_fraction6-TMT130C	proteomic profiling by mass spectrometry	NT=Q Exactive;AC=MS:1001911	TMT130C	NT=TMT6plex;AC=UNIMOD:737;TA=K;MT=Fixed	NT=TMT6plex;AC=UNIMOD:737;PP=Peptide N-term;MT=Fixed	NT=Carbamidomethyl;AC=UNIMOD:4;TA=C;MT=Fixed	NT=Oxidation;AC=UNIMOD:35;TA=M;MT=Variable	NT=Trypsin;AC=MS:1001251	NT=Data-dependent acquisition;AC=PRIDE:0000627	NT=beam-type collision-induced dissociation;AC=MS:1000422	35 NCE	not available	not available	9	1	180516_P21478_Proj2_TMT5_CTX41-50_QE2_fraction6.raw	v1.1.0	NT=ms-proteomics;VV=v1.1.0	NT=vertebrates;VV=v1.1.0	NT=clinical-metadata;VV=v1.0.0	manual curation	non-transgenic	6 week + recovery
pooled_control_reference_TMT5_CTX41-50	Mus musculus	cerebral cortex	not applicable	tissue	normal	adult	female	B6C3F1	not applicable	not applicable	pooled	180516_P21478_Proj2_TMT5_CTX41-50_QE2_fraction6-TMT131	proteomic profiling by mass spectrometry	NT=Q Exactive;AC=MS:1001911	TMT131	NT=TMT6plex;AC=UNIMOD:737;TA=K;MT=Fixed	NT=TMT6plex;AC=UNIMOD:737;PP=Peptide N-term;MT=Fixed	NT=Carbamidomethyl;AC=UNIMOD:4;TA=C;MT=Fixed	NT=Oxidation;AC=UNIMOD:35;TA=M;MT=Variable	NT=Trypsin;AC=MS:1001251	NT=Data-dependent acquisition;AC=PRIDE:0000627	NT=beam-type collision-induced dissociation;AC=MS:1000422	35 NCE	not available	not available	9	1	180516_P21478_Proj2_TMT5_CTX41-50_QE2_fraction6.raw	v1.1.0	NT=ms-proteomics;VV=v1.1.0	NT=vertebrates;VV=v1.1.0	NT=clinical-metadata;VV=v1.0.0	manual curation	not applicable	not applicable
D1e	Mus musculus	cerebral cortex	not applicable	tissue	amyotrophic lateral sclerosis	adult	female	B6C3F1	rNLS8 (NEFH-tTA x tetO-hTDP-43-dNLS)	1 week	5	180516_P21478_Proj2_TMT5_CTX41-50_QE2_fraction7-TMT126	proteomic profiling by mass spectrometry	NT=Q Exactive;AC=MS:1001911	TMT126	NT=TMT6plex;AC=UNIMOD:737;TA=K;MT=Fixed	NT=TMT6plex;AC=UNIMOD:737;PP=Peptide N-term;MT=Fixed	NT=Carbamidomethyl;AC=UNIMOD:4;TA=C;MT=Fixed	NT=Oxidation;AC=UNIMOD:35;TA=M;MT=Variable	NT=Trypsin;AC=MS:1001251	NT=Data-dependent acquisition;AC=PRIDE:0000627	NT=beam-type collision-induced dissociation;AC=MS:1000422	35 NCE	not available	not available	10	1	180516_P21478_Proj2_TMT5_CTX41-50_QE2_fraction7.raw	v1.1.0	NT=ms-proteomics;VV=v1.1.0	NT=vertebrates;VV=v1.1.0	NT=clinical-metadata;VV=v1.0.0	manual curation	rNLS8 (NEFH-tTA x tetO-hTDP-43-dNLS)	1 week
D2e	Mus musculus	cerebral cortex	not applicable	tissue	amyotrophic lateral sclerosis	adult	female	B6C3F1	rNLS8 (NEFH-tTA x tetO-hTDP-43-dNLS)	2 week	5	180516_P21478_Proj2_TMT5_CTX41-50_QE2_fraction7-TMT127N	proteomic profiling by mass spectrometry	NT=Q Exactive;AC=MS:1001911	TMT127N	NT=TMT6plex;AC=UNIMOD:737;TA=K;MT=Fixed	NT=TMT6plex;AC=UNIMOD:737;PP=Peptide N-term;MT=Fixed	NT=Carbamidomethyl;AC=UNIMOD:4;TA=C;MT=Fixed	NT=Oxidation;AC=UNIMOD:35;TA=M;MT=Variable	NT=Trypsin;AC=MS:1001251	NT=Data-dependent acquisition;AC=PRIDE:0000627	NT=beam-type collision-induced dissociation;AC=MS:1000422	35 NCE	not available	not available	10	1	180516_P21478_Proj2_TMT5_CTX41-50_QE2_fraction7.raw	v1.1.0	NT=ms-proteomics;VV=v1.1.0	NT=vertebrates;VV=v1.1.0	NT=clinical-metadata;VV=v1.0.0	manual curation	rNLS8 (NEFH-tTA x tetO-hTDP-43-dNLS)	2 week
D4e	Mus musculus	cerebral cortex	not applicable	tissue	amyotrophic lateral sclerosis	adult	female	B6C3F1	rNLS8 (NEFH-tTA x tetO-hTDP-43-dNLS)	4 week	5	180516_P21478_Proj2_TMT5_CTX41-50_QE2_fraction7-TMT127C	proteomic profiling by mass spectrometry	NT=Q Exactive;AC=MS:1001911	TMT127C	NT=TMT6plex;AC=UNIMOD:737;TA=K;MT=Fixed	NT=TMT6plex;AC=UNIMOD:737;PP=Peptide N-term;MT=Fixed	NT=Carbamidomethyl;AC=UNIMOD:4;TA=C;MT=Fixed	NT=Oxidation;AC=UNIMOD:35;TA=M;MT=Variable	NT=Trypsin;AC=MS:1001251	NT=Data-dependent acquisition;AC=PRIDE:0000627	NT=beam-type collision-induced dissociation;AC=MS:1000422	35 NCE	not available	not available	10	1	180516_P21478_Proj2_TMT5_CTX41-50_QE2_fraction7.raw	v1.1.0	NT=ms-proteomics;VV=v1.1.0	NT=vertebrates;VV=v1.1.0	NT=clinical-metadata;VV=v1.0.0	manual curation	rNLS8 (NEFH-tTA x tetO-hTDP-43-dNLS)	4 week
D6e	Mus musculus	cerebral cortex	not applicable	tissue	amyotrophic lateral sclerosis	adult	female	B6C3F1	rNLS8 (NEFH-tTA x tetO-hTDP-43-dNLS)	6 week	5	180516_P21478_Proj2_TMT5_CTX41-50_QE2_fraction7-TMT128N	proteomic profiling by mass spectrometry	NT=Q Exactive;AC=MS:1001911	TMT128N	NT=TMT6plex;AC=UNIMOD:737;TA=K;MT=Fixed	NT=TMT6plex;AC=UNIMOD:737;PP=Peptide N-term;MT=Fixed	NT=Carbamidomethyl;AC=UNIMOD:4;TA=C;MT=Fixed	NT=Oxidation;AC=UNIMOD:35;TA=M;MT=Variable	NT=Trypsin;AC=MS:1001251	NT=Data-dependent acquisition;AC=PRIDE:0000627	NT=beam-type collision-induced dissociation;AC=MS:1000422	35 NCE	not available	not available	10	1	180516_P21478_Proj2_TMT5_CTX41-50_QE2_fraction7.raw	v1.1.0	NT=ms-proteomics;VV=v1.1.0	NT=vertebrates;VV=v1.1.0	NT=clinical-metadata;VV=v1.0.0	manual curation	rNLS8 (NEFH-tTA x tetO-hTDP-43-dNLS)	6 week
D6+RECe	Mus musculus	cerebral cortex	not applicable	tissue	amyotrophic lateral sclerosis	adult	female	B6C3F1	rNLS8 (NEFH-tTA x tetO-hTDP-43-dNLS)	6 week + recovery	5	180516_P21478_Proj2_TMT5_CTX41-50_QE2_fraction7-TMT128C	proteomic profiling by mass spectrometry	NT=Q Exactive;AC=MS:1001911	TMT128C	NT=TMT6plex;AC=UNIMOD:737;TA=K;MT=Fixed	NT=TMT6plex;AC=UNIMOD:737;PP=Peptide N-term;MT=Fixed	NT=Carbamidomethyl;AC=UNIMOD:4;TA=C;MT=Fixed	NT=Oxidation;AC=UNIMOD:35;TA=M;MT=Variable	NT=Trypsin;AC=MS:1001251	NT=Data-dependent acquisition;AC=PRIDE:0000627	NT=beam-type collision-induced dissociation;AC=MS:1000422	35 NCE	not available	not available	10	1	180516_P21478_Proj2_TMT5_CTX41-50_QE2_fraction7.raw	v1.1.0	NT=ms-proteomics;VV=v1.1.0	NT=vertebrates;VV=v1.1.0	NT=clinical-metadata;VV=v1.0.0	manual curation	rNLS8 (NEFH-tTA x tetO-hTDP-43-dNLS)	6 week + recovery
C1e	Mus musculus	cerebral cortex	not applicable	tissue	normal	adult	female	B6C3F1	non-transgenic	1 week	5	180516_P21478_Proj2_TMT5_CTX41-50_QE2_fraction7-TMT129N	proteomic profiling by mass spectrometry	NT=Q Exactive;AC=MS:1001911	TMT129N	NT=TMT6plex;AC=UNIMOD:737;TA=K;MT=Fixed	NT=TMT6plex;AC=UNIMOD:737;PP=Peptide N-term;MT=Fixed	NT=Carbamidomethyl;AC=UNIMOD:4;TA=C;MT=Fixed	NT=Oxidation;AC=UNIMOD:35;TA=M;MT=Variable	NT=Trypsin;AC=MS:1001251	NT=Data-dependent acquisition;AC=PRIDE:0000627	NT=beam-type collision-induced dissociation;AC=MS:1000422	35 NCE	not available	not available	10	1	180516_P21478_Proj2_TMT5_CTX41-50_QE2_fraction7.raw	v1.1.0	NT=ms-proteomics;VV=v1.1.0	NT=vertebrates;VV=v1.1.0	NT=clinical-metadata;VV=v1.0.0	manual curation	non-transgenic	1 week
C4e	Mus musculus	cerebral cortex	not applicable	tissue	normal	adult	female	B6C3F1	non-transgenic	4 week	5	180516_P21478_Proj2_TMT5_CTX41-50_QE2_fraction7-TMT129C	proteomic profiling by mass spectrometry	NT=Q Exactive;AC=MS:1001911	TMT129C	NT=TMT6plex;AC=UNIMOD:737;TA=K;MT=Fixed	NT=TMT6plex;AC=UNIMOD:737;PP=Peptide N-term;MT=Fixed	NT=Carbamidomethyl;AC=UNIMOD:4;TA=C;MT=Fixed	NT=Oxidation;AC=UNIMOD:35;TA=M;MT=Variable	NT=Trypsin;AC=MS:1001251	NT=Data-dependent acquisition;AC=PRIDE:0000627	NT=beam-type collision-induced dissociation;AC=MS:1000422	35 NCE	not available	not available	10	1	180516_P21478_Proj2_TMT5_CTX41-50_QE2_fraction7.raw	v1.1.0	NT=ms-proteomics;VV=v1.1.0	NT=vertebrates;VV=v1.1.0	NT=clinical-metadata;VV=v1.0.0	manual curation	non-transgenic	4 week
C6e	Mus musculus	cerebral cortex	not applicable	tissue	normal	adult	female	B6C3F1	tetO-hTDP-43-dNLS	6 week	5	180516_P21478_Proj2_TMT5_CTX41-50_QE2_fraction7-TMT130N	proteomic profiling by mass spectrometry	NT=Q Exactive;AC=MS:1001911	TMT130N	NT=TMT6plex;AC=UNIMOD:737;TA=K;MT=Fixed	NT=TMT6plex;AC=UNIMOD:737;PP=Peptide N-term;MT=Fixed	NT=Carbamidomethyl;AC=UNIMOD:4;TA=C;MT=Fixed	NT=Oxidation;AC=UNIMOD:35;TA=M;MT=Variable	NT=Trypsin;AC=MS:1001251	NT=Data-dependent acquisition;AC=PRIDE:0000627	NT=beam-type collision-induced dissociation;AC=MS:1000422	35 NCE	not available	not available	10	1	180516_P21478_Proj2_TMT5_CTX41-50_QE2_fraction7.raw	v1.1.0	NT=ms-proteomics;VV=v1.1.0	NT=vertebrates;VV=v1.1.0	NT=clinical-metadata;VV=v1.0.0	manual curation	tetO-hTDP-43-dNLS	6 week
C6+RECe	Mus musculus	cerebral cortex	not applicable	tissue	normal	adult	female	B6C3F1	non-transgenic	6 week + recovery	5	180516_P21478_Proj2_TMT5_CTX41-50_QE2_fraction7-TMT130C	proteomic profiling by mass spectrometry	NT=Q Exactive;AC=MS:1001911	TMT130C	NT=TMT6plex;AC=UNIMOD:737;TA=K;MT=Fixed	NT=TMT6plex;AC=UNIMOD:737;PP=Peptide N-term;MT=Fixed	NT=Carbamidomethyl;AC=UNIMOD:4;TA=C;MT=Fixed	NT=Oxidation;AC=UNIMOD:35;TA=M;MT=Variable	NT=Trypsin;AC=MS:1001251	NT=Data-dependent acquisition;AC=PRIDE:0000627	NT=beam-type collision-induced dissociation;AC=MS:1000422	35 NCE	not available	not available	10	1	180516_P21478_Proj2_TMT5_CTX41-50_QE2_fraction7.raw	v1.1.0	NT=ms-proteomics;VV=v1.1.0	NT=vertebrates;VV=v1.1.0	NT=clinical-metadata;VV=v1.0.0	manual curation	non-transgenic	6 week + recovery
pooled_control_reference_TMT5_CTX41-50	Mus musculus	cerebral cortex	not applicable	tissue	normal	adult	female	B6C3F1	not applicable	not applicable	pooled	180516_P21478_Proj2_TMT5_CTX41-50_QE2_fraction7-TMT131	proteomic profiling by mass spectrometry	NT=Q Exactive;AC=MS:1001911	TMT131	NT=TMT6plex;AC=UNIMOD:737;TA=K;MT=Fixed	NT=TMT6plex;AC=UNIMOD:737;PP=Peptide N-term;MT=Fixed	NT=Carbamidomethyl;AC=UNIMOD:4;TA=C;MT=Fixed	NT=Oxidation;AC=UNIMOD:35;TA=M;MT=Variable	NT=Trypsin;AC=MS:1001251	NT=Data-dependent acquisition;AC=PRIDE:0000627	NT=beam-type collision-induced dissociation;AC=MS:1000422	35 NCE	not available	not available	10	1	180516_P21478_Proj2_TMT5_CTX41-50_QE2_fraction7.raw	v1.1.0	NT=ms-proteomics;VV=v1.1.0	NT=vertebrates;VV=v1.1.0	NT=clinical-metadata;VV=v1.0.0	manual curation	not applicable	not applicable
D1e	Mus musculus	cerebral cortex	not applicable	tissue	amyotrophic lateral sclerosis	adult	female	B6C3F1	rNLS8 (NEFH-tTA x tetO-hTDP-43-dNLS)	1 week	5	180516_P21478_Proj2_TMT5_CTX41-50_QE2_fraction8-TMT126	proteomic profiling by mass spectrometry	NT=Q Exactive;AC=MS:1001911	TMT126	NT=TMT6plex;AC=UNIMOD:737;TA=K;MT=Fixed	NT=TMT6plex;AC=UNIMOD:737;PP=Peptide N-term;MT=Fixed	NT=Carbamidomethyl;AC=UNIMOD:4;TA=C;MT=Fixed	NT=Oxidation;AC=UNIMOD:35;TA=M;MT=Variable	NT=Trypsin;AC=MS:1001251	NT=Data-dependent acquisition;AC=PRIDE:0000627	NT=beam-type collision-induced dissociation;AC=MS:1000422	35 NCE	not available	not available	11	1	180516_P21478_Proj2_TMT5_CTX41-50_QE2_fraction8.raw	v1.1.0	NT=ms-proteomics;VV=v1.1.0	NT=vertebrates;VV=v1.1.0	NT=clinical-metadata;VV=v1.0.0	manual curation	rNLS8 (NEFH-tTA x tetO-hTDP-43-dNLS)	1 week
D2e	Mus musculus	cerebral cortex	not applicable	tissue	amyotrophic lateral sclerosis	adult	female	B6C3F1	rNLS8 (NEFH-tTA x tetO-hTDP-43-dNLS)	2 week	5	180516_P21478_Proj2_TMT5_CTX41-50_QE2_fraction8-TMT127N	proteomic profiling by mass spectrometry	NT=Q Exactive;AC=MS:1001911	TMT127N	NT=TMT6plex;AC=UNIMOD:737;TA=K;MT=Fixed	NT=TMT6plex;AC=UNIMOD:737;PP=Peptide N-term;MT=Fixed	NT=Carbamidomethyl;AC=UNIMOD:4;TA=C;MT=Fixed	NT=Oxidation;AC=UNIMOD:35;TA=M;MT=Variable	NT=Trypsin;AC=MS:1001251	NT=Data-dependent acquisition;AC=PRIDE:0000627	NT=beam-type collision-induced dissociation;AC=MS:1000422	35 NCE	not available	not available	11	1	180516_P21478_Proj2_TMT5_CTX41-50_QE2_fraction8.raw	v1.1.0	NT=ms-proteomics;VV=v1.1.0	NT=vertebrates;VV=v1.1.0	NT=clinical-metadata;VV=v1.0.0	manual curation	rNLS8 (NEFH-tTA x tetO-hTDP-43-dNLS)	2 week
D4e	Mus musculus	cerebral cortex	not applicable	tissue	amyotrophic lateral sclerosis	adult	female	B6C3F1	rNLS8 (NEFH-tTA x tetO-hTDP-43-dNLS)	4 week	5	180516_P21478_Proj2_TMT5_CTX41-50_QE2_fraction8-TMT127C	proteomic profiling by mass spectrometry	NT=Q Exactive;AC=MS:1001911	TMT127C	NT=TMT6plex;AC=UNIMOD:737;TA=K;MT=Fixed	NT=TMT6plex;AC=UNIMOD:737;PP=Peptide N-term;MT=Fixed	NT=Carbamidomethyl;AC=UNIMOD:4;TA=C;MT=Fixed	NT=Oxidation;AC=UNIMOD:35;TA=M;MT=Variable	NT=Trypsin;AC=MS:1001251	NT=Data-dependent acquisition;AC=PRIDE:0000627	NT=beam-type collision-induced dissociation;AC=MS:1000422	35 NCE	not available	not available	11	1	180516_P21478_Proj2_TMT5_CTX41-50_QE2_fraction8.raw	v1.1.0	NT=ms-proteomics;VV=v1.1.0	NT=vertebrates;VV=v1.1.0	NT=clinical-metadata;VV=v1.0.0	manual curation	rNLS8 (NEFH-tTA x tetO-hTDP-43-dNLS)	4 week
D6e	Mus musculus	cerebral cortex	not applicable	tissue	amyotrophic lateral sclerosis	adult	female	B6C3F1	rNLS8 (NEFH-tTA x tetO-hTDP-43-dNLS)	6 week	5	180516_P21478_Proj2_TMT5_CTX41-50_QE2_fraction8-TMT128N	proteomic profiling by mass spectrometry	NT=Q Exactive;AC=MS:1001911	TMT128N	NT=TMT6plex;AC=UNIMOD:737;TA=K;MT=Fixed	NT=TMT6plex;AC=UNIMOD:737;PP=Peptide N-term;MT=Fixed	NT=Carbamidomethyl;AC=UNIMOD:4;TA=C;MT=Fixed	NT=Oxidation;AC=UNIMOD:35;TA=M;MT=Variable	NT=Trypsin;AC=MS:1001251	NT=Data-dependent acquisition;AC=PRIDE:0000627	NT=beam-type collision-induced dissociation;AC=MS:1000422	35 NCE	not available	not available	11	1	180516_P21478_Proj2_TMT5_CTX41-50_QE2_fraction8.raw	v1.1.0	NT=ms-proteomics;VV=v1.1.0	NT=vertebrates;VV=v1.1.0	NT=clinical-metadata;VV=v1.0.0	manual curation	rNLS8 (NEFH-tTA x tetO-hTDP-43-dNLS)	6 week
D6+RECe	Mus musculus	cerebral cortex	not applicable	tissue	amyotrophic lateral sclerosis	adult	female	B6C3F1	rNLS8 (NEFH-tTA x tetO-hTDP-43-dNLS)	6 week + recovery	5	180516_P21478_Proj2_TMT5_CTX41-50_QE2_fraction8-TMT128C	proteomic profiling by mass spectrometry	NT=Q Exactive;AC=MS:1001911	TMT128C	NT=TMT6plex;AC=UNIMOD:737;TA=K;MT=Fixed	NT=TMT6plex;AC=UNIMOD:737;PP=Peptide N-term;MT=Fixed	NT=Carbamidomethyl;AC=UNIMOD:4;TA=C;MT=Fixed	NT=Oxidation;AC=UNIMOD:35;TA=M;MT=Variable	NT=Trypsin;AC=MS:1001251	NT=Data-dependent acquisition;AC=PRIDE:0000627	NT=beam-type collision-induced dissociation;AC=MS:1000422	35 NCE	not available	not available	11	1	180516_P21478_Proj2_TMT5_CTX41-50_QE2_fraction8.raw	v1.1.0	NT=ms-proteomics;VV=v1.1.0	NT=vertebrates;VV=v1.1.0	NT=clinical-metadata;VV=v1.0.0	manual curation	rNLS8 (NEFH-tTA x tetO-hTDP-43-dNLS)	6 week + recovery
C1e	Mus musculus	cerebral cortex	not applicable	tissue	normal	adult	female	B6C3F1	non-transgenic	1 week	5	180516_P21478_Proj2_TMT5_CTX41-50_QE2_fraction8-TMT129N	proteomic profiling by mass spectrometry	NT=Q Exactive;AC=MS:1001911	TMT129N	NT=TMT6plex;AC=UNIMOD:737;TA=K;MT=Fixed	NT=TMT6plex;AC=UNIMOD:737;PP=Peptide N-term;MT=Fixed	NT=Carbamidomethyl;AC=UNIMOD:4;TA=C;MT=Fixed	NT=Oxidation;AC=UNIMOD:35;TA=M;MT=Variable	NT=Trypsin;AC=MS:1001251	NT=Data-dependent acquisition;AC=PRIDE:0000627	NT=beam-type collision-induced dissociation;AC=MS:1000422	35 NCE	not available	not available	11	1	180516_P21478_Proj2_TMT5_CTX41-50_QE2_fraction8.raw	v1.1.0	NT=ms-proteomics;VV=v1.1.0	NT=vertebrates;VV=v1.1.0	NT=clinical-metadata;VV=v1.0.0	manual curation	non-transgenic	1 week
C4e	Mus musculus	cerebral cortex	not applicable	tissue	normal	adult	female	B6C3F1	non-transgenic	4 week	5	180516_P21478_Proj2_TMT5_CTX41-50_QE2_fraction8-TMT129C	proteomic profiling by mass spectrometry	NT=Q Exactive;AC=MS:1001911	TMT129C	NT=TMT6plex;AC=UNIMOD:737;TA=K;MT=Fixed	NT=TMT6plex;AC=UNIMOD:737;PP=Peptide N-term;MT=Fixed	NT=Carbamidomethyl;AC=UNIMOD:4;TA=C;MT=Fixed	NT=Oxidation;AC=UNIMOD:35;TA=M;MT=Variable	NT=Trypsin;AC=MS:1001251	NT=Data-dependent acquisition;AC=PRIDE:0000627	NT=beam-type collision-induced dissociation;AC=MS:1000422	35 NCE	not available	not available	11	1	180516_P21478_Proj2_TMT5_CTX41-50_QE2_fraction8.raw	v1.1.0	NT=ms-proteomics;VV=v1.1.0	NT=vertebrates;VV=v1.1.0	NT=clinical-metadata;VV=v1.0.0	manual curation	non-transgenic	4 week
C6e	Mus musculus	cerebral cortex	not applicable	tissue	normal	adult	female	B6C3F1	tetO-hTDP-43-dNLS	6 week	5	180516_P21478_Proj2_TMT5_CTX41-50_QE2_fraction8-TMT130N	proteomic profiling by mass spectrometry	NT=Q Exactive;AC=MS:1001911	TMT130N	NT=TMT6plex;AC=UNIMOD:737;TA=K;MT=Fixed	NT=TMT6plex;AC=UNIMOD:737;PP=Peptide N-term;MT=Fixed	NT=Carbamidomethyl;AC=UNIMOD:4;TA=C;MT=Fixed	NT=Oxidation;AC=UNIMOD:35;TA=M;MT=Variable	NT=Trypsin;AC=MS:1001251	NT=Data-dependent acquisition;AC=PRIDE:0000627	NT=beam-type collision-induced dissociation;AC=MS:1000422	35 NCE	not available	not available	11	1	180516_P21478_Proj2_TMT5_CTX41-50_QE2_fraction8.raw	v1.1.0	NT=ms-proteomics;VV=v1.1.0	NT=vertebrates;VV=v1.1.0	NT=clinical-metadata;VV=v1.0.0	manual curation	tetO-hTDP-43-dNLS	6 week
C6+RECe	Mus musculus	cerebral cortex	not applicable	tissue	normal	adult	female	B6C3F1	non-transgenic	6 week + recovery	5	180516_P21478_Proj2_TMT5_CTX41-50_QE2_fraction8-TMT130C	proteomic profiling by mass spectrometry	NT=Q Exactive;AC=MS:1001911	TMT130C	NT=TMT6plex;AC=UNIMOD:737;TA=K;MT=Fixed	NT=TMT6plex;AC=UNIMOD:737;PP=Peptide N-term;MT=Fixed	NT=Carbamidomethyl;AC=UNIMOD:4;TA=C;MT=Fixed	NT=Oxidation;AC=UNIMOD:35;TA=M;MT=Variable	NT=Trypsin;AC=MS:1001251	NT=Data-dependent acquisition;AC=PRIDE:0000627	NT=beam-type collision-induced dissociation;AC=MS:1000422	35 NCE	not available	not available	11	1	180516_P21478_Proj2_TMT5_CTX41-50_QE2_fraction8.raw	v1.1.0	NT=ms-proteomics;VV=v1.1.0	NT=vertebrates;VV=v1.1.0	NT=clinical-metadata;VV=v1.0.0	manual curation	non-transgenic	6 week + recovery
pooled_control_reference_TMT5_CTX41-50	Mus musculus	cerebral cortex	not applicable	tissue	normal	adult	female	B6C3F1	not applicable	not applicable	pooled	180516_P21478_Proj2_TMT5_CTX41-50_QE2_fraction8-TMT131	proteomic profiling by mass spectrometry	NT=Q Exactive;AC=MS:1001911	TMT131	NT=TMT6plex;AC=UNIMOD:737;TA=K;MT=Fixed	NT=TMT6plex;AC=UNIMOD:737;PP=Peptide N-term;MT=Fixed	NT=Carbamidomethyl;AC=UNIMOD:4;TA=C;MT=Fixed	NT=Oxidation;AC=UNIMOD:35;TA=M;MT=Variable	NT=Trypsin;AC=MS:1001251	NT=Data-dependent acquisition;AC=PRIDE:0000627	NT=beam-type collision-induced dissociation;AC=MS:1000422	35 NCE	not available	not available	11	1	180516_P21478_Proj2_TMT5_CTX41-50_QE2_fraction8.raw	v1.1.0	NT=ms-proteomics;VV=v1.1.0	NT=vertebrates;VV=v1.1.0	NT=clinical-metadata;VV=v1.0.0	manual curation	not applicable	not applicable
D1e	Mus musculus	cerebral cortex	not applicable	tissue	amyotrophic lateral sclerosis	adult	female	B6C3F1	rNLS8 (NEFH-tTA x tetO-hTDP-43-dNLS)	1 week	5	180516_P21478_Proj2_TMT5_CTX41-50_QE2_fraction9-TMT126	proteomic profiling by mass spectrometry	NT=Q Exactive;AC=MS:1001911	TMT126	NT=TMT6plex;AC=UNIMOD:737;TA=K;MT=Fixed	NT=TMT6plex;AC=UNIMOD:737;PP=Peptide N-term;MT=Fixed	NT=Carbamidomethyl;AC=UNIMOD:4;TA=C;MT=Fixed	NT=Oxidation;AC=UNIMOD:35;TA=M;MT=Variable	NT=Trypsin;AC=MS:1001251	NT=Data-dependent acquisition;AC=PRIDE:0000627	NT=beam-type collision-induced dissociation;AC=MS:1000422	35 NCE	not available	not available	12	1	180516_P21478_Proj2_TMT5_CTX41-50_QE2_fraction9.raw	v1.1.0	NT=ms-proteomics;VV=v1.1.0	NT=vertebrates;VV=v1.1.0	NT=clinical-metadata;VV=v1.0.0	manual curation	rNLS8 (NEFH-tTA x tetO-hTDP-43-dNLS)	1 week
D2e	Mus musculus	cerebral cortex	not applicable	tissue	amyotrophic lateral sclerosis	adult	female	B6C3F1	rNLS8 (NEFH-tTA x tetO-hTDP-43-dNLS)	2 week	5	180516_P21478_Proj2_TMT5_CTX41-50_QE2_fraction9-TMT127N	proteomic profiling by mass spectrometry	NT=Q Exactive;AC=MS:1001911	TMT127N	NT=TMT6plex;AC=UNIMOD:737;TA=K;MT=Fixed	NT=TMT6plex;AC=UNIMOD:737;PP=Peptide N-term;MT=Fixed	NT=Carbamidomethyl;AC=UNIMOD:4;TA=C;MT=Fixed	NT=Oxidation;AC=UNIMOD:35;TA=M;MT=Variable	NT=Trypsin;AC=MS:1001251	NT=Data-dependent acquisition;AC=PRIDE:0000627	NT=beam-type collision-induced dissociation;AC=MS:1000422	35 NCE	not available	not available	12	1	180516_P21478_Proj2_TMT5_CTX41-50_QE2_fraction9.raw	v1.1.0	NT=ms-proteomics;VV=v1.1.0	NT=vertebrates;VV=v1.1.0	NT=clinical-metadata;VV=v1.0.0	manual curation	rNLS8 (NEFH-tTA x tetO-hTDP-43-dNLS)	2 week
D4e	Mus musculus	cerebral cortex	not applicable	tissue	amyotrophic lateral sclerosis	adult	female	B6C3F1	rNLS8 (NEFH-tTA x tetO-hTDP-43-dNLS)	4 week	5	180516_P21478_Proj2_TMT5_CTX41-50_QE2_fraction9-TMT127C	proteomic profiling by mass spectrometry	NT=Q Exactive;AC=MS:1001911	TMT127C	NT=TMT6plex;AC=UNIMOD:737;TA=K;MT=Fixed	NT=TMT6plex;AC=UNIMOD:737;PP=Peptide N-term;MT=Fixed	NT=Carbamidomethyl;AC=UNIMOD:4;TA=C;MT=Fixed	NT=Oxidation;AC=UNIMOD:35;TA=M;MT=Variable	NT=Trypsin;AC=MS:1001251	NT=Data-dependent acquisition;AC=PRIDE:0000627	NT=beam-type collision-induced dissociation;AC=MS:1000422	35 NCE	not available	not available	12	1	180516_P21478_Proj2_TMT5_CTX41-50_QE2_fraction9.raw	v1.1.0	NT=ms-proteomics;VV=v1.1.0	NT=vertebrates;VV=v1.1.0	NT=clinical-metadata;VV=v1.0.0	manual curation	rNLS8 (NEFH-tTA x tetO-hTDP-43-dNLS)	4 week
D6e	Mus musculus	cerebral cortex	not applicable	tissue	amyotrophic lateral sclerosis	adult	female	B6C3F1	rNLS8 (NEFH-tTA x tetO-hTDP-43-dNLS)	6 week	5	180516_P21478_Proj2_TMT5_CTX41-50_QE2_fraction9-TMT128N	proteomic profiling by mass spectrometry	NT=Q Exactive;AC=MS:1001911	TMT128N	NT=TMT6plex;AC=UNIMOD:737;TA=K;MT=Fixed	NT=TMT6plex;AC=UNIMOD:737;PP=Peptide N-term;MT=Fixed	NT=Carbamidomethyl;AC=UNIMOD:4;TA=C;MT=Fixed	NT=Oxidation;AC=UNIMOD:35;TA=M;MT=Variable	NT=Trypsin;AC=MS:1001251	NT=Data-dependent acquisition;AC=PRIDE:0000627	NT=beam-type collision-induced dissociation;AC=MS:1000422	35 NCE	not available	not available	12	1	180516_P21478_Proj2_TMT5_CTX41-50_QE2_fraction9.raw	v1.1.0	NT=ms-proteomics;VV=v1.1.0	NT=vertebrates;VV=v1.1.0	NT=clinical-metadata;VV=v1.0.0	manual curation	rNLS8 (NEFH-tTA x tetO-hTDP-43-dNLS)	6 week
D6+RECe	Mus musculus	cerebral cortex	not applicable	tissue	amyotrophic lateral sclerosis	adult	female	B6C3F1	rNLS8 (NEFH-tTA x tetO-hTDP-43-dNLS)	6 week + recovery	5	180516_P21478_Proj2_TMT5_CTX41-50_QE2_fraction9-TMT128C	proteomic profiling by mass spectrometry	NT=Q Exactive;AC=MS:1001911	TMT128C	NT=TMT6plex;AC=UNIMOD:737;TA=K;MT=Fixed	NT=TMT6plex;AC=UNIMOD:737;PP=Peptide N-term;MT=Fixed	NT=Carbamidomethyl;AC=UNIMOD:4;TA=C;MT=Fixed	NT=Oxidation;AC=UNIMOD:35;TA=M;MT=Variable	NT=Trypsin;AC=MS:1001251	NT=Data-dependent acquisition;AC=PRIDE:0000627	NT=beam-type collision-induced dissociation;AC=MS:1000422	35 NCE	not available	not available	12	1	180516_P21478_Proj2_TMT5_CTX41-50_QE2_fraction9.raw	v1.1.0	NT=ms-proteomics;VV=v1.1.0	NT=vertebrates;VV=v1.1.0	NT=clinical-metadata;VV=v1.0.0	manual curation	rNLS8 (NEFH-tTA x tetO-hTDP-43-dNLS)	6 week + recovery
C1e	Mus musculus	cerebral cortex	not applicable	tissue	normal	adult	female	B6C3F1	non-transgenic	1 week	5	180516_P21478_Proj2_TMT5_CTX41-50_QE2_fraction9-TMT129N	proteomic profiling by mass spectrometry	NT=Q Exactive;AC=MS:1001911	TMT129N	NT=TMT6plex;AC=UNIMOD:737;TA=K;MT=Fixed	NT=TMT6plex;AC=UNIMOD:737;PP=Peptide N-term;MT=Fixed	NT=Carbamidomethyl;AC=UNIMOD:4;TA=C;MT=Fixed	NT=Oxidation;AC=UNIMOD:35;TA=M;MT=Variable	NT=Trypsin;AC=MS:1001251	NT=Data-dependent acquisition;AC=PRIDE:0000627	NT=beam-type collision-induced dissociation;AC=MS:1000422	35 NCE	not available	not available	12	1	180516_P21478_Proj2_TMT5_CTX41-50_QE2_fraction9.raw	v1.1.0	NT=ms-proteomics;VV=v1.1.0	NT=vertebrates;VV=v1.1.0	NT=clinical-metadata;VV=v1.0.0	manual curation	non-transgenic	1 week
C4e	Mus musculus	cerebral cortex	not applicable	tissue	normal	adult	female	B6C3F1	non-transgenic	4 week	5	180516_P21478_Proj2_TMT5_CTX41-50_QE2_fraction9-TMT129C	proteomic profiling by mass spectrometry	NT=Q Exactive;AC=MS:1001911	TMT129C	NT=TMT6plex;AC=UNIMOD:737;TA=K;MT=Fixed	NT=TMT6plex;AC=UNIMOD:737;PP=Peptide N-term;MT=Fixed	NT=Carbamidomethyl;AC=UNIMOD:4;TA=C;MT=Fixed	NT=Oxidation;AC=UNIMOD:35;TA=M;MT=Variable	NT=Trypsin;AC=MS:1001251	NT=Data-dependent acquisition;AC=PRIDE:0000627	NT=beam-type collision-induced dissociation;AC=MS:1000422	35 NCE	not available	not available	12	1	180516_P21478_Proj2_TMT5_CTX41-50_QE2_fraction9.raw	v1.1.0	NT=ms-proteomics;VV=v1.1.0	NT=vertebrates;VV=v1.1.0	NT=clinical-metadata;VV=v1.0.0	manual curation	non-transgenic	4 week
C6e	Mus musculus	cerebral cortex	not applicable	tissue	normal	adult	female	B6C3F1	tetO-hTDP-43-dNLS	6 week	5	180516_P21478_Proj2_TMT5_CTX41-50_QE2_fraction9-TMT130N	proteomic profiling by mass spectrometry	NT=Q Exactive;AC=MS:1001911	TMT130N	NT=TMT6plex;AC=UNIMOD:737;TA=K;MT=Fixed	NT=TMT6plex;AC=UNIMOD:737;PP=Peptide N-term;MT=Fixed	NT=Carbamidomethyl;AC=UNIMOD:4;TA=C;MT=Fixed	NT=Oxidation;AC=UNIMOD:35;TA=M;MT=Variable	NT=Trypsin;AC=MS:1001251	NT=Data-dependent acquisition;AC=PRIDE:0000627	NT=beam-type collision-induced dissociation;AC=MS:1000422	35 NCE	not available	not available	12	1	180516_P21478_Proj2_TMT5_CTX41-50_QE2_fraction9.raw	v1.1.0	NT=ms-proteomics;VV=v1.1.0	NT=vertebrates;VV=v1.1.0	NT=clinical-metadata;VV=v1.0.0	manual curation	tetO-hTDP-43-dNLS	6 week
C6+RECe	Mus musculus	cerebral cortex	not applicable	tissue	normal	adult	female	B6C3F1	non-transgenic	6 week + recovery	5	180516_P21478_Proj2_TMT5_CTX41-50_QE2_fraction9-TMT130C	proteomic profiling by mass spectrometry	NT=Q Exactive;AC=MS:1001911	TMT130C	NT=TMT6plex;AC=UNIMOD:737;TA=K;MT=Fixed	NT=TMT6plex;AC=UNIMOD:737;PP=Peptide N-term;MT=Fixed	NT=Carbamidomethyl;AC=UNIMOD:4;TA=C;MT=Fixed	NT=Oxidation;AC=UNIMOD:35;TA=M;MT=Variable	NT=Trypsin;AC=MS:1001251	NT=Data-dependent acquisition;AC=PRIDE:0000627	NT=beam-type collision-induced dissociation;AC=MS:1000422	35 NCE	not available	not available	12	1	180516_P21478_Proj2_TMT5_CTX41-50_QE2_fraction9.raw	v1.1.0	NT=ms-proteomics;VV=v1.1.0	NT=vertebrates;VV=v1.1.0	NT=clinical-metadata;VV=v1.0.0	manual curation	non-transgenic	6 week + recovery
pooled_control_reference_TMT5_CTX41-50	Mus musculus	cerebral cortex	not applicable	tissue	normal	adult	female	B6C3F1	not applicable	not applicable	pooled	180516_P21478_Proj2_TMT5_CTX41-50_QE2_fraction9-TMT131	proteomic profiling by mass spectrometry	NT=Q Exactive;AC=MS:1001911	TMT131	NT=TMT6plex;AC=UNIMOD:737;TA=K;MT=Fixed	NT=TMT6plex;AC=UNIMOD:737;PP=Peptide N-term;MT=Fixed	NT=Carbamidomethyl;AC=UNIMOD:4;TA=C;MT=Fixed	NT=Oxidation;AC=UNIMOD:35;TA=M;MT=Variable	NT=Trypsin;AC=MS:1001251	NT=Data-dependent acquisition;AC=PRIDE:0000627	NT=beam-type collision-induced dissociation;AC=MS:1000422	35 NCE	not available	not available	12	1	180516_P21478_Proj2_TMT5_CTX41-50_QE2_fraction9.raw	v1.1.0	NT=ms-proteomics;VV=v1.1.0	NT=vertebrates;VV=v1.1.0	NT=clinical-metadata;VV=v1.0.0	manual curation	not applicable	not applicable
D1e	Mus musculus	cerebral cortex	not applicable	tissue	amyotrophic lateral sclerosis	adult	female	B6C3F1	rNLS8 (NEFH-tTA x tetO-hTDP-43-dNLS)	1 week	5	180516_P21478_Proj2_TMT5_CTX41-50_QE2_fraction_-1-TMT126	proteomic profiling by mass spectrometry	NT=Q Exactive;AC=MS:1001911	TMT126	NT=TMT6plex;AC=UNIMOD:737;TA=K;MT=Fixed	NT=TMT6plex;AC=UNIMOD:737;PP=Peptide N-term;MT=Fixed	NT=Carbamidomethyl;AC=UNIMOD:4;TA=C;MT=Fixed	NT=Oxidation;AC=UNIMOD:35;TA=M;MT=Variable	NT=Trypsin;AC=MS:1001251	NT=Data-dependent acquisition;AC=PRIDE:0000627	NT=beam-type collision-induced dissociation;AC=MS:1000422	35 NCE	not available	not available	3	1	180516_P21478_Proj2_TMT5_CTX41-50_QE2_fraction_-1.raw	v1.1.0	NT=ms-proteomics;VV=v1.1.0	NT=vertebrates;VV=v1.1.0	NT=clinical-metadata;VV=v1.0.0	manual curation	rNLS8 (NEFH-tTA x tetO-hTDP-43-dNLS)	1 week
D2e	Mus musculus	cerebral cortex	not applicable	tissue	amyotrophic lateral sclerosis	adult	female	B6C3F1	rNLS8 (NEFH-tTA x tetO-hTDP-43-dNLS)	2 week	5	180516_P21478_Proj2_TMT5_CTX41-50_QE2_fraction_-1-TMT127N	proteomic profiling by mass spectrometry	NT=Q Exactive;AC=MS:1001911	TMT127N	NT=TMT6plex;AC=UNIMOD:737;TA=K;MT=Fixed	NT=TMT6plex;AC=UNIMOD:737;PP=Peptide N-term;MT=Fixed	NT=Carbamidomethyl;AC=UNIMOD:4;TA=C;MT=Fixed	NT=Oxidation;AC=UNIMOD:35;TA=M;MT=Variable	NT=Trypsin;AC=MS:1001251	NT=Data-dependent acquisition;AC=PRIDE:0000627	NT=beam-type collision-induced dissociation;AC=MS:1000422	35 NCE	not available	not available	3	1	180516_P21478_Proj2_TMT5_CTX41-50_QE2_fraction_-1.raw	v1.1.0	NT=ms-proteomics;VV=v1.1.0	NT=vertebrates;VV=v1.1.0	NT=clinical-metadata;VV=v1.0.0	manual curation	rNLS8 (NEFH-tTA x tetO-hTDP-43-dNLS)	2 week
D4e	Mus musculus	cerebral cortex	not applicable	tissue	amyotrophic lateral sclerosis	adult	female	B6C3F1	rNLS8 (NEFH-tTA x tetO-hTDP-43-dNLS)	4 week	5	180516_P21478_Proj2_TMT5_CTX41-50_QE2_fraction_-1-TMT127C	proteomic profiling by mass spectrometry	NT=Q Exactive;AC=MS:1001911	TMT127C	NT=TMT6plex;AC=UNIMOD:737;TA=K;MT=Fixed	NT=TMT6plex;AC=UNIMOD:737;PP=Peptide N-term;MT=Fixed	NT=Carbamidomethyl;AC=UNIMOD:4;TA=C;MT=Fixed	NT=Oxidation;AC=UNIMOD:35;TA=M;MT=Variable	NT=Trypsin;AC=MS:1001251	NT=Data-dependent acquisition;AC=PRIDE:0000627	NT=beam-type collision-induced dissociation;AC=MS:1000422	35 NCE	not available	not available	3	1	180516_P21478_Proj2_TMT5_CTX41-50_QE2_fraction_-1.raw	v1.1.0	NT=ms-proteomics;VV=v1.1.0	NT=vertebrates;VV=v1.1.0	NT=clinical-metadata;VV=v1.0.0	manual curation	rNLS8 (NEFH-tTA x tetO-hTDP-43-dNLS)	4 week
D6e	Mus musculus	cerebral cortex	not applicable	tissue	amyotrophic lateral sclerosis	adult	female	B6C3F1	rNLS8 (NEFH-tTA x tetO-hTDP-43-dNLS)	6 week	5	180516_P21478_Proj2_TMT5_CTX41-50_QE2_fraction_-1-TMT128N	proteomic profiling by mass spectrometry	NT=Q Exactive;AC=MS:1001911	TMT128N	NT=TMT6plex;AC=UNIMOD:737;TA=K;MT=Fixed	NT=TMT6plex;AC=UNIMOD:737;PP=Peptide N-term;MT=Fixed	NT=Carbamidomethyl;AC=UNIMOD:4;TA=C;MT=Fixed	NT=Oxidation;AC=UNIMOD:35;TA=M;MT=Variable	NT=Trypsin;AC=MS:1001251	NT=Data-dependent acquisition;AC=PRIDE:0000627	NT=beam-type collision-induced dissociation;AC=MS:1000422	35 NCE	not available	not available	3	1	180516_P21478_Proj2_TMT5_CTX41-50_QE2_fraction_-1.raw	v1.1.0	NT=ms-proteomics;VV=v1.1.0	NT=vertebrates;VV=v1.1.0	NT=clinical-metadata;VV=v1.0.0	manual curation	rNLS8 (NEFH-tTA x tetO-hTDP-43-dNLS)	6 week
D6+RECe	Mus musculus	cerebral cortex	not applicable	tissue	amyotrophic lateral sclerosis	adult	female	B6C3F1	rNLS8 (NEFH-tTA x tetO-hTDP-43-dNLS)	6 week + recovery	5	180516_P21478_Proj2_TMT5_CTX41-50_QE2_fraction_-1-TMT128C	proteomic profiling by mass spectrometry	NT=Q Exactive;AC=MS:1001911	TMT128C	NT=TMT6plex;AC=UNIMOD:737;TA=K;MT=Fixed	NT=TMT6plex;AC=UNIMOD:737;PP=Peptide N-term;MT=Fixed	NT=Carbamidomethyl;AC=UNIMOD:4;TA=C;MT=Fixed	NT=Oxidation;AC=UNIMOD:35;TA=M;MT=Variable	NT=Trypsin;AC=MS:1001251	NT=Data-dependent acquisition;AC=PRIDE:0000627	NT=beam-type collision-induced dissociation;AC=MS:1000422	35 NCE	not available	not available	3	1	180516_P21478_Proj2_TMT5_CTX41-50_QE2_fraction_-1.raw	v1.1.0	NT=ms-proteomics;VV=v1.1.0	NT=vertebrates;VV=v1.1.0	NT=clinical-metadata;VV=v1.0.0	manual curation	rNLS8 (NEFH-tTA x tetO-hTDP-43-dNLS)	6 week + recovery
C1e	Mus musculus	cerebral cortex	not applicable	tissue	normal	adult	female	B6C3F1	non-transgenic	1 week	5	180516_P21478_Proj2_TMT5_CTX41-50_QE2_fraction_-1-TMT129N	proteomic profiling by mass spectrometry	NT=Q Exactive;AC=MS:1001911	TMT129N	NT=TMT6plex;AC=UNIMOD:737;TA=K;MT=Fixed	NT=TMT6plex;AC=UNIMOD:737;PP=Peptide N-term;MT=Fixed	NT=Carbamidomethyl;AC=UNIMOD:4;TA=C;MT=Fixed	NT=Oxidation;AC=UNIMOD:35;TA=M;MT=Variable	NT=Trypsin;AC=MS:1001251	NT=Data-dependent acquisition;AC=PRIDE:0000627	NT=beam-type collision-induced dissociation;AC=MS:1000422	35 NCE	not available	not available	3	1	180516_P21478_Proj2_TMT5_CTX41-50_QE2_fraction_-1.raw	v1.1.0	NT=ms-proteomics;VV=v1.1.0	NT=vertebrates;VV=v1.1.0	NT=clinical-metadata;VV=v1.0.0	manual curation	non-transgenic	1 week
C4e	Mus musculus	cerebral cortex	not applicable	tissue	normal	adult	female	B6C3F1	non-transgenic	4 week	5	180516_P21478_Proj2_TMT5_CTX41-50_QE2_fraction_-1-TMT129C	proteomic profiling by mass spectrometry	NT=Q Exactive;AC=MS:1001911	TMT129C	NT=TMT6plex;AC=UNIMOD:737;TA=K;MT=Fixed	NT=TMT6plex;AC=UNIMOD:737;PP=Peptide N-term;MT=Fixed	NT=Carbamidomethyl;AC=UNIMOD:4;TA=C;MT=Fixed	NT=Oxidation;AC=UNIMOD:35;TA=M;MT=Variable	NT=Trypsin;AC=MS:1001251	NT=Data-dependent acquisition;AC=PRIDE:0000627	NT=beam-type collision-induced dissociation;AC=MS:1000422	35 NCE	not available	not available	3	1	180516_P21478_Proj2_TMT5_CTX41-50_QE2_fraction_-1.raw	v1.1.0	NT=ms-proteomics;VV=v1.1.0	NT=vertebrates;VV=v1.1.0	NT=clinical-metadata;VV=v1.0.0	manual curation	non-transgenic	4 week
C6e	Mus musculus	cerebral cortex	not applicable	tissue	normal	adult	female	B6C3F1	tetO-hTDP-43-dNLS	6 week	5	180516_P21478_Proj2_TMT5_CTX41-50_QE2_fraction_-1-TMT130N	proteomic profiling by mass spectrometry	NT=Q Exactive;AC=MS:1001911	TMT130N	NT=TMT6plex;AC=UNIMOD:737;TA=K;MT=Fixed	NT=TMT6plex;AC=UNIMOD:737;PP=Peptide N-term;MT=Fixed	NT=Carbamidomethyl;AC=UNIMOD:4;TA=C;MT=Fixed	NT=Oxidation;AC=UNIMOD:35;TA=M;MT=Variable	NT=Trypsin;AC=MS:1001251	NT=Data-dependent acquisition;AC=PRIDE:0000627	NT=beam-type collision-induced dissociation;AC=MS:1000422	35 NCE	not available	not available	3	1	180516_P21478_Proj2_TMT5_CTX41-50_QE2_fraction_-1.raw	v1.1.0	NT=ms-proteomics;VV=v1.1.0	NT=vertebrates;VV=v1.1.0	NT=clinical-metadata;VV=v1.0.0	manual curation	tetO-hTDP-43-dNLS	6 week
C6+RECe	Mus musculus	cerebral cortex	not applicable	tissue	normal	adult	female	B6C3F1	non-transgenic	6 week + recovery	5	180516_P21478_Proj2_TMT5_CTX41-50_QE2_fraction_-1-TMT130C	proteomic profiling by mass spectrometry	NT=Q Exactive;AC=MS:1001911	TMT130C	NT=TMT6plex;AC=UNIMOD:737;TA=K;MT=Fixed	NT=TMT6plex;AC=UNIMOD:737;PP=Peptide N-term;MT=Fixed	NT=Carbamidomethyl;AC=UNIMOD:4;TA=C;MT=Fixed	NT=Oxidation;AC=UNIMOD:35;TA=M;MT=Variable	NT=Trypsin;AC=MS:1001251	NT=Data-dependent acquisition;AC=PRIDE:0000627	NT=beam-type collision-induced dissociation;AC=MS:1000422	35 NCE	not available	not available	3	1	180516_P21478_Proj2_TMT5_CTX41-50_QE2_fraction_-1.raw	v1.1.0	NT=ms-proteomics;VV=v1.1.0	NT=vertebrates;VV=v1.1.0	NT=clinical-metadata;VV=v1.0.0	manual curation	non-transgenic	6 week + recovery
pooled_control_reference_TMT5_CTX41-50	Mus musculus	cerebral cortex	not applicable	tissue	normal	adult	female	B6C3F1	not applicable	not applicable	pooled	180516_P21478_Proj2_TMT5_CTX41-50_QE2_fraction_-1-TMT131	proteomic profiling by mass spectrometry	NT=Q Exactive;AC=MS:1001911	TMT131	NT=TMT6plex;AC=UNIMOD:737;TA=K;MT=Fixed	NT=TMT6plex;AC=UNIMOD:737;PP=Peptide N-term;MT=Fixed	NT=Carbamidomethyl;AC=UNIMOD:4;TA=C;MT=Fixed	NT=Oxidation;AC=UNIMOD:35;TA=M;MT=Variable	NT=Trypsin;AC=MS:1001251	NT=Data-dependent acquisition;AC=PRIDE:0000627	NT=beam-type collision-induced dissociation;AC=MS:1000422	35 NCE	not available	not available	3	1	180516_P21478_Proj2_TMT5_CTX41-50_QE2_fraction_-1.raw	v1.1.0	NT=ms-proteomics;VV=v1.1.0	NT=vertebrates;VV=v1.1.0	NT=clinical-metadata;VV=v1.0.0	manual curation	not applicable	not applicable
D1e	Mus musculus	cerebral cortex	not applicable	tissue	amyotrophic lateral sclerosis	adult	female	B6C3F1	rNLS8 (NEFH-tTA x tetO-hTDP-43-dNLS)	1 week	5	180516_P21478_Proj2_TMT5_CTX41-50_QE2_fraction_-2-TMT126	proteomic profiling by mass spectrometry	NT=Q Exactive;AC=MS:1001911	TMT126	NT=TMT6plex;AC=UNIMOD:737;TA=K;MT=Fixed	NT=TMT6plex;AC=UNIMOD:737;PP=Peptide N-term;MT=Fixed	NT=Carbamidomethyl;AC=UNIMOD:4;TA=C;MT=Fixed	NT=Oxidation;AC=UNIMOD:35;TA=M;MT=Variable	NT=Trypsin;AC=MS:1001251	NT=Data-dependent acquisition;AC=PRIDE:0000627	NT=beam-type collision-induced dissociation;AC=MS:1000422	35 NCE	not available	not available	2	1	180516_P21478_Proj2_TMT5_CTX41-50_QE2_fraction_-2.raw	v1.1.0	NT=ms-proteomics;VV=v1.1.0	NT=vertebrates;VV=v1.1.0	NT=clinical-metadata;VV=v1.0.0	manual curation	rNLS8 (NEFH-tTA x tetO-hTDP-43-dNLS)	1 week
D2e	Mus musculus	cerebral cortex	not applicable	tissue	amyotrophic lateral sclerosis	adult	female	B6C3F1	rNLS8 (NEFH-tTA x tetO-hTDP-43-dNLS)	2 week	5	180516_P21478_Proj2_TMT5_CTX41-50_QE2_fraction_-2-TMT127N	proteomic profiling by mass spectrometry	NT=Q Exactive;AC=MS:1001911	TMT127N	NT=TMT6plex;AC=UNIMOD:737;TA=K;MT=Fixed	NT=TMT6plex;AC=UNIMOD:737;PP=Peptide N-term;MT=Fixed	NT=Carbamidomethyl;AC=UNIMOD:4;TA=C;MT=Fixed	NT=Oxidation;AC=UNIMOD:35;TA=M;MT=Variable	NT=Trypsin;AC=MS:1001251	NT=Data-dependent acquisition;AC=PRIDE:0000627	NT=beam-type collision-induced dissociation;AC=MS:1000422	35 NCE	not available	not available	2	1	180516_P21478_Proj2_TMT5_CTX41-50_QE2_fraction_-2.raw	v1.1.0	NT=ms-proteomics;VV=v1.1.0	NT=vertebrates;VV=v1.1.0	NT=clinical-metadata;VV=v1.0.0	manual curation	rNLS8 (NEFH-tTA x tetO-hTDP-43-dNLS)	2 week
D4e	Mus musculus	cerebral cortex	not applicable	tissue	amyotrophic lateral sclerosis	adult	female	B6C3F1	rNLS8 (NEFH-tTA x tetO-hTDP-43-dNLS)	4 week	5	180516_P21478_Proj2_TMT5_CTX41-50_QE2_fraction_-2-TMT127C	proteomic profiling by mass spectrometry	NT=Q Exactive;AC=MS:1001911	TMT127C	NT=TMT6plex;AC=UNIMOD:737;TA=K;MT=Fixed	NT=TMT6plex;AC=UNIMOD:737;PP=Peptide N-term;MT=Fixed	NT=Carbamidomethyl;AC=UNIMOD:4;TA=C;MT=Fixed	NT=Oxidation;AC=UNIMOD:35;TA=M;MT=Variable	NT=Trypsin;AC=MS:1001251	NT=Data-dependent acquisition;AC=PRIDE:0000627	NT=beam-type collision-induced dissociation;AC=MS:1000422	35 NCE	not available	not available	2	1	180516_P21478_Proj2_TMT5_CTX41-50_QE2_fraction_-2.raw	v1.1.0	NT=ms-proteomics;VV=v1.1.0	NT=vertebrates;VV=v1.1.0	NT=clinical-metadata;VV=v1.0.0	manual curation	rNLS8 (NEFH-tTA x tetO-hTDP-43-dNLS)	4 week
D6e	Mus musculus	cerebral cortex	not applicable	tissue	amyotrophic lateral sclerosis	adult	female	B6C3F1	rNLS8 (NEFH-tTA x tetO-hTDP-43-dNLS)	6 week	5	180516_P21478_Proj2_TMT5_CTX41-50_QE2_fraction_-2-TMT128N	proteomic profiling by mass spectrometry	NT=Q Exactive;AC=MS:1001911	TMT128N	NT=TMT6plex;AC=UNIMOD:737;TA=K;MT=Fixed	NT=TMT6plex;AC=UNIMOD:737;PP=Peptide N-term;MT=Fixed	NT=Carbamidomethyl;AC=UNIMOD:4;TA=C;MT=Fixed	NT=Oxidation;AC=UNIMOD:35;TA=M;MT=Variable	NT=Trypsin;AC=MS:1001251	NT=Data-dependent acquisition;AC=PRIDE:0000627	NT=beam-type collision-induced dissociation;AC=MS:1000422	35 NCE	not available	not available	2	1	180516_P21478_Proj2_TMT5_CTX41-50_QE2_fraction_-2.raw	v1.1.0	NT=ms-proteomics;VV=v1.1.0	NT=vertebrates;VV=v1.1.0	NT=clinical-metadata;VV=v1.0.0	manual curation	rNLS8 (NEFH-tTA x tetO-hTDP-43-dNLS)	6 week
D6+RECe	Mus musculus	cerebral cortex	not applicable	tissue	amyotrophic lateral sclerosis	adult	female	B6C3F1	rNLS8 (NEFH-tTA x tetO-hTDP-43-dNLS)	6 week + recovery	5	180516_P21478_Proj2_TMT5_CTX41-50_QE2_fraction_-2-TMT128C	proteomic profiling by mass spectrometry	NT=Q Exactive;AC=MS:1001911	TMT128C	NT=TMT6plex;AC=UNIMOD:737;TA=K;MT=Fixed	NT=TMT6plex;AC=UNIMOD:737;PP=Peptide N-term;MT=Fixed	NT=Carbamidomethyl;AC=UNIMOD:4;TA=C;MT=Fixed	NT=Oxidation;AC=UNIMOD:35;TA=M;MT=Variable	NT=Trypsin;AC=MS:1001251	NT=Data-dependent acquisition;AC=PRIDE:0000627	NT=beam-type collision-induced dissociation;AC=MS:1000422	35 NCE	not available	not available	2	1	180516_P21478_Proj2_TMT5_CTX41-50_QE2_fraction_-2.raw	v1.1.0	NT=ms-proteomics;VV=v1.1.0	NT=vertebrates;VV=v1.1.0	NT=clinical-metadata;VV=v1.0.0	manual curation	rNLS8 (NEFH-tTA x tetO-hTDP-43-dNLS)	6 week + recovery
C1e	Mus musculus	cerebral cortex	not applicable	tissue	normal	adult	female	B6C3F1	non-transgenic	1 week	5	180516_P21478_Proj2_TMT5_CTX41-50_QE2_fraction_-2-TMT129N	proteomic profiling by mass spectrometry	NT=Q Exactive;AC=MS:1001911	TMT129N	NT=TMT6plex;AC=UNIMOD:737;TA=K;MT=Fixed	NT=TMT6plex;AC=UNIMOD:737;PP=Peptide N-term;MT=Fixed	NT=Carbamidomethyl;AC=UNIMOD:4;TA=C;MT=Fixed	NT=Oxidation;AC=UNIMOD:35;TA=M;MT=Variable	NT=Trypsin;AC=MS:1001251	NT=Data-dependent acquisition;AC=PRIDE:0000627	NT=beam-type collision-induced dissociation;AC=MS:1000422	35 NCE	not available	not available	2	1	180516_P21478_Proj2_TMT5_CTX41-50_QE2_fraction_-2.raw	v1.1.0	NT=ms-proteomics;VV=v1.1.0	NT=vertebrates;VV=v1.1.0	NT=clinical-metadata;VV=v1.0.0	manual curation	non-transgenic	1 week
C4e	Mus musculus	cerebral cortex	not applicable	tissue	normal	adult	female	B6C3F1	non-transgenic	4 week	5	180516_P21478_Proj2_TMT5_CTX41-50_QE2_fraction_-2-TMT129C	proteomic profiling by mass spectrometry	NT=Q Exactive;AC=MS:1001911	TMT129C	NT=TMT6plex;AC=UNIMOD:737;TA=K;MT=Fixed	NT=TMT6plex;AC=UNIMOD:737;PP=Peptide N-term;MT=Fixed	NT=Carbamidomethyl;AC=UNIMOD:4;TA=C;MT=Fixed	NT=Oxidation;AC=UNIMOD:35;TA=M;MT=Variable	NT=Trypsin;AC=MS:1001251	NT=Data-dependent acquisition;AC=PRIDE:0000627	NT=beam-type collision-induced dissociation;AC=MS:1000422	35 NCE	not available	not available	2	1	180516_P21478_Proj2_TMT5_CTX41-50_QE2_fraction_-2.raw	v1.1.0	NT=ms-proteomics;VV=v1.1.0	NT=vertebrates;VV=v1.1.0	NT=clinical-metadata;VV=v1.0.0	manual curation	non-transgenic	4 week
C6e	Mus musculus	cerebral cortex	not applicable	tissue	normal	adult	female	B6C3F1	tetO-hTDP-43-dNLS	6 week	5	180516_P21478_Proj2_TMT5_CTX41-50_QE2_fraction_-2-TMT130N	proteomic profiling by mass spectrometry	NT=Q Exactive;AC=MS:1001911	TMT130N	NT=TMT6plex;AC=UNIMOD:737;TA=K;MT=Fixed	NT=TMT6plex;AC=UNIMOD:737;PP=Peptide N-term;MT=Fixed	NT=Carbamidomethyl;AC=UNIMOD:4;TA=C;MT=Fixed	NT=Oxidation;AC=UNIMOD:35;TA=M;MT=Variable	NT=Trypsin;AC=MS:1001251	NT=Data-dependent acquisition;AC=PRIDE:0000627	NT=beam-type collision-induced dissociation;AC=MS:1000422	35 NCE	not available	not available	2	1	180516_P21478_Proj2_TMT5_CTX41-50_QE2_fraction_-2.raw	v1.1.0	NT=ms-proteomics;VV=v1.1.0	NT=vertebrates;VV=v1.1.0	NT=clinical-metadata;VV=v1.0.0	manual curation	tetO-hTDP-43-dNLS	6 week
C6+RECe	Mus musculus	cerebral cortex	not applicable	tissue	normal	adult	female	B6C3F1	non-transgenic	6 week + recovery	5	180516_P21478_Proj2_TMT5_CTX41-50_QE2_fraction_-2-TMT130C	proteomic profiling by mass spectrometry	NT=Q Exactive;AC=MS:1001911	TMT130C	NT=TMT6plex;AC=UNIMOD:737;TA=K;MT=Fixed	NT=TMT6plex;AC=UNIMOD:737;PP=Peptide N-term;MT=Fixed	NT=Carbamidomethyl;AC=UNIMOD:4;TA=C;MT=Fixed	NT=Oxidation;AC=UNIMOD:35;TA=M;MT=Variable	NT=Trypsin;AC=MS:1001251	NT=Data-dependent acquisition;AC=PRIDE:0000627	NT=beam-type collision-induced dissociation;AC=MS:1000422	35 NCE	not available	not available	2	1	180516_P21478_Proj2_TMT5_CTX41-50_QE2_fraction_-2.raw	v1.1.0	NT=ms-proteomics;VV=v1.1.0	NT=vertebrates;VV=v1.1.0	NT=clinical-metadata;VV=v1.0.0	manual curation	non-transgenic	6 week + recovery
pooled_control_reference_TMT5_CTX41-50	Mus musculus	cerebral cortex	not applicable	tissue	normal	adult	female	B6C3F1	not applicable	not applicable	pooled	180516_P21478_Proj2_TMT5_CTX41-50_QE2_fraction_-2-TMT131	proteomic profiling by mass spectrometry	NT=Q Exactive;AC=MS:1001911	TMT131	NT=TMT6plex;AC=UNIMOD:737;TA=K;MT=Fixed	NT=TMT6plex;AC=UNIMOD:737;PP=Peptide N-term;MT=Fixed	NT=Carbamidomethyl;AC=UNIMOD:4;TA=C;MT=Fixed	NT=Oxidation;AC=UNIMOD:35;TA=M;MT=Variable	NT=Trypsin;AC=MS:1001251	NT=Data-dependent acquisition;AC=PRIDE:0000627	NT=beam-type collision-induced dissociation;AC=MS:1000422	35 NCE	not available	not available	2	1	180516_P21478_Proj2_TMT5_CTX41-50_QE2_fraction_-2.raw	v1.1.0	NT=ms-proteomics;VV=v1.1.0	NT=vertebrates;VV=v1.1.0	NT=clinical-metadata;VV=v1.0.0	manual curation	not applicable	not applicable
D1e	Mus musculus	cerebral cortex	not applicable	tissue	amyotrophic lateral sclerosis	adult	female	B6C3F1	rNLS8 (NEFH-tTA x tetO-hTDP-43-dNLS)	1 week	5	180516_P21478_Proj2_TMT5_CTX41-50_QE2_fraction_-3-TMT126	proteomic profiling by mass spectrometry	NT=Q Exactive;AC=MS:1001911	TMT126	NT=TMT6plex;AC=UNIMOD:737;TA=K;MT=Fixed	NT=TMT6plex;AC=UNIMOD:737;PP=Peptide N-term;MT=Fixed	NT=Carbamidomethyl;AC=UNIMOD:4;TA=C;MT=Fixed	NT=Oxidation;AC=UNIMOD:35;TA=M;MT=Variable	NT=Trypsin;AC=MS:1001251	NT=Data-dependent acquisition;AC=PRIDE:0000627	NT=beam-type collision-induced dissociation;AC=MS:1000422	35 NCE	not available	not available	1	1	180516_P21478_Proj2_TMT5_CTX41-50_QE2_fraction_-3.raw	v1.1.0	NT=ms-proteomics;VV=v1.1.0	NT=vertebrates;VV=v1.1.0	NT=clinical-metadata;VV=v1.0.0	manual curation	rNLS8 (NEFH-tTA x tetO-hTDP-43-dNLS)	1 week
D2e	Mus musculus	cerebral cortex	not applicable	tissue	amyotrophic lateral sclerosis	adult	female	B6C3F1	rNLS8 (NEFH-tTA x tetO-hTDP-43-dNLS)	2 week	5	180516_P21478_Proj2_TMT5_CTX41-50_QE2_fraction_-3-TMT127N	proteomic profiling by mass spectrometry	NT=Q Exactive;AC=MS:1001911	TMT127N	NT=TMT6plex;AC=UNIMOD:737;TA=K;MT=Fixed	NT=TMT6plex;AC=UNIMOD:737;PP=Peptide N-term;MT=Fixed	NT=Carbamidomethyl;AC=UNIMOD:4;TA=C;MT=Fixed	NT=Oxidation;AC=UNIMOD:35;TA=M;MT=Variable	NT=Trypsin;AC=MS:1001251	NT=Data-dependent acquisition;AC=PRIDE:0000627	NT=beam-type collision-induced dissociation;AC=MS:1000422	35 NCE	not available	not available	1	1	180516_P21478_Proj2_TMT5_CTX41-50_QE2_fraction_-3.raw	v1.1.0	NT=ms-proteomics;VV=v1.1.0	NT=vertebrates;VV=v1.1.0	NT=clinical-metadata;VV=v1.0.0	manual curation	rNLS8 (NEFH-tTA x tetO-hTDP-43-dNLS)	2 week
D4e	Mus musculus	cerebral cortex	not applicable	tissue	amyotrophic lateral sclerosis	adult	female	B6C3F1	rNLS8 (NEFH-tTA x tetO-hTDP-43-dNLS)	4 week	5	180516_P21478_Proj2_TMT5_CTX41-50_QE2_fraction_-3-TMT127C	proteomic profiling by mass spectrometry	NT=Q Exactive;AC=MS:1001911	TMT127C	NT=TMT6plex;AC=UNIMOD:737;TA=K;MT=Fixed	NT=TMT6plex;AC=UNIMOD:737;PP=Peptide N-term;MT=Fixed	NT=Carbamidomethyl;AC=UNIMOD:4;TA=C;MT=Fixed	NT=Oxidation;AC=UNIMOD:35;TA=M;MT=Variable	NT=Trypsin;AC=MS:1001251	NT=Data-dependent acquisition;AC=PRIDE:0000627	NT=beam-type collision-induced dissociation;AC=MS:1000422	35 NCE	not available	not available	1	1	180516_P21478_Proj2_TMT5_CTX41-50_QE2_fraction_-3.raw	v1.1.0	NT=ms-proteomics;VV=v1.1.0	NT=vertebrates;VV=v1.1.0	NT=clinical-metadata;VV=v1.0.0	manual curation	rNLS8 (NEFH-tTA x tetO-hTDP-43-dNLS)	4 week
D6e	Mus musculus	cerebral cortex	not applicable	tissue	amyotrophic lateral sclerosis	adult	female	B6C3F1	rNLS8 (NEFH-tTA x tetO-hTDP-43-dNLS)	6 week	5	180516_P21478_Proj2_TMT5_CTX41-50_QE2_fraction_-3-TMT128N	proteomic profiling by mass spectrometry	NT=Q Exactive;AC=MS:1001911	TMT128N	NT=TMT6plex;AC=UNIMOD:737;TA=K;MT=Fixed	NT=TMT6plex;AC=UNIMOD:737;PP=Peptide N-term;MT=Fixed	NT=Carbamidomethyl;AC=UNIMOD:4;TA=C;MT=Fixed	NT=Oxidation;AC=UNIMOD:35;TA=M;MT=Variable	NT=Trypsin;AC=MS:1001251	NT=Data-dependent acquisition;AC=PRIDE:0000627	NT=beam-type collision-induced dissociation;AC=MS:1000422	35 NCE	not available	not available	1	1	180516_P21478_Proj2_TMT5_CTX41-50_QE2_fraction_-3.raw	v1.1.0	NT=ms-proteomics;VV=v1.1.0	NT=vertebrates;VV=v1.1.0	NT=clinical-metadata;VV=v1.0.0	manual curation	rNLS8 (NEFH-tTA x tetO-hTDP-43-dNLS)	6 week
D6+RECe	Mus musculus	cerebral cortex	not applicable	tissue	amyotrophic lateral sclerosis	adult	female	B6C3F1	rNLS8 (NEFH-tTA x tetO-hTDP-43-dNLS)	6 week + recovery	5	180516_P21478_Proj2_TMT5_CTX41-50_QE2_fraction_-3-TMT128C	proteomic profiling by mass spectrometry	NT=Q Exactive;AC=MS:1001911	TMT128C	NT=TMT6plex;AC=UNIMOD:737;TA=K;MT=Fixed	NT=TMT6plex;AC=UNIMOD:737;PP=Peptide N-term;MT=Fixed	NT=Carbamidomethyl;AC=UNIMOD:4;TA=C;MT=Fixed	NT=Oxidation;AC=UNIMOD:35;TA=M;MT=Variable	NT=Trypsin;AC=MS:1001251	NT=Data-dependent acquisition;AC=PRIDE:0000627	NT=beam-type collision-induced dissociation;AC=MS:1000422	35 NCE	not available	not available	1	1	180516_P21478_Proj2_TMT5_CTX41-50_QE2_fraction_-3.raw	v1.1.0	NT=ms-proteomics;VV=v1.1.0	NT=vertebrates;VV=v1.1.0	NT=clinical-metadata;VV=v1.0.0	manual curation	rNLS8 (NEFH-tTA x tetO-hTDP-43-dNLS)	6 week + recovery
C1e	Mus musculus	cerebral cortex	not applicable	tissue	normal	adult	female	B6C3F1	non-transgenic	1 week	5	180516_P21478_Proj2_TMT5_CTX41-50_QE2_fraction_-3-TMT129N	proteomic profiling by mass spectrometry	NT=Q Exactive;AC=MS:1001911	TMT129N	NT=TMT6plex;AC=UNIMOD:737;TA=K;MT=Fixed	NT=TMT6plex;AC=UNIMOD:737;PP=Peptide N-term;MT=Fixed	NT=Carbamidomethyl;AC=UNIMOD:4;TA=C;MT=Fixed	NT=Oxidation;AC=UNIMOD:35;TA=M;MT=Variable	NT=Trypsin;AC=MS:1001251	NT=Data-dependent acquisition;AC=PRIDE:0000627	NT=beam-type collision-induced dissociation;AC=MS:1000422	35 NCE	not available	not available	1	1	180516_P21478_Proj2_TMT5_CTX41-50_QE2_fraction_-3.raw	v1.1.0	NT=ms-proteomics;VV=v1.1.0	NT=vertebrates;VV=v1.1.0	NT=clinical-metadata;VV=v1.0.0	manual curation	non-transgenic	1 week
C4e	Mus musculus	cerebral cortex	not applicable	tissue	normal	adult	female	B6C3F1	non-transgenic	4 week	5	180516_P21478_Proj2_TMT5_CTX41-50_QE2_fraction_-3-TMT129C	proteomic profiling by mass spectrometry	NT=Q Exactive;AC=MS:1001911	TMT129C	NT=TMT6plex;AC=UNIMOD:737;TA=K;MT=Fixed	NT=TMT6plex;AC=UNIMOD:737;PP=Peptide N-term;MT=Fixed	NT=Carbamidomethyl;AC=UNIMOD:4;TA=C;MT=Fixed	NT=Oxidation;AC=UNIMOD:35;TA=M;MT=Variable	NT=Trypsin;AC=MS:1001251	NT=Data-dependent acquisition;AC=PRIDE:0000627	NT=beam-type collision-induced dissociation;AC=MS:1000422	35 NCE	not available	not available	1	1	180516_P21478_Proj2_TMT5_CTX41-50_QE2_fraction_-3.raw	v1.1.0	NT=ms-proteomics;VV=v1.1.0	NT=vertebrates;VV=v1.1.0	NT=clinical-metadata;VV=v1.0.0	manual curation	non-transgenic	4 week
C6e	Mus musculus	cerebral cortex	not applicable	tissue	normal	adult	female	B6C3F1	tetO-hTDP-43-dNLS	6 week	5	180516_P21478_Proj2_TMT5_CTX41-50_QE2_fraction_-3-TMT130N	proteomic profiling by mass spectrometry	NT=Q Exactive;AC=MS:1001911	TMT130N	NT=TMT6plex;AC=UNIMOD:737;TA=K;MT=Fixed	NT=TMT6plex;AC=UNIMOD:737;PP=Peptide N-term;MT=Fixed	NT=Carbamidomethyl;AC=UNIMOD:4;TA=C;MT=Fixed	NT=Oxidation;AC=UNIMOD:35;TA=M;MT=Variable	NT=Trypsin;AC=MS:1001251	NT=Data-dependent acquisition;AC=PRIDE:0000627	NT=beam-type collision-induced dissociation;AC=MS:1000422	35 NCE	not available	not available	1	1	180516_P21478_Proj2_TMT5_CTX41-50_QE2_fraction_-3.raw	v1.1.0	NT=ms-proteomics;VV=v1.1.0	NT=vertebrates;VV=v1.1.0	NT=clinical-metadata;VV=v1.0.0	manual curation	tetO-hTDP-43-dNLS	6 week
C6+RECe	Mus musculus	cerebral cortex	not applicable	tissue	normal	adult	female	B6C3F1	non-transgenic	6 week + recovery	5	180516_P21478_Proj2_TMT5_CTX41-50_QE2_fraction_-3-TMT130C	proteomic profiling by mass spectrometry	NT=Q Exactive;AC=MS:1001911	TMT130C	NT=TMT6plex;AC=UNIMOD:737;TA=K;MT=Fixed	NT=TMT6plex;AC=UNIMOD:737;PP=Peptide N-term;MT=Fixed	NT=Carbamidomethyl;AC=UNIMOD:4;TA=C;MT=Fixed	NT=Oxidation;AC=UNIMOD:35;TA=M;MT=Variable	NT=Trypsin;AC=MS:1001251	NT=Data-dependent acquisition;AC=PRIDE:0000627	NT=beam-type collision-induced dissociation;AC=MS:1000422	35 NCE	not available	not available	1	1	180516_P21478_Proj2_TMT5_CTX41-50_QE2_fraction_-3.raw	v1.1.0	NT=ms-proteomics;VV=v1.1.0	NT=vertebrates;VV=v1.1.0	NT=clinical-metadata;VV=v1.0.0	manual curation	non-transgenic	6 week + recovery
pooled_control_reference_TMT5_CTX41-50	Mus musculus	cerebral cortex	not applicable	tissue	normal	adult	female	B6C3F1	not applicable	not applicable	pooled	180516_P21478_Proj2_TMT5_CTX41-50_QE2_fraction_-3-TMT131	proteomic profiling by mass spectrometry	NT=Q Exactive;AC=MS:1001911	TMT131	NT=TMT6plex;AC=UNIMOD:737;TA=K;MT=Fixed	NT=TMT6plex;AC=UNIMOD:737;PP=Peptide N-term;MT=Fixed	NT=Carbamidomethyl;AC=UNIMOD:4;TA=C;MT=Fixed	NT=Oxidation;AC=UNIMOD:35;TA=M;MT=Variable	NT=Trypsin;AC=MS:1001251	NT=Data-dependent acquisition;AC=PRIDE:0000627	NT=beam-type collision-induced dissociation;AC=MS:1000422	35 NCE	not available	not available	1	1	180516_P21478_Proj2_TMT5_CTX41-50_QE2_fraction_-3.raw	v1.1.0	NT=ms-proteomics;VV=v1.1.0	NT=vertebrates;VV=v1.1.0	NT=clinical-metadata;VV=v1.0.0	manual curation	not applicable	not applicable
D1d	Mus musculus	cerebral cortex	not applicable	tissue	amyotrophic lateral sclerosis	adult	female	B6C3F1	rNLS8 (NEFH-tTA x tetO-hTDP-43-dNLS)	1 week	4	180525_P21478_Proj2_TMT4_CTX31-40_QE2_fraction1-TMT126	proteomic profiling by mass spectrometry	NT=Q Exactive;AC=MS:1001911	TMT126	NT=TMT6plex;AC=UNIMOD:737;TA=K;MT=Fixed	NT=TMT6plex;AC=UNIMOD:737;PP=Peptide N-term;MT=Fixed	NT=Carbamidomethyl;AC=UNIMOD:4;TA=C;MT=Fixed	NT=Oxidation;AC=UNIMOD:35;TA=M;MT=Variable	NT=Trypsin;AC=MS:1001251	NT=Data-dependent acquisition;AC=PRIDE:0000627	NT=beam-type collision-induced dissociation;AC=MS:1000422	35 NCE	not available	not available	4	1	180525_P21478_Proj2_TMT4_CTX31-40_QE2_fraction1.raw	v1.1.0	NT=ms-proteomics;VV=v1.1.0	NT=vertebrates;VV=v1.1.0	NT=clinical-metadata;VV=v1.0.0	manual curation	rNLS8 (NEFH-tTA x tetO-hTDP-43-dNLS)	1 week
D2d	Mus musculus	cerebral cortex	not applicable	tissue	amyotrophic lateral sclerosis	adult	female	B6C3F1	rNLS8 (NEFH-tTA x tetO-hTDP-43-dNLS)	2 week	4	180525_P21478_Proj2_TMT4_CTX31-40_QE2_fraction1-TMT127N	proteomic profiling by mass spectrometry	NT=Q Exactive;AC=MS:1001911	TMT127N	NT=TMT6plex;AC=UNIMOD:737;TA=K;MT=Fixed	NT=TMT6plex;AC=UNIMOD:737;PP=Peptide N-term;MT=Fixed	NT=Carbamidomethyl;AC=UNIMOD:4;TA=C;MT=Fixed	NT=Oxidation;AC=UNIMOD:35;TA=M;MT=Variable	NT=Trypsin;AC=MS:1001251	NT=Data-dependent acquisition;AC=PRIDE:0000627	NT=beam-type collision-induced dissociation;AC=MS:1000422	35 NCE	not available	not available	4	1	180525_P21478_Proj2_TMT4_CTX31-40_QE2_fraction1.raw	v1.1.0	NT=ms-proteomics;VV=v1.1.0	NT=vertebrates;VV=v1.1.0	NT=clinical-metadata;VV=v1.0.0	manual curation	rNLS8 (NEFH-tTA x tetO-hTDP-43-dNLS)	2 week
D4d	Mus musculus	cerebral cortex	not applicable	tissue	amyotrophic lateral sclerosis	adult	female	B6C3F1	rNLS8 (NEFH-tTA x tetO-hTDP-43-dNLS)	4 week	4	180525_P21478_Proj2_TMT4_CTX31-40_QE2_fraction1-TMT127C	proteomic profiling by mass spectrometry	NT=Q Exactive;AC=MS:1001911	TMT127C	NT=TMT6plex;AC=UNIMOD:737;TA=K;MT=Fixed	NT=TMT6plex;AC=UNIMOD:737;PP=Peptide N-term;MT=Fixed	NT=Carbamidomethyl;AC=UNIMOD:4;TA=C;MT=Fixed	NT=Oxidation;AC=UNIMOD:35;TA=M;MT=Variable	NT=Trypsin;AC=MS:1001251	NT=Data-dependent acquisition;AC=PRIDE:0000627	NT=beam-type collision-induced dissociation;AC=MS:1000422	35 NCE	not available	not available	4	1	180525_P21478_Proj2_TMT4_CTX31-40_QE2_fraction1.raw	v1.1.0	NT=ms-proteomics;VV=v1.1.0	NT=vertebrates;VV=v1.1.0	NT=clinical-metadata;VV=v1.0.0	manual curation	rNLS8 (NEFH-tTA x tetO-hTDP-43-dNLS)	4 week
D6d	Mus musculus	cerebral cortex	not applicable	tissue	amyotrophic lateral sclerosis	adult	female	B6C3F1	rNLS8 (NEFH-tTA x tetO-hTDP-43-dNLS)	6 week	4	180525_P21478_Proj2_TMT4_CTX31-40_QE2_fraction1-TMT128N	proteomic profiling by mass spectrometry	NT=Q Exactive;AC=MS:1001911	TMT128N	NT=TMT6plex;AC=UNIMOD:737;TA=K;MT=Fixed	NT=TMT6plex;AC=UNIMOD:737;PP=Peptide N-term;MT=Fixed	NT=Carbamidomethyl;AC=UNIMOD:4;TA=C;MT=Fixed	NT=Oxidation;AC=UNIMOD:35;TA=M;MT=Variable	NT=Trypsin;AC=MS:1001251	NT=Data-dependent acquisition;AC=PRIDE:0000627	NT=beam-type collision-induced dissociation;AC=MS:1000422	35 NCE	not available	not available	4	1	180525_P21478_Proj2_TMT4_CTX31-40_QE2_fraction1.raw	v1.1.0	NT=ms-proteomics;VV=v1.1.0	NT=vertebrates;VV=v1.1.0	NT=clinical-metadata;VV=v1.0.0	manual curation	rNLS8 (NEFH-tTA x tetO-hTDP-43-dNLS)	6 week
D6+RECd	Mus musculus	cerebral cortex	not applicable	tissue	amyotrophic lateral sclerosis	adult	female	B6C3F1	rNLS8 (NEFH-tTA x tetO-hTDP-43-dNLS)	6 week + recovery	4	180525_P21478_Proj2_TMT4_CTX31-40_QE2_fraction1-TMT128C	proteomic profiling by mass spectrometry	NT=Q Exactive;AC=MS:1001911	TMT128C	NT=TMT6plex;AC=UNIMOD:737;TA=K;MT=Fixed	NT=TMT6plex;AC=UNIMOD:737;PP=Peptide N-term;MT=Fixed	NT=Carbamidomethyl;AC=UNIMOD:4;TA=C;MT=Fixed	NT=Oxidation;AC=UNIMOD:35;TA=M;MT=Variable	NT=Trypsin;AC=MS:1001251	NT=Data-dependent acquisition;AC=PRIDE:0000627	NT=beam-type collision-induced dissociation;AC=MS:1000422	35 NCE	not available	not available	4	1	180525_P21478_Proj2_TMT4_CTX31-40_QE2_fraction1.raw	v1.1.0	NT=ms-proteomics;VV=v1.1.0	NT=vertebrates;VV=v1.1.0	NT=clinical-metadata;VV=v1.0.0	manual curation	rNLS8 (NEFH-tTA x tetO-hTDP-43-dNLS)	6 week + recovery
C1d	Mus musculus	cerebral cortex	not applicable	tissue	normal	adult	female	B6C3F1	NEFH-tTA	1 week	4	180525_P21478_Proj2_TMT4_CTX31-40_QE2_fraction1-TMT129N	proteomic profiling by mass spectrometry	NT=Q Exactive;AC=MS:1001911	TMT129N	NT=TMT6plex;AC=UNIMOD:737;TA=K;MT=Fixed	NT=TMT6plex;AC=UNIMOD:737;PP=Peptide N-term;MT=Fixed	NT=Carbamidomethyl;AC=UNIMOD:4;TA=C;MT=Fixed	NT=Oxidation;AC=UNIMOD:35;TA=M;MT=Variable	NT=Trypsin;AC=MS:1001251	NT=Data-dependent acquisition;AC=PRIDE:0000627	NT=beam-type collision-induced dissociation;AC=MS:1000422	35 NCE	not available	not available	4	1	180525_P21478_Proj2_TMT4_CTX31-40_QE2_fraction1.raw	v1.1.0	NT=ms-proteomics;VV=v1.1.0	NT=vertebrates;VV=v1.1.0	NT=clinical-metadata;VV=v1.0.0	manual curation	NEFH-tTA	1 week
C4d	Mus musculus	cerebral cortex	not applicable	tissue	normal	adult	female	B6C3F1	non-transgenic	4 week	4	180525_P21478_Proj2_TMT4_CTX31-40_QE2_fraction1-TMT129C	proteomic profiling by mass spectrometry	NT=Q Exactive;AC=MS:1001911	TMT129C	NT=TMT6plex;AC=UNIMOD:737;TA=K;MT=Fixed	NT=TMT6plex;AC=UNIMOD:737;PP=Peptide N-term;MT=Fixed	NT=Carbamidomethyl;AC=UNIMOD:4;TA=C;MT=Fixed	NT=Oxidation;AC=UNIMOD:35;TA=M;MT=Variable	NT=Trypsin;AC=MS:1001251	NT=Data-dependent acquisition;AC=PRIDE:0000627	NT=beam-type collision-induced dissociation;AC=MS:1000422	35 NCE	not available	not available	4	1	180525_P21478_Proj2_TMT4_CTX31-40_QE2_fraction1.raw	v1.1.0	NT=ms-proteomics;VV=v1.1.0	NT=vertebrates;VV=v1.1.0	NT=clinical-metadata;VV=v1.0.0	manual curation	non-transgenic	4 week
C6d	Mus musculus	cerebral cortex	not applicable	tissue	normal	adult	female	B6C3F1	non-transgenic	6 week	4	180525_P21478_Proj2_TMT4_CTX31-40_QE2_fraction1-TMT130N	proteomic profiling by mass spectrometry	NT=Q Exactive;AC=MS:1001911	TMT130N	NT=TMT6plex;AC=UNIMOD:737;TA=K;MT=Fixed	NT=TMT6plex;AC=UNIMOD:737;PP=Peptide N-term;MT=Fixed	NT=Carbamidomethyl;AC=UNIMOD:4;TA=C;MT=Fixed	NT=Oxidation;AC=UNIMOD:35;TA=M;MT=Variable	NT=Trypsin;AC=MS:1001251	NT=Data-dependent acquisition;AC=PRIDE:0000627	NT=beam-type collision-induced dissociation;AC=MS:1000422	35 NCE	not available	not available	4	1	180525_P21478_Proj2_TMT4_CTX31-40_QE2_fraction1.raw	v1.1.0	NT=ms-proteomics;VV=v1.1.0	NT=vertebrates;VV=v1.1.0	NT=clinical-metadata;VV=v1.0.0	manual curation	non-transgenic	6 week
C6+RECd	Mus musculus	cerebral cortex	not applicable	tissue	normal	adult	female	B6C3F1	non-transgenic	6 week + recovery	4	180525_P21478_Proj2_TMT4_CTX31-40_QE2_fraction1-TMT130C	proteomic profiling by mass spectrometry	NT=Q Exactive;AC=MS:1001911	TMT130C	NT=TMT6plex;AC=UNIMOD:737;TA=K;MT=Fixed	NT=TMT6plex;AC=UNIMOD:737;PP=Peptide N-term;MT=Fixed	NT=Carbamidomethyl;AC=UNIMOD:4;TA=C;MT=Fixed	NT=Oxidation;AC=UNIMOD:35;TA=M;MT=Variable	NT=Trypsin;AC=MS:1001251	NT=Data-dependent acquisition;AC=PRIDE:0000627	NT=beam-type collision-induced dissociation;AC=MS:1000422	35 NCE	not available	not available	4	1	180525_P21478_Proj2_TMT4_CTX31-40_QE2_fraction1.raw	v1.1.0	NT=ms-proteomics;VV=v1.1.0	NT=vertebrates;VV=v1.1.0	NT=clinical-metadata;VV=v1.0.0	manual curation	non-transgenic	6 week + recovery
pooled_control_reference_TMT4_CTX31-40	Mus musculus	cerebral cortex	not applicable	tissue	normal	adult	female	B6C3F1	not applicable	not applicable	pooled	180525_P21478_Proj2_TMT4_CTX31-40_QE2_fraction1-TMT131	proteomic profiling by mass spectrometry	NT=Q Exactive;AC=MS:1001911	TMT131	NT=TMT6plex;AC=UNIMOD:737;TA=K;MT=Fixed	NT=TMT6plex;AC=UNIMOD:737;PP=Peptide N-term;MT=Fixed	NT=Carbamidomethyl;AC=UNIMOD:4;TA=C;MT=Fixed	NT=Oxidation;AC=UNIMOD:35;TA=M;MT=Variable	NT=Trypsin;AC=MS:1001251	NT=Data-dependent acquisition;AC=PRIDE:0000627	NT=beam-type collision-induced dissociation;AC=MS:1000422	35 NCE	not available	not available	4	1	180525_P21478_Proj2_TMT4_CTX31-40_QE2_fraction1.raw	v1.1.0	NT=ms-proteomics;VV=v1.1.0	NT=vertebrates;VV=v1.1.0	NT=clinical-metadata;VV=v1.0.0	manual curation	not applicable	not applicable
D1d	Mus musculus	cerebral cortex	not applicable	tissue	amyotrophic lateral sclerosis	adult	female	B6C3F1	rNLS8 (NEFH-tTA x tetO-hTDP-43-dNLS)	1 week	4	180525_P21478_Proj2_TMT4_CTX31-40_QE2_fraction10-TMT126	proteomic profiling by mass spectrometry	NT=Q Exactive;AC=MS:1001911	TMT126	NT=TMT6plex;AC=UNIMOD:737;TA=K;MT=Fixed	NT=TMT6plex;AC=UNIMOD:737;PP=Peptide N-term;MT=Fixed	NT=Carbamidomethyl;AC=UNIMOD:4;TA=C;MT=Fixed	NT=Oxidation;AC=UNIMOD:35;TA=M;MT=Variable	NT=Trypsin;AC=MS:1001251	NT=Data-dependent acquisition;AC=PRIDE:0000627	NT=beam-type collision-induced dissociation;AC=MS:1000422	35 NCE	not available	not available	13	1	180525_P21478_Proj2_TMT4_CTX31-40_QE2_fraction10.raw	v1.1.0	NT=ms-proteomics;VV=v1.1.0	NT=vertebrates;VV=v1.1.0	NT=clinical-metadata;VV=v1.0.0	manual curation	rNLS8 (NEFH-tTA x tetO-hTDP-43-dNLS)	1 week
D2d	Mus musculus	cerebral cortex	not applicable	tissue	amyotrophic lateral sclerosis	adult	female	B6C3F1	rNLS8 (NEFH-tTA x tetO-hTDP-43-dNLS)	2 week	4	180525_P21478_Proj2_TMT4_CTX31-40_QE2_fraction10-TMT127N	proteomic profiling by mass spectrometry	NT=Q Exactive;AC=MS:1001911	TMT127N	NT=TMT6plex;AC=UNIMOD:737;TA=K;MT=Fixed	NT=TMT6plex;AC=UNIMOD:737;PP=Peptide N-term;MT=Fixed	NT=Carbamidomethyl;AC=UNIMOD:4;TA=C;MT=Fixed	NT=Oxidation;AC=UNIMOD:35;TA=M;MT=Variable	NT=Trypsin;AC=MS:1001251	NT=Data-dependent acquisition;AC=PRIDE:0000627	NT=beam-type collision-induced dissociation;AC=MS:1000422	35 NCE	not available	not available	13	1	180525_P21478_Proj2_TMT4_CTX31-40_QE2_fraction10.raw	v1.1.0	NT=ms-proteomics;VV=v1.1.0	NT=vertebrates;VV=v1.1.0	NT=clinical-metadata;VV=v1.0.0	manual curation	rNLS8 (NEFH-tTA x tetO-hTDP-43-dNLS)	2 week
D4d	Mus musculus	cerebral cortex	not applicable	tissue	amyotrophic lateral sclerosis	adult	female	B6C3F1	rNLS8 (NEFH-tTA x tetO-hTDP-43-dNLS)	4 week	4	180525_P21478_Proj2_TMT4_CTX31-40_QE2_fraction10-TMT127C	proteomic profiling by mass spectrometry	NT=Q Exactive;AC=MS:1001911	TMT127C	NT=TMT6plex;AC=UNIMOD:737;TA=K;MT=Fixed	NT=TMT6plex;AC=UNIMOD:737;PP=Peptide N-term;MT=Fixed	NT=Carbamidomethyl;AC=UNIMOD:4;TA=C;MT=Fixed	NT=Oxidation;AC=UNIMOD:35;TA=M;MT=Variable	NT=Trypsin;AC=MS:1001251	NT=Data-dependent acquisition;AC=PRIDE:0000627	NT=beam-type collision-induced dissociation;AC=MS:1000422	35 NCE	not available	not available	13	1	180525_P21478_Proj2_TMT4_CTX31-40_QE2_fraction10.raw	v1.1.0	NT=ms-proteomics;VV=v1.1.0	NT=vertebrates;VV=v1.1.0	NT=clinical-metadata;VV=v1.0.0	manual curation	rNLS8 (NEFH-tTA x tetO-hTDP-43-dNLS)	4 week
D6d	Mus musculus	cerebral cortex	not applicable	tissue	amyotrophic lateral sclerosis	adult	female	B6C3F1	rNLS8 (NEFH-tTA x tetO-hTDP-43-dNLS)	6 week	4	180525_P21478_Proj2_TMT4_CTX31-40_QE2_fraction10-TMT128N	proteomic profiling by mass spectrometry	NT=Q Exactive;AC=MS:1001911	TMT128N	NT=TMT6plex;AC=UNIMOD:737;TA=K;MT=Fixed	NT=TMT6plex;AC=UNIMOD:737;PP=Peptide N-term;MT=Fixed	NT=Carbamidomethyl;AC=UNIMOD:4;TA=C;MT=Fixed	NT=Oxidation;AC=UNIMOD:35;TA=M;MT=Variable	NT=Trypsin;AC=MS:1001251	NT=Data-dependent acquisition;AC=PRIDE:0000627	NT=beam-type collision-induced dissociation;AC=MS:1000422	35 NCE	not available	not available	13	1	180525_P21478_Proj2_TMT4_CTX31-40_QE2_fraction10.raw	v1.1.0	NT=ms-proteomics;VV=v1.1.0	NT=vertebrates;VV=v1.1.0	NT=clinical-metadata;VV=v1.0.0	manual curation	rNLS8 (NEFH-tTA x tetO-hTDP-43-dNLS)	6 week
D6+RECd	Mus musculus	cerebral cortex	not applicable	tissue	amyotrophic lateral sclerosis	adult	female	B6C3F1	rNLS8 (NEFH-tTA x tetO-hTDP-43-dNLS)	6 week + recovery	4	180525_P21478_Proj2_TMT4_CTX31-40_QE2_fraction10-TMT128C	proteomic profiling by mass spectrometry	NT=Q Exactive;AC=MS:1001911	TMT128C	NT=TMT6plex;AC=UNIMOD:737;TA=K;MT=Fixed	NT=TMT6plex;AC=UNIMOD:737;PP=Peptide N-term;MT=Fixed	NT=Carbamidomethyl;AC=UNIMOD:4;TA=C;MT=Fixed	NT=Oxidation;AC=UNIMOD:35;TA=M;MT=Variable	NT=Trypsin;AC=MS:1001251	NT=Data-dependent acquisition;AC=PRIDE:0000627	NT=beam-type collision-induced dissociation;AC=MS:1000422	35 NCE	not available	not available	13	1	180525_P21478_Proj2_TMT4_CTX31-40_QE2_fraction10.raw	v1.1.0	NT=ms-proteomics;VV=v1.1.0	NT=vertebrates;VV=v1.1.0	NT=clinical-metadata;VV=v1.0.0	manual curation	rNLS8 (NEFH-tTA x tetO-hTDP-43-dNLS)	6 week + recovery
C1d	Mus musculus	cerebral cortex	not applicable	tissue	normal	adult	female	B6C3F1	NEFH-tTA	1 week	4	180525_P21478_Proj2_TMT4_CTX31-40_QE2_fraction10-TMT129N	proteomic profiling by mass spectrometry	NT=Q Exactive;AC=MS:1001911	TMT129N	NT=TMT6plex;AC=UNIMOD:737;TA=K;MT=Fixed	NT=TMT6plex;AC=UNIMOD:737;PP=Peptide N-term;MT=Fixed	NT=Carbamidomethyl;AC=UNIMOD:4;TA=C;MT=Fixed	NT=Oxidation;AC=UNIMOD:35;TA=M;MT=Variable	NT=Trypsin;AC=MS:1001251	NT=Data-dependent acquisition;AC=PRIDE:0000627	NT=beam-type collision-induced dissociation;AC=MS:1000422	35 NCE	not available	not available	13	1	180525_P21478_Proj2_TMT4_CTX31-40_QE2_fraction10.raw	v1.1.0	NT=ms-proteomics;VV=v1.1.0	NT=vertebrates;VV=v1.1.0	NT=clinical-metadata;VV=v1.0.0	manual curation	NEFH-tTA	1 week
C4d	Mus musculus	cerebral cortex	not applicable	tissue	normal	adult	female	B6C3F1	non-transgenic	4 week	4	180525_P21478_Proj2_TMT4_CTX31-40_QE2_fraction10-TMT129C	proteomic profiling by mass spectrometry	NT=Q Exactive;AC=MS:1001911	TMT129C	NT=TMT6plex;AC=UNIMOD:737;TA=K;MT=Fixed	NT=TMT6plex;AC=UNIMOD:737;PP=Peptide N-term;MT=Fixed	NT=Carbamidomethyl;AC=UNIMOD:4;TA=C;MT=Fixed	NT=Oxidation;AC=UNIMOD:35;TA=M;MT=Variable	NT=Trypsin;AC=MS:1001251	NT=Data-dependent acquisition;AC=PRIDE:0000627	NT=beam-type collision-induced dissociation;AC=MS:1000422	35 NCE	not available	not available	13	1	180525_P21478_Proj2_TMT4_CTX31-40_QE2_fraction10.raw	v1.1.0	NT=ms-proteomics;VV=v1.1.0	NT=vertebrates;VV=v1.1.0	NT=clinical-metadata;VV=v1.0.0	manual curation	non-transgenic	4 week
C6d	Mus musculus	cerebral cortex	not applicable	tissue	normal	adult	female	B6C3F1	non-transgenic	6 week	4	180525_P21478_Proj2_TMT4_CTX31-40_QE2_fraction10-TMT130N	proteomic profiling by mass spectrometry	NT=Q Exactive;AC=MS:1001911	TMT130N	NT=TMT6plex;AC=UNIMOD:737;TA=K;MT=Fixed	NT=TMT6plex;AC=UNIMOD:737;PP=Peptide N-term;MT=Fixed	NT=Carbamidomethyl;AC=UNIMOD:4;TA=C;MT=Fixed	NT=Oxidation;AC=UNIMOD:35;TA=M;MT=Variable	NT=Trypsin;AC=MS:1001251	NT=Data-dependent acquisition;AC=PRIDE:0000627	NT=beam-type collision-induced dissociation;AC=MS:1000422	35 NCE	not available	not available	13	1	180525_P21478_Proj2_TMT4_CTX31-40_QE2_fraction10.raw	v1.1.0	NT=ms-proteomics;VV=v1.1.0	NT=vertebrates;VV=v1.1.0	NT=clinical-metadata;VV=v1.0.0	manual curation	non-transgenic	6 week
C6+RECd	Mus musculus	cerebral cortex	not applicable	tissue	normal	adult	female	B6C3F1	non-transgenic	6 week + recovery	4	180525_P21478_Proj2_TMT4_CTX31-40_QE2_fraction10-TMT130C	proteomic profiling by mass spectrometry	NT=Q Exactive;AC=MS:1001911	TMT130C	NT=TMT6plex;AC=UNIMOD:737;TA=K;MT=Fixed	NT=TMT6plex;AC=UNIMOD:737;PP=Peptide N-term;MT=Fixed	NT=Carbamidomethyl;AC=UNIMOD:4;TA=C;MT=Fixed	NT=Oxidation;AC=UNIMOD:35;TA=M;MT=Variable	NT=Trypsin;AC=MS:1001251	NT=Data-dependent acquisition;AC=PRIDE:0000627	NT=beam-type collision-induced dissociation;AC=MS:1000422	35 NCE	not available	not available	13	1	180525_P21478_Proj2_TMT4_CTX31-40_QE2_fraction10.raw	v1.1.0	NT=ms-proteomics;VV=v1.1.0	NT=vertebrates;VV=v1.1.0	NT=clinical-metadata;VV=v1.0.0	manual curation	non-transgenic	6 week + recovery
pooled_control_reference_TMT4_CTX31-40	Mus musculus	cerebral cortex	not applicable	tissue	normal	adult	female	B6C3F1	not applicable	not applicable	pooled	180525_P21478_Proj2_TMT4_CTX31-40_QE2_fraction10-TMT131	proteomic profiling by mass spectrometry	NT=Q Exactive;AC=MS:1001911	TMT131	NT=TMT6plex;AC=UNIMOD:737;TA=K;MT=Fixed	NT=TMT6plex;AC=UNIMOD:737;PP=Peptide N-term;MT=Fixed	NT=Carbamidomethyl;AC=UNIMOD:4;TA=C;MT=Fixed	NT=Oxidation;AC=UNIMOD:35;TA=M;MT=Variable	NT=Trypsin;AC=MS:1001251	NT=Data-dependent acquisition;AC=PRIDE:0000627	NT=beam-type collision-induced dissociation;AC=MS:1000422	35 NCE	not available	not available	13	1	180525_P21478_Proj2_TMT4_CTX31-40_QE2_fraction10.raw	v1.1.0	NT=ms-proteomics;VV=v1.1.0	NT=vertebrates;VV=v1.1.0	NT=clinical-metadata;VV=v1.0.0	manual curation	not applicable	not applicable
D1d	Mus musculus	cerebral cortex	not applicable	tissue	amyotrophic lateral sclerosis	adult	female	B6C3F1	rNLS8 (NEFH-tTA x tetO-hTDP-43-dNLS)	1 week	4	180525_P21478_Proj2_TMT4_CTX31-40_QE2_fraction11-TMT126	proteomic profiling by mass spectrometry	NT=Q Exactive;AC=MS:1001911	TMT126	NT=TMT6plex;AC=UNIMOD:737;TA=K;MT=Fixed	NT=TMT6plex;AC=UNIMOD:737;PP=Peptide N-term;MT=Fixed	NT=Carbamidomethyl;AC=UNIMOD:4;TA=C;MT=Fixed	NT=Oxidation;AC=UNIMOD:35;TA=M;MT=Variable	NT=Trypsin;AC=MS:1001251	NT=Data-dependent acquisition;AC=PRIDE:0000627	NT=beam-type collision-induced dissociation;AC=MS:1000422	35 NCE	not available	not available	14	1	180525_P21478_Proj2_TMT4_CTX31-40_QE2_fraction11.raw	v1.1.0	NT=ms-proteomics;VV=v1.1.0	NT=vertebrates;VV=v1.1.0	NT=clinical-metadata;VV=v1.0.0	manual curation	rNLS8 (NEFH-tTA x tetO-hTDP-43-dNLS)	1 week
D2d	Mus musculus	cerebral cortex	not applicable	tissue	amyotrophic lateral sclerosis	adult	female	B6C3F1	rNLS8 (NEFH-tTA x tetO-hTDP-43-dNLS)	2 week	4	180525_P21478_Proj2_TMT4_CTX31-40_QE2_fraction11-TMT127N	proteomic profiling by mass spectrometry	NT=Q Exactive;AC=MS:1001911	TMT127N	NT=TMT6plex;AC=UNIMOD:737;TA=K;MT=Fixed	NT=TMT6plex;AC=UNIMOD:737;PP=Peptide N-term;MT=Fixed	NT=Carbamidomethyl;AC=UNIMOD:4;TA=C;MT=Fixed	NT=Oxidation;AC=UNIMOD:35;TA=M;MT=Variable	NT=Trypsin;AC=MS:1001251	NT=Data-dependent acquisition;AC=PRIDE:0000627	NT=beam-type collision-induced dissociation;AC=MS:1000422	35 NCE	not available	not available	14	1	180525_P21478_Proj2_TMT4_CTX31-40_QE2_fraction11.raw	v1.1.0	NT=ms-proteomics;VV=v1.1.0	NT=vertebrates;VV=v1.1.0	NT=clinical-metadata;VV=v1.0.0	manual curation	rNLS8 (NEFH-tTA x tetO-hTDP-43-dNLS)	2 week
D4d	Mus musculus	cerebral cortex	not applicable	tissue	amyotrophic lateral sclerosis	adult	female	B6C3F1	rNLS8 (NEFH-tTA x tetO-hTDP-43-dNLS)	4 week	4	180525_P21478_Proj2_TMT4_CTX31-40_QE2_fraction11-TMT127C	proteomic profiling by mass spectrometry	NT=Q Exactive;AC=MS:1001911	TMT127C	NT=TMT6plex;AC=UNIMOD:737;TA=K;MT=Fixed	NT=TMT6plex;AC=UNIMOD:737;PP=Peptide N-term;MT=Fixed	NT=Carbamidomethyl;AC=UNIMOD:4;TA=C;MT=Fixed	NT=Oxidation;AC=UNIMOD:35;TA=M;MT=Variable	NT=Trypsin;AC=MS:1001251	NT=Data-dependent acquisition;AC=PRIDE:0000627	NT=beam-type collision-induced dissociation;AC=MS:1000422	35 NCE	not available	not available	14	1	180525_P21478_Proj2_TMT4_CTX31-40_QE2_fraction11.raw	v1.1.0	NT=ms-proteomics;VV=v1.1.0	NT=vertebrates;VV=v1.1.0	NT=clinical-metadata;VV=v1.0.0	manual curation	rNLS8 (NEFH-tTA x tetO-hTDP-43-dNLS)	4 week
D6d	Mus musculus	cerebral cortex	not applicable	tissue	amyotrophic lateral sclerosis	adult	female	B6C3F1	rNLS8 (NEFH-tTA x tetO-hTDP-43-dNLS)	6 week	4	180525_P21478_Proj2_TMT4_CTX31-40_QE2_fraction11-TMT128N	proteomic profiling by mass spectrometry	NT=Q Exactive;AC=MS:1001911	TMT128N	NT=TMT6plex;AC=UNIMOD:737;TA=K;MT=Fixed	NT=TMT6plex;AC=UNIMOD:737;PP=Peptide N-term;MT=Fixed	NT=Carbamidomethyl;AC=UNIMOD:4;TA=C;MT=Fixed	NT=Oxidation;AC=UNIMOD:35;TA=M;MT=Variable	NT=Trypsin;AC=MS:1001251	NT=Data-dependent acquisition;AC=PRIDE:0000627	NT=beam-type collision-induced dissociation;AC=MS:1000422	35 NCE	not available	not available	14	1	180525_P21478_Proj2_TMT4_CTX31-40_QE2_fraction11.raw	v1.1.0	NT=ms-proteomics;VV=v1.1.0	NT=vertebrates;VV=v1.1.0	NT=clinical-metadata;VV=v1.0.0	manual curation	rNLS8 (NEFH-tTA x tetO-hTDP-43-dNLS)	6 week
D6+RECd	Mus musculus	cerebral cortex	not applicable	tissue	amyotrophic lateral sclerosis	adult	female	B6C3F1	rNLS8 (NEFH-tTA x tetO-hTDP-43-dNLS)	6 week + recovery	4	180525_P21478_Proj2_TMT4_CTX31-40_QE2_fraction11-TMT128C	proteomic profiling by mass spectrometry	NT=Q Exactive;AC=MS:1001911	TMT128C	NT=TMT6plex;AC=UNIMOD:737;TA=K;MT=Fixed	NT=TMT6plex;AC=UNIMOD:737;PP=Peptide N-term;MT=Fixed	NT=Carbamidomethyl;AC=UNIMOD:4;TA=C;MT=Fixed	NT=Oxidation;AC=UNIMOD:35;TA=M;MT=Variable	NT=Trypsin;AC=MS:1001251	NT=Data-dependent acquisition;AC=PRIDE:0000627	NT=beam-type collision-induced dissociation;AC=MS:1000422	35 NCE	not available	not available	14	1	180525_P21478_Proj2_TMT4_CTX31-40_QE2_fraction11.raw	v1.1.0	NT=ms-proteomics;VV=v1.1.0	NT=vertebrates;VV=v1.1.0	NT=clinical-metadata;VV=v1.0.0	manual curation	rNLS8 (NEFH-tTA x tetO-hTDP-43-dNLS)	6 week + recovery
C1d	Mus musculus	cerebral cortex	not applicable	tissue	normal	adult	female	B6C3F1	NEFH-tTA	1 week	4	180525_P21478_Proj2_TMT4_CTX31-40_QE2_fraction11-TMT129N	proteomic profiling by mass spectrometry	NT=Q Exactive;AC=MS:1001911	TMT129N	NT=TMT6plex;AC=UNIMOD:737;TA=K;MT=Fixed	NT=TMT6plex;AC=UNIMOD:737;PP=Peptide N-term;MT=Fixed	NT=Carbamidomethyl;AC=UNIMOD:4;TA=C;MT=Fixed	NT=Oxidation;AC=UNIMOD:35;TA=M;MT=Variable	NT=Trypsin;AC=MS:1001251	NT=Data-dependent acquisition;AC=PRIDE:0000627	NT=beam-type collision-induced dissociation;AC=MS:1000422	35 NCE	not available	not available	14	1	180525_P21478_Proj2_TMT4_CTX31-40_QE2_fraction11.raw	v1.1.0	NT=ms-proteomics;VV=v1.1.0	NT=vertebrates;VV=v1.1.0	NT=clinical-metadata;VV=v1.0.0	manual curation	NEFH-tTA	1 week
C4d	Mus musculus	cerebral cortex	not applicable	tissue	normal	adult	female	B6C3F1	non-transgenic	4 week	4	180525_P21478_Proj2_TMT4_CTX31-40_QE2_fraction11-TMT129C	proteomic profiling by mass spectrometry	NT=Q Exactive;AC=MS:1001911	TMT129C	NT=TMT6plex;AC=UNIMOD:737;TA=K;MT=Fixed	NT=TMT6plex;AC=UNIMOD:737;PP=Peptide N-term;MT=Fixed	NT=Carbamidomethyl;AC=UNIMOD:4;TA=C;MT=Fixed	NT=Oxidation;AC=UNIMOD:35;TA=M;MT=Variable	NT=Trypsin;AC=MS:1001251	NT=Data-dependent acquisition;AC=PRIDE:0000627	NT=beam-type collision-induced dissociation;AC=MS:1000422	35 NCE	not available	not available	14	1	180525_P21478_Proj2_TMT4_CTX31-40_QE2_fraction11.raw	v1.1.0	NT=ms-proteomics;VV=v1.1.0	NT=vertebrates;VV=v1.1.0	NT=clinical-metadata;VV=v1.0.0	manual curation	non-transgenic	4 week
C6d	Mus musculus	cerebral cortex	not applicable	tissue	normal	adult	female	B6C3F1	non-transgenic	6 week	4	180525_P21478_Proj2_TMT4_CTX31-40_QE2_fraction11-TMT130N	proteomic profiling by mass spectrometry	NT=Q Exactive;AC=MS:1001911	TMT130N	NT=TMT6plex;AC=UNIMOD:737;TA=K;MT=Fixed	NT=TMT6plex;AC=UNIMOD:737;PP=Peptide N-term;MT=Fixed	NT=Carbamidomethyl;AC=UNIMOD:4;TA=C;MT=Fixed	NT=Oxidation;AC=UNIMOD:35;TA=M;MT=Variable	NT=Trypsin;AC=MS:1001251	NT=Data-dependent acquisition;AC=PRIDE:0000627	NT=beam-type collision-induced dissociation;AC=MS:1000422	35 NCE	not available	not available	14	1	180525_P21478_Proj2_TMT4_CTX31-40_QE2_fraction11.raw	v1.1.0	NT=ms-proteomics;VV=v1.1.0	NT=vertebrates;VV=v1.1.0	NT=clinical-metadata;VV=v1.0.0	manual curation	non-transgenic	6 week
C6+RECd	Mus musculus	cerebral cortex	not applicable	tissue	normal	adult	female	B6C3F1	non-transgenic	6 week + recovery	4	180525_P21478_Proj2_TMT4_CTX31-40_QE2_fraction11-TMT130C	proteomic profiling by mass spectrometry	NT=Q Exactive;AC=MS:1001911	TMT130C	NT=TMT6plex;AC=UNIMOD:737;TA=K;MT=Fixed	NT=TMT6plex;AC=UNIMOD:737;PP=Peptide N-term;MT=Fixed	NT=Carbamidomethyl;AC=UNIMOD:4;TA=C;MT=Fixed	NT=Oxidation;AC=UNIMOD:35;TA=M;MT=Variable	NT=Trypsin;AC=MS:1001251	NT=Data-dependent acquisition;AC=PRIDE:0000627	NT=beam-type collision-induced dissociation;AC=MS:1000422	35 NCE	not available	not available	14	1	180525_P21478_Proj2_TMT4_CTX31-40_QE2_fraction11.raw	v1.1.0	NT=ms-proteomics;VV=v1.1.0	NT=vertebrates;VV=v1.1.0	NT=clinical-metadata;VV=v1.0.0	manual curation	non-transgenic	6 week + recovery
pooled_control_reference_TMT4_CTX31-40	Mus musculus	cerebral cortex	not applicable	tissue	normal	adult	female	B6C3F1	not applicable	not applicable	pooled	180525_P21478_Proj2_TMT4_CTX31-40_QE2_fraction11-TMT131	proteomic profiling by mass spectrometry	NT=Q Exactive;AC=MS:1001911	TMT131	NT=TMT6plex;AC=UNIMOD:737;TA=K;MT=Fixed	NT=TMT6plex;AC=UNIMOD:737;PP=Peptide N-term;MT=Fixed	NT=Carbamidomethyl;AC=UNIMOD:4;TA=C;MT=Fixed	NT=Oxidation;AC=UNIMOD:35;TA=M;MT=Variable	NT=Trypsin;AC=MS:1001251	NT=Data-dependent acquisition;AC=PRIDE:0000627	NT=beam-type collision-induced dissociation;AC=MS:1000422	35 NCE	not available	not available	14	1	180525_P21478_Proj2_TMT4_CTX31-40_QE2_fraction11.raw	v1.1.0	NT=ms-proteomics;VV=v1.1.0	NT=vertebrates;VV=v1.1.0	NT=clinical-metadata;VV=v1.0.0	manual curation	not applicable	not applicable
D1d	Mus musculus	cerebral cortex	not applicable	tissue	amyotrophic lateral sclerosis	adult	female	B6C3F1	rNLS8 (NEFH-tTA x tetO-hTDP-43-dNLS)	1 week	4	180525_P21478_Proj2_TMT4_CTX31-40_QE2_fraction12-TMT126	proteomic profiling by mass spectrometry	NT=Q Exactive;AC=MS:1001911	TMT126	NT=TMT6plex;AC=UNIMOD:737;TA=K;MT=Fixed	NT=TMT6plex;AC=UNIMOD:737;PP=Peptide N-term;MT=Fixed	NT=Carbamidomethyl;AC=UNIMOD:4;TA=C;MT=Fixed	NT=Oxidation;AC=UNIMOD:35;TA=M;MT=Variable	NT=Trypsin;AC=MS:1001251	NT=Data-dependent acquisition;AC=PRIDE:0000627	NT=beam-type collision-induced dissociation;AC=MS:1000422	35 NCE	not available	not available	15	1	180525_P21478_Proj2_TMT4_CTX31-40_QE2_fraction12.raw	v1.1.0	NT=ms-proteomics;VV=v1.1.0	NT=vertebrates;VV=v1.1.0	NT=clinical-metadata;VV=v1.0.0	manual curation	rNLS8 (NEFH-tTA x tetO-hTDP-43-dNLS)	1 week
D2d	Mus musculus	cerebral cortex	not applicable	tissue	amyotrophic lateral sclerosis	adult	female	B6C3F1	rNLS8 (NEFH-tTA x tetO-hTDP-43-dNLS)	2 week	4	180525_P21478_Proj2_TMT4_CTX31-40_QE2_fraction12-TMT127N	proteomic profiling by mass spectrometry	NT=Q Exactive;AC=MS:1001911	TMT127N	NT=TMT6plex;AC=UNIMOD:737;TA=K;MT=Fixed	NT=TMT6plex;AC=UNIMOD:737;PP=Peptide N-term;MT=Fixed	NT=Carbamidomethyl;AC=UNIMOD:4;TA=C;MT=Fixed	NT=Oxidation;AC=UNIMOD:35;TA=M;MT=Variable	NT=Trypsin;AC=MS:1001251	NT=Data-dependent acquisition;AC=PRIDE:0000627	NT=beam-type collision-induced dissociation;AC=MS:1000422	35 NCE	not available	not available	15	1	180525_P21478_Proj2_TMT4_CTX31-40_QE2_fraction12.raw	v1.1.0	NT=ms-proteomics;VV=v1.1.0	NT=vertebrates;VV=v1.1.0	NT=clinical-metadata;VV=v1.0.0	manual curation	rNLS8 (NEFH-tTA x tetO-hTDP-43-dNLS)	2 week
D4d	Mus musculus	cerebral cortex	not applicable	tissue	amyotrophic lateral sclerosis	adult	female	B6C3F1	rNLS8 (NEFH-tTA x tetO-hTDP-43-dNLS)	4 week	4	180525_P21478_Proj2_TMT4_CTX31-40_QE2_fraction12-TMT127C	proteomic profiling by mass spectrometry	NT=Q Exactive;AC=MS:1001911	TMT127C	NT=TMT6plex;AC=UNIMOD:737;TA=K;MT=Fixed	NT=TMT6plex;AC=UNIMOD:737;PP=Peptide N-term;MT=Fixed	NT=Carbamidomethyl;AC=UNIMOD:4;TA=C;MT=Fixed	NT=Oxidation;AC=UNIMOD:35;TA=M;MT=Variable	NT=Trypsin;AC=MS:1001251	NT=Data-dependent acquisition;AC=PRIDE:0000627	NT=beam-type collision-induced dissociation;AC=MS:1000422	35 NCE	not available	not available	15	1	180525_P21478_Proj2_TMT4_CTX31-40_QE2_fraction12.raw	v1.1.0	NT=ms-proteomics;VV=v1.1.0	NT=vertebrates;VV=v1.1.0	NT=clinical-metadata;VV=v1.0.0	manual curation	rNLS8 (NEFH-tTA x tetO-hTDP-43-dNLS)	4 week
D6d	Mus musculus	cerebral cortex	not applicable	tissue	amyotrophic lateral sclerosis	adult	female	B6C3F1	rNLS8 (NEFH-tTA x tetO-hTDP-43-dNLS)	6 week	4	180525_P21478_Proj2_TMT4_CTX31-40_QE2_fraction12-TMT128N	proteomic profiling by mass spectrometry	NT=Q Exactive;AC=MS:1001911	TMT128N	NT=TMT6plex;AC=UNIMOD:737;TA=K;MT=Fixed	NT=TMT6plex;AC=UNIMOD:737;PP=Peptide N-term;MT=Fixed	NT=Carbamidomethyl;AC=UNIMOD:4;TA=C;MT=Fixed	NT=Oxidation;AC=UNIMOD:35;TA=M;MT=Variable	NT=Trypsin;AC=MS:1001251	NT=Data-dependent acquisition;AC=PRIDE:0000627	NT=beam-type collision-induced dissociation;AC=MS:1000422	35 NCE	not available	not available	15	1	180525_P21478_Proj2_TMT4_CTX31-40_QE2_fraction12.raw	v1.1.0	NT=ms-proteomics;VV=v1.1.0	NT=vertebrates;VV=v1.1.0	NT=clinical-metadata;VV=v1.0.0	manual curation	rNLS8 (NEFH-tTA x tetO-hTDP-43-dNLS)	6 week
D6+RECd	Mus musculus	cerebral cortex	not applicable	tissue	amyotrophic lateral sclerosis	adult	female	B6C3F1	rNLS8 (NEFH-tTA x tetO-hTDP-43-dNLS)	6 week + recovery	4	180525_P21478_Proj2_TMT4_CTX31-40_QE2_fraction12-TMT128C	proteomic profiling by mass spectrometry	NT=Q Exactive;AC=MS:1001911	TMT128C	NT=TMT6plex;AC=UNIMOD:737;TA=K;MT=Fixed	NT=TMT6plex;AC=UNIMOD:737;PP=Peptide N-term;MT=Fixed	NT=Carbamidomethyl;AC=UNIMOD:4;TA=C;MT=Fixed	NT=Oxidation;AC=UNIMOD:35;TA=M;MT=Variable	NT=Trypsin;AC=MS:1001251	NT=Data-dependent acquisition;AC=PRIDE:0000627	NT=beam-type collision-induced dissociation;AC=MS:1000422	35 NCE	not available	not available	15	1	180525_P21478_Proj2_TMT4_CTX31-40_QE2_fraction12.raw	v1.1.0	NT=ms-proteomics;VV=v1.1.0	NT=vertebrates;VV=v1.1.0	NT=clinical-metadata;VV=v1.0.0	manual curation	rNLS8 (NEFH-tTA x tetO-hTDP-43-dNLS)	6 week + recovery
C1d	Mus musculus	cerebral cortex	not applicable	tissue	normal	adult	female	B6C3F1	NEFH-tTA	1 week	4	180525_P21478_Proj2_TMT4_CTX31-40_QE2_fraction12-TMT129N	proteomic profiling by mass spectrometry	NT=Q Exactive;AC=MS:1001911	TMT129N	NT=TMT6plex;AC=UNIMOD:737;TA=K;MT=Fixed	NT=TMT6plex;AC=UNIMOD:737;PP=Peptide N-term;MT=Fixed	NT=Carbamidomethyl;AC=UNIMOD:4;TA=C;MT=Fixed	NT=Oxidation;AC=UNIMOD:35;TA=M;MT=Variable	NT=Trypsin;AC=MS:1001251	NT=Data-dependent acquisition;AC=PRIDE:0000627	NT=beam-type collision-induced dissociation;AC=MS:1000422	35 NCE	not available	not available	15	1	180525_P21478_Proj2_TMT4_CTX31-40_QE2_fraction12.raw	v1.1.0	NT=ms-proteomics;VV=v1.1.0	NT=vertebrates;VV=v1.1.0	NT=clinical-metadata;VV=v1.0.0	manual curation	NEFH-tTA	1 week
C4d	Mus musculus	cerebral cortex	not applicable	tissue	normal	adult	female	B6C3F1	non-transgenic	4 week	4	180525_P21478_Proj2_TMT4_CTX31-40_QE2_fraction12-TMT129C	proteomic profiling by mass spectrometry	NT=Q Exactive;AC=MS:1001911	TMT129C	NT=TMT6plex;AC=UNIMOD:737;TA=K;MT=Fixed	NT=TMT6plex;AC=UNIMOD:737;PP=Peptide N-term;MT=Fixed	NT=Carbamidomethyl;AC=UNIMOD:4;TA=C;MT=Fixed	NT=Oxidation;AC=UNIMOD:35;TA=M;MT=Variable	NT=Trypsin;AC=MS:1001251	NT=Data-dependent acquisition;AC=PRIDE:0000627	NT=beam-type collision-induced dissociation;AC=MS:1000422	35 NCE	not available	not available	15	1	180525_P21478_Proj2_TMT4_CTX31-40_QE2_fraction12.raw	v1.1.0	NT=ms-proteomics;VV=v1.1.0	NT=vertebrates;VV=v1.1.0	NT=clinical-metadata;VV=v1.0.0	manual curation	non-transgenic	4 week
C6d	Mus musculus	cerebral cortex	not applicable	tissue	normal	adult	female	B6C3F1	non-transgenic	6 week	4	180525_P21478_Proj2_TMT4_CTX31-40_QE2_fraction12-TMT130N	proteomic profiling by mass spectrometry	NT=Q Exactive;AC=MS:1001911	TMT130N	NT=TMT6plex;AC=UNIMOD:737;TA=K;MT=Fixed	NT=TMT6plex;AC=UNIMOD:737;PP=Peptide N-term;MT=Fixed	NT=Carbamidomethyl;AC=UNIMOD:4;TA=C;MT=Fixed	NT=Oxidation;AC=UNIMOD:35;TA=M;MT=Variable	NT=Trypsin;AC=MS:1001251	NT=Data-dependent acquisition;AC=PRIDE:0000627	NT=beam-type collision-induced dissociation;AC=MS:1000422	35 NCE	not available	not available	15	1	180525_P21478_Proj2_TMT4_CTX31-40_QE2_fraction12.raw	v1.1.0	NT=ms-proteomics;VV=v1.1.0	NT=vertebrates;VV=v1.1.0	NT=clinical-metadata;VV=v1.0.0	manual curation	non-transgenic	6 week
C6+RECd	Mus musculus	cerebral cortex	not applicable	tissue	normal	adult	female	B6C3F1	non-transgenic	6 week + recovery	4	180525_P21478_Proj2_TMT4_CTX31-40_QE2_fraction12-TMT130C	proteomic profiling by mass spectrometry	NT=Q Exactive;AC=MS:1001911	TMT130C	NT=TMT6plex;AC=UNIMOD:737;TA=K;MT=Fixed	NT=TMT6plex;AC=UNIMOD:737;PP=Peptide N-term;MT=Fixed	NT=Carbamidomethyl;AC=UNIMOD:4;TA=C;MT=Fixed	NT=Oxidation;AC=UNIMOD:35;TA=M;MT=Variable	NT=Trypsin;AC=MS:1001251	NT=Data-dependent acquisition;AC=PRIDE:0000627	NT=beam-type collision-induced dissociation;AC=MS:1000422	35 NCE	not available	not available	15	1	180525_P21478_Proj2_TMT4_CTX31-40_QE2_fraction12.raw	v1.1.0	NT=ms-proteomics;VV=v1.1.0	NT=vertebrates;VV=v1.1.0	NT=clinical-metadata;VV=v1.0.0	manual curation	non-transgenic	6 week + recovery
pooled_control_reference_TMT4_CTX31-40	Mus musculus	cerebral cortex	not applicable	tissue	normal	adult	female	B6C3F1	not applicable	not applicable	pooled	180525_P21478_Proj2_TMT4_CTX31-40_QE2_fraction12-TMT131	proteomic profiling by mass spectrometry	NT=Q Exactive;AC=MS:1001911	TMT131	NT=TMT6plex;AC=UNIMOD:737;TA=K;MT=Fixed	NT=TMT6plex;AC=UNIMOD:737;PP=Peptide N-term;MT=Fixed	NT=Carbamidomethyl;AC=UNIMOD:4;TA=C;MT=Fixed	NT=Oxidation;AC=UNIMOD:35;TA=M;MT=Variable	NT=Trypsin;AC=MS:1001251	NT=Data-dependent acquisition;AC=PRIDE:0000627	NT=beam-type collision-induced dissociation;AC=MS:1000422	35 NCE	not available	not available	15	1	180525_P21478_Proj2_TMT4_CTX31-40_QE2_fraction12.raw	v1.1.0	NT=ms-proteomics;VV=v1.1.0	NT=vertebrates;VV=v1.1.0	NT=clinical-metadata;VV=v1.0.0	manual curation	not applicable	not applicable
D1d	Mus musculus	cerebral cortex	not applicable	tissue	amyotrophic lateral sclerosis	adult	female	B6C3F1	rNLS8 (NEFH-tTA x tetO-hTDP-43-dNLS)	1 week	4	180525_P21478_Proj2_TMT4_CTX31-40_QE2_fraction13-TMT126	proteomic profiling by mass spectrometry	NT=Q Exactive;AC=MS:1001911	TMT126	NT=TMT6plex;AC=UNIMOD:737;TA=K;MT=Fixed	NT=TMT6plex;AC=UNIMOD:737;PP=Peptide N-term;MT=Fixed	NT=Carbamidomethyl;AC=UNIMOD:4;TA=C;MT=Fixed	NT=Oxidation;AC=UNIMOD:35;TA=M;MT=Variable	NT=Trypsin;AC=MS:1001251	NT=Data-dependent acquisition;AC=PRIDE:0000627	NT=beam-type collision-induced dissociation;AC=MS:1000422	35 NCE	not available	not available	16	1	180525_P21478_Proj2_TMT4_CTX31-40_QE2_fraction13.raw	v1.1.0	NT=ms-proteomics;VV=v1.1.0	NT=vertebrates;VV=v1.1.0	NT=clinical-metadata;VV=v1.0.0	manual curation	rNLS8 (NEFH-tTA x tetO-hTDP-43-dNLS)	1 week
D2d	Mus musculus	cerebral cortex	not applicable	tissue	amyotrophic lateral sclerosis	adult	female	B6C3F1	rNLS8 (NEFH-tTA x tetO-hTDP-43-dNLS)	2 week	4	180525_P21478_Proj2_TMT4_CTX31-40_QE2_fraction13-TMT127N	proteomic profiling by mass spectrometry	NT=Q Exactive;AC=MS:1001911	TMT127N	NT=TMT6plex;AC=UNIMOD:737;TA=K;MT=Fixed	NT=TMT6plex;AC=UNIMOD:737;PP=Peptide N-term;MT=Fixed	NT=Carbamidomethyl;AC=UNIMOD:4;TA=C;MT=Fixed	NT=Oxidation;AC=UNIMOD:35;TA=M;MT=Variable	NT=Trypsin;AC=MS:1001251	NT=Data-dependent acquisition;AC=PRIDE:0000627	NT=beam-type collision-induced dissociation;AC=MS:1000422	35 NCE	not available	not available	16	1	180525_P21478_Proj2_TMT4_CTX31-40_QE2_fraction13.raw	v1.1.0	NT=ms-proteomics;VV=v1.1.0	NT=vertebrates;VV=v1.1.0	NT=clinical-metadata;VV=v1.0.0	manual curation	rNLS8 (NEFH-tTA x tetO-hTDP-43-dNLS)	2 week
D4d	Mus musculus	cerebral cortex	not applicable	tissue	amyotrophic lateral sclerosis	adult	female	B6C3F1	rNLS8 (NEFH-tTA x tetO-hTDP-43-dNLS)	4 week	4	180525_P21478_Proj2_TMT4_CTX31-40_QE2_fraction13-TMT127C	proteomic profiling by mass spectrometry	NT=Q Exactive;AC=MS:1001911	TMT127C	NT=TMT6plex;AC=UNIMOD:737;TA=K;MT=Fixed	NT=TMT6plex;AC=UNIMOD:737;PP=Peptide N-term;MT=Fixed	NT=Carbamidomethyl;AC=UNIMOD:4;TA=C;MT=Fixed	NT=Oxidation;AC=UNIMOD:35;TA=M;MT=Variable	NT=Trypsin;AC=MS:1001251	NT=Data-dependent acquisition;AC=PRIDE:0000627	NT=beam-type collision-induced dissociation;AC=MS:1000422	35 NCE	not available	not available	16	1	180525_P21478_Proj2_TMT4_CTX31-40_QE2_fraction13.raw	v1.1.0	NT=ms-proteomics;VV=v1.1.0	NT=vertebrates;VV=v1.1.0	NT=clinical-metadata;VV=v1.0.0	manual curation	rNLS8 (NEFH-tTA x tetO-hTDP-43-dNLS)	4 week
D6d	Mus musculus	cerebral cortex	not applicable	tissue	amyotrophic lateral sclerosis	adult	female	B6C3F1	rNLS8 (NEFH-tTA x tetO-hTDP-43-dNLS)	6 week	4	180525_P21478_Proj2_TMT4_CTX31-40_QE2_fraction13-TMT128N	proteomic profiling by mass spectrometry	NT=Q Exactive;AC=MS:1001911	TMT128N	NT=TMT6plex;AC=UNIMOD:737;TA=K;MT=Fixed	NT=TMT6plex;AC=UNIMOD:737;PP=Peptide N-term;MT=Fixed	NT=Carbamidomethyl;AC=UNIMOD:4;TA=C;MT=Fixed	NT=Oxidation;AC=UNIMOD:35;TA=M;MT=Variable	NT=Trypsin;AC=MS:1001251	NT=Data-dependent acquisition;AC=PRIDE:0000627	NT=beam-type collision-induced dissociation;AC=MS:1000422	35 NCE	not available	not available	16	1	180525_P21478_Proj2_TMT4_CTX31-40_QE2_fraction13.raw	v1.1.0	NT=ms-proteomics;VV=v1.1.0	NT=vertebrates;VV=v1.1.0	NT=clinical-metadata;VV=v1.0.0	manual curation	rNLS8 (NEFH-tTA x tetO-hTDP-43-dNLS)	6 week
D6+RECd	Mus musculus	cerebral cortex	not applicable	tissue	amyotrophic lateral sclerosis	adult	female	B6C3F1	rNLS8 (NEFH-tTA x tetO-hTDP-43-dNLS)	6 week + recovery	4	180525_P21478_Proj2_TMT4_CTX31-40_QE2_fraction13-TMT128C	proteomic profiling by mass spectrometry	NT=Q Exactive;AC=MS:1001911	TMT128C	NT=TMT6plex;AC=UNIMOD:737;TA=K;MT=Fixed	NT=TMT6plex;AC=UNIMOD:737;PP=Peptide N-term;MT=Fixed	NT=Carbamidomethyl;AC=UNIMOD:4;TA=C;MT=Fixed	NT=Oxidation;AC=UNIMOD:35;TA=M;MT=Variable	NT=Trypsin;AC=MS:1001251	NT=Data-dependent acquisition;AC=PRIDE:0000627	NT=beam-type collision-induced dissociation;AC=MS:1000422	35 NCE	not available	not available	16	1	180525_P21478_Proj2_TMT4_CTX31-40_QE2_fraction13.raw	v1.1.0	NT=ms-proteomics;VV=v1.1.0	NT=vertebrates;VV=v1.1.0	NT=clinical-metadata;VV=v1.0.0	manual curation	rNLS8 (NEFH-tTA x tetO-hTDP-43-dNLS)	6 week + recovery
C1d	Mus musculus	cerebral cortex	not applicable	tissue	normal	adult	female	B6C3F1	NEFH-tTA	1 week	4	180525_P21478_Proj2_TMT4_CTX31-40_QE2_fraction13-TMT129N	proteomic profiling by mass spectrometry	NT=Q Exactive;AC=MS:1001911	TMT129N	NT=TMT6plex;AC=UNIMOD:737;TA=K;MT=Fixed	NT=TMT6plex;AC=UNIMOD:737;PP=Peptide N-term;MT=Fixed	NT=Carbamidomethyl;AC=UNIMOD:4;TA=C;MT=Fixed	NT=Oxidation;AC=UNIMOD:35;TA=M;MT=Variable	NT=Trypsin;AC=MS:1001251	NT=Data-dependent acquisition;AC=PRIDE:0000627	NT=beam-type collision-induced dissociation;AC=MS:1000422	35 NCE	not available	not available	16	1	180525_P21478_Proj2_TMT4_CTX31-40_QE2_fraction13.raw	v1.1.0	NT=ms-proteomics;VV=v1.1.0	NT=vertebrates;VV=v1.1.0	NT=clinical-metadata;VV=v1.0.0	manual curation	NEFH-tTA	1 week
C4d	Mus musculus	cerebral cortex	not applicable	tissue	normal	adult	female	B6C3F1	non-transgenic	4 week	4	180525_P21478_Proj2_TMT4_CTX31-40_QE2_fraction13-TMT129C	proteomic profiling by mass spectrometry	NT=Q Exactive;AC=MS:1001911	TMT129C	NT=TMT6plex;AC=UNIMOD:737;TA=K;MT=Fixed	NT=TMT6plex;AC=UNIMOD:737;PP=Peptide N-term;MT=Fixed	NT=Carbamidomethyl;AC=UNIMOD:4;TA=C;MT=Fixed	NT=Oxidation;AC=UNIMOD:35;TA=M;MT=Variable	NT=Trypsin;AC=MS:1001251	NT=Data-dependent acquisition;AC=PRIDE:0000627	NT=beam-type collision-induced dissociation;AC=MS:1000422	35 NCE	not available	not available	16	1	180525_P21478_Proj2_TMT4_CTX31-40_QE2_fraction13.raw	v1.1.0	NT=ms-proteomics;VV=v1.1.0	NT=vertebrates;VV=v1.1.0	NT=clinical-metadata;VV=v1.0.0	manual curation	non-transgenic	4 week
C6d	Mus musculus	cerebral cortex	not applicable	tissue	normal	adult	female	B6C3F1	non-transgenic	6 week	4	180525_P21478_Proj2_TMT4_CTX31-40_QE2_fraction13-TMT130N	proteomic profiling by mass spectrometry	NT=Q Exactive;AC=MS:1001911	TMT130N	NT=TMT6plex;AC=UNIMOD:737;TA=K;MT=Fixed	NT=TMT6plex;AC=UNIMOD:737;PP=Peptide N-term;MT=Fixed	NT=Carbamidomethyl;AC=UNIMOD:4;TA=C;MT=Fixed	NT=Oxidation;AC=UNIMOD:35;TA=M;MT=Variable	NT=Trypsin;AC=MS:1001251	NT=Data-dependent acquisition;AC=PRIDE:0000627	NT=beam-type collision-induced dissociation;AC=MS:1000422	35 NCE	not available	not available	16	1	180525_P21478_Proj2_TMT4_CTX31-40_QE2_fraction13.raw	v1.1.0	NT=ms-proteomics;VV=v1.1.0	NT=vertebrates;VV=v1.1.0	NT=clinical-metadata;VV=v1.0.0	manual curation	non-transgenic	6 week
C6+RECd	Mus musculus	cerebral cortex	not applicable	tissue	normal	adult	female	B6C3F1	non-transgenic	6 week + recovery	4	180525_P21478_Proj2_TMT4_CTX31-40_QE2_fraction13-TMT130C	proteomic profiling by mass spectrometry	NT=Q Exactive;AC=MS:1001911	TMT130C	NT=TMT6plex;AC=UNIMOD:737;TA=K;MT=Fixed	NT=TMT6plex;AC=UNIMOD:737;PP=Peptide N-term;MT=Fixed	NT=Carbamidomethyl;AC=UNIMOD:4;TA=C;MT=Fixed	NT=Oxidation;AC=UNIMOD:35;TA=M;MT=Variable	NT=Trypsin;AC=MS:1001251	NT=Data-dependent acquisition;AC=PRIDE:0000627	NT=beam-type collision-induced dissociation;AC=MS:1000422	35 NCE	not available	not available	16	1	180525_P21478_Proj2_TMT4_CTX31-40_QE2_fraction13.raw	v1.1.0	NT=ms-proteomics;VV=v1.1.0	NT=vertebrates;VV=v1.1.0	NT=clinical-metadata;VV=v1.0.0	manual curation	non-transgenic	6 week + recovery
pooled_control_reference_TMT4_CTX31-40	Mus musculus	cerebral cortex	not applicable	tissue	normal	adult	female	B6C3F1	not applicable	not applicable	pooled	180525_P21478_Proj2_TMT4_CTX31-40_QE2_fraction13-TMT131	proteomic profiling by mass spectrometry	NT=Q Exactive;AC=MS:1001911	TMT131	NT=TMT6plex;AC=UNIMOD:737;TA=K;MT=Fixed	NT=TMT6plex;AC=UNIMOD:737;PP=Peptide N-term;MT=Fixed	NT=Carbamidomethyl;AC=UNIMOD:4;TA=C;MT=Fixed	NT=Oxidation;AC=UNIMOD:35;TA=M;MT=Variable	NT=Trypsin;AC=MS:1001251	NT=Data-dependent acquisition;AC=PRIDE:0000627	NT=beam-type collision-induced dissociation;AC=MS:1000422	35 NCE	not available	not available	16	1	180525_P21478_Proj2_TMT4_CTX31-40_QE2_fraction13.raw	v1.1.0	NT=ms-proteomics;VV=v1.1.0	NT=vertebrates;VV=v1.1.0	NT=clinical-metadata;VV=v1.0.0	manual curation	not applicable	not applicable
D1d	Mus musculus	cerebral cortex	not applicable	tissue	amyotrophic lateral sclerosis	adult	female	B6C3F1	rNLS8 (NEFH-tTA x tetO-hTDP-43-dNLS)	1 week	4	180525_P21478_Proj2_TMT4_CTX31-40_QE2_fraction14-TMT126	proteomic profiling by mass spectrometry	NT=Q Exactive;AC=MS:1001911	TMT126	NT=TMT6plex;AC=UNIMOD:737;TA=K;MT=Fixed	NT=TMT6plex;AC=UNIMOD:737;PP=Peptide N-term;MT=Fixed	NT=Carbamidomethyl;AC=UNIMOD:4;TA=C;MT=Fixed	NT=Oxidation;AC=UNIMOD:35;TA=M;MT=Variable	NT=Trypsin;AC=MS:1001251	NT=Data-dependent acquisition;AC=PRIDE:0000627	NT=beam-type collision-induced dissociation;AC=MS:1000422	35 NCE	not available	not available	17	1	180525_P21478_Proj2_TMT4_CTX31-40_QE2_fraction14.raw	v1.1.0	NT=ms-proteomics;VV=v1.1.0	NT=vertebrates;VV=v1.1.0	NT=clinical-metadata;VV=v1.0.0	manual curation	rNLS8 (NEFH-tTA x tetO-hTDP-43-dNLS)	1 week
D2d	Mus musculus	cerebral cortex	not applicable	tissue	amyotrophic lateral sclerosis	adult	female	B6C3F1	rNLS8 (NEFH-tTA x tetO-hTDP-43-dNLS)	2 week	4	180525_P21478_Proj2_TMT4_CTX31-40_QE2_fraction14-TMT127N	proteomic profiling by mass spectrometry	NT=Q Exactive;AC=MS:1001911	TMT127N	NT=TMT6plex;AC=UNIMOD:737;TA=K;MT=Fixed	NT=TMT6plex;AC=UNIMOD:737;PP=Peptide N-term;MT=Fixed	NT=Carbamidomethyl;AC=UNIMOD:4;TA=C;MT=Fixed	NT=Oxidation;AC=UNIMOD:35;TA=M;MT=Variable	NT=Trypsin;AC=MS:1001251	NT=Data-dependent acquisition;AC=PRIDE:0000627	NT=beam-type collision-induced dissociation;AC=MS:1000422	35 NCE	not available	not available	17	1	180525_P21478_Proj2_TMT4_CTX31-40_QE2_fraction14.raw	v1.1.0	NT=ms-proteomics;VV=v1.1.0	NT=vertebrates;VV=v1.1.0	NT=clinical-metadata;VV=v1.0.0	manual curation	rNLS8 (NEFH-tTA x tetO-hTDP-43-dNLS)	2 week
D4d	Mus musculus	cerebral cortex	not applicable	tissue	amyotrophic lateral sclerosis	adult	female	B6C3F1	rNLS8 (NEFH-tTA x tetO-hTDP-43-dNLS)	4 week	4	180525_P21478_Proj2_TMT4_CTX31-40_QE2_fraction14-TMT127C	proteomic profiling by mass spectrometry	NT=Q Exactive;AC=MS:1001911	TMT127C	NT=TMT6plex;AC=UNIMOD:737;TA=K;MT=Fixed	NT=TMT6plex;AC=UNIMOD:737;PP=Peptide N-term;MT=Fixed	NT=Carbamidomethyl;AC=UNIMOD:4;TA=C;MT=Fixed	NT=Oxidation;AC=UNIMOD:35;TA=M;MT=Variable	NT=Trypsin;AC=MS:1001251	NT=Data-dependent acquisition;AC=PRIDE:0000627	NT=beam-type collision-induced dissociation;AC=MS:1000422	35 NCE	not available	not available	17	1	180525_P21478_Proj2_TMT4_CTX31-40_QE2_fraction14.raw	v1.1.0	NT=ms-proteomics;VV=v1.1.0	NT=vertebrates;VV=v1.1.0	NT=clinical-metadata;VV=v1.0.0	manual curation	rNLS8 (NEFH-tTA x tetO-hTDP-43-dNLS)	4 week
D6d	Mus musculus	cerebral cortex	not applicable	tissue	amyotrophic lateral sclerosis	adult	female	B6C3F1	rNLS8 (NEFH-tTA x tetO-hTDP-43-dNLS)	6 week	4	180525_P21478_Proj2_TMT4_CTX31-40_QE2_fraction14-TMT128N	proteomic profiling by mass spectrometry	NT=Q Exactive;AC=MS:1001911	TMT128N	NT=TMT6plex;AC=UNIMOD:737;TA=K;MT=Fixed	NT=TMT6plex;AC=UNIMOD:737;PP=Peptide N-term;MT=Fixed	NT=Carbamidomethyl;AC=UNIMOD:4;TA=C;MT=Fixed	NT=Oxidation;AC=UNIMOD:35;TA=M;MT=Variable	NT=Trypsin;AC=MS:1001251	NT=Data-dependent acquisition;AC=PRIDE:0000627	NT=beam-type collision-induced dissociation;AC=MS:1000422	35 NCE	not available	not available	17	1	180525_P21478_Proj2_TMT4_CTX31-40_QE2_fraction14.raw	v1.1.0	NT=ms-proteomics;VV=v1.1.0	NT=vertebrates;VV=v1.1.0	NT=clinical-metadata;VV=v1.0.0	manual curation	rNLS8 (NEFH-tTA x tetO-hTDP-43-dNLS)	6 week
D6+RECd	Mus musculus	cerebral cortex	not applicable	tissue	amyotrophic lateral sclerosis	adult	female	B6C3F1	rNLS8 (NEFH-tTA x tetO-hTDP-43-dNLS)	6 week + recovery	4	180525_P21478_Proj2_TMT4_CTX31-40_QE2_fraction14-TMT128C	proteomic profiling by mass spectrometry	NT=Q Exactive;AC=MS:1001911	TMT128C	NT=TMT6plex;AC=UNIMOD:737;TA=K;MT=Fixed	NT=TMT6plex;AC=UNIMOD:737;PP=Peptide N-term;MT=Fixed	NT=Carbamidomethyl;AC=UNIMOD:4;TA=C;MT=Fixed	NT=Oxidation;AC=UNIMOD:35;TA=M;MT=Variable	NT=Trypsin;AC=MS:1001251	NT=Data-dependent acquisition;AC=PRIDE:0000627	NT=beam-type collision-induced dissociation;AC=MS:1000422	35 NCE	not available	not available	17	1	180525_P21478_Proj2_TMT4_CTX31-40_QE2_fraction14.raw	v1.1.0	NT=ms-proteomics;VV=v1.1.0	NT=vertebrates;VV=v1.1.0	NT=clinical-metadata;VV=v1.0.0	manual curation	rNLS8 (NEFH-tTA x tetO-hTDP-43-dNLS)	6 week + recovery
C1d	Mus musculus	cerebral cortex	not applicable	tissue	normal	adult	female	B6C3F1	NEFH-tTA	1 week	4	180525_P21478_Proj2_TMT4_CTX31-40_QE2_fraction14-TMT129N	proteomic profiling by mass spectrometry	NT=Q Exactive;AC=MS:1001911	TMT129N	NT=TMT6plex;AC=UNIMOD:737;TA=K;MT=Fixed	NT=TMT6plex;AC=UNIMOD:737;PP=Peptide N-term;MT=Fixed	NT=Carbamidomethyl;AC=UNIMOD:4;TA=C;MT=Fixed	NT=Oxidation;AC=UNIMOD:35;TA=M;MT=Variable	NT=Trypsin;AC=MS:1001251	NT=Data-dependent acquisition;AC=PRIDE:0000627	NT=beam-type collision-induced dissociation;AC=MS:1000422	35 NCE	not available	not available	17	1	180525_P21478_Proj2_TMT4_CTX31-40_QE2_fraction14.raw	v1.1.0	NT=ms-proteomics;VV=v1.1.0	NT=vertebrates;VV=v1.1.0	NT=clinical-metadata;VV=v1.0.0	manual curation	NEFH-tTA	1 week
C4d	Mus musculus	cerebral cortex	not applicable	tissue	normal	adult	female	B6C3F1	non-transgenic	4 week	4	180525_P21478_Proj2_TMT4_CTX31-40_QE2_fraction14-TMT129C	proteomic profiling by mass spectrometry	NT=Q Exactive;AC=MS:1001911	TMT129C	NT=TMT6plex;AC=UNIMOD:737;TA=K;MT=Fixed	NT=TMT6plex;AC=UNIMOD:737;PP=Peptide N-term;MT=Fixed	NT=Carbamidomethyl;AC=UNIMOD:4;TA=C;MT=Fixed	NT=Oxidation;AC=UNIMOD:35;TA=M;MT=Variable	NT=Trypsin;AC=MS:1001251	NT=Data-dependent acquisition;AC=PRIDE:0000627	NT=beam-type collision-induced dissociation;AC=MS:1000422	35 NCE	not available	not available	17	1	180525_P21478_Proj2_TMT4_CTX31-40_QE2_fraction14.raw	v1.1.0	NT=ms-proteomics;VV=v1.1.0	NT=vertebrates;VV=v1.1.0	NT=clinical-metadata;VV=v1.0.0	manual curation	non-transgenic	4 week
C6d	Mus musculus	cerebral cortex	not applicable	tissue	normal	adult	female	B6C3F1	non-transgenic	6 week	4	180525_P21478_Proj2_TMT4_CTX31-40_QE2_fraction14-TMT130N	proteomic profiling by mass spectrometry	NT=Q Exactive;AC=MS:1001911	TMT130N	NT=TMT6plex;AC=UNIMOD:737;TA=K;MT=Fixed	NT=TMT6plex;AC=UNIMOD:737;PP=Peptide N-term;MT=Fixed	NT=Carbamidomethyl;AC=UNIMOD:4;TA=C;MT=Fixed	NT=Oxidation;AC=UNIMOD:35;TA=M;MT=Variable	NT=Trypsin;AC=MS:1001251	NT=Data-dependent acquisition;AC=PRIDE:0000627	NT=beam-type collision-induced dissociation;AC=MS:1000422	35 NCE	not available	not available	17	1	180525_P21478_Proj2_TMT4_CTX31-40_QE2_fraction14.raw	v1.1.0	NT=ms-proteomics;VV=v1.1.0	NT=vertebrates;VV=v1.1.0	NT=clinical-metadata;VV=v1.0.0	manual curation	non-transgenic	6 week
C6+RECd	Mus musculus	cerebral cortex	not applicable	tissue	normal	adult	female	B6C3F1	non-transgenic	6 week + recovery	4	180525_P21478_Proj2_TMT4_CTX31-40_QE2_fraction14-TMT130C	proteomic profiling by mass spectrometry	NT=Q Exactive;AC=MS:1001911	TMT130C	NT=TMT6plex;AC=UNIMOD:737;TA=K;MT=Fixed	NT=TMT6plex;AC=UNIMOD:737;PP=Peptide N-term;MT=Fixed	NT=Carbamidomethyl;AC=UNIMOD:4;TA=C;MT=Fixed	NT=Oxidation;AC=UNIMOD:35;TA=M;MT=Variable	NT=Trypsin;AC=MS:1001251	NT=Data-dependent acquisition;AC=PRIDE:0000627	NT=beam-type collision-induced dissociation;AC=MS:1000422	35 NCE	not available	not available	17	1	180525_P21478_Proj2_TMT4_CTX31-40_QE2_fraction14.raw	v1.1.0	NT=ms-proteomics;VV=v1.1.0	NT=vertebrates;VV=v1.1.0	NT=clinical-metadata;VV=v1.0.0	manual curation	non-transgenic	6 week + recovery
pooled_control_reference_TMT4_CTX31-40	Mus musculus	cerebral cortex	not applicable	tissue	normal	adult	female	B6C3F1	not applicable	not applicable	pooled	180525_P21478_Proj2_TMT4_CTX31-40_QE2_fraction14-TMT131	proteomic profiling by mass spectrometry	NT=Q Exactive;AC=MS:1001911	TMT131	NT=TMT6plex;AC=UNIMOD:737;TA=K;MT=Fixed	NT=TMT6plex;AC=UNIMOD:737;PP=Peptide N-term;MT=Fixed	NT=Carbamidomethyl;AC=UNIMOD:4;TA=C;MT=Fixed	NT=Oxidation;AC=UNIMOD:35;TA=M;MT=Variable	NT=Trypsin;AC=MS:1001251	NT=Data-dependent acquisition;AC=PRIDE:0000627	NT=beam-type collision-induced dissociation;AC=MS:1000422	35 NCE	not available	not available	17	1	180525_P21478_Proj2_TMT4_CTX31-40_QE2_fraction14.raw	v1.1.0	NT=ms-proteomics;VV=v1.1.0	NT=vertebrates;VV=v1.1.0	NT=clinical-metadata;VV=v1.0.0	manual curation	not applicable	not applicable
D1d	Mus musculus	cerebral cortex	not applicable	tissue	amyotrophic lateral sclerosis	adult	female	B6C3F1	rNLS8 (NEFH-tTA x tetO-hTDP-43-dNLS)	1 week	4	180525_P21478_Proj2_TMT4_CTX31-40_QE2_fraction2-TMT126	proteomic profiling by mass spectrometry	NT=Q Exactive;AC=MS:1001911	TMT126	NT=TMT6plex;AC=UNIMOD:737;TA=K;MT=Fixed	NT=TMT6plex;AC=UNIMOD:737;PP=Peptide N-term;MT=Fixed	NT=Carbamidomethyl;AC=UNIMOD:4;TA=C;MT=Fixed	NT=Oxidation;AC=UNIMOD:35;TA=M;MT=Variable	NT=Trypsin;AC=MS:1001251	NT=Data-dependent acquisition;AC=PRIDE:0000627	NT=beam-type collision-induced dissociation;AC=MS:1000422	35 NCE	not available	not available	5	1	180525_P21478_Proj2_TMT4_CTX31-40_QE2_fraction2.raw	v1.1.0	NT=ms-proteomics;VV=v1.1.0	NT=vertebrates;VV=v1.1.0	NT=clinical-metadata;VV=v1.0.0	manual curation	rNLS8 (NEFH-tTA x tetO-hTDP-43-dNLS)	1 week
D2d	Mus musculus	cerebral cortex	not applicable	tissue	amyotrophic lateral sclerosis	adult	female	B6C3F1	rNLS8 (NEFH-tTA x tetO-hTDP-43-dNLS)	2 week	4	180525_P21478_Proj2_TMT4_CTX31-40_QE2_fraction2-TMT127N	proteomic profiling by mass spectrometry	NT=Q Exactive;AC=MS:1001911	TMT127N	NT=TMT6plex;AC=UNIMOD:737;TA=K;MT=Fixed	NT=TMT6plex;AC=UNIMOD:737;PP=Peptide N-term;MT=Fixed	NT=Carbamidomethyl;AC=UNIMOD:4;TA=C;MT=Fixed	NT=Oxidation;AC=UNIMOD:35;TA=M;MT=Variable	NT=Trypsin;AC=MS:1001251	NT=Data-dependent acquisition;AC=PRIDE:0000627	NT=beam-type collision-induced dissociation;AC=MS:1000422	35 NCE	not available	not available	5	1	180525_P21478_Proj2_TMT4_CTX31-40_QE2_fraction2.raw	v1.1.0	NT=ms-proteomics;VV=v1.1.0	NT=vertebrates;VV=v1.1.0	NT=clinical-metadata;VV=v1.0.0	manual curation	rNLS8 (NEFH-tTA x tetO-hTDP-43-dNLS)	2 week
D4d	Mus musculus	cerebral cortex	not applicable	tissue	amyotrophic lateral sclerosis	adult	female	B6C3F1	rNLS8 (NEFH-tTA x tetO-hTDP-43-dNLS)	4 week	4	180525_P21478_Proj2_TMT4_CTX31-40_QE2_fraction2-TMT127C	proteomic profiling by mass spectrometry	NT=Q Exactive;AC=MS:1001911	TMT127C	NT=TMT6plex;AC=UNIMOD:737;TA=K;MT=Fixed	NT=TMT6plex;AC=UNIMOD:737;PP=Peptide N-term;MT=Fixed	NT=Carbamidomethyl;AC=UNIMOD:4;TA=C;MT=Fixed	NT=Oxidation;AC=UNIMOD:35;TA=M;MT=Variable	NT=Trypsin;AC=MS:1001251	NT=Data-dependent acquisition;AC=PRIDE:0000627	NT=beam-type collision-induced dissociation;AC=MS:1000422	35 NCE	not available	not available	5	1	180525_P21478_Proj2_TMT4_CTX31-40_QE2_fraction2.raw	v1.1.0	NT=ms-proteomics;VV=v1.1.0	NT=vertebrates;VV=v1.1.0	NT=clinical-metadata;VV=v1.0.0	manual curation	rNLS8 (NEFH-tTA x tetO-hTDP-43-dNLS)	4 week
D6d	Mus musculus	cerebral cortex	not applicable	tissue	amyotrophic lateral sclerosis	adult	female	B6C3F1	rNLS8 (NEFH-tTA x tetO-hTDP-43-dNLS)	6 week	4	180525_P21478_Proj2_TMT4_CTX31-40_QE2_fraction2-TMT128N	proteomic profiling by mass spectrometry	NT=Q Exactive;AC=MS:1001911	TMT128N	NT=TMT6plex;AC=UNIMOD:737;TA=K;MT=Fixed	NT=TMT6plex;AC=UNIMOD:737;PP=Peptide N-term;MT=Fixed	NT=Carbamidomethyl;AC=UNIMOD:4;TA=C;MT=Fixed	NT=Oxidation;AC=UNIMOD:35;TA=M;MT=Variable	NT=Trypsin;AC=MS:1001251	NT=Data-dependent acquisition;AC=PRIDE:0000627	NT=beam-type collision-induced dissociation;AC=MS:1000422	35 NCE	not available	not available	5	1	180525_P21478_Proj2_TMT4_CTX31-40_QE2_fraction2.raw	v1.1.0	NT=ms-proteomics;VV=v1.1.0	NT=vertebrates;VV=v1.1.0	NT=clinical-metadata;VV=v1.0.0	manual curation	rNLS8 (NEFH-tTA x tetO-hTDP-43-dNLS)	6 week
D6+RECd	Mus musculus	cerebral cortex	not applicable	tissue	amyotrophic lateral sclerosis	adult	female	B6C3F1	rNLS8 (NEFH-tTA x tetO-hTDP-43-dNLS)	6 week + recovery	4	180525_P21478_Proj2_TMT4_CTX31-40_QE2_fraction2-TMT128C	proteomic profiling by mass spectrometry	NT=Q Exactive;AC=MS:1001911	TMT128C	NT=TMT6plex;AC=UNIMOD:737;TA=K;MT=Fixed	NT=TMT6plex;AC=UNIMOD:737;PP=Peptide N-term;MT=Fixed	NT=Carbamidomethyl;AC=UNIMOD:4;TA=C;MT=Fixed	NT=Oxidation;AC=UNIMOD:35;TA=M;MT=Variable	NT=Trypsin;AC=MS:1001251	NT=Data-dependent acquisition;AC=PRIDE:0000627	NT=beam-type collision-induced dissociation;AC=MS:1000422	35 NCE	not available	not available	5	1	180525_P21478_Proj2_TMT4_CTX31-40_QE2_fraction2.raw	v1.1.0	NT=ms-proteomics;VV=v1.1.0	NT=vertebrates;VV=v1.1.0	NT=clinical-metadata;VV=v1.0.0	manual curation	rNLS8 (NEFH-tTA x tetO-hTDP-43-dNLS)	6 week + recovery
C1d	Mus musculus	cerebral cortex	not applicable	tissue	normal	adult	female	B6C3F1	NEFH-tTA	1 week	4	180525_P21478_Proj2_TMT4_CTX31-40_QE2_fraction2-TMT129N	proteomic profiling by mass spectrometry	NT=Q Exactive;AC=MS:1001911	TMT129N	NT=TMT6plex;AC=UNIMOD:737;TA=K;MT=Fixed	NT=TMT6plex;AC=UNIMOD:737;PP=Peptide N-term;MT=Fixed	NT=Carbamidomethyl;AC=UNIMOD:4;TA=C;MT=Fixed	NT=Oxidation;AC=UNIMOD:35;TA=M;MT=Variable	NT=Trypsin;AC=MS:1001251	NT=Data-dependent acquisition;AC=PRIDE:0000627	NT=beam-type collision-induced dissociation;AC=MS:1000422	35 NCE	not available	not available	5	1	180525_P21478_Proj2_TMT4_CTX31-40_QE2_fraction2.raw	v1.1.0	NT=ms-proteomics;VV=v1.1.0	NT=vertebrates;VV=v1.1.0	NT=clinical-metadata;VV=v1.0.0	manual curation	NEFH-tTA	1 week
C4d	Mus musculus	cerebral cortex	not applicable	tissue	normal	adult	female	B6C3F1	non-transgenic	4 week	4	180525_P21478_Proj2_TMT4_CTX31-40_QE2_fraction2-TMT129C	proteomic profiling by mass spectrometry	NT=Q Exactive;AC=MS:1001911	TMT129C	NT=TMT6plex;AC=UNIMOD:737;TA=K;MT=Fixed	NT=TMT6plex;AC=UNIMOD:737;PP=Peptide N-term;MT=Fixed	NT=Carbamidomethyl;AC=UNIMOD:4;TA=C;MT=Fixed	NT=Oxidation;AC=UNIMOD:35;TA=M;MT=Variable	NT=Trypsin;AC=MS:1001251	NT=Data-dependent acquisition;AC=PRIDE:0000627	NT=beam-type collision-induced dissociation;AC=MS:1000422	35 NCE	not available	not available	5	1	180525_P21478_Proj2_TMT4_CTX31-40_QE2_fraction2.raw	v1.1.0	NT=ms-proteomics;VV=v1.1.0	NT=vertebrates;VV=v1.1.0	NT=clinical-metadata;VV=v1.0.0	manual curation	non-transgenic	4 week
C6d	Mus musculus	cerebral cortex	not applicable	tissue	normal	adult	female	B6C3F1	non-transgenic	6 week	4	180525_P21478_Proj2_TMT4_CTX31-40_QE2_fraction2-TMT130N	proteomic profiling by mass spectrometry	NT=Q Exactive;AC=MS:1001911	TMT130N	NT=TMT6plex;AC=UNIMOD:737;TA=K;MT=Fixed	NT=TMT6plex;AC=UNIMOD:737;PP=Peptide N-term;MT=Fixed	NT=Carbamidomethyl;AC=UNIMOD:4;TA=C;MT=Fixed	NT=Oxidation;AC=UNIMOD:35;TA=M;MT=Variable	NT=Trypsin;AC=MS:1001251	NT=Data-dependent acquisition;AC=PRIDE:0000627	NT=beam-type collision-induced dissociation;AC=MS:1000422	35 NCE	not available	not available	5	1	180525_P21478_Proj2_TMT4_CTX31-40_QE2_fraction2.raw	v1.1.0	NT=ms-proteomics;VV=v1.1.0	NT=vertebrates;VV=v1.1.0	NT=clinical-metadata;VV=v1.0.0	manual curation	non-transgenic	6 week
C6+RECd	Mus musculus	cerebral cortex	not applicable	tissue	normal	adult	female	B6C3F1	non-transgenic	6 week + recovery	4	180525_P21478_Proj2_TMT4_CTX31-40_QE2_fraction2-TMT130C	proteomic profiling by mass spectrometry	NT=Q Exactive;AC=MS:1001911	TMT130C	NT=TMT6plex;AC=UNIMOD:737;TA=K;MT=Fixed	NT=TMT6plex;AC=UNIMOD:737;PP=Peptide N-term;MT=Fixed	NT=Carbamidomethyl;AC=UNIMOD:4;TA=C;MT=Fixed	NT=Oxidation;AC=UNIMOD:35;TA=M;MT=Variable	NT=Trypsin;AC=MS:1001251	NT=Data-dependent acquisition;AC=PRIDE:0000627	NT=beam-type collision-induced dissociation;AC=MS:1000422	35 NCE	not available	not available	5	1	180525_P21478_Proj2_TMT4_CTX31-40_QE2_fraction2.raw	v1.1.0	NT=ms-proteomics;VV=v1.1.0	NT=vertebrates;VV=v1.1.0	NT=clinical-metadata;VV=v1.0.0	manual curation	non-transgenic	6 week + recovery
pooled_control_reference_TMT4_CTX31-40	Mus musculus	cerebral cortex	not applicable	tissue	normal	adult	female	B6C3F1	not applicable	not applicable	pooled	180525_P21478_Proj2_TMT4_CTX31-40_QE2_fraction2-TMT131	proteomic profiling by mass spectrometry	NT=Q Exactive;AC=MS:1001911	TMT131	NT=TMT6plex;AC=UNIMOD:737;TA=K;MT=Fixed	NT=TMT6plex;AC=UNIMOD:737;PP=Peptide N-term;MT=Fixed	NT=Carbamidomethyl;AC=UNIMOD:4;TA=C;MT=Fixed	NT=Oxidation;AC=UNIMOD:35;TA=M;MT=Variable	NT=Trypsin;AC=MS:1001251	NT=Data-dependent acquisition;AC=PRIDE:0000627	NT=beam-type collision-induced dissociation;AC=MS:1000422	35 NCE	not available	not available	5	1	180525_P21478_Proj2_TMT4_CTX31-40_QE2_fraction2.raw	v1.1.0	NT=ms-proteomics;VV=v1.1.0	NT=vertebrates;VV=v1.1.0	NT=clinical-metadata;VV=v1.0.0	manual curation	not applicable	not applicable
D1d	Mus musculus	cerebral cortex	not applicable	tissue	amyotrophic lateral sclerosis	adult	female	B6C3F1	rNLS8 (NEFH-tTA x tetO-hTDP-43-dNLS)	1 week	4	180525_P21478_Proj2_TMT4_CTX31-40_QE2_fraction3-TMT126	proteomic profiling by mass spectrometry	NT=Q Exactive;AC=MS:1001911	TMT126	NT=TMT6plex;AC=UNIMOD:737;TA=K;MT=Fixed	NT=TMT6plex;AC=UNIMOD:737;PP=Peptide N-term;MT=Fixed	NT=Carbamidomethyl;AC=UNIMOD:4;TA=C;MT=Fixed	NT=Oxidation;AC=UNIMOD:35;TA=M;MT=Variable	NT=Trypsin;AC=MS:1001251	NT=Data-dependent acquisition;AC=PRIDE:0000627	NT=beam-type collision-induced dissociation;AC=MS:1000422	35 NCE	not available	not available	6	1	180525_P21478_Proj2_TMT4_CTX31-40_QE2_fraction3.raw	v1.1.0	NT=ms-proteomics;VV=v1.1.0	NT=vertebrates;VV=v1.1.0	NT=clinical-metadata;VV=v1.0.0	manual curation	rNLS8 (NEFH-tTA x tetO-hTDP-43-dNLS)	1 week
D2d	Mus musculus	cerebral cortex	not applicable	tissue	amyotrophic lateral sclerosis	adult	female	B6C3F1	rNLS8 (NEFH-tTA x tetO-hTDP-43-dNLS)	2 week	4	180525_P21478_Proj2_TMT4_CTX31-40_QE2_fraction3-TMT127N	proteomic profiling by mass spectrometry	NT=Q Exactive;AC=MS:1001911	TMT127N	NT=TMT6plex;AC=UNIMOD:737;TA=K;MT=Fixed	NT=TMT6plex;AC=UNIMOD:737;PP=Peptide N-term;MT=Fixed	NT=Carbamidomethyl;AC=UNIMOD:4;TA=C;MT=Fixed	NT=Oxidation;AC=UNIMOD:35;TA=M;MT=Variable	NT=Trypsin;AC=MS:1001251	NT=Data-dependent acquisition;AC=PRIDE:0000627	NT=beam-type collision-induced dissociation;AC=MS:1000422	35 NCE	not available	not available	6	1	180525_P21478_Proj2_TMT4_CTX31-40_QE2_fraction3.raw	v1.1.0	NT=ms-proteomics;VV=v1.1.0	NT=vertebrates;VV=v1.1.0	NT=clinical-metadata;VV=v1.0.0	manual curation	rNLS8 (NEFH-tTA x tetO-hTDP-43-dNLS)	2 week
D4d	Mus musculus	cerebral cortex	not applicable	tissue	amyotrophic lateral sclerosis	adult	female	B6C3F1	rNLS8 (NEFH-tTA x tetO-hTDP-43-dNLS)	4 week	4	180525_P21478_Proj2_TMT4_CTX31-40_QE2_fraction3-TMT127C	proteomic profiling by mass spectrometry	NT=Q Exactive;AC=MS:1001911	TMT127C	NT=TMT6plex;AC=UNIMOD:737;TA=K;MT=Fixed	NT=TMT6plex;AC=UNIMOD:737;PP=Peptide N-term;MT=Fixed	NT=Carbamidomethyl;AC=UNIMOD:4;TA=C;MT=Fixed	NT=Oxidation;AC=UNIMOD:35;TA=M;MT=Variable	NT=Trypsin;AC=MS:1001251	NT=Data-dependent acquisition;AC=PRIDE:0000627	NT=beam-type collision-induced dissociation;AC=MS:1000422	35 NCE	not available	not available	6	1	180525_P21478_Proj2_TMT4_CTX31-40_QE2_fraction3.raw	v1.1.0	NT=ms-proteomics;VV=v1.1.0	NT=vertebrates;VV=v1.1.0	NT=clinical-metadata;VV=v1.0.0	manual curation	rNLS8 (NEFH-tTA x tetO-hTDP-43-dNLS)	4 week
D6d	Mus musculus	cerebral cortex	not applicable	tissue	amyotrophic lateral sclerosis	adult	female	B6C3F1	rNLS8 (NEFH-tTA x tetO-hTDP-43-dNLS)	6 week	4	180525_P21478_Proj2_TMT4_CTX31-40_QE2_fraction3-TMT128N	proteomic profiling by mass spectrometry	NT=Q Exactive;AC=MS:1001911	TMT128N	NT=TMT6plex;AC=UNIMOD:737;TA=K;MT=Fixed	NT=TMT6plex;AC=UNIMOD:737;PP=Peptide N-term;MT=Fixed	NT=Carbamidomethyl;AC=UNIMOD:4;TA=C;MT=Fixed	NT=Oxidation;AC=UNIMOD:35;TA=M;MT=Variable	NT=Trypsin;AC=MS:1001251	NT=Data-dependent acquisition;AC=PRIDE:0000627	NT=beam-type collision-induced dissociation;AC=MS:1000422	35 NCE	not available	not available	6	1	180525_P21478_Proj2_TMT4_CTX31-40_QE2_fraction3.raw	v1.1.0	NT=ms-proteomics;VV=v1.1.0	NT=vertebrates;VV=v1.1.0	NT=clinical-metadata;VV=v1.0.0	manual curation	rNLS8 (NEFH-tTA x tetO-hTDP-43-dNLS)	6 week
D6+RECd	Mus musculus	cerebral cortex	not applicable	tissue	amyotrophic lateral sclerosis	adult	female	B6C3F1	rNLS8 (NEFH-tTA x tetO-hTDP-43-dNLS)	6 week + recovery	4	180525_P21478_Proj2_TMT4_CTX31-40_QE2_fraction3-TMT128C	proteomic profiling by mass spectrometry	NT=Q Exactive;AC=MS:1001911	TMT128C	NT=TMT6plex;AC=UNIMOD:737;TA=K;MT=Fixed	NT=TMT6plex;AC=UNIMOD:737;PP=Peptide N-term;MT=Fixed	NT=Carbamidomethyl;AC=UNIMOD:4;TA=C;MT=Fixed	NT=Oxidation;AC=UNIMOD:35;TA=M;MT=Variable	NT=Trypsin;AC=MS:1001251	NT=Data-dependent acquisition;AC=PRIDE:0000627	NT=beam-type collision-induced dissociation;AC=MS:1000422	35 NCE	not available	not available	6	1	180525_P21478_Proj2_TMT4_CTX31-40_QE2_fraction3.raw	v1.1.0	NT=ms-proteomics;VV=v1.1.0	NT=vertebrates;VV=v1.1.0	NT=clinical-metadata;VV=v1.0.0	manual curation	rNLS8 (NEFH-tTA x tetO-hTDP-43-dNLS)	6 week + recovery
C1d	Mus musculus	cerebral cortex	not applicable	tissue	normal	adult	female	B6C3F1	NEFH-tTA	1 week	4	180525_P21478_Proj2_TMT4_CTX31-40_QE2_fraction3-TMT129N	proteomic profiling by mass spectrometry	NT=Q Exactive;AC=MS:1001911	TMT129N	NT=TMT6plex;AC=UNIMOD:737;TA=K;MT=Fixed	NT=TMT6plex;AC=UNIMOD:737;PP=Peptide N-term;MT=Fixed	NT=Carbamidomethyl;AC=UNIMOD:4;TA=C;MT=Fixed	NT=Oxidation;AC=UNIMOD:35;TA=M;MT=Variable	NT=Trypsin;AC=MS:1001251	NT=Data-dependent acquisition;AC=PRIDE:0000627	NT=beam-type collision-induced dissociation;AC=MS:1000422	35 NCE	not available	not available	6	1	180525_P21478_Proj2_TMT4_CTX31-40_QE2_fraction3.raw	v1.1.0	NT=ms-proteomics;VV=v1.1.0	NT=vertebrates;VV=v1.1.0	NT=clinical-metadata;VV=v1.0.0	manual curation	NEFH-tTA	1 week
C4d	Mus musculus	cerebral cortex	not applicable	tissue	normal	adult	female	B6C3F1	non-transgenic	4 week	4	180525_P21478_Proj2_TMT4_CTX31-40_QE2_fraction3-TMT129C	proteomic profiling by mass spectrometry	NT=Q Exactive;AC=MS:1001911	TMT129C	NT=TMT6plex;AC=UNIMOD:737;TA=K;MT=Fixed	NT=TMT6plex;AC=UNIMOD:737;PP=Peptide N-term;MT=Fixed	NT=Carbamidomethyl;AC=UNIMOD:4;TA=C;MT=Fixed	NT=Oxidation;AC=UNIMOD:35;TA=M;MT=Variable	NT=Trypsin;AC=MS:1001251	NT=Data-dependent acquisition;AC=PRIDE:0000627	NT=beam-type collision-induced dissociation;AC=MS:1000422	35 NCE	not available	not available	6	1	180525_P21478_Proj2_TMT4_CTX31-40_QE2_fraction3.raw	v1.1.0	NT=ms-proteomics;VV=v1.1.0	NT=vertebrates;VV=v1.1.0	NT=clinical-metadata;VV=v1.0.0	manual curation	non-transgenic	4 week
C6d	Mus musculus	cerebral cortex	not applicable	tissue	normal	adult	female	B6C3F1	non-transgenic	6 week	4	180525_P21478_Proj2_TMT4_CTX31-40_QE2_fraction3-TMT130N	proteomic profiling by mass spectrometry	NT=Q Exactive;AC=MS:1001911	TMT130N	NT=TMT6plex;AC=UNIMOD:737;TA=K;MT=Fixed	NT=TMT6plex;AC=UNIMOD:737;PP=Peptide N-term;MT=Fixed	NT=Carbamidomethyl;AC=UNIMOD:4;TA=C;MT=Fixed	NT=Oxidation;AC=UNIMOD:35;TA=M;MT=Variable	NT=Trypsin;AC=MS:1001251	NT=Data-dependent acquisition;AC=PRIDE:0000627	NT=beam-type collision-induced dissociation;AC=MS:1000422	35 NCE	not available	not available	6	1	180525_P21478_Proj2_TMT4_CTX31-40_QE2_fraction3.raw	v1.1.0	NT=ms-proteomics;VV=v1.1.0	NT=vertebrates;VV=v1.1.0	NT=clinical-metadata;VV=v1.0.0	manual curation	non-transgenic	6 week
C6+RECd	Mus musculus	cerebral cortex	not applicable	tissue	normal	adult	female	B6C3F1	non-transgenic	6 week + recovery	4	180525_P21478_Proj2_TMT4_CTX31-40_QE2_fraction3-TMT130C	proteomic profiling by mass spectrometry	NT=Q Exactive;AC=MS:1001911	TMT130C	NT=TMT6plex;AC=UNIMOD:737;TA=K;MT=Fixed	NT=TMT6plex;AC=UNIMOD:737;PP=Peptide N-term;MT=Fixed	NT=Carbamidomethyl;AC=UNIMOD:4;TA=C;MT=Fixed	NT=Oxidation;AC=UNIMOD:35;TA=M;MT=Variable	NT=Trypsin;AC=MS:1001251	NT=Data-dependent acquisition;AC=PRIDE:0000627	NT=beam-type collision-induced dissociation;AC=MS:1000422	35 NCE	not available	not available	6	1	180525_P21478_Proj2_TMT4_CTX31-40_QE2_fraction3.raw	v1.1.0	NT=ms-proteomics;VV=v1.1.0	NT=vertebrates;VV=v1.1.0	NT=clinical-metadata;VV=v1.0.0	manual curation	non-transgenic	6 week + recovery
pooled_control_reference_TMT4_CTX31-40	Mus musculus	cerebral cortex	not applicable	tissue	normal	adult	female	B6C3F1	not applicable	not applicable	pooled	180525_P21478_Proj2_TMT4_CTX31-40_QE2_fraction3-TMT131	proteomic profiling by mass spectrometry	NT=Q Exactive;AC=MS:1001911	TMT131	NT=TMT6plex;AC=UNIMOD:737;TA=K;MT=Fixed	NT=TMT6plex;AC=UNIMOD:737;PP=Peptide N-term;MT=Fixed	NT=Carbamidomethyl;AC=UNIMOD:4;TA=C;MT=Fixed	NT=Oxidation;AC=UNIMOD:35;TA=M;MT=Variable	NT=Trypsin;AC=MS:1001251	NT=Data-dependent acquisition;AC=PRIDE:0000627	NT=beam-type collision-induced dissociation;AC=MS:1000422	35 NCE	not available	not available	6	1	180525_P21478_Proj2_TMT4_CTX31-40_QE2_fraction3.raw	v1.1.0	NT=ms-proteomics;VV=v1.1.0	NT=vertebrates;VV=v1.1.0	NT=clinical-metadata;VV=v1.0.0	manual curation	not applicable	not applicable
D1d	Mus musculus	cerebral cortex	not applicable	tissue	amyotrophic lateral sclerosis	adult	female	B6C3F1	rNLS8 (NEFH-tTA x tetO-hTDP-43-dNLS)	1 week	4	180525_P21478_Proj2_TMT4_CTX31-40_QE2_fraction4-TMT126	proteomic profiling by mass spectrometry	NT=Q Exactive;AC=MS:1001911	TMT126	NT=TMT6plex;AC=UNIMOD:737;TA=K;MT=Fixed	NT=TMT6plex;AC=UNIMOD:737;PP=Peptide N-term;MT=Fixed	NT=Carbamidomethyl;AC=UNIMOD:4;TA=C;MT=Fixed	NT=Oxidation;AC=UNIMOD:35;TA=M;MT=Variable	NT=Trypsin;AC=MS:1001251	NT=Data-dependent acquisition;AC=PRIDE:0000627	NT=beam-type collision-induced dissociation;AC=MS:1000422	35 NCE	not available	not available	7	1	180525_P21478_Proj2_TMT4_CTX31-40_QE2_fraction4.raw	v1.1.0	NT=ms-proteomics;VV=v1.1.0	NT=vertebrates;VV=v1.1.0	NT=clinical-metadata;VV=v1.0.0	manual curation	rNLS8 (NEFH-tTA x tetO-hTDP-43-dNLS)	1 week
D2d	Mus musculus	cerebral cortex	not applicable	tissue	amyotrophic lateral sclerosis	adult	female	B6C3F1	rNLS8 (NEFH-tTA x tetO-hTDP-43-dNLS)	2 week	4	180525_P21478_Proj2_TMT4_CTX31-40_QE2_fraction4-TMT127N	proteomic profiling by mass spectrometry	NT=Q Exactive;AC=MS:1001911	TMT127N	NT=TMT6plex;AC=UNIMOD:737;TA=K;MT=Fixed	NT=TMT6plex;AC=UNIMOD:737;PP=Peptide N-term;MT=Fixed	NT=Carbamidomethyl;AC=UNIMOD:4;TA=C;MT=Fixed	NT=Oxidation;AC=UNIMOD:35;TA=M;MT=Variable	NT=Trypsin;AC=MS:1001251	NT=Data-dependent acquisition;AC=PRIDE:0000627	NT=beam-type collision-induced dissociation;AC=MS:1000422	35 NCE	not available	not available	7	1	180525_P21478_Proj2_TMT4_CTX31-40_QE2_fraction4.raw	v1.1.0	NT=ms-proteomics;VV=v1.1.0	NT=vertebrates;VV=v1.1.0	NT=clinical-metadata;VV=v1.0.0	manual curation	rNLS8 (NEFH-tTA x tetO-hTDP-43-dNLS)	2 week
D4d	Mus musculus	cerebral cortex	not applicable	tissue	amyotrophic lateral sclerosis	adult	female	B6C3F1	rNLS8 (NEFH-tTA x tetO-hTDP-43-dNLS)	4 week	4	180525_P21478_Proj2_TMT4_CTX31-40_QE2_fraction4-TMT127C	proteomic profiling by mass spectrometry	NT=Q Exactive;AC=MS:1001911	TMT127C	NT=TMT6plex;AC=UNIMOD:737;TA=K;MT=Fixed	NT=TMT6plex;AC=UNIMOD:737;PP=Peptide N-term;MT=Fixed	NT=Carbamidomethyl;AC=UNIMOD:4;TA=C;MT=Fixed	NT=Oxidation;AC=UNIMOD:35;TA=M;MT=Variable	NT=Trypsin;AC=MS:1001251	NT=Data-dependent acquisition;AC=PRIDE:0000627	NT=beam-type collision-induced dissociation;AC=MS:1000422	35 NCE	not available	not available	7	1	180525_P21478_Proj2_TMT4_CTX31-40_QE2_fraction4.raw	v1.1.0	NT=ms-proteomics;VV=v1.1.0	NT=vertebrates;VV=v1.1.0	NT=clinical-metadata;VV=v1.0.0	manual curation	rNLS8 (NEFH-tTA x tetO-hTDP-43-dNLS)	4 week
D6d	Mus musculus	cerebral cortex	not applicable	tissue	amyotrophic lateral sclerosis	adult	female	B6C3F1	rNLS8 (NEFH-tTA x tetO-hTDP-43-dNLS)	6 week	4	180525_P21478_Proj2_TMT4_CTX31-40_QE2_fraction4-TMT128N	proteomic profiling by mass spectrometry	NT=Q Exactive;AC=MS:1001911	TMT128N	NT=TMT6plex;AC=UNIMOD:737;TA=K;MT=Fixed	NT=TMT6plex;AC=UNIMOD:737;PP=Peptide N-term;MT=Fixed	NT=Carbamidomethyl;AC=UNIMOD:4;TA=C;MT=Fixed	NT=Oxidation;AC=UNIMOD:35;TA=M;MT=Variable	NT=Trypsin;AC=MS:1001251	NT=Data-dependent acquisition;AC=PRIDE:0000627	NT=beam-type collision-induced dissociation;AC=MS:1000422	35 NCE	not available	not available	7	1	180525_P21478_Proj2_TMT4_CTX31-40_QE2_fraction4.raw	v1.1.0	NT=ms-proteomics;VV=v1.1.0	NT=vertebrates;VV=v1.1.0	NT=clinical-metadata;VV=v1.0.0	manual curation	rNLS8 (NEFH-tTA x tetO-hTDP-43-dNLS)	6 week
D6+RECd	Mus musculus	cerebral cortex	not applicable	tissue	amyotrophic lateral sclerosis	adult	female	B6C3F1	rNLS8 (NEFH-tTA x tetO-hTDP-43-dNLS)	6 week + recovery	4	180525_P21478_Proj2_TMT4_CTX31-40_QE2_fraction4-TMT128C	proteomic profiling by mass spectrometry	NT=Q Exactive;AC=MS:1001911	TMT128C	NT=TMT6plex;AC=UNIMOD:737;TA=K;MT=Fixed	NT=TMT6plex;AC=UNIMOD:737;PP=Peptide N-term;MT=Fixed	NT=Carbamidomethyl;AC=UNIMOD:4;TA=C;MT=Fixed	NT=Oxidation;AC=UNIMOD:35;TA=M;MT=Variable	NT=Trypsin;AC=MS:1001251	NT=Data-dependent acquisition;AC=PRIDE:0000627	NT=beam-type collision-induced dissociation;AC=MS:1000422	35 NCE	not available	not available	7	1	180525_P21478_Proj2_TMT4_CTX31-40_QE2_fraction4.raw	v1.1.0	NT=ms-proteomics;VV=v1.1.0	NT=vertebrates;VV=v1.1.0	NT=clinical-metadata;VV=v1.0.0	manual curation	rNLS8 (NEFH-tTA x tetO-hTDP-43-dNLS)	6 week + recovery
C1d	Mus musculus	cerebral cortex	not applicable	tissue	normal	adult	female	B6C3F1	NEFH-tTA	1 week	4	180525_P21478_Proj2_TMT4_CTX31-40_QE2_fraction4-TMT129N	proteomic profiling by mass spectrometry	NT=Q Exactive;AC=MS:1001911	TMT129N	NT=TMT6plex;AC=UNIMOD:737;TA=K;MT=Fixed	NT=TMT6plex;AC=UNIMOD:737;PP=Peptide N-term;MT=Fixed	NT=Carbamidomethyl;AC=UNIMOD:4;TA=C;MT=Fixed	NT=Oxidation;AC=UNIMOD:35;TA=M;MT=Variable	NT=Trypsin;AC=MS:1001251	NT=Data-dependent acquisition;AC=PRIDE:0000627	NT=beam-type collision-induced dissociation;AC=MS:1000422	35 NCE	not available	not available	7	1	180525_P21478_Proj2_TMT4_CTX31-40_QE2_fraction4.raw	v1.1.0	NT=ms-proteomics;VV=v1.1.0	NT=vertebrates;VV=v1.1.0	NT=clinical-metadata;VV=v1.0.0	manual curation	NEFH-tTA	1 week
C4d	Mus musculus	cerebral cortex	not applicable	tissue	normal	adult	female	B6C3F1	non-transgenic	4 week	4	180525_P21478_Proj2_TMT4_CTX31-40_QE2_fraction4-TMT129C	proteomic profiling by mass spectrometry	NT=Q Exactive;AC=MS:1001911	TMT129C	NT=TMT6plex;AC=UNIMOD:737;TA=K;MT=Fixed	NT=TMT6plex;AC=UNIMOD:737;PP=Peptide N-term;MT=Fixed	NT=Carbamidomethyl;AC=UNIMOD:4;TA=C;MT=Fixed	NT=Oxidation;AC=UNIMOD:35;TA=M;MT=Variable	NT=Trypsin;AC=MS:1001251	NT=Data-dependent acquisition;AC=PRIDE:0000627	NT=beam-type collision-induced dissociation;AC=MS:1000422	35 NCE	not available	not available	7	1	180525_P21478_Proj2_TMT4_CTX31-40_QE2_fraction4.raw	v1.1.0	NT=ms-proteomics;VV=v1.1.0	NT=vertebrates;VV=v1.1.0	NT=clinical-metadata;VV=v1.0.0	manual curation	non-transgenic	4 week
C6d	Mus musculus	cerebral cortex	not applicable	tissue	normal	adult	female	B6C3F1	non-transgenic	6 week	4	180525_P21478_Proj2_TMT4_CTX31-40_QE2_fraction4-TMT130N	proteomic profiling by mass spectrometry	NT=Q Exactive;AC=MS:1001911	TMT130N	NT=TMT6plex;AC=UNIMOD:737;TA=K;MT=Fixed	NT=TMT6plex;AC=UNIMOD:737;PP=Peptide N-term;MT=Fixed	NT=Carbamidomethyl;AC=UNIMOD:4;TA=C;MT=Fixed	NT=Oxidation;AC=UNIMOD:35;TA=M;MT=Variable	NT=Trypsin;AC=MS:1001251	NT=Data-dependent acquisition;AC=PRIDE:0000627	NT=beam-type collision-induced dissociation;AC=MS:1000422	35 NCE	not available	not available	7	1	180525_P21478_Proj2_TMT4_CTX31-40_QE2_fraction4.raw	v1.1.0	NT=ms-proteomics;VV=v1.1.0	NT=vertebrates;VV=v1.1.0	NT=clinical-metadata;VV=v1.0.0	manual curation	non-transgenic	6 week
C6+RECd	Mus musculus	cerebral cortex	not applicable	tissue	normal	adult	female	B6C3F1	non-transgenic	6 week + recovery	4	180525_P21478_Proj2_TMT4_CTX31-40_QE2_fraction4-TMT130C	proteomic profiling by mass spectrometry	NT=Q Exactive;AC=MS:1001911	TMT130C	NT=TMT6plex;AC=UNIMOD:737;TA=K;MT=Fixed	NT=TMT6plex;AC=UNIMOD:737;PP=Peptide N-term;MT=Fixed	NT=Carbamidomethyl;AC=UNIMOD:4;TA=C;MT=Fixed	NT=Oxidation;AC=UNIMOD:35;TA=M;MT=Variable	NT=Trypsin;AC=MS:1001251	NT=Data-dependent acquisition;AC=PRIDE:0000627	NT=beam-type collision-induced dissociation;AC=MS:1000422	35 NCE	not available	not available	7	1	180525_P21478_Proj2_TMT4_CTX31-40_QE2_fraction4.raw	v1.1.0	NT=ms-proteomics;VV=v1.1.0	NT=vertebrates;VV=v1.1.0	NT=clinical-metadata;VV=v1.0.0	manual curation	non-transgenic	6 week + recovery
pooled_control_reference_TMT4_CTX31-40	Mus musculus	cerebral cortex	not applicable	tissue	normal	adult	female	B6C3F1	not applicable	not applicable	pooled	180525_P21478_Proj2_TMT4_CTX31-40_QE2_fraction4-TMT131	proteomic profiling by mass spectrometry	NT=Q Exactive;AC=MS:1001911	TMT131	NT=TMT6plex;AC=UNIMOD:737;TA=K;MT=Fixed	NT=TMT6plex;AC=UNIMOD:737;PP=Peptide N-term;MT=Fixed	NT=Carbamidomethyl;AC=UNIMOD:4;TA=C;MT=Fixed	NT=Oxidation;AC=UNIMOD:35;TA=M;MT=Variable	NT=Trypsin;AC=MS:1001251	NT=Data-dependent acquisition;AC=PRIDE:0000627	NT=beam-type collision-induced dissociation;AC=MS:1000422	35 NCE	not available	not available	7	1	180525_P21478_Proj2_TMT4_CTX31-40_QE2_fraction4.raw	v1.1.0	NT=ms-proteomics;VV=v1.1.0	NT=vertebrates;VV=v1.1.0	NT=clinical-metadata;VV=v1.0.0	manual curation	not applicable	not applicable
D1d	Mus musculus	cerebral cortex	not applicable	tissue	amyotrophic lateral sclerosis	adult	female	B6C3F1	rNLS8 (NEFH-tTA x tetO-hTDP-43-dNLS)	1 week	4	180525_P21478_Proj2_TMT4_CTX31-40_QE2_fraction5-TMT126	proteomic profiling by mass spectrometry	NT=Q Exactive;AC=MS:1001911	TMT126	NT=TMT6plex;AC=UNIMOD:737;TA=K;MT=Fixed	NT=TMT6plex;AC=UNIMOD:737;PP=Peptide N-term;MT=Fixed	NT=Carbamidomethyl;AC=UNIMOD:4;TA=C;MT=Fixed	NT=Oxidation;AC=UNIMOD:35;TA=M;MT=Variable	NT=Trypsin;AC=MS:1001251	NT=Data-dependent acquisition;AC=PRIDE:0000627	NT=beam-type collision-induced dissociation;AC=MS:1000422	35 NCE	not available	not available	8	1	180525_P21478_Proj2_TMT4_CTX31-40_QE2_fraction5.raw	v1.1.0	NT=ms-proteomics;VV=v1.1.0	NT=vertebrates;VV=v1.1.0	NT=clinical-metadata;VV=v1.0.0	manual curation	rNLS8 (NEFH-tTA x tetO-hTDP-43-dNLS)	1 week
D2d	Mus musculus	cerebral cortex	not applicable	tissue	amyotrophic lateral sclerosis	adult	female	B6C3F1	rNLS8 (NEFH-tTA x tetO-hTDP-43-dNLS)	2 week	4	180525_P21478_Proj2_TMT4_CTX31-40_QE2_fraction5-TMT127N	proteomic profiling by mass spectrometry	NT=Q Exactive;AC=MS:1001911	TMT127N	NT=TMT6plex;AC=UNIMOD:737;TA=K;MT=Fixed	NT=TMT6plex;AC=UNIMOD:737;PP=Peptide N-term;MT=Fixed	NT=Carbamidomethyl;AC=UNIMOD:4;TA=C;MT=Fixed	NT=Oxidation;AC=UNIMOD:35;TA=M;MT=Variable	NT=Trypsin;AC=MS:1001251	NT=Data-dependent acquisition;AC=PRIDE:0000627	NT=beam-type collision-induced dissociation;AC=MS:1000422	35 NCE	not available	not available	8	1	180525_P21478_Proj2_TMT4_CTX31-40_QE2_fraction5.raw	v1.1.0	NT=ms-proteomics;VV=v1.1.0	NT=vertebrates;VV=v1.1.0	NT=clinical-metadata;VV=v1.0.0	manual curation	rNLS8 (NEFH-tTA x tetO-hTDP-43-dNLS)	2 week
D4d	Mus musculus	cerebral cortex	not applicable	tissue	amyotrophic lateral sclerosis	adult	female	B6C3F1	rNLS8 (NEFH-tTA x tetO-hTDP-43-dNLS)	4 week	4	180525_P21478_Proj2_TMT4_CTX31-40_QE2_fraction5-TMT127C	proteomic profiling by mass spectrometry	NT=Q Exactive;AC=MS:1001911	TMT127C	NT=TMT6plex;AC=UNIMOD:737;TA=K;MT=Fixed	NT=TMT6plex;AC=UNIMOD:737;PP=Peptide N-term;MT=Fixed	NT=Carbamidomethyl;AC=UNIMOD:4;TA=C;MT=Fixed	NT=Oxidation;AC=UNIMOD:35;TA=M;MT=Variable	NT=Trypsin;AC=MS:1001251	NT=Data-dependent acquisition;AC=PRIDE:0000627	NT=beam-type collision-induced dissociation;AC=MS:1000422	35 NCE	not available	not available	8	1	180525_P21478_Proj2_TMT4_CTX31-40_QE2_fraction5.raw	v1.1.0	NT=ms-proteomics;VV=v1.1.0	NT=vertebrates;VV=v1.1.0	NT=clinical-metadata;VV=v1.0.0	manual curation	rNLS8 (NEFH-tTA x tetO-hTDP-43-dNLS)	4 week
D6d	Mus musculus	cerebral cortex	not applicable	tissue	amyotrophic lateral sclerosis	adult	female	B6C3F1	rNLS8 (NEFH-tTA x tetO-hTDP-43-dNLS)	6 week	4	180525_P21478_Proj2_TMT4_CTX31-40_QE2_fraction5-TMT128N	proteomic profiling by mass spectrometry	NT=Q Exactive;AC=MS:1001911	TMT128N	NT=TMT6plex;AC=UNIMOD:737;TA=K;MT=Fixed	NT=TMT6plex;AC=UNIMOD:737;PP=Peptide N-term;MT=Fixed	NT=Carbamidomethyl;AC=UNIMOD:4;TA=C;MT=Fixed	NT=Oxidation;AC=UNIMOD:35;TA=M;MT=Variable	NT=Trypsin;AC=MS:1001251	NT=Data-dependent acquisition;AC=PRIDE:0000627	NT=beam-type collision-induced dissociation;AC=MS:1000422	35 NCE	not available	not available	8	1	180525_P21478_Proj2_TMT4_CTX31-40_QE2_fraction5.raw	v1.1.0	NT=ms-proteomics;VV=v1.1.0	NT=vertebrates;VV=v1.1.0	NT=clinical-metadata;VV=v1.0.0	manual curation	rNLS8 (NEFH-tTA x tetO-hTDP-43-dNLS)	6 week
D6+RECd	Mus musculus	cerebral cortex	not applicable	tissue	amyotrophic lateral sclerosis	adult	female	B6C3F1	rNLS8 (NEFH-tTA x tetO-hTDP-43-dNLS)	6 week + recovery	4	180525_P21478_Proj2_TMT4_CTX31-40_QE2_fraction5-TMT128C	proteomic profiling by mass spectrometry	NT=Q Exactive;AC=MS:1001911	TMT128C	NT=TMT6plex;AC=UNIMOD:737;TA=K;MT=Fixed	NT=TMT6plex;AC=UNIMOD:737;PP=Peptide N-term;MT=Fixed	NT=Carbamidomethyl;AC=UNIMOD:4;TA=C;MT=Fixed	NT=Oxidation;AC=UNIMOD:35;TA=M;MT=Variable	NT=Trypsin;AC=MS:1001251	NT=Data-dependent acquisition;AC=PRIDE:0000627	NT=beam-type collision-induced dissociation;AC=MS:1000422	35 NCE	not available	not available	8	1	180525_P21478_Proj2_TMT4_CTX31-40_QE2_fraction5.raw	v1.1.0	NT=ms-proteomics;VV=v1.1.0	NT=vertebrates;VV=v1.1.0	NT=clinical-metadata;VV=v1.0.0	manual curation	rNLS8 (NEFH-tTA x tetO-hTDP-43-dNLS)	6 week + recovery
C1d	Mus musculus	cerebral cortex	not applicable	tissue	normal	adult	female	B6C3F1	NEFH-tTA	1 week	4	180525_P21478_Proj2_TMT4_CTX31-40_QE2_fraction5-TMT129N	proteomic profiling by mass spectrometry	NT=Q Exactive;AC=MS:1001911	TMT129N	NT=TMT6plex;AC=UNIMOD:737;TA=K;MT=Fixed	NT=TMT6plex;AC=UNIMOD:737;PP=Peptide N-term;MT=Fixed	NT=Carbamidomethyl;AC=UNIMOD:4;TA=C;MT=Fixed	NT=Oxidation;AC=UNIMOD:35;TA=M;MT=Variable	NT=Trypsin;AC=MS:1001251	NT=Data-dependent acquisition;AC=PRIDE:0000627	NT=beam-type collision-induced dissociation;AC=MS:1000422	35 NCE	not available	not available	8	1	180525_P21478_Proj2_TMT4_CTX31-40_QE2_fraction5.raw	v1.1.0	NT=ms-proteomics;VV=v1.1.0	NT=vertebrates;VV=v1.1.0	NT=clinical-metadata;VV=v1.0.0	manual curation	NEFH-tTA	1 week
C4d	Mus musculus	cerebral cortex	not applicable	tissue	normal	adult	female	B6C3F1	non-transgenic	4 week	4	180525_P21478_Proj2_TMT4_CTX31-40_QE2_fraction5-TMT129C	proteomic profiling by mass spectrometry	NT=Q Exactive;AC=MS:1001911	TMT129C	NT=TMT6plex;AC=UNIMOD:737;TA=K;MT=Fixed	NT=TMT6plex;AC=UNIMOD:737;PP=Peptide N-term;MT=Fixed	NT=Carbamidomethyl;AC=UNIMOD:4;TA=C;MT=Fixed	NT=Oxidation;AC=UNIMOD:35;TA=M;MT=Variable	NT=Trypsin;AC=MS:1001251	NT=Data-dependent acquisition;AC=PRIDE:0000627	NT=beam-type collision-induced dissociation;AC=MS:1000422	35 NCE	not available	not available	8	1	180525_P21478_Proj2_TMT4_CTX31-40_QE2_fraction5.raw	v1.1.0	NT=ms-proteomics;VV=v1.1.0	NT=vertebrates;VV=v1.1.0	NT=clinical-metadata;VV=v1.0.0	manual curation	non-transgenic	4 week
C6d	Mus musculus	cerebral cortex	not applicable	tissue	normal	adult	female	B6C3F1	non-transgenic	6 week	4	180525_P21478_Proj2_TMT4_CTX31-40_QE2_fraction5-TMT130N	proteomic profiling by mass spectrometry	NT=Q Exactive;AC=MS:1001911	TMT130N	NT=TMT6plex;AC=UNIMOD:737;TA=K;MT=Fixed	NT=TMT6plex;AC=UNIMOD:737;PP=Peptide N-term;MT=Fixed	NT=Carbamidomethyl;AC=UNIMOD:4;TA=C;MT=Fixed	NT=Oxidation;AC=UNIMOD:35;TA=M;MT=Variable	NT=Trypsin;AC=MS:1001251	NT=Data-dependent acquisition;AC=PRIDE:0000627	NT=beam-type collision-induced dissociation;AC=MS:1000422	35 NCE	not available	not available	8	1	180525_P21478_Proj2_TMT4_CTX31-40_QE2_fraction5.raw	v1.1.0	NT=ms-proteomics;VV=v1.1.0	NT=vertebrates;VV=v1.1.0	NT=clinical-metadata;VV=v1.0.0	manual curation	non-transgenic	6 week
C6+RECd	Mus musculus	cerebral cortex	not applicable	tissue	normal	adult	female	B6C3F1	non-transgenic	6 week + recovery	4	180525_P21478_Proj2_TMT4_CTX31-40_QE2_fraction5-TMT130C	proteomic profiling by mass spectrometry	NT=Q Exactive;AC=MS:1001911	TMT130C	NT=TMT6plex;AC=UNIMOD:737;TA=K;MT=Fixed	NT=TMT6plex;AC=UNIMOD:737;PP=Peptide N-term;MT=Fixed	NT=Carbamidomethyl;AC=UNIMOD:4;TA=C;MT=Fixed	NT=Oxidation;AC=UNIMOD:35;TA=M;MT=Variable	NT=Trypsin;AC=MS:1001251	NT=Data-dependent acquisition;AC=PRIDE:0000627	NT=beam-type collision-induced dissociation;AC=MS:1000422	35 NCE	not available	not available	8	1	180525_P21478_Proj2_TMT4_CTX31-40_QE2_fraction5.raw	v1.1.0	NT=ms-proteomics;VV=v1.1.0	NT=vertebrates;VV=v1.1.0	NT=clinical-metadata;VV=v1.0.0	manual curation	non-transgenic	6 week + recovery
pooled_control_reference_TMT4_CTX31-40	Mus musculus	cerebral cortex	not applicable	tissue	normal	adult	female	B6C3F1	not applicable	not applicable	pooled	180525_P21478_Proj2_TMT4_CTX31-40_QE2_fraction5-TMT131	proteomic profiling by mass spectrometry	NT=Q Exactive;AC=MS:1001911	TMT131	NT=TMT6plex;AC=UNIMOD:737;TA=K;MT=Fixed	NT=TMT6plex;AC=UNIMOD:737;PP=Peptide N-term;MT=Fixed	NT=Carbamidomethyl;AC=UNIMOD:4;TA=C;MT=Fixed	NT=Oxidation;AC=UNIMOD:35;TA=M;MT=Variable	NT=Trypsin;AC=MS:1001251	NT=Data-dependent acquisition;AC=PRIDE:0000627	NT=beam-type collision-induced dissociation;AC=MS:1000422	35 NCE	not available	not available	8	1	180525_P21478_Proj2_TMT4_CTX31-40_QE2_fraction5.raw	v1.1.0	NT=ms-proteomics;VV=v1.1.0	NT=vertebrates;VV=v1.1.0	NT=clinical-metadata;VV=v1.0.0	manual curation	not applicable	not applicable
D1d	Mus musculus	cerebral cortex	not applicable	tissue	amyotrophic lateral sclerosis	adult	female	B6C3F1	rNLS8 (NEFH-tTA x tetO-hTDP-43-dNLS)	1 week	4	180525_P21478_Proj2_TMT4_CTX31-40_QE2_fraction6-TMT126	proteomic profiling by mass spectrometry	NT=Q Exactive;AC=MS:1001911	TMT126	NT=TMT6plex;AC=UNIMOD:737;TA=K;MT=Fixed	NT=TMT6plex;AC=UNIMOD:737;PP=Peptide N-term;MT=Fixed	NT=Carbamidomethyl;AC=UNIMOD:4;TA=C;MT=Fixed	NT=Oxidation;AC=UNIMOD:35;TA=M;MT=Variable	NT=Trypsin;AC=MS:1001251	NT=Data-dependent acquisition;AC=PRIDE:0000627	NT=beam-type collision-induced dissociation;AC=MS:1000422	35 NCE	not available	not available	9	1	180525_P21478_Proj2_TMT4_CTX31-40_QE2_fraction6.raw	v1.1.0	NT=ms-proteomics;VV=v1.1.0	NT=vertebrates;VV=v1.1.0	NT=clinical-metadata;VV=v1.0.0	manual curation	rNLS8 (NEFH-tTA x tetO-hTDP-43-dNLS)	1 week
D2d	Mus musculus	cerebral cortex	not applicable	tissue	amyotrophic lateral sclerosis	adult	female	B6C3F1	rNLS8 (NEFH-tTA x tetO-hTDP-43-dNLS)	2 week	4	180525_P21478_Proj2_TMT4_CTX31-40_QE2_fraction6-TMT127N	proteomic profiling by mass spectrometry	NT=Q Exactive;AC=MS:1001911	TMT127N	NT=TMT6plex;AC=UNIMOD:737;TA=K;MT=Fixed	NT=TMT6plex;AC=UNIMOD:737;PP=Peptide N-term;MT=Fixed	NT=Carbamidomethyl;AC=UNIMOD:4;TA=C;MT=Fixed	NT=Oxidation;AC=UNIMOD:35;TA=M;MT=Variable	NT=Trypsin;AC=MS:1001251	NT=Data-dependent acquisition;AC=PRIDE:0000627	NT=beam-type collision-induced dissociation;AC=MS:1000422	35 NCE	not available	not available	9	1	180525_P21478_Proj2_TMT4_CTX31-40_QE2_fraction6.raw	v1.1.0	NT=ms-proteomics;VV=v1.1.0	NT=vertebrates;VV=v1.1.0	NT=clinical-metadata;VV=v1.0.0	manual curation	rNLS8 (NEFH-tTA x tetO-hTDP-43-dNLS)	2 week
D4d	Mus musculus	cerebral cortex	not applicable	tissue	amyotrophic lateral sclerosis	adult	female	B6C3F1	rNLS8 (NEFH-tTA x tetO-hTDP-43-dNLS)	4 week	4	180525_P21478_Proj2_TMT4_CTX31-40_QE2_fraction6-TMT127C	proteomic profiling by mass spectrometry	NT=Q Exactive;AC=MS:1001911	TMT127C	NT=TMT6plex;AC=UNIMOD:737;TA=K;MT=Fixed	NT=TMT6plex;AC=UNIMOD:737;PP=Peptide N-term;MT=Fixed	NT=Carbamidomethyl;AC=UNIMOD:4;TA=C;MT=Fixed	NT=Oxidation;AC=UNIMOD:35;TA=M;MT=Variable	NT=Trypsin;AC=MS:1001251	NT=Data-dependent acquisition;AC=PRIDE:0000627	NT=beam-type collision-induced dissociation;AC=MS:1000422	35 NCE	not available	not available	9	1	180525_P21478_Proj2_TMT4_CTX31-40_QE2_fraction6.raw	v1.1.0	NT=ms-proteomics;VV=v1.1.0	NT=vertebrates;VV=v1.1.0	NT=clinical-metadata;VV=v1.0.0	manual curation	rNLS8 (NEFH-tTA x tetO-hTDP-43-dNLS)	4 week
D6d	Mus musculus	cerebral cortex	not applicable	tissue	amyotrophic lateral sclerosis	adult	female	B6C3F1	rNLS8 (NEFH-tTA x tetO-hTDP-43-dNLS)	6 week	4	180525_P21478_Proj2_TMT4_CTX31-40_QE2_fraction6-TMT128N	proteomic profiling by mass spectrometry	NT=Q Exactive;AC=MS:1001911	TMT128N	NT=TMT6plex;AC=UNIMOD:737;TA=K;MT=Fixed	NT=TMT6plex;AC=UNIMOD:737;PP=Peptide N-term;MT=Fixed	NT=Carbamidomethyl;AC=UNIMOD:4;TA=C;MT=Fixed	NT=Oxidation;AC=UNIMOD:35;TA=M;MT=Variable	NT=Trypsin;AC=MS:1001251	NT=Data-dependent acquisition;AC=PRIDE:0000627	NT=beam-type collision-induced dissociation;AC=MS:1000422	35 NCE	not available	not available	9	1	180525_P21478_Proj2_TMT4_CTX31-40_QE2_fraction6.raw	v1.1.0	NT=ms-proteomics;VV=v1.1.0	NT=vertebrates;VV=v1.1.0	NT=clinical-metadata;VV=v1.0.0	manual curation	rNLS8 (NEFH-tTA x tetO-hTDP-43-dNLS)	6 week
D6+RECd	Mus musculus	cerebral cortex	not applicable	tissue	amyotrophic lateral sclerosis	adult	female	B6C3F1	rNLS8 (NEFH-tTA x tetO-hTDP-43-dNLS)	6 week + recovery	4	180525_P21478_Proj2_TMT4_CTX31-40_QE2_fraction6-TMT128C	proteomic profiling by mass spectrometry	NT=Q Exactive;AC=MS:1001911	TMT128C	NT=TMT6plex;AC=UNIMOD:737;TA=K;MT=Fixed	NT=TMT6plex;AC=UNIMOD:737;PP=Peptide N-term;MT=Fixed	NT=Carbamidomethyl;AC=UNIMOD:4;TA=C;MT=Fixed	NT=Oxidation;AC=UNIMOD:35;TA=M;MT=Variable	NT=Trypsin;AC=MS:1001251	NT=Data-dependent acquisition;AC=PRIDE:0000627	NT=beam-type collision-induced dissociation;AC=MS:1000422	35 NCE	not available	not available	9	1	180525_P21478_Proj2_TMT4_CTX31-40_QE2_fraction6.raw	v1.1.0	NT=ms-proteomics;VV=v1.1.0	NT=vertebrates;VV=v1.1.0	NT=clinical-metadata;VV=v1.0.0	manual curation	rNLS8 (NEFH-tTA x tetO-hTDP-43-dNLS)	6 week + recovery
C1d	Mus musculus	cerebral cortex	not applicable	tissue	normal	adult	female	B6C3F1	NEFH-tTA	1 week	4	180525_P21478_Proj2_TMT4_CTX31-40_QE2_fraction6-TMT129N	proteomic profiling by mass spectrometry	NT=Q Exactive;AC=MS:1001911	TMT129N	NT=TMT6plex;AC=UNIMOD:737;TA=K;MT=Fixed	NT=TMT6plex;AC=UNIMOD:737;PP=Peptide N-term;MT=Fixed	NT=Carbamidomethyl;AC=UNIMOD:4;TA=C;MT=Fixed	NT=Oxidation;AC=UNIMOD:35;TA=M;MT=Variable	NT=Trypsin;AC=MS:1001251	NT=Data-dependent acquisition;AC=PRIDE:0000627	NT=beam-type collision-induced dissociation;AC=MS:1000422	35 NCE	not available	not available	9	1	180525_P21478_Proj2_TMT4_CTX31-40_QE2_fraction6.raw	v1.1.0	NT=ms-proteomics;VV=v1.1.0	NT=vertebrates;VV=v1.1.0	NT=clinical-metadata;VV=v1.0.0	manual curation	NEFH-tTA	1 week
C4d	Mus musculus	cerebral cortex	not applicable	tissue	normal	adult	female	B6C3F1	non-transgenic	4 week	4	180525_P21478_Proj2_TMT4_CTX31-40_QE2_fraction6-TMT129C	proteomic profiling by mass spectrometry	NT=Q Exactive;AC=MS:1001911	TMT129C	NT=TMT6plex;AC=UNIMOD:737;TA=K;MT=Fixed	NT=TMT6plex;AC=UNIMOD:737;PP=Peptide N-term;MT=Fixed	NT=Carbamidomethyl;AC=UNIMOD:4;TA=C;MT=Fixed	NT=Oxidation;AC=UNIMOD:35;TA=M;MT=Variable	NT=Trypsin;AC=MS:1001251	NT=Data-dependent acquisition;AC=PRIDE:0000627	NT=beam-type collision-induced dissociation;AC=MS:1000422	35 NCE	not available	not available	9	1	180525_P21478_Proj2_TMT4_CTX31-40_QE2_fraction6.raw	v1.1.0	NT=ms-proteomics;VV=v1.1.0	NT=vertebrates;VV=v1.1.0	NT=clinical-metadata;VV=v1.0.0	manual curation	non-transgenic	4 week
C6d	Mus musculus	cerebral cortex	not applicable	tissue	normal	adult	female	B6C3F1	non-transgenic	6 week	4	180525_P21478_Proj2_TMT4_CTX31-40_QE2_fraction6-TMT130N	proteomic profiling by mass spectrometry	NT=Q Exactive;AC=MS:1001911	TMT130N	NT=TMT6plex;AC=UNIMOD:737;TA=K;MT=Fixed	NT=TMT6plex;AC=UNIMOD:737;PP=Peptide N-term;MT=Fixed	NT=Carbamidomethyl;AC=UNIMOD:4;TA=C;MT=Fixed	NT=Oxidation;AC=UNIMOD:35;TA=M;MT=Variable	NT=Trypsin;AC=MS:1001251	NT=Data-dependent acquisition;AC=PRIDE:0000627	NT=beam-type collision-induced dissociation;AC=MS:1000422	35 NCE	not available	not available	9	1	180525_P21478_Proj2_TMT4_CTX31-40_QE2_fraction6.raw	v1.1.0	NT=ms-proteomics;VV=v1.1.0	NT=vertebrates;VV=v1.1.0	NT=clinical-metadata;VV=v1.0.0	manual curation	non-transgenic	6 week
C6+RECd	Mus musculus	cerebral cortex	not applicable	tissue	normal	adult	female	B6C3F1	non-transgenic	6 week + recovery	4	180525_P21478_Proj2_TMT4_CTX31-40_QE2_fraction6-TMT130C	proteomic profiling by mass spectrometry	NT=Q Exactive;AC=MS:1001911	TMT130C	NT=TMT6plex;AC=UNIMOD:737;TA=K;MT=Fixed	NT=TMT6plex;AC=UNIMOD:737;PP=Peptide N-term;MT=Fixed	NT=Carbamidomethyl;AC=UNIMOD:4;TA=C;MT=Fixed	NT=Oxidation;AC=UNIMOD:35;TA=M;MT=Variable	NT=Trypsin;AC=MS:1001251	NT=Data-dependent acquisition;AC=PRIDE:0000627	NT=beam-type collision-induced dissociation;AC=MS:1000422	35 NCE	not available	not available	9	1	180525_P21478_Proj2_TMT4_CTX31-40_QE2_fraction6.raw	v1.1.0	NT=ms-proteomics;VV=v1.1.0	NT=vertebrates;VV=v1.1.0	NT=clinical-metadata;VV=v1.0.0	manual curation	non-transgenic	6 week + recovery
pooled_control_reference_TMT4_CTX31-40	Mus musculus	cerebral cortex	not applicable	tissue	normal	adult	female	B6C3F1	not applicable	not applicable	pooled	180525_P21478_Proj2_TMT4_CTX31-40_QE2_fraction6-TMT131	proteomic profiling by mass spectrometry	NT=Q Exactive;AC=MS:1001911	TMT131	NT=TMT6plex;AC=UNIMOD:737;TA=K;MT=Fixed	NT=TMT6plex;AC=UNIMOD:737;PP=Peptide N-term;MT=Fixed	NT=Carbamidomethyl;AC=UNIMOD:4;TA=C;MT=Fixed	NT=Oxidation;AC=UNIMOD:35;TA=M;MT=Variable	NT=Trypsin;AC=MS:1001251	NT=Data-dependent acquisition;AC=PRIDE:0000627	NT=beam-type collision-induced dissociation;AC=MS:1000422	35 NCE	not available	not available	9	1	180525_P21478_Proj2_TMT4_CTX31-40_QE2_fraction6.raw	v1.1.0	NT=ms-proteomics;VV=v1.1.0	NT=vertebrates;VV=v1.1.0	NT=clinical-metadata;VV=v1.0.0	manual curation	not applicable	not applicable
D1d	Mus musculus	cerebral cortex	not applicable	tissue	amyotrophic lateral sclerosis	adult	female	B6C3F1	rNLS8 (NEFH-tTA x tetO-hTDP-43-dNLS)	1 week	4	180525_P21478_Proj2_TMT4_CTX31-40_QE2_fraction7-TMT126	proteomic profiling by mass spectrometry	NT=Q Exactive;AC=MS:1001911	TMT126	NT=TMT6plex;AC=UNIMOD:737;TA=K;MT=Fixed	NT=TMT6plex;AC=UNIMOD:737;PP=Peptide N-term;MT=Fixed	NT=Carbamidomethyl;AC=UNIMOD:4;TA=C;MT=Fixed	NT=Oxidation;AC=UNIMOD:35;TA=M;MT=Variable	NT=Trypsin;AC=MS:1001251	NT=Data-dependent acquisition;AC=PRIDE:0000627	NT=beam-type collision-induced dissociation;AC=MS:1000422	35 NCE	not available	not available	10	1	180525_P21478_Proj2_TMT4_CTX31-40_QE2_fraction7.raw	v1.1.0	NT=ms-proteomics;VV=v1.1.0	NT=vertebrates;VV=v1.1.0	NT=clinical-metadata;VV=v1.0.0	manual curation	rNLS8 (NEFH-tTA x tetO-hTDP-43-dNLS)	1 week
D2d	Mus musculus	cerebral cortex	not applicable	tissue	amyotrophic lateral sclerosis	adult	female	B6C3F1	rNLS8 (NEFH-tTA x tetO-hTDP-43-dNLS)	2 week	4	180525_P21478_Proj2_TMT4_CTX31-40_QE2_fraction7-TMT127N	proteomic profiling by mass spectrometry	NT=Q Exactive;AC=MS:1001911	TMT127N	NT=TMT6plex;AC=UNIMOD:737;TA=K;MT=Fixed	NT=TMT6plex;AC=UNIMOD:737;PP=Peptide N-term;MT=Fixed	NT=Carbamidomethyl;AC=UNIMOD:4;TA=C;MT=Fixed	NT=Oxidation;AC=UNIMOD:35;TA=M;MT=Variable	NT=Trypsin;AC=MS:1001251	NT=Data-dependent acquisition;AC=PRIDE:0000627	NT=beam-type collision-induced dissociation;AC=MS:1000422	35 NCE	not available	not available	10	1	180525_P21478_Proj2_TMT4_CTX31-40_QE2_fraction7.raw	v1.1.0	NT=ms-proteomics;VV=v1.1.0	NT=vertebrates;VV=v1.1.0	NT=clinical-metadata;VV=v1.0.0	manual curation	rNLS8 (NEFH-tTA x tetO-hTDP-43-dNLS)	2 week
D4d	Mus musculus	cerebral cortex	not applicable	tissue	amyotrophic lateral sclerosis	adult	female	B6C3F1	rNLS8 (NEFH-tTA x tetO-hTDP-43-dNLS)	4 week	4	180525_P21478_Proj2_TMT4_CTX31-40_QE2_fraction7-TMT127C	proteomic profiling by mass spectrometry	NT=Q Exactive;AC=MS:1001911	TMT127C	NT=TMT6plex;AC=UNIMOD:737;TA=K;MT=Fixed	NT=TMT6plex;AC=UNIMOD:737;PP=Peptide N-term;MT=Fixed	NT=Carbamidomethyl;AC=UNIMOD:4;TA=C;MT=Fixed	NT=Oxidation;AC=UNIMOD:35;TA=M;MT=Variable	NT=Trypsin;AC=MS:1001251	NT=Data-dependent acquisition;AC=PRIDE:0000627	NT=beam-type collision-induced dissociation;AC=MS:1000422	35 NCE	not available	not available	10	1	180525_P21478_Proj2_TMT4_CTX31-40_QE2_fraction7.raw	v1.1.0	NT=ms-proteomics;VV=v1.1.0	NT=vertebrates;VV=v1.1.0	NT=clinical-metadata;VV=v1.0.0	manual curation	rNLS8 (NEFH-tTA x tetO-hTDP-43-dNLS)	4 week
D6d	Mus musculus	cerebral cortex	not applicable	tissue	amyotrophic lateral sclerosis	adult	female	B6C3F1	rNLS8 (NEFH-tTA x tetO-hTDP-43-dNLS)	6 week	4	180525_P21478_Proj2_TMT4_CTX31-40_QE2_fraction7-TMT128N	proteomic profiling by mass spectrometry	NT=Q Exactive;AC=MS:1001911	TMT128N	NT=TMT6plex;AC=UNIMOD:737;TA=K;MT=Fixed	NT=TMT6plex;AC=UNIMOD:737;PP=Peptide N-term;MT=Fixed	NT=Carbamidomethyl;AC=UNIMOD:4;TA=C;MT=Fixed	NT=Oxidation;AC=UNIMOD:35;TA=M;MT=Variable	NT=Trypsin;AC=MS:1001251	NT=Data-dependent acquisition;AC=PRIDE:0000627	NT=beam-type collision-induced dissociation;AC=MS:1000422	35 NCE	not available	not available	10	1	180525_P21478_Proj2_TMT4_CTX31-40_QE2_fraction7.raw	v1.1.0	NT=ms-proteomics;VV=v1.1.0	NT=vertebrates;VV=v1.1.0	NT=clinical-metadata;VV=v1.0.0	manual curation	rNLS8 (NEFH-tTA x tetO-hTDP-43-dNLS)	6 week
D6+RECd	Mus musculus	cerebral cortex	not applicable	tissue	amyotrophic lateral sclerosis	adult	female	B6C3F1	rNLS8 (NEFH-tTA x tetO-hTDP-43-dNLS)	6 week + recovery	4	180525_P21478_Proj2_TMT4_CTX31-40_QE2_fraction7-TMT128C	proteomic profiling by mass spectrometry	NT=Q Exactive;AC=MS:1001911	TMT128C	NT=TMT6plex;AC=UNIMOD:737;TA=K;MT=Fixed	NT=TMT6plex;AC=UNIMOD:737;PP=Peptide N-term;MT=Fixed	NT=Carbamidomethyl;AC=UNIMOD:4;TA=C;MT=Fixed	NT=Oxidation;AC=UNIMOD:35;TA=M;MT=Variable	NT=Trypsin;AC=MS:1001251	NT=Data-dependent acquisition;AC=PRIDE:0000627	NT=beam-type collision-induced dissociation;AC=MS:1000422	35 NCE	not available	not available	10	1	180525_P21478_Proj2_TMT4_CTX31-40_QE2_fraction7.raw	v1.1.0	NT=ms-proteomics;VV=v1.1.0	NT=vertebrates;VV=v1.1.0	NT=clinical-metadata;VV=v1.0.0	manual curation	rNLS8 (NEFH-tTA x tetO-hTDP-43-dNLS)	6 week + recovery
C1d	Mus musculus	cerebral cortex	not applicable	tissue	normal	adult	female	B6C3F1	NEFH-tTA	1 week	4	180525_P21478_Proj2_TMT4_CTX31-40_QE2_fraction7-TMT129N	proteomic profiling by mass spectrometry	NT=Q Exactive;AC=MS:1001911	TMT129N	NT=TMT6plex;AC=UNIMOD:737;TA=K;MT=Fixed	NT=TMT6plex;AC=UNIMOD:737;PP=Peptide N-term;MT=Fixed	NT=Carbamidomethyl;AC=UNIMOD:4;TA=C;MT=Fixed	NT=Oxidation;AC=UNIMOD:35;TA=M;MT=Variable	NT=Trypsin;AC=MS:1001251	NT=Data-dependent acquisition;AC=PRIDE:0000627	NT=beam-type collision-induced dissociation;AC=MS:1000422	35 NCE	not available	not available	10	1	180525_P21478_Proj2_TMT4_CTX31-40_QE2_fraction7.raw	v1.1.0	NT=ms-proteomics;VV=v1.1.0	NT=vertebrates;VV=v1.1.0	NT=clinical-metadata;VV=v1.0.0	manual curation	NEFH-tTA	1 week
C4d	Mus musculus	cerebral cortex	not applicable	tissue	normal	adult	female	B6C3F1	non-transgenic	4 week	4	180525_P21478_Proj2_TMT4_CTX31-40_QE2_fraction7-TMT129C	proteomic profiling by mass spectrometry	NT=Q Exactive;AC=MS:1001911	TMT129C	NT=TMT6plex;AC=UNIMOD:737;TA=K;MT=Fixed	NT=TMT6plex;AC=UNIMOD:737;PP=Peptide N-term;MT=Fixed	NT=Carbamidomethyl;AC=UNIMOD:4;TA=C;MT=Fixed	NT=Oxidation;AC=UNIMOD:35;TA=M;MT=Variable	NT=Trypsin;AC=MS:1001251	NT=Data-dependent acquisition;AC=PRIDE:0000627	NT=beam-type collision-induced dissociation;AC=MS:1000422	35 NCE	not available	not available	10	1	180525_P21478_Proj2_TMT4_CTX31-40_QE2_fraction7.raw	v1.1.0	NT=ms-proteomics;VV=v1.1.0	NT=vertebrates;VV=v1.1.0	NT=clinical-metadata;VV=v1.0.0	manual curation	non-transgenic	4 week
C6d	Mus musculus	cerebral cortex	not applicable	tissue	normal	adult	female	B6C3F1	non-transgenic	6 week	4	180525_P21478_Proj2_TMT4_CTX31-40_QE2_fraction7-TMT130N	proteomic profiling by mass spectrometry	NT=Q Exactive;AC=MS:1001911	TMT130N	NT=TMT6plex;AC=UNIMOD:737;TA=K;MT=Fixed	NT=TMT6plex;AC=UNIMOD:737;PP=Peptide N-term;MT=Fixed	NT=Carbamidomethyl;AC=UNIMOD:4;TA=C;MT=Fixed	NT=Oxidation;AC=UNIMOD:35;TA=M;MT=Variable	NT=Trypsin;AC=MS:1001251	NT=Data-dependent acquisition;AC=PRIDE:0000627	NT=beam-type collision-induced dissociation;AC=MS:1000422	35 NCE	not available	not available	10	1	180525_P21478_Proj2_TMT4_CTX31-40_QE2_fraction7.raw	v1.1.0	NT=ms-proteomics;VV=v1.1.0	NT=vertebrates;VV=v1.1.0	NT=clinical-metadata;VV=v1.0.0	manual curation	non-transgenic	6 week
C6+RECd	Mus musculus	cerebral cortex	not applicable	tissue	normal	adult	female	B6C3F1	non-transgenic	6 week + recovery	4	180525_P21478_Proj2_TMT4_CTX31-40_QE2_fraction7-TMT130C	proteomic profiling by mass spectrometry	NT=Q Exactive;AC=MS:1001911	TMT130C	NT=TMT6plex;AC=UNIMOD:737;TA=K;MT=Fixed	NT=TMT6plex;AC=UNIMOD:737;PP=Peptide N-term;MT=Fixed	NT=Carbamidomethyl;AC=UNIMOD:4;TA=C;MT=Fixed	NT=Oxidation;AC=UNIMOD:35;TA=M;MT=Variable	NT=Trypsin;AC=MS:1001251	NT=Data-dependent acquisition;AC=PRIDE:0000627	NT=beam-type collision-induced dissociation;AC=MS:1000422	35 NCE	not available	not available	10	1	180525_P21478_Proj2_TMT4_CTX31-40_QE2_fraction7.raw	v1.1.0	NT=ms-proteomics;VV=v1.1.0	NT=vertebrates;VV=v1.1.0	NT=clinical-metadata;VV=v1.0.0	manual curation	non-transgenic	6 week + recovery
pooled_control_reference_TMT4_CTX31-40	Mus musculus	cerebral cortex	not applicable	tissue	normal	adult	female	B6C3F1	not applicable	not applicable	pooled	180525_P21478_Proj2_TMT4_CTX31-40_QE2_fraction7-TMT131	proteomic profiling by mass spectrometry	NT=Q Exactive;AC=MS:1001911	TMT131	NT=TMT6plex;AC=UNIMOD:737;TA=K;MT=Fixed	NT=TMT6plex;AC=UNIMOD:737;PP=Peptide N-term;MT=Fixed	NT=Carbamidomethyl;AC=UNIMOD:4;TA=C;MT=Fixed	NT=Oxidation;AC=UNIMOD:35;TA=M;MT=Variable	NT=Trypsin;AC=MS:1001251	NT=Data-dependent acquisition;AC=PRIDE:0000627	NT=beam-type collision-induced dissociation;AC=MS:1000422	35 NCE	not available	not available	10	1	180525_P21478_Proj2_TMT4_CTX31-40_QE2_fraction7.raw	v1.1.0	NT=ms-proteomics;VV=v1.1.0	NT=vertebrates;VV=v1.1.0	NT=clinical-metadata;VV=v1.0.0	manual curation	not applicable	not applicable
D1d	Mus musculus	cerebral cortex	not applicable	tissue	amyotrophic lateral sclerosis	adult	female	B6C3F1	rNLS8 (NEFH-tTA x tetO-hTDP-43-dNLS)	1 week	4	180525_P21478_Proj2_TMT4_CTX31-40_QE2_fraction8-TMT126	proteomic profiling by mass spectrometry	NT=Q Exactive;AC=MS:1001911	TMT126	NT=TMT6plex;AC=UNIMOD:737;TA=K;MT=Fixed	NT=TMT6plex;AC=UNIMOD:737;PP=Peptide N-term;MT=Fixed	NT=Carbamidomethyl;AC=UNIMOD:4;TA=C;MT=Fixed	NT=Oxidation;AC=UNIMOD:35;TA=M;MT=Variable	NT=Trypsin;AC=MS:1001251	NT=Data-dependent acquisition;AC=PRIDE:0000627	NT=beam-type collision-induced dissociation;AC=MS:1000422	35 NCE	not available	not available	11	1	180525_P21478_Proj2_TMT4_CTX31-40_QE2_fraction8.raw	v1.1.0	NT=ms-proteomics;VV=v1.1.0	NT=vertebrates;VV=v1.1.0	NT=clinical-metadata;VV=v1.0.0	manual curation	rNLS8 (NEFH-tTA x tetO-hTDP-43-dNLS)	1 week
D2d	Mus musculus	cerebral cortex	not applicable	tissue	amyotrophic lateral sclerosis	adult	female	B6C3F1	rNLS8 (NEFH-tTA x tetO-hTDP-43-dNLS)	2 week	4	180525_P21478_Proj2_TMT4_CTX31-40_QE2_fraction8-TMT127N	proteomic profiling by mass spectrometry	NT=Q Exactive;AC=MS:1001911	TMT127N	NT=TMT6plex;AC=UNIMOD:737;TA=K;MT=Fixed	NT=TMT6plex;AC=UNIMOD:737;PP=Peptide N-term;MT=Fixed	NT=Carbamidomethyl;AC=UNIMOD:4;TA=C;MT=Fixed	NT=Oxidation;AC=UNIMOD:35;TA=M;MT=Variable	NT=Trypsin;AC=MS:1001251	NT=Data-dependent acquisition;AC=PRIDE:0000627	NT=beam-type collision-induced dissociation;AC=MS:1000422	35 NCE	not available	not available	11	1	180525_P21478_Proj2_TMT4_CTX31-40_QE2_fraction8.raw	v1.1.0	NT=ms-proteomics;VV=v1.1.0	NT=vertebrates;VV=v1.1.0	NT=clinical-metadata;VV=v1.0.0	manual curation	rNLS8 (NEFH-tTA x tetO-hTDP-43-dNLS)	2 week
D4d	Mus musculus	cerebral cortex	not applicable	tissue	amyotrophic lateral sclerosis	adult	female	B6C3F1	rNLS8 (NEFH-tTA x tetO-hTDP-43-dNLS)	4 week	4	180525_P21478_Proj2_TMT4_CTX31-40_QE2_fraction8-TMT127C	proteomic profiling by mass spectrometry	NT=Q Exactive;AC=MS:1001911	TMT127C	NT=TMT6plex;AC=UNIMOD:737;TA=K;MT=Fixed	NT=TMT6plex;AC=UNIMOD:737;PP=Peptide N-term;MT=Fixed	NT=Carbamidomethyl;AC=UNIMOD:4;TA=C;MT=Fixed	NT=Oxidation;AC=UNIMOD:35;TA=M;MT=Variable	NT=Trypsin;AC=MS:1001251	NT=Data-dependent acquisition;AC=PRIDE:0000627	NT=beam-type collision-induced dissociation;AC=MS:1000422	35 NCE	not available	not available	11	1	180525_P21478_Proj2_TMT4_CTX31-40_QE2_fraction8.raw	v1.1.0	NT=ms-proteomics;VV=v1.1.0	NT=vertebrates;VV=v1.1.0	NT=clinical-metadata;VV=v1.0.0	manual curation	rNLS8 (NEFH-tTA x tetO-hTDP-43-dNLS)	4 week
D6d	Mus musculus	cerebral cortex	not applicable	tissue	amyotrophic lateral sclerosis	adult	female	B6C3F1	rNLS8 (NEFH-tTA x tetO-hTDP-43-dNLS)	6 week	4	180525_P21478_Proj2_TMT4_CTX31-40_QE2_fraction8-TMT128N	proteomic profiling by mass spectrometry	NT=Q Exactive;AC=MS:1001911	TMT128N	NT=TMT6plex;AC=UNIMOD:737;TA=K;MT=Fixed	NT=TMT6plex;AC=UNIMOD:737;PP=Peptide N-term;MT=Fixed	NT=Carbamidomethyl;AC=UNIMOD:4;TA=C;MT=Fixed	NT=Oxidation;AC=UNIMOD:35;TA=M;MT=Variable	NT=Trypsin;AC=MS:1001251	NT=Data-dependent acquisition;AC=PRIDE:0000627	NT=beam-type collision-induced dissociation;AC=MS:1000422	35 NCE	not available	not available	11	1	180525_P21478_Proj2_TMT4_CTX31-40_QE2_fraction8.raw	v1.1.0	NT=ms-proteomics;VV=v1.1.0	NT=vertebrates;VV=v1.1.0	NT=clinical-metadata;VV=v1.0.0	manual curation	rNLS8 (NEFH-tTA x tetO-hTDP-43-dNLS)	6 week
D6+RECd	Mus musculus	cerebral cortex	not applicable	tissue	amyotrophic lateral sclerosis	adult	female	B6C3F1	rNLS8 (NEFH-tTA x tetO-hTDP-43-dNLS)	6 week + recovery	4	180525_P21478_Proj2_TMT4_CTX31-40_QE2_fraction8-TMT128C	proteomic profiling by mass spectrometry	NT=Q Exactive;AC=MS:1001911	TMT128C	NT=TMT6plex;AC=UNIMOD:737;TA=K;MT=Fixed	NT=TMT6plex;AC=UNIMOD:737;PP=Peptide N-term;MT=Fixed	NT=Carbamidomethyl;AC=UNIMOD:4;TA=C;MT=Fixed	NT=Oxidation;AC=UNIMOD:35;TA=M;MT=Variable	NT=Trypsin;AC=MS:1001251	NT=Data-dependent acquisition;AC=PRIDE:0000627	NT=beam-type collision-induced dissociation;AC=MS:1000422	35 NCE	not available	not available	11	1	180525_P21478_Proj2_TMT4_CTX31-40_QE2_fraction8.raw	v1.1.0	NT=ms-proteomics;VV=v1.1.0	NT=vertebrates;VV=v1.1.0	NT=clinical-metadata;VV=v1.0.0	manual curation	rNLS8 (NEFH-tTA x tetO-hTDP-43-dNLS)	6 week + recovery
C1d	Mus musculus	cerebral cortex	not applicable	tissue	normal	adult	female	B6C3F1	NEFH-tTA	1 week	4	180525_P21478_Proj2_TMT4_CTX31-40_QE2_fraction8-TMT129N	proteomic profiling by mass spectrometry	NT=Q Exactive;AC=MS:1001911	TMT129N	NT=TMT6plex;AC=UNIMOD:737;TA=K;MT=Fixed	NT=TMT6plex;AC=UNIMOD:737;PP=Peptide N-term;MT=Fixed	NT=Carbamidomethyl;AC=UNIMOD:4;TA=C;MT=Fixed	NT=Oxidation;AC=UNIMOD:35;TA=M;MT=Variable	NT=Trypsin;AC=MS:1001251	NT=Data-dependent acquisition;AC=PRIDE:0000627	NT=beam-type collision-induced dissociation;AC=MS:1000422	35 NCE	not available	not available	11	1	180525_P21478_Proj2_TMT4_CTX31-40_QE2_fraction8.raw	v1.1.0	NT=ms-proteomics;VV=v1.1.0	NT=vertebrates;VV=v1.1.0	NT=clinical-metadata;VV=v1.0.0	manual curation	NEFH-tTA	1 week
C4d	Mus musculus	cerebral cortex	not applicable	tissue	normal	adult	female	B6C3F1	non-transgenic	4 week	4	180525_P21478_Proj2_TMT4_CTX31-40_QE2_fraction8-TMT129C	proteomic profiling by mass spectrometry	NT=Q Exactive;AC=MS:1001911	TMT129C	NT=TMT6plex;AC=UNIMOD:737;TA=K;MT=Fixed	NT=TMT6plex;AC=UNIMOD:737;PP=Peptide N-term;MT=Fixed	NT=Carbamidomethyl;AC=UNIMOD:4;TA=C;MT=Fixed	NT=Oxidation;AC=UNIMOD:35;TA=M;MT=Variable	NT=Trypsin;AC=MS:1001251	NT=Data-dependent acquisition;AC=PRIDE:0000627	NT=beam-type collision-induced dissociation;AC=MS:1000422	35 NCE	not available	not available	11	1	180525_P21478_Proj2_TMT4_CTX31-40_QE2_fraction8.raw	v1.1.0	NT=ms-proteomics;VV=v1.1.0	NT=vertebrates;VV=v1.1.0	NT=clinical-metadata;VV=v1.0.0	manual curation	non-transgenic	4 week
C6d	Mus musculus	cerebral cortex	not applicable	tissue	normal	adult	female	B6C3F1	non-transgenic	6 week	4	180525_P21478_Proj2_TMT4_CTX31-40_QE2_fraction8-TMT130N	proteomic profiling by mass spectrometry	NT=Q Exactive;AC=MS:1001911	TMT130N	NT=TMT6plex;AC=UNIMOD:737;TA=K;MT=Fixed	NT=TMT6plex;AC=UNIMOD:737;PP=Peptide N-term;MT=Fixed	NT=Carbamidomethyl;AC=UNIMOD:4;TA=C;MT=Fixed	NT=Oxidation;AC=UNIMOD:35;TA=M;MT=Variable	NT=Trypsin;AC=MS:1001251	NT=Data-dependent acquisition;AC=PRIDE:0000627	NT=beam-type collision-induced dissociation;AC=MS:1000422	35 NCE	not available	not available	11	1	180525_P21478_Proj2_TMT4_CTX31-40_QE2_fraction8.raw	v1.1.0	NT=ms-proteomics;VV=v1.1.0	NT=vertebrates;VV=v1.1.0	NT=clinical-metadata;VV=v1.0.0	manual curation	non-transgenic	6 week
C6+RECd	Mus musculus	cerebral cortex	not applicable	tissue	normal	adult	female	B6C3F1	non-transgenic	6 week + recovery	4	180525_P21478_Proj2_TMT4_CTX31-40_QE2_fraction8-TMT130C	proteomic profiling by mass spectrometry	NT=Q Exactive;AC=MS:1001911	TMT130C	NT=TMT6plex;AC=UNIMOD:737;TA=K;MT=Fixed	NT=TMT6plex;AC=UNIMOD:737;PP=Peptide N-term;MT=Fixed	NT=Carbamidomethyl;AC=UNIMOD:4;TA=C;MT=Fixed	NT=Oxidation;AC=UNIMOD:35;TA=M;MT=Variable	NT=Trypsin;AC=MS:1001251	NT=Data-dependent acquisition;AC=PRIDE:0000627	NT=beam-type collision-induced dissociation;AC=MS:1000422	35 NCE	not available	not available	11	1	180525_P21478_Proj2_TMT4_CTX31-40_QE2_fraction8.raw	v1.1.0	NT=ms-proteomics;VV=v1.1.0	NT=vertebrates;VV=v1.1.0	NT=clinical-metadata;VV=v1.0.0	manual curation	non-transgenic	6 week + recovery
pooled_control_reference_TMT4_CTX31-40	Mus musculus	cerebral cortex	not applicable	tissue	normal	adult	female	B6C3F1	not applicable	not applicable	pooled	180525_P21478_Proj2_TMT4_CTX31-40_QE2_fraction8-TMT131	proteomic profiling by mass spectrometry	NT=Q Exactive;AC=MS:1001911	TMT131	NT=TMT6plex;AC=UNIMOD:737;TA=K;MT=Fixed	NT=TMT6plex;AC=UNIMOD:737;PP=Peptide N-term;MT=Fixed	NT=Carbamidomethyl;AC=UNIMOD:4;TA=C;MT=Fixed	NT=Oxidation;AC=UNIMOD:35;TA=M;MT=Variable	NT=Trypsin;AC=MS:1001251	NT=Data-dependent acquisition;AC=PRIDE:0000627	NT=beam-type collision-induced dissociation;AC=MS:1000422	35 NCE	not available	not available	11	1	180525_P21478_Proj2_TMT4_CTX31-40_QE2_fraction8.raw	v1.1.0	NT=ms-proteomics;VV=v1.1.0	NT=vertebrates;VV=v1.1.0	NT=clinical-metadata;VV=v1.0.0	manual curation	not applicable	not applicable
D1d	Mus musculus	cerebral cortex	not applicable	tissue	amyotrophic lateral sclerosis	adult	female	B6C3F1	rNLS8 (NEFH-tTA x tetO-hTDP-43-dNLS)	1 week	4	180525_P21478_Proj2_TMT4_CTX31-40_QE2_fraction9-TMT126	proteomic profiling by mass spectrometry	NT=Q Exactive;AC=MS:1001911	TMT126	NT=TMT6plex;AC=UNIMOD:737;TA=K;MT=Fixed	NT=TMT6plex;AC=UNIMOD:737;PP=Peptide N-term;MT=Fixed	NT=Carbamidomethyl;AC=UNIMOD:4;TA=C;MT=Fixed	NT=Oxidation;AC=UNIMOD:35;TA=M;MT=Variable	NT=Trypsin;AC=MS:1001251	NT=Data-dependent acquisition;AC=PRIDE:0000627	NT=beam-type collision-induced dissociation;AC=MS:1000422	35 NCE	not available	not available	12	1	180525_P21478_Proj2_TMT4_CTX31-40_QE2_fraction9.raw	v1.1.0	NT=ms-proteomics;VV=v1.1.0	NT=vertebrates;VV=v1.1.0	NT=clinical-metadata;VV=v1.0.0	manual curation	rNLS8 (NEFH-tTA x tetO-hTDP-43-dNLS)	1 week
D2d	Mus musculus	cerebral cortex	not applicable	tissue	amyotrophic lateral sclerosis	adult	female	B6C3F1	rNLS8 (NEFH-tTA x tetO-hTDP-43-dNLS)	2 week	4	180525_P21478_Proj2_TMT4_CTX31-40_QE2_fraction9-TMT127N	proteomic profiling by mass spectrometry	NT=Q Exactive;AC=MS:1001911	TMT127N	NT=TMT6plex;AC=UNIMOD:737;TA=K;MT=Fixed	NT=TMT6plex;AC=UNIMOD:737;PP=Peptide N-term;MT=Fixed	NT=Carbamidomethyl;AC=UNIMOD:4;TA=C;MT=Fixed	NT=Oxidation;AC=UNIMOD:35;TA=M;MT=Variable	NT=Trypsin;AC=MS:1001251	NT=Data-dependent acquisition;AC=PRIDE:0000627	NT=beam-type collision-induced dissociation;AC=MS:1000422	35 NCE	not available	not available	12	1	180525_P21478_Proj2_TMT4_CTX31-40_QE2_fraction9.raw	v1.1.0	NT=ms-proteomics;VV=v1.1.0	NT=vertebrates;VV=v1.1.0	NT=clinical-metadata;VV=v1.0.0	manual curation	rNLS8 (NEFH-tTA x tetO-hTDP-43-dNLS)	2 week
D4d	Mus musculus	cerebral cortex	not applicable	tissue	amyotrophic lateral sclerosis	adult	female	B6C3F1	rNLS8 (NEFH-tTA x tetO-hTDP-43-dNLS)	4 week	4	180525_P21478_Proj2_TMT4_CTX31-40_QE2_fraction9-TMT127C	proteomic profiling by mass spectrometry	NT=Q Exactive;AC=MS:1001911	TMT127C	NT=TMT6plex;AC=UNIMOD:737;TA=K;MT=Fixed	NT=TMT6plex;AC=UNIMOD:737;PP=Peptide N-term;MT=Fixed	NT=Carbamidomethyl;AC=UNIMOD:4;TA=C;MT=Fixed	NT=Oxidation;AC=UNIMOD:35;TA=M;MT=Variable	NT=Trypsin;AC=MS:1001251	NT=Data-dependent acquisition;AC=PRIDE:0000627	NT=beam-type collision-induced dissociation;AC=MS:1000422	35 NCE	not available	not available	12	1	180525_P21478_Proj2_TMT4_CTX31-40_QE2_fraction9.raw	v1.1.0	NT=ms-proteomics;VV=v1.1.0	NT=vertebrates;VV=v1.1.0	NT=clinical-metadata;VV=v1.0.0	manual curation	rNLS8 (NEFH-tTA x tetO-hTDP-43-dNLS)	4 week
D6d	Mus musculus	cerebral cortex	not applicable	tissue	amyotrophic lateral sclerosis	adult	female	B6C3F1	rNLS8 (NEFH-tTA x tetO-hTDP-43-dNLS)	6 week	4	180525_P21478_Proj2_TMT4_CTX31-40_QE2_fraction9-TMT128N	proteomic profiling by mass spectrometry	NT=Q Exactive;AC=MS:1001911	TMT128N	NT=TMT6plex;AC=UNIMOD:737;TA=K;MT=Fixed	NT=TMT6plex;AC=UNIMOD:737;PP=Peptide N-term;MT=Fixed	NT=Carbamidomethyl;AC=UNIMOD:4;TA=C;MT=Fixed	NT=Oxidation;AC=UNIMOD:35;TA=M;MT=Variable	NT=Trypsin;AC=MS:1001251	NT=Data-dependent acquisition;AC=PRIDE:0000627	NT=beam-type collision-induced dissociation;AC=MS:1000422	35 NCE	not available	not available	12	1	180525_P21478_Proj2_TMT4_CTX31-40_QE2_fraction9.raw	v1.1.0	NT=ms-proteomics;VV=v1.1.0	NT=vertebrates;VV=v1.1.0	NT=clinical-metadata;VV=v1.0.0	manual curation	rNLS8 (NEFH-tTA x tetO-hTDP-43-dNLS)	6 week
D6+RECd	Mus musculus	cerebral cortex	not applicable	tissue	amyotrophic lateral sclerosis	adult	female	B6C3F1	rNLS8 (NEFH-tTA x tetO-hTDP-43-dNLS)	6 week + recovery	4	180525_P21478_Proj2_TMT4_CTX31-40_QE2_fraction9-TMT128C	proteomic profiling by mass spectrometry	NT=Q Exactive;AC=MS:1001911	TMT128C	NT=TMT6plex;AC=UNIMOD:737;TA=K;MT=Fixed	NT=TMT6plex;AC=UNIMOD:737;PP=Peptide N-term;MT=Fixed	NT=Carbamidomethyl;AC=UNIMOD:4;TA=C;MT=Fixed	NT=Oxidation;AC=UNIMOD:35;TA=M;MT=Variable	NT=Trypsin;AC=MS:1001251	NT=Data-dependent acquisition;AC=PRIDE:0000627	NT=beam-type collision-induced dissociation;AC=MS:1000422	35 NCE	not available	not available	12	1	180525_P21478_Proj2_TMT4_CTX31-40_QE2_fraction9.raw	v1.1.0	NT=ms-proteomics;VV=v1.1.0	NT=vertebrates;VV=v1.1.0	NT=clinical-metadata;VV=v1.0.0	manual curation	rNLS8 (NEFH-tTA x tetO-hTDP-43-dNLS)	6 week + recovery
C1d	Mus musculus	cerebral cortex	not applicable	tissue	normal	adult	female	B6C3F1	NEFH-tTA	1 week	4	180525_P21478_Proj2_TMT4_CTX31-40_QE2_fraction9-TMT129N	proteomic profiling by mass spectrometry	NT=Q Exactive;AC=MS:1001911	TMT129N	NT=TMT6plex;AC=UNIMOD:737;TA=K;MT=Fixed	NT=TMT6plex;AC=UNIMOD:737;PP=Peptide N-term;MT=Fixed	NT=Carbamidomethyl;AC=UNIMOD:4;TA=C;MT=Fixed	NT=Oxidation;AC=UNIMOD:35;TA=M;MT=Variable	NT=Trypsin;AC=MS:1001251	NT=Data-dependent acquisition;AC=PRIDE:0000627	NT=beam-type collision-induced dissociation;AC=MS:1000422	35 NCE	not available	not available	12	1	180525_P21478_Proj2_TMT4_CTX31-40_QE2_fraction9.raw	v1.1.0	NT=ms-proteomics;VV=v1.1.0	NT=vertebrates;VV=v1.1.0	NT=clinical-metadata;VV=v1.0.0	manual curation	NEFH-tTA	1 week
C4d	Mus musculus	cerebral cortex	not applicable	tissue	normal	adult	female	B6C3F1	non-transgenic	4 week	4	180525_P21478_Proj2_TMT4_CTX31-40_QE2_fraction9-TMT129C	proteomic profiling by mass spectrometry	NT=Q Exactive;AC=MS:1001911	TMT129C	NT=TMT6plex;AC=UNIMOD:737;TA=K;MT=Fixed	NT=TMT6plex;AC=UNIMOD:737;PP=Peptide N-term;MT=Fixed	NT=Carbamidomethyl;AC=UNIMOD:4;TA=C;MT=Fixed	NT=Oxidation;AC=UNIMOD:35;TA=M;MT=Variable	NT=Trypsin;AC=MS:1001251	NT=Data-dependent acquisition;AC=PRIDE:0000627	NT=beam-type collision-induced dissociation;AC=MS:1000422	35 NCE	not available	not available	12	1	180525_P21478_Proj2_TMT4_CTX31-40_QE2_fraction9.raw	v1.1.0	NT=ms-proteomics;VV=v1.1.0	NT=vertebrates;VV=v1.1.0	NT=clinical-metadata;VV=v1.0.0	manual curation	non-transgenic	4 week
C6d	Mus musculus	cerebral cortex	not applicable	tissue	normal	adult	female	B6C3F1	non-transgenic	6 week	4	180525_P21478_Proj2_TMT4_CTX31-40_QE2_fraction9-TMT130N	proteomic profiling by mass spectrometry	NT=Q Exactive;AC=MS:1001911	TMT130N	NT=TMT6plex;AC=UNIMOD:737;TA=K;MT=Fixed	NT=TMT6plex;AC=UNIMOD:737;PP=Peptide N-term;MT=Fixed	NT=Carbamidomethyl;AC=UNIMOD:4;TA=C;MT=Fixed	NT=Oxidation;AC=UNIMOD:35;TA=M;MT=Variable	NT=Trypsin;AC=MS:1001251	NT=Data-dependent acquisition;AC=PRIDE:0000627	NT=beam-type collision-induced dissociation;AC=MS:1000422	35 NCE	not available	not available	12	1	180525_P21478_Proj2_TMT4_CTX31-40_QE2_fraction9.raw	v1.1.0	NT=ms-proteomics;VV=v1.1.0	NT=vertebrates;VV=v1.1.0	NT=clinical-metadata;VV=v1.0.0	manual curation	non-transgenic	6 week
C6+RECd	Mus musculus	cerebral cortex	not applicable	tissue	normal	adult	female	B6C3F1	non-transgenic	6 week + recovery	4	180525_P21478_Proj2_TMT4_CTX31-40_QE2_fraction9-TMT130C	proteomic profiling by mass spectrometry	NT=Q Exactive;AC=MS:1001911	TMT130C	NT=TMT6plex;AC=UNIMOD:737;TA=K;MT=Fixed	NT=TMT6plex;AC=UNIMOD:737;PP=Peptide N-term;MT=Fixed	NT=Carbamidomethyl;AC=UNIMOD:4;TA=C;MT=Fixed	NT=Oxidation;AC=UNIMOD:35;TA=M;MT=Variable	NT=Trypsin;AC=MS:1001251	NT=Data-dependent acquisition;AC=PRIDE:0000627	NT=beam-type collision-induced dissociation;AC=MS:1000422	35 NCE	not available	not available	12	1	180525_P21478_Proj2_TMT4_CTX31-40_QE2_fraction9.raw	v1.1.0	NT=ms-proteomics;VV=v1.1.0	NT=vertebrates;VV=v1.1.0	NT=clinical-metadata;VV=v1.0.0	manual curation	non-transgenic	6 week + recovery
pooled_control_reference_TMT4_CTX31-40	Mus musculus	cerebral cortex	not applicable	tissue	normal	adult	female	B6C3F1	not applicable	not applicable	pooled	180525_P21478_Proj2_TMT4_CTX31-40_QE2_fraction9-TMT131	proteomic profiling by mass spectrometry	NT=Q Exactive;AC=MS:1001911	TMT131	NT=TMT6plex;AC=UNIMOD:737;TA=K;MT=Fixed	NT=TMT6plex;AC=UNIMOD:737;PP=Peptide N-term;MT=Fixed	NT=Carbamidomethyl;AC=UNIMOD:4;TA=C;MT=Fixed	NT=Oxidation;AC=UNIMOD:35;TA=M;MT=Variable	NT=Trypsin;AC=MS:1001251	NT=Data-dependent acquisition;AC=PRIDE:0000627	NT=beam-type collision-induced dissociation;AC=MS:1000422	35 NCE	not available	not available	12	1	180525_P21478_Proj2_TMT4_CTX31-40_QE2_fraction9.raw	v1.1.0	NT=ms-proteomics;VV=v1.1.0	NT=vertebrates;VV=v1.1.0	NT=clinical-metadata;VV=v1.0.0	manual curation	not applicable	not applicable
D1d	Mus musculus	cerebral cortex	not applicable	tissue	amyotrophic lateral sclerosis	adult	female	B6C3F1	rNLS8 (NEFH-tTA x tetO-hTDP-43-dNLS)	1 week	4	180525_P21478_Proj2_TMT4_CTX31-40_QE2_fraction_-1-TMT126	proteomic profiling by mass spectrometry	NT=Q Exactive;AC=MS:1001911	TMT126	NT=TMT6plex;AC=UNIMOD:737;TA=K;MT=Fixed	NT=TMT6plex;AC=UNIMOD:737;PP=Peptide N-term;MT=Fixed	NT=Carbamidomethyl;AC=UNIMOD:4;TA=C;MT=Fixed	NT=Oxidation;AC=UNIMOD:35;TA=M;MT=Variable	NT=Trypsin;AC=MS:1001251	NT=Data-dependent acquisition;AC=PRIDE:0000627	NT=beam-type collision-induced dissociation;AC=MS:1000422	35 NCE	not available	not available	3	1	180525_P21478_Proj2_TMT4_CTX31-40_QE2_fraction_-1.raw	v1.1.0	NT=ms-proteomics;VV=v1.1.0	NT=vertebrates;VV=v1.1.0	NT=clinical-metadata;VV=v1.0.0	manual curation	rNLS8 (NEFH-tTA x tetO-hTDP-43-dNLS)	1 week
D2d	Mus musculus	cerebral cortex	not applicable	tissue	amyotrophic lateral sclerosis	adult	female	B6C3F1	rNLS8 (NEFH-tTA x tetO-hTDP-43-dNLS)	2 week	4	180525_P21478_Proj2_TMT4_CTX31-40_QE2_fraction_-1-TMT127N	proteomic profiling by mass spectrometry	NT=Q Exactive;AC=MS:1001911	TMT127N	NT=TMT6plex;AC=UNIMOD:737;TA=K;MT=Fixed	NT=TMT6plex;AC=UNIMOD:737;PP=Peptide N-term;MT=Fixed	NT=Carbamidomethyl;AC=UNIMOD:4;TA=C;MT=Fixed	NT=Oxidation;AC=UNIMOD:35;TA=M;MT=Variable	NT=Trypsin;AC=MS:1001251	NT=Data-dependent acquisition;AC=PRIDE:0000627	NT=beam-type collision-induced dissociation;AC=MS:1000422	35 NCE	not available	not available	3	1	180525_P21478_Proj2_TMT4_CTX31-40_QE2_fraction_-1.raw	v1.1.0	NT=ms-proteomics;VV=v1.1.0	NT=vertebrates;VV=v1.1.0	NT=clinical-metadata;VV=v1.0.0	manual curation	rNLS8 (NEFH-tTA x tetO-hTDP-43-dNLS)	2 week
D4d	Mus musculus	cerebral cortex	not applicable	tissue	amyotrophic lateral sclerosis	adult	female	B6C3F1	rNLS8 (NEFH-tTA x tetO-hTDP-43-dNLS)	4 week	4	180525_P21478_Proj2_TMT4_CTX31-40_QE2_fraction_-1-TMT127C	proteomic profiling by mass spectrometry	NT=Q Exactive;AC=MS:1001911	TMT127C	NT=TMT6plex;AC=UNIMOD:737;TA=K;MT=Fixed	NT=TMT6plex;AC=UNIMOD:737;PP=Peptide N-term;MT=Fixed	NT=Carbamidomethyl;AC=UNIMOD:4;TA=C;MT=Fixed	NT=Oxidation;AC=UNIMOD:35;TA=M;MT=Variable	NT=Trypsin;AC=MS:1001251	NT=Data-dependent acquisition;AC=PRIDE:0000627	NT=beam-type collision-induced dissociation;AC=MS:1000422	35 NCE	not available	not available	3	1	180525_P21478_Proj2_TMT4_CTX31-40_QE2_fraction_-1.raw	v1.1.0	NT=ms-proteomics;VV=v1.1.0	NT=vertebrates;VV=v1.1.0	NT=clinical-metadata;VV=v1.0.0	manual curation	rNLS8 (NEFH-tTA x tetO-hTDP-43-dNLS)	4 week
D6d	Mus musculus	cerebral cortex	not applicable	tissue	amyotrophic lateral sclerosis	adult	female	B6C3F1	rNLS8 (NEFH-tTA x tetO-hTDP-43-dNLS)	6 week	4	180525_P21478_Proj2_TMT4_CTX31-40_QE2_fraction_-1-TMT128N	proteomic profiling by mass spectrometry	NT=Q Exactive;AC=MS:1001911	TMT128N	NT=TMT6plex;AC=UNIMOD:737;TA=K;MT=Fixed	NT=TMT6plex;AC=UNIMOD:737;PP=Peptide N-term;MT=Fixed	NT=Carbamidomethyl;AC=UNIMOD:4;TA=C;MT=Fixed	NT=Oxidation;AC=UNIMOD:35;TA=M;MT=Variable	NT=Trypsin;AC=MS:1001251	NT=Data-dependent acquisition;AC=PRIDE:0000627	NT=beam-type collision-induced dissociation;AC=MS:1000422	35 NCE	not available	not available	3	1	180525_P21478_Proj2_TMT4_CTX31-40_QE2_fraction_-1.raw	v1.1.0	NT=ms-proteomics;VV=v1.1.0	NT=vertebrates;VV=v1.1.0	NT=clinical-metadata;VV=v1.0.0	manual curation	rNLS8 (NEFH-tTA x tetO-hTDP-43-dNLS)	6 week
D6+RECd	Mus musculus	cerebral cortex	not applicable	tissue	amyotrophic lateral sclerosis	adult	female	B6C3F1	rNLS8 (NEFH-tTA x tetO-hTDP-43-dNLS)	6 week + recovery	4	180525_P21478_Proj2_TMT4_CTX31-40_QE2_fraction_-1-TMT128C	proteomic profiling by mass spectrometry	NT=Q Exactive;AC=MS:1001911	TMT128C	NT=TMT6plex;AC=UNIMOD:737;TA=K;MT=Fixed	NT=TMT6plex;AC=UNIMOD:737;PP=Peptide N-term;MT=Fixed	NT=Carbamidomethyl;AC=UNIMOD:4;TA=C;MT=Fixed	NT=Oxidation;AC=UNIMOD:35;TA=M;MT=Variable	NT=Trypsin;AC=MS:1001251	NT=Data-dependent acquisition;AC=PRIDE:0000627	NT=beam-type collision-induced dissociation;AC=MS:1000422	35 NCE	not available	not available	3	1	180525_P21478_Proj2_TMT4_CTX31-40_QE2_fraction_-1.raw	v1.1.0	NT=ms-proteomics;VV=v1.1.0	NT=vertebrates;VV=v1.1.0	NT=clinical-metadata;VV=v1.0.0	manual curation	rNLS8 (NEFH-tTA x tetO-hTDP-43-dNLS)	6 week + recovery
C1d	Mus musculus	cerebral cortex	not applicable	tissue	normal	adult	female	B6C3F1	NEFH-tTA	1 week	4	180525_P21478_Proj2_TMT4_CTX31-40_QE2_fraction_-1-TMT129N	proteomic profiling by mass spectrometry	NT=Q Exactive;AC=MS:1001911	TMT129N	NT=TMT6plex;AC=UNIMOD:737;TA=K;MT=Fixed	NT=TMT6plex;AC=UNIMOD:737;PP=Peptide N-term;MT=Fixed	NT=Carbamidomethyl;AC=UNIMOD:4;TA=C;MT=Fixed	NT=Oxidation;AC=UNIMOD:35;TA=M;MT=Variable	NT=Trypsin;AC=MS:1001251	NT=Data-dependent acquisition;AC=PRIDE:0000627	NT=beam-type collision-induced dissociation;AC=MS:1000422	35 NCE	not available	not available	3	1	180525_P21478_Proj2_TMT4_CTX31-40_QE2_fraction_-1.raw	v1.1.0	NT=ms-proteomics;VV=v1.1.0	NT=vertebrates;VV=v1.1.0	NT=clinical-metadata;VV=v1.0.0	manual curation	NEFH-tTA	1 week
C4d	Mus musculus	cerebral cortex	not applicable	tissue	normal	adult	female	B6C3F1	non-transgenic	4 week	4	180525_P21478_Proj2_TMT4_CTX31-40_QE2_fraction_-1-TMT129C	proteomic profiling by mass spectrometry	NT=Q Exactive;AC=MS:1001911	TMT129C	NT=TMT6plex;AC=UNIMOD:737;TA=K;MT=Fixed	NT=TMT6plex;AC=UNIMOD:737;PP=Peptide N-term;MT=Fixed	NT=Carbamidomethyl;AC=UNIMOD:4;TA=C;MT=Fixed	NT=Oxidation;AC=UNIMOD:35;TA=M;MT=Variable	NT=Trypsin;AC=MS:1001251	NT=Data-dependent acquisition;AC=PRIDE:0000627	NT=beam-type collision-induced dissociation;AC=MS:1000422	35 NCE	not available	not available	3	1	180525_P21478_Proj2_TMT4_CTX31-40_QE2_fraction_-1.raw	v1.1.0	NT=ms-proteomics;VV=v1.1.0	NT=vertebrates;VV=v1.1.0	NT=clinical-metadata;VV=v1.0.0	manual curation	non-transgenic	4 week
C6d	Mus musculus	cerebral cortex	not applicable	tissue	normal	adult	female	B6C3F1	non-transgenic	6 week	4	180525_P21478_Proj2_TMT4_CTX31-40_QE2_fraction_-1-TMT130N	proteomic profiling by mass spectrometry	NT=Q Exactive;AC=MS:1001911	TMT130N	NT=TMT6plex;AC=UNIMOD:737;TA=K;MT=Fixed	NT=TMT6plex;AC=UNIMOD:737;PP=Peptide N-term;MT=Fixed	NT=Carbamidomethyl;AC=UNIMOD:4;TA=C;MT=Fixed	NT=Oxidation;AC=UNIMOD:35;TA=M;MT=Variable	NT=Trypsin;AC=MS:1001251	NT=Data-dependent acquisition;AC=PRIDE:0000627	NT=beam-type collision-induced dissociation;AC=MS:1000422	35 NCE	not available	not available	3	1	180525_P21478_Proj2_TMT4_CTX31-40_QE2_fraction_-1.raw	v1.1.0	NT=ms-proteomics;VV=v1.1.0	NT=vertebrates;VV=v1.1.0	NT=clinical-metadata;VV=v1.0.0	manual curation	non-transgenic	6 week
C6+RECd	Mus musculus	cerebral cortex	not applicable	tissue	normal	adult	female	B6C3F1	non-transgenic	6 week + recovery	4	180525_P21478_Proj2_TMT4_CTX31-40_QE2_fraction_-1-TMT130C	proteomic profiling by mass spectrometry	NT=Q Exactive;AC=MS:1001911	TMT130C	NT=TMT6plex;AC=UNIMOD:737;TA=K;MT=Fixed	NT=TMT6plex;AC=UNIMOD:737;PP=Peptide N-term;MT=Fixed	NT=Carbamidomethyl;AC=UNIMOD:4;TA=C;MT=Fixed	NT=Oxidation;AC=UNIMOD:35;TA=M;MT=Variable	NT=Trypsin;AC=MS:1001251	NT=Data-dependent acquisition;AC=PRIDE:0000627	NT=beam-type collision-induced dissociation;AC=MS:1000422	35 NCE	not available	not available	3	1	180525_P21478_Proj2_TMT4_CTX31-40_QE2_fraction_-1.raw	v1.1.0	NT=ms-proteomics;VV=v1.1.0	NT=vertebrates;VV=v1.1.0	NT=clinical-metadata;VV=v1.0.0	manual curation	non-transgenic	6 week + recovery
pooled_control_reference_TMT4_CTX31-40	Mus musculus	cerebral cortex	not applicable	tissue	normal	adult	female	B6C3F1	not applicable	not applicable	pooled	180525_P21478_Proj2_TMT4_CTX31-40_QE2_fraction_-1-TMT131	proteomic profiling by mass spectrometry	NT=Q Exactive;AC=MS:1001911	TMT131	NT=TMT6plex;AC=UNIMOD:737;TA=K;MT=Fixed	NT=TMT6plex;AC=UNIMOD:737;PP=Peptide N-term;MT=Fixed	NT=Carbamidomethyl;AC=UNIMOD:4;TA=C;MT=Fixed	NT=Oxidation;AC=UNIMOD:35;TA=M;MT=Variable	NT=Trypsin;AC=MS:1001251	NT=Data-dependent acquisition;AC=PRIDE:0000627	NT=beam-type collision-induced dissociation;AC=MS:1000422	35 NCE	not available	not available	3	1	180525_P21478_Proj2_TMT4_CTX31-40_QE2_fraction_-1.raw	v1.1.0	NT=ms-proteomics;VV=v1.1.0	NT=vertebrates;VV=v1.1.0	NT=clinical-metadata;VV=v1.0.0	manual curation	not applicable	not applicable
D1d	Mus musculus	cerebral cortex	not applicable	tissue	amyotrophic lateral sclerosis	adult	female	B6C3F1	rNLS8 (NEFH-tTA x tetO-hTDP-43-dNLS)	1 week	4	180525_P21478_Proj2_TMT4_CTX31-40_QE2_fraction_-2-TMT126	proteomic profiling by mass spectrometry	NT=Q Exactive;AC=MS:1001911	TMT126	NT=TMT6plex;AC=UNIMOD:737;TA=K;MT=Fixed	NT=TMT6plex;AC=UNIMOD:737;PP=Peptide N-term;MT=Fixed	NT=Carbamidomethyl;AC=UNIMOD:4;TA=C;MT=Fixed	NT=Oxidation;AC=UNIMOD:35;TA=M;MT=Variable	NT=Trypsin;AC=MS:1001251	NT=Data-dependent acquisition;AC=PRIDE:0000627	NT=beam-type collision-induced dissociation;AC=MS:1000422	35 NCE	not available	not available	2	1	180525_P21478_Proj2_TMT4_CTX31-40_QE2_fraction_-2.raw	v1.1.0	NT=ms-proteomics;VV=v1.1.0	NT=vertebrates;VV=v1.1.0	NT=clinical-metadata;VV=v1.0.0	manual curation	rNLS8 (NEFH-tTA x tetO-hTDP-43-dNLS)	1 week
D2d	Mus musculus	cerebral cortex	not applicable	tissue	amyotrophic lateral sclerosis	adult	female	B6C3F1	rNLS8 (NEFH-tTA x tetO-hTDP-43-dNLS)	2 week	4	180525_P21478_Proj2_TMT4_CTX31-40_QE2_fraction_-2-TMT127N	proteomic profiling by mass spectrometry	NT=Q Exactive;AC=MS:1001911	TMT127N	NT=TMT6plex;AC=UNIMOD:737;TA=K;MT=Fixed	NT=TMT6plex;AC=UNIMOD:737;PP=Peptide N-term;MT=Fixed	NT=Carbamidomethyl;AC=UNIMOD:4;TA=C;MT=Fixed	NT=Oxidation;AC=UNIMOD:35;TA=M;MT=Variable	NT=Trypsin;AC=MS:1001251	NT=Data-dependent acquisition;AC=PRIDE:0000627	NT=beam-type collision-induced dissociation;AC=MS:1000422	35 NCE	not available	not available	2	1	180525_P21478_Proj2_TMT4_CTX31-40_QE2_fraction_-2.raw	v1.1.0	NT=ms-proteomics;VV=v1.1.0	NT=vertebrates;VV=v1.1.0	NT=clinical-metadata;VV=v1.0.0	manual curation	rNLS8 (NEFH-tTA x tetO-hTDP-43-dNLS)	2 week
D4d	Mus musculus	cerebral cortex	not applicable	tissue	amyotrophic lateral sclerosis	adult	female	B6C3F1	rNLS8 (NEFH-tTA x tetO-hTDP-43-dNLS)	4 week	4	180525_P21478_Proj2_TMT4_CTX31-40_QE2_fraction_-2-TMT127C	proteomic profiling by mass spectrometry	NT=Q Exactive;AC=MS:1001911	TMT127C	NT=TMT6plex;AC=UNIMOD:737;TA=K;MT=Fixed	NT=TMT6plex;AC=UNIMOD:737;PP=Peptide N-term;MT=Fixed	NT=Carbamidomethyl;AC=UNIMOD:4;TA=C;MT=Fixed	NT=Oxidation;AC=UNIMOD:35;TA=M;MT=Variable	NT=Trypsin;AC=MS:1001251	NT=Data-dependent acquisition;AC=PRIDE:0000627	NT=beam-type collision-induced dissociation;AC=MS:1000422	35 NCE	not available	not available	2	1	180525_P21478_Proj2_TMT4_CTX31-40_QE2_fraction_-2.raw	v1.1.0	NT=ms-proteomics;VV=v1.1.0	NT=vertebrates;VV=v1.1.0	NT=clinical-metadata;VV=v1.0.0	manual curation	rNLS8 (NEFH-tTA x tetO-hTDP-43-dNLS)	4 week
D6d	Mus musculus	cerebral cortex	not applicable	tissue	amyotrophic lateral sclerosis	adult	female	B6C3F1	rNLS8 (NEFH-tTA x tetO-hTDP-43-dNLS)	6 week	4	180525_P21478_Proj2_TMT4_CTX31-40_QE2_fraction_-2-TMT128N	proteomic profiling by mass spectrometry	NT=Q Exactive;AC=MS:1001911	TMT128N	NT=TMT6plex;AC=UNIMOD:737;TA=K;MT=Fixed	NT=TMT6plex;AC=UNIMOD:737;PP=Peptide N-term;MT=Fixed	NT=Carbamidomethyl;AC=UNIMOD:4;TA=C;MT=Fixed	NT=Oxidation;AC=UNIMOD:35;TA=M;MT=Variable	NT=Trypsin;AC=MS:1001251	NT=Data-dependent acquisition;AC=PRIDE:0000627	NT=beam-type collision-induced dissociation;AC=MS:1000422	35 NCE	not available	not available	2	1	180525_P21478_Proj2_TMT4_CTX31-40_QE2_fraction_-2.raw	v1.1.0	NT=ms-proteomics;VV=v1.1.0	NT=vertebrates;VV=v1.1.0	NT=clinical-metadata;VV=v1.0.0	manual curation	rNLS8 (NEFH-tTA x tetO-hTDP-43-dNLS)	6 week
D6+RECd	Mus musculus	cerebral cortex	not applicable	tissue	amyotrophic lateral sclerosis	adult	female	B6C3F1	rNLS8 (NEFH-tTA x tetO-hTDP-43-dNLS)	6 week + recovery	4	180525_P21478_Proj2_TMT4_CTX31-40_QE2_fraction_-2-TMT128C	proteomic profiling by mass spectrometry	NT=Q Exactive;AC=MS:1001911	TMT128C	NT=TMT6plex;AC=UNIMOD:737;TA=K;MT=Fixed	NT=TMT6plex;AC=UNIMOD:737;PP=Peptide N-term;MT=Fixed	NT=Carbamidomethyl;AC=UNIMOD:4;TA=C;MT=Fixed	NT=Oxidation;AC=UNIMOD:35;TA=M;MT=Variable	NT=Trypsin;AC=MS:1001251	NT=Data-dependent acquisition;AC=PRIDE:0000627	NT=beam-type collision-induced dissociation;AC=MS:1000422	35 NCE	not available	not available	2	1	180525_P21478_Proj2_TMT4_CTX31-40_QE2_fraction_-2.raw	v1.1.0	NT=ms-proteomics;VV=v1.1.0	NT=vertebrates;VV=v1.1.0	NT=clinical-metadata;VV=v1.0.0	manual curation	rNLS8 (NEFH-tTA x tetO-hTDP-43-dNLS)	6 week + recovery
C1d	Mus musculus	cerebral cortex	not applicable	tissue	normal	adult	female	B6C3F1	NEFH-tTA	1 week	4	180525_P21478_Proj2_TMT4_CTX31-40_QE2_fraction_-2-TMT129N	proteomic profiling by mass spectrometry	NT=Q Exactive;AC=MS:1001911	TMT129N	NT=TMT6plex;AC=UNIMOD:737;TA=K;MT=Fixed	NT=TMT6plex;AC=UNIMOD:737;PP=Peptide N-term;MT=Fixed	NT=Carbamidomethyl;AC=UNIMOD:4;TA=C;MT=Fixed	NT=Oxidation;AC=UNIMOD:35;TA=M;MT=Variable	NT=Trypsin;AC=MS:1001251	NT=Data-dependent acquisition;AC=PRIDE:0000627	NT=beam-type collision-induced dissociation;AC=MS:1000422	35 NCE	not available	not available	2	1	180525_P21478_Proj2_TMT4_CTX31-40_QE2_fraction_-2.raw	v1.1.0	NT=ms-proteomics;VV=v1.1.0	NT=vertebrates;VV=v1.1.0	NT=clinical-metadata;VV=v1.0.0	manual curation	NEFH-tTA	1 week
C4d	Mus musculus	cerebral cortex	not applicable	tissue	normal	adult	female	B6C3F1	non-transgenic	4 week	4	180525_P21478_Proj2_TMT4_CTX31-40_QE2_fraction_-2-TMT129C	proteomic profiling by mass spectrometry	NT=Q Exactive;AC=MS:1001911	TMT129C	NT=TMT6plex;AC=UNIMOD:737;TA=K;MT=Fixed	NT=TMT6plex;AC=UNIMOD:737;PP=Peptide N-term;MT=Fixed	NT=Carbamidomethyl;AC=UNIMOD:4;TA=C;MT=Fixed	NT=Oxidation;AC=UNIMOD:35;TA=M;MT=Variable	NT=Trypsin;AC=MS:1001251	NT=Data-dependent acquisition;AC=PRIDE:0000627	NT=beam-type collision-induced dissociation;AC=MS:1000422	35 NCE	not available	not available	2	1	180525_P21478_Proj2_TMT4_CTX31-40_QE2_fraction_-2.raw	v1.1.0	NT=ms-proteomics;VV=v1.1.0	NT=vertebrates;VV=v1.1.0	NT=clinical-metadata;VV=v1.0.0	manual curation	non-transgenic	4 week
C6d	Mus musculus	cerebral cortex	not applicable	tissue	normal	adult	female	B6C3F1	non-transgenic	6 week	4	180525_P21478_Proj2_TMT4_CTX31-40_QE2_fraction_-2-TMT130N	proteomic profiling by mass spectrometry	NT=Q Exactive;AC=MS:1001911	TMT130N	NT=TMT6plex;AC=UNIMOD:737;TA=K;MT=Fixed	NT=TMT6plex;AC=UNIMOD:737;PP=Peptide N-term;MT=Fixed	NT=Carbamidomethyl;AC=UNIMOD:4;TA=C;MT=Fixed	NT=Oxidation;AC=UNIMOD:35;TA=M;MT=Variable	NT=Trypsin;AC=MS:1001251	NT=Data-dependent acquisition;AC=PRIDE:0000627	NT=beam-type collision-induced dissociation;AC=MS:1000422	35 NCE	not available	not available	2	1	180525_P21478_Proj2_TMT4_CTX31-40_QE2_fraction_-2.raw	v1.1.0	NT=ms-proteomics;VV=v1.1.0	NT=vertebrates;VV=v1.1.0	NT=clinical-metadata;VV=v1.0.0	manual curation	non-transgenic	6 week
C6+RECd	Mus musculus	cerebral cortex	not applicable	tissue	normal	adult	female	B6C3F1	non-transgenic	6 week + recovery	4	180525_P21478_Proj2_TMT4_CTX31-40_QE2_fraction_-2-TMT130C	proteomic profiling by mass spectrometry	NT=Q Exactive;AC=MS:1001911	TMT130C	NT=TMT6plex;AC=UNIMOD:737;TA=K;MT=Fixed	NT=TMT6plex;AC=UNIMOD:737;PP=Peptide N-term;MT=Fixed	NT=Carbamidomethyl;AC=UNIMOD:4;TA=C;MT=Fixed	NT=Oxidation;AC=UNIMOD:35;TA=M;MT=Variable	NT=Trypsin;AC=MS:1001251	NT=Data-dependent acquisition;AC=PRIDE:0000627	NT=beam-type collision-induced dissociation;AC=MS:1000422	35 NCE	not available	not available	2	1	180525_P21478_Proj2_TMT4_CTX31-40_QE2_fraction_-2.raw	v1.1.0	NT=ms-proteomics;VV=v1.1.0	NT=vertebrates;VV=v1.1.0	NT=clinical-metadata;VV=v1.0.0	manual curation	non-transgenic	6 week + recovery
pooled_control_reference_TMT4_CTX31-40	Mus musculus	cerebral cortex	not applicable	tissue	normal	adult	female	B6C3F1	not applicable	not applicable	pooled	180525_P21478_Proj2_TMT4_CTX31-40_QE2_fraction_-2-TMT131	proteomic profiling by mass spectrometry	NT=Q Exactive;AC=MS:1001911	TMT131	NT=TMT6plex;AC=UNIMOD:737;TA=K;MT=Fixed	NT=TMT6plex;AC=UNIMOD:737;PP=Peptide N-term;MT=Fixed	NT=Carbamidomethyl;AC=UNIMOD:4;TA=C;MT=Fixed	NT=Oxidation;AC=UNIMOD:35;TA=M;MT=Variable	NT=Trypsin;AC=MS:1001251	NT=Data-dependent acquisition;AC=PRIDE:0000627	NT=beam-type collision-induced dissociation;AC=MS:1000422	35 NCE	not available	not available	2	1	180525_P21478_Proj2_TMT4_CTX31-40_QE2_fraction_-2.raw	v1.1.0	NT=ms-proteomics;VV=v1.1.0	NT=vertebrates;VV=v1.1.0	NT=clinical-metadata;VV=v1.0.0	manual curation	not applicable	not applicable
D1d	Mus musculus	cerebral cortex	not applicable	tissue	amyotrophic lateral sclerosis	adult	female	B6C3F1	rNLS8 (NEFH-tTA x tetO-hTDP-43-dNLS)	1 week	4	180525_P21478_Proj2_TMT4_CTX31-40_QE2_fraction_-3-TMT126	proteomic profiling by mass spectrometry	NT=Q Exactive;AC=MS:1001911	TMT126	NT=TMT6plex;AC=UNIMOD:737;TA=K;MT=Fixed	NT=TMT6plex;AC=UNIMOD:737;PP=Peptide N-term;MT=Fixed	NT=Carbamidomethyl;AC=UNIMOD:4;TA=C;MT=Fixed	NT=Oxidation;AC=UNIMOD:35;TA=M;MT=Variable	NT=Trypsin;AC=MS:1001251	NT=Data-dependent acquisition;AC=PRIDE:0000627	NT=beam-type collision-induced dissociation;AC=MS:1000422	35 NCE	not available	not available	1	1	180525_P21478_Proj2_TMT4_CTX31-40_QE2_fraction_-3.raw	v1.1.0	NT=ms-proteomics;VV=v1.1.0	NT=vertebrates;VV=v1.1.0	NT=clinical-metadata;VV=v1.0.0	manual curation	rNLS8 (NEFH-tTA x tetO-hTDP-43-dNLS)	1 week
D2d	Mus musculus	cerebral cortex	not applicable	tissue	amyotrophic lateral sclerosis	adult	female	B6C3F1	rNLS8 (NEFH-tTA x tetO-hTDP-43-dNLS)	2 week	4	180525_P21478_Proj2_TMT4_CTX31-40_QE2_fraction_-3-TMT127N	proteomic profiling by mass spectrometry	NT=Q Exactive;AC=MS:1001911	TMT127N	NT=TMT6plex;AC=UNIMOD:737;TA=K;MT=Fixed	NT=TMT6plex;AC=UNIMOD:737;PP=Peptide N-term;MT=Fixed	NT=Carbamidomethyl;AC=UNIMOD:4;TA=C;MT=Fixed	NT=Oxidation;AC=UNIMOD:35;TA=M;MT=Variable	NT=Trypsin;AC=MS:1001251	NT=Data-dependent acquisition;AC=PRIDE:0000627	NT=beam-type collision-induced dissociation;AC=MS:1000422	35 NCE	not available	not available	1	1	180525_P21478_Proj2_TMT4_CTX31-40_QE2_fraction_-3.raw	v1.1.0	NT=ms-proteomics;VV=v1.1.0	NT=vertebrates;VV=v1.1.0	NT=clinical-metadata;VV=v1.0.0	manual curation	rNLS8 (NEFH-tTA x tetO-hTDP-43-dNLS)	2 week
D4d	Mus musculus	cerebral cortex	not applicable	tissue	amyotrophic lateral sclerosis	adult	female	B6C3F1	rNLS8 (NEFH-tTA x tetO-hTDP-43-dNLS)	4 week	4	180525_P21478_Proj2_TMT4_CTX31-40_QE2_fraction_-3-TMT127C	proteomic profiling by mass spectrometry	NT=Q Exactive;AC=MS:1001911	TMT127C	NT=TMT6plex;AC=UNIMOD:737;TA=K;MT=Fixed	NT=TMT6plex;AC=UNIMOD:737;PP=Peptide N-term;MT=Fixed	NT=Carbamidomethyl;AC=UNIMOD:4;TA=C;MT=Fixed	NT=Oxidation;AC=UNIMOD:35;TA=M;MT=Variable	NT=Trypsin;AC=MS:1001251	NT=Data-dependent acquisition;AC=PRIDE:0000627	NT=beam-type collision-induced dissociation;AC=MS:1000422	35 NCE	not available	not available	1	1	180525_P21478_Proj2_TMT4_CTX31-40_QE2_fraction_-3.raw	v1.1.0	NT=ms-proteomics;VV=v1.1.0	NT=vertebrates;VV=v1.1.0	NT=clinical-metadata;VV=v1.0.0	manual curation	rNLS8 (NEFH-tTA x tetO-hTDP-43-dNLS)	4 week
D6d	Mus musculus	cerebral cortex	not applicable	tissue	amyotrophic lateral sclerosis	adult	female	B6C3F1	rNLS8 (NEFH-tTA x tetO-hTDP-43-dNLS)	6 week	4	180525_P21478_Proj2_TMT4_CTX31-40_QE2_fraction_-3-TMT128N	proteomic profiling by mass spectrometry	NT=Q Exactive;AC=MS:1001911	TMT128N	NT=TMT6plex;AC=UNIMOD:737;TA=K;MT=Fixed	NT=TMT6plex;AC=UNIMOD:737;PP=Peptide N-term;MT=Fixed	NT=Carbamidomethyl;AC=UNIMOD:4;TA=C;MT=Fixed	NT=Oxidation;AC=UNIMOD:35;TA=M;MT=Variable	NT=Trypsin;AC=MS:1001251	NT=Data-dependent acquisition;AC=PRIDE:0000627	NT=beam-type collision-induced dissociation;AC=MS:1000422	35 NCE	not available	not available	1	1	180525_P21478_Proj2_TMT4_CTX31-40_QE2_fraction_-3.raw	v1.1.0	NT=ms-proteomics;VV=v1.1.0	NT=vertebrates;VV=v1.1.0	NT=clinical-metadata;VV=v1.0.0	manual curation	rNLS8 (NEFH-tTA x tetO-hTDP-43-dNLS)	6 week
D6+RECd	Mus musculus	cerebral cortex	not applicable	tissue	amyotrophic lateral sclerosis	adult	female	B6C3F1	rNLS8 (NEFH-tTA x tetO-hTDP-43-dNLS)	6 week + recovery	4	180525_P21478_Proj2_TMT4_CTX31-40_QE2_fraction_-3-TMT128C	proteomic profiling by mass spectrometry	NT=Q Exactive;AC=MS:1001911	TMT128C	NT=TMT6plex;AC=UNIMOD:737;TA=K;MT=Fixed	NT=TMT6plex;AC=UNIMOD:737;PP=Peptide N-term;MT=Fixed	NT=Carbamidomethyl;AC=UNIMOD:4;TA=C;MT=Fixed	NT=Oxidation;AC=UNIMOD:35;TA=M;MT=Variable	NT=Trypsin;AC=MS:1001251	NT=Data-dependent acquisition;AC=PRIDE:0000627	NT=beam-type collision-induced dissociation;AC=MS:1000422	35 NCE	not available	not available	1	1	180525_P21478_Proj2_TMT4_CTX31-40_QE2_fraction_-3.raw	v1.1.0	NT=ms-proteomics;VV=v1.1.0	NT=vertebrates;VV=v1.1.0	NT=clinical-metadata;VV=v1.0.0	manual curation	rNLS8 (NEFH-tTA x tetO-hTDP-43-dNLS)	6 week + recovery
C1d	Mus musculus	cerebral cortex	not applicable	tissue	normal	adult	female	B6C3F1	NEFH-tTA	1 week	4	180525_P21478_Proj2_TMT4_CTX31-40_QE2_fraction_-3-TMT129N	proteomic profiling by mass spectrometry	NT=Q Exactive;AC=MS:1001911	TMT129N	NT=TMT6plex;AC=UNIMOD:737;TA=K;MT=Fixed	NT=TMT6plex;AC=UNIMOD:737;PP=Peptide N-term;MT=Fixed	NT=Carbamidomethyl;AC=UNIMOD:4;TA=C;MT=Fixed	NT=Oxidation;AC=UNIMOD:35;TA=M;MT=Variable	NT=Trypsin;AC=MS:1001251	NT=Data-dependent acquisition;AC=PRIDE:0000627	NT=beam-type collision-induced dissociation;AC=MS:1000422	35 NCE	not available	not available	1	1	180525_P21478_Proj2_TMT4_CTX31-40_QE2_fraction_-3.raw	v1.1.0	NT=ms-proteomics;VV=v1.1.0	NT=vertebrates;VV=v1.1.0	NT=clinical-metadata;VV=v1.0.0	manual curation	NEFH-tTA	1 week
C4d	Mus musculus	cerebral cortex	not applicable	tissue	normal	adult	female	B6C3F1	non-transgenic	4 week	4	180525_P21478_Proj2_TMT4_CTX31-40_QE2_fraction_-3-TMT129C	proteomic profiling by mass spectrometry	NT=Q Exactive;AC=MS:1001911	TMT129C	NT=TMT6plex;AC=UNIMOD:737;TA=K;MT=Fixed	NT=TMT6plex;AC=UNIMOD:737;PP=Peptide N-term;MT=Fixed	NT=Carbamidomethyl;AC=UNIMOD:4;TA=C;MT=Fixed	NT=Oxidation;AC=UNIMOD:35;TA=M;MT=Variable	NT=Trypsin;AC=MS:1001251	NT=Data-dependent acquisition;AC=PRIDE:0000627	NT=beam-type collision-induced dissociation;AC=MS:1000422	35 NCE	not available	not available	1	1	180525_P21478_Proj2_TMT4_CTX31-40_QE2_fraction_-3.raw	v1.1.0	NT=ms-proteomics;VV=v1.1.0	NT=vertebrates;VV=v1.1.0	NT=clinical-metadata;VV=v1.0.0	manual curation	non-transgenic	4 week
C6d	Mus musculus	cerebral cortex	not applicable	tissue	normal	adult	female	B6C3F1	non-transgenic	6 week	4	180525_P21478_Proj2_TMT4_CTX31-40_QE2_fraction_-3-TMT130N	proteomic profiling by mass spectrometry	NT=Q Exactive;AC=MS:1001911	TMT130N	NT=TMT6plex;AC=UNIMOD:737;TA=K;MT=Fixed	NT=TMT6plex;AC=UNIMOD:737;PP=Peptide N-term;MT=Fixed	NT=Carbamidomethyl;AC=UNIMOD:4;TA=C;MT=Fixed	NT=Oxidation;AC=UNIMOD:35;TA=M;MT=Variable	NT=Trypsin;AC=MS:1001251	NT=Data-dependent acquisition;AC=PRIDE:0000627	NT=beam-type collision-induced dissociation;AC=MS:1000422	35 NCE	not available	not available	1	1	180525_P21478_Proj2_TMT4_CTX31-40_QE2_fraction_-3.raw	v1.1.0	NT=ms-proteomics;VV=v1.1.0	NT=vertebrates;VV=v1.1.0	NT=clinical-metadata;VV=v1.0.0	manual curation	non-transgenic	6 week
C6+RECd	Mus musculus	cerebral cortex	not applicable	tissue	normal	adult	female	B6C3F1	non-transgenic	6 week + recovery	4	180525_P21478_Proj2_TMT4_CTX31-40_QE2_fraction_-3-TMT130C	proteomic profiling by mass spectrometry	NT=Q Exactive;AC=MS:1001911	TMT130C	NT=TMT6plex;AC=UNIMOD:737;TA=K;MT=Fixed	NT=TMT6plex;AC=UNIMOD:737;PP=Peptide N-term;MT=Fixed	NT=Carbamidomethyl;AC=UNIMOD:4;TA=C;MT=Fixed	NT=Oxidation;AC=UNIMOD:35;TA=M;MT=Variable	NT=Trypsin;AC=MS:1001251	NT=Data-dependent acquisition;AC=PRIDE:0000627	NT=beam-type collision-induced dissociation;AC=MS:1000422	35 NCE	not available	not available	1	1	180525_P21478_Proj2_TMT4_CTX31-40_QE2_fraction_-3.raw	v1.1.0	NT=ms-proteomics;VV=v1.1.0	NT=vertebrates;VV=v1.1.0	NT=clinical-metadata;VV=v1.0.0	manual curation	non-transgenic	6 week + recovery
pooled_control_reference_TMT4_CTX31-40	Mus musculus	cerebral cortex	not applicable	tissue	normal	adult	female	B6C3F1	not applicable	not applicable	pooled	180525_P21478_Proj2_TMT4_CTX31-40_QE2_fraction_-3-TMT131	proteomic profiling by mass spectrometry	NT=Q Exactive;AC=MS:1001911	TMT131	NT=TMT6plex;AC=UNIMOD:737;TA=K;MT=Fixed	NT=TMT6plex;AC=UNIMOD:737;PP=Peptide N-term;MT=Fixed	NT=Carbamidomethyl;AC=UNIMOD:4;TA=C;MT=Fixed	NT=Oxidation;AC=UNIMOD:35;TA=M;MT=Variable	NT=Trypsin;AC=MS:1001251	NT=Data-dependent acquisition;AC=PRIDE:0000627	NT=beam-type collision-induced dissociation;AC=MS:1000422	35 NCE	not available	not available	1	1	180525_P21478_Proj2_TMT4_CTX31-40_QE2_fraction_-3.raw	v1.1.0	NT=ms-proteomics;VV=v1.1.0	NT=vertebrates;VV=v1.1.0	NT=clinical-metadata;VV=v1.0.0	manual curation	not applicable	not applicable
